Datetime,BTNXX,INDEA,INDNE,INDNO,INDSO,INDWE,BGDXX,COLXX,FJIXX,GMBXX,GHAXX,HNDXX,MDGXX,PAKXX,PHLXX,TZAXX,CPVXX
01/01/2015 00:00,0,0,0,0,0.3,0,0,0,0.558,0,0,0,0,0,0.453,0,0
01/01/2015 01:00,3.7,1.6,2.3,0,3.7,0.1,0.165,0,0.563,0,0,0,0,0,0.6,0,0
01/01/2015 02:00,12.7,8.2,9.3,4.6,15.4,4.8,0.415,0,0.502,0,0,0,0,0,0.673,0,0
01/01/2015 03:00,23.7,15.4,16.4,18.6,27,14.7,0.576,0,0.387,0,0,0,0.075,0.03,0.679,0,0
01/01/2015 04:00,34,20.7,24.2,31,36.2,25,0.681,0,0.241,0,0,0,0.227,0.107,0.672,0.049,0
01/01/2015 05:00,40.4,25.7,28.6,38.2,39.8,32.6,0.726,0,0.088,0,0,0,0.378,0.273,0.624,0.197,0
01/01/2015 06:00,43.3,27.9,25.8,40.6,41.2,36.8,0.733,0,0,0,0.012,0,0.509,0.447,0.522,0.359,0
01/01/2015 07:00,43.1,26,22.3,39.5,40.4,36.4,0.678,0,0,0.003,0.197,0,0.583,0.459,0.357,0.479,0
01/01/2015 08:00,38.7,20.1,18,35.1,36.2,32,0.565,0,0,0.157,0.412,0,0.608,0.463,0.161,0.552,0.102
01/01/2015 09:00,25.3,13,11.9,26.1,28.8,24.4,0.351,0,0,0.35,0.568,0,0.59,0.289,0,0.578,0.357
01/01/2015 10:00,7.4,6,3.6,15.2,17.9,14.9,0.117,0,0,0.507,0.663,0,0.51,0.156,0,0.559,0.55
01/01/2015 11:00,0,0.6,0,4.3,6.1,5.2,0,0.089,0,0.614,0.701,0,0.383,0.039,0,0.496,0.682
01/01/2015 12:00,0,0,0,0,0.1,0.1,0,0.272,0,0.642,0.701,0.06,0.269,0,0,0.388,0.774
01/01/2015 13:00,0,0,0,0,0,0,0,0.427,0,0.641,0.65,0.305,0.145,0,0,0.239,0.8
01/01/2015 14:00,0,0,0,0,0,0,0,0.543,0,0.576,0.549,0.537,0.043,0,0,0.074,0.775
01/01/2015 15:00,0,0,0,0,0,0,0,0.603,0,0.468,0.387,0.684,0,0,0,0.006,0.703
01/01/2015 16:00,0,0,0,0,0,0,0,0.629,0,0.298,0.19,0.756,0,0,0,0,0.582
01/01/2015 17:00,0,0,0,0,0,0,0,0.627,0,0.127,0.023,0.758,0,0,0,0,0.395
01/01/2015 18:00,0,0,0,0,0,0,0,0.594,0.068,0.005,0,0.711,0,0,0,0,0.135
01/01/2015 19:00,0,0,0,0,0,0,0,0.501,0.214,0,0,0.667,0,0,0,0,0
01/01/2015 20:00,0,0,0,0,0,0,0,0.356,0.367,0,0,0.527,0,0,0,0,0
01/01/2015 21:00,0,0,0,0,0,0,0,0.173,0.485,0,0,0.315,0,0,0,0,0
01/01/2015 22:00,0,0,0,0,0,0,0,0.026,0.589,0,0,0.142,0,0,0.048,0,0
01/01/2015 23:00,0,0,0,0,0,0,0,0,0.662,0,0,0,0,0,0.253,0,0
02/01/2015 00:00,0,0,0.1,0,0.3,0,0,0,0.678,0,0,0,0,0,0.438,0,0
02/01/2015 01:00,10.4,3.8,7.1,0,3.9,0.1,0.174,0,0.631,0,0,0,0,0,0.566,0,0
02/01/2015 02:00,31.5,14.3,19.7,3,15.9,6.3,0.423,0,0.541,0,0,0,0.002,0.026,0.646,0,0
02/01/2015 03:00,47.1,24,28.8,13.2,27.5,18.9,0.596,0,0.412,0,0,0,0.084,0.234,0.686,0,0
02/01/2015 04:00,55.2,29.9,33.2,25.3,36.1,29.5,0.694,0,0.251,0,0,0,0.239,0.455,0.688,0.051,0
02/01/2015 05:00,58.7,33,32.7,33.7,42.9,36.3,0.74,0,0.091,0,0,0,0.394,0.599,0.619,0.201,0
02/01/2015 06:00,58.1,34.5,30,34.6,44.4,37.8,0.714,0,0,0,0.011,0,0.499,0.643,0.538,0.356,0
02/01/2015 07:00,53.5,32.2,25.2,35.2,43.1,37.5,0.658,0,0,0.002,0.184,0,0.545,0.651,0.375,0.475,0
02/01/2015 08:00,43.9,26.7,19.4,32.2,38.1,33.9,0.545,0,0,0.152,0.401,0,0.539,0.6,0.18,0.539,0.049
02/01/2015 09:00,27.8,18,11.6,23.5,29.8,26.8,0.366,0,0,0.371,0.53,0,0.445,0.441,0.001,0.543,0.262
02/01/2015 10:00,8.5,8.3,3.6,14.1,19.4,17.7,0.127,0,0,0.551,0.638,0,0.28,0.27,0,0.513,0.476
02/01/2015 11:00,0,1,0,4.3,7.4,6.7,0,0.132,0,0.665,0.687,0,0.192,0.08,0,0.44,0.611
02/01/2015 12:00,0,0,0,0,0.1,0.3,0,0.353,0,0.708,0.691,0.061,0.127,0,0,0.339,0.669
02/01/2015 13:00,0,0,0,0,0,0,0,0.466,0,0.709,0.64,0.313,0.064,0,0,0.212,0.677
02/01/2015 14:00,0,0,0,0,0,0,0,0.549,0,0.668,0.54,0.569,0.016,0,0,0.093,0.646
02/01/2015 15:00,0,0,0,0,0,0,0,0.65,0,0.581,0.39,0.702,0,0,0,0.006,0.605
02/01/2015 16:00,0,0,0,0,0,0,0,0.707,0,0.426,0.193,0.777,0,0,0,0,0.44
02/01/2015 17:00,0,0,0,0,0,0,0,0.694,0,0.209,0.023,0.804,0,0,0,0,0.224
02/01/2015 18:00,0,0,0,0,0,0,0,0.626,0.06,0.012,0,0.783,0,0,0,0,0.049
02/01/2015 19:00,0,0,0,0,0,0,0,0.493,0.178,0,0,0.725,0,0,0,0,0
02/01/2015 20:00,0,0,0,0,0,0,0,0.373,0.302,0,0,0.605,0,0,0,0,0
02/01/2015 21:00,0,0,0,0,0,0,0,0.185,0.403,0,0,0.435,0,0,0,0,0
02/01/2015 22:00,0,0,0,0,0,0,0,0.025,0.477,0,0,0.196,0,0,0.03,0,0
02/01/2015 23:00,0,0,0,0,0,0,0,0,0.518,0,0,0,0,0,0.17,0,0
03/01/2015 00:00,0,0,0.1,0,0.3,0,0,0,0.528,0,0,0,0,0,0.285,0,0
03/01/2015 01:00,15.6,4.8,7.4,0,4.1,0.1,0.156,0,0.456,0,0,0,0,0,0.454,0,0
03/01/2015 02:00,36.3,18.3,18.4,5.7,16,6.7,0.402,0,0.318,0,0,0,0,0.012,0.595,0,0
03/01/2015 03:00,50.7,29.8,27.6,20.1,28.9,20,0.543,0,0.207,0,0,0,0.034,0.143,0.718,0,0
03/01/2015 04:00,61,36.5,32.2,32.1,37.5,31.2,0.648,0,0.112,0,0,0,0.104,0.322,0.711,0.075,0
03/01/2015 05:00,62.1,38.8,33.5,39.4,42.6,37.1,0.699,0,0.034,0,0,0,0.179,0.47,0.653,0.211,0
03/01/2015 06:00,56.6,38.6,30.8,43.7,43.7,39.4,0.681,0,0,0,0.013,0,0.256,0.619,0.551,0.331,0
03/01/2015 07:00,47.9,35.5,25.5,43.2,42,38.9,0.624,0,0,0.009,0.205,0,0.32,0.629,0.397,0.408,0
03/01/2015 08:00,36.3,29.5,19.4,39.4,37.5,35.5,0.507,0,0,0.238,0.421,0,0.358,0.578,0.183,0.465,0.018
03/01/2015 09:00,22.3,20.5,11.4,30.6,30,29.5,0.323,0,0,0.476,0.573,0,0.382,0.402,0.001,0.476,0.143
03/01/2015 10:00,6.6,8.7,3.2,19.4,19.4,20.1,0.099,0,0,0.631,0.663,0,0.392,0.235,0,0.43,0.296
03/01/2015 11:00,0,0.8,0,6.7,7.4,8.2,0,0.057,0,0.722,0.699,0,0.333,0.064,0,0.368,0.413
03/01/2015 12:00,0,0,0,0,0.2,0.3,0,0.227,0,0.768,0.722,0.055,0.234,0,0,0.306,0.503
03/01/2015 13:00,0,0,0,0,0,0,0,0.399,0,0.77,0.662,0.284,0.118,0,0,0.217,0.588
03/01/2015 14:00,0,0,0,0,0,0,0,0.529,0,0.726,0.551,0.531,0.033,0,0,0.1,0.653
03/01/2015 15:00,0,0,0,0,0,0,0,0.645,0,0.636,0.4,0.666,0,0,0,0.009,0.624
03/01/2015 16:00,0,0,0,0,0,0,0,0.735,0,0.488,0.197,0.752,0,0,0,0,0.433
03/01/2015 17:00,0,0,0,0,0,0,0,0.737,0,0.259,0.024,0.78,0,0,0,0,0.231
03/01/2015 18:00,0,0,0,0,0,0,0,0.675,0.053,0.023,0,0.75,0,0,0,0,0.063
03/01/2015 19:00,0,0,0,0,0,0,0,0.586,0.166,0,0,0.667,0,0,0,0,0
03/01/2015 20:00,0,0,0,0,0,0,0,0.455,0.246,0,0,0.547,0,0,0,0,0
03/01/2015 21:00,0,0,0,0,0,0,0,0.254,0.319,0,0,0.39,0,0,0,0,0
03/01/2015 22:00,0,0,0,0,0,0,0,0.035,0.398,0,0,0.161,0,0,0.056,0,0
03/01/2015 23:00,0,0,0,0,0,0,0,0,0.425,0,0,0,0,0,0.278,0,0
04/01/2015 00:00,0,0,0.1,0,0.3,0,0,0,0.419,0,0,0,0,0,0.468,0,0
04/01/2015 01:00,7.3,2.9,4.1,0,4,0.2,0.066,0,0.389,0,0,0,0,0,0.602,0,0
04/01/2015 02:00,20.6,11.7,10.5,6.7,16.1,8.9,0.242,0,0.344,0,0,0,0.001,0,0.684,0,0
04/01/2015 03:00,30.5,20,14.7,22.2,29.9,24.3,0.419,0,0.253,0,0,0,0.078,0.041,0.701,0,0
04/01/2015 04:00,33.2,27.2,21,34.4,38.7,35.3,0.534,0,0.151,0,0,0,0.227,0.158,0.668,0.073,0
04/01/2015 05:00,38,30.9,27.6,41.3,43.7,41.7,0.586,0,0.054,0,0,0,0.371,0.263,0.587,0.208,0
04/01/2015 06:00,38.4,31.1,31.3,44.4,45.3,43.9,0.572,0,0,0,0.008,0,0.476,0.357,0.46,0.339,0
04/01/2015 07:00,39.7,30.4,27.3,43.9,43.2,43,0.518,0,0,0,0.2,0,0.548,0.421,0.319,0.432,0
04/01/2015 08:00,28.4,26.9,22.4,39.9,38.7,39.4,0.404,0,0,0.098,0.425,0,0.582,0.376,0.14,0.49,0.008
04/01/2015 09:00,18.2,18.9,14.5,29.7,30.8,32.5,0.241,0,0,0.24,0.582,0,0.577,0.255,0,0.495,0.092
04/01/2015 10:00,6.1,8,5.1,18.5,20.2,22.2,0.066,0,0,0.445,0.674,0,0.526,0.137,0,0.447,0.216
04/01/2015 11:00,0,0.7,0.1,5.9,7,9.3,0,0.044,0,0.673,0.712,0,0.438,0.033,0,0.384,0.372
04/01/2015 12:00,0,0,0,0,0.1,0.4,0,0.151,0,0.741,0.699,0.049,0.315,0,0,0.284,0.558
04/01/2015 13:00,0,0,0,0,0,0,0,0.247,0,0.688,0.645,0.274,0.174,0,0,0.194,0.67
04/01/2015 14:00,0,0,0,0,0,0,0,0.331,0,0.596,0.54,0.517,0.06,0,0,0.093,0.7
04/01/2015 15:00,0,0,0,0,0,0,0,0.42,0,0.349,0.385,0.654,0,0,0,0.011,0.674
04/01/2015 16:00,0,0,0,0,0,0,0,0.587,0,0.182,0.188,0.753,0,0,0,0,0.57
04/01/2015 17:00,0,0,0,0,0,0,0,0.725,0,0.066,0.024,0.781,0,0,0,0,0.373
04/01/2015 18:00,0,0,0,0,0,0,0,0.676,0.063,0.001,0,0.758,0,0,0,0,0.112
04/01/2015 19:00,0,0,0,0,0,0,0,0.568,0.182,0,0,0.687,0,0,0,0,0
04/01/2015 20:00,0,0,0,0,0,0,0,0.402,0.355,0,0,0.555,0,0,0,0,0
04/01/2015 21:00,0,0,0,0,0,0,0,0.206,0.505,0,0,0.37,0,0,0,0,0
04/01/2015 22:00,0,0,0,0,0,0,0,0.023,0.595,0,0,0.135,0,0,0.05,0,0
04/01/2015 23:00,0,0,0,0,0,0,0,0,0.64,0,0,0,0,0,0.263,0,0
05/01/2015 00:00,0,0,0.1,0,0.3,0,0,0,0.635,0,0,0,0,0,0.45,0,0
05/01/2015 01:00,19.2,7,9.8,0.1,4.1,0.4,0.145,0,0.6,0,0,0,0,0,0.591,0,0
05/01/2015 02:00,40.1,23.1,24.6,6.2,17.2,12.3,0.392,0,0.491,0,0,0,0,0.015,0.682,0,0
05/01/2015 03:00,57.1,35.3,35.8,21.1,31.1,27.8,0.555,0,0.335,0,0,0,0.069,0.182,0.711,0,0
05/01/2015 04:00,64.8,42.8,42.1,33.5,39.9,38.3,0.667,0,0.157,0,0,0,0.19,0.401,0.697,0.06,0
05/01/2015 05:00,67.2,46.4,44.8,40.8,44.6,44.5,0.718,0,0.042,0,0,0,0.324,0.56,0.631,0.199,0
05/01/2015 06:00,65.1,46.4,44.1,44.5,46.3,47,0.705,0,0,0,0.007,0,0.441,0.566,0.493,0.357,0
05/01/2015 07:00,56.6,43.2,39.6,43.9,44.8,46.5,0.649,0,0,0,0.122,0,0.531,0.583,0.33,0.475,0
05/01/2015 08:00,45.1,36.6,32.6,39.8,40.3,42.8,0.531,0,0,0.06,0.288,0,0.569,0.537,0.137,0.548,0.095
05/01/2015 09:00,28.7,26.4,21.3,32.5,32.4,35.8,0.323,0,0,0.143,0.459,0,0.553,0.391,0,0.574,0.35
05/01/2015 10:00,9.5,13,7.4,21.1,20.9,25.3,0.104,0,0,0.233,0.578,0,0.483,0.231,0,0.55,0.548
05/01/2015 11:00,0,1.6,0.1,7.5,7.8,11.5,0,0.038,0,0.359,0.638,0,0.318,0.066,0,0.485,0.683
05/01/2015 12:00,0,0,0,0,0.1,0.6,0,0.185,0,0.642,0.697,0.046,0.152,0,0,0.372,0.764
05/01/2015 13:00,0,0,0,0,0,0,0,0.356,0,0.744,0.63,0.261,0.071,0,0,0.236,0.791
05/01/2015 14:00,0,0,0,0,0,0,0,0.559,0,0.704,0.513,0.535,0.018,0,0,0.094,0.77
05/01/2015 15:00,0,0,0,0,0,0,0,0.682,0,0.601,0.386,0.684,0,0,0,0.008,0.694
05/01/2015 16:00,0,0,0,0,0,0,0,0.721,0,0.46,0.187,0.761,0,0,0,0,0.567
05/01/2015 17:00,0,0,0,0,0,0,0,0.7,0,0.245,0.023,0.789,0,0,0,0,0.375
05/01/2015 18:00,0,0,0,0,0,0,0,0.637,0.039,0.019,0,0.769,0,0,0,0,0.12
05/01/2015 19:00,0,0,0,0,0,0,0,0.546,0.144,0,0,0.704,0,0,0,0,0
05/01/2015 20:00,0,0,0,0,0,0,0,0.375,0.259,0,0,0.59,0,0,0,0,0
05/01/2015 21:00,0,0,0,0,0,0,0,0.213,0.359,0,0,0.404,0,0,0,0,0
05/01/2015 22:00,0,0,0,0,0,0,0,0.026,0.444,0,0,0.157,0,0,0.063,0,0
05/01/2015 23:00,0,0,0,0,0,0,0,0,0.469,0,0,0,0,0,0.291,0,0
06/01/2015 00:00,0,0,0.1,0,0.5,0,0,0,0.411,0,0,0,0,0,0.482,0,0
06/01/2015 01:00,22.5,7,7.7,0.1,4.8,0.5,0.163,0,0.341,0,0,0,0,0,0.615,0,0
06/01/2015 02:00,42.1,22.5,22.3,5.4,18.7,13,0.433,0,0.285,0,0,0,0,0.013,0.697,0,0
06/01/2015 03:00,53.7,32.1,31.1,19.2,31.7,28.3,0.606,0,0.207,0,0,0,0.078,0.179,0.728,0,0
06/01/2015 04:00,61.8,39.9,38.3,31.6,40.2,38.8,0.704,0,0.13,0,0,0,0.213,0.43,0.694,0.042,0
06/01/2015 05:00,64.9,43.6,41,39.1,45.1,44.7,0.749,0,0.048,0,0,0,0.337,0.583,0.618,0.198,0
06/01/2015 06:00,62.9,43.5,39.9,44.8,45.9,47.3,0.733,0,0,0,0.009,0,0.436,0.673,0.529,0.356,0
06/01/2015 07:00,55.5,40.2,35.6,43.9,44.6,46.8,0.677,0,0,0.009,0.171,0,0.487,0.689,0.388,0.47,0
06/01/2015 08:00,42.4,33.6,28.2,39.4,40,43.1,0.565,0,0,0.225,0.384,0,0.474,0.646,0.168,0.541,0.101
06/01/2015 09:00,26,24.3,17.7,30,32,35.8,0.374,0,0,0.44,0.55,0,0.429,0.545,0,0.565,0.361
06/01/2015 10:00,7.2,11.9,5.3,18.5,21.1,25.3,0.134,0,0,0.569,0.622,0,0.363,0.372,0,0.543,0.558
06/01/2015 11:00,0,1.7,0,5.9,8,11.5,0,0.043,0,0.589,0.661,0,0.282,0.137,0,0.48,0.692
06/01/2015 12:00,0,0,0,0,0.2,0.6,0,0.193,0,0.513,0.66,0.042,0.192,0,0,0.373,0.77
06/01/2015 13:00,0,0,0,0,0,0,0,0.369,0,0.524,0.609,0.261,0.132,0,0,0.234,0.798
06/01/2015 14:00,0,0,0,0,0,0,0,0.506,0,0.596,0.511,0.49,0.048,0,0,0.095,0.779
06/01/2015 15:00,0,0,0,0,0,0,0,0.613,0,0.578,0.349,0.663,0,0,0,0.009,0.707
06/01/2015 16:00,0,0,0,0,0,0,0,0.686,0,0.443,0.161,0.732,0,0,0,0,0.581
06/01/2015 17:00,0,0,0,0,0,0,0,0.697,0,0.224,0.02,0.743,0,0,0,0,0.391
06/01/2015 18:00,0,0,0,0,0,0,0,0.658,0.063,0.015,0,0.718,0,0,0,0,0.132
06/01/2015 19:00,0,0,0,0,0,0,0,0.57,0.181,0,0,0.631,0,0,0,0,0
06/01/2015 20:00,0,0,0,0,0,0,0,0.409,0.298,0,0,0.508,0,0,0,0,0
06/01/2015 21:00,0,0,0,0,0,0,0,0.198,0.428,0,0,0.329,0,0,0,0,0
06/01/2015 22:00,0,0,0,0,0,0,0,0.021,0.547,0,0,0.106,0,0,0.041,0,0
06/01/2015 23:00,0,0,0,0,0,0,0,0,0.58,0,0,0,0,0,0.254,0,0
07/01/2015 00:00,0,0,0.2,0,0.4,0,0,0,0.594,0,0,0,0,0,0.463,0,0
07/01/2015 01:00,18,5.7,6.8,0.1,4.5,0.4,0.184,0,0.582,0,0,0,0,0,0.63,0,0
07/01/2015 02:00,38.6,20,19.8,5.4,18.2,11.9,0.431,0,0.496,0,0,0,0,0.045,0.723,0,0
07/01/2015 03:00,52.5,32,30.9,19.8,30.9,27.1,0.609,0,0.386,0,0,0,0.029,0.287,0.752,0,0
07/01/2015 04:00,57.8,39.7,38.3,32.5,39.3,37.6,0.704,0,0.231,0,0,0,0.089,0.495,0.73,0.065,0
07/01/2015 05:00,59.1,43.3,41.3,40,44.2,43.7,0.748,0,0.084,0,0,0,0.161,0.625,0.637,0.205,0
07/01/2015 06:00,56.5,43,38.8,44.2,45.9,46,0.734,0,0,0,0.001,0,0.249,0.617,0.511,0.35,0
07/01/2015 07:00,49.2,39.8,34.5,43.8,44.3,45.4,0.676,0,0,0,0.074,0,0.363,0.602,0.346,0.468,0
07/01/2015 08:00,38.4,33.1,26.4,39.7,39.7,41.7,0.562,0,0,0.037,0.165,0,0.439,0.459,0.15,0.523,0.109
07/01/2015 09:00,23.4,22.4,14.6,31.4,31.7,34.8,0.384,0,0,0.119,0.246,0,0.398,0.254,0,0.506,0.37
07/01/2015 10:00,6.8,10.9,3.9,20.2,20.5,24.2,0.141,0,0,0.212,0.325,0,0.338,0.165,0,0.47,0.566
07/01/2015 11:00,0,1.6,0,7,7.6,10.6,0,0.045,0,0.264,0.419,0,0.239,0.044,0,0.364,0.698
07/01/2015 12:00,0,0,0,0,0.2,0.5,0,0.224,0,0.295,0.546,0.035,0.147,0,0,0.296,0.773
07/01/2015 13:00,0,0,0,0,0,0,0,0.393,0,0.303,0.603,0.231,0.083,0,0,0.207,0.801
07/01/2015 14:00,0,0,0,0,0,0,0,0.501,0,0.273,0.541,0.442,0.026,0,0,0.091,0.781
07/01/2015 15:00,0,0,0,0,0,0,0,0.516,0,0.22,0.382,0.651,0,0,0,0.005,0.71
07/01/2015 16:00,0,0,0,0,0,0,0,0.528,0,0.189,0.183,0.722,0,0,0,0,0.584
07/01/2015 17:00,0,0,0,0,0,0,0,0.524,0,0.08,0.022,0.727,0,0,0,0,0.395
07/01/2015 18:00,0,0,0,0,0,0,0,0.456,0.06,0,0,0.688,0,0,0,0,0.136
07/01/2015 19:00,0,0,0,0,0,0,0,0.329,0.186,0,0,0.593,0,0,0,0,0
07/01/2015 20:00,0,0,0,0,0,0,0,0.209,0.327,0,0,0.409,0,0,0,0,0
07/01/2015 21:00,0,0,0,0,0,0,0,0.095,0.459,0,0,0.218,0,0,0,0,0
07/01/2015 22:00,0,0,0,0,0,0,0,0.009,0.551,0,0,0.065,0,0,0.068,0,0
07/01/2015 23:00,0,0,0,0,0,0,0,0,0.594,0,0,0,0,0,0.313,0,0
08/01/2015 00:00,0,0,0.2,0,0.3,0,0,0,0.607,0,0,0,0,0,0.506,0,0
08/01/2015 01:00,10.7,4.8,5.9,0,4.1,0.5,0.159,0,0.581,0,0,0,0,0,0.647,0,0
08/01/2015 02:00,26.5,17.7,16.1,8.5,17.2,12.6,0.399,0,0.502,0,0,0,0,0.023,0.73,0,0
08/01/2015 03:00,40.5,29.2,28.7,25.1,30.6,27.8,0.572,0,0.386,0,0,0,0.078,0.203,0.755,0,0
08/01/2015 04:00,49.5,37,35.7,37.3,39.3,38.4,0.673,0,0.242,0,0,0,0.221,0.403,0.73,0.063,0
08/01/2015 05:00,51.8,41.1,37.4,44.1,44.2,44.5,0.716,0,0.094,0,0,0,0.359,0.538,0.634,0.189,0
08/01/2015 06:00,49.7,42.5,37.5,47.8,45.2,47.3,0.69,0,0,0,0.01,0,0.449,0.557,0.545,0.332,0
08/01/2015 07:00,43.2,39.4,32.7,47,43.7,46.8,0.63,0,0,0,0.172,0,0.518,0.571,0.387,0.426,0
08/01/2015 08:00,32.5,32.7,24.7,42.9,39,43.1,0.51,0,0,0.064,0.387,0,0.532,0.528,0.187,0.468,0.092
08/01/2015 09:00,18.5,22.6,14.7,34.4,30.7,35.3,0.295,0,0,0.279,0.551,0,0.503,0.431,0.002,0.452,0.348
08/01/2015 10:00,5.7,10.6,4.5,22.9,19.6,24.7,0.086,0,0,0.553,0.647,0,0.447,0.259,0,0.419,0.547
08/01/2015 11:00,0,1.4,0,8.6,6.8,11,0,0.016,0,0.686,0.688,0,0.36,0.075,0,0.369,0.681
08/01/2015 12:00,0,0,0,0.1,0.1,0.5,0,0.101,0,0.73,0.696,0.009,0.258,0,0,0.296,0.763
08/01/2015 13:00,0,0,0,0,0,0,0,0.241,0,0.733,0.633,0.117,0.154,0,0,0.199,0.792
08/01/2015 14:00,0,0,0,0,0,0,0,0.406,0,0.695,0.527,0.282,0.052,0,0,0.095,0.771
08/01/2015 15:00,0,0,0,0,0,0,0,0.533,0,0.607,0.352,0.448,0,0,0,0.006,0.695
08/01/2015 16:00,0,0,0,0,0,0,0,0.611,0,0.417,0.174,0.557,0,0,0,0,0.566
08/01/2015 17:00,0,0,0,0,0,0,0,0.623,0,0.196,0.021,0.611,0,0,0,0,0.373
08/01/2015 18:00,0,0,0,0,0,0,0,0.585,0.046,0.011,0,0.63,0,0,0,0,0.118
08/01/2015 19:00,0,0,0,0,0,0,0,0.475,0.136,0,0,0.596,0,0,0,0,0
08/01/2015 20:00,0,0,0,0,0,0,0,0.329,0.226,0,0,0.509,0,0,0,0,0
08/01/2015 21:00,0,0,0,0,0,0,0,0.155,0.304,0,0,0.356,0,0,0,0,0
08/01/2015 22:00,0,0,0,0,0,0,0,0.013,0.348,0,0,0.116,0,0,0.072,0,0
08/01/2015 23:00,0,0,0,0,0,0,0,0,0.372,0,0,0,0,0,0.302,0,0
09/01/2015 00:00,0,0,0.1,0,0.3,0,0,0,0.366,0,0,0,0,0,0.475,0,0
09/01/2015 01:00,18.6,5.3,6.5,0,3.7,0.4,0.086,0,0.337,0,0,0,0,0,0.545,0,0
09/01/2015 02:00,36.5,19.7,18.7,9.1,15.9,12.7,0.285,0,0.291,0,0,0,0.001,0.034,0.583,0,0
09/01/2015 03:00,48.8,32.3,29.4,25.3,28.4,28,0.465,0,0.232,0,0,0,0.079,0.26,0.559,0,0
09/01/2015 04:00,57.9,40.3,35.5,37.7,37.1,38.6,0.577,0,0.152,0,0,0,0.232,0.484,0.521,0.049,0
09/01/2015 05:00,58.4,44.3,38.6,44.2,42,44.7,0.627,0,0.065,0,0,0,0.385,0.626,0.489,0.207,0
09/01/2015 06:00,51.5,45.9,37.4,46.9,43.4,47.2,0.591,0,0,0,0.009,0,0.507,0.648,0.423,0.345,0
09/01/2015 07:00,46.9,42.8,32.3,46,42.2,46.6,0.529,0,0,0.009,0.169,0,0.589,0.656,0.357,0.414,0
09/01/2015 08:00,38,36.2,25.1,41.6,37.9,42.9,0.411,0,0,0.241,0.38,0,0.576,0.613,0.181,0.443,0.092
09/01/2015 09:00,23.4,25.3,14.1,32.7,30.2,36,0.241,0,0,0.481,0.537,0,0.444,0.536,0.002,0.381,0.351
09/01/2015 10:00,7.9,12.3,4.8,21.1,19.3,25.5,0.065,0,0,0.611,0.635,0,0.345,0.362,0,0.304,0.553
09/01/2015 11:00,0,1.6,0.1,7.4,7.1,11.6,0,0.027,0,0.682,0.678,0,0.274,0.128,0,0.219,0.688
09/01/2015 12:00,0,0,0,0.1,0.1,0.6,0,0.155,0,0.755,0.666,0.035,0.211,0,0,0.152,0.755
09/01/2015 13:00,0,0,0,0,0,0,0,0.309,0,0.763,0.61,0.217,0.134,0,0,0.085,0.783
09/01/2015 14:00,0,0,0,0,0,0,0,0.435,0,0.712,0.502,0.44,0.044,0,0,0.033,0.761
09/01/2015 15:00,0,0,0,0,0,0,0,0.526,0,0.613,0.343,0.607,0,0,0,0,0.673
09/01/2015 16:00,0,0,0,0,0,0,0,0.536,0,0.462,0.154,0.716,0,0,0,0,0.543
09/01/2015 17:00,0,0,0,0,0,0,0,0.482,0,0.246,0.015,0.753,0,0,0,0,0.35
09/01/2015 18:00,0,0,0,0,0,0,0,0.413,0.035,0.02,0,0.733,0,0,0,0,0.104
09/01/2015 19:00,0,0,0,0,0,0,0,0.362,0.1,0,0,0.673,0,0,0,0,0
09/01/2015 20:00,0,0,0,0,0,0,0,0.262,0.156,0,0,0.564,0,0,0,0,0
09/01/2015 21:00,0,0,0,0,0,0,0,0.12,0.209,0,0,0.386,0,0,0,0,0
09/01/2015 22:00,0,0,0,0,0,0,0,0.005,0.268,0,0,0.16,0,0,0.06,0,0
09/01/2015 23:00,0,0,0,0,0,0,0,0,0.319,0,0,0,0,0,0.296,0,0
10/01/2015 00:00,0.2,0,0.1,0,0.3,0,0,0,0.349,0,0,0,0,0,0.494,0,0
10/01/2015 01:00,28.4,7.7,8.6,0.1,4.3,0.5,0.097,0,0.355,0,0,0,0,0,0.628,0,0
10/01/2015 02:00,48,24,23.1,6,19.3,13.7,0.306,0,0.308,0,0,0,0,0.024,0.707,0,0
10/01/2015 03:00,60.4,36.6,34.9,20.3,32.2,28.8,0.459,0,0.228,0,0,0,0.078,0.168,0.744,0,0
10/01/2015 04:00,67.4,43.9,41.9,33.1,40.9,39.1,0.573,0,0.123,0,0,0,0.231,0.339,0.708,0.073,0
10/01/2015 05:00,69.4,47.3,44.7,40.8,45.9,45,0.627,0,0.039,0,0,0,0.394,0.411,0.636,0.206,0
10/01/2015 06:00,68.1,47,43.2,46.2,47.3,47.9,0.623,0,0,0,0.005,0,0.526,0.412,0.553,0.348,0
10/01/2015 07:00,62.1,43.6,38.2,45.5,45.7,47.3,0.564,0,0,0.013,0.128,0,0.598,0.464,0.396,0.458,0
10/01/2015 08:00,51.1,36.8,30.2,41.1,41,43.6,0.446,0,0,0.243,0.313,0,0.612,0.495,0.188,0.517,0.104
10/01/2015 09:00,35,26.4,19.5,32,33.1,36.2,0.252,0,0,0.438,0.465,0,0.543,0.306,0.002,0.534,0.364
10/01/2015 10:00,13.7,13,7.1,20.3,22.2,25.6,0.071,0,0,0.548,0.563,0,0.424,0.165,0,0.489,0.561
10/01/2015 11:00,0,1.7,0.1,6.9,9.2,11.8,0,0.067,0,0.573,0.608,0,0.294,0.044,0,0.435,0.699
10/01/2015 12:00,0,0,0,0,0.3,0.6,0,0.266,0,0.596,0.659,0.042,0.17,0,0,0.343,0.78
10/01/2015 13:00,0,0,0,0,0,0,0,0.464,0,0.698,0.607,0.242,0.075,0,0,0.234,0.807
10/01/2015 14:00,0,0,0,0,0,0,0,0.607,0,0.705,0.506,0.475,0.012,0,0,0.097,0.786
10/01/2015 15:00,0,0,0,0,0,0,0,0.69,0,0.57,0.343,0.686,0,0,0,0.008,0.711
10/01/2015 16:00,0,0,0,0,0,0,0,0.713,0,0.329,0.158,0.767,0,0,0,0,0.586
10/01/2015 17:00,0,0,0,0,0,0,0,0.69,0,0.162,0.016,0.797,0,0,0,0,0.398
10/01/2015 18:00,0,0,0,0,0,0,0,0.614,0.034,0.014,0,0.783,0,0,0,0,0.14
10/01/2015 19:00,0,0,0,0,0,0,0,0.48,0.126,0,0,0.722,0,0,0,0,0
10/01/2015 20:00,0,0,0,0,0,0,0,0.318,0.234,0,0,0.613,0,0,0,0,0
10/01/2015 21:00,0,0,0,0,0,0,0,0.143,0.339,0,0,0.447,0,0,0,0,0
10/01/2015 22:00,0,0,0,0,0,0,0,0.012,0.41,0,0,0.21,0,0,0.062,0,0
10/01/2015 23:00,0,0,0,0,0,0,0,0,0.459,0,0,0,0,0,0.272,0,0
11/01/2015 00:00,0.2,0,0.3,0,0.3,0,0,0,0.46,0,0,0,0,0,0.462,0,0
11/01/2015 01:00,29,7.3,11.4,0.1,5.2,0.5,0.092,0,0.42,0,0,0,0,0,0.605,0,0
11/01/2015 02:00,47.9,23.4,26.7,8.4,21.3,13.8,0.295,0,0.348,0,0,0,0,0.013,0.697,0,0
11/01/2015 03:00,60.1,35.8,37.8,24.7,33.4,28.9,0.479,0,0.259,0,0,0,0.049,0.153,0.738,0,0
11/01/2015 04:00,67.2,43.2,44,36.9,41.9,39.3,0.597,0,0.154,0,0,0,0.151,0.346,0.715,0.076,0
11/01/2015 05:00,69.2,46.8,46.4,43.8,46.3,45.2,0.656,0,0.052,0,0,0,0.272,0.489,0.638,0.207,0
11/01/2015 06:00,67.8,46,43.1,46.2,47.7,47.6,0.659,0,0,0,0.006,0,0.37,0.554,0.533,0.351,0
11/01/2015 07:00,61.6,42.6,38.8,45.5,46.1,47,0.606,0,0,0.002,0.129,0,0.431,0.551,0.407,0.459,0
11/01/2015 08:00,50.6,35.8,31,41.1,41.5,43.1,0.491,0,0,0.106,0.287,0,0.461,0.495,0.178,0.518,0.126
11/01/2015 09:00,34.6,25.5,19.9,33.2,33.8,36,0.318,0,0,0.193,0.394,0,0.441,0.391,0,0.529,0.391
11/01/2015 10:00,13.4,12.5,6.7,21.4,22.8,25.4,0.101,0,0,0.307,0.409,0,0.383,0.225,0,0.482,0.582
11/01/2015 11:00,0,1.7,0.1,7.4,9.6,11.6,0,0.039,0,0.585,0.416,0,0.305,0.065,0,0.352,0.712
11/01/2015 12:00,0,0,0,0.1,0.3,0.6,0,0.188,0,0.619,0.431,0.036,0.187,0,0,0.214,0.787
11/01/2015 13:00,0,0,0,0,0,0,0,0.357,0,0.599,0.465,0.215,0.101,0,0,0.118,0.815
11/01/2015 14:00,0,0,0,0,0,0,0,0.499,0,0.59,0.452,0.41,0.03,0,0,0.036,0.795
11/01/2015 15:00,0,0,0,0,0,0,0,0.575,0,0.497,0.328,0.559,0,0,0,0,0.729
11/01/2015 16:00,0,0,0,0,0,0,0,0.607,0,0.318,0.147,0.669,0,0,0,0,0.606
11/01/2015 17:00,0,0,0,0,0,0,0,0.583,0,0.116,0.01,0.724,0,0,0,0,0.42
11/01/2015 18:00,0,0,0,0,0,0,0,0.493,0.025,0,0,0.727,0,0,0,0,0.16
11/01/2015 19:00,0,0,0,0,0,0,0,0.392,0.093,0,0,0.647,0,0,0,0,0
11/01/2015 20:00,0,0,0,0,0,0,0,0.241,0.172,0,0,0.531,0,0,0,0,0
11/01/2015 21:00,0,0,0,0,0,0,0,0.106,0.245,0,0,0.337,0,0,0,0,0
11/01/2015 22:00,0,0,0,0,0,0,0,0.006,0.32,0,0,0.114,0,0,0.024,0,0
11/01/2015 23:00,0,0,0,0,0,0,0,0,0.352,0,0,0,0,0,0.14,0,0
12/01/2015 00:00,0.1,0,0.2,0,0.1,0,0,0,0.354,0,0,0,0,0,0.231,0,0
12/01/2015 01:00,25.4,6.9,9.8,0.1,4.2,0.6,0.133,0,0.337,0,0,0,0,0,0.336,0,0
12/01/2015 02:00,44.8,22.3,25.7,8.8,19.7,13.5,0.365,0,0.285,0,0,0,0,0.015,0.447,0,0
12/01/2015 03:00,57.9,34.8,37.2,25.1,32.6,28.6,0.535,0,0.203,0,0,0,0.069,0.182,0.516,0,0
12/01/2015 04:00,65.4,42.3,43.3,37.3,41,39,0.647,0,0.116,0,0,0,0.222,0.411,0.612,0.048,0
12/01/2015 05:00,68.1,45.9,45.8,43.9,46.1,45.1,0.7,0,0.038,0,0,0,0.384,0.556,0.589,0.125,0
12/01/2015 06:00,66.7,43.9,43,47,48.1,48.1,0.681,0,0,0,0.005,0,0.507,0.557,0.467,0.227,0
12/01/2015 07:00,59.9,40.6,38.8,46.3,46.6,47.5,0.627,0,0,0.009,0.121,0,0.581,0.563,0.297,0.331,0
12/01/2015 08:00,48.8,33.8,31,42.2,41.9,43.7,0.514,0,0,0.244,0.28,0,0.579,0.509,0.114,0.4,0.129
12/01/2015 09:00,32.8,23.4,19.6,32.9,33.9,36.6,0.336,0,0,0.47,0.378,0,0.513,0.416,0,0.403,0.393
12/01/2015 10:00,11.7,11,6.3,21.6,22.7,26,0.111,0,0,0.62,0.439,0,0.417,0.25,0,0.369,0.583
12/01/2015 11:00,0,1.4,0.1,8,9.6,12.3,0,0.034,0,0.718,0.467,0,0.264,0.075,0,0.335,0.713
12/01/2015 12:00,0,0,0,0.1,0.3,0.8,0,0.158,0,0.759,0.518,0.059,0.145,0,0,0.282,0.792
12/01/2015 13:00,0,0,0,0,0,0,0,0.28,0,0.751,0.48,0.302,0.064,0,0,0.177,0.818
12/01/2015 14:00,0,0,0,0,0,0,0,0.393,0,0.702,0.395,0.556,0.014,0,0,0.08,0.797
12/01/2015 15:00,0,0,0,0,0,0,0,0.488,0,0.602,0.271,0.693,0,0,0,0.003,0.716
12/01/2015 16:00,0,0,0,0,0,0,0,0.525,0,0.449,0.13,0.772,0,0,0,0,0.588
12/01/2015 17:00,0,0,0,0,0,0,0,0.514,0,0.231,0.013,0.796,0,0,0,0,0.396
12/01/2015 18:00,0,0,0,0,0,0,0,0.443,0.066,0.018,0,0.769,0,0,0,0,0.134
12/01/2015 19:00,0,0,0,0,0,0,0,0.359,0.205,0,0,0.7,0,0,0,0,0
12/01/2015 20:00,0,0,0,0,0,0,0,0.237,0.355,0,0,0.574,0,0,0,0,0
12/01/2015 21:00,0,0,0,0,0,0,0,0.109,0.475,0,0,0.38,0,0,0,0,0
12/01/2015 22:00,0,0,0,0,0,0,0,0.007,0.554,0,0,0.118,0,0,0.056,0,0
12/01/2015 23:00,0,0,0,0,0,0,0,0,0.596,0,0,0,0,0,0.277,0,0
13/01/2015 00:00,0.1,0,0.5,0,0.3,0,0,0,0.584,0,0,0,0,0,0.471,0,0
13/01/2015 01:00,24,4.9,11,0,4.8,0.5,0.171,0,0.539,0,0,0,0,0,0.602,0,0
13/01/2015 02:00,42.8,18.5,24,6.7,20.6,13.6,0.415,0,0.46,0,0,0,0,0.04,0.687,0,0
13/01/2015 03:00,55,30.9,34.6,21.5,33.3,28.7,0.588,0,0.339,0,0,0,0.074,0.275,0.708,0,0
13/01/2015 04:00,62.5,38.9,40.8,33.2,41.4,39.2,0.688,0,0.198,0,0,0,0.224,0.492,0.666,0.07,0
13/01/2015 05:00,65.4,42.8,43.3,39.9,45.9,45.2,0.735,0,0.067,0,0,0,0.368,0.629,0.634,0.197,0
13/01/2015 06:00,65.6,43,41.5,44.1,47.2,47,0.727,0,0,0,0.012,0,0.487,0.642,0.508,0.327,0
13/01/2015 07:00,57.8,39.7,37.5,43.1,45.7,46.4,0.671,0,0,0.01,0.175,0,0.575,0.653,0.339,0.4,0
13/01/2015 08:00,45.7,32.9,29.9,37.9,41.2,42.6,0.558,0,0,0.244,0.371,0,0.629,0.606,0.143,0.428,0.112
13/01/2015 09:00,29.8,22.4,19.3,27.6,33.8,34.8,0.349,0,0,0.471,0.528,0,0.642,0.527,0,0.364,0.37
13/01/2015 10:00,10.2,10.4,6.3,16.2,22.7,24.1,0.118,0,0,0.623,0.614,0,0.583,0.347,0,0.292,0.562
13/01/2015 11:00,0,1.4,0.1,4.7,9.6,10.5,0,0.062,0,0.706,0.655,0,0.491,0.119,0,0.274,0.693
13/01/2015 12:00,0,0,0,0,0.3,0.6,0,0.256,0,0.746,0.651,0.052,0.318,0,0,0.242,0.765
13/01/2015 13:00,0,0,0,0,0,0,0,0.456,0,0.746,0.596,0.279,0.187,0,0,0.188,0.79
13/01/2015 14:00,0,0,0,0,0,0,0,0.583,0,0.7,0.493,0.533,0.06,0,0,0.095,0.77
13/01/2015 15:00,0,0,0,0,0,0,0,0.624,0,0.609,0.343,0.679,0,0,0,0.006,0.707
13/01/2015 16:00,0,0,0,0,0,0,0,0.638,0,0.452,0.165,0.773,0,0,0,0,0.581
13/01/2015 17:00,0,0,0,0,0,0,0,0.62,0,0.231,0.023,0.8,0,0,0,0,0.387
13/01/2015 18:00,0,0,0,0,0,0,0,0.566,0.033,0.02,0,0.78,0,0,0,0,0.127
13/01/2015 19:00,0,0,0,0,0,0,0,0.461,0.134,0,0,0.718,0,0,0,0,0
13/01/2015 20:00,0,0,0,0,0,0,0,0.302,0.258,0,0,0.59,0,0,0,0,0
13/01/2015 21:00,0,0,0,0,0,0,0,0.138,0.382,0,0,0.414,0,0,0,0,0
13/01/2015 22:00,0,0,0,0,0,0,0,0.012,0.463,0,0,0.135,0,0,0.057,0,0
13/01/2015 23:00,0,0,0,0,0,0,0,0,0.511,0,0,0,0,0,0.281,0,0
14/01/2015 00:00,0.1,0,0.5,0,0.3,0,0,0,0.503,0,0,0,0,0,0.479,0,0
14/01/2015 01:00,22.7,4.8,10.4,0,5.1,0.5,0.141,0,0.459,0,0,0,0,0,0.616,0,0
14/01/2015 02:00,42.9,18.6,23.4,5,20.7,10.4,0.368,0,0.376,0,0,0,0,0.057,0.702,0,0
14/01/2015 03:00,56.9,31.1,33.7,18.4,33.3,24.4,0.505,0,0.271,0,0,0,0.075,0.322,0.738,0,0
14/01/2015 04:00,63.5,39.1,41,30.9,41.5,35.1,0.612,0,0.159,0,0,0,0.219,0.539,0.726,0.059,0
14/01/2015 05:00,65.2,42.9,43.7,38.5,46.2,41.6,0.661,0,0.053,0,0,0,0.377,0.668,0.669,0.174,0
14/01/2015 06:00,61.1,43.1,42.3,41.8,47.8,44.7,0.62,0,0,0,0.006,0,0.507,0.679,0.543,0.3,0
14/01/2015 07:00,52.4,40,37.9,41.5,46.2,44.2,0.554,0,0,0.008,0.11,0,0.598,0.688,0.374,0.401,0
14/01/2015 08:00,39,33.3,29.6,37.5,41.6,40.6,0.429,0,0,0.207,0.248,0,0.611,0.637,0.176,0.462,0.099
14/01/2015 09:00,24.2,23.1,17.6,27.5,33.7,33.8,0.25,0,0,0.431,0.378,0,0.583,0.494,0.002,0.446,0.371
14/01/2015 10:00,7.9,10.9,5.8,16.6,22.5,23,0.069,0,0,0.606,0.482,0,0.523,0.31,0,0.42,0.563
14/01/2015 11:00,0,1.4,0.1,5.2,9.4,9.8,0,0.055,0,0.712,0.547,0,0.43,0.098,0,0.348,0.693
14/01/2015 12:00,0,0,0,0,0.3,0.5,0,0.255,0,0.763,0.599,0.052,0.302,0,0,0.265,0.769
14/01/2015 13:00,0,0,0,0,0,0,0,0.468,0,0.757,0.586,0.275,0.181,0,0,0.18,0.796
14/01/2015 14:00,0,0,0,0,0,0,0,0.617,0,0.708,0.537,0.549,0.055,0,0,0.091,0.775
14/01/2015 15:00,0,0,0,0,0,0,0,0.703,0,0.609,0.414,0.692,0,0,0,0.005,0.703
14/01/2015 16:00,0,0,0,0,0,0,0,0.74,0,0.464,0.226,0.766,0,0,0,0,0.575
14/01/2015 17:00,0,0,0,0,0,0,0,0.733,0,0.251,0.034,0.793,0,0,0,0,0.384
14/01/2015 18:00,0,0,0,0,0,0,0,0.673,0.051,0.023,0,0.772,0,0,0,0,0.125
14/01/2015 19:00,0,0,0,0,0,0,0,0.576,0.183,0,0,0.708,0,0,0,0,0
14/01/2015 20:00,0,0,0,0,0,0,0,0.428,0.33,0,0,0.599,0,0,0,0,0
14/01/2015 21:00,0,0,0,0,0,0,0,0.229,0.451,0,0,0.433,0,0,0,0,0
14/01/2015 22:00,0,0,0,0,0,0,0,0.028,0.522,0,0,0.188,0,0,0.07,0,0
14/01/2015 23:00,0,0,0,0,0,0,0,0,0.558,0,0,0,0,0,0.315,0,0
15/01/2015 00:00,0.1,0,0.4,0,0.2,0,0,0,0.562,0,0,0,0,0,0.511,0,0
15/01/2015 01:00,24.8,5.2,10.6,0,4.4,0.5,0.079,0,0.54,0,0,0,0,0,0.644,0,0
15/01/2015 02:00,43.5,18.9,23.6,6.4,19.4,10.7,0.259,0,0.477,0,0,0,0,0.036,0.726,0,0
15/01/2015 03:00,56.5,31.8,36.5,21.4,32.8,25.5,0.435,0,0.369,0,0,0,0.057,0.247,0.76,0,0
15/01/2015 04:00,65.1,39.9,42.7,34.2,41.1,36.6,0.552,0,0.23,0,0,0,0.232,0.452,0.722,0.077,0
15/01/2015 05:00,67.5,43.8,44.5,41.7,46,43.1,0.611,0,0.084,0,0,0,0.416,0.594,0.649,0.212,0
15/01/2015 06:00,65.1,43.9,43.4,45,47,45.9,0.615,0,0,0,0.011,0,0.559,0.672,0.537,0.341,0
15/01/2015 07:00,58.1,40.8,39.2,44.6,45.5,45.4,0.558,0,0,0.014,0.174,0,0.65,0.681,0.359,0.434,0
15/01/2015 08:00,47.8,34.2,31.9,40.5,40.9,41.6,0.44,0,0,0.258,0.386,0,0.691,0.614,0.153,0.483,0.078
15/01/2015 09:00,33.2,24.9,20.3,31.2,32.9,33.1,0.247,0,0,0.479,0.546,0,0.686,0.481,0.001,0.497,0.354
15/01/2015 10:00,12.9,11.8,7.3,19.8,21.8,22.3,0.07,0,0,0.633,0.645,0,0.635,0.306,0,0.467,0.563
15/01/2015 11:00,0,1.3,0.1,6.8,8.8,9.3,0,0.08,0,0.725,0.692,0,0.537,0.115,0,0.391,0.694
15/01/2015 12:00,0,0,0,0.1,0.3,0.5,0,0.242,0,0.763,0.709,0.045,0.389,0,0,0.218,0.772
15/01/2015 13:00,0,0,0,0,0,0,0,0.362,0,0.758,0.667,0.254,0.208,0,0,0.124,0.8
15/01/2015 14:00,0,0,0,0,0,0,0,0.457,0,0.71,0.577,0.484,0.058,0,0,0.047,0.779
15/01/2015 15:00,0,0,0,0,0,0,0,0.586,0,0.614,0.428,0.67,0,0,0,0,0.709
15/01/2015 16:00,0,0,0,0,0,0,0,0.697,0,0.466,0.231,0.754,0,0,0,0,0.585
15/01/2015 17:00,0,0,0,0,0,0,0,0.731,0,0.254,0.037,0.78,0,0,0,0,0.396
15/01/2015 18:00,0,0,0,0,0,0,0,0.682,0.029,0.025,0,0.762,0,0,0,0,0.143
15/01/2015 19:00,0,0,0,0,0,0,0,0.587,0.134,0,0,0.7,0,0,0,0,0
15/01/2015 20:00,0,0,0,0,0,0,0,0.444,0.244,0,0,0.575,0,0,0,0,0
15/01/2015 21:00,0,0,0,0,0,0,0,0.247,0.351,0,0,0.381,0,0,0,0,0
15/01/2015 22:00,0,0,0,0,0,0,0,0.035,0.454,0,0,0.144,0,0,0.047,0,0
15/01/2015 23:00,0,0,0,0,0,0,0,0,0.518,0,0,0,0,0,0.248,0,0
16/01/2015 00:00,0.2,0,0.4,0,0.2,0,0,0,0.52,0,0,0,0,0,0.449,0,0
16/01/2015 01:00,28.8,6.2,11.9,0,3.7,0.3,0.111,0,0.487,0,0,0,0,0,0.624,0,0
16/01/2015 02:00,47.4,20.5,27,7.6,17.1,10.5,0.329,0,0.421,0,0,0,0,0.035,0.705,0,0
16/01/2015 03:00,59.9,32.6,37.5,23.4,30.4,25.7,0.527,0,0.317,0,0,0,0.068,0.243,0.725,0,0
16/01/2015 04:00,67.1,40.3,43.3,35.8,39.7,36.8,0.639,0,0.196,0,0,0,0.235,0.451,0.691,0.078,0
16/01/2015 05:00,69.3,44.1,44.2,43,44.6,43.2,0.689,0,0.072,0,0,0,0.413,0.557,0.589,0.214,0
16/01/2015 06:00,68.1,44.7,42,45.7,46.2,45.2,0.685,0,0,0,0.014,0,0.552,0.415,0.513,0.336,0
16/01/2015 07:00,62,41.7,37.4,45.1,44.8,44.8,0.631,0,0,0.014,0.194,0,0.63,0.417,0.339,0.423,0
16/01/2015 08:00,50.8,35.1,27.8,40.8,40.2,41,0.517,0,0,0.271,0.399,0,0.661,0.521,0.156,0.481,0.102
16/01/2015 09:00,34.1,23.9,16.3,33.3,32.4,34.7,0.337,0,0,0.496,0.57,0,0.631,0.456,0.001,0.494,0.366
16/01/2015 10:00,13,11.4,5.2,21.6,21.3,24,0.112,0,0,0.644,0.635,0,0.543,0.292,0,0.4,0.559
16/01/2015 11:00,0,1.4,0.1,7.7,8.8,10.5,0,0.076,0,0.731,0.678,0,0.428,0.097,0,0.319,0.69
16/01/2015 12:00,0,0,0,0.1,0.3,0.6,0,0.264,0,0.77,0.686,0.046,0.297,0,0,0.284,0.765
16/01/2015 13:00,0,0,0,0,0,0,0,0.445,0,0.759,0.65,0.246,0.137,0,0,0.169,0.791
16/01/2015 14:00,0,0,0,0,0,0,0,0.586,0,0.709,0.567,0.491,0.038,0,0,0.062,0.764
16/01/2015 15:00,0,0,0,0,0,0,0,0.685,0,0.61,0.428,0.656,0,0,0,0,0.677
16/01/2015 16:00,0,0,0,0,0,0,0,0.718,0,0.46,0.229,0.747,0,0,0,0,0.543
16/01/2015 17:00,0,0,0,0,0,0,0,0.7,0,0.246,0.034,0.787,0,0,0,0,0.349
16/01/2015 18:00,0,0,0,0,0,0,0,0.658,0.016,0.024,0,0.77,0,0,0,0,0.101
16/01/2015 19:00,0,0,0,0,0,0,0,0.556,0.057,0,0,0.709,0,0,0,0,0
16/01/2015 20:00,0,0,0,0,0,0,0,0.422,0.115,0,0,0.596,0,0,0,0,0
16/01/2015 21:00,0,0,0,0,0,0,0,0.219,0.176,0,0,0.398,0,0,0,0,0
16/01/2015 22:00,0,0,0,0,0,0,0,0.028,0.239,0,0,0.137,0,0,0.065,0,0
16/01/2015 23:00,0,0,0,0,0,0,0,0,0.281,0,0,0,0,0,0.292,0,0
17/01/2015 00:00,0.2,0,0.3,0,0.3,0,0,0,0.292,0,0,0,0,0,0.475,0,0
17/01/2015 01:00,26.6,6.1,9.9,0.1,4.3,0.4,0.156,0,0.299,0,0,0,0,0,0.605,0,0
17/01/2015 02:00,45.6,21.1,24.2,9.2,18.3,12.6,0.392,0,0.302,0,0,0,0,0.041,0.684,0,0
17/01/2015 03:00,59.3,33.6,34.8,25.8,31.3,28.1,0.531,0,0.253,0,0,0,0.054,0.257,0.714,0,0
17/01/2015 04:00,65.7,41.2,40.6,38.2,40.2,38.8,0.638,0,0.164,0,0,0,0.192,0.468,0.699,0.075,0
17/01/2015 05:00,66.9,44.8,42.7,45.1,45,45.1,0.687,0,0.056,0,0,0,0.354,0.609,0.627,0.216,0
17/01/2015 06:00,63.3,44.8,40.4,49,45.5,47.7,0.703,0,0,0,0.012,0,0.52,0.656,0.519,0.355,0
17/01/2015 07:00,51,41.5,35.5,48.3,44.1,47.1,0.642,0,0,0.014,0.174,0,0.643,0.664,0.351,0.458,0
17/01/2015 08:00,33.7,34.8,25.3,44.2,39.5,43.3,0.522,0,0,0.264,0.382,0,0.661,0.616,0.152,0.5,0.085
17/01/2015 09:00,17.2,24.7,15.1,35.5,31.3,35.5,0.284,0,0,0.474,0.54,0,0.657,0.53,0,0.5,0.32
17/01/2015 10:00,4.8,11.9,5.4,23.9,20.1,24.7,0.083,0,0,0.623,0.63,0,0.607,0.354,0,0.488,0.507
17/01/2015 11:00,0,1.6,0.1,9.4,7.6,11,0,0.075,0,0.723,0.662,0,0.507,0.099,0,0.426,0.655
17/01/2015 12:00,0,0,0,0.1,0.2,0.7,0,0.283,0,0.766,0.673,0.038,0.369,0,0,0.327,0.732
17/01/2015 13:00,0,0,0,0,0,0,0,0.502,0,0.758,0.618,0.22,0.201,0,0,0.198,0.769
17/01/2015 14:00,0,0,0,0,0,0,0,0.619,0,0.707,0.519,0.401,0.062,0,0,0.084,0.75
17/01/2015 15:00,0,0,0,0,0,0,0,0.696,0,0.608,0.369,0.635,0,0,0,0.002,0.674
17/01/2015 16:00,0,0,0,0,0,0,0,0.724,0,0.455,0.166,0.731,0,0,0,0,0.537
17/01/2015 17:00,0,0,0,0,0,0,0,0.692,0,0.24,0.019,0.752,0,0,0,0,0.338
17/01/2015 18:00,0,0,0,0,0,0,0,0.66,0.041,0.023,0,0.713,0,0,0,0,0.103
17/01/2015 19:00,0,0,0,0,0,0,0,0.574,0.156,0,0,0.62,0,0,0,0,0
17/01/2015 20:00,0,0,0,0,0,0,0,0.432,0.297,0,0,0.485,0,0,0,0,0
17/01/2015 21:00,0,0,0,0,0,0,0,0.218,0.415,0,0,0.312,0,0,0,0,0
17/01/2015 22:00,0,0,0,0,0,0,0,0.027,0.488,0,0,0.107,0,0,0.048,0,0
17/01/2015 23:00,0,0,0,0,0,0,0,0,0.503,0,0,0,0,0,0.234,0,0
18/01/2015 00:00,0.2,0,0.3,0,0.3,0,0,0,0.487,0,0,0,0,0,0.416,0,0
18/01/2015 01:00,23.1,7.9,11,0.1,4.3,0.5,0.084,0,0.467,0,0,0,0,0,0.56,0,0
18/01/2015 02:00,42.2,24.2,25.8,10.7,18,12.5,0.269,0,0.36,0,0,0,0,0.014,0.626,0,0
18/01/2015 03:00,55.9,36.3,36.2,27.3,30.6,28,0.443,0,0.241,0,0,0,0.015,0.059,0.662,0,0
18/01/2015 04:00,62.6,43.7,42.2,39,39.1,38.8,0.557,0,0.115,0,0,0,0.062,0.13,0.658,0.059,0
18/01/2015 05:00,61.7,47.2,44.2,45.3,44.1,44.8,0.606,0,0.027,0,0,0,0.13,0.337,0.608,0.165,0
18/01/2015 06:00,55.3,47.3,42,47.2,45.5,47.1,0.622,0,0,0,0.009,0,0.217,0.545,0.495,0.269,0
18/01/2015 07:00,44.7,44.1,37.1,46.4,43.9,46.5,0.562,0,0,0.015,0.144,0,0.284,0.598,0.358,0.339,0
18/01/2015 08:00,32.6,37.4,28.7,42.2,39.3,42.7,0.443,0,0,0.272,0.323,0,0.32,0.552,0.159,0.377,0.122
18/01/2015 09:00,16.3,26,16.7,34.1,31.1,35.7,0.268,0,0,0.482,0.481,0,0.306,0.421,0,0.383,0.385
18/01/2015 10:00,4.8,13,5.9,22.5,20,25,0.078,0,0,0.564,0.569,0,0.259,0.229,0,0.359,0.577
18/01/2015 11:00,0,1.9,0.1,8.3,7.6,11.3,0,0.03,0,0.653,0.617,0,0.196,0.056,0,0.273,0.708
18/01/2015 12:00,0,0,0,0.1,0.2,0.8,0,0.162,0,0.71,0.581,0.043,0.15,0,0,0.187,0.782
18/01/2015 13:00,0,0,0,0,0,0,0,0.304,0,0.652,0.508,0.244,0.094,0,0,0.128,0.81
18/01/2015 14:00,0,0,0,0,0,0,0,0.397,0,0.647,0.397,0.464,0.035,0,0,0.052,0.79
18/01/2015 15:00,0,0,0,0,0,0,0,0.43,0,0.619,0.27,0.615,0,0,0,0,0.719
18/01/2015 16:00,0,0,0,0,0,0,0,0.459,0,0.476,0.126,0.745,0,0,0,0,0.593
18/01/2015 17:00,0,0,0,0,0,0,0,0.472,0,0.255,0.013,0.751,0,0,0,0,0.403
18/01/2015 18:00,0,0,0,0,0,0,0,0.459,0.023,0.025,0,0.732,0,0,0,0,0.145
18/01/2015 19:00,0,0,0,0,0,0,0,0.401,0.1,0,0,0.601,0,0,0,0,0
18/01/2015 20:00,0,0,0,0,0,0,0,0.308,0.202,0,0,0.499,0,0,0,0,0
18/01/2015 21:00,0,0,0,0,0,0,0,0.156,0.292,0,0,0.279,0,0,0,0,0
18/01/2015 22:00,0,0,0,0,0,0,0,0.016,0.341,0,0,0.092,0,0,0.03,0,0
18/01/2015 23:00,0,0,0,0,0,0,0,0,0.347,0,0,0,0,0,0.194,0,0
19/01/2015 00:00,0.2,0,0.3,0,0.3,0,0,0,0.298,0,0,0,0,0,0.389,0,0
19/01/2015 01:00,23.1,8.6,9.8,0.1,4.1,0.5,0.092,0,0.231,0,0,0,0,0,0.532,0,0
19/01/2015 02:00,43.4,24.9,24.9,10.5,18.1,13.2,0.285,0,0.177,0,0,0,0,0.025,0.624,0,0
19/01/2015 03:00,56.9,36.9,37.7,26.9,30.9,28.4,0.41,0,0.121,0,0,0,0.053,0.142,0.676,0,0
19/01/2015 04:00,63.9,44.1,43.7,38.6,39.6,39,0.524,0,0.071,0,0,0,0.147,0.221,0.685,0.033,0
19/01/2015 05:00,63.5,47.6,46,45.2,44.5,45,0.581,0,0.021,0,0,0,0.235,0.244,0.632,0.106,0
19/01/2015 06:00,59.2,47,43.7,47.8,46.1,47.5,0.541,0,0,0,0.01,0,0.304,0.33,0.514,0.209,0
19/01/2015 07:00,51.6,43.8,39,47.1,44.6,46.9,0.489,0,0,0.012,0.161,0,0.337,0.441,0.359,0.288,0
19/01/2015 08:00,38.8,37.1,31.7,42.9,39.9,43.1,0.38,0,0,0.248,0.361,0,0.319,0.458,0.155,0.321,0.125
19/01/2015 09:00,24.6,26.7,20.3,34.2,31.9,35.4,0.224,0,0,0.494,0.492,0,0.284,0.421,0.002,0.324,0.387
19/01/2015 10:00,9.3,13.4,7,22.6,20.7,24.7,0.064,0,0,0.653,0.556,0,0.244,0.324,0,0.307,0.576
19/01/2015 11:00,0,1.9,0.1,8.5,8,11,0,0.08,0,0.748,0.545,0,0.185,0.121,0,0.282,0.706
19/01/2015 12:00,0,0,0,0.1,0.3,0.8,0,0.278,0,0.789,0.52,0.066,0.138,0,0,0.237,0.781
19/01/2015 13:00,0,0,0,0,0,0,0,0.427,0,0.782,0.463,0.323,0.086,0,0,0.148,0.806
19/01/2015 14:00,0,0,0,0,0,0,0,0.542,0,0.732,0.367,0.556,0.025,0,0,0.069,0.782
19/01/2015 15:00,0,0,0,0,0,0,0,0.631,0,0.632,0.206,0.683,0,0,0,0.002,0.701
19/01/2015 16:00,0,0,0,0,0,0,0,0.661,0,0.479,0.093,0.759,0,0,0,0,0.57
19/01/2015 17:00,0,0,0,0,0,0,0,0.622,0,0.26,0.008,0.793,0,0,0,0,0.378
19/01/2015 18:00,0,0,0,0,0,0,0,0.543,0.031,0.03,0,0.777,0,0,0,0,0.124
19/01/2015 19:00,0,0,0,0,0,0,0,0.478,0.108,0,0,0.712,0,0,0,0,0
19/01/2015 20:00,0,0,0,0,0,0,0,0.313,0.203,0,0,0.6,0,0,0,0,0
19/01/2015 21:00,0,0,0,0,0,0,0,0.152,0.292,0,0,0.437,0,0,0,0,0
19/01/2015 22:00,0,0,0,0,0,0,0,0.012,0.36,0,0,0.194,0,0,0.041,0,0
19/01/2015 23:00,0,0,0,0,0,0,0,0,0.356,0,0,0,0,0,0.236,0,0
20/01/2015 00:00,0.2,0,0.3,0,0.4,0,0,0,0.337,0,0,0,0,0,0.417,0,0
20/01/2015 01:00,26.5,8.4,11.9,0.1,4.5,0.5,0.102,0,0.314,0,0,0,0,0,0.537,0,0
20/01/2015 02:00,45.6,24.5,26.7,10.1,18.1,10.6,0.304,0,0.264,0,0,0,0,0.003,0.578,0,0
20/01/2015 03:00,58.4,36.6,38,26.1,30.7,25.2,0.481,0,0.197,0,0,0,0.078,0.029,0.584,0,0
20/01/2015 04:00,65.9,43.8,44.2,37.7,39.3,36.1,0.593,0,0.118,0,0,0,0.231,0.067,0.502,0.043,0
20/01/2015 05:00,68.2,47.2,46.7,44.1,44.1,42.5,0.651,0,0.041,0,0,0,0.353,0.292,0.437,0.168,0
20/01/2015 06:00,66.9,47.3,45.8,45.6,44.8,43.4,0.629,0,0,0,0.009,0,0.496,0.276,0.379,0.345,0
20/01/2015 07:00,59.9,44.1,41.4,44.6,43.3,42.9,0.578,0,0,0.02,0.18,0,0.571,0.304,0.276,0.397,0
20/01/2015 08:00,48.3,37.4,33.5,39.9,38.8,39,0.465,0,0,0.298,0.41,0,0.517,0.531,0.119,0.439,0.113
20/01/2015 09:00,32.2,26.5,20.9,30.3,30.2,31.5,0.288,0,0,0.515,0.596,0,0.425,0.423,0,0.458,0.371
20/01/2015 10:00,12.3,13.2,7.6,18.6,19,20.9,0.089,0,0,0.659,0.688,0,0.355,0.254,0,0.442,0.565
20/01/2015 11:00,0,1.8,0.2,6.1,7.1,8.7,0,0.035,0,0.746,0.728,0,0.292,0.076,0,0.39,0.698
20/01/2015 12:00,0,0,0,0.1,0.3,0.6,0,0.138,0,0.768,0.712,0.035,0.195,0,0,0.284,0.769
20/01/2015 13:00,0,0,0,0,0,0,0,0.227,0,0.755,0.604,0.215,0.091,0,0,0.195,0.796
20/01/2015 14:00,0,0,0,0,0,0,0,0.306,0,0.702,0.457,0.397,0.019,0,0,0.088,0.773
20/01/2015 15:00,0,0,0,0,0,0,0,0.44,0,0.622,0.309,0.558,0,0,0,0.003,0.693
20/01/2015 16:00,0,0,0,0,0,0,0,0.509,0,0.471,0.165,0.666,0,0,0,0,0.559
20/01/2015 17:00,0,0,0,0,0,0,0,0.517,0,0.257,0.023,0.722,0,0,0,0,0.353
20/01/2015 18:00,0,0,0,0,0,0,0,0.489,0.061,0.029,0,0.689,0,0,0,0,0.115
20/01/2015 19:00,0,0,0,0,0,0,0,0.433,0.19,0,0,0.616,0,0,0,0,0
20/01/2015 20:00,0,0,0,0,0,0,0,0.307,0.327,0,0,0.498,0,0,0,0,0
20/01/2015 21:00,0,0,0,0,0,0,0,0.164,0.445,0,0,0.306,0,0,0,0,0
20/01/2015 22:00,0,0,0,0,0,0,0,0.018,0.511,0,0,0.104,0,0,0.024,0,0
20/01/2015 23:00,0,0,0,0,0,0,0,0,0.548,0,0,0,0,0,0.185,0,0
21/01/2015 00:00,0.4,0,0.6,0,0.4,0,0,0,0.539,0,0,0,0,0,0.383,0,0
21/01/2015 01:00,29,8.1,13.3,0.1,3.9,0.3,0.131,0,0.491,0,0,0,0,0,0.535,0,0
21/01/2015 02:00,47.1,23.9,28.2,4,15.8,7.4,0.357,0,0.401,0,0,0,0,0,0.616,0,0
21/01/2015 03:00,59.1,36,38.4,13.8,29.3,19.1,0.507,0,0.289,0,0,0,0.04,0.034,0.644,0,0
21/01/2015 04:00,66.2,43.3,44.4,23.3,38.6,28.7,0.622,0,0.166,0,0,0,0.135,0.09,0.624,0.041,0
21/01/2015 05:00,68.5,46.8,46.7,29,43.9,34.8,0.677,0,0.055,0,0,0,0.196,0.174,0.565,0.127,0
21/01/2015 06:00,67.5,46.4,45.7,31.9,45.9,36.2,0.646,0,0,0,0.018,0,0.248,0.276,0.438,0.209,0
21/01/2015 07:00,61.3,43.2,41.3,33.1,44.2,34.4,0.593,0,0,0.007,0.239,0,0.305,0.366,0.245,0.271,0
21/01/2015 08:00,50.5,36.5,33.5,30.2,39.6,29.8,0.479,0,0,0.265,0.454,0,0.413,0.366,0.084,0.343,0.059
21/01/2015 09:00,34.6,26.4,22.1,23.3,31,23.5,0.305,0,0,0.517,0.601,0,0.422,0.292,0,0.452,0.264
21/01/2015 10:00,13.5,13,8.2,14.2,20.2,16,0.099,0,0,0.664,0.689,0,0.377,0.189,0,0.467,0.467
21/01/2015 11:00,0,1.7,0.2,4.5,7.6,6.9,0,0.049,0,0.752,0.726,0,0.28,0.067,0,0.402,0.66
21/01/2015 12:00,0,0,0,0.1,0.3,0.5,0,0.186,0,0.796,0.741,0.03,0.202,0,0,0.311,0.755
21/01/2015 13:00,0,0,0,0,0,0,0,0.318,0,0.791,0.689,0.178,0.114,0,0,0.188,0.775
21/01/2015 14:00,0,0,0,0,0,0,0,0.464,0,0.743,0.587,0.324,0.03,0,0,0.088,0.746
21/01/2015 15:00,0,0,0,0,0,0,0,0.629,0,0.647,0.435,0.478,0,0,0,0.003,0.664
21/01/2015 16:00,0,0,0,0,0,0,0,0.66,0,0.497,0.234,0.579,0,0,0,0,0.564
21/01/2015 17:00,0,0,0,0,0,0,0,0.625,0,0.282,0.035,0.608,0,0,0,0,0.38
21/01/2015 18:00,0,0,0,0,0,0,0,0.517,0.06,0.037,0,0.558,0,0,0,0,0.134
21/01/2015 19:00,0,0,0,0,0,0,0,0.342,0.202,0,0,0.49,0,0,0,0,0
21/01/2015 20:00,0,0,0,0,0,0,0,0.197,0.344,0,0,0.352,0,0,0,0,0
21/01/2015 21:00,0,0,0,0,0,0,0,0.086,0.442,0,0,0.187,0,0,0,0,0
21/01/2015 22:00,0,0,0,0,0,0,0,0.006,0.543,0,0,0.054,0,0,0.05,0,0
21/01/2015 23:00,0,0,0,0,0,0,0,0,0.616,0,0,0,0,0,0.267,0,0
22/01/2015 00:00,0.4,0,0.6,0,0.5,0,0,0,0.619,0,0,0,0,0,0.469,0,0
22/01/2015 01:00,28.4,8.5,12.9,0.1,4.6,0.3,0.17,0,0.593,0,0,0,0,0,0.578,0,0
22/01/2015 02:00,46.6,24.1,26.9,6.3,18.1,9,0.407,0,0.516,0,0,0,0,0.031,0.626,0,0
22/01/2015 03:00,59.5,36.1,39,19.8,30.4,22.3,0.576,0,0.393,0,0,0,0.032,0.188,0.64,0,0
22/01/2015 04:00,66.5,43.2,45,31.1,38.9,32.7,0.675,0,0.243,0,0,0,0.113,0.401,0.636,0.052,0
22/01/2015 05:00,68.7,46.6,47.3,38.4,43.7,39.8,0.722,0,0.088,0,0,0,0.242,0.621,0.566,0.16,0
22/01/2015 06:00,66.9,46.7,45.6,40.2,44.2,41.9,0.694,0,0,0,0.014,0,0.438,0.664,0.449,0.263,0
22/01/2015 07:00,60,43.5,41.2,39,43,40.8,0.637,0,0,0.026,0.196,0,0.534,0.677,0.305,0.343,0
22/01/2015 08:00,48.4,36.8,33.3,34.4,38.6,37.4,0.523,0,0,0.327,0.396,0,0.578,0.634,0.131,0.352,0.096
22/01/2015 09:00,32.7,26.6,22,27.1,30.4,30,0.332,0,0,0.541,0.554,0,0.54,0.539,0,0.352,0.361
22/01/2015 10:00,11.8,13.4,8.1,16.7,20.2,20.9,0.113,0,0,0.68,0.654,0,0.455,0.359,0,0.306,0.568
22/01/2015 11:00,0,1.9,0.2,5.9,8.2,9.4,0,0.022,0,0.766,0.702,0,0.406,0.138,0,0.264,0.705
22/01/2015 12:00,0,0,0,0.1,0.3,0.8,0,0.116,0,0.801,0.709,0.03,0.307,0,0,0.208,0.773
22/01/2015 13:00,0,0,0,0,0,0,0,0.247,0,0.796,0.66,0.185,0.174,0,0,0.149,0.781
22/01/2015 14:00,0,0,0,0,0,0,0,0.39,0,0.726,0.564,0.323,0.054,0,0,0.067,0.747
22/01/2015 15:00,0,0,0,0,0,0,0,0.508,0,0.572,0.413,0.446,0,0,0,0,0.686
22/01/2015 16:00,0,0,0,0,0,0,0,0.604,0,0.435,0.213,0.577,0,0,0,0,0.572
22/01/2015 17:00,0,0,0,0,0,0,0,0.63,0,0.228,0.035,0.678,0,0,0,0,0.382
22/01/2015 18:00,0,0,0,0,0,0,0,0.592,0.063,0.03,0,0.655,0,0,0,0,0.134
22/01/2015 19:00,0,0,0,0,0,0,0,0.514,0.208,0,0,0.602,0,0,0,0,0
22/01/2015 20:00,0,0,0,0,0,0,0,0.364,0.365,0,0,0.501,0,0,0,0,0
22/01/2015 21:00,0,0,0,0,0,0,0,0.189,0.487,0,0,0.351,0,0,0,0,0
22/01/2015 22:00,0,0,0,0,0,0,0,0.024,0.544,0,0,0.137,0,0,0.04,0,0
22/01/2015 23:00,0,0,0,0,0,0,0,0,0.518,0,0,0,0,0,0.24,0,0
23/01/2015 00:00,0.3,0,0.6,0,0.5,0,0,0,0.463,0,0,0,0,0,0.423,0,0
23/01/2015 01:00,25.3,7.2,12.1,0,4.5,0.3,0.155,0,0.414,0,0,0,0,0,0.549,0,0
23/01/2015 02:00,44.8,20.7,25.9,7.3,17.2,8.8,0.386,0,0.357,0,0,0,0,0.056,0.589,0,0
23/01/2015 03:00,57.7,32.6,36.2,22.2,31.5,21.4,0.569,0,0.274,0,0,0,0.069,0.279,0.605,0,0
23/01/2015 04:00,64.7,40,41.3,34.7,40.6,32.6,0.672,0,0.207,0,0,0,0.195,0.505,0.604,0.073,0
23/01/2015 05:00,66.4,43.8,42.7,41.7,45.1,40,0.718,0,0.088,0,0,0,0.316,0.643,0.537,0.212,0
23/01/2015 06:00,64.1,44.1,41.8,44.7,46.5,42.1,0.7,0,0,0,0.014,0,0.403,0.703,0.41,0.318,0
23/01/2015 07:00,58.4,40.9,38,44,44.8,41.4,0.645,0,0,0.002,0.206,0,0.449,0.714,0.263,0.372,0
23/01/2015 08:00,47.5,34.6,30.6,40.2,40.2,37.8,0.533,0,0,0.07,0.42,0,0.467,0.662,0.101,0.391,0.112
23/01/2015 09:00,31.5,24.1,19.1,31.8,32.2,31.1,0.358,0,0,0.15,0.571,0,0.442,0.486,0,0.381,0.369
23/01/2015 10:00,11.5,11.4,6.5,20.6,20.8,21.1,0.131,0,0,0.245,0.639,0,0.399,0.314,0,0.329,0.562
23/01/2015 11:00,0,1.5,0.1,7.6,8.3,9.4,0,0.077,0,0.336,0.685,0,0.34,0.112,0,0.275,0.694
23/01/2015 12:00,0,0,0,0.1,0.3,0.8,0,0.29,0,0.404,0.719,0.063,0.234,0,0,0.204,0.772
23/01/2015 13:00,0,0,0,0,0,0,0,0.448,0,0.389,0.672,0.31,0.116,0,0,0.107,0.797
23/01/2015 14:00,0,0,0,0,0,0,0,0.562,0,0.379,0.583,0.559,0.025,0,0,0.037,0.771
23/01/2015 15:00,0,0,0,0,0,0,0,0.635,0,0.42,0.445,0.689,0,0,0,0,0.694
23/01/2015 16:00,0,0,0,0,0,0,0,0.694,0,0.384,0.249,0.761,0,0,0,0,0.564
23/01/2015 17:00,0,0,0,0,0,0,0,0.68,0,0.214,0.042,0.785,0,0,0,0,0.375
23/01/2015 18:00,0,0,0,0,0,0,0,0.617,0.062,0.024,0,0.759,0,0,0,0,0.123
23/01/2015 19:00,0,0,0,0,0,0,0,0.539,0.219,0,0,0.703,0,0,0,0,0
23/01/2015 20:00,0,0,0,0,0,0,0,0.374,0.398,0,0,0.589,0,0,0,0,0
23/01/2015 21:00,0,0,0,0,0,0,0,0.18,0.537,0,0,0.432,0,0,0,0,0
23/01/2015 22:00,0,0,0,0,0,0,0,0.02,0.633,0,0,0.192,0,0,0.034,0,0
23/01/2015 23:00,0,0,0,0,0,0,0,0,0.681,0,0,0,0,0,0.2,0,0
24/01/2015 00:00,0.2,0,0.5,0,0.3,0,0,0,0.683,0,0,0,0,0,0.367,0,0
24/01/2015 01:00,22.6,7.2,11.9,0.1,4.3,0.3,0.156,0,0.642,0,0,0,0,0,0.475,0,0
24/01/2015 02:00,44.1,22.2,26.4,10,17.1,8.9,0.381,0,0.553,0,0,0,0,0.05,0.514,0,0
24/01/2015 03:00,56.7,33.1,36.3,26.2,30.5,23.4,0.548,0,0.428,0,0,0,0.069,0.27,0.528,0,0
24/01/2015 04:00,64.4,40.6,42.6,38.1,39.1,34.7,0.646,0,0.261,0,0,0,0.211,0.483,0.507,0.037,0
24/01/2015 05:00,66.9,44.1,45.3,44.9,43.7,41.2,0.69,0,0.091,0,0,0,0.336,0.621,0.447,0.084,0
24/01/2015 06:00,64.3,43.5,44.3,46.3,44.8,43,0.636,0,0,0,0,0,0.425,0.673,0.353,0.134,0
24/01/2015 07:00,55.6,39.2,39.9,44.9,43.3,42.2,0.572,0,0,0.023,0.059,0,0.564,0.686,0.238,0.233,0
24/01/2015 08:00,42.1,31.2,32.3,38.9,38.4,38.3,0.452,0,0,0.3,0.158,0,0.667,0.641,0.094,0.31,0.074
24/01/2015 09:00,24.1,21.4,20.8,26.5,30.4,30.8,0.248,0,0,0.511,0.277,0,0.693,0.558,0,0.344,0.285
24/01/2015 10:00,7.7,10.1,7.4,15.5,19.4,20.8,0.076,0,0,0.624,0.424,0,0.646,0.382,0,0.251,0.485
24/01/2015 11:00,0,1.2,0.2,5.7,7.1,9,0,0.02,0,0.605,0.583,0,0.551,0.15,0,0.213,0.67
24/01/2015 12:00,0,0,0,0.1,0.3,0.8,0,0.125,0,0.462,0.634,0.076,0.406,0,0,0.161,0.731
24/01/2015 13:00,0,0,0,0,0,0,0,0.267,0,0.428,0.591,0.329,0.227,0,0,0.114,0.755
24/01/2015 14:00,0,0,0,0,0,0,0,0.43,0,0.656,0.458,0.571,0.061,0,0,0.053,0.713
24/01/2015 15:00,0,0,0,0,0,0,0,0.581,0,0.618,0.277,0.709,0,0,0,0,0.622
24/01/2015 16:00,0,0,0,0,0,0,0,0.648,0,0.469,0.117,0.783,0,0,0,0,0.478
24/01/2015 17:00,0,0,0,0,0,0,0,0.65,0,0.255,0.012,0.809,0,0,0,0,0.312
24/01/2015 18:00,0,0,0,0,0,0,0,0.636,0.06,0.029,0,0.791,0,0,0,0,0.073
24/01/2015 19:00,0,0,0,0,0,0,0,0.529,0.204,0,0,0.725,0,0,0,0,0
24/01/2015 20:00,0,0,0,0,0,0,0,0.376,0.37,0,0,0.596,0,0,0,0,0
24/01/2015 21:00,0,0,0,0,0,0,0,0.204,0.503,0,0,0.427,0,0,0,0,0
24/01/2015 22:00,0,0,0,0,0,0,0,0.026,0.614,0,0,0.18,0,0,0.035,0,0
24/01/2015 23:00,0,0,0,0,0,0,0,0,0.676,0,0,0,0,0,0.225,0,0
25/01/2015 00:00,0.4,0,0.6,0,0.2,0,0,0,0.688,0,0,0,0,0,0.423,0,0
25/01/2015 01:00,27,7.9,13.7,0.1,4.2,0.3,0.116,0,0.649,0,0,0,0,0,0.541,0,0
25/01/2015 02:00,45.9,22.2,28.4,10,17.9,7.8,0.325,0,0.559,0,0,0,0,0.081,0.603,0,0
25/01/2015 03:00,58.8,34.4,38.8,25.8,30,20.2,0.505,0,0.417,0,0,0,0.071,0.342,0.596,0,0
25/01/2015 04:00,66.3,41.7,45,37.4,38.6,29.6,0.618,0,0.249,0,0,0,0.218,0.55,0.571,0.059,0
25/01/2015 05:00,68.5,45.5,47.1,44.1,43.5,35.5,0.671,0,0.088,0,0,0,0.376,0.677,0.523,0.218,0
25/01/2015 06:00,66.3,45.3,44.4,47.2,45,38,0.659,0,0,0,0.013,0,0.5,0.718,0.418,0.387,0
25/01/2015 07:00,59.6,42,40.6,46.6,43.5,37.8,0.603,0,0,0.021,0.162,0,0.573,0.727,0.272,0.51,0
25/01/2015 08:00,47.2,35.3,33.3,42.4,39,34.2,0.49,0,0,0.29,0.325,0,0.582,0.681,0.106,0.585,0.045
25/01/2015 09:00,29.9,24.3,21.5,34.2,31.8,28,0.319,0,0,0.486,0.467,0,0.526,0.561,0,0.612,0.201
25/01/2015 10:00,10.1,11.6,7.9,22.9,21.5,18.9,0.111,0,0,0.636,0.595,0,0.438,0.387,0,0.588,0.361
25/01/2015 11:00,0,1.6,0.3,9,9.5,8.5,0,0.055,0,0.72,0.677,0,0.33,0.155,0,0.526,0.521
25/01/2015 12:00,0,0,0,0.3,0.4,0.8,0,0.237,0,0.752,0.678,0.073,0.19,0,0,0.416,0.568
25/01/2015 13:00,0,0,0,0,0,0,0,0.4,0,0.747,0.643,0.314,0.084,0,0,0.27,0.521
25/01/2015 14:00,0,0,0,0,0,0,0,0.513,0,0.685,0.551,0.574,0.015,0,0,0.11,0.368
25/01/2015 15:00,0,0,0,0,0,0,0,0.607,0,0.568,0.386,0.705,0,0,0,0.007,0.224
25/01/2015 16:00,0,0,0,0,0,0,0,0.663,0,0.428,0.191,0.776,0,0,0,0,0.164
25/01/2015 17:00,0,0,0,0,0,0,0,0.657,0,0.245,0.025,0.799,0,0,0,0,0.112
25/01/2015 18:00,0,0,0,0,0,0,0,0.617,0.059,0.031,0,0.773,0,0,0,0,0.028
25/01/2015 19:00,0,0,0,0,0,0,0,0.556,0.214,0,0,0.709,0,0,0,0,0
25/01/2015 20:00,0,0,0,0,0,0,0,0.426,0.386,0,0,0.592,0,0,0,0,0
25/01/2015 21:00,0,0,0,0,0,0,0,0.231,0.533,0,0,0.373,0,0,0,0,0
25/01/2015 22:00,0,0,0,0,0,0,0,0.032,0.63,0,0,0.149,0,0,0.066,0,0
25/01/2015 23:00,0,0,0,0,0,0,0,0,0.681,0,0,0,0,0,0.298,0,0
26/01/2015 00:00,0.3,0,0.6,0,0.4,0,0,0,0.686,0,0,0,0,0,0.496,0,0
26/01/2015 01:00,24.5,7.2,12.2,0,4.8,0.3,0.157,0,0.647,0,0,0,0,0,0.625,0,0
26/01/2015 02:00,44.1,21.1,27.5,10,18.9,10.1,0.384,0,0.563,0,0,0,0,0.074,0.708,0,0
26/01/2015 03:00,56.7,32.3,37.7,24.8,31,24.3,0.526,0,0.432,0,0,0,0.07,0.323,0.743,0,0
26/01/2015 04:00,63.9,39.8,43.7,36,40,34.6,0.631,0,0.265,0,0,0,0.221,0.527,0.703,0.056,0
26/01/2015 05:00,66.3,43,46.2,42.7,44.8,41.2,0.681,0,0.091,0,0,0,0.372,0.648,0.673,0.219,0
26/01/2015 06:00,64.5,41.6,44.1,46.4,46.1,43.7,0.67,0,0,0,0.021,0,0.472,0.671,0.516,0.382,0
26/01/2015 07:00,57.7,38.4,39.7,45.6,44.6,42.8,0.613,0,0,0.001,0.24,0,0.511,0.698,0.358,0.497,0
26/01/2015 08:00,46.1,31.7,31.8,41.3,40.2,38.6,0.501,0,0,0.15,0.446,0,0.527,0.651,0.166,0.568,0.009
26/01/2015 09:00,29.1,21.8,20.2,33.7,32.6,31.1,0.292,0,0,0.362,0.591,0,0.477,0.554,0.004,0.568,0.074
26/01/2015 10:00,9.6,10.3,7,22.7,21.6,21.8,0.092,0,0,0.396,0.676,0,0.425,0.364,0,0.546,0.153
26/01/2015 11:00,0,1.4,0.2,9.2,8.5,10.3,0,0.041,0,0.377,0.716,0,0.303,0.132,0,0.483,0.21
26/01/2015 12:00,0,0,0,0.3,0.3,1,0,0.192,0,0.357,0.732,0.063,0.179,0,0,0.372,0.244
26/01/2015 13:00,0,0,0,0,0,0,0,0.373,0,0.325,0.669,0.299,0.088,0,0,0.231,0.268
26/01/2015 14:00,0,0,0,0,0,0,0,0.564,0,0.28,0.572,0.56,0.018,0,0,0.106,0.253
26/01/2015 15:00,0,0,0,0,0,0,0,0.67,0,0.261,0.425,0.69,0,0,0,0.007,0.191
26/01/2015 16:00,0,0,0,0,0,0,0,0.712,0,0.192,0.237,0.764,0,0,0,0,0.135
26/01/2015 17:00,0,0,0,0,0,0,0,0.701,0,0.061,0.041,0.787,0,0,0,0,0.064
26/01/2015 18:00,0,0,0,0,0,0,0,0.659,0.058,0.001,0,0.767,0,0,0,0,0.012
26/01/2015 19:00,0,0,0,0,0,0,0,0.527,0.21,0,0,0.687,0,0,0,0,0
26/01/2015 20:00,0,0,0,0,0,0,0,0.383,0.379,0,0,0.51,0,0,0,0,0
26/01/2015 21:00,0,0,0,0,0,0,0,0.193,0.52,0,0,0.317,0,0,0,0,0
26/01/2015 22:00,0,0,0,0,0,0,0,0.023,0.612,0,0,0.119,0,0,0.077,0,0
26/01/2015 23:00,0,0,0,0,0,0,0,0,0.654,0,0,0,0,0,0.299,0,0
27/01/2015 00:00,0.2,0.1,0.8,0,0.3,0,0,0,0.665,0,0,0,0,0,0.499,0,0
27/01/2015 01:00,13.3,5.1,11.8,0.1,4.1,0.4,0.131,0,0.62,0,0,0,0,0,0.627,0,0
27/01/2015 02:00,34.4,17.4,24.9,10.7,18.5,12.4,0.339,0,0.515,0,0,0,0,0.036,0.705,0,0
27/01/2015 03:00,51.2,29,34.8,26.5,31.8,27.3,0.501,0,0.374,0,0,0,0.052,0.234,0.756,0,0
27/01/2015 04:00,60.1,37,41.1,39,40.7,38,0.581,0,0.221,0,0,0,0.175,0.453,0.721,0.073,0
27/01/2015 05:00,64,40.9,43.6,46.1,45.4,44.1,0.612,0,0.075,0,0,0,0.289,0.598,0.671,0.226,0
27/01/2015 06:00,63.8,41.7,41.1,49.3,47.2,45.7,0.599,0,0,0,0.015,0,0.429,0.632,0.553,0.36,0
27/01/2015 07:00,58.6,39,36,48.6,45.3,44.6,0.527,0,0,0.025,0.161,0,0.574,0.652,0.365,0.458,0
27/01/2015 08:00,47.3,32.5,28.6,44.3,40.2,40.7,0.417,0,0,0.301,0.341,0,0.616,0.609,0.155,0.523,0.012
27/01/2015 09:00,29.3,22.5,18.3,36,32.2,33.8,0.275,0,0,0.512,0.49,0,0.593,0.508,0.003,0.557,0.083
27/01/2015 10:00,10.7,11,6.7,24.5,21.1,24,0.102,0,0,0.649,0.568,0,0.519,0.333,0,0.518,0.187
27/01/2015 11:00,0,1.7,0.2,10.2,8.5,11.5,0,0.057,0,0.711,0.59,0,0.386,0.122,0,0.406,0.401
27/01/2015 12:00,0,0,0,0.3,0.4,1.2,0,0.195,0,0.687,0.557,0.064,0.213,0,0,0.296,0.667
27/01/2015 13:00,0,0,0,0,0,0,0,0.318,0,0.603,0.506,0.303,0.096,0,0,0.184,0.772
27/01/2015 14:00,0,0,0,0,0,0,0,0.443,0,0.476,0.483,0.556,0.016,0,0,0.069,0.664
27/01/2015 15:00,0,0,0,0,0,0,0,0.537,0,0.387,0.385,0.688,0,0,0,0,0.498
27/01/2015 16:00,0,0,0,0,0,0,0,0.608,0,0.348,0.216,0.761,0,0,0,0,0.285
27/01/2015 17:00,0,0,0,0,0,0,0,0.673,0,0.199,0.037,0.773,0,0,0,0,0.154
27/01/2015 18:00,0,0,0,0,0,0,0,0.633,0.061,0.028,0,0.767,0,0,0,0,0.068
27/01/2015 19:00,0,0,0,0,0,0,0,0.561,0.194,0,0,0.691,0,0,0,0,0
27/01/2015 20:00,0,0,0,0,0,0,0,0.39,0.319,0,0,0.576,0,0,0,0,0
27/01/2015 21:00,0,0,0,0,0,0,0,0.205,0.39,0,0,0.389,0,0,0,0,0
27/01/2015 22:00,0,0,0,0,0,0,0,0.026,0.411,0,0,0.135,0,0,0.075,0,0
27/01/2015 23:00,0,0,0,0,0,0,0,0,0.429,0,0,0,0,0,0.314,0,0
28/01/2015 00:00,0.2,0,0.6,0,0.5,0,0,0,0.467,0,0,0,0,0,0.507,0,0
28/01/2015 01:00,16.7,6.8,12.4,0.1,5.2,0.5,0.112,0,0.449,0,0,0,0,0,0.641,0,0
28/01/2015 02:00,35.5,20.9,26.7,12.5,19.4,13.4,0.311,0,0.363,0,0,0,0,0.076,0.722,0,0
28/01/2015 03:00,53.9,32.7,37.4,28.3,32.9,28,0.472,0,0.261,0,0,0,0.034,0.331,0.752,0,0
28/01/2015 04:00,60.4,40.4,43,40.2,41.3,38.1,0.613,0,0.155,0,0,0,0.125,0.544,0.742,0.071,0
28/01/2015 05:00,57.8,44.1,44.8,47.2,45.9,44.6,0.663,0,0.053,0,0,0,0.24,0.673,0.684,0.203,0
28/01/2015 06:00,51.2,42.8,42,49.5,47.2,47.5,0.654,0,0,0,0.022,0,0.344,0.675,0.559,0.356,0
28/01/2015 07:00,46.3,39.9,38.4,48.8,45.7,47.2,0.599,0,0,0.005,0.226,0,0.413,0.681,0.407,0.493,0
28/01/2015 08:00,39.3,33.6,30.6,44.4,41,43.1,0.481,0,0,0.19,0.334,0,0.448,0.632,0.179,0.552,0.03
28/01/2015 09:00,28.7,23.6,19.1,36,32.9,35.7,0.306,0,0,0.288,0.392,0,0.464,0.539,0.006,0.558,0.124
28/01/2015 10:00,11.7,11.4,6.8,24.4,21.5,24.9,0.101,0,0,0.359,0.511,0,0.442,0.362,0,0.547,0.217
28/01/2015 11:00,0.1,1.6,0.2,9.8,8.8,11.9,0,0.07,0,0.4,0.494,0,0.386,0.137,0,0.488,0.292
28/01/2015 12:00,0,0,0,0.3,0.4,1.2,0,0.248,0,0.414,0.508,0.038,0.299,0,0,0.397,0.412
28/01/2015 13:00,0,0,0,0,0,0,0,0.359,0,0.368,0.498,0.2,0.166,0,0,0.267,0.513
28/01/2015 14:00,0,0,0,0,0,0,0,0.411,0,0.383,0.455,0.403,0.044,0,0,0.119,0.489
28/01/2015 15:00,0,0,0,0,0,0,0,0.486,0,0.289,0.358,0.571,0,0,0,0.008,0.386
28/01/2015 16:00,0,0,0,0,0,0,0,0.526,0,0.157,0.199,0.702,0,0,0,0,0.372
28/01/2015 17:00,0,0,0,0,0,0,0,0.523,0,0.061,0.028,0.726,0,0,0,0,0.24
28/01/2015 18:00,0,0,0,0,0,0,0,0.457,0.017,0,0,0.701,0,0,0,0,0.058
28/01/2015 19:00,0,0,0,0,0,0,0,0.338,0.095,0,0,0.618,0,0,0,0,0
28/01/2015 20:00,0,0,0,0,0,0,0,0.194,0.171,0,0,0.512,0,0,0,0,0
28/01/2015 21:00,0,0,0,0,0,0,0,0.076,0.22,0,0,0.343,0,0,0,0,0
28/01/2015 22:00,0,0,0,0,0,0,0,0.003,0.263,0,0,0.133,0,0,0.063,0,0
28/01/2015 23:00,0,0,0,0,0,0,0,0,0.277,0,0,0,0,0,0.285,0,0
29/01/2015 00:00,0.7,0,0.8,0,0.3,0,0,0,0.282,0,0,0,0,0,0.495,0,0
29/01/2015 01:00,28.3,5.6,12.5,0.1,4.1,0.5,0.06,0,0.269,0,0,0,0,0,0.651,0,0
29/01/2015 02:00,48.1,18,25.9,13,17.6,14.7,0.19,0,0.275,0,0,0,0,0.065,0.737,0,0
29/01/2015 03:00,60.2,28.9,35.9,29.1,30.8,29.6,0.305,0,0.247,0,0,0,0.068,0.299,0.758,0,0
29/01/2015 04:00,67,36,42.2,40.6,39.7,39.9,0.398,0,0.143,0,0,0,0.206,0.511,0.744,0.068,0
29/01/2015 05:00,69.3,39.9,44.7,47.2,44.5,46.1,0.422,0,0.042,0,0,0,0.362,0.642,0.686,0.225,0
29/01/2015 06:00,67.8,40.6,43.3,50,45.4,48.3,0.484,0,0,0,0.019,0,0.496,0.655,0.568,0.381,0
29/01/2015 07:00,60.6,38.4,38.8,49.4,43.2,47.7,0.49,0,0,0.026,0.235,0,0.583,0.622,0.389,0.492,0
29/01/2015 08:00,49.5,32.5,30.8,45,38.4,43.9,0.414,0,0,0.294,0.44,0,0.631,0.477,0.189,0.552,0.015
29/01/2015 09:00,32.1,21.8,18.5,37,30.3,36.3,0.256,0,0,0.451,0.589,0,0.635,0.318,0.005,0.566,0.1
29/01/2015 10:00,11.2,9.7,6.3,25.5,18.9,25.6,0.099,0,0,0.577,0.678,0,0.567,0.16,0,0.54,0.307
29/01/2015 11:00,0,1.4,0.2,10.9,6.8,12.3,0,0.036,0,0.712,0.717,0,0.409,0.042,0,0.481,0.638
29/01/2015 12:00,0,0,0,0.5,0.3,1.2,0,0.173,0,0.752,0.722,0.106,0.25,0,0,0.385,0.694
29/01/2015 13:00,0,0,0,0,0,0,0,0.337,0,0.743,0.678,0.394,0.101,0,0,0.257,0.682
29/01/2015 14:00,0,0,0,0,0,0,0,0.49,0,0.711,0.589,0.581,0.021,0,0,0.117,0.715
29/01/2015 15:00,0,0,0,0,0,0,0,0.579,0,0.613,0.436,0.705,0,0,0,0.007,0.479
29/01/2015 16:00,0,0,0,0,0,0,0,0.611,0,0.371,0.213,0.777,0,0,0,0,0.256
29/01/2015 17:00,0,0,0,0,0,0,0,0.587,0,0.116,0.027,0.8,0,0,0,0,0.121
29/01/2015 18:00,0,0,0,0,0,0,0,0.508,0.024,0.008,0,0.775,0,0,0,0,0.028
29/01/2015 19:00,0,0,0,0,0,0,0,0.384,0.093,0,0,0.703,0,0,0,0,0
29/01/2015 20:00,0,0,0,0,0,0,0,0.261,0.162,0,0,0.563,0,0,0,0,0
29/01/2015 21:00,0,0,0,0,0,0,0,0.126,0.223,0,0,0.375,0,0,0,0,0
29/01/2015 22:00,0,0,0,0,0,0,0,0.011,0.29,0,0,0.139,0,0,0.036,0,0
29/01/2015 23:00,0,0,0,0,0,0,0,0,0.341,0,0,0,0,0,0.181,0,0
30/01/2015 00:00,0.6,0,0.6,0,0.3,0,0,0,0.37,0,0,0,0,0,0.345,0,0
30/01/2015 01:00,28.5,6.2,10.7,0.1,3.9,0.6,0.187,0,0.376,0,0,0,0,0,0.504,0,0
30/01/2015 02:00,47.6,19.6,24.1,15.3,17.1,15.2,0.424,0,0.348,0,0,0,0,0.021,0.63,0,0
30/01/2015 03:00,60.3,31.6,34.2,31.2,30.4,30,0.562,0,0.275,0,0,0,0.072,0.138,0.706,0,0
30/01/2015 04:00,67.1,39.8,40.9,42.1,39.1,40.2,0.664,0,0.162,0,0,0,0.241,0.29,0.723,0.058,0
30/01/2015 05:00,68.3,43.9,44.2,48,43.8,46.2,0.715,0,0.051,0,0,0,0.396,0.435,0.685,0.22,0
30/01/2015 06:00,67.2,44.1,44.6,50.4,44.6,48.4,0.71,0,0,0,0.022,0,0.5,0.562,0.575,0.4,0
30/01/2015 07:00,58.6,41.3,40.5,49.5,42.2,47.8,0.655,0,0,0.002,0.245,0,0.541,0.611,0.407,0.521,0
30/01/2015 08:00,44.8,35,32.6,45.2,36.7,44,0.54,0,0,0.155,0.447,0,0.527,0.49,0.186,0.594,0.044
30/01/2015 09:00,26,25.3,21.3,37.5,28.3,36.9,0.361,0,0,0.377,0.594,0,0.443,0.34,0.007,0.612,0.171
30/01/2015 10:00,7.8,12.5,7.9,25.9,18.1,26.4,0.134,0,0,0.552,0.682,0,0.397,0.2,0,0.594,0.296
30/01/2015 11:00,0,1.7,0.3,11.2,7,12.8,0,0.027,0,0.589,0.721,0,0.328,0.064,0,0.531,0.472
30/01/2015 12:00,0,0,0,0.5,0.3,1.3,0,0.215,0,0.57,0.724,0.055,0.228,0,0,0.423,0.58
30/01/2015 13:00,0,0,0,0,0,0,0,0.392,0,0.451,0.673,0.261,0.135,0,0,0.278,0.618
30/01/2015 14:00,0,0,0,0,0,0,0,0.497,0,0.367,0.567,0.539,0.041,0,0,0.116,0.571
30/01/2015 15:00,0,0,0,0,0,0,0,0.528,0,0.334,0.407,0.694,0,0,0,0.007,0.353
30/01/2015 16:00,0,0,0,0,0,0,0,0.551,0,0.201,0.232,0.767,0,0,0,0,0.204
30/01/2015 17:00,0,0,0,0,0,0,0,0.514,0,0.108,0.04,0.784,0,0,0,0,0.155
30/01/2015 18:00,0,0,0,0,0,0,0,0.429,0.061,0.006,0,0.762,0,0,0,0,0.06
30/01/2015 19:00,0,0,0,0,0,0,0,0.311,0.206,0,0,0.681,0,0,0,0,0
30/01/2015 20:00,0,0,0,0,0,0,0,0.208,0.349,0,0,0.507,0,0,0,0,0
30/01/2015 21:00,0,0,0,0,0,0,0,0.084,0.467,0,0,0.342,0,0,0,0,0
30/01/2015 22:00,0,0,0,0,0,0,0,0.003,0.578,0,0,0.115,0,0,0.017,0,0
30/01/2015 23:00,0,0,0,0,0,0,0,0,0.64,0,0,0,0,0,0.131,0,0
31/01/2015 00:00,0.9,0,0.5,0,0.3,0,0,0,0.652,0,0,0,0,0,0.31,0,0
31/01/2015 01:00,29.9,10.5,12.2,0.1,4.8,0.8,0.197,0,0.613,0,0,0,0,0,0.477,0,0
31/01/2015 02:00,48.3,26.2,27.6,13,19.6,16,0.436,0,0.526,0,0,0,0,0.041,0.596,0,0
31/01/2015 03:00,61.5,36.9,39.3,29.1,32.2,30.6,0.606,0,0.401,0,0,0,0.042,0.216,0.65,0,0
31/01/2015 04:00,68.2,44.2,45.4,40.4,40.6,40.7,0.705,0,0.236,0,0,0,0.14,0.407,0.605,0.051,0
31/01/2015 05:00,69.7,47.8,47.9,46.6,45.5,46.4,0.749,0,0.077,0,0,0,0.276,0.541,0.545,0.23,0
31/01/2015 06:00,67.3,47.7,47,49.6,46.8,48.8,0.725,0,0,0,0.017,0,0.412,0.57,0.461,0.398,0
31/01/2015 07:00,59,44.5,42.6,48.7,45.2,48.2,0.669,0,0,0.009,0.196,0,0.523,0.553,0.333,0.515,0
31/01/2015 08:00,44.7,37.9,34.6,44.6,40.7,44.4,0.557,0,0,0.162,0.367,0,0.626,0.499,0.15,0.582,0.135
31/01/2015 09:00,24.1,27.1,22.4,35.8,32.7,36.8,0.372,0,0,0.384,0.506,0,0.666,0.383,0.003,0.597,0.388
31/01/2015 10:00,8.6,14,8.5,24.3,21.8,26.2,0.147,0,0,0.498,0.605,0,0.606,0.204,0,0.579,0.579
31/01/2015 11:00,0.1,2.3,0.3,10,9.1,12.7,0,0.007,0,0.578,0.676,0,0.469,0.074,0,0.496,0.702
31/01/2015 12:00,0,0,0,0.4,0.4,1.3,0,0.068,0,0.594,0.684,0.053,0.31,0,0,0.392,0.764
31/01/2015 13:00,0,0,0,0,0,0,0,0.166,0,0.565,0.618,0.255,0.156,0,0,0.241,0.774
31/01/2015 14:00,0,0,0,0,0,0,0,0.305,0,0.492,0.54,0.514,0.04,0,0,0.104,0.748
31/01/2015 15:00,0,0,0,0,0,0,0,0.447,0,0.365,0.4,0.663,0,0,0,0.007,0.683
31/01/2015 16:00,0,0,0,0,0,0,0,0.633,0,0.282,0.195,0.708,0,0,0,0,0.573
31/01/2015 17:00,0,0,0,0,0,0,0,0.662,0,0.144,0.031,0.762,0,0,0,0,0.382
31/01/2015 18:00,0,0,0,0,0,0,0,0.591,0.059,0.007,0,0.742,0,0,0,0,0.144
31/01/2015 19:00,0,0,0,0,0,0,0,0.439,0.212,0,0,0.641,0,0,0,0,0
31/01/2015 20:00,0,0,0,0,0,0,0,0.302,0.367,0,0,0.527,0,0,0,0,0
31/01/2015 21:00,0,0,0,0,0,0,0,0.154,0.468,0,0,0.336,0,0,0,0,0
31/01/2015 22:00,0,0,0,0,0,0,0,0.015,0.487,0,0,0.129,0,0,0.087,0,0
31/01/2015 23:00,0,0,0,0,0,0,0,0,0.486,0,0,0,0,0,0.318,0,0
01/02/2015 00:00,0.7,0,0.8,0,0.3,0,0,0,0.497,0,0,0,0,0,0.486,0,0
01/02/2015 01:00,27.6,9.9,13.2,0.1,4.8,0.8,0.129,0,0.463,0,0,0,0,0,0.608,0,0
01/02/2015 02:00,46.8,25.3,27.6,9.7,19,14.8,0.415,0,0.355,0,0,0,0,0.038,0.699,0,0
01/02/2015 03:00,59.5,37.1,38.2,25.5,31.8,29.2,0.619,0,0.241,0,0,0,0.061,0.182,0.741,0,0
01/02/2015 04:00,67.1,44.4,44.3,37.1,40.8,39.3,0.715,0,0.149,0,0,0,0.236,0.511,0.703,0.065,0
01/02/2015 05:00,68.2,47.8,46.8,43.5,45.8,45.3,0.757,0,0.053,0,0,0,0.409,0.657,0.631,0.229,0
01/02/2015 06:00,64.7,47.2,45,45.5,47.2,47.6,0.736,0,0,0,0.005,0,0.56,0.733,0.453,0.396,0
01/02/2015 07:00,53.8,44,40.7,44.3,45.7,47,0.669,0,0,0.016,0.11,0,0.662,0.741,0.25,0.511,0
01/02/2015 08:00,38.2,37.3,32.4,39.5,41.1,43.2,0.572,0,0,0.246,0.254,0,0.706,0.691,0.08,0.577,0.022
01/02/2015 09:00,24.1,26.5,20.2,31.4,33.2,36.6,0.396,0,0,0.469,0.355,0,0.701,0.598,0,0.59,0.142
01/02/2015 10:00,8.8,13.8,7.4,20,22,26.1,0.159,0,0,0.619,0.409,0,0.638,0.429,0,0.554,0.259
01/02/2015 11:00,0.1,2.4,0.3,7.9,9.1,12.5,0,0.053,0,0.724,0.432,0,0.514,0.192,0,0.48,0.313
01/02/2015 12:00,0,0,0,0.3,0.5,1.2,0,0.212,0,0.796,0.417,0.065,0.353,0.005,0,0.367,0.399
01/02/2015 13:00,0,0,0,0,0,0,0,0.385,0,0.786,0.329,0.298,0.178,0,0,0.231,0.491
01/02/2015 14:00,0,0,0,0,0,0,0,0.53,0,0.735,0.266,0.552,0.045,0,0,0.108,0.51
01/02/2015 15:00,0,0,0,0,0,0,0,0.628,0,0.634,0.184,0.682,0,0,0,0.007,0.487
01/02/2015 16:00,0,0,0,0,0,0,0,0.661,0,0.485,0.091,0.745,0,0,0,0,0.451
01/02/2015 17:00,0,0,0,0,0,0,0,0.635,0,0.277,0.008,0.76,0,0,0,0,0.305
01/02/2015 18:00,0,0,0,0,0,0,0,0.553,0.041,0.042,0,0.731,0,0,0,0,0.084
01/02/2015 19:00,0,0,0,0,0,0,0,0.443,0.158,0,0,0.683,0,0,0,0,0
01/02/2015 20:00,0,0,0,0,0,0,0,0.307,0.315,0,0,0.584,0,0,0,0,0
01/02/2015 21:00,0,0,0,0,0,0,0,0.154,0.448,0,0,0.412,0,0,0,0,0
01/02/2015 22:00,0,0,0,0,0,0,0,0.019,0.549,0,0,0.182,0,0,0.062,0,0
01/02/2015 23:00,0,0,0,0,0,0,0,0,0.59,0,0,0,0,0,0.276,0,0
02/02/2015 00:00,1.1,0,1,0,0.3,0,0,0,0.592,0,0,0,0,0,0.418,0,0
02/02/2015 01:00,29.2,9,13.2,0.1,4.5,0.8,0.194,0,0.553,0,0,0,0,0,0.52,0,0
02/02/2015 02:00,47.5,24.3,27.3,6.6,19.1,13.6,0.425,0,0.473,0,0,0,0,0.115,0.555,0,0
02/02/2015 03:00,60.8,35.9,37.5,17.2,32.2,28,0.56,0,0.354,0,0,0,0.063,0.372,0.577,0,0
02/02/2015 04:00,67.9,43.1,43.6,26.4,41,38.3,0.662,0,0.213,0,0,0,0.241,0.57,0.585,0.075,0
02/02/2015 05:00,69.8,46.6,46.1,32.6,45.9,44.4,0.711,0,0.076,0,0,0,0.43,0.695,0.533,0.224,0
02/02/2015 06:00,68,46.9,45.9,37.3,47.3,47.2,0.702,0,0,0,0.008,0,0.576,0.739,0.413,0.382,0
02/02/2015 07:00,60.5,43.7,41.4,38,45.8,46.6,0.643,0,0,0.001,0.128,0,0.668,0.751,0.252,0.484,0
02/02/2015 08:00,47.6,37.1,33.4,34.3,41.1,42.9,0.527,0,0,0.094,0.293,0,0.707,0.708,0.096,0.514,0.041
02/02/2015 09:00,30.5,27,21.8,26.4,32.8,35.1,0.33,0,0,0.319,0.422,0,0.696,0.604,0,0.494,0.208
02/02/2015 10:00,11.6,14,8.5,17,21.6,24.5,0.118,0,0,0.584,0.454,0,0.64,0.435,0,0.463,0.347
02/02/2015 11:00,0.1,2.3,0.3,6.5,8.8,11.4,0,0.037,0,0.662,0.5,0,0.539,0.199,0,0.411,0.588
02/02/2015 12:00,0,0,0,0.2,0.5,1.1,0,0.176,0,0.768,0.473,0.083,0.391,0.006,0,0.29,0.729
02/02/2015 13:00,0,0,0,0,0,0,0,0.305,0,0.774,0.474,0.338,0.201,0,0,0.206,0.723
02/02/2015 14:00,0,0,0,0,0,0,0,0.517,0,0.725,0.418,0.588,0.055,0,0,0.088,0.569
02/02/2015 15:00,0,0,0,0,0,0,0,0.637,0,0.631,0.291,0.717,0,0,0,0.003,0.402
02/02/2015 16:00,0,0,0,0,0,0,0,0.664,0,0.481,0.129,0.791,0,0,0,0,0.37
02/02/2015 17:00,0,0,0,0,0,0,0,0.658,0,0.275,0.016,0.817,0,0,0,0,0.25
02/02/2015 18:00,0,0,0,0,0,0,0,0.62,0.028,0.042,0,0.798,0,0,0,0,0.077
02/02/2015 19:00,0,0,0,0,0,0,0,0.526,0.113,0,0,0.733,0,0,0,0,0
02/02/2015 20:00,0,0,0,0,0,0,0,0.367,0.215,0,0,0.62,0,0,0,0,0
02/02/2015 21:00,0,0,0,0,0,0,0,0.155,0.305,0,0,0.445,0,0,0,0,0
02/02/2015 22:00,0,0,0,0,0,0,0,0.015,0.379,0,0,0.214,0,0,0.077,0,0
02/02/2015 23:00,0,0,0,0,0,0,0,0,0.429,0,0,0.001,0,0,0.307,0,0
03/02/2015 00:00,1.1,0,1.1,0,0.3,0,0,0,0.432,0,0,0,0,0,0.51,0,0
03/02/2015 01:00,28.7,9.9,14.7,0.1,4.2,0.7,0.171,0,0.396,0,0,0,0,0,0.65,0,0
03/02/2015 02:00,46.9,25.1,28.9,9.9,17.9,12.6,0.397,0,0.352,0,0,0,0,0.13,0.731,0,0
03/02/2015 03:00,59.5,36.6,39.1,25.1,30.4,27.2,0.567,0,0.281,0,0,0,0.068,0.386,0.77,0,0
03/02/2015 04:00,66.9,43.5,44.9,36.9,38.8,37.6,0.668,0,0.179,0,0,0,0.219,0.58,0.756,0.066,0
03/02/2015 05:00,69,46.8,47.3,44,43.8,43.8,0.716,0,0.065,0,0,0,0.376,0.698,0.698,0.187,0
03/02/2015 06:00,67.5,47.2,46.9,47.6,45.4,45.4,0.702,0,0,0,0.009,0,0.519,0.746,0.574,0.332,0
03/02/2015 07:00,61.3,43.9,42.6,47,44.5,45,0.647,0,0,0.008,0.155,0,0.606,0.754,0.4,0.425,0
03/02/2015 08:00,49.4,37.2,34.9,43,40.3,41.3,0.536,0,0,0.123,0.316,0,0.642,0.708,0.188,0.501,0.024
03/02/2015 09:00,33.7,26.7,23.2,35.1,32.9,34.6,0.361,0,0,0.264,0.447,0,0.625,0.6,0.01,0.519,0.15
03/02/2015 10:00,13.8,13.7,9.4,24.2,21.8,24.1,0.138,0,0,0.448,0.505,0,0.561,0.432,0,0.506,0.438
03/02/2015 11:00,0.2,2.2,0.4,10.5,9,11.2,0,0.084,0,0.668,0.519,0,0.448,0.199,0,0.429,0.675
03/02/2015 12:00,0,0,0,0.5,0.5,1.1,0,0.287,0,0.766,0.524,0.082,0.285,0.007,0,0.335,0.726
03/02/2015 13:00,0,0,0,0,0,0,0,0.458,0,0.749,0.514,0.323,0.147,0,0,0.224,0.642
03/02/2015 14:00,0,0,0,0,0,0,0,0.583,0,0.703,0.466,0.551,0.037,0,0,0.114,0.313
03/02/2015 15:00,0,0,0,0,0,0,0,0.664,0,0.616,0.363,0.701,0,0,0,0.007,0.217
03/02/2015 16:00,0,0,0,0,0,0,0,0.723,0,0.472,0.206,0.775,0,0,0,0,0.156
03/02/2015 17:00,0,0,0,0,0,0,0,0.726,0,0.263,0.032,0.805,0,0,0,0,0.091
03/02/2015 18:00,0,0,0,0,0,0,0,0.671,0.053,0.032,0,0.787,0,0,0,0,0.021
03/02/2015 19:00,0,0,0,0,0,0,0,0.574,0.188,0,0,0.717,0,0,0,0,0
03/02/2015 20:00,0,0,0,0,0,0,0,0.429,0.329,0,0,0.599,0,0,0,0,0
03/02/2015 21:00,0,0,0,0,0,0,0,0.233,0.439,0,0,0.405,0,0,0,0,0
03/02/2015 22:00,0,0,0,0,0,0,0,0.03,0.484,0,0,0.18,0,0,0.09,0,0
03/02/2015 23:00,0,0,0,0,0,0,0,0,0.523,0,0,0,0,0,0.318,0,0
04/02/2015 00:00,1.2,0,1.1,0,0.4,0,0,0,0.523,0,0,0,0,0,0.499,0,0
04/02/2015 01:00,28.4,8.8,13.6,0.1,4.3,0.8,0.192,0,0.51,0,0,0,0,0,0.627,0,0
04/02/2015 02:00,47,23.4,27.3,13.2,17.3,13.3,0.422,0,0.44,0,0,0,0,0.092,0.708,0,0
04/02/2015 03:00,59,35.1,37.8,29.4,28.7,28,0.56,0,0.325,0,0,0,0.035,0.272,0.744,0,0
04/02/2015 04:00,65.2,42.2,44.1,40.5,35.7,38.3,0.658,0,0.197,0,0,0,0.089,0.509,0.739,0.077,0
04/02/2015 05:00,67,45.5,46.6,47,39,44.4,0.705,0,0.068,0,0,0,0.145,0.638,0.688,0.226,0
04/02/2015 06:00,65.6,45.2,45.2,50.1,39.2,47.3,0.694,0,0,0,0.015,0,0.171,0.707,0.573,0.369,0
04/02/2015 07:00,58.3,42.2,40.8,49.4,37.3,46.8,0.638,0,0,0.011,0.179,0,0.18,0.685,0.397,0.46,0
04/02/2015 08:00,45.3,35.7,33.1,45.3,33.2,43,0.523,0,0,0.214,0.374,0,0.196,0.643,0.18,0.506,0.024
04/02/2015 09:00,30.1,25.6,22,36.6,26.5,35.9,0.35,0,0,0.45,0.491,0,0.222,0.502,0.007,0.519,0.081
04/02/2015 10:00,10.7,12.9,8.6,25.3,17.2,25.5,0.135,0,0,0.605,0.538,0,0.226,0.266,0,0.496,0.143
04/02/2015 11:00,0.1,2,0.4,11,6.8,12.3,0,0.048,0,0.699,0.569,0,0.213,0.086,0,0.398,0.259
04/02/2015 12:00,0,0,0,0.5,0.4,1.4,0,0.204,0,0.749,0.564,0.076,0.168,0,0,0.305,0.584
04/02/2015 13:00,0,0,0,0,0,0,0,0.373,0,0.754,0.474,0.32,0.093,0,0,0.189,0.693
04/02/2015 14:00,0,0,0,0,0,0,0,0.514,0,0.707,0.337,0.58,0.022,0,0,0.083,0.686
04/02/2015 15:00,0,0,0,0,0,0,0,0.564,0,0.586,0.195,0.707,0,0,0,0.003,0.555
04/02/2015 16:00,0,0,0,0,0,0,0,0.579,0,0.311,0.08,0.78,0,0,0,0,0.322
04/02/2015 17:00,0,0,0,0,0,0,0,0.51,0,0.085,0.006,0.806,0,0,0,0,0.148
04/02/2015 18:00,0,0,0,0,0,0,0,0.448,0.057,0.005,0,0.787,0,0,0,0,0.04
04/02/2015 19:00,0,0,0,0,0,0,0,0.354,0.201,0,0,0.723,0,0,0,0,0
04/02/2015 20:00,0,0,0,0,0,0,0,0.249,0.346,0,0,0.607,0,0,0,0,0
04/02/2015 21:00,0,0,0,0,0,0,0,0.128,0.468,0,0,0.438,0,0,0,0,0
04/02/2015 22:00,0,0,0,0,0,0,0,0.014,0.548,0,0,0.18,0,0,0.071,0,0
04/02/2015 23:00,0,0,0,0,0,0,0,0,0.594,0,0,0,0,0,0.272,0,0
05/02/2015 00:00,1.1,0,0.8,0,0.4,0,0,0,0.59,0,0,0,0,0,0.445,0,0
05/02/2015 01:00,27.2,7,12.1,0.3,5,0.6,0.193,0,0.553,0,0,0,0,0,0.569,0,0
05/02/2015 02:00,45.8,20.6,25.9,14.1,18.3,13.2,0.422,0,0.487,0,0,0,0,0.094,0.635,0,0
05/02/2015 03:00,58.8,32.6,36.5,30.6,30.4,27.5,0.586,0,0.377,0,0,0,0.061,0.321,0.649,0,0
05/02/2015 04:00,66.4,40.2,42.7,41.7,38.6,37.3,0.678,0,0.232,0,0,0,0.183,0.516,0.644,0.049,0
05/02/2015 05:00,68.1,44.1,45.2,47.9,43.3,43.3,0.728,0,0.079,0,0,0,0.327,0.638,0.63,0.148,0
05/02/2015 06:00,66.6,44.1,43.1,50.9,44.2,45.3,0.703,0,0,0,0.007,0,0.46,0.667,0.566,0.256,0
05/02/2015 07:00,58.5,41,38.4,50.1,42.1,44.8,0.646,0,0,0,0.115,0,0.55,0.677,0.423,0.346,0
05/02/2015 08:00,46.7,34.6,30.4,45.9,36.4,41.1,0.528,0,0,0.058,0.283,0,0.569,0.631,0.209,0.4,0.029
05/02/2015 09:00,27.2,23.8,19.4,37.7,27.1,33.8,0.359,0,0,0.131,0.459,0,0.522,0.542,0.011,0.393,0.135
05/02/2015 10:00,9.4,11.9,7.2,26.3,16.8,23.5,0.144,0,0,0.251,0.563,0,0.461,0.371,0,0.402,0.289
05/02/2015 11:00,0.1,2.1,0.3,11.7,6.6,11,0,0.035,0,0.54,0.582,0,0.354,0.155,0,0.342,0.459
05/02/2015 12:00,0,0,0,0.6,0.3,1.2,0,0.152,0,0.73,0.518,0.079,0.207,0.004,0,0.244,0.537
05/02/2015 13:00,0,0,0,0,0,0,0,0.258,0,0.759,0.441,0.325,0.103,0,0,0.152,0.64
05/02/2015 14:00,0,0,0,0,0,0,0,0.318,0,0.708,0.295,0.578,0.019,0,0,0.067,0.742
05/02/2015 15:00,0,0,0,0,0,0,0,0.346,0,0.612,0.147,0.706,0,0,0,0.001,0.71
05/02/2015 16:00,0,0,0,0,0,0,0,0.423,0,0.462,0.061,0.779,0,0,0,0,0.552
05/02/2015 17:00,0,0,0,0,0,0,0,0.501,0,0.253,0.004,0.807,0,0,0,0,0.323
05/02/2015 18:00,0,0,0,0,0,0,0,0.514,0.056,0.033,0,0.789,0,0,0,0,0.101
05/02/2015 19:00,0,0,0,0,0,0,0,0.445,0.211,0,0,0.725,0,0,0,0,0
05/02/2015 20:00,0,0,0,0,0,0,0,0.307,0.385,0,0,0.602,0,0,0,0,0
05/02/2015 21:00,0,0,0,0,0,0,0,0.157,0.52,0,0,0.422,0,0,0,0,0
05/02/2015 22:00,0,0,0,0,0,0,0,0.021,0.594,0,0,0.179,0,0,0.099,0,0
05/02/2015 23:00,0,0,0,0,0,0,0,0,0.632,0,0,0,0,0,0.339,0,0
06/02/2015 00:00,1,0,0.7,0,0.3,0,0,0,0.605,0,0,0,0,0,0.527,0,0
06/02/2015 01:00,24.6,8.3,12.2,0.2,4.3,0.6,0.163,0,0.548,0,0,0,0,0,0.661,0,0
06/02/2015 02:00,43.2,22.4,26.7,13.2,16,11.9,0.384,0,0.44,0,0,0,0,0.087,0.74,0,0
06/02/2015 03:00,56.4,34.5,37.4,28.8,27.3,26,0.502,0,0.3,0,0,0,0.018,0.365,0.767,0,0
06/02/2015 04:00,63.9,42.2,43.7,39.8,35.9,36.3,0.603,0,0.175,0,0,0,0.082,0.583,0.748,0.069,0
06/02/2015 05:00,65.9,45.3,46.5,46.1,40,42.3,0.664,0,0.06,0,0,0,0.164,0.713,0.67,0.213,0
06/02/2015 06:00,64.7,43.9,44.8,49,41.5,44.6,0.644,0,0,0,0.017,0,0.281,0.735,0.542,0.374,0
06/02/2015 07:00,57.3,40.8,40.4,48.3,40.2,43.7,0.589,0,0,0.014,0.207,0,0.401,0.748,0.366,0.516,0
06/02/2015 08:00,45.6,33.5,32.5,44.2,35.5,39.9,0.472,0,0,0.22,0.396,0,0.454,0.707,0.171,0.585,0.085
06/02/2015 09:00,28.5,23.8,20.9,36.7,28.2,33.1,0.299,0,0,0.436,0.522,0,0.486,0.581,0.007,0.541,0.274
06/02/2015 10:00,10,11.8,7.8,25.6,18.4,23.1,0.107,0,0,0.593,0.61,0,0.448,0.408,0,0.516,0.457
06/02/2015 11:00,0.1,2,0.3,11.5,7.7,11.2,0,0.033,0,0.695,0.658,0,0.369,0.178,0,0.397,0.64
06/02/2015 12:00,0,0,0,0.7,0.5,1.4,0,0.144,0,0.734,0.684,0.096,0.271,0.007,0,0.252,0.772
06/02/2015 13:00,0,0,0,0,0,0,0,0.261,0,0.729,0.652,0.347,0.157,0,0,0.144,0.794
06/02/2015 14:00,0,0,0,0,0,0,0,0.394,0,0.67,0.568,0.568,0.048,0,0,0.044,0.72
06/02/2015 15:00,0,0,0,0,0,0,0,0.478,0,0.567,0.418,0.702,0,0,0,0,0.546
06/02/2015 16:00,0,0,0,0,0,0,0,0.491,0,0.421,0.226,0.774,0,0,0,0,0.352
06/02/2015 17:00,0,0,0,0,0,0,0,0.456,0,0.21,0.036,0.797,0,0,0,0,0.188
06/02/2015 18:00,0,0,0,0,0,0,0,0.41,0.033,0.021,0,0.779,0,0,0,0,0.067
06/02/2015 19:00,0,0,0,0,0,0,0,0.319,0.137,0,0,0.714,0,0,0,0,0
06/02/2015 20:00,0,0,0,0,0,0,0,0.223,0.272,0,0,0.591,0,0,0,0,0
06/02/2015 21:00,0,0,0,0,0,0,0,0.112,0.366,0,0,0.422,0,0,0,0,0
06/02/2015 22:00,0,0,0,0,0,0,0,0.011,0.455,0,0,0.189,0,0,0.063,0,0
06/02/2015 23:00,0,0,0,0,0,0,0,0,0.523,0,0,0,0,0,0.275,0,0
07/02/2015 00:00,0.6,0,0.9,0,0.4,0,0,0,0.544,0,0,0,0,0,0.483,0,0
07/02/2015 01:00,20.6,7.5,11.8,0.1,4.3,0.6,0.137,0,0.521,0,0,0,0,0,0.645,0,0
07/02/2015 02:00,40.3,20.9,25.4,11.7,15.8,12.4,0.343,0,0.439,0,0,0,0,0.051,0.729,0,0
07/02/2015 03:00,57.3,30.9,36.8,26.1,28,26.4,0.514,0,0.296,0,0,0,0.059,0.204,0.769,0,0
07/02/2015 04:00,65.6,37,43.5,37.1,36.8,36.9,0.622,0,0.145,0,0,0,0.254,0.41,0.749,0.067,0
07/02/2015 05:00,67.6,39.9,45.5,42.9,41.4,43,0.662,0,0.04,0,0,0,0.444,0.597,0.694,0.222,0
07/02/2015 06:00,64.7,39.9,43.5,45.5,42.4,45.6,0.627,0,0,0,0.022,0,0.588,0.676,0.584,0.367,0
07/02/2015 07:00,56.3,36.8,38.6,44.6,40.8,44.8,0.551,0,0,0.019,0.233,0,0.679,0.705,0.418,0.48,0
07/02/2015 08:00,42.3,30,30.9,40.3,36.4,40.6,0.423,0,0,0.227,0.436,0,0.719,0.677,0.198,0.559,0.036
07/02/2015 09:00,26.4,20.4,20.5,30.4,29.1,32.7,0.248,0,0,0.419,0.575,0,0.711,0.562,0.01,0.556,0.176
07/02/2015 10:00,9.6,9.9,8.1,16.3,19.3,22.4,0.086,0,0,0.566,0.668,0,0.646,0.391,0,0.515,0.309
07/02/2015 11:00,0.1,1.5,0.4,6.2,8.4,10.6,0,0.047,0,0.672,0.71,0,0.535,0.184,0,0.419,0.4
07/02/2015 12:00,0,0,0,0.4,0.5,1.3,0,0.212,0,0.704,0.703,0.079,0.417,0.011,0,0.292,0.449
07/02/2015 13:00,0,0,0,0,0,0,0,0.406,0,0.693,0.656,0.307,0.241,0,0,0.207,0.489
07/02/2015 14:00,0,0,0,0,0,0,0,0.544,0,0.632,0.562,0.549,0.059,0,0,0.093,0.501
07/02/2015 15:00,0,0,0,0,0,0,0,0.608,0,0.548,0.416,0.665,0,0,0,0.002,0.436
07/02/2015 16:00,0,0,0,0,0,0,0,0.654,0,0.403,0.22,0.76,0,0,0,0,0.343
07/02/2015 17:00,0,0,0,0,0,0,0,0.651,0,0.192,0.034,0.784,0,0,0,0,0.195
07/02/2015 18:00,0,0,0,0,0,0,0,0.609,0.041,0.022,0,0.76,0,0,0,0,0.052
07/02/2015 19:00,0,0,0,0,0,0,0,0.483,0.161,0,0,0.699,0,0,0,0,0
07/02/2015 20:00,0,0,0,0,0,0,0,0.352,0.273,0,0,0.576,0,0,0,0,0
07/02/2015 21:00,0,0,0,0,0,0,0,0.171,0.361,0,0,0.389,0,0,0,0,0
07/02/2015 22:00,0,0,0,0,0,0,0,0.018,0.425,0,0,0.154,0,0,0.09,0,0
07/02/2015 23:00,0,0,0,0,0,0,0,0,0.459,0,0,0,0,0,0.322,0,0
08/02/2015 00:00,1.1,0,0.5,0,0.4,0,0,0,0.445,0,0,0,0,0,0.513,0,0
08/02/2015 01:00,23.5,6.3,8.8,0.1,4.2,0.7,0.12,0,0.415,0,0,0,0,0,0.653,0,0
08/02/2015 02:00,43.1,18.6,21.4,9.6,16.7,13.9,0.279,0,0.368,0,0,0,0,0.175,0.741,0,0
08/02/2015 03:00,58.1,29,32.3,24.3,29.1,28.4,0.411,0,0.281,0,0,0,0.05,0.426,0.778,0,0
08/02/2015 04:00,66.4,35.4,40.1,36,38.4,38.7,0.519,0,0.169,0,0,0,0.265,0.617,0.769,0.046,0
08/02/2015 05:00,68.8,38.1,43.6,43,43.7,44.8,0.573,0,0.052,0,0,0,0.457,0.736,0.706,0.164,0
08/02/2015 06:00,67.1,38.3,42.1,45.4,45.7,47.1,0.534,0,0,0,0.018,0,0.597,0.758,0.601,0.32,0
08/02/2015 07:00,60.7,36,38,45,43.9,46.7,0.471,0,0,0.012,0.212,0,0.683,0.76,0.422,0.436,0
08/02/2015 08:00,48.6,30.7,30.4,41,38.7,43.1,0.357,0,0,0.184,0.418,0,0.71,0.709,0.201,0.458,0.069
08/02/2015 09:00,31.2,20.9,19.3,34.4,29.8,36.2,0.221,0,0,0.391,0.565,0,0.693,0.575,0.011,0.364,0.268
08/02/2015 10:00,12.4,10.1,7.4,23.5,18.9,25.1,0.08,0,0,0.568,0.654,0,0.626,0.403,0,0.299,0.457
08/02/2015 11:00,0.2,1.5,0.4,10.1,7.8,12.1,0,0.041,0,0.655,0.694,0,0.522,0.18,0,0.216,0.618
08/02/2015 12:00,0,0,0,0.6,0.5,1.5,0,0.21,0,0.662,0.68,0.089,0.365,0.009,0,0.146,0.744
08/02/2015 13:00,0,0,0,0,0,0,0,0.415,0,0.613,0.635,0.331,0.185,0,0,0.099,0.778
08/02/2015 14:00,0,0,0,0,0,0,0,0.553,0,0.546,0.544,0.518,0.053,0,0,0.039,0.755
08/02/2015 15:00,0,0,0,0,0,0,0,0.639,0,0.421,0.408,0.679,0,0,0,0,0.698
08/02/2015 16:00,0,0,0,0,0,0,0,0.676,0,0.256,0.211,0.75,0,0,0,0,0.564
08/02/2015 17:00,0,0,0,0,0,0,0,0.657,0,0.109,0.031,0.775,0,0,0,0,0.368
08/02/2015 18:00,0,0,0,0,0,0,0,0.618,0.035,0.009,0,0.733,0,0,0,0,0.124
08/02/2015 19:00,0,0,0,0,0,0,0,0.538,0.163,0,0,0.615,0,0,0,0,0
08/02/2015 20:00,0,0,0,0,0,0,0,0.397,0.304,0,0,0.502,0,0,0,0,0
08/02/2015 21:00,0,0,0,0,0,0,0,0.209,0.413,0,0,0.304,0,0,0,0,0
08/02/2015 22:00,0,0,0,0,0,0,0,0.026,0.448,0,0,0.118,0,0,0.102,0,0
08/02/2015 23:00,0,0,0,0,0,0,0,0,0.414,0,0,0,0,0,0.337,0,0
09/02/2015 00:00,1.2,0,0.7,0,0.4,0,0,0,0.43,0,0,0,0,0,0.523,0,0
09/02/2015 01:00,25.7,5.2,10.7,0.1,4.8,0.6,0.086,0,0.473,0,0,0,0,0,0.66,0,0
09/02/2015 02:00,43.9,15.7,23.7,13,17.1,12.8,0.251,0,0.444,0,0,0,0,0.184,0.742,0,0
09/02/2015 03:00,56.2,25.5,31.5,28.7,28.7,27.1,0.394,0,0.349,0,0,0,0.063,0.429,0.775,0,0
09/02/2015 04:00,63.5,33.3,37.3,39.6,36.8,37.4,0.487,0,0.214,0,0,0,0.242,0.617,0.764,0.069,0
09/02/2015 05:00,64.3,38.6,38.2,45.9,42.2,43.5,0.522,0,0.071,0,0,0,0.434,0.734,0.705,0.231,0
09/02/2015 06:00,60.3,39,35.8,49.4,44.4,47,0.551,0,0,0,0.013,0,0.583,0.785,0.59,0.363,0
09/02/2015 07:00,52.2,35.6,30.3,48.6,43.4,46.7,0.521,0,0,0.015,0.155,0,0.681,0.792,0.409,0.438,0
09/02/2015 08:00,41.3,29.3,24.5,44.6,39.2,43.2,0.398,0,0,0.229,0.309,0,0.717,0.745,0.197,0.481,0.102
09/02/2015 09:00,25.7,20.6,16.5,36,31.8,35.6,0.164,0,0,0.448,0.435,0,0.704,0.645,0.013,0.462,0.34
09/02/2015 10:00,9.1,10.1,6.7,24.8,21.1,25.1,0.043,0,0,0.6,0.535,0,0.652,0.478,0,0.435,0.541
09/02/2015 11:00,0.2,1.6,0.4,10.9,9,12.3,0,0.028,0,0.692,0.577,0,0.528,0.239,0,0.378,0.681
09/02/2015 12:00,0,0,0,0.6,0.5,1.6,0,0.138,0,0.727,0.595,0.063,0.375,0.015,0,0.276,0.767
09/02/2015 13:00,0,0,0,0,0,0,0,0.256,0,0.716,0.536,0.262,0.2,0,0,0.176,0.799
09/02/2015 14:00,0,0,0,0,0,0,0,0.394,0,0.659,0.436,0.484,0.05,0,0,0.066,0.778
09/02/2015 15:00,0,0,0,0,0,0,0,0.522,0,0.59,0.32,0.621,0,0,0,0,0.709
09/02/2015 16:00,0,0,0,0,0,0,0,0.65,0,0.428,0.163,0.731,0,0,0,0,0.577
09/02/2015 17:00,0,0,0,0,0,0,0,0.653,0,0.199,0.024,0.745,0,0,0,0,0.377
09/02/2015 18:00,0,0,0,0,0,0,0,0.621,0.055,0.021,0,0.74,0,0,0,0,0.131
09/02/2015 19:00,0,0,0,0,0,0,0,0.517,0.222,0,0,0.686,0,0,0,0,0
09/02/2015 20:00,0,0,0,0,0,0,0,0.374,0.403,0,0,0.554,0,0,0,0,0
09/02/2015 21:00,0,0,0,0,0,0,0,0.19,0.548,0,0,0.382,0,0,0,0,0
09/02/2015 22:00,0,0,0,0,0,0,0,0.017,0.647,0,0,0.174,0,0,0.069,0,0
09/02/2015 23:00,0,0,0,0,0,0,0,0,0.701,0,0,0.001,0,0,0.269,0,0
10/02/2015 00:00,1.3,0,0.5,0,0.2,0,0.005,0,0.706,0,0,0,0,0,0.491,0,0
10/02/2015 01:00,25.3,6.5,9.5,0.3,3.1,0.6,0.238,0,0.669,0,0,0,0,0,0.63,0,0
10/02/2015 02:00,45.5,17.6,23.1,12.9,14.2,13,0.479,0,0.578,0,0,0,0,0.022,0.72,0,0
10/02/2015 03:00,59.2,28.1,33.1,28.4,25.1,27.5,0.646,0,0.439,0,0,0,0.059,0.11,0.754,0,0
10/02/2015 04:00,66.4,35.7,39.8,39.3,33.2,37.7,0.749,0,0.259,0,0,0,0.247,0.3,0.742,0.07,0
10/02/2015 05:00,67.2,39.9,42.8,45.9,38.5,43.9,0.797,0,0.085,0,0,0,0.452,0.436,0.687,0.229,0
10/02/2015 06:00,64.7,40.4,40.8,48.5,40.6,45.9,0.788,0,0,0,0.02,0,0.591,0.422,0.582,0.419,0
10/02/2015 07:00,58.2,37.1,35.5,48.1,39.4,45.5,0.732,0,0,0.012,0.217,0,0.685,0.466,0.425,0.542,0
10/02/2015 08:00,47,31.1,27.3,44.2,34.9,41.7,0.621,0,0,0.149,0.417,0,0.725,0.49,0.211,0.605,0.064
10/02/2015 09:00,30,21,17.4,36.2,27,34.8,0.449,0,0,0.266,0.498,0,0.711,0.451,0.015,0.609,0.235
10/02/2015 10:00,11.8,10.6,6.7,24.7,16.8,24.2,0.21,0,0,0.413,0.569,0,0.654,0.338,0,0.583,0.413
10/02/2015 11:00,0.3,1.7,0.5,10.7,6.8,11.4,0.006,0.058,0,0.584,0.599,0,0.534,0.159,0,0.515,0.589
10/02/2015 12:00,0,0,0,0.7,0.4,1.4,0,0.252,0,0.662,0.613,0.052,0.389,0.007,0,0.408,0.758
10/02/2015 13:00,0,0,0,0,0,0,0,0.44,0,0.697,0.582,0.234,0.217,0,0,0.233,0.782
10/02/2015 14:00,0,0,0,0,0,0,0,0.54,0,0.676,0.511,0.457,0.051,0,0,0.099,0.685
10/02/2015 15:00,0,0,0,0,0,0,0,0.567,0,0.535,0.386,0.618,0,0,0,0.003,0.527
10/02/2015 16:00,0,0,0,0,0,0,0,0.571,0,0.379,0.202,0.702,0,0,0,0,0.378
10/02/2015 17:00,0,0,0,0,0,0,0,0.577,0,0.177,0.03,0.723,0,0,0,0,0.26
10/02/2015 18:00,0,0,0,0,0,0,0,0.54,0.051,0.015,0,0.713,0,0,0,0,0.113
10/02/2015 19:00,0,0,0,0,0,0,0,0.457,0.215,0,0,0.621,0,0,0,0,0
10/02/2015 20:00,0,0,0,0,0,0,0,0.316,0.388,0,0,0.494,0,0,0,0,0
10/02/2015 21:00,0,0,0,0,0,0,0,0.14,0.527,0,0,0.354,0,0,0,0,0
10/02/2015 22:00,0,0,0,0,0,0,0,0.014,0.629,0,0,0.128,0,0,0.098,0,0
10/02/2015 23:00,0,0,0,0,0,0,0,0,0.664,0,0,0,0,0,0.327,0,0
11/02/2015 00:00,1.3,0.1,0.6,0,0.5,0,0.01,0,0.68,0,0,0,0,0,0.509,0,0
11/02/2015 01:00,25.4,9.5,11.2,0.3,4.5,0.8,0.265,0,0.644,0,0,0,0,0,0.64,0,0
11/02/2015 02:00,44.1,22.7,23.7,13.2,16.9,12.4,0.499,0,0.561,0,0,0,0,0.03,0.72,0,0
11/02/2015 03:00,55.4,33.1,33,28.5,29.1,26.5,0.639,0,0.43,0,0,0,0.041,0.157,0.743,0,0
11/02/2015 04:00,61.7,40.2,38.9,39.9,38.3,37.5,0.736,0,0.261,0,0,0,0.167,0.258,0.736,0.072,0
11/02/2015 05:00,63,43.7,41.1,46.4,43.5,44,0.781,0,0.086,0,0,0,0.329,0.34,0.68,0.234,0
11/02/2015 06:00,61.4,43,39.6,49.7,44.9,47.6,0.776,0,0,0,0.021,0,0.475,0.401,0.557,0.365,0
11/02/2015 07:00,51.2,40.2,35.8,49,43.3,46.5,0.719,0,0,0.015,0.223,0,0.597,0.551,0.371,0.466,0
11/02/2015 08:00,39.5,34,28.6,44.7,38.8,42.1,0.609,0,0,0.214,0.427,0,0.645,0.622,0.197,0.55,0.068
11/02/2015 09:00,23.6,24.4,19.1,37.1,31,35.1,0.425,0,0,0.444,0.575,0,0.639,0.508,0.014,0.548,0.291
11/02/2015 10:00,8.7,12.8,8.3,26.2,20.8,24.9,0.195,0,0,0.599,0.665,0,0.568,0.348,0,0.522,0.507
11/02/2015 11:00,0.2,2.3,0.6,12.1,9.1,12.5,0.005,0.034,0,0.685,0.704,0,0.457,0.081,0,0.46,0.633
11/02/2015 12:00,0,0,0,1,0.6,1.7,0,0.173,0,0.697,0.727,0.084,0.314,0.001,0,0.351,0.714
11/02/2015 13:00,0,0,0,0,0,0,0,0.376,0,0.638,0.678,0.31,0.171,0,0,0.246,0.695
11/02/2015 14:00,0,0,0,0,0,0,0,0.53,0,0.604,0.581,0.563,0.043,0,0,0.115,0.619
11/02/2015 15:00,0,0,0,0,0,0,0,0.632,0,0.449,0.419,0.7,0,0,0,0.005,0.501
11/02/2015 16:00,0,0,0,0,0,0,0,0.68,0,0.251,0.222,0.776,0,0,0,0,0.35
11/02/2015 17:00,0,0,0,0,0,0,0,0.668,0,0.119,0.035,0.802,0,0,0,0,0.19
11/02/2015 18:00,0,0,0,0,0,0,0,0.602,0.045,0.017,0,0.779,0,0,0,0,0.054
11/02/2015 19:00,0,0,0,0,0,0,0,0.508,0.193,0,0,0.705,0,0,0,0,0
11/02/2015 20:00,0,0,0,0,0,0,0,0.364,0.359,0,0,0.592,0,0,0,0,0
11/02/2015 21:00,0,0,0,0,0,0,0,0.181,0.489,0,0,0.4,0,0,0,0,0
11/02/2015 22:00,0,0,0,0,0,0,0,0.021,0.597,0,0,0.178,0,0,0.093,0,0
11/02/2015 23:00,0,0,0,0,0,0,0,0,0.666,0,0,0,0,0,0.316,0,0
12/02/2015 00:00,0.7,0.1,0.7,0,0.3,0,0.007,0,0.68,0,0,0,0,0,0.507,0,0
12/02/2015 01:00,15.6,7.4,11.5,0.3,5,0.9,0.235,0,0.636,0,0,0,0,0,0.642,0,0
12/02/2015 02:00,36.1,20.5,25.5,15.4,19.4,15.3,0.464,0,0.549,0,0,0,0,0.001,0.723,0,0
12/02/2015 03:00,52.7,31.9,35.9,30.7,32,29.6,0.587,0,0.424,0,0,0,0.013,0.031,0.744,0,0
12/02/2015 04:00,59.6,39.6,41.3,41,40.4,39.5,0.645,0,0.261,0,0,0,0.058,0.071,0.735,0.069,0
12/02/2015 05:00,60.8,43.1,43.4,46.7,45.2,45.5,0.747,0,0.087,0,0,0,0.123,0.115,0.674,0.232,0
12/02/2015 06:00,56.7,42.8,43.3,49.5,46.7,47.7,0.741,0,0,0,0.022,0,0.18,0.189,0.546,0.415,0
12/02/2015 07:00,48.7,40,39.5,48.7,45.3,47.1,0.637,0,0,0.014,0.22,0,0.252,0.205,0.399,0.548,0
12/02/2015 08:00,37.2,34.2,31.5,44.5,40.8,43.2,0.51,0,0,0.181,0.416,0,0.268,0.284,0.206,0.622,0.031
12/02/2015 09:00,24.2,24,19.4,36.5,33.2,36.4,0.35,0,0,0.382,0.507,0,0.29,0.392,0.015,0.65,0.148
12/02/2015 10:00,9.7,11.8,7.9,25.1,22.8,26.3,0.141,0,0,0.553,0.605,0,0.281,0.324,0,0.63,0.306
12/02/2015 11:00,0.2,2.1,0.5,11.6,10,13.2,0,0.036,0,0.677,0.64,0,0.248,0.147,0,0.567,0.427
12/02/2015 12:00,0,0,0,1,0.6,1.8,0,0.141,0,0.736,0.617,0.052,0.197,0.007,0,0.454,0.544
12/02/2015 13:00,0,0,0,0,0,0,0,0.283,0,0.706,0.521,0.247,0.123,0,0,0.308,0.624
12/02/2015 14:00,0,0,0,0,0,0,0,0.492,0,0.611,0.414,0.489,0.034,0,0,0.134,0.571
12/02/2015 15:00,0,0,0,0,0,0,0,0.611,0,0.511,0.268,0.63,0,0,0,0.005,0.444
12/02/2015 16:00,0,0,0,0,0,0,0,0.663,0,0.391,0.118,0.726,0,0,0,0,0.311
12/02/2015 17:00,0,0,0,0,0,0,0,0.639,0,0.233,0.012,0.763,0,0,0,0,0.165
12/02/2015 18:00,0,0,0,0,0,0,0,0.559,0.043,0.035,0,0.757,0,0,0,0,0.039
12/02/2015 19:00,0,0,0,0,0,0,0,0.438,0.189,0,0,0.704,0,0,0,0,0
12/02/2015 20:00,0,0,0,0,0,0,0,0.292,0.375,0,0,0.575,0,0,0,0,0
12/02/2015 21:00,0,0,0,0,0,0,0,0.137,0.513,0,0,0.388,0,0,0,0,0
12/02/2015 22:00,0,0,0,0,0,0,0,0.013,0.586,0,0,0.148,0,0,0.095,0,0
12/02/2015 23:00,0,0,0,0,0,0,0,0,0.603,0,0,0,0,0,0.311,0,0
13/02/2015 00:00,0.6,0.1,0.9,0,0.3,0,0.004,0,0.608,0,0,0,0,0,0.483,0,0
13/02/2015 01:00,13.4,8.7,12.9,0.3,5.2,1.2,0.159,0,0.556,0,0,0,0,0,0.62,0,0
13/02/2015 02:00,29.7,22.7,27.1,13.9,20,16,0.396,0,0.495,0,0,0,0,0.095,0.701,0,0
13/02/2015 03:00,39.2,34.3,37.3,29.1,32.7,30.2,0.555,0,0.374,0,0,0,0.048,0.34,0.71,0,0
13/02/2015 04:00,42.6,41.8,43.1,39.5,41,40,0.67,0,0.2,0,0,0,0.117,0.537,0.644,0.069,0
13/02/2015 05:00,39.5,45.5,45,45.4,45.4,45.9,0.72,0,0.055,0,0,0,0.183,0.663,0.56,0.269,0
13/02/2015 06:00,32,44.6,42.2,48.8,47,48.6,0.71,0,0,0,0.007,0,0.301,0.69,0.451,0.445,0
13/02/2015 07:00,26.5,41.5,37.3,47.9,45.5,48,0.656,0,0,0.008,0.118,0,0.443,0.701,0.297,0.569,0
13/02/2015 08:00,20.9,35.1,29.8,43.7,41.4,44.3,0.546,0,0,0.129,0.278,0,0.545,0.657,0.139,0.643,0.093
13/02/2015 09:00,13.7,25.5,19.6,35.7,33.5,37.5,0.376,0,0,0.275,0.42,0,0.512,0.56,0.006,0.669,0.28
13/02/2015 10:00,5,13.4,8.3,24.5,22.9,27.3,0.159,0,0,0.388,0.517,0,0.459,0.394,0,0.649,0.486
13/02/2015 11:00,0.1,2.5,0.6,10.8,10,14,0.002,0.032,0,0.437,0.562,0,0.358,0.178,0,0.584,0.682
13/02/2015 12:00,0,0,0,0.8,0.7,1.9,0,0.157,0,0.454,0.576,0.082,0.25,0.011,0,0.473,0.787
13/02/2015 13:00,0,0,0,0,0,0,0,0.313,0,0.499,0.53,0.318,0.135,0,0,0.318,0.815
13/02/2015 14:00,0,0,0,0,0,0,0,0.448,0,0.515,0.437,0.524,0.032,0,0,0.137,0.792
13/02/2015 15:00,0,0,0,0,0,0,0,0.54,0,0.462,0.243,0.65,0,0,0,0.004,0.685
13/02/2015 16:00,0,0,0,0,0,0,0,0.619,0,0.309,0.105,0.726,0,0,0,0,0.553
13/02/2015 17:00,0,0,0,0,0,0,0,0.593,0,0.159,0.011,0.765,0,0,0,0,0.362
13/02/2015 18:00,0,0,0,0,0,0,0,0.547,0.009,0.017,0,0.743,0,0,0,0,0.126
13/02/2015 19:00,0,0,0,0,0,0,0,0.404,0.067,0,0,0.682,0,0,0,0,0
13/02/2015 20:00,0,0,0,0,0,0,0,0.268,0.132,0,0,0.568,0,0,0,0,0
13/02/2015 21:00,0,0,0,0,0,0,0,0.112,0.193,0,0,0.395,0,0,0,0,0
13/02/2015 22:00,0,0,0,0,0,0,0,0.007,0.243,0,0,0.182,0,0,0.067,0,0
13/02/2015 23:00,0,0,0,0,0,0,0,0,0.265,0,0,0,0,0,0.259,0,0
14/02/2015 00:00,1.9,0.1,0.9,0,0.5,0,0.004,0,0.276,0,0,0,0,0,0.428,0,0
14/02/2015 01:00,26.8,10,11.7,0.3,6.7,1.4,0.164,0,0.268,0,0,0,0,0,0.57,0,0
14/02/2015 02:00,45.6,24.9,25.6,13.7,22,16.8,0.384,0,0.235,0,0,0,0,0.089,0.671,0,0
14/02/2015 03:00,58.8,36.3,36,29.1,34.4,30.9,0.566,0,0.164,0,0,0,0.061,0.317,0.755,0,0
14/02/2015 04:00,66.2,43.4,42.4,39.6,42.6,40.6,0.67,0,0.084,0,0,0,0.23,0.522,0.748,0.07,0
14/02/2015 05:00,68.2,46.8,44.6,45.4,47.3,46.4,0.717,0,0.019,0,0,0,0.413,0.659,0.682,0.265,0
14/02/2015 06:00,67.3,45.9,42.6,47.9,48.4,48.8,0.687,0,0,0,0.005,0,0.573,0.741,0.573,0.439,0
14/02/2015 07:00,58.9,42.6,37.8,47.2,47,48.1,0.631,0,0,0.013,0.1,0,0.677,0.761,0.417,0.564,0
14/02/2015 08:00,40.8,36.2,30,43.2,42.4,44.4,0.521,0,0,0.199,0.247,0,0.722,0.728,0.204,0.638,0.162
14/02/2015 09:00,24.5,26,17.6,35.8,34.4,36.7,0.346,0,0,0.461,0.418,0,0.713,0.624,0.015,0.666,0.397
14/02/2015 10:00,8.4,14,6.6,25.1,23.3,26.4,0.141,0,0,0.614,0.515,0,0.639,0.475,0,0.647,0.583
14/02/2015 11:00,0.2,3,0.4,11.6,9.9,13.2,0.001,0.02,0,0.693,0.561,0,0.515,0.256,0,0.583,0.709
14/02/2015 12:00,0,0,0,1,0.6,1.7,0,0.125,0,0.693,0.565,0.067,0.354,0.031,0,0.472,0.782
14/02/2015 13:00,0,0,0,0,0,0,0,0.253,0,0.675,0.461,0.258,0.179,0,0,0.317,0.805
14/02/2015 14:00,0,0,0,0,0,0,0,0.375,0,0.665,0.277,0.5,0.039,0,0,0.137,0.781
14/02/2015 15:00,0,0,0,0,0,0,0,0.48,0,0.554,0.147,0.667,0,0,0,0.003,0.698
14/02/2015 16:00,0,0,0,0,0,0,0,0.513,0,0.388,0.062,0.745,0,0,0,0,0.568
14/02/2015 17:00,0,0,0,0,0,0,0,0.51,0,0.192,0.008,0.776,0,0,0,0,0.38
14/02/2015 18:00,0,0,0,0,0,0,0,0.483,0.03,0.024,0,0.764,0,0,0,0,0.141
14/02/2015 19:00,0,0,0,0,0,0,0,0.397,0.119,0,0,0.695,0,0,0,0,0
14/02/2015 20:00,0,0,0,0,0,0,0,0.271,0.203,0,0,0.58,0,0,0,0,0
14/02/2015 21:00,0,0,0,0,0,0,0,0.126,0.282,0,0,0.416,0,0,0,0,0
14/02/2015 22:00,0,0,0,0,0,0,0,0.01,0.342,0,0,0.193,0,0,0.089,0,0
14/02/2015 23:00,0,0,0,0,0,0,0,0,0.362,0,0,0.001,0,0,0.319,0,0
15/02/2015 00:00,0.8,0.1,0.8,0,0.6,0,0.002,0,0.354,0,0,0,0,0,0.505,0,0
15/02/2015 01:00,16.3,9.1,9.4,0.5,7.2,1.4,0.12,0,0.321,0,0,0,0,0,0.624,0,0
15/02/2015 02:00,34.3,22.9,21.8,13.9,22.4,15.4,0.293,0,0.26,0,0,0,0,0.16,0.699,0,0
15/02/2015 03:00,45.2,33.8,32.4,27.8,34.5,29.5,0.429,0,0.188,0,0,0,0.055,0.415,0.697,0,0
15/02/2015 04:00,48.9,41,38.9,37.5,42.6,39.4,0.574,0,0.105,0,0,0,0.168,0.606,0.706,0.076,0
15/02/2015 05:00,49,44.6,41.7,42.4,47.3,45.3,0.629,0,0.027,0,0,0,0.29,0.725,0.657,0.231,0
15/02/2015 06:00,46.4,44.6,40.2,43.9,49,47.9,0.638,0,0,0,0.009,0,0.396,0.752,0.549,0.363,0
15/02/2015 07:00,37.5,41.7,34.8,42.9,47.4,47.3,0.585,0,0,0.016,0.13,0,0.471,0.762,0.396,0.504,0
15/02/2015 08:00,26.3,35.4,26.6,38.9,42.8,43.7,0.472,0,0,0.208,0.303,0,0.489,0.719,0.188,0.623,0.065
15/02/2015 09:00,14.5,25.4,16.5,31.3,34.9,37.4,0.31,0,0,0.434,0.457,0,0.437,0.636,0.013,0.652,0.238
15/02/2015 10:00,5,13.6,6.5,20.6,24,27.3,0.123,0,0,0.593,0.564,0,0.275,0.475,0,0.628,0.428
15/02/2015 11:00,0.1,2.9,0.5,8.9,10.7,14.1,0.001,0.043,0,0.687,0.617,0,0.181,0.247,0,0.564,0.591
15/02/2015 12:00,0,0,0,0.8,0.8,2,0,0.179,0,0.701,0.617,0.079,0.151,0.027,0,0.448,0.695
15/02/2015 13:00,0,0,0,0,0,0,0,0.313,0,0.674,0.572,0.3,0.09,0,0,0.302,0.729
15/02/2015 14:00,0,0,0,0,0,0,0,0.412,0,0.635,0.473,0.562,0.019,0,0,0.125,0.721
15/02/2015 15:00,0,0,0,0,0,0,0,0.476,0,0.551,0.326,0.698,0,0,0,0.006,0.656
15/02/2015 16:00,0,0,0,0,0,0,0,0.483,0,0.407,0.148,0.77,0,0,0,0,0.549
15/02/2015 17:00,0,0,0,0,0,0,0,0.461,0,0.196,0.02,0.792,0,0,0,0,0.378
15/02/2015 18:00,0,0,0,0,0,0,0,0.448,0.029,0.022,0,0.774,0,0,0,0,0.156
15/02/2015 19:00,0,0,0,0,0,0,0,0.381,0.149,0,0,0.712,0,0,0,0,0
15/02/2015 20:00,0,0,0,0,0,0,0,0.27,0.31,0,0,0.602,0,0,0,0,0
15/02/2015 21:00,0,0,0,0,0,0,0,0.135,0.474,0,0,0.424,0,0,0,0,0
15/02/2015 22:00,0,0,0,0,0,0,0,0.014,0.585,0,0,0.201,0,0,0.107,0,0
15/02/2015 23:00,0,0,0,0,0,0,0,0,0.647,0,0,0.006,0,0,0.339,0,0
16/02/2015 00:00,1,0.1,1,0,0.6,0,0.005,0,0.661,0,0,0,0,0,0.53,0,0
16/02/2015 01:00,17.6,8.3,10.8,0.3,7.2,1.6,0.178,0,0.635,0,0,0,0,0,0.665,0,0
16/02/2015 02:00,37.4,21.2,23.4,12.7,22.8,17.6,0.39,0,0.556,0,0,0,0,0.169,0.748,0,0
16/02/2015 03:00,57.4,32,34.3,27.3,34.8,31.5,0.547,0,0.427,0,0,0,0.066,0.418,0.782,0,0
16/02/2015 04:00,65.6,39,39.1,37.2,43,41,0.645,0,0.26,0,0,0,0.251,0.608,0.772,0.071,0
16/02/2015 05:00,67.5,42.3,41.7,42.8,47.7,46.7,0.69,0,0.085,0,0,0,0.435,0.726,0.714,0.266,0
16/02/2015 06:00,64.3,42.6,40.4,45.5,48.9,49.1,0.612,0,0,0,0.013,0,0.57,0.761,0.607,0.435,0
16/02/2015 07:00,54.6,40.2,36.3,44.7,47.4,48.4,0.417,0,0,0.01,0.162,0,0.635,0.768,0.446,0.557,0
16/02/2015 08:00,40.5,34.5,28.9,41,42.8,44.7,0.395,0,0,0.103,0.356,0,0.619,0.724,0.229,0.62,0.177
16/02/2015 09:00,27.1,25.1,18.7,34.1,35,37.9,0.321,0,0,0.199,0.517,0,0.561,0.628,0.021,0.637,0.41
16/02/2015 10:00,10.8,13.4,7.7,23.6,24,27.7,0.153,0,0,0.314,0.621,0,0.487,0.464,0,0.611,0.598
16/02/2015 11:00,0.3,2.8,0.5,10.9,10.7,14.5,0.003,0.022,0,0.531,0.672,0,0.377,0.236,0,0.546,0.73
16/02/2015 12:00,0,0,0,1,0.8,2.2,0,0.129,0,0.692,0.705,0.082,0.217,0.025,0,0.437,0.803
16/02/2015 13:00,0,0,0,0,0,0,0,0.256,0,0.714,0.657,0.301,0.104,0,0,0.261,0.831
16/02/2015 14:00,0,0,0,0,0,0,0,0.324,0,0.656,0.561,0.498,0.016,0,0,0.121,0.81
16/02/2015 15:00,0,0,0,0,0,0,0,0.356,0,0.507,0.411,0.689,0,0,0,0.005,0.74
16/02/2015 16:00,0,0,0,0,0,0,0,0.387,0,0.339,0.215,0.767,0,0,0,0,0.613
16/02/2015 17:00,0,0,0,0,0,0,0,0.354,0,0.153,0.033,0.793,0,0,0,0,0.427
16/02/2015 18:00,0,0,0,0,0,0,0,0.278,0.047,0.016,0,0.775,0,0,0,0,0.177
16/02/2015 19:00,0,0,0,0,0,0,0,0.203,0.205,0,0,0.713,0,0,0,0,0
16/02/2015 20:00,0,0,0,0,0,0,0,0.139,0.373,0,0,0.604,0,0,0,0,0
16/02/2015 21:00,0,0,0,0,0,0,0,0.062,0.51,0,0,0.442,0,0,0,0,0
16/02/2015 22:00,0,0,0,0,0,0,0,0.003,0.596,0,0,0.222,0,0,0.089,0,0
16/02/2015 23:00,0,0,0,0,0,0,0,0,0.648,0,0,0.008,0,0,0.318,0,0
17/02/2015 00:00,1.2,0.1,1.5,0,0.6,0,0,0,0.676,0,0,0,0,0,0.501,0,0
17/02/2015 01:00,17.8,8.4,12.5,0.3,6.8,1.6,0.12,0,0.633,0,0,0,0,0,0.633,0,0
17/02/2015 02:00,35.4,22,25.5,12.2,22,16.7,0.335,0,0.543,0,0,0,0,0.067,0.717,0,0
17/02/2015 03:00,51.2,33.1,35.4,27.2,34.4,30.6,0.482,0,0.41,0,0,0,0.025,0.345,0.752,0,0
17/02/2015 04:00,57.9,40.5,41.7,38,42.7,40.2,0.613,0,0.247,0,0,0,0.105,0.546,0.745,0.077,0
17/02/2015 05:00,55.4,44,44.2,44.2,47.5,45.9,0.657,0,0.079,0,0,0,0.222,0.625,0.69,0.249,0
17/02/2015 06:00,48.6,44.6,42.5,45.2,49,48.1,0.54,0,0,0,0.012,0,0.375,0.642,0.588,0.421,0
17/02/2015 07:00,38.1,41.2,38,44.5,47.5,47.5,0.447,0,0,0.019,0.151,0,0.569,0.702,0.417,0.545,0
17/02/2015 08:00,27.9,34.6,30.3,40.4,42.8,43.9,0.348,0,0,0.225,0.349,0,0.634,0.529,0.192,0.606,0.055
17/02/2015 09:00,16.6,25,19.6,32.9,35,37,0.272,0,0,0.409,0.476,0,0.645,0.525,0.012,0.608,0.252
17/02/2015 10:00,5.9,13.7,7.4,22.1,24,26.7,0.126,0,0,0.569,0.582,0,0.605,0.395,0,0.617,0.502
17/02/2015 11:00,0.1,3.1,0.5,9.6,10.9,13.6,0.003,0.028,0,0.676,0.637,0,0.503,0.189,0,0.568,0.694
17/02/2015 12:00,0,0,0,0.8,0.8,1.9,0,0.166,0,0.746,0.646,0.095,0.372,0.015,0,0.464,0.793
17/02/2015 13:00,0,0,0,0,0,0,0,0.323,0,0.744,0.603,0.32,0.192,0,0,0.296,0.823
17/02/2015 14:00,0,0,0,0,0,0,0,0.446,0,0.686,0.508,0.533,0.047,0,0,0.127,0.802
17/02/2015 15:00,0,0,0,0,0,0,0,0.507,0,0.571,0.366,0.68,0,0,0,0.005,0.721
17/02/2015 16:00,0,0,0,0,0,0,0,0.545,0,0.424,0.186,0.755,0,0,0,0,0.512
17/02/2015 17:00,0,0,0,0,0,0,0,0.561,0,0.22,0.027,0.782,0,0,0,0,0.189
17/02/2015 18:00,0,0,0,0,0,0,0,0.488,0.04,0.029,0,0.764,0,0,0,0,0.036
17/02/2015 19:00,0,0,0,0,0,0,0,0.402,0.174,0,0,0.701,0,0,0,0,0
17/02/2015 20:00,0,0,0,0,0,0,0,0.289,0.305,0,0,0.591,0,0,0,0,0
17/02/2015 21:00,0,0,0,0,0,0,0,0.125,0.427,0,0,0.428,0,0,0,0,0
17/02/2015 22:00,0,0,0,0,0,0,0,0.01,0.518,0,0,0.21,0,0,0.11,0,0
17/02/2015 23:00,0,0,0,0,0,0,0,0,0.553,0,0,0.007,0,0,0.342,0,0
18/02/2015 00:00,0.4,0.1,1,0,0.5,0,0.008,0,0.548,0,0,0,0,0,0.533,0,0
18/02/2015 01:00,9.1,9.6,10.7,0.3,7.2,1.5,0.195,0,0.523,0,0,0,0,0,0.669,0,0
18/02/2015 02:00,24.8,23.8,23.8,9.3,22.9,15,0.404,0,0.417,0,0,0,0,0.077,0.753,0,0
18/02/2015 03:00,39.9,34.8,34,22.9,34.9,29,0.399,0,0.3,0,0,0,0.066,0.17,0.788,0,0
18/02/2015 04:00,47.6,41.7,40.3,33.7,43,39,0.424,0,0.164,0,0,0,0.274,0.34,0.778,0.076,0
18/02/2015 05:00,49,44.9,42.6,40,47.6,45,0.419,0,0.04,0,0,0,0.462,0.513,0.721,0.273,0
18/02/2015 06:00,45.6,45,41,42.8,49,47.5,0.332,0,0,0,0.011,0,0.592,0.35,0.613,0.44,0
18/02/2015 07:00,38.4,42,36.2,42.4,47.2,47.1,0.53,0,0,0.016,0.152,0,0.658,0.266,0.452,0.561,0
18/02/2015 08:00,26.7,35.8,27.5,38.3,42.1,43.4,0.482,0,0,0.182,0.333,0,0.6,0.281,0.234,0.633,0.032
18/02/2015 09:00,15.3,26.5,17.2,30.7,34.3,36.6,0.3,0,0,0.371,0.475,0,0.486,0.3,0.022,0.655,0.205
18/02/2015 10:00,5.1,14.6,7.2,20.5,23.8,26.3,0.115,0,0,0.526,0.565,0,0.401,0.269,0,0.618,0.488
18/02/2015 11:00,0.1,3.2,0.6,9,11,13.2,0.002,0.028,0,0.65,0.599,0,0.266,0.135,0,0.536,0.663
18/02/2015 12:00,0,0,0,0.8,0.9,1.9,0,0.144,0,0.724,0.637,0.086,0.166,0.011,0,0.415,0.762
18/02/2015 13:00,0,0,0,0,0,0,0,0.252,0,0.723,0.595,0.303,0.085,0,0,0.225,0.8
18/02/2015 14:00,0,0,0,0,0,0,0,0.361,0,0.674,0.493,0.547,0.018,0,0,0.093,0.782
18/02/2015 15:00,0,0,0,0,0,0,0,0.442,0,0.556,0.327,0.682,0,0,0,0,0.708
18/02/2015 16:00,0,0,0,0,0,0,0,0.491,0,0.324,0.136,0.756,0,0,0,0,0.547
18/02/2015 17:00,0,0,0,0,0,0,0,0.451,0,0.135,0.014,0.782,0,0,0,0,0.372
18/02/2015 18:00,0,0,0,0,0,0,0,0.386,0.009,0.012,0,0.764,0,0,0,0,0.15
18/02/2015 19:00,0,0,0,0,0,0,0,0.318,0.068,0,0,0.701,0,0,0,0,0
18/02/2015 20:00,0,0,0,0,0,0,0,0.235,0.138,0,0,0.591,0,0,0,0,0
18/02/2015 21:00,0,0,0,0,0,0,0,0.107,0.2,0,0,0.428,0,0,0,0,0
18/02/2015 22:00,0,0,0,0,0,0,0,0.007,0.272,0,0,0.209,0,0,0.112,0,0
18/02/2015 23:00,0,0,0,0,0,0,0,0,0.348,0,0,0.007,0,0,0.34,0,0
19/02/2015 00:00,0.2,0.1,1.6,0,0.5,0,0.005,0,0.379,0,0,0,0,0,0.519,0,0
19/02/2015 01:00,6.6,9.8,13.6,0.3,6.6,1.5,0.127,0,0.36,0,0,0,0,0,0.649,0,0
19/02/2015 02:00,17.8,24.1,26.6,9.2,22.2,15.2,0.303,0,0.299,0,0,0,0,0.152,0.729,0,0
19/02/2015 03:00,30.4,35.3,36,22,34.3,29.3,0.505,0,0.218,0,0,0,0.063,0.372,0.761,0,0
19/02/2015 04:00,40.2,42,41.3,32.1,42.6,39.2,0.657,0,0.116,0,0,0,0.222,0.5,0.75,0.046,0
19/02/2015 05:00,43.1,45.2,42.4,38.1,47.3,45.2,0.725,0,0.03,0,0,0,0.364,0.59,0.698,0.158,0
19/02/2015 06:00,42,45.4,40.2,40.7,48.7,47.9,0.708,0,0,0,0,0,0.456,0.622,0.591,0.27,0
19/02/2015 07:00,35.2,42.1,36.4,40.2,47.2,47.3,0.652,0,0,0.016,0.053,0,0.508,0.603,0.43,0.345,0
19/02/2015 08:00,25.7,36,29.1,36.8,42.6,43.7,0.543,0,0,0.194,0.133,0,0.552,0.563,0.217,0.42,0.129
19/02/2015 09:00,14.9,26.6,19.9,30.1,34.9,36.9,0.377,0,0,0.387,0.198,0,0.535,0.447,0.018,0.443,0.367
19/02/2015 10:00,5.2,14.6,8.8,20.6,24,26.6,0.165,0,0,0.529,0.276,0,0.423,0.323,0,0.439,0.563
19/02/2015 11:00,0.2,3.1,0.7,9.4,11,13.6,0.006,0.023,0,0.612,0.321,0,0.38,0.159,0,0.354,0.701
19/02/2015 12:00,0,0,0,0.9,0.8,1.9,0,0.126,0,0.659,0.346,0.091,0.239,0.015,0,0.254,0.793
19/02/2015 13:00,0,0,0,0,0,0,0,0.248,0,0.686,0.366,0.369,0.127,0,0,0.143,0.82
19/02/2015 14:00,0,0,0,0,0,0,0,0.367,0,0.66,0.329,0.566,0.028,0,0,0.052,0.797
19/02/2015 15:00,0,0,0,0,0,0,0,0.471,0,0.54,0.21,0.693,0,0,0,0,0.73
19/02/2015 16:00,0,0,0,0,0,0,0,0.571,0,0.338,0.101,0.766,0,0,0,0,0.6
19/02/2015 17:00,0,0,0,0,0,0,0,0.621,0,0.155,0.01,0.79,0,0,0,0,0.411
19/02/2015 18:00,0,0,0,0,0,0,0,0.595,0.025,0.02,0,0.772,0,0,0,0,0.165
19/02/2015 19:00,0,0,0,0,0,0,0,0.479,0.119,0,0,0.708,0,0,0,0,0
19/02/2015 20:00,0,0,0,0,0,0,0,0.354,0.219,0,0,0.596,0,0,0,0,0
19/02/2015 21:00,0,0,0,0,0,0,0,0.171,0.313,0,0,0.429,0,0,0,0,0
19/02/2015 22:00,0,0,0,0,0,0,0,0.015,0.373,0,0,0.21,0,0,0.078,0,0
19/02/2015 23:00,0,0,0,0,0,0,0,0,0.401,0,0,0.006,0,0,0.262,0,0
20/02/2015 00:00,3.3,0.2,1.6,0,0.5,0,0.009,0,0.379,0,0,0,0,0,0.473,0,0
20/02/2015 01:00,29.3,10.8,14.5,0.5,6.8,1.5,0.201,0,0.349,0,0,0,0,0,0.62,0,0
20/02/2015 02:00,47.8,25.5,28.4,11.9,22.2,15.3,0.42,0,0.295,0,0,0,0,0.017,0.653,0,0
20/02/2015 03:00,59.6,36.2,37.9,26.2,34.6,29.4,0.522,0,0.212,0,0,0,0.065,0.153,0.728,0,0
20/02/2015 04:00,66.8,43.2,43.8,36.5,43,39.2,0.631,0,0.117,0,0,0,0.219,0.182,0.737,0.027,0
20/02/2015 05:00,68.4,46.6,46,42.4,47.7,45.2,0.684,0,0.031,0,0,0,0.41,0.251,0.653,0.117,0
20/02/2015 06:00,64.8,44.6,43,45.3,49,47.8,0.662,0,0,0,0.006,0,0.543,0.327,0.55,0.278,0
20/02/2015 07:00,56.2,41.3,38.6,44.4,47.5,47.3,0.609,0,0,0.02,0.075,0,0.619,0.268,0.4,0.411,0
20/02/2015 08:00,41.4,35.1,30.9,40.4,42.9,43.6,0.503,0,0,0.229,0.16,0,0.586,0.162,0.189,0.482,0.098
20/02/2015 09:00,23.6,25.6,20.1,33.4,34.9,36.7,0.345,0,0,0.447,0.227,0,0.5,0.139,0.014,0.497,0.312
20/02/2015 10:00,8.5,13.8,8,23.2,23.8,26.5,0.148,0,0,0.6,0.275,0,0.423,0.087,0,0.459,0.535
20/02/2015 11:00,0.2,2.9,0.6,10.7,10.6,13.5,0.005,0.014,0,0.69,0.318,0,0.314,0.038,0,0.357,0.689
20/02/2015 12:00,0,0,0,1,0.8,2,0,0.094,0,0.729,0.32,0.115,0.211,0,0,0.285,0.774
20/02/2015 13:00,0,0,0,0,0,0,0,0.232,0,0.725,0.286,0.384,0.109,0,0,0.188,0.804
20/02/2015 14:00,0,0,0,0,0,0,0,0.412,0,0.672,0.221,0.577,0.022,0,0,0.094,0.782
20/02/2015 15:00,0,0,0,0,0,0,0,0.557,0,0.569,0.137,0.704,0,0,0,0.004,0.712
20/02/2015 16:00,0,0,0,0,0,0,0,0.627,0,0.405,0.064,0.775,0,0,0,0,0.582
20/02/2015 17:00,0,0,0,0,0,0,0,0.632,0,0.193,0.006,0.8,0,0,0,0,0.393
20/02/2015 18:00,0,0,0,0,0,0,0,0.578,0.032,0.022,0,0.781,0,0,0,0,0.152
20/02/2015 19:00,0,0,0,0,0,0,0,0.484,0.154,0,0,0.721,0,0,0,0,0
20/02/2015 20:00,0,0,0,0,0,0,0,0.346,0.301,0,0,0.601,0,0,0,0,0
20/02/2015 21:00,0,0,0,0,0,0,0,0.162,0.438,0,0,0.435,0,0,0,0,0
20/02/2015 22:00,0,0,0,0,0,0,0,0.017,0.544,0,0,0.215,0,0,0.077,0,0
20/02/2015 23:00,0,0,0,0,0,0,0,0,0.609,0,0,0.009,0,0,0.308,0,0
21/02/2015 00:00,1,0.1,1.4,0,0.6,0,0.007,0,0.621,0,0,0,0,0,0.499,0,0
21/02/2015 01:00,12.5,9.1,12.1,0.6,6.3,1.6,0.176,0,0.58,0,0,0,0,0,0.65,0,0
21/02/2015 02:00,28.9,23.3,25.1,12.1,20.5,15.4,0.39,0,0.501,0,0,0,0,0.149,0.738,0,0
21/02/2015 03:00,42.5,34.3,35.6,26.7,33.7,29.3,0.554,0,0.378,0,0,0,0.065,0.401,0.777,0,0
21/02/2015 04:00,49.8,41.1,41.3,37.9,42,39,0.658,0,0.223,0,0,0,0.23,0.598,0.763,0.063,0
21/02/2015 05:00,50.9,44.8,43.5,44.1,47.2,45,0.705,0,0.068,0,0,0,0.395,0.725,0.696,0.176,0
21/02/2015 06:00,48.7,45.2,42.8,47.3,48.7,47.4,0.663,0,0,0,0.007,0,0.529,0.793,0.583,0.295,0
21/02/2015 07:00,39.5,42.2,38.5,46.2,47.3,46.9,0.608,0,0,0.021,0.107,0,0.596,0.805,0.418,0.38,0
21/02/2015 08:00,26.1,35.9,30.9,41.9,42.7,43.3,0.498,0,0,0.225,0.199,0,0.606,0.764,0.195,0.446,0.117
21/02/2015 09:00,13.5,26.4,20.3,35,34.9,36.5,0.346,0,0,0.438,0.279,0,0.572,0.665,0.016,0.486,0.352
21/02/2015 10:00,4.9,14.5,8,24.6,23.9,26.4,0.144,0,0,0.588,0.336,0,0.511,0.513,0,0.501,0.549
21/02/2015 11:00,0.2,3.2,0.7,11.8,10.8,13.6,0.005,0.056,0,0.678,0.37,0,0.405,0.296,0,0.486,0.688
21/02/2015 12:00,0,0,0,1.3,0.8,2.1,0,0.226,0,0.694,0.392,0.086,0.268,0.053,0,0.447,0.773
21/02/2015 13:00,0,0,0,0,0,0,0,0.348,0,0.68,0.401,0.309,0.144,0,0,0.294,0.801
21/02/2015 14:00,0,0,0,0,0,0,0,0.453,0,0.623,0.335,0.53,0.03,0,0,0.124,0.779
21/02/2015 15:00,0,0,0,0,0,0,0,0.548,0,0.525,0.218,0.666,0,0,0,0.004,0.72
21/02/2015 16:00,0,0,0,0,0,0,0,0.581,0,0.374,0.103,0.747,0,0,0,0,0.592
21/02/2015 17:00,0,0,0,0,0,0,0,0.54,0,0.168,0.013,0.768,0,0,0,0,0.406
21/02/2015 18:00,0,0,0,0,0,0,0,0.455,0.036,0.017,0,0.715,0,0,0,0,0.165
21/02/2015 19:00,0,0,0,0,0,0,0,0.34,0.186,0,0,0.652,0,0,0,0,0
21/02/2015 20:00,0,0,0,0,0,0,0,0.217,0.359,0,0,0.498,0,0,0,0,0
21/02/2015 21:00,0,0,0,0,0,0,0,0.095,0.524,0,0,0.355,0,0,0,0,0
21/02/2015 22:00,0,0,0,0,0,0,0,0.006,0.582,0,0,0.174,0,0,0.077,0,0
21/02/2015 23:00,0,0,0,0,0,0,0,0,0.665,0,0,0.003,0,0,0.283,0,0
22/02/2015 00:00,3.7,0.2,0.8,0,0.6,0,0.008,0,0.654,0,0,0,0,0,0.493,0,0
22/02/2015 01:00,30.3,10.9,10.3,0.6,7.3,1.6,0.178,0,0.628,0,0,0,0,0,0.638,0,0
22/02/2015 02:00,48.5,25.6,23.1,14.3,22.3,15.8,0.389,0,0.543,0,0,0,0,0.223,0.719,0,0
22/02/2015 03:00,60.9,36.7,33.8,29.1,34.4,29.6,0.511,0,0.405,0,0,0,0.027,0.469,0.751,0,0
22/02/2015 04:00,67.7,43.5,41,39,42.6,39.2,0.618,0,0.228,0,0,0,0.133,0.649,0.735,0.067,0
22/02/2015 05:00,69.3,46.8,42.4,44.4,47.5,45,0.668,0,0.064,0,0,0,0.254,0.763,0.684,0.227,0
22/02/2015 06:00,68.1,46.2,39.7,47,49.5,47.5,0.649,0,0,0,0.016,0,0.314,0.782,0.566,0.393,0
22/02/2015 07:00,60.1,43.2,34.7,45.7,47.9,47.1,0.594,0,0,0.019,0.149,0,0.316,0.792,0.409,0.512,0
22/02/2015 08:00,43.3,36.8,27.9,41.7,43.4,43.5,0.485,0,0,0.219,0.286,0,0.329,0.75,0.201,0.582,0.096
22/02/2015 09:00,26.9,26.9,18.9,34.2,35.4,37,0.326,0,0,0.433,0.38,0,0.311,0.653,0.018,0.635,0.261
22/02/2015 10:00,10.1,14.9,8.3,23.2,24.4,27,0.136,0,0,0.585,0.434,0,0.233,0.492,0,0.633,0.414
22/02/2015 11:00,0.4,3.4,0.8,10.2,11.2,14.1,0.004,0.059,0,0.678,0.464,0,0.157,0.267,0,0.541,0.517
22/02/2015 12:00,0,0,0,0.8,0.9,2.3,0,0.227,0,0.741,0.458,0.063,0.094,0.038,0,0.397,0.576
22/02/2015 13:00,0,0,0,0,0,0,0,0.399,0,0.736,0.408,0.248,0.039,0,0,0.223,0.529
22/02/2015 14:00,0,0,0,0,0,0,0,0.538,0,0.686,0.334,0.444,0.003,0,0,0.087,0.412
22/02/2015 15:00,0,0,0,0,0,0,0,0.595,0,0.584,0.216,0.614,0,0,0,0,0.375
22/02/2015 16:00,0,0,0,0,0,0,0,0.627,0,0.434,0.098,0.716,0,0,0,0,0.333
22/02/2015 17:00,0,0,0,0,0,0,0,0.61,0,0.234,0.01,0.758,0,0,0,0,0.288
22/02/2015 18:00,0,0,0,0,0,0,0,0.525,0.031,0.034,0,0.744,0,0,0,0,0.134
22/02/2015 19:00,0,0,0,0,0,0,0,0.435,0.225,0,0,0.674,0,0,0,0,0
22/02/2015 20:00,0,0,0,0,0,0,0,0.332,0.407,0,0,0.546,0,0,0,0,0
22/02/2015 21:00,0,0,0,0,0,0,0,0.15,0.553,0,0,0.365,0,0,0,0,0
22/02/2015 22:00,0,0,0,0,0,0,0,0.017,0.666,0,0,0.136,0,0,0.099,0,0
22/02/2015 23:00,0,0,0,0,0,0,0,0,0.721,0,0,0.001,0,0,0.324,0,0
23/02/2015 00:00,3,0.2,1.4,0,0.6,0,0.008,0,0.727,0,0,0,0,0,0.514,0,0
23/02/2015 01:00,27,10.7,12.3,0.5,7.9,1.9,0.177,0,0.679,0,0,0,0,0,0.65,0,0
23/02/2015 02:00,45.4,25.3,25.7,7,23.3,15.9,0.388,0,0.591,0,0,0,0,0.071,0.729,0,0
23/02/2015 03:00,60.4,36,36.2,15.4,35.3,29.1,0.501,0,0.452,0,0,0,0.022,0.327,0.765,0,0
23/02/2015 04:00,67.4,43,42.4,23.7,43.5,38.1,0.617,0,0.268,0,0,0,0.115,0.605,0.753,0.078,0
23/02/2015 05:00,69.3,46.4,45,25.9,48.2,43.7,0.702,0,0.075,0,0,0,0.26,0.731,0.696,0.241,0
23/02/2015 06:00,67.6,47,44.3,25.8,49.4,46.2,0.671,0,0,0,0.012,0,0.401,0.782,0.579,0.379,0
23/02/2015 07:00,60.9,43.9,40.2,28,47.9,46.2,0.592,0,0,0.017,0.139,0,0.478,0.788,0.386,0.49,0
23/02/2015 08:00,47.3,37.6,32.7,30.4,43.3,43.1,0.474,0,0,0.16,0.279,0,0.501,0.744,0.188,0.59,0.115
23/02/2015 09:00,30.8,27.8,21.4,28.3,35.3,35.9,0.305,0,0,0.334,0.381,0,0.473,0.643,0.015,0.596,0.347
23/02/2015 10:00,13.1,15.6,9.1,19.2,24.4,25.8,0.115,0,0,0.497,0.459,0,0.434,0.484,0,0.57,0.542
23/02/2015 11:00,0.7,3.7,0.8,7.6,11.2,13,0.002,0.044,0,0.626,0.516,0,0.38,0.263,0,0.485,0.68
23/02/2015 12:00,0,0,0,0.7,0.9,1.9,0,0.171,0,0.658,0.561,0.079,0.293,0.039,0,0.362,0.768
23/02/2015 13:00,0,0,0,0,0,0,0,0.296,0,0.651,0.539,0.3,0.171,0,0,0.203,0.797
23/02/2015 14:00,0,0,0,0,0,0,0,0.422,0,0.607,0.477,0.514,0.043,0,0,0.079,0.776
23/02/2015 15:00,0,0,0,0,0,0,0,0.526,0,0.514,0.365,0.669,0,0,0,0,0.701
23/02/2015 16:00,0,0,0,0,0,0,0,0.56,0,0.376,0.2,0.746,0,0,0,0,0.571
23/02/2015 17:00,0,0,0,0,0,0,0,0.597,0,0.204,0.035,0.77,0,0,0,0,0.382
23/02/2015 18:00,0,0,0,0,0,0,0,0.566,0.032,0.031,0,0.745,0,0,0,0,0.147
23/02/2015 19:00,0,0,0,0,0,0,0,0.496,0.228,0,0,0.678,0,0,0,0,0
23/02/2015 20:00,0,0,0,0,0,0,0,0.349,0.424,0,0,0.552,0,0,0,0,0
23/02/2015 21:00,0,0,0,0,0,0,0,0.173,0.542,0,0,0.376,0,0,0,0,0
23/02/2015 22:00,0,0,0,0,0,0,0,0.018,0.617,0,0,0.165,0,0,0.103,0,0
23/02/2015 23:00,0,0,0,0,0,0,0,0,0.653,0,0,0.003,0,0,0.322,0,0
24/02/2015 00:00,3.1,0.2,1.4,0,0.6,0,0.015,0,0.694,0,0,0,0,0,0.508,0,0
24/02/2015 01:00,25.9,10.9,12.7,0.3,7.8,1.6,0.226,0,0.655,0,0,0,0,0,0.645,0,0
24/02/2015 02:00,44.5,25.1,26.4,3.6,22.8,13.6,0.443,0,0.569,0,0,0,0,0.173,0.729,0,0
24/02/2015 03:00,57.4,35.9,36.4,9.6,35.1,26.7,0.602,0,0.412,0,0,0,0.05,0.426,0.758,0,0
24/02/2015 04:00,64.7,42.8,42.6,14.6,43.3,36.4,0.704,0,0.259,0,0,0,0.22,0.617,0.748,0.092,0
24/02/2015 05:00,66.3,46.2,45.2,16.6,48,41.9,0.753,0,0.08,0,0,0,0.446,0.737,0.688,0.278,0
24/02/2015 06:00,63.8,46,42.7,17.4,49.5,44.1,0.753,0,0,0,0.022,0,0.601,0.767,0.578,0.416,0
24/02/2015 07:00,53.7,42.9,38.2,16.9,47.9,44.1,0.703,0,0,0.02,0.216,0,0.698,0.776,0.404,0.399,0
24/02/2015 08:00,40.4,36.6,31,18.2,43.3,40.8,0.599,0,0,0.244,0.41,0,0.737,0.73,0.184,0.341,0.114
24/02/2015 09:00,26.2,26.5,19.7,21.6,35.3,34.6,0.438,0,0,0.464,0.553,0,0.719,0.637,0.015,0.328,0.343
24/02/2015 10:00,10.2,14.8,8.3,16.7,24.3,24.7,0.222,0,0,0.609,0.64,0,0.65,0.472,0,0.408,0.539
24/02/2015 11:00,0.6,3.6,0.8,7.2,11.2,12.1,0.019,0.068,0,0.707,0.684,0,0.523,0.25,0,0.417,0.678
24/02/2015 12:00,0,0,0,0.8,1,1.9,0,0.257,0,0.731,0.687,0.091,0.363,0.035,0,0.295,0.746
24/02/2015 13:00,0,0,0,0,0,0,0,0.426,0,0.733,0.647,0.335,0.176,0,0,0.161,0.776
24/02/2015 14:00,0,0,0,0,0,0,0,0.554,0,0.657,0.56,0.54,0.04,0,0,0.047,0.756
24/02/2015 15:00,0,0,0,0,0,0,0,0.62,0,0.468,0.429,0.677,0,0,0,0,0.683
24/02/2015 16:00,0,0,0,0,0,0,0,0.631,0,0.357,0.244,0.752,0,0,0,0,0.552
24/02/2015 17:00,0,0,0,0,0,0,0,0.592,0,0.204,0.045,0.78,0,0,0,0,0.365
24/02/2015 18:00,0,0,0,0,0,0,0,0.486,0.031,0.028,0,0.763,0,0,0,0,0.136
24/02/2015 19:00,0,0,0,0,0,0,0,0.364,0.145,0,0,0.7,0,0,0,0,0
24/02/2015 20:00,0,0,0,0,0,0,0,0.242,0.257,0,0,0.588,0,0,0,0,0
24/02/2015 21:00,0,0,0,0,0,0,0,0.116,0.393,0,0,0.416,0,0,0,0,0
24/02/2015 22:00,0,0,0,0,0,0,0,0.01,0.5,0,0,0.205,0,0,0.11,0,0
24/02/2015 23:00,0,0,0,0,0,0,0,0,0.529,0,0,0.007,0,0,0.333,0,0
25/02/2015 00:00,1.9,0.2,1.7,0,0.6,0,0.01,0,0.505,0,0,0,0,0,0.521,0,0
25/02/2015 01:00,19.8,10.1,12.5,0.3,7.6,1.6,0.199,0,0.435,0,0,0,0,0,0.655,0,0
25/02/2015 02:00,39.9,23.8,24.8,11.6,22.2,14.8,0.416,0,0.355,0,0,0,0,0.172,0.74,0,0
25/02/2015 03:00,52.4,32.8,33.1,25.8,34.7,29,0.51,0,0.263,0,0,0,0.065,0.419,0.776,0,0
25/02/2015 04:00,57.5,39.1,39.6,37.3,42.7,39.4,0.443,0,0.171,0,0,0,0.239,0.607,0.764,0.084,0
25/02/2015 05:00,56.4,42.2,41.9,45,47.2,45.7,0.542,0,0.053,0,0,0,0.41,0.723,0.708,0.265,0
25/02/2015 06:00,49.8,42.6,41.1,48.4,48.5,48.7,0.64,0,0,0,0.022,0,0.535,0.751,0.58,0.401,0
25/02/2015 07:00,39.3,39.9,37.3,48.3,47,48.1,0.595,0,0,0.021,0.199,0,0.601,0.762,0.417,0.496,0
25/02/2015 08:00,25.4,34.4,28.9,44.9,42.4,44.4,0.548,0,0,0.22,0.374,0,0.633,0.721,0.216,0.559,0.095
25/02/2015 09:00,14.2,25.1,17.1,36.9,34.1,36.9,0.404,0,0,0.438,0.511,0,0.596,0.632,0.021,0.562,0.304
25/02/2015 10:00,5.2,13.3,7.3,25.8,22.6,26.9,0.174,0,0,0.594,0.608,0,0.505,0.474,0,0.459,0.492
25/02/2015 11:00,0.2,3.2,0.8,12.2,10,14.1,0.011,0.087,0,0.69,0.654,0,0.385,0.255,0,0.4,0.634
25/02/2015 12:00,0,0,0,1.4,0.9,2.5,0,0.293,0,0.693,0.671,0.121,0.188,0.039,0,0.323,0.726
25/02/2015 13:00,0,0,0,0,0,0,0,0.474,0,0.693,0.633,0.367,0.071,0,0,0.22,0.772
25/02/2015 14:00,0,0,0,0,0,0,0,0.604,0,0.647,0.548,0.551,0.006,0,0,0.123,0.761
25/02/2015 15:00,0,0,0,0,0,0,0,0.688,0,0.591,0.405,0.674,0,0,0,0.005,0.688
25/02/2015 16:00,0,0,0,0,0,0,0,0.719,0,0.441,0.223,0.752,0,0,0,0,0.56
25/02/2015 17:00,0,0,0,0,0,0,0,0.702,0,0.238,0.039,0.78,0,0,0,0,0.372
25/02/2015 18:00,0,0,0,0,0,0,0,0.635,0.026,0.037,0,0.745,0,0,0,0,0.14
25/02/2015 19:00,0,0,0,0,0,0,0,0.529,0.168,0,0,0.688,0,0,0,0,0
25/02/2015 20:00,0,0,0,0,0,0,0,0.378,0.334,0,0,0.568,0,0,0,0,0
25/02/2015 21:00,0,0,0,0,0,0,0,0.191,0.478,0,0,0.399,0,0,0,0,0
25/02/2015 22:00,0,0,0,0,0,0,0,0.023,0.567,0,0,0.201,0,0,0.112,0,0
25/02/2015 23:00,0,0,0,0,0,0,0,0,0.576,0,0,0.009,0,0,0.335,0,0
26/02/2015 00:00,1.8,0.3,1.5,0,0.7,0,0.008,0,0.509,0,0,0,0,0,0.526,0,0
26/02/2015 01:00,17.8,10.5,12.1,1,6.9,1.7,0.112,0,0.418,0,0,0,0,0,0.662,0,0
26/02/2015 02:00,36.8,24.5,25.2,18,22.2,17.3,0.234,0,0.306,0,0,0,0,0.114,0.748,0,0
26/02/2015 03:00,51.2,34.7,35.7,33.5,34.1,31.5,0.345,0,0.174,0,0,0,0.012,0.305,0.782,0,0
26/02/2015 04:00,60.7,41.2,42.3,43.7,42.3,41.3,0.48,0,0.079,0,0,0,0.086,0.445,0.762,0.042,0
26/02/2015 05:00,63.4,44.4,44.8,49.8,46.9,47.3,0.582,0,0.016,0,0,0,0.218,0.516,0.689,0.126,0
26/02/2015 06:00,58.9,45,42.9,52.2,48.3,49.4,0.59,0,0,0,0.021,0,0.374,0.592,0.559,0.228,0
26/02/2015 07:00,49.3,42.3,38.4,51.5,46.8,48.9,0.557,0,0,0.036,0.193,0,0.447,0.619,0.357,0.311,0
26/02/2015 08:00,37.1,36.4,31.6,47.5,42.2,45.2,0.446,0,0,0.28,0.371,0,0.42,0.58,0.169,0.402,0.139
26/02/2015 09:00,23.2,26.2,20.9,40.3,33.8,38.9,0.274,0,0,0.492,0.491,0,0.386,0.474,0.012,0.443,0.348
26/02/2015 10:00,9.1,14.7,9.1,29.2,22.6,28.6,0.092,0,0,0.637,0.59,0,0.362,0.336,0,0.445,0.501
26/02/2015 11:00,0.5,3.6,1,15.1,9.9,15.4,0,0.109,0,0.721,0.636,0,0.317,0.154,0,0.417,0.634
26/02/2015 12:00,0,0,0,2.1,0.8,2.8,0,0.323,0,0.755,0.657,0.116,0.241,0.02,0,0.335,0.675
26/02/2015 13:00,0,0,0,0,0,0,0,0.495,0,0.753,0.618,0.348,0.138,0,0,0.203,0.711
26/02/2015 14:00,0,0,0,0,0,0,0,0.618,0,0.706,0.533,0.552,0.025,0,0,0.074,0.725
26/02/2015 15:00,0,0,0,0,0,0,0,0.691,0,0.595,0.399,0.678,0,0,0,0,0.664
26/02/2015 16:00,0,0,0,0,0,0,0,0.72,0,0.446,0.214,0.756,0,0,0,0,0.542
26/02/2015 17:00,0,0,0,0,0,0,0,0.702,0,0.245,0.035,0.776,0,0,0,0,0.364
26/02/2015 18:00,0,0,0,0,0,0,0,0.639,0.013,0.04,0,0.756,0,0,0,0,0.147
26/02/2015 19:00,0,0,0,0,0,0,0,0.533,0.097,0,0,0.647,0,0,0,0,0
26/02/2015 20:00,0,0,0,0,0,0,0,0.384,0.211,0,0,0.559,0,0,0,0,0
26/02/2015 21:00,0,0,0,0,0,0,0,0.198,0.315,0,0,0.39,0,0,0,0,0
26/02/2015 22:00,0,0,0,0,0,0,0,0.024,0.381,0,0,0.209,0,0,0.076,0,0
26/02/2015 23:00,0,0,0,0,0,0,0,0,0.417,0,0,0.011,0,0,0.275,0,0
27/02/2015 00:00,0.7,0.3,2.1,0,0.7,0,0.006,0,0.401,0,0,0,0,0,0.492,0,0
27/02/2015 01:00,10.4,10.1,14,1.2,6.7,1.9,0.119,0,0.363,0,0,0,0,0,0.608,0,0
27/02/2015 02:00,25.9,24.1,27.1,18.5,20.4,17.4,0.223,0,0.31,0,0,0,0,0.145,0.684,0,0
27/02/2015 03:00,43.3,34.7,36.3,33.6,32.2,31.5,0.36,0,0.217,0,0,0,0.07,0.385,0.752,0,0
27/02/2015 04:00,56.8,41.9,42.4,43.6,40.5,41.3,0.48,0,0.116,0,0,0,0.281,0.579,0.711,0.039,0
27/02/2015 05:00,65.2,45.3,44.9,49.5,44.6,47.2,0.552,0,0.025,0,0,0,0.47,0.703,0.664,0.123,0
27/02/2015 06:00,64.6,45.2,43.8,52.5,45.6,49.7,0.541,0,0,0,0.021,0,0.607,0.727,0.58,0.225,0
27/02/2015 07:00,57,42.2,39.5,51.7,43.9,48.9,0.441,0,0,0.016,0.196,0,0.662,0.739,0.44,0.326,0
27/02/2015 08:00,44.6,35.8,32,47.7,38.8,44.8,0.347,0,0,0.14,0.382,0,0.612,0.699,0.231,0.43,0.073
27/02/2015 09:00,29.3,26.2,21.5,39.8,31.4,37,0.24,0,0,0.309,0.517,0,0.506,0.647,0.026,0.472,0.265
27/02/2015 10:00,12.5,14.5,9.6,28.8,20.9,27.3,0.073,0,0,0.525,0.595,0,0.382,0.488,0,0.437,0.473
27/02/2015 11:00,0.9,3.5,1,14.8,9,14.7,0,0.063,0,0.681,0.63,0,0.211,0.268,0,0.379,0.638
27/02/2015 12:00,0,0,0,2.1,0.7,2.6,0,0.241,0,0.683,0.618,0.115,0.124,0.044,0,0.308,0.726
27/02/2015 13:00,0,0,0,0,0,0,0,0.412,0,0.671,0.51,0.354,0.054,0,0,0.222,0.762
27/02/2015 14:00,0,0,0,0,0,0,0,0.545,0,0.658,0.348,0.547,0.005,0,0,0.091,0.742
27/02/2015 15:00,0,0,0,0,0,0,0,0.623,0,0.556,0.198,0.667,0,0,0,0,0.677
27/02/2015 16:00,0,0,0,0,0,0,0,0.646,0,0.406,0.089,0.743,0,0,0,0,0.543
27/02/2015 17:00,0,0,0,0,0,0,0,0.625,0,0.21,0.009,0.764,0,0,0,0,0.35
27/02/2015 18:00,0,0,0,0,0,0,0,0.565,0.03,0.03,0,0.737,0,0,0,0,0.124
27/02/2015 19:00,0,0,0,0,0,0,0,0.461,0.178,0,0,0.647,0,0,0,0,0
27/02/2015 20:00,0,0,0,0,0,0,0,0.31,0.351,0,0,0.54,0,0,0,0,0
27/02/2015 21:00,0,0,0,0,0,0,0,0.143,0.488,0,0,0.34,0,0,0,0,0
27/02/2015 22:00,0,0,0,0,0,0,0,0.014,0.592,0,0,0.138,0,0,0.096,0,0
27/02/2015 23:00,0,0,0,0,0,0,0,0,0.637,0,0,0.003,0,0,0.302,0,0
28/02/2015 00:00,5.6,0.3,1.9,0,0.8,0,0.001,0,0.648,0,0,0,0,0,0.481,0,0
28/02/2015 01:00,32.3,10.5,13.8,0.5,5.9,1.3,0.13,0,0.588,0,0,0,0,0,0.634,0,0
28/02/2015 02:00,49.6,24.3,27.6,6.8,18.2,12.9,0.346,0,0.491,0,0,0,0,0.154,0.719,0,0
28/02/2015 03:00,61.7,35.1,37.3,15.9,29.7,25.1,0.503,0,0.318,0,0,0,0.03,0.385,0.752,0,0
28/02/2015 04:00,68.6,41.9,43,26.5,37.9,34,0.587,0,0.174,0,0,0,0.184,0.531,0.745,0.048,0
28/02/2015 05:00,70.4,45,45.2,35.6,41.3,39.9,0.569,0,0.041,0,0,0,0.398,0.484,0.691,0.126,0
28/02/2015 06:00,69.3,45,44,37.7,40.2,41.4,0.439,0,0,0,0.022,0,0.49,0.412,0.592,0.212,0
28/02/2015 07:00,63.6,41.8,39.1,35.1,37.1,40.2,0.342,0,0,0.029,0.193,0,0.516,0.364,0.426,0.3,0
28/02/2015 08:00,52.8,35.6,30.7,27.7,30,36.2,0.293,0,0,0.251,0.379,0,0.582,0.397,0.215,0.374,0.096
28/02/2015 09:00,36.2,26.2,19.6,18,23.3,29.2,0.152,0,0,0.467,0.534,0,0.647,0.521,0.023,0.383,0.321
28/02/2015 10:00,17.3,14.3,8.3,10.4,15.1,20.1,0.077,0,0,0.622,0.617,0,0.637,0.368,0,0.343,0.524
28/02/2015 11:00,1.5,3.6,0.9,4.2,5.9,9.8,0.005,0.026,0,0.718,0.646,0,0.54,0.108,0,0.311,0.668
28/02/2015 12:00,0,0,0,0.3,0.4,1.6,0,0.127,0,0.77,0.641,0.101,0.354,0.013,0,0.306,0.732
28/02/2015 13:00,0,0,0,0,0,0,0,0.245,0,0.763,0.584,0.319,0.143,0,0,0.192,0.756
28/02/2015 14:00,0,0,0,0,0,0,0,0.378,0,0.71,0.496,0.547,0.025,0,0,0.077,0.732
28/02/2015 15:00,0,0,0,0,0,0,0,0.457,0,0.611,0.355,0.677,0,0,0,0,0.708
28/02/2015 16:00,0,0,0,0,0,0,0,0.452,0,0.461,0.191,0.736,0,0,0,0,0.571
28/02/2015 17:00,0,0,0,0,0,0,0,0.491,0,0.259,0.032,0.765,0,0,0,0,0.376
28/02/2015 18:00,0,0,0,0,0,0,0,0.444,0.03,0.047,0,0.732,0,0,0,0,0.144
28/02/2015 19:00,0,0,0,0,0,0,0,0.384,0.153,0,0,0.671,0,0,0,0,0
28/02/2015 20:00,0,0,0,0,0,0,0,0.261,0.277,0,0,0.526,0,0,0,0,0
28/02/2015 21:00,0,0,0,0,0,0,0,0.134,0.375,0,0,0.353,0,0,0,0,0
28/02/2015 22:00,0,0,0,0,0,0,0,0.015,0.446,0,0,0.163,0,0,0.113,0,0
28/02/2015 23:00,0,0,0,0,0,0,0,0,0.483,0,0,0.005,0,0,0.332,0,0
01/03/2015 00:00,1.5,0.2,1,0,0.5,0,0.027,0,0.476,0,0,0,0,0,0.522,0,0
01/03/2015 01:00,12.9,8.5,6.5,0.2,5.2,0.9,0.27,0,0.438,0,0,0,0,0,0.659,0,0
01/03/2015 02:00,31.1,21.2,15.4,4.1,17.4,9.6,0.495,0,0.367,0,0,0,0,0.102,0.744,0,0
01/03/2015 03:00,48.2,32.1,25.5,10.5,29,21.4,0.649,0,0.274,0,0,0,0.061,0.274,0.78,0,0
01/03/2015 04:00,55.9,38.2,32.3,18.2,38.5,30.9,0.751,0,0.158,0,0,0,0.172,0.383,0.77,0.033,0
01/03/2015 05:00,58.8,40.8,36.2,26.2,43.7,38.6,0.798,0,0.042,0,0,0,0.279,0.408,0.713,0.123,0
01/03/2015 06:00,57.5,40.6,34.7,31.7,45.1,41.8,0.794,0,0,0,0.014,0,0.429,0.37,0.605,0.226,0
01/03/2015 07:00,52.7,37.9,31.1,33.5,44.2,40.5,0.741,0,0,0.038,0.145,0,0.566,0.365,0.445,0.327,0
01/03/2015 08:00,42.4,32.6,24.7,31.1,39.7,35.7,0.635,0,0,0.283,0.287,0,0.635,0.423,0.231,0.365,0.094
01/03/2015 09:00,28.2,23.6,16.7,25.3,32,28.9,0.471,0,0,0.496,0.402,0,0.608,0.383,0.027,0.413,0.32
01/03/2015 10:00,12.9,13.1,7.4,17.8,20.7,19.9,0.249,0,0,0.647,0.506,0,0.546,0.211,0,0.431,0.526
01/03/2015 11:00,1.1,3.4,0.8,8.6,8.8,10,0.03,0.03,0,0.739,0.555,0,0.444,0.085,0,0.34,0.674
01/03/2015 12:00,0,0,0,1.1,0.7,1.9,0,0.144,0,0.776,0.525,0.12,0.303,0.003,0,0.285,0.766
01/03/2015 13:00,0,0,0,0,0,0,0,0.266,0,0.77,0.455,0.345,0.16,0,0,0.161,0.797
01/03/2015 14:00,0,0,0,0,0,0,0,0.355,0,0.719,0.358,0.522,0.033,0,0,0.058,0.774
01/03/2015 15:00,0,0,0,0,0,0,0,0.397,0,0.628,0.231,0.659,0,0,0,0,0.678
01/03/2015 16:00,0,0,0,0,0,0,0,0.385,0,0.477,0.115,0.741,0,0,0,0,0.543
01/03/2015 17:00,0,0,0,0,0,0,0,0.374,0,0.272,0.017,0.775,0,0,0,0,0.351
01/03/2015 18:00,0,0,0,0,0,0,0,0.372,0.033,0.05,0,0.748,0,0,0,0,0.128
01/03/2015 19:00,0,0,0,0,0,0,0,0.308,0.171,0,0,0.681,0,0,0,0,0
01/03/2015 20:00,0,0,0,0,0,0,0,0.216,0.302,0,0,0.549,0,0,0,0,0
01/03/2015 21:00,0,0,0,0,0,0,0,0.103,0.417,0,0,0.379,0,0,0,0,0
01/03/2015 22:00,0,0,0,0,0,0,0,0.007,0.506,0,0,0.151,0,0,0.115,0,0
01/03/2015 23:00,0,0,0,0,0,0,0,0,0.553,0,0,0.003,0,0,0.333,0,0
02/03/2015 00:00,1.6,0.4,1.2,0,0.6,0,0.033,0,0.533,0,0,0,0,0,0.522,0,0
02/03/2015 01:00,18.7,10.9,11.4,0.5,6.1,1.3,0.287,0,0.445,0,0,0,0,0,0.655,0,0
02/03/2015 02:00,38.7,23.4,24,11.4,19.2,14.3,0.508,0,0.35,0,0,0,0,0.038,0.739,0,0
02/03/2015 03:00,51.8,33.1,34,26,31.3,28.6,0.661,0,0.24,0,0,0,0.072,0.112,0.771,0,0
02/03/2015 04:00,57.5,39.1,40.9,37.5,39.3,39.1,0.754,0,0.133,0,0,0,0.286,0.118,0.761,0.032,0
02/03/2015 05:00,59.8,41.3,42.8,44.9,44.3,45.5,0.797,0,0.031,0,0,0,0.483,0.132,0.703,0.125,0
02/03/2015 06:00,57.4,41.5,42.6,46.9,45,48.5,0.789,0,0,0,0.014,0,0.626,0.165,0.598,0.235,0
02/03/2015 07:00,52.5,38.4,37.7,45.1,44.3,47.9,0.734,0,0,0.031,0.153,0,0.715,0.252,0.439,0.301,0
02/03/2015 08:00,42.9,30.3,29.1,40.4,39.7,43.2,0.628,0,0,0.253,0.343,0,0.75,0.316,0.227,0.314,0.082
02/03/2015 09:00,27.1,19.8,18.2,33.3,32.2,36.4,0.458,0,0,0.465,0.524,0,0.713,0.261,0.023,0.297,0.293
02/03/2015 10:00,11.5,10.5,7.9,24.1,21.4,27.2,0.237,0,0,0.618,0.616,0,0.586,0.172,0,0.263,0.499
02/03/2015 11:00,0.6,2.6,1,12.2,9,14.9,0.026,0.027,0,0.711,0.651,0,0.451,0.091,0,0.258,0.651
02/03/2015 12:00,0,0,0,1.9,0.8,2.9,0,0.112,0,0.766,0.645,0.095,0.245,0.01,0,0.171,0.738
02/03/2015 13:00,0,0,0,0,0,0,0,0.175,0,0.762,0.582,0.31,0.073,0,0,0.103,0.772
02/03/2015 14:00,0,0,0,0,0,0,0,0.223,0,0.712,0.473,0.524,0.004,0,0,0.041,0.752
02/03/2015 15:00,0,0,0,0,0,0,0,0.243,0,0.617,0.283,0.655,0,0,0,0,0.703
02/03/2015 16:00,0,0,0,0,0,0,0,0.243,0,0.468,0.134,0.726,0,0,0,0,0.577
02/03/2015 17:00,0,0,0,0,0,0,0,0.239,0,0.266,0.021,0.733,0,0,0,0,0.394
02/03/2015 18:00,0,0,0,0,0,0,0,0.227,0.027,0.05,0,0.683,0,0,0,0,0.162
02/03/2015 19:00,0,0,0,0,0,0,0,0.2,0.15,0,0,0.54,0,0,0,0,0
02/03/2015 20:00,0,0,0,0,0,0,0,0.148,0.296,0,0,0.44,0,0,0,0,0
02/03/2015 21:00,0,0,0,0,0,0,0,0.067,0.432,0,0,0.269,0,0,0,0,0
02/03/2015 22:00,0,0,0,0,0,0,0,0.002,0.532,0,0,0.108,0,0,0.104,0,0
02/03/2015 23:00,0,0,0,0,0,0,0,0,0.597,0,0,0.001,0,0,0.312,0,0
03/03/2015 00:00,6.7,0.5,2.6,0,0.6,0,0.022,0,0.586,0,0,0,0,0,0.498,0,0
03/03/2015 01:00,33.6,9.8,15.6,1.3,6.3,2.5,0.229,0,0.547,0,0,0,0,0,0.636,0,0
03/03/2015 02:00,51,21.3,27.5,16.5,18.7,18,0.444,0,0.462,0,0,0,0,0.149,0.719,0,0
03/03/2015 03:00,63,32,36.6,31.4,30.2,31.9,0.59,0,0.346,0,0,0,0.025,0.393,0.75,0,0
03/03/2015 04:00,69.6,40.6,43.1,41.6,38.3,41.8,0.689,0,0.191,0,0,0,0.105,0.584,0.74,0.03,0
03/03/2015 05:00,71.2,44.2,45.7,47.8,42.9,48.2,0.736,0,0.057,0,0,0,0.202,0.707,0.684,0.111,0
03/03/2015 06:00,70.3,45,45.4,50.8,44.4,50.4,0.72,0,0,0,0.024,0,0.334,0.762,0.582,0.202,0
03/03/2015 07:00,64.5,42.6,41.5,50.1,43.3,49.5,0.641,0,0,0.038,0.192,0,0.451,0.762,0.427,0.313,0
03/03/2015 08:00,50.8,36.9,34.8,46.1,39.1,45.1,0.466,0,0,0.279,0.356,0,0.465,0.722,0.221,0.391,0.139
03/03/2015 09:00,34.9,27.6,24.5,38.8,31.5,38.6,0.298,0,0,0.49,0.497,0,0.432,0.625,0.024,0.312,0.374
03/03/2015 10:00,15.5,15.6,12.1,28,21.4,28.1,0.138,0,0,0.632,0.601,0,0.371,0.471,0,0.307,0.567
03/03/2015 11:00,1.1,3.7,1.6,14,9.5,15.3,0.006,0.025,0,0.722,0.655,0,0.283,0.261,0,0.276,0.703
03/03/2015 12:00,0,0,0,2,0.9,2.9,0,0.116,0,0.773,0.656,0.096,0.166,0.046,0,0.218,0.79
03/03/2015 13:00,0,0,0,0,0,0,0,0.182,0,0.769,0.614,0.333,0.068,0,0,0.157,0.82
03/03/2015 14:00,0,0,0,0,0,0,0,0.239,0,0.72,0.537,0.547,0.008,0,0,0.068,0.801
03/03/2015 15:00,0,0,0,0,0,0,0,0.281,0,0.623,0.406,0.677,0,0,0,0,0.726
03/03/2015 16:00,0,0,0,0,0,0,0,0.279,0,0.466,0.222,0.752,0,0,0,0,0.599
03/03/2015 17:00,0,0,0,0,0,0,0,0.274,0,0.257,0.04,0.78,0,0,0,0,0.415
03/03/2015 18:00,0,0,0,0,0,0,0,0.251,0.03,0.05,0,0.763,0,0,0,0,0.179
03/03/2015 19:00,0,0,0,0,0,0,0,0.211,0.157,0,0,0.701,0,0,0,0,0
03/03/2015 20:00,0,0,0,0,0,0,0,0.151,0.288,0,0,0.592,0,0,0,0,0
03/03/2015 21:00,0,0,0,0,0,0,0,0.076,0.385,0,0,0.431,0,0,0,0,0
03/03/2015 22:00,0,0,0,0,0,0,0,0.006,0.452,0,0,0.219,0,0,0.096,0,0
03/03/2015 23:00,0,0,0,0,0,0,0,0,0.478,0,0,0.013,0,0,0.302,0,0
04/03/2015 00:00,5.7,0.3,3.4,0,0.5,0,0.017,0,0.457,0,0,0,0,0,0.488,0,0
04/03/2015 01:00,31.3,9.2,15.9,1.5,6.5,2.7,0.181,0,0.38,0,0,0,0,0,0.622,0,0
04/03/2015 02:00,51.2,22.7,27.3,17.1,19.4,18,0.351,0,0.288,0,0,0,0,0.17,0.701,0,0
04/03/2015 03:00,63.8,34.2,34.8,31.9,31.3,32,0.477,0,0.191,0,0,0,0.054,0.407,0.74,0,0
04/03/2015 04:00,70.2,43.1,40.1,42.1,40,41.9,0.479,0,0.101,0,0,0,0.204,0.59,0.72,0.064,0
04/03/2015 05:00,71.8,47.2,46.1,48.4,44.7,48,0.453,0,0.023,0,0,0,0.358,0.71,0.664,0.198,0
04/03/2015 06:00,70.7,46.5,46,51.9,45.5,50.9,0.489,0,0,0,0.014,0,0.487,0.786,0.552,0.326,0
04/03/2015 07:00,63.8,43.7,40.2,51.2,43.7,50.3,0.538,0,0,0.048,0.143,0,0.548,0.796,0.387,0.365,0
04/03/2015 08:00,51.6,36.3,31.8,47.1,39.8,46.6,0.461,0,0,0.303,0.314,0,0.538,0.755,0.191,0.362,0.146
04/03/2015 09:00,36.8,27.2,22.1,39.3,31.8,39,0.326,0,0,0.513,0.462,0,0.487,0.657,0.018,0.36,0.397
04/03/2015 10:00,18,15.6,11,28.5,21,28.7,0.139,0,0,0.65,0.57,0,0.389,0.505,0,0.348,0.591
04/03/2015 11:00,1.7,4.1,1.5,14.8,9.4,15.5,0.01,0.035,0,0.735,0.629,0,0.256,0.295,0,0.301,0.724
04/03/2015 12:00,0,0,0,2.4,0.8,3,0,0.149,0,0.777,0.651,0.086,0.152,0.061,0,0.239,0.794
04/03/2015 13:00,0,0,0,0,0,0,0,0.286,0,0.77,0.61,0.339,0.068,0,0,0.156,0.822
04/03/2015 14:00,0,0,0,0,0,0,0,0.446,0,0.718,0.52,0.532,0.006,0,0,0.06,0.8
04/03/2015 15:00,0,0,0,0,0,0,0,0.554,0,0.619,0.372,0.664,0,0,0,0,0.732
04/03/2015 16:00,0,0,0,0,0,0,0,0.615,0,0.463,0.182,0.739,0,0,0,0,0.607
04/03/2015 17:00,0,0,0,0,0,0,0,0.601,0,0.273,0.024,0.754,0,0,0,0,0.424
04/03/2015 18:00,0,0,0,0,0,0,0,0.534,0.027,0.059,0,0.745,0,0,0,0,0.19
04/03/2015 19:00,0,0,0,0,0,0,0,0.427,0.159,0,0,0.675,0,0,0,0,0.001
04/03/2015 20:00,0,0,0,0,0,0,0,0.271,0.317,0,0,0.566,0,0,0,0,0
04/03/2015 21:00,0,0,0,0,0,0,0,0.132,0.459,0,0,0.37,0,0,0,0,0
04/03/2015 22:00,0,0,0,0,0,0,0,0.012,0.56,0,0,0.139,0,0,0.102,0,0
04/03/2015 23:00,0,0,0,0,0,0,0,0,0.639,0,0,0.005,0,0,0.307,0,0
05/03/2015 00:00,7.3,0.6,3.1,0,0.5,0,0,0,0.627,0,0,0,0,0,0.482,0,0
05/03/2015 01:00,33.5,14.3,18.3,1.6,7,2.6,0.055,0,0.57,0,0,0,0,0,0.612,0,0
05/03/2015 02:00,51.3,29,32.9,16.5,21.4,17.6,0.141,0,0.456,0,0,0,0,0.201,0.697,0,0
05/03/2015 03:00,63.2,39.7,42.3,30.9,33.2,31.4,0.244,0,0.299,0,0,0,0.055,0.442,0.735,0,0
05/03/2015 04:00,69.1,46.4,47.8,40.7,41.3,41.1,0.349,0,0.139,0,0,0,0.226,0.622,0.723,0.05,0
05/03/2015 05:00,70.9,49.7,49.4,46.7,46,47.1,0.453,0,0.027,0,0,0,0.434,0.734,0.646,0.163,0
05/03/2015 06:00,69.6,50.1,47.9,49.3,47.7,49.4,0.446,0,0,0,0.018,0,0.603,0.77,0.522,0.267,0
05/03/2015 07:00,63.5,47,44.1,48.6,46,48.8,0.395,0,0,0.04,0.177,0,0.701,0.776,0.367,0.329,0
05/03/2015 08:00,52,40.8,36.9,44.2,41.2,45.1,0.316,0,0,0.2,0.347,0,0.742,0.732,0.181,0.372,0.169
05/03/2015 09:00,34.6,30.9,26.1,36.5,33.1,38.5,0.205,0,0,0.404,0.471,0,0.73,0.637,0.017,0.39,0.405
05/03/2015 10:00,17.6,18.3,13,25.3,22.3,28.3,0.097,0,0,0.604,0.541,0,0.648,0.484,0,0.374,0.586
05/03/2015 11:00,1.9,5,1.9,12,9.7,15.3,0.007,0.01,0,0.693,0.54,0,0.529,0.273,0,0.34,0.719
05/03/2015 12:00,0,0,0,1.8,0.9,3,0,0.076,0,0.701,0.478,0.092,0.345,0.053,0,0.268,0.801
05/03/2015 13:00,0,0,0,0,0,0,0,0.194,0,0.66,0.376,0.316,0.163,0,0,0.173,0.828
05/03/2015 14:00,0,0,0,0,0,0,0,0.337,0,0.649,0.279,0.54,0.03,0,0,0.07,0.805
05/03/2015 15:00,0,0,0,0,0,0,0,0.409,0,0.577,0.205,0.673,0,0,0,0,0.731
05/03/2015 16:00,0,0,0,0,0,0,0,0.451,0,0.443,0.095,0.748,0,0,0,0,0.604
05/03/2015 17:00,0,0,0,0,0,0,0,0.431,0,0.248,0.009,0.776,0,0,0,0,0.42
05/03/2015 18:00,0,0,0,0,0,0,0,0.351,0.032,0.045,0,0.759,0,0,0,0,0.185
05/03/2015 19:00,0,0,0,0,0,0,0,0.287,0.161,0,0,0.696,0,0,0,0,0.001
05/03/2015 20:00,0,0,0,0,0,0,0,0.194,0.299,0,0,0.585,0,0,0,0,0
05/03/2015 21:00,0,0,0,0,0,0,0,0.082,0.399,0,0,0.415,0,0,0,0,0
05/03/2015 22:00,0,0,0,0,0,0,0,0.003,0.474,0,0,0.2,0,0,0.095,0,0
05/03/2015 23:00,0,0,0,0,0,0,0,0,0.51,0,0,0.01,0,0,0.301,0,0
06/03/2015 00:00,7.2,0.8,4.1,0,0.6,0,0.016,0,0.53,0,0,0,0,0,0.484,0,0
06/03/2015 01:00,32.9,14.7,20.2,1.5,6,2.4,0.178,0,0.477,0,0,0,0,0,0.613,0,0
06/03/2015 02:00,50.8,29.4,33.9,15.5,19.8,16.5,0.376,0,0.373,0,0,0,0,0.195,0.7,0,0
06/03/2015 03:00,62.2,39.1,42.5,30.2,32.2,30.4,0.49,0,0.278,0,0,0,0.027,0.433,0.738,0,0
06/03/2015 04:00,69,45.9,47.9,40.4,41.3,40.2,0.6,0,0.158,0,0,0,0.123,0.609,0.721,0.025,0
06/03/2015 05:00,70.8,49.2,49.9,46.6,46,46.2,0.65,0,0.034,0,0,0,0.282,0.72,0.678,0.091,0
06/03/2015 06:00,69.7,48.6,48.8,50.1,46.8,49,0.642,0,0,0,0.023,0,0.463,0.764,0.558,0.162,0
06/03/2015 07:00,63.7,45.5,44.2,49.2,44.5,48.4,0.578,0,0,0.027,0.19,0,0.567,0.773,0.384,0.241,0
06/03/2015 08:00,51,39,36.3,44.8,39.5,44.8,0.475,0,0,0.219,0.361,0,0.636,0.732,0.192,0.299,0.162
06/03/2015 09:00,33.1,29.3,25.4,36.8,31.8,37.5,0.326,0,0,0.419,0.482,0,0.646,0.642,0.019,0.32,0.397
06/03/2015 10:00,15.6,16.7,12.5,25.6,20.2,27.5,0.141,0,0,0.55,0.556,0,0.594,0.489,0,0.307,0.587
06/03/2015 11:00,1.5,4.2,1.8,13,9.3,14.7,0.011,0.013,0,0.629,0.584,0,0.491,0.279,0,0.248,0.721
06/03/2015 12:00,0,0,0,2.1,0.9,2.8,0,0.079,0,0.682,0.589,0.086,0.293,0.056,0,0.203,0.799
06/03/2015 13:00,0,0,0,0,0,0,0,0.16,0,0.706,0.509,0.28,0.126,0,0,0.144,0.827
06/03/2015 14:00,0,0,0,0,0,0,0,0.256,0,0.663,0.348,0.526,0.017,0,0,0.061,0.806
06/03/2015 15:00,0,0,0,0,0,0,0,0.315,0,0.565,0.19,0.651,0,0,0,0,0.735
06/03/2015 16:00,0,0,0,0,0,0,0,0.326,0,0.422,0.094,0.725,0,0,0,0,0.61
06/03/2015 17:00,0,0,0,0,0,0,0,0.286,0,0.243,0.011,0.75,0,0,0,0,0.429
06/03/2015 18:00,0,0,0,0,0,0,0,0.245,0.028,0.046,0,0.73,0,0,0,0,0.196
06/03/2015 19:00,0,0,0,0,0,0,0,0.194,0.169,0,0,0.66,0,0,0,0,0.002
06/03/2015 20:00,0,0,0,0,0,0,0,0.12,0.305,0,0,0.539,0,0,0,0,0
06/03/2015 21:00,0,0,0,0,0,0,0,0.033,0.364,0,0,0.35,0,0,0,0,0
06/03/2015 22:00,0,0,0,0,0,0,0,0,0.377,0,0,0.173,0,0,0.108,0,0
06/03/2015 23:00,0,0,0,0,0,0,0,0,0.393,0,0,0.006,0,0,0.317,0,0
07/03/2015 00:00,6.3,0.7,3.4,0,0.7,0,0.022,0,0.404,0,0,0,0,0,0.5,0,0
07/03/2015 01:00,31.1,13.6,18.6,1.4,7,2.4,0.216,0,0.412,0,0,0,0,0.002,0.634,0,0
07/03/2015 02:00,49.9,28.1,32.3,14.6,20.4,15.7,0.431,0,0.396,0,0,0,0,0.21,0.722,0,0
07/03/2015 03:00,62.2,38.8,41.6,28.1,32.7,29.5,0.59,0,0.3,0,0,0,0.046,0.445,0.762,0,0
07/03/2015 04:00,68.6,45.5,46.8,35.7,41,39.2,0.691,0,0.194,0,0,0,0.189,0.619,0.756,0.087,0
07/03/2015 05:00,69.9,48.8,48.1,39.7,45.8,45.3,0.738,0,0.064,0,0,0,0.329,0.731,0.703,0.207,0
07/03/2015 06:00,66.8,48.9,48.4,40.1,46.4,47.3,0.701,0,0,0,0.005,0,0.429,0.766,0.597,0.289,0
07/03/2015 07:00,59,45.8,42.9,38.8,44.2,46.9,0.645,0,0,0.04,0.069,0,0.463,0.772,0.44,0.394,0
07/03/2015 08:00,46.2,39.7,34.9,33.9,39.5,43.1,0.539,0,0,0.272,0.16,0,0.447,0.73,0.234,0.471,0.168
07/03/2015 09:00,30.3,29.8,24.2,27.7,31.2,36.2,0.379,0,0,0.478,0.254,0,0.447,0.604,0.03,0.466,0.401
07/03/2015 10:00,14.1,17.3,12.1,20.5,20.9,26.4,0.181,0,0,0.618,0.311,0,0.383,0.448,0,0.428,0.589
07/03/2015 11:00,1.5,4.6,1.8,10.8,9.1,14.1,0.018,0.008,0,0.708,0.35,0,0.304,0.236,0,0.392,0.722
07/03/2015 12:00,0,0,0,2,0.8,2.8,0,0.066,0,0.754,0.366,0.078,0.192,0.036,0,0.307,0.801
07/03/2015 13:00,0,0,0,0,0,0,0,0.134,0,0.749,0.357,0.286,0.086,0,0,0.187,0.83
07/03/2015 14:00,0,0,0,0,0,0,0,0.188,0,0.7,0.299,0.5,0.009,0,0,0.074,0.81
07/03/2015 15:00,0,0,0,0,0,0,0,0.218,0,0.605,0.206,0.652,0,0,0,0,0.74
07/03/2015 16:00,0,0,0,0,0,0,0,0.236,0,0.461,0.099,0.728,0,0,0,0,0.616
07/03/2015 17:00,0,0,0,0,0,0,0,0.234,0,0.267,0.012,0.754,0,0,0,0,0.436
07/03/2015 18:00,0,0,0,0,0,0,0,0.192,0.039,0.055,0,0.738,0,0,0,0,0.203
07/03/2015 19:00,0,0,0,0,0,0,0,0.15,0.23,0,0,0.68,0,0,0,0,0.003
07/03/2015 20:00,0,0,0,0,0,0,0,0.098,0.423,0,0,0.572,0,0,0,0,0
07/03/2015 21:00,0,0,0,0,0,0,0,0.036,0.564,0,0,0.412,0,0,0,0,0
07/03/2015 22:00,0,0,0,0,0,0,0,0,0.677,0,0,0.203,0,0,0.101,0,0
07/03/2015 23:00,0,0,0,0,0,0,0,0,0.726,0,0,0.009,0,0,0.296,0,0
08/03/2015 00:00,6.1,0.8,3.2,0,0.5,0,0.034,0,0.734,0,0,0,0,0,0.491,0,0
08/03/2015 01:00,29.9,13.8,18.2,1.8,6.3,2.2,0.266,0,0.694,0,0,0,0,0,0.612,0,0
08/03/2015 02:00,48.2,28.3,31.8,17.3,19.6,15.4,0.481,0,0.607,0,0,0,0,0.043,0.698,0,0
08/03/2015 03:00,60.6,38.6,41.1,31.7,32.3,29.3,0.618,0,0.47,0,0,0,0.034,0.141,0.744,0,0
08/03/2015 04:00,67.7,45.2,46.7,41.7,41.3,39.4,0.718,0,0.277,0,0,0,0.151,0.235,0.727,0.072,0
08/03/2015 05:00,69.8,48.4,49,48.1,46.1,45.7,0.763,0,0.066,0,0,0,0.3,0.373,0.68,0.194,0
08/03/2015 06:00,68.6,47.9,47.5,50,47.6,48.4,0.758,0,0,0,0.02,0,0.453,0.513,0.575,0.31,0
08/03/2015 07:00,62.3,44.8,43.5,49.5,45.7,48.2,0.704,0,0,0.044,0.165,0,0.517,0.597,0.423,0.451,0
08/03/2015 08:00,50.4,38.5,36.2,45.6,40.3,44.5,0.598,0,0,0.28,0.323,0,0.516,0.641,0.216,0.608,0.161
08/03/2015 09:00,34,29.1,25.7,36.7,32.2,36.9,0.437,0,0,0.486,0.428,0,0.516,0.609,0.023,0.609,0.394
08/03/2015 10:00,16.7,16.9,12.9,25.6,20,26.6,0.225,0,0,0.63,0.491,0,0.447,0.452,0,0.555,0.581
08/03/2015 11:00,1.9,4.5,1.9,12.8,8.1,14,0.028,0.044,0,0.718,0.515,0,0.348,0.245,0,0.511,0.713
08/03/2015 12:00,0,0,0,2.1,0.6,2.7,0,0.214,0,0.76,0.557,0.079,0.223,0.047,0,0.396,0.792
08/03/2015 13:00,0,0,0,0,0,0,0,0.406,0,0.754,0.555,0.289,0.099,0,0,0.26,0.82
08/03/2015 14:00,0,0,0,0,0,0,0,0.546,0,0.698,0.468,0.516,0.011,0,0,0.11,0.798
08/03/2015 15:00,0,0,0,0,0,0,0,0.612,0,0.583,0.314,0.641,0,0,0,0.001,0.72
08/03/2015 16:00,0,0,0,0,0,0,0,0.633,0,0.421,0.152,0.72,0,0,0,0,0.592
08/03/2015 17:00,0,0,0,0,0,0,0,0.612,0,0.229,0.027,0.758,0,0,0,0,0.406
08/03/2015 18:00,0,0,0,0,0,0,0,0.547,0.038,0.041,0,0.738,0,0,0,0,0.175
08/03/2015 19:00,0,0,0,0,0,0,0,0.409,0.232,0,0,0.673,0,0,0,0,0.001
08/03/2015 20:00,0,0,0,0,0,0,0,0.254,0.409,0,0,0.564,0,0,0,0,0
08/03/2015 21:00,0,0,0,0,0,0,0,0.121,0.581,0,0,0.405,0,0,0,0,0
08/03/2015 22:00,0,0,0,0,0,0,0,0.012,0.69,0,0,0.194,0,0,0.111,0,0
08/03/2015 23:00,0,0,0,0,0,0,0,0,0.741,0,0,0.01,0,0,0.32,0,0
09/03/2015 00:00,7,0.8,3.4,0,0.5,0,0.036,0,0.735,0,0,0,0,0,0.507,0,0
09/03/2015 01:00,31.4,13,17.8,2.2,5.6,1.9,0.261,0,0.686,0,0,0,0,0.001,0.645,0,0
09/03/2015 02:00,49,27.4,31.2,19.8,18.7,14.3,0.474,0,0.598,0,0,0,0,0.181,0.729,0,0
09/03/2015 03:00,61.3,37.8,40.4,34.6,31.1,28,0.626,0,0.458,0,0,0,0.011,0.417,0.76,0,0
09/03/2015 04:00,68.1,44.4,45.9,44.5,39.9,38,0.72,0,0.274,0,0,0,0.059,0.595,0.731,0.038,0
09/03/2015 05:00,70.2,47.5,47.8,50.5,45,44.2,0.763,0,0.078,0,0,0,0.134,0.713,0.648,0.095,0
09/03/2015 06:00,69,46.8,46.8,53.1,46.5,47.3,0.747,0,0,0,0.011,0,0.28,0.777,0.513,0.215,0
09/03/2015 07:00,63.4,43.5,42.4,52.3,45.1,46.8,0.692,0,0,0.03,0.118,0,0.457,0.788,0.343,0.296,0
09/03/2015 08:00,52.7,36.3,34.5,48.4,40.4,43.5,0.585,0,0,0.24,0.254,0,0.469,0.747,0.157,0.445,0.149
09/03/2015 09:00,36.9,26,21.8,40.7,31.8,36.8,0.425,0,0,0.462,0.383,0,0.475,0.648,0.012,0.488,0.377
09/03/2015 10:00,18.7,14.5,10,29.9,20.6,27.1,0.213,0,0,0.608,0.459,0,0.405,0.499,0,0.428,0.564
09/03/2015 11:00,2.2,3.7,1.4,16.1,8.8,14.7,0.024,0.021,0,0.703,0.473,0,0.295,0.294,0,0.304,0.697
09/03/2015 12:00,0,0,0,3,0.7,3.1,0,0.13,0,0.754,0.459,0.112,0.178,0.067,0,0.216,0.782
09/03/2015 13:00,0,0,0,0,0,0,0,0.281,0,0.755,0.383,0.361,0.081,0,0,0.129,0.809
09/03/2015 14:00,0,0,0,0,0,0,0,0.405,0,0.706,0.281,0.549,0.011,0,0,0.051,0.786
09/03/2015 15:00,0,0,0,0,0,0,0,0.52,0,0.611,0.192,0.677,0,0,0,0,0.712
09/03/2015 16:00,0,0,0,0,0,0,0,0.629,0,0.466,0.103,0.751,0,0,0,0,0.582
09/03/2015 17:00,0,0,0,0,0,0,0,0.643,0,0.268,0.018,0.778,0,0,0,0,0.397
09/03/2015 18:00,0,0,0,0,0,0,0,0.51,0.028,0.054,0,0.759,0,0,0,0,0.169
09/03/2015 19:00,0,0,0,0,0,0,0,0.425,0.146,0,0,0.695,0,0,0,0,0
09/03/2015 20:00,0,0,0,0,0,0,0,0.296,0.253,0,0,0.587,0,0,0,0,0
09/03/2015 21:00,0,0,0,0,0,0,0,0.152,0.307,0,0,0.424,0,0,0,0,0
09/03/2015 22:00,0,0,0,0,0,0,0,0.017,0.328,0,0,0.213,0,0,0.101,0,0
09/03/2015 23:00,0,0,0,0,0,0,0,0,0.335,0,0,0.013,0,0,0.311,0,0
10/03/2015 00:00,9.7,0.8,3.4,0,0.3,0,0.028,0,0.323,0,0,0,0,0,0.502,0,0
10/03/2015 01:00,35.1,12.3,17.4,2.3,5.6,2.3,0.224,0,0.294,0,0,0,0,0.002,0.638,0,0
10/03/2015 02:00,52.1,26.4,30.2,19.2,18.4,16.3,0.432,0,0.193,0,0,0,0,0.19,0.721,0,0
10/03/2015 03:00,63.9,37,40.2,34,30,29.6,0.555,0,0.125,0,0,0,0.066,0.423,0.75,0,0
10/03/2015 04:00,70,43.7,45.6,44.1,38.4,39.1,0.651,0,0.059,0,0,0,0.259,0.596,0.741,0.012,0
10/03/2015 05:00,71.4,47,47,50.2,43.5,45.1,0.697,0,0.008,0,0,0,0.451,0.71,0.686,0.066,0
10/03/2015 06:00,70.1,47,45.7,53,45.9,47.5,0.682,0,0,0,0.024,0,0.599,0.753,0.589,0.145,0
10/03/2015 07:00,64.6,43.8,40.5,52.1,44.9,47.5,0.624,0,0,0.039,0.188,0,0.66,0.759,0.435,0.224,0
10/03/2015 08:00,53.7,37.7,32.8,48,40.8,44.2,0.515,0,0,0.262,0.36,0,0.542,0.71,0.23,0.305,0.144
10/03/2015 09:00,38.1,27.5,23.1,39.5,33.1,37.4,0.356,0,0,0.468,0.484,0,0.368,0.611,0.029,0.37,0.376
10/03/2015 10:00,18.9,15.4,11.7,26.8,23.1,27.3,0.161,0,0,0.616,0.545,0,0.265,0.437,0,0.42,0.566
10/03/2015 11:00,2.3,3.9,1.9,13,10.9,14.7,0.015,0.014,0,0.705,0.565,0,0.191,0.219,0,0.453,0.7
10/03/2015 12:00,0,0,0,2.3,1.2,3.1,0,0.088,0,0.742,0.525,0.101,0.124,0.027,0,0.368,0.791
10/03/2015 13:00,0,0,0,0,0,0,0,0.192,0,0.74,0.442,0.316,0.063,0,0,0.234,0.818
10/03/2015 14:00,0,0,0,0,0,0,0,0.32,0,0.692,0.368,0.535,0.007,0,0,0.089,0.796
10/03/2015 15:00,0,0,0,0,0,0,0,0.403,0,0.595,0.234,0.656,0,0,0,0,0.714
10/03/2015 16:00,0,0,0,0,0,0,0,0.419,0,0.449,0.119,0.732,0,0,0,0,0.586
10/03/2015 17:00,0,0,0,0,0,0,0,0.428,0,0.254,0.019,0.764,0,0,0,0,0.4
10/03/2015 18:00,0,0,0,0,0,0,0,0.392,0.015,0.049,0,0.733,0,0,0,0,0.17
10/03/2015 19:00,0,0,0,0,0,0,0,0.318,0.12,0,0,0.657,0,0,0,0,0.001
10/03/2015 20:00,0,0,0,0,0,0,0,0.193,0.188,0,0,0.548,0,0,0,0,0
10/03/2015 21:00,0,0,0,0,0,0,0,0.078,0.26,0,0,0.372,0,0,0,0,0
10/03/2015 22:00,0,0,0,0,0,0,0,0.002,0.306,0,0,0.18,0,0,0.085,0,0
10/03/2015 23:00,0,0,0,0,0,0,0,0,0.318,0,0,0.013,0,0,0.302,0,0
11/03/2015 00:00,9.1,1,4.6,0,0.4,0,0.022,0,0.316,0,0,0,0,0,0.492,0,0
11/03/2015 01:00,33.6,14.3,20.5,1.9,6.7,2.3,0.196,0,0.278,0,0,0,0,0,0.632,0,0
11/03/2015 02:00,50.7,28.5,34,15.3,20.9,15.4,0.399,0,0.224,0,0,0,0,0.127,0.722,0,0
11/03/2015 03:00,62.1,38.6,42.6,31.1,33.3,28.9,0.558,0,0.142,0,0,0,0.052,0.361,0.763,0,0
11/03/2015 04:00,68.7,45.2,47.9,42.4,42.1,38.7,0.661,0,0.067,0,0,0,0.207,0.563,0.756,0.092,0
11/03/2015 05:00,70.4,48.3,49.6,48.1,47,44.8,0.702,0,0.01,0,0,0,0.34,0.696,0.703,0.267,0
11/03/2015 06:00,69.1,48.3,47.8,50.4,48.4,47.5,0.672,0,0,0,0.014,0,0.458,0.764,0.597,0.429,0
11/03/2015 07:00,63.4,45.4,43.3,49.9,46.8,47,0.617,0,0,0.041,0.132,0,0.532,0.776,0.439,0.582,0
11/03/2015 08:00,52,39.3,35.8,46.2,42.2,43.1,0.518,0,0,0.268,0.267,0,0.49,0.738,0.234,0.679,0.132
11/03/2015 09:00,35,29.6,25.7,39.2,34.4,35.9,0.378,0,0,0.472,0.388,0,0.407,0.63,0.031,0.702,0.361
11/03/2015 10:00,17.2,17.4,13.2,28.4,23.8,25.5,0.17,0,0,0.612,0.467,0,0.322,0.48,0,0.678,0.553
11/03/2015 11:00,2.2,4.9,2.3,13.6,11.2,13.5,0.015,0.003,0,0.698,0.48,0,0.247,0.276,0,0.603,0.689
11/03/2015 12:00,0,0,0,2.1,1.2,3,0,0.057,0,0.718,0.487,0.09,0.165,0.061,0,0.49,0.77
11/03/2015 13:00,0,0,0,0,0,0,0,0.163,0,0.716,0.462,0.296,0.075,0,0,0.329,0.8
11/03/2015 14:00,0,0,0,0,0,0,0,0.342,0,0.668,0.42,0.527,0.008,0,0,0.121,0.78
11/03/2015 15:00,0,0,0,0,0,0,0,0.507,0,0.578,0.33,0.65,0,0,0,0.001,0.703
11/03/2015 16:00,0,0,0,0,0,0,0,0.55,0,0.433,0.198,0.73,0,0,0,0,0.578
11/03/2015 17:00,0,0,0,0,0,0,0,0.547,0,0.242,0.042,0.755,0,0,0,0,0.398
11/03/2015 18:00,0,0,0,0,0,0,0,0.529,0.018,0.046,0,0.736,0,0,0,0,0.173
11/03/2015 19:00,0,0,0,0,0,0,0,0.449,0.122,0,0,0.673,0,0,0,0,0.001
11/03/2015 20:00,0,0,0,0,0,0,0,0.316,0.236,0,0,0.571,0,0,0,0,0
11/03/2015 21:00,0,0,0,0,0,0,0,0.158,0.332,0,0,0.38,0,0,0,0,0
11/03/2015 22:00,0,0,0,0,0,0,0,0.019,0.401,0,0,0.172,0,0,0.084,0,0
11/03/2015 23:00,0,0,0,0,0,0,0,0,0.423,0,0,0.009,0,0,0.298,0,0
12/03/2015 00:00,7.4,1.1,3.9,0,0.6,0,0.035,0,0.393,0,0,0,0,0,0.491,0,0
12/03/2015 01:00,30.4,14.5,19.4,1.3,6.8,1.9,0.25,0,0.33,0,0,0,0,0.002,0.634,0,0
12/03/2015 02:00,48,28.7,32.7,10.9,21.3,14,0.459,0,0.251,0,0,0,0,0.168,0.722,0,0
12/03/2015 03:00,60.3,38.9,41.7,22.4,33.7,26.9,0.592,0,0.185,0,0,0,0.016,0.4,0.75,0,0
12/03/2015 04:00,67.3,45.3,46.5,31.8,42.3,36.5,0.691,0,0.11,0,0,0,0.095,0.579,0.74,0.061,0
12/03/2015 05:00,69.4,48.4,47.5,38.2,47,42.8,0.738,0,0.03,0,0,0,0.226,0.698,0.683,0.21,0
12/03/2015 06:00,66.9,48.3,46.6,41.5,48.6,45.1,0.716,0,0,0,0.013,0,0.328,0.752,0.568,0.398,0
12/03/2015 07:00,60.1,45.3,41.1,41.5,47.1,44.6,0.669,0,0,0.035,0.133,0,0.439,0.752,0.409,0.556,0
12/03/2015 08:00,49,39.3,33.5,38,42.7,40.8,0.571,0,0,0.245,0.3,0,0.519,0.685,0.207,0.659,0.116
12/03/2015 09:00,33.1,29.3,23.3,31.2,34.8,34.2,0.42,0,0,0.447,0.486,0,0.555,0.578,0.022,0.684,0.341
12/03/2015 10:00,15.9,17.1,11.8,22.2,24.1,25.1,0.221,0,0,0.59,0.612,0,0.496,0.449,0,0.657,0.536
12/03/2015 11:00,2.1,4.8,2.1,11.6,11.4,13.7,0.031,0.063,0,0.68,0.666,0,0.416,0.259,0,0.582,0.672
12/03/2015 12:00,0,0,0,2.3,1.3,2.9,0,0.236,0,0.722,0.666,0.096,0.248,0.054,0,0.437,0.716
12/03/2015 13:00,0,0,0,0,0,0,0,0.39,0,0.716,0.621,0.315,0.106,0,0,0.272,0.727
12/03/2015 14:00,0,0,0,0,0,0,0,0.506,0,0.665,0.53,0.528,0.011,0,0,0.106,0.69
12/03/2015 15:00,0,0,0,0,0,0,0,0.507,0,0.551,0.394,0.659,0,0,0,0.001,0.605
12/03/2015 16:00,0,0,0,0,0,0,0,0.519,0,0.401,0.216,0.735,0,0,0,0,0.477
12/03/2015 17:00,0,0,0,0,0,0,0,0.451,0,0.208,0.042,0.763,0,0,0,0,0.3
12/03/2015 18:00,0,0,0,0,0,0,0,0.421,0.013,0.033,0,0.738,0,0,0,0,0.11
12/03/2015 19:00,0,0,0,0,0,0,0,0.333,0.094,0,0,0.673,0,0,0,0,0
12/03/2015 20:00,0,0,0,0,0,0,0,0.222,0.19,0,0,0.538,0,0,0,0,0
12/03/2015 21:00,0,0,0,0,0,0,0,0.095,0.278,0,0,0.355,0,0,0,0,0
12/03/2015 22:00,0,0,0,0,0,0,0,0.006,0.346,0,0,0.183,0,0,0.088,0,0
12/03/2015 23:00,0,0,0,0,0,0,0,0,0.409,0,0,0.009,0,0,0.305,0,0
13/03/2015 00:00,7.1,1,3.3,0,0.6,0,0.034,0,0.489,0,0,0,0,0,0.494,0,0
13/03/2015 01:00,29.4,13,17.7,1.6,7,2.4,0.239,0,0.527,0,0,0,0,0.005,0.632,0,0
13/03/2015 02:00,46.9,27.2,30.9,14.4,21.4,15.1,0.446,0,0.476,0,0,0,0,0.188,0.719,0,0
13/03/2015 03:00,59.3,36.6,39.7,28.3,33.8,28.2,0.596,0,0.384,0,0,0,0.051,0.41,0.757,0,0
13/03/2015 04:00,66.4,43.2,45,37.5,42.2,37.3,0.686,0,0.212,0,0,0,0.208,0.582,0.747,0.087,0
13/03/2015 05:00,68.3,46.5,46.8,41.7,46.8,42.9,0.729,0,0.053,0,0,0,0.403,0.696,0.689,0.298,0
13/03/2015 06:00,65.6,46.1,45.4,40,48.2,45.2,0.703,0,0,0,0.012,0,0.55,0.727,0.579,0.488,0
13/03/2015 07:00,57.9,43.1,40.9,34.9,46.6,44.2,0.658,0,0,0.025,0.131,0,0.593,0.672,0.421,0.612,0
13/03/2015 08:00,46.8,37,33.2,30.4,42.1,41.1,0.561,0,0,0.201,0.294,0,0.574,0.512,0.218,0.688,0.082
13/03/2015 09:00,32.5,27.8,22.8,23.4,34.4,34.2,0.401,0,0,0.4,0.436,0,0.498,0.332,0.026,0.713,0.273
13/03/2015 10:00,15.9,16.1,11.1,16.9,23.5,24.8,0.205,0,0,0.55,0.532,0,0.429,0.226,0,0.693,0.474
13/03/2015 11:00,2.1,4.4,1.8,9.1,10.5,13.2,0.027,0.013,0,0.646,0.588,0,0.356,0.138,0,0.623,0.628
13/03/2015 12:00,0,0,0,2,1.1,2.9,0,0.07,0,0.638,0.579,0.108,0.26,0.041,0,0.509,0.68
13/03/2015 13:00,0,0,0,0,0,0,0,0.138,0,0.634,0.487,0.353,0.142,0,0,0.353,0.712
13/03/2015 14:00,0,0,0,0,0,0,0,0.192,0,0.583,0.373,0.538,0.026,0,0,0.154,0.695
13/03/2015 15:00,0,0,0,0,0,0,0,0.296,0,0.525,0.261,0.65,0,0,0,0.005,0.626
13/03/2015 16:00,0,0,0,0,0,0,0,0.421,0,0.376,0.153,0.714,0,0,0,0,0.489
13/03/2015 17:00,0,0,0,0,0,0,0,0.521,0,0.193,0.031,0.738,0,0,0,0,0.304
13/03/2015 18:00,0,0,0,0,0,0,0,0.467,0.031,0.031,0,0.734,0,0,0,0,0.109
13/03/2015 19:00,0,0,0,0,0,0,0,0.411,0.196,0,0,0.659,0,0,0,0,0
13/03/2015 20:00,0,0,0,0,0,0,0,0.29,0.36,0,0,0.558,0,0,0,0,0
13/03/2015 21:00,0,0,0,0,0,0,0,0.133,0.472,0,0,0.401,0,0,0,0,0
13/03/2015 22:00,0,0,0,0,0,0,0,0.013,0.523,0,0,0.199,0,0,0.088,0,0
13/03/2015 23:00,0,0,0,0,0,0,0,0,0.55,0,0,0.013,0,0,0.299,0,0
14/03/2015 00:00,7.8,0.8,3.6,0,0.5,0,0.033,0,0.549,0,0,0,0,0,0.481,0,0
14/03/2015 01:00,30.4,11.8,17.2,0.9,6.9,1.9,0.232,0,0.518,0,0,0,0,0.005,0.62,0,0
14/03/2015 02:00,47.9,25.5,30.3,6.7,21.1,10.6,0.435,0,0.45,0,0,0,0,0.179,0.703,0,0
14/03/2015 03:00,60.2,35.9,39.5,13.1,33.5,20.4,0.584,0,0.314,0,0,0,0.048,0.413,0.737,0,0
14/03/2015 04:00,67.5,42.7,44.9,19.9,41.7,29.8,0.677,0,0.177,0,0,0,0.212,0.589,0.725,0.106,0
14/03/2015 05:00,69.6,45.9,46.6,26.4,46.2,37.5,0.72,0,0.04,0,0,0,0.367,0.704,0.67,0.341,0
14/03/2015 06:00,66.2,45.6,44.9,30.7,47.3,40.2,0.703,0,0,0,0.01,0,0.455,0.759,0.569,0.515,0
14/03/2015 07:00,59.7,42.4,40.2,31.5,45.7,39.7,0.654,0,0,0.028,0.112,0,0.489,0.765,0.415,0.634,0
14/03/2015 08:00,48.4,35.9,32.7,29.5,40.7,36.1,0.554,0,0,0.213,0.267,0,0.469,0.721,0.216,0.704,0.088
14/03/2015 09:00,31.7,25.3,22.7,21.8,31.4,29.5,0.402,0,0,0.412,0.387,0,0.422,0.628,0.025,0.729,0.29
14/03/2015 10:00,15.5,14.3,11.4,13,20,21.4,0.206,0,0,0.56,0.478,0,0.342,0.485,0,0.709,0.487
14/03/2015 11:00,2.1,4.1,1.9,5,9,11.6,0.028,0.057,0,0.654,0.509,0,0.262,0.289,0,0.644,0.639
14/03/2015 12:00,0,0,0,0.8,0.9,2.7,0,0.189,0,0.707,0.517,0.117,0.172,0.074,0,0.531,0.715
14/03/2015 13:00,0,0,0,0,0,0,0,0.269,0,0.705,0.512,0.366,0.085,0,0,0.37,0.751
14/03/2015 14:00,0,0,0,0,0,0,0,0.386,0,0.656,0.459,0.554,0.014,0,0,0.173,0.734
14/03/2015 15:00,0,0,0,0,0,0,0,0.575,0,0.553,0.334,0.683,0,0,0,0.007,0.691
14/03/2015 16:00,0,0,0,0,0,0,0,0.617,0,0.407,0.17,0.756,0,0,0,0,0.565
14/03/2015 17:00,0,0,0,0,0,0,0,0.587,0,0.219,0.029,0.781,0,0,0,0,0.383
14/03/2015 18:00,0,0,0,0,0,0,0,0.533,0.033,0.038,0,0.761,0,0,0,0,0.161
14/03/2015 19:00,0,0,0,0,0,0,0,0.405,0.195,0,0,0.696,0,0,0,0,0.001
14/03/2015 20:00,0,0,0,0,0,0,0,0.299,0.366,0,0,0.585,0,0,0,0,0
14/03/2015 21:00,0,0,0,0,0,0,0,0.148,0.497,0,0,0.426,0,0,0,0,0
14/03/2015 22:00,0,0,0,0,0,0,0,0.013,0.583,0,0,0.22,0,0,0.09,0,0
14/03/2015 23:00,0,0,0,0,0,0,0,0,0.644,0,0,0.019,0,0,0.303,0,0
15/03/2015 00:00,8.7,0.8,3.7,0,0.6,0,0.03,0,0.66,0,0,0,0,0,0.492,0,0
15/03/2015 01:00,31.3,12,17.1,1.4,6.3,2.3,0.211,0,0.603,0,0,0,0,0.006,0.632,0,0
15/03/2015 02:00,48.8,25.6,30,12.6,18.5,15.4,0.398,0,0.474,0,0,0,0,0.187,0.719,0,0
15/03/2015 03:00,58.2,36.2,39.7,26.1,29.9,29.1,0.528,0,0.33,0,0,0,0.029,0.414,0.761,0,0
15/03/2015 04:00,65.6,43,45.2,36.2,38.2,39.5,0.593,0,0.188,0,0,0,0.123,0.587,0.752,0.109,0
15/03/2015 05:00,68,46.2,47.3,42.2,43.6,45.9,0.569,0,0.049,0,0,0,0.207,0.704,0.696,0.319,0
15/03/2015 06:00,66.9,45.7,46.2,44.5,45.9,48.5,0.528,0,0,0,0.018,0,0.3,0.766,0.589,0.477,0
15/03/2015 07:00,60,42.5,42.1,42,44.8,47.7,0.518,0,0,0.033,0.15,0,0.424,0.776,0.432,0.596,0
15/03/2015 08:00,48.3,36,34.9,36.7,40.2,44.1,0.429,0,0,0.229,0.294,0,0.459,0.736,0.229,0.666,0.134
15/03/2015 09:00,32.6,26.7,24.4,30.1,31.7,36.7,0.302,0,0,0.429,0.409,0,0.476,0.645,0.03,0.685,0.362
15/03/2015 10:00,15.5,15.6,12.1,21.7,21.6,26.8,0.148,0,0,0.573,0.486,0,0.396,0.495,0,0.657,0.554
15/03/2015 11:00,2.1,4.7,2.1,11.8,9.7,14.4,0.019,0.001,0,0.664,0.541,0,0.353,0.293,0,0.595,0.691
15/03/2015 12:00,0,0,0,2.4,1.1,3.5,0,0.041,0,0.707,0.544,0.098,0.25,0.074,0,0.49,0.784
15/03/2015 13:00,0,0,0,0,0,0,0,0.083,0,0.704,0.477,0.343,0.117,0,0,0.351,0.811
15/03/2015 14:00,0,0,0,0,0,0,0,0.139,0,0.655,0.352,0.543,0.016,0,0,0.175,0.788
15/03/2015 15:00,0,0,0,0,0,0,0,0.216,0,0.582,0.206,0.668,0,0,0,0.007,0.698
15/03/2015 16:00,0,0,0,0,0,0,0,0.239,0,0.439,0.105,0.744,0,0,0,0,0.571
15/03/2015 17:00,0,0,0,0,0,0,0,0.236,0,0.249,0.017,0.771,0,0,0,0,0.389
15/03/2015 18:00,0,0,0,0,0,0,0,0.275,0.004,0.05,0,0.752,0,0,0,0,0.166
15/03/2015 19:00,0,0,0,0,0,0,0,0.226,0.055,0,0,0.688,0,0,0,0,0.002
15/03/2015 20:00,0,0,0,0,0,0,0,0.158,0.116,0,0,0.578,0,0,0,0,0
15/03/2015 21:00,0,0,0,0,0,0,0,0.068,0.18,0,0,0.417,0,0,0,0,0
15/03/2015 22:00,0,0,0,0,0,0,0,0.002,0.246,0,0,0.206,0,0,0.09,0,0
15/03/2015 23:00,0,0,0,0,0,0,0,0,0.286,0,0,0.014,0,0,0.292,0,0
16/03/2015 00:00,9.1,0.8,3.6,0,0.7,0,0.032,0,0.303,0,0,0,0,0,0.476,0,0
16/03/2015 01:00,31.4,10.3,16.2,2.3,6.4,2.4,0.195,0,0.313,0,0,0,0,0.006,0.622,0,0
16/03/2015 02:00,48.8,21.5,28.2,17,18.5,16.2,0.363,0,0.306,0,0,0,0,0.168,0.706,0,0
16/03/2015 03:00,60.8,31.7,37.5,30.7,29.8,29.9,0.522,0,0.247,0,0,0,0.054,0.35,0.744,0,0
16/03/2015 04:00,67.5,39.7,43.6,40.6,37.9,39.8,0.632,0,0.16,0,0,0,0.246,0.363,0.736,0.125,0
16/03/2015 05:00,69.3,44.1,45.6,46.7,42.4,45.9,0.687,0,0.038,0,0,0,0.446,0.29,0.676,0.347,0
16/03/2015 06:00,65.5,44.1,44.9,49.9,43.9,48.1,0.704,0,0,0,0.016,0,0.599,0.299,0.564,0.519,0
16/03/2015 07:00,57.3,41,40.2,49.3,42.8,47.3,0.654,0,0,0.033,0.141,0,0.71,0.302,0.396,0.637,0
16/03/2015 08:00,44.4,35.3,32.1,45,38.8,43.7,0.551,0,0,0.227,0.279,0,0.761,0.356,0.198,0.706,0.136
16/03/2015 09:00,29.5,27.1,21.8,37.2,31.3,37.5,0.397,0,0,0.427,0.363,0,0.758,0.384,0.021,0.731,0.365
16/03/2015 10:00,14.3,16,11.4,26.4,21.3,27.6,0.2,0,0,0.57,0.432,0,0.699,0.317,0,0.711,0.558
16/03/2015 11:00,2,4.8,2.1,14,9.9,15.6,0.025,0.051,0,0.657,0.459,0,0.585,0.201,0,0.646,0.695
16/03/2015 12:00,0,0.1,0,3.1,1.1,3.8,0,0.213,0,0.722,0.454,0.097,0.426,0.056,0,0.536,0.771
16/03/2015 13:00,0,0,0,0,0,0,0,0.374,0,0.717,0.411,0.329,0.232,0,0,0.379,0.802
16/03/2015 14:00,0,0,0,0,0,0,0,0.5,0,0.667,0.318,0.532,0.038,0,0,0.182,0.78
16/03/2015 15:00,0,0,0,0,0,0,0,0.577,0,0.573,0.228,0.659,0,0,0,0.008,0.709
16/03/2015 16:00,0,0,0,0,0,0,0,0.611,0,0.429,0.112,0.736,0,0,0,0,0.579
16/03/2015 17:00,0,0,0,0,0,0,0,0.586,0,0.239,0.018,0.761,0,0,0,0,0.407
16/03/2015 18:00,0,0,0,0,0,0,0,0.468,0.031,0.046,0,0.743,0,0,0,0,0.189
16/03/2015 19:00,0,0,0,0,0,0,0,0.386,0.212,0,0,0.684,0,0,0,0,0.004
16/03/2015 20:00,0,0,0,0,0,0,0,0.264,0.412,0,0,0.561,0,0,0,0,0
16/03/2015 21:00,0,0,0,0,0,0,0,0.103,0.559,0,0,0.384,0,0,0,0,0
16/03/2015 22:00,0,0,0,0,0,0,0,0.007,0.652,0,0,0.172,0,0,0.089,0,0
16/03/2015 23:00,0,0,0,0,0,0,0,0,0.706,0,0,0.01,0,0,0.296,0,0
17/03/2015 00:00,10.7,1,4.2,0,0.5,0,0.034,0,0.707,0,0,0,0,0,0.476,0,0
17/03/2015 01:00,33.3,12.2,17.8,2.6,6.5,2.7,0.213,0,0.664,0,0,0,0,0.007,0.609,0,0
17/03/2015 02:00,50.4,25.6,30.7,14.7,19.4,16.5,0.406,0,0.572,0,0,0,0,0.192,0.694,0,0
17/03/2015 03:00,62.5,35.8,39.8,27.6,30.9,30.2,0.528,0,0.44,0,0,0,0.064,0.415,0.729,0,0
17/03/2015 04:00,69.1,43,45.2,39.7,38.9,40.2,0.631,0,0.263,0,0,0,0.283,0.583,0.718,0.13,0
17/03/2015 05:00,70.9,46.8,46.4,47.1,43.7,46.4,0.686,0,0.065,0,0,0,0.502,0.694,0.661,0.35,0
17/03/2015 06:00,69.8,46.7,45.2,50.3,45.8,49.3,0.684,0,0,0,0.018,0,0.646,0.743,0.557,0.52,0
17/03/2015 07:00,63.3,43.6,40.2,49.8,44.8,48.7,0.633,0,0,0.036,0.149,0,0.724,0.751,0.401,0.637,0
17/03/2015 08:00,52.3,37.5,32.2,46,40.5,45,0.531,0,0,0.237,0.293,0,0.758,0.71,0.21,0.705,0.128
17/03/2015 09:00,36.8,28.3,22.2,38.6,32.7,38,0.378,0,0,0.435,0.402,0,0.729,0.626,0.025,0.728,0.35
17/03/2015 10:00,18.5,16.2,11.4,28.2,22.2,28.1,0.186,0,0,0.579,0.476,0,0.67,0.482,0,0.708,0.538
17/03/2015 11:00,2.7,4.7,2.1,15,10.3,15.5,0.024,0.021,0,0.664,0.48,0,0.545,0.288,0,0.644,0.673
17/03/2015 12:00,0,0.1,0,3.1,1.2,3.7,0,0.129,0,0.698,0.494,0.114,0.329,0.076,0,0.533,0.762
17/03/2015 13:00,0,0,0,0,0,0,0,0.251,0,0.696,0.444,0.347,0.155,0,0,0.376,0.792
17/03/2015 14:00,0,0,0,0,0,0,0,0.367,0,0.649,0.335,0.534,0.021,0,0,0.175,0.77
17/03/2015 15:00,0,0,0,0,0,0,0,0.458,0,0.553,0.21,0.661,0,0,0,0.007,0.666
17/03/2015 16:00,0,0,0,0,0,0,0,0.486,0,0.411,0.114,0.738,0,0,0,0,0.537
17/03/2015 17:00,0,0,0,0,0,0,0,0.48,0,0.225,0.023,0.766,0,0,0,0,0.355
17/03/2015 18:00,0,0,0,0,0,0,0,0.412,0.037,0.042,0,0.749,0,0,0,0,0.136
17/03/2015 19:00,0,0,0,0,0,0,0,0.337,0.223,0,0,0.679,0,0,0,0,0.001
17/03/2015 20:00,0,0,0,0,0,0,0,0.232,0.412,0,0,0.568,0,0,0,0,0
17/03/2015 21:00,0,0,0,0,0,0,0,0.107,0.564,0,0,0.407,0,0,0,0,0
17/03/2015 22:00,0,0,0,0,0,0,0,0.01,0.667,0,0,0.181,0,0,0.087,0,0
17/03/2015 23:00,0,0,0,0,0,0,0,0,0.741,0,0,0.012,0,0,0.292,0,0
18/03/2015 00:00,5.3,0.8,3.9,0,0.6,0,0.033,0,0.745,0,0,0,0,0,0.472,0,0
18/03/2015 01:00,28,10.5,16.7,3.2,6.7,3.4,0.204,0,0.702,0,0,0,0,0.008,0.597,0,0
18/03/2015 02:00,45.7,22.5,26,18.9,18.9,17.5,0.327,0,0.608,0,0,0,0,0.155,0.674,0,0
18/03/2015 03:00,55.3,32.7,33.5,32.8,29.9,31.2,0.372,0,0.466,0,0,0,0.052,0.303,0.699,0,0
18/03/2015 04:00,61.3,40,41.3,42.5,38.6,40.8,0.405,0,0.278,0,0,0,0.176,0.406,0.721,0.12,0
18/03/2015 05:00,64,44.3,43.5,48.4,44.5,46.6,0.454,0,0.071,0,0,0,0.227,0.491,0.656,0.345,0
18/03/2015 06:00,60.6,43,42.6,51.2,46.6,49.3,0.49,0,0,0,0.017,0,0.258,0.413,0.553,0.513,0
18/03/2015 07:00,49,39.7,38.8,50.3,45.5,48.5,0.469,0,0,0.035,0.15,0,0.328,0.3,0.382,0.622,0
18/03/2015 08:00,36.5,34.4,31.7,46.4,41.5,44.9,0.434,0,0,0.229,0.314,0,0.35,0.26,0.196,0.663,0.096
18/03/2015 09:00,23.1,25.8,22.3,39,33.3,37.5,0.377,0,0,0.426,0.467,0,0.328,0.199,0.022,0.652,0.3
18/03/2015 10:00,11.9,15.1,11.6,28.6,22.7,27.5,0.207,0,0,0.569,0.573,0,0.261,0.159,0,0.63,0.489
18/03/2015 11:00,2.1,4.5,2.2,15.5,10.3,15.4,0.032,0.044,0,0.657,0.621,0,0.198,0.19,0,0.583,0.631
18/03/2015 12:00,0,0,0,3.4,1.2,3.7,0,0.188,0,0.679,0.629,0.103,0.146,0.063,0,0.466,0.717
18/03/2015 13:00,0,0,0,0,0,0,0,0.333,0,0.676,0.584,0.323,0.085,0,0,0.33,0.754
18/03/2015 14:00,0,0,0,0,0,0,0,0.442,0,0.627,0.491,0.531,0.013,0,0,0.133,0.738
18/03/2015 15:00,0,0,0,0,0,0,0,0.503,0,0.529,0.354,0.667,0,0,0,0.005,0.689
18/03/2015 16:00,0,0,0,0,0,0,0,0.513,0,0.385,0.186,0.741,0,0,0,0,0.565
18/03/2015 17:00,0,0,0,0,0,0,0,0.459,0,0.203,0.034,0.768,0,0,0,0,0.387
18/03/2015 18:00,0,0,0,0,0,0,0,0.415,0.042,0.035,0,0.746,0,0,0,0,0.168
18/03/2015 19:00,0,0,0,0,0,0,0,0.332,0.251,0,0,0.672,0,0,0,0,0.003
18/03/2015 20:00,0,0,0,0,0,0,0,0.225,0.446,0,0,0.539,0,0,0,0,0
18/03/2015 21:00,0,0,0,0,0,0,0,0.105,0.594,0,0,0.377,0,0,0,0,0
18/03/2015 22:00,0,0,0,0,0,0,0,0.01,0.692,0,0,0.18,0,0,0.084,0,0
18/03/2015 23:00,0,0,0,0,0,0,0,0,0.739,0,0,0.012,0,0,0.288,0,0
19/03/2015 00:00,9.5,1.2,4.5,0,0.6,0,0.04,0,0.742,0,0,0,0,0,0.463,0,0
19/03/2015 01:00,31.5,13.6,19.1,3,7.1,3.5,0.237,0,0.7,0,0,0,0,0.007,0.592,0,0
19/03/2015 02:00,50.3,27.5,32.4,17.2,19.8,17.6,0.437,0,0.608,0,0,0,0,0.175,0.661,0,0
19/03/2015 03:00,63,37.9,41.4,31.5,31,30.9,0.552,0,0.46,0,0,0,0.07,0.394,0.703,0,0
19/03/2015 04:00,69.5,44.6,46.9,41.1,38.8,40.3,0.645,0,0.275,0,0,0,0.287,0.567,0.707,0.113,0
19/03/2015 05:00,71.1,47.8,48.8,47,43.5,46.1,0.696,0,0.068,0,0,0,0.474,0.684,0.632,0.337,0
19/03/2015 06:00,69.7,48.1,47.5,49.7,45.2,48.4,0.677,0,0,0,0.019,0,0.61,0.723,0.508,0.508,0
19/03/2015 07:00,62.8,44.8,43,49,43.9,47.9,0.632,0,0,0.03,0.149,0,0.716,0.734,0.335,0.62,0
19/03/2015 08:00,49.2,38.4,35.3,45.1,39.8,44.4,0.527,0,0,0.21,0.273,0,0.763,0.694,0.144,0.679,0.1
19/03/2015 09:00,32.8,28.9,24.9,37.8,32.2,38.1,0.372,0,0,0.404,0.399,0,0.755,0.594,0.011,0.657,0.288
19/03/2015 10:00,15.9,17.1,12.9,26.1,22.1,28.3,0.191,0,0,0.552,0.462,0,0.705,0.45,0,0.555,0.454
19/03/2015 11:00,2.7,5.1,2.6,12.3,10.4,15.9,0.028,0.016,0,0.64,0.481,0,0.594,0.257,0,0.445,0.551
19/03/2015 12:00,0,0,0,2.8,1.2,3.8,0,0.106,0,0.692,0.482,0.094,0.423,0.064,0,0.312,0.611
19/03/2015 13:00,0,0,0,0,0,0,0,0.234,0,0.687,0.477,0.312,0.206,0,0,0.178,0.619
19/03/2015 14:00,0,0,0,0,0,0,0,0.377,0,0.63,0.397,0.515,0.017,0,0,0.07,0.607
19/03/2015 15:00,0,0,0,0,0,0,0,0.468,0,0.514,0.275,0.641,0,0,0,0,0.516
19/03/2015 16:00,0,0,0,0,0,0,0,0.502,0,0.364,0.136,0.724,0,0,0,0,0.342
19/03/2015 17:00,0,0,0,0,0,0,0,0.448,0,0.191,0.025,0.757,0,0,0,0,0.158
19/03/2015 18:00,0,0,0,0,0,0,0,0.369,0.034,0.033,0,0.742,0,0,0,0,0.049
19/03/2015 19:00,0,0,0,0,0,0,0,0.296,0.204,0,0,0.669,0,0,0,0,0
19/03/2015 20:00,0,0,0,0,0,0,0,0.19,0.37,0,0,0.552,0,0,0,0,0
19/03/2015 21:00,0,0,0,0,0,0,0,0.083,0.548,0,0,0.345,0,0,0,0,0
19/03/2015 22:00,0,0,0,0,0,0,0,0.004,0.679,0,0,0.129,0,0,0.086,0,0
19/03/2015 23:00,0,0,0,0,0,0,0,0,0.732,0,0,0.009,0,0,0.291,0,0
20/03/2015 00:00,8.7,1.4,4,0,0.6,0,0.047,0,0.724,0,0,0,0,0,0.469,0,0
20/03/2015 01:00,28.5,13.2,18,2.8,6.8,3.3,0.257,0,0.672,0,0,0,0,0.006,0.6,0,0
20/03/2015 02:00,46.7,26.3,31,16.1,19.8,16.9,0.46,0,0.519,0,0,0,0,0.157,0.679,0,0
20/03/2015 03:00,60.5,35.4,40,29.4,32,30,0.605,0,0.32,0,0,0,0.067,0.374,0.711,0,0
20/03/2015 04:00,67.7,42.1,45.5,39.4,40.6,39.4,0.698,0,0.191,0,0,0,0.294,0.554,0.708,0.096,0
20/03/2015 05:00,69.4,45.5,47.5,45.7,45.5,45.3,0.741,0,0.058,0,0,0,0.494,0.68,0.654,0.335,0
20/03/2015 06:00,67.8,45.5,46.2,48.7,46.4,47.9,0.731,0,0,0,0.007,0,0.641,0.741,0.555,0.515,0
20/03/2015 07:00,61.7,42.1,41.7,48.1,44.8,47.5,0.681,0,0,0.029,0.083,0,0.732,0.755,0.407,0.634,0
20/03/2015 08:00,50.5,35.6,34.2,44.4,40.5,44.1,0.581,0,0,0.21,0.188,0,0.769,0.716,0.212,0.704,0.081
20/03/2015 09:00,35.3,26,25.3,37.1,32.6,37,0.423,0,0,0.412,0.313,0,0.745,0.611,0.027,0.728,0.21
20/03/2015 10:00,16.8,15,13,27,22.1,27.3,0.225,0,0,0.561,0.386,0,0.671,0.463,0,0.708,0.384
20/03/2015 11:00,2.7,4.5,2.5,14.3,10.3,15.1,0.037,0.009,0,0.652,0.397,0,0.541,0.266,0,0.639,0.556
20/03/2015 12:00,0,0,0,3.2,1.3,3.5,0,0.068,0,0.681,0.381,0.096,0.356,0.069,0,0.527,0.71
20/03/2015 13:00,0,0,0,0,0,0,0,0.164,0,0.679,0.319,0.319,0.155,0,0,0.37,0.78
20/03/2015 14:00,0,0,0,0,0,0,0,0.294,0,0.634,0.22,0.512,0.014,0,0,0.153,0.724
20/03/2015 15:00,0,0,0,0,0,0,0,0.409,0,0.547,0.123,0.642,0,0,0,0.005,0.577
20/03/2015 16:00,0,0,0,0,0,0,0,0.476,0,0.406,0.062,0.719,0,0,0,0,0.421
20/03/2015 17:00,0,0,0,0,0,0,0,0.474,0,0.221,0.007,0.739,0,0,0,0,0.275
20/03/2015 18:00,0,0,0,0,0,0,0,0.433,0.005,0.041,0,0.728,0,0,0,0,0.138
20/03/2015 19:00,0,0,0,0,0,0,0,0.365,0.101,0,0,0.662,0,0,0,0,0.004
20/03/2015 20:00,0,0,0,0,0,0,0,0.256,0.222,0,0,0.527,0,0,0,0,0
20/03/2015 21:00,0,0,0,0,0,0,0,0.129,0.292,0,0,0.318,0,0,0,0,0
20/03/2015 22:00,0,0,0,0,0,0,0,0.014,0.335,0,0,0.164,0,0,0.088,0,0
20/03/2015 23:00,0,0,0,0,0,0,0,0,0.418,0,0,0.013,0,0,0.292,0,0
21/03/2015 00:00,7.4,1.4,3.9,0,0.5,0,0.047,0,0.511,0,0,0,0,0,0.47,0,0
21/03/2015 01:00,26.1,14.1,17.6,2.6,7.1,3.2,0.254,0,0.523,0,0,0,0,0.008,0.602,0,0
21/03/2015 02:00,43.7,28,30.4,16,21.2,16.1,0.456,0,0.431,0,0,0,0,0.154,0.688,0,0
21/03/2015 03:00,57.3,38.2,39.5,30,33.1,29.1,0.601,0,0.261,0,0,0,0.011,0.379,0.727,0,0
21/03/2015 04:00,63.9,44.8,45.1,39.6,41.3,38.4,0.687,0,0.115,0,0,0,0.081,0.558,0.722,0.134,0
21/03/2015 05:00,66,47.9,47.3,45.3,46,44.2,0.724,0,0.02,0,0,0,0.196,0.676,0.67,0.343,0
21/03/2015 06:00,63.7,47.8,45.6,47.7,47.3,46.6,0.703,0,0,0,0.007,0,0.372,0.734,0.569,0.512,0
21/03/2015 07:00,56.3,44.9,41.5,47,45.9,46.1,0.652,0,0,0.034,0.094,0,0.444,0.746,0.415,0.628,0
21/03/2015 08:00,44.4,38.9,34.4,43.3,41.5,42.7,0.552,0,0,0.215,0.222,0,0.37,0.706,0.217,0.684,0.12
21/03/2015 09:00,29,28.9,24,37.2,34.2,36.6,0.401,0,0,0.402,0.323,0,0.319,0.629,0.026,0.696,0.332
21/03/2015 10:00,13.8,17.2,12.3,27.4,23.8,26.9,0.209,0,0,0.557,0.397,0,0.264,0.483,0,0.663,0.512
21/03/2015 11:00,2.2,5.5,2.5,15.2,11.4,14.9,0.034,0.043,0,0.658,0.451,0,0.193,0.283,0,0.597,0.637
21/03/2015 12:00,0,0.1,0,3.6,1.4,3.6,0,0.191,0,0.706,0.495,0.082,0.118,0.076,0,0.484,0.7
21/03/2015 13:00,0,0,0,0,0,0,0,0.353,0,0.7,0.485,0.287,0.047,0,0,0.338,0.725
21/03/2015 14:00,0,0,0,0,0,0,0,0.493,0,0.653,0.422,0.504,0,0,0,0.131,0.699
21/03/2015 15:00,0,0,0,0,0,0,0,0.507,0,0.544,0.296,0.643,0,0,0,0.003,0.623
21/03/2015 16:00,0,0,0,0,0,0,0,0.502,0,0.402,0.15,0.73,0,0,0,0,0.502
21/03/2015 17:00,0,0,0,0,0,0,0,0.473,0,0.22,0.026,0.76,0,0,0,0,0.329
21/03/2015 18:00,0,0,0,0,0,0,0,0.385,0.002,0.042,0,0.744,0,0,0,0,0.133
21/03/2015 19:00,0,0,0,0,0,0,0,0.295,0.053,0,0,0.683,0,0,0,0,0.002
21/03/2015 20:00,0,0,0,0,0,0,0,0.192,0.141,0,0,0.574,0,0,0,0,0
21/03/2015 21:00,0,0,0,0,0,0,0,0.082,0.219,0,0,0.415,0,0,0,0,0
21/03/2015 22:00,0,0,0,0,0,0,0,0.005,0.297,0,0,0.21,0,0,0.082,0,0
21/03/2015 23:00,0,0,0,0,0,0,0,0,0.309,0,0,0.019,0,0,0.285,0,0
22/03/2015 00:00,7.3,1.4,3.7,0,0.5,0,0.036,0,0.304,0,0,0,0,0,0.473,0,0
22/03/2015 01:00,26.6,14.1,16.7,3.2,7.2,3.1,0.205,0,0.289,0,0,0,0,0.01,0.614,0,0
22/03/2015 02:00,44,28,29.4,17.2,20.4,15.1,0.414,0,0.273,0,0,0,0,0.179,0.705,0,0
22/03/2015 03:00,55.8,37.3,37.6,29.6,31.8,28.2,0.531,0,0.18,0,0,0,0.029,0.389,0.749,0,0
22/03/2015 04:00,63,43.9,43.1,37.1,39.7,37.6,0.624,0,0.063,0,0,0,0.197,0.555,0.74,0.136,0
22/03/2015 05:00,64.7,47.1,45.4,41.7,44.2,43.3,0.659,0,0.009,0,0,0,0.422,0.667,0.684,0.345,0
22/03/2015 06:00,61.8,46.9,44.3,44,45.3,45.7,0.646,0,0,0,0.007,0,0.578,0.709,0.575,0.511,0
22/03/2015 07:00,53,44,40.4,43.8,43.7,44.8,0.596,0,0,0.031,0.085,0,0.663,0.694,0.41,0.628,0
22/03/2015 08:00,41.2,38.1,33.3,40.5,39.3,40.7,0.51,0,0,0.186,0.188,0,0.695,0.604,0.213,0.694,0.129
22/03/2015 09:00,27.6,29.1,23.5,32.9,32.1,33.1,0.34,0,0,0.361,0.299,0,0.678,0.474,0.026,0.719,0.347
22/03/2015 10:00,13.1,17.5,12.1,23.3,22.3,23.6,0.157,0,0,0.513,0.379,0,0.606,0.208,0,0.698,0.538
22/03/2015 11:00,2.1,5.6,2.4,12.5,10.8,12.5,0.022,0.021,0,0.606,0.397,0,0.499,0.134,0,0.626,0.671
22/03/2015 12:00,0,0.1,0,3,1.4,2.7,0,0.11,0,0.603,0.382,0.087,0.35,0.031,0,0.499,0.754
22/03/2015 13:00,0,0,0,0,0,0,0,0.201,0,0.576,0.334,0.318,0.163,0,0,0.344,0.786
22/03/2015 14:00,0,0,0,0,0,0,0,0.264,0,0.489,0.28,0.516,0.022,0,0,0.162,0.768
22/03/2015 15:00,0,0,0,0,0,0,0,0.312,0,0.423,0.219,0.649,0,0,0,0.006,0.703
22/03/2015 16:00,0,0,0,0,0,0,0,0.34,0,0.338,0.122,0.727,0,0,0,0,0.58
22/03/2015 17:00,0,0,0,0,0,0,0,0.333,0,0.186,0.021,0.757,0,0,0,0,0.404
22/03/2015 18:00,0,0,0,0,0,0,0,0.287,0.019,0.036,0,0.737,0,0,0,0,0.187
22/03/2015 19:00,0,0,0,0,0,0,0,0.195,0.131,0,0,0.666,0,0,0,0,0.006
22/03/2015 20:00,0,0,0,0,0,0,0,0.117,0.228,0,0,0.533,0,0,0,0,0
22/03/2015 21:00,0,0,0,0,0,0,0,0.051,0.298,0,0,0.347,0,0,0,0,0
22/03/2015 22:00,0,0,0,0,0,0,0,0.001,0.36,0,0,0.169,0,0,0.09,0,0
22/03/2015 23:00,0,0,0,0,0,0,0,0,0.435,0,0,0.016,0,0,0.296,0,0
23/03/2015 00:00,3.9,1.4,3.3,0,0.6,0,0.039,0,0.468,0,0,0,0,0,0.473,0,0
23/03/2015 01:00,18.4,13.7,15.6,3.4,6.9,2.8,0.221,0,0.438,0,0,0,0,0,0.604,0,0
23/03/2015 02:00,33.2,26.9,27.8,17.5,19,14.8,0.418,0,0.314,0,0,0,0,0.101,0.682,0,0
23/03/2015 03:00,44.4,36.8,36.6,30.9,29.8,27,0.567,0,0.211,0,0,0,0.035,0.249,0.706,0,0
23/03/2015 04:00,48,42.8,42.1,40.2,37.6,35.8,0.663,0,0.125,0,0,0,0.176,0.413,0.702,0.119,0
23/03/2015 05:00,46.9,45.2,44.3,45.9,42.4,41.7,0.71,0,0.023,0,0,0,0.346,0.532,0.626,0.312,0
23/03/2015 06:00,39.8,45.5,44.2,48.4,43.5,43.8,0.711,0,0,0,0.012,0,0.476,0.625,0.518,0.503,0
23/03/2015 07:00,32.2,43.1,39.7,47.7,41.9,43.1,0.664,0,0,0.028,0.118,0,0.577,0.629,0.372,0.637,0
23/03/2015 08:00,25.4,37.3,31.8,44.1,36.9,40,0.569,0,0,0.201,0.269,0,0.624,0.549,0.18,0.705,0.124
23/03/2015 09:00,16.1,27.1,20.5,37.5,28.9,34.4,0.423,0,0,0.401,0.402,0,0.624,0.456,0.022,0.729,0.325
23/03/2015 10:00,7.9,15.9,10.3,27.5,19.2,25.6,0.232,0,0,0.551,0.477,0,0.534,0.355,0,0.71,0.484
23/03/2015 11:00,1.2,5,2.3,14.7,8.5,14.5,0.042,0.004,0,0.631,0.46,0,0.47,0.184,0,0.648,0.614
23/03/2015 12:00,0,0.1,0,3.4,0.8,3.6,0,0.049,0,0.664,0.429,0.099,0.326,0.051,0,0.541,0.706
23/03/2015 13:00,0,0,0,0,0,0,0,0.118,0,0.626,0.389,0.33,0.148,0,0,0.386,0.751
23/03/2015 14:00,0,0,0,0,0,0,0,0.208,0,0.586,0.325,0.535,0.015,0,0,0.187,0.745
23/03/2015 15:00,0,0,0,0,0,0,0,0.287,0,0.514,0.25,0.673,0,0,0,0.008,0.685
23/03/2015 16:00,0,0,0,0,0,0,0,0.321,0,0.395,0.146,0.749,0,0,0,0,0.563
23/03/2015 17:00,0,0,0,0,0,0,0,0.348,0,0.222,0.031,0.775,0,0,0,0,0.39
23/03/2015 18:00,0,0,0,0,0,0,0,0.314,0.002,0.045,0,0.759,0,0,0,0,0.179
23/03/2015 19:00,0,0,0,0,0,0,0,0.262,0.057,0,0,0.694,0,0,0,0,0.005
23/03/2015 20:00,0,0,0,0,0,0,0,0.176,0.123,0,0,0.58,0,0,0,0,0
23/03/2015 21:00,0,0,0,0,0,0,0,0.08,0.182,0,0,0.412,0,0,0,0,0
23/03/2015 22:00,0,0,0,0,0,0,0,0.006,0.237,0,0,0.198,0,0,0.091,0,0
23/03/2015 23:00,0,0,0,0,0,0,0,0,0.281,0,0,0.017,0,0,0.3,0,0
24/03/2015 00:00,1.4,1.2,2.6,0,0.6,0,0.052,0,0.29,0,0,0,0,0,0.486,0,0
24/03/2015 01:00,7.8,12.7,13.2,3.4,6.3,3.5,0.256,0,0.274,0,0,0,0,0.001,0.624,0,0
24/03/2015 02:00,16.8,25.7,24.5,17.6,18.2,17.2,0.456,0,0.243,0,0,0,0,0.072,0.71,0,0
24/03/2015 03:00,23.6,35.1,33.7,30.9,29.9,30,0.589,0,0.207,0,0,0,0.066,0.22,0.745,0,0
24/03/2015 04:00,29.5,41.2,38,39.9,38.4,39.2,0.679,0,0.121,0,0,0,0.278,0.348,0.728,0.123,0
24/03/2015 05:00,28.9,44.2,39.3,45.4,43.5,44.9,0.72,0,0.022,0,0,0,0.465,0.385,0.671,0.355,0
24/03/2015 06:00,24.2,43.6,36.8,48.2,45.6,47.5,0.713,0,0,0,0.026,0,0.576,0.393,0.563,0.526,0
24/03/2015 07:00,19.9,40.8,32.2,47.5,44.3,47.1,0.663,0,0,0.031,0.193,0,0.634,0.432,0.395,0.644,0
24/03/2015 08:00,15.7,35.3,26.3,43.6,40,43.7,0.565,0,0,0.184,0.374,0,0.622,0.305,0.2,0.713,0.065
24/03/2015 09:00,10.5,26.8,18.3,35.5,32.5,36.8,0.417,0,0,0.392,0.515,0,0.569,0.563,0.023,0.737,0.26
24/03/2015 10:00,5.6,16.1,9.4,24.9,22.1,27.4,0.227,0,0,0.565,0.605,0,0.492,0.423,0,0.719,0.457
24/03/2015 11:00,1.1,5.3,1.9,13.3,10.4,15.4,0.042,0.015,0,0.664,0.645,0,0.408,0.249,0,0.656,0.59
24/03/2015 12:00,0,0.1,0,3.3,1.3,3.9,0,0.116,0,0.706,0.657,0.107,0.292,0.069,0,0.547,0.666
24/03/2015 13:00,0,0,0,0,0,0,0,0.28,0,0.698,0.605,0.324,0.118,0,0,0.388,0.705
24/03/2015 14:00,0,0,0,0,0,0,0,0.436,0,0.647,0.518,0.528,0.007,0,0,0.189,0.685
24/03/2015 15:00,0,0,0,0,0,0,0,0.513,0,0.564,0.371,0.656,0,0,0,0.008,0.62
24/03/2015 16:00,0,0,0,0,0,0,0,0.552,0,0.427,0.194,0.733,0,0,0,0,0.52
24/03/2015 17:00,0,0,0,0,0,0,0,0.534,0,0.244,0.034,0.763,0,0,0,0,0.369
24/03/2015 18:00,0,0,0,0,0,0,0,0.478,0.004,0.053,0,0.74,0,0,0,0,0.171
24/03/2015 19:00,0,0,0,0,0,0,0,0.381,0.066,0,0,0.674,0,0,0,0,0.005
24/03/2015 20:00,0,0,0,0,0,0,0,0.252,0.146,0,0,0.557,0,0,0,0,0
24/03/2015 21:00,0,0,0,0,0,0,0,0.105,0.223,0,0,0.38,0,0,0,0,0
24/03/2015 22:00,0,0,0,0,0,0,0,0.009,0.288,0,0,0.163,0,0,0.085,0,0
24/03/2015 23:00,0,0,0,0,0,0,0,0,0.335,0,0,0.013,0,0,0.285,0,0
25/03/2015 00:00,3.4,1.2,1.8,0,0.6,0,0.05,0,0.336,0,0,0,0,0,0.47,0,0
25/03/2015 01:00,14.8,12,9.6,2.7,6.8,3.5,0.248,0,0.305,0,0,0,0,0.002,0.611,0,0
25/03/2015 02:00,26.9,25,17.8,13.7,19.6,15.9,0.444,0,0.254,0,0,0,0,0.076,0.694,0,0
25/03/2015 03:00,34.6,34.9,25.2,25.1,31.5,29,0.586,0,0.141,0,0,0,0.034,0.179,0.728,0,0
25/03/2015 04:00,41.1,41.3,31.3,33.7,39.7,38.2,0.676,0,0.048,0,0,0,0.167,0.312,0.717,0.145,0
25/03/2015 05:00,42.7,44.4,33.5,39.5,44.7,43.7,0.717,0,0.001,0,0,0,0.346,0.42,0.668,0.356,0
25/03/2015 06:00,42.7,44.5,34.8,43.9,45.9,45.6,0.71,0,0,0,0.008,0,0.534,0.588,0.558,0.522,0
25/03/2015 07:00,41.7,41.5,31.8,44.6,44.2,44.9,0.659,0,0,0.02,0.094,0,0.642,0.671,0.412,0.637,0
25/03/2015 08:00,33.5,35.5,26.4,40.2,39.4,41.2,0.56,0,0,0.14,0.219,0,0.664,0.701,0.209,0.704,0.093
25/03/2015 09:00,22.4,26.3,18.8,32.5,31.1,34.4,0.416,0,0,0.301,0.339,0,0.623,0.624,0.026,0.731,0.273
25/03/2015 10:00,11.3,15.4,9.9,23.3,20.7,25.2,0.225,0,0,0.488,0.431,0,0.561,0.484,0,0.711,0.45
25/03/2015 11:00,2.2,4.9,2.2,11.5,9.4,13.8,0.042,0.052,0,0.645,0.466,0,0.464,0.297,0,0.647,0.585
25/03/2015 12:00,0,0.1,0,2.5,1.2,3.3,0,0.218,0,0.698,0.495,0.085,0.334,0.092,0,0.535,0.677
25/03/2015 13:00,0,0,0,0,0,0,0,0.379,0,0.693,0.466,0.308,0.14,0,0,0.369,0.716
25/03/2015 14:00,0,0,0,0,0,0,0,0.513,0,0.643,0.392,0.509,0.015,0,0,0.174,0.703
25/03/2015 15:00,0,0,0,0,0,0,0,0.586,0,0.552,0.27,0.636,0,0,0,0.005,0.64
25/03/2015 16:00,0,0,0,0,0,0,0,0.623,0,0.411,0.141,0.71,0,0,0,0,0.528
25/03/2015 17:00,0,0,0,0,0,0,0,0.616,0,0.231,0.028,0.728,0,0,0,0,0.365
25/03/2015 18:00,0,0,0,0,0,0,0,0.529,0.002,0.049,0,0.699,0,0,0,0,0.163
25/03/2015 19:00,0,0,0,0,0,0,0,0.439,0.056,0,0,0.599,0,0,0,0,0.006
25/03/2015 20:00,0,0,0,0,0,0,0,0.306,0.129,0,0,0.411,0,0,0,0,0
25/03/2015 21:00,0,0,0,0,0,0,0,0.145,0.197,0,0,0.284,0,0,0,0,0
25/03/2015 22:00,0,0,0,0,0,0,0,0.015,0.245,0,0,0.123,0,0,0.087,0,0
25/03/2015 23:00,0,0,0,0,0,0,0,0,0.261,0,0,0.008,0,0,0.283,0,0
26/03/2015 00:00,1.9,1,2.4,0,0.5,0,0.042,0,0.256,0,0,0,0,0,0.453,0,0
26/03/2015 01:00,10.3,10.5,11.8,1.9,6.5,2.8,0.213,0,0.219,0,0,0,0,0.017,0.577,0,0
26/03/2015 02:00,18.7,22.9,22.1,10.4,18.8,12.7,0.396,0,0.162,0,0,0,0,0.208,0.655,0,0
26/03/2015 03:00,24.2,33,31.5,20.5,29.9,23.3,0.518,0,0.105,0,0,0,0.029,0.424,0.696,0,0
26/03/2015 04:00,27.6,39.9,36.9,29.2,38,31.2,0.607,0,0.05,0,0,0,0.178,0.587,0.688,0.107,0
26/03/2015 05:00,29.1,43.3,39.3,33,42.6,37.1,0.648,0,0.002,0,0,0,0.36,0.69,0.624,0.3,0
26/03/2015 06:00,29.1,43.1,38.2,31.1,44.6,39.7,0.615,0,0,0,0.027,0,0.523,0.736,0.514,0.456,0
26/03/2015 07:00,27.8,40.4,34.5,28.7,42.9,39.7,0.547,0,0,0.042,0.193,0,0.609,0.742,0.356,0.549,0
26/03/2015 08:00,24,34.5,27.5,28.3,38.3,36.9,0.445,0,0,0.241,0.369,0,0.673,0.702,0.175,0.61,0.072
26/03/2015 09:00,18.4,25.3,18.5,26.9,30.4,30.6,0.32,0,0,0.437,0.504,0,0.675,0.611,0.02,0.665,0.228
26/03/2015 10:00,9.2,14.9,9.4,21.6,20.5,22.3,0.163,0,0,0.584,0.591,0,0.606,0.468,0,0.688,0.373
26/03/2015 11:00,1.5,4.6,1.9,11.2,9.5,12.2,0.026,0.047,0,0.676,0.63,0,0.533,0.28,0,0.599,0.505
26/03/2015 12:00,0,0.1,0,2.7,1.2,3.1,0,0.21,0,0.724,0.644,0.099,0.4,0.071,0,0.479,0.61
26/03/2015 13:00,0,0,0,0,0,0,0,0.372,0,0.719,0.598,0.334,0.202,0,0,0.322,0.68
26/03/2015 14:00,0,0,0,0,0,0,0,0.496,0,0.67,0.507,0.519,0.028,0,0,0.15,0.713
26/03/2015 15:00,0,0,0,0,0,0,0,0.562,0,0.574,0.362,0.647,0,0,0,0.002,0.691
26/03/2015 16:00,0,0,0,0,0,0,0,0.6,0,0.434,0.196,0.725,0,0,0,0,0.572
26/03/2015 17:00,0,0,0,0,0,0,0,0.591,0,0.25,0.041,0.754,0,0,0,0,0.399
26/03/2015 18:00,0,0,0,0,0,0,0,0.528,0.004,0.057,0,0.738,0,0,0,0,0.186
26/03/2015 19:00,0,0,0,0,0,0,0,0.432,0.065,0,0,0.673,0,0,0,0,0.007
26/03/2015 20:00,0,0,0,0,0,0,0,0.298,0.158,0,0,0.556,0,0,0,0,0
26/03/2015 21:00,0,0,0,0,0,0,0,0.141,0.233,0,0,0.386,0,0,0,0,0
26/03/2015 22:00,0,0,0,0,0,0,0,0.014,0.28,0,0,0.187,0,0,0.047,0,0
26/03/2015 23:00,0,0,0,0,0,0,0,0,0.276,0,0,0.017,0,0,0.207,0,0
27/03/2015 00:00,3.9,0.8,1.7,0,0.5,0,0.032,0,0.253,0,0,0,0,0,0.397,0,0
27/03/2015 01:00,16,8.1,8.9,3,7.1,2.6,0.158,0,0.219,0,0,0,0,0.013,0.531,0,0
27/03/2015 02:00,29.2,18.1,18.2,15.8,20,11.3,0.3,0,0.185,0,0,0,0,0.167,0.636,0,0
27/03/2015 03:00,38.8,26.5,26.1,28.9,31.3,20.6,0.408,0,0.114,0,0,0,0.057,0.364,0.662,0,0
27/03/2015 04:00,45.2,33.4,30.9,38.2,39.7,28.9,0.479,0,0.052,0,0,0,0.241,0.538,0.664,0.088,0
27/03/2015 05:00,44.4,36.5,31.5,43.9,44.4,35.3,0.533,0,0.003,0,0,0,0.5,0.629,0.598,0.276,0
27/03/2015 06:00,37.5,35.1,29.3,47.7,45.5,39.3,0.577,0,0,0,0.017,0,0.63,0.635,0.494,0.448,0
27/03/2015 07:00,26.7,31.8,23.6,47.1,43.3,40,0.551,0,0,0.042,0.137,0,0.693,0.652,0.335,0.489,0
27/03/2015 08:00,18,27.4,15.9,43.3,38.5,36.9,0.516,0,0,0.239,0.287,0,0.709,0.647,0.164,0.492,0.127
27/03/2015 09:00,10.7,19.9,9.8,36.8,31,30.5,0.383,0,0,0.432,0.422,0,0.658,0.541,0.018,0.435,0.327
27/03/2015 10:00,4.5,11.3,4.9,27.2,20.7,21.9,0.198,0,0,0.574,0.541,0,0.57,0.381,0,0.401,0.5
27/03/2015 11:00,0.7,3.5,1.2,15.2,9.1,11.7,0.034,0.039,0,0.661,0.556,0,0.402,0.188,0,0.342,0.642
27/03/2015 12:00,0,0.1,0,3.8,1.1,3.1,0,0.18,0,0.685,0.553,0.087,0.286,0.043,0,0.255,0.693
27/03/2015 13:00,0,0,0,0,0,0,0,0.328,0,0.681,0.503,0.294,0.141,0,0,0.136,0.728
27/03/2015 14:00,0,0,0,0,0,0,0,0.437,0,0.637,0.419,0.496,0.019,0,0,0.049,0.713
27/03/2015 15:00,0,0,0,0,0,0,0,0.482,0,0.541,0.296,0.627,0,0,0,0,0.643
27/03/2015 16:00,0,0,0,0,0,0,0,0.506,0,0.401,0.159,0.703,0,0,0,0,0.537
27/03/2015 17:00,0,0,0,0,0,0,0,0.451,0,0.223,0.034,0.731,0,0,0,0,0.384
27/03/2015 18:00,0,0,0,0,0,0,0,0.388,0.002,0.046,0,0.72,0,0,0,0,0.182
27/03/2015 19:00,0,0,0,0,0,0,0,0.277,0.06,0,0,0.664,0,0,0,0,0.007
27/03/2015 20:00,0,0,0,0,0,0,0,0.168,0.137,0,0,0.554,0,0,0,0,0
27/03/2015 21:00,0,0,0,0,0,0,0,0.063,0.219,0,0,0.408,0,0,0,0,0
27/03/2015 22:00,0,0,0,0,0,0,0,0.002,0.328,0,0,0.207,0,0,0.076,0,0
27/03/2015 23:00,0,0,0,0,0,0,0,0,0.44,0,0,0.02,0,0,0.26,0,0
28/03/2015 00:00,2,0.9,2.3,0,0.6,0,0.045,0,0.548,0,0,0,0,0,0.441,0,0
28/03/2015 01:00,9.8,9.6,10.6,3.9,7.2,3.1,0.223,0,0.596,0,0,0,0,0.008,0.582,0,0
28/03/2015 02:00,18.2,22.1,20.9,17.8,20.3,15,0.407,0,0.532,0,0,0,0,0.128,0.674,0,0
28/03/2015 03:00,26.3,32.2,29.6,30.4,32,27.2,0.548,0,0.4,0,0,0,0.064,0.35,0.707,0,0
28/03/2015 04:00,35,39,33.5,39.1,40.6,36.5,0.645,0,0.204,0,0,0,0.251,0.537,0.703,0.074,0
28/03/2015 05:00,38.8,42.5,35.3,44.3,45.4,42.4,0.693,0,0.04,0,0,0,0.412,0.646,0.643,0.251,0
28/03/2015 06:00,40.7,43.9,34.5,46.4,47.3,44.5,0.677,0,0,0,0.026,0,0.549,0.677,0.544,0.416,0
28/03/2015 07:00,38.8,41.2,31.6,45.5,45.7,43.7,0.628,0,0,0.036,0.185,0,0.64,0.685,0.396,0.528,0
28/03/2015 08:00,33.7,35.4,26,42.4,41,39,0.531,0,0,0.192,0.347,0,0.702,0.615,0.202,0.543,0.118
28/03/2015 09:00,23.9,25.8,18.3,35.7,32.9,30.7,0.385,0,0,0.342,0.472,0,0.698,0.384,0.027,0.543,0.341
28/03/2015 10:00,12.5,14.9,9.4,25.6,22.2,20,0.204,0,0,0.472,0.553,0,0.598,0.215,0,0.483,0.533
28/03/2015 11:00,2.3,4.9,2.1,14.2,10.3,9.8,0.039,0.016,0,0.565,0.571,0,0.513,0.106,0,0.411,0.677
28/03/2015 12:00,0,0.1,0,3.7,1.2,2.1,0,0.097,0,0.643,0.524,0.079,0.345,0.034,0,0.3,0.754
28/03/2015 13:00,0,0,0,0,0,0,0,0.19,0,0.663,0.484,0.264,0.173,0,0,0.204,0.784
28/03/2015 14:00,0,0,0,0,0,0,0,0.28,0,0.627,0.428,0.481,0.019,0,0,0.078,0.764
28/03/2015 15:00,0,0,0,0,0,0,0,0.338,0,0.534,0.318,0.631,0,0,0,0,0.692
28/03/2015 16:00,0,0,0,0,0,0,0,0.38,0,0.406,0.176,0.707,0,0,0,0,0.569
28/03/2015 17:00,0,0,0,0,0,0,0,0.367,0,0.228,0.036,0.733,0,0,0,0,0.393
28/03/2015 18:00,0,0,0,0,0,0,0,0.295,0.03,0.048,0,0.728,0,0,0,0,0.18
28/03/2015 19:00,0,0,0,0,0,0,0,0.226,0.206,0,0,0.673,0,0,0,0,0.006
28/03/2015 20:00,0,0,0,0,0,0,0,0.15,0.398,0,0,0.564,0,0,0,0,0
28/03/2015 21:00,0,0,0,0,0,0,0,0.065,0.565,0,0,0.406,0,0,0,0,0
28/03/2015 22:00,0,0,0,0,0,0,0,0.002,0.661,0,0,0.208,0,0,0.083,0,0
28/03/2015 23:00,0,0,0,0,0,0,0,0,0.723,0,0,0.02,0,0,0.289,0,0
29/03/2015 00:00,3.2,1.2,3.7,0,0.6,0,0.042,0,0.723,0,0,0,0,0,0.474,0,0
29/03/2015 01:00,14.5,11.5,14.5,1.2,6.5,1.6,0.205,0,0.678,0,0,0,0,0.016,0.615,0,0
29/03/2015 02:00,29.8,24.2,25.5,5.9,18.3,8.1,0.387,0,0.588,0,0,0,0,0.177,0.703,0,0
29/03/2015 03:00,46.3,34,34.8,12.8,29.3,17.6,0.535,0,0.444,0,0,0,0.032,0.359,0.742,0,0
29/03/2015 04:00,54.9,40.8,40.3,21.5,38.1,26.5,0.633,0,0.244,0,0,0,0.194,0.515,0.733,0.088,0
29/03/2015 05:00,56.1,44.2,42.1,30.9,43.3,32,0.677,0,0.047,0,0,0,0.377,0.635,0.677,0.277,0
29/03/2015 06:00,50.9,44.3,41.4,35.4,45.2,33.3,0.643,0,0,0,0.01,0,0.51,0.675,0.571,0.446,0
29/03/2015 07:00,41.2,41.4,37.9,35.9,44.4,33.4,0.59,0,0,0.031,0.086,0,0.588,0.682,0.418,0.531,0
29/03/2015 08:00,31,35.1,31.5,33.5,39.9,31.3,0.489,0,0,0.177,0.178,0,0.684,0.626,0.222,0.576,0.133
29/03/2015 09:00,20.5,26.4,22,26.4,31.5,26.2,0.342,0,0,0.329,0.294,0,0.689,0.522,0.031,0.59,0.35
29/03/2015 10:00,10.1,15.1,12.1,17.4,20.6,19.2,0.17,0,0,0.454,0.368,0,0.633,0.397,0,0.573,0.535
29/03/2015 11:00,1.8,4.7,2.8,10.3,9.6,10.8,0.022,0.004,0,0.548,0.427,0,0.525,0.248,0,0.517,0.669
29/03/2015 12:00,0,0.1,0,2.9,1.2,3,0,0.048,0,0.569,0.474,0.105,0.304,0.075,0,0.411,0.745
29/03/2015 13:00,0,0,0,0,0,0,0,0.113,0,0.577,0.462,0.339,0.104,0,0,0.274,0.775
29/03/2015 14:00,0,0,0,0,0,0,0,0.172,0,0.552,0.381,0.53,0.006,0,0,0.12,0.755
29/03/2015 15:00,0,0,0,0,0,0,0,0.228,0,0.478,0.263,0.66,0,0,0,0.002,0.686
29/03/2015 16:00,0,0,0,0,0,0,0,0.266,0,0.351,0.136,0.737,0,0,0,0,0.564
29/03/2015 17:00,0,0,0,0,0,0,0,0.294,0,0.195,0.021,0.764,0,0,0,0,0.391
29/03/2015 18:00,0,0,0,0,0,0,0,0.292,0.008,0.041,0,0.745,0,0,0,0,0.18
29/03/2015 19:00,0,0,0,0,0,0,0,0.269,0.066,0,0,0.679,0,0,0,0,0.007
29/03/2015 20:00,0,0,0,0,0,0,0,0.207,0.085,0,0,0.566,0,0,0,0,0
29/03/2015 21:00,0,0,0,0,0,0,0,0.107,0.116,0,0,0.404,0,0,0,0,0
29/03/2015 22:00,0,0,0,0,0,0,0,0.009,0.148,0,0,0.203,0,0,0.089,0,0
29/03/2015 23:00,0,0,0,0,0,0,0,0,0.169,0,0,0.019,0,0,0.298,0,0
30/03/2015 00:00,3.2,1,4.2,0,0.7,0,0.038,0,0.158,0,0,0,0,0,0.484,0,0
30/03/2015 01:00,15.9,8.5,15.5,2.6,5.6,2.1,0.192,0,0.16,0,0,0,0,0.018,0.619,0,0
30/03/2015 02:00,33.3,17.4,24.7,14.5,15.7,12.9,0.365,0,0.16,0,0,0,0,0.2,0.704,0,0
30/03/2015 03:00,46.1,23.1,34.8,27.5,25.7,24.4,0.504,0,0.142,0,0,0,0.032,0.421,0.74,0,0
30/03/2015 04:00,54.7,28.1,40.4,37.6,33.3,33.8,0.595,0,0.082,0,0,0,0.229,0.595,0.73,0.04,0
30/03/2015 05:00,50.3,32.1,37.9,43.4,38.8,39.9,0.636,0,0.015,0,0,0,0.451,0.71,0.674,0.124,0
30/03/2015 06:00,36.9,33.3,32.9,45.3,41.3,41.9,0.62,0,0,0,0.007,0,0.576,0.74,0.568,0.195,0
30/03/2015 07:00,27.9,29.3,29.8,44.3,40.6,41.2,0.56,0,0,0.02,0.084,0,0.665,0.757,0.414,0.25,0
30/03/2015 08:00,19.5,22.7,26.4,39.9,36.2,38.8,0.463,0,0,0.13,0.169,0,0.693,0.724,0.219,0.299,0.132
30/03/2015 09:00,13.4,14.9,17.4,33.6,28.5,33.7,0.313,0,0,0.239,0.21,0,0.672,0.639,0.03,0.337,0.348
30/03/2015 10:00,6.9,8.3,8.8,24.4,18.9,25,0.132,0,0,0.328,0.243,0,0.622,0.502,0,0.357,0.533
30/03/2015 11:00,1.9,2.7,2,13.8,8.7,14.5,0.024,0.015,0,0.414,0.274,0,0.52,0.313,0,0.311,0.666
30/03/2015 12:00,0,0.1,0,3.7,1,4.1,0,0.085,0,0.46,0.298,0.095,0.382,0.104,0,0.241,0.746
30/03/2015 13:00,0,0,0,0,0,0,0,0.169,0,0.453,0.257,0.31,0.169,0,0,0.144,0.775
30/03/2015 14:00,0,0,0,0,0,0,0,0.251,0,0.426,0.187,0.502,0.023,0,0,0.054,0.754
30/03/2015 15:00,0,0,0,0,0,0,0,0.323,0,0.384,0.12,0.633,0,0,0,0,0.69
30/03/2015 16:00,0,0,0,0,0,0,0,0.377,0,0.332,0.061,0.709,0,0,0,0,0.568
30/03/2015 17:00,0,0,0,0,0,0,0,0.389,0,0.187,0.007,0.735,0,0,0,0,0.395
30/03/2015 18:00,0,0,0,0,0,0,0,0.351,0.015,0.039,0,0.704,0,0,0,0,0.182
30/03/2015 19:00,0,0,0,0,0,0,0,0.291,0.159,0,0,0.64,0,0,0,0,0.007
30/03/2015 20:00,0,0,0,0,0,0,0,0.205,0.334,0,0,0.528,0,0,0,0,0
30/03/2015 21:00,0,0,0,0,0,0,0,0.099,0.459,0,0,0.368,0,0,0,0,0
30/03/2015 22:00,0,0,0,0,0,0,0,0.008,0.523,0,0,0.178,0,0,0.087,0,0
30/03/2015 23:00,0,0,0,0,0,0,0,0,0.547,0,0,0.015,0,0,0.288,0,0
31/03/2015 00:00,4.2,1,2.2,0,0.6,0,0.036,0,0.538,0,0,0,0,0,0.464,0,0
31/03/2015 01:00,16.9,8.7,8.1,3.9,5.2,3.6,0.184,0,0.504,0,0,0,0,0.021,0.593,0,0
31/03/2015 02:00,29.5,18.9,17.7,17.5,15.7,16.6,0.358,0,0.434,0,0,0,0,0.216,0.676,0,0
31/03/2015 03:00,40.5,28.6,25.8,30,26.1,29.3,0.468,0,0.301,0,0,0,0.065,0.432,0.715,0,0
31/03/2015 04:00,51.2,34.7,32.9,39.5,33.7,38.9,0.566,0,0.163,0,0,0,0.283,0.596,0.705,0.094,0
31/03/2015 05:00,54.3,38,37.5,45.9,38.2,44.5,0.615,0,0.03,0,0,0,0.511,0.7,0.657,0.306,0
31/03/2015 06:00,54.1,40.6,39.7,48.6,38.9,47.5,0.615,0,0,0,0.011,0,0.654,0.754,0.549,0.475,0
31/03/2015 07:00,51,39.9,37.8,47.3,36.3,47.2,0.563,0,0,0.035,0.1,0,0.74,0.762,0.405,0.586,0
31/03/2015 08:00,43.5,34.2,33.5,42.8,30.7,43.6,0.465,0,0,0.209,0.215,0,0.778,0.724,0.213,0.644,0.133
31/03/2015 09:00,30.5,25.3,24.5,36.2,23,36.9,0.308,0,0,0.396,0.327,0,0.764,0.637,0.029,0.649,0.342
31/03/2015 10:00,16.3,15.1,13.4,26.5,14.3,27.5,0.152,0,0,0.539,0.41,0,0.7,0.503,0,0.613,0.525
31/03/2015 11:00,3.2,4.8,3.2,13.6,6,15.9,0.026,0.033,0,0.63,0.446,0,0.59,0.317,0,0.545,0.657
31/03/2015 12:00,0,0.1,0,3.8,0.8,4.4,0,0.124,0,0.677,0.449,0.086,0.43,0.106,0,0.43,0.741
31/03/2015 13:00,0,0,0,0,0,0,0,0.203,0,0.672,0.403,0.281,0.206,0,0,0.285,0.773
31/03/2015 14:00,0,0,0,0,0,0,0,0.264,0,0.623,0.321,0.487,0.034,0,0,0.122,0.756
31/03/2015 15:00,0,0,0,0,0,0,0,0.302,0,0.522,0.205,0.572,0,0,0,0.002,0.682
31/03/2015 16:00,0,0,0,0,0,0,0,0.315,0,0.381,0.107,0.656,0,0,0,0,0.561
31/03/2015 17:00,0,0,0,0,0,0,0,0.288,0,0.207,0.02,0.69,0,0,0,0,0.387
31/03/2015 18:00,0,0,0,0,0,0,0,0.231,0.029,0.043,0,0.676,0,0,0,0,0.176
31/03/2015 19:00,0,0,0,0,0,0,0,0.157,0.207,0,0,0.614,0,0,0,0,0.007
31/03/2015 20:00,0,0,0,0,0,0,0,0.093,0.389,0,0,0.504,0,0,0,0,0
31/03/2015 21:00,0,0,0,0,0,0,0,0.037,0.536,0,0,0.349,0,0,0,0,0
31/03/2015 22:00,0,0,0,0,0,0,0,0,0.648,0,0,0.165,0,0,0.085,0,0
31/03/2015 23:00,0,0,0,0,0,0,0,0,0.679,0,0,0.014,0,0,0.289,0,0
01/04/2015 00:00,5.3,1.6,5,0,0.6,0,0.038,0,0.683,0,0,0,0,0,0.476,0,0
01/04/2015 01:00,20,13.2,17.4,2.8,6.2,4.1,0.19,0,0.66,0,0,0,0,0.023,0.613,0,0
01/04/2015 02:00,37.4,26.7,30.5,14.1,18.3,17.8,0.356,0,0.545,0,0,0,0,0.223,0.697,0,0
01/04/2015 03:00,49.6,36.6,39.3,26.9,29.1,30.6,0.476,0,0.414,0,0,0,0.069,0.435,0.735,0,0
01/04/2015 04:00,55.2,42.9,45,36,37.3,39.8,0.543,0,0.215,0,0,0,0.304,0.597,0.725,0.099,0
01/04/2015 05:00,52.7,46,47.2,41.9,42.5,45.5,0.575,0,0.045,0,0,0,0.514,0.7,0.668,0.294,0
01/04/2015 06:00,45.4,46.1,46.2,43.6,43.7,47.6,0.583,0,0,0,0.018,0,0.656,0.751,0.564,0.443,0
01/04/2015 07:00,35.9,43.4,42.6,43,41.9,47.1,0.547,0,0,0.035,0.135,0,0.745,0.758,0.41,0.535,0
01/04/2015 08:00,26.2,37.5,35.8,40.5,36.9,43.6,0.469,0,0,0.206,0.272,0,0.781,0.72,0.216,0.538,0.133
01/04/2015 09:00,18,27.9,25.9,34.4,28.4,37.4,0.347,0,0,0.388,0.357,0,0.762,0.627,0.03,0.43,0.349
01/04/2015 10:00,8.1,16.5,14,23.6,17.3,27.9,0.184,0,0,0.528,0.407,0,0.677,0.493,0,0.443,0.533
01/04/2015 11:00,1.6,5.7,3.2,11.8,7.1,16,0.038,0.053,0,0.618,0.445,0,0.556,0.31,0,0.432,0.665
01/04/2015 12:00,0,0.1,0,3.1,0.8,4.3,0,0.233,0,0.659,0.434,0.08,0.373,0.104,0,0.361,0.744
01/04/2015 13:00,0,0,0,0,0,0,0,0.4,0,0.655,0.399,0.277,0.162,0,0,0.253,0.773
01/04/2015 14:00,0,0,0,0,0,0,0,0.527,0,0.606,0.286,0.473,0.014,0,0,0.12,0.752
01/04/2015 15:00,0,0,0,0,0,0,0,0.602,0,0.517,0.174,0.605,0,0,0,0.002,0.683
01/04/2015 16:00,0,0,0,0,0,0,0,0.607,0,0.377,0.09,0.68,0,0,0,0,0.56
01/04/2015 17:00,0,0,0,0,0,0,0,0.565,0,0.203,0.015,0.711,0,0,0,0,0.387
01/04/2015 18:00,0,0,0,0,0,0,0,0.48,0.035,0.041,0,0.686,0,0,0,0,0.178
01/04/2015 19:00,0,0,0,0,0,0,0,0.361,0.243,0,0,0.62,0,0,0,0,0.007
01/04/2015 20:00,0,0,0,0,0,0,0,0.257,0.435,0,0,0.51,0,0,0,0,0
01/04/2015 21:00,0,0,0,0,0,0,0,0.123,0.587,0,0,0.347,0,0,0,0,0
01/04/2015 22:00,0,0,0,0,0,0,0,0.011,0.687,0,0,0.16,0,0,0.088,0,0
01/04/2015 23:00,0,0,0.1,0,0,0,0,0,0.722,0,0,0.011,0,0,0.291,0,0
02/04/2015 00:00,5.1,1.9,4.6,0,0.6,0,0.043,0,0.738,0,0,0,0,0,0.471,0,0
02/04/2015 01:00,18.7,13.3,17.2,3.2,7.3,3.9,0.2,0,0.693,0,0,0,0,0.024,0.604,0,0
02/04/2015 02:00,34.7,26.5,29.5,13.8,20.2,16.7,0.362,0,0.597,0,0,0,0,0.218,0.687,0,0
02/04/2015 03:00,46,36.3,38.2,24.9,31.7,29.4,0.506,0,0.443,0,0,0,0.054,0.423,0.723,0,0
02/04/2015 04:00,47.3,42.6,42.4,34.5,39.9,38.7,0.595,0,0.266,0,0,0,0.238,0.577,0.714,0.106,0
02/04/2015 05:00,45.4,45.3,44.6,40.4,44.6,44.5,0.64,0,0.056,0,0,0,0.41,0.673,0.66,0.297,0
02/04/2015 06:00,41.3,44.9,43,42.8,46.4,46.8,0.585,0,0,0,0.018,0,0.525,0.711,0.558,0.519,0
02/04/2015 07:00,33.6,42.1,39.3,42.5,45,46.3,0.501,0,0,0.021,0.144,0,0.651,0.716,0.406,0.583,0
02/04/2015 08:00,24.7,35.9,31.1,38.5,40.8,42.9,0.358,0,0,0.142,0.283,0,0.654,0.676,0.215,0.617,0.124
02/04/2015 09:00,16.8,26.9,21.6,30.9,32.9,36.3,0.267,0,0,0.281,0.392,0,0.647,0.573,0.03,0.583,0.327
02/04/2015 10:00,8,16.3,12.7,23,22.3,26.9,0.139,0,0,0.391,0.479,0,0.567,0.457,0,0.485,0.512
02/04/2015 11:00,1.7,5.6,3.2,12,10.3,15.3,0.027,0.021,0,0.462,0.534,0,0.458,0.267,0,0.43,0.644
02/04/2015 12:00,0,0.1,0,3.1,1.3,4.2,0,0.111,0,0.495,0.506,0.087,0.288,0.086,0,0.32,0.727
02/04/2015 13:00,0,0,0,0,0,0,0,0.18,0,0.483,0.439,0.299,0.106,0,0,0.207,0.759
02/04/2015 14:00,0,0,0,0,0,0,0,0.248,0,0.443,0.341,0.493,0.007,0,0,0.083,0.74
02/04/2015 15:00,0,0,0,0,0,0,0,0.339,0,0.376,0.208,0.62,0,0,0,0,0.661
02/04/2015 16:00,0,0,0,0,0,0,0,0.406,0,0.276,0.106,0.697,0,0,0,0,0.54
02/04/2015 17:00,0,0,0,0,0,0,0,0.425,0,0.16,0.017,0.722,0,0,0,0,0.367
02/04/2015 18:00,0,0,0,0,0,0,0,0.39,0.035,0.038,0,0.696,0,0,0,0,0.162
02/04/2015 19:00,0,0,0,0,0,0,0,0.316,0.251,0,0,0.631,0,0,0,0,0.007
02/04/2015 20:00,0,0,0,0,0,0,0,0.208,0.426,0,0,0.506,0,0,0,0,0
02/04/2015 21:00,0,0,0,0,0,0,0,0.094,0.598,0,0,0.294,0,0,0,0,0
02/04/2015 22:00,0,0,0,0,0,0,0,0.008,0.692,0,0,0.127,0,0,0.087,0,0
02/04/2015 23:00,0,0,0,0,0,0,0,0,0.745,0,0,0.009,0,0,0.284,0,0
03/04/2015 00:00,9.9,2,4.7,0,0.7,0,0.05,0,0.735,0,0,0,0,0,0.459,0,0
03/04/2015 01:00,29.7,13.9,17.2,2.2,7.8,4.3,0.225,0,0.669,0,0,0,0,0.023,0.591,0,0
03/04/2015 02:00,46,26.9,29.3,11.4,20.7,17.4,0.4,0,0.546,0,0,0,0,0.194,0.677,0,0
03/04/2015 03:00,58.6,36.6,37.8,22.8,31.6,30.3,0.545,0,0.371,0,0,0,0.025,0.393,0.716,0,0
03/04/2015 04:00,65,42.9,42.5,34.2,39.5,39.7,0.648,0,0.176,0,0,0,0.23,0.554,0.711,0.045,0
03/04/2015 05:00,66,45.9,44.2,40.7,44.4,45.3,0.693,0,0.026,0,0,0,0.473,0.657,0.659,0.178,0
03/04/2015 06:00,62.9,45.7,43.4,44.5,44.9,47.9,0.692,0,0,0,0.018,0,0.633,0.708,0.558,0.393,0
03/04/2015 07:00,56.1,42.8,39.9,42.9,43.4,47.4,0.634,0,0,0.019,0.14,0,0.73,0.712,0.404,0.538,0
03/04/2015 08:00,45.6,36.8,33.5,37.6,38.4,44,0.52,0,0,0.156,0.274,0,0.769,0.671,0.215,0.565,0.128
03/04/2015 09:00,32.5,28,23.6,29.3,30.4,36.9,0.382,0,0,0.364,0.384,0,0.733,0.577,0.029,0.567,0.33
03/04/2015 10:00,17.1,17,12.8,19.4,19.9,27.5,0.204,0,0,0.499,0.452,0,0.65,0.433,0,0.544,0.507
03/04/2015 11:00,3.7,5.8,3.1,9.6,8.5,15.8,0.04,0.036,0,0.574,0.501,0,0.517,0.229,0,0.475,0.622
03/04/2015 12:00,0,0.1,0,2.3,1.1,4.4,0,0.173,0,0.575,0.504,0.089,0.298,0.051,0,0.342,0.692
03/04/2015 13:00,0,0,0,0,0,0.1,0,0.322,0,0.558,0.471,0.284,0.114,0,0,0.228,0.723
03/04/2015 14:00,0,0,0,0,0,0,0,0.463,0,0.496,0.398,0.486,0.004,0,0,0.093,0.704
03/04/2015 15:00,0,0,0,0,0,0,0,0.524,0,0.444,0.294,0.621,0,0,0,0,0.649
03/04/2015 16:00,0,0,0,0,0,0,0,0.576,0,0.341,0.163,0.696,0,0,0,0,0.543
03/04/2015 17:00,0,0,0,0,0,0,0,0.586,0,0.183,0.035,0.723,0,0,0,0,0.377
03/04/2015 18:00,0,0,0,0,0,0,0,0.513,0.03,0.037,0,0.703,0,0,0,0,0.175
03/04/2015 19:00,0,0,0,0,0,0,0,0.425,0.221,0,0,0.638,0,0,0,0,0.007
03/04/2015 20:00,0,0,0,0,0,0,0,0.299,0.433,0,0,0.528,0,0,0,0,0
03/04/2015 21:00,0,0,0,0,0,0,0,0.145,0.583,0,0,0.356,0,0,0,0,0
03/04/2015 22:00,0,0,0,0,0,0,0,0.015,0.679,0,0,0.188,0,0,0.086,0,0
03/04/2015 23:00,0,0,0.1,0,0,0,0,0,0.723,0,0,0.016,0,0,0.282,0,0
04/04/2015 00:00,7.6,1.7,4.4,0,0.8,0,0.047,0,0.723,0,0,0,0,0,0.458,0,0
04/04/2015 01:00,27.1,12.9,16,2.9,7.1,3.5,0.214,0,0.689,0,0,0,0,0.014,0.588,0,0
04/04/2015 02:00,45.8,25.8,27.8,14.1,18.7,13.4,0.404,0,0.582,0,0,0,0,0.106,0.658,0,0
04/04/2015 03:00,58.3,35.7,36.7,27.3,29.3,24.9,0.509,0,0.439,0,0,0,0.014,0.206,0.698,0,0
04/04/2015 04:00,65.6,41.8,42.3,37.7,37.3,34.4,0.603,0,0.255,0,0,0,0.126,0.347,0.703,0.118,0
04/04/2015 05:00,68.1,44.4,44.4,44.2,42.4,40.8,0.646,0,0.056,0,0,0,0.317,0.499,0.655,0.355,0
04/04/2015 06:00,62.9,44.1,43.2,47.2,44.4,43.5,0.645,0,0,0,0.012,0,0.522,0.59,0.556,0.504,0
04/04/2015 07:00,50.2,41.2,39.4,46.8,42.5,43.2,0.589,0,0,0.024,0.129,0,0.692,0.647,0.406,0.607,0
04/04/2015 08:00,34.4,35.5,33.3,43.3,36.9,40,0.471,0,0,0.16,0.274,0,0.762,0.631,0.215,0.646,0.132
04/04/2015 09:00,22.2,26.4,24.2,36.2,29,33.9,0.308,0,0,0.332,0.397,0,0.754,0.526,0.03,0.618,0.345
04/04/2015 10:00,11.2,16.1,13,26.7,20.3,24.9,0.132,0,0,0.474,0.474,0,0.69,0.399,0,0.543,0.502
04/04/2015 11:00,2.5,5.6,3.2,15.1,9.6,13.8,0.027,0.031,0,0.572,0.52,0,0.566,0.243,0,0.491,0.637
04/04/2015 12:00,0,0.1,0,4.3,1.4,3.6,0,0.154,0,0.646,0.537,0.097,0.401,0.081,0,0.345,0.73
04/04/2015 13:00,0,0,0,0,0,0,0,0.295,0,0.61,0.498,0.309,0.155,0,0,0.242,0.749
04/04/2015 14:00,0,0,0,0,0,0,0,0.44,0,0.556,0.412,0.493,0.01,0,0,0.11,0.732
04/04/2015 15:00,0,0,0,0,0,0,0,0.523,0,0.484,0.305,0.621,0,0,0,0.001,0.672
04/04/2015 16:00,0,0,0,0,0,0,0,0.576,0,0.383,0.166,0.695,0,0,0,0,0.531
04/04/2015 17:00,0,0,0,0,0,0,0,0.58,0,0.211,0.031,0.712,0,0,0,0,0.313
04/04/2015 18:00,0,0,0,0,0,0,0,0.538,0.017,0.046,0,0.677,0,0,0,0,0.132
04/04/2015 19:00,0,0,0,0,0,0,0,0.446,0.165,0,0,0.599,0,0,0,0,0.007
04/04/2015 20:00,0,0,0,0,0,0,0,0.318,0.36,0,0,0.392,0,0,0,0,0
04/04/2015 21:00,0,0,0,0,0,0,0,0.159,0.544,0,0,0.262,0,0,0,0,0
04/04/2015 22:00,0,0,0,0,0,0,0,0.018,0.66,0,0,0.125,0,0,0.086,0,0
04/04/2015 23:00,0,0,0,0,0,0,0,0,0.715,0,0,0.011,0,0,0.282,0,0
05/04/2015 00:00,7,1.5,3.8,0,0.8,0,0.046,0,0.723,0,0,0,0,0,0.459,0,0
05/04/2015 01:00,22.3,11.6,13.5,4.4,7.1,3.5,0.208,0,0.676,0,0,0,0,0.019,0.59,0,0
05/04/2015 02:00,34.2,24.4,24.2,17.8,18.4,14.3,0.374,0,0.592,0,0,0,0,0.16,0.674,0,0
05/04/2015 03:00,43.5,32.8,31.3,30.6,28.6,26.4,0.504,0,0.441,0,0,0,0.042,0.296,0.71,0,0
05/04/2015 04:00,45.6,39.4,36.8,40,36.3,36,0.591,0,0.245,0,0,0,0.227,0.416,0.7,0.118,0
05/04/2015 05:00,50.8,42.6,39.2,46,41.5,42.2,0.641,0,0.045,0,0,0,0.449,0.516,0.644,0.363,0
05/04/2015 06:00,51.1,43,37.8,49,43.3,45.3,0.619,0,0,0,0,0,0.583,0.609,0.542,0.541,0
05/04/2015 07:00,47.9,40.2,33.3,48.5,42,44.8,0.573,0,0,0.037,0.05,0,0.627,0.628,0.392,0.661,0
05/04/2015 08:00,40.3,34.7,27.8,44.8,37.5,41.3,0.486,0,0,0.202,0.117,0,0.661,0.627,0.206,0.73,0.101
05/04/2015 09:00,28.5,26.7,21.4,37.8,30,34.6,0.352,0,0,0.381,0.243,0,0.672,0.567,0.028,0.753,0.288
05/04/2015 10:00,15,16,12.1,28,20.1,25.3,0.174,0,0,0.526,0.354,0,0.6,0.44,0,0.733,0.481
05/04/2015 11:00,3.3,5.6,3.2,16.1,9.2,14.1,0.037,0.03,0,0.617,0.428,0,0.439,0.271,0,0.663,0.627
05/04/2015 12:00,0,0.1,0,4.5,1.4,3.9,0,0.132,0,0.657,0.389,0.099,0.182,0.092,0,0.546,0.703
05/04/2015 13:00,0,0,0,0,0,0.1,0,0.26,0,0.653,0.343,0.316,0.037,0,0,0.39,0.734
05/04/2015 14:00,0,0,0,0,0,0,0,0.391,0,0.605,0.282,0.497,0,0,0,0.19,0.725
05/04/2015 15:00,0,0,0,0,0,0,0,0.466,0,0.526,0.217,0.62,0,0,0,0.004,0.663
05/04/2015 16:00,0,0,0,0,0,0,0,0.528,0,0.386,0.124,0.695,0,0,0,0,0.543
05/04/2015 17:00,0,0,0,0,0,0,0,0.526,0,0.201,0.026,0.72,0,0,0,0,0.365
05/04/2015 18:00,0,0,0,0,0,0,0,0.466,0.012,0.043,0,0.699,0,0,0,0,0.153
05/04/2015 19:00,0,0,0,0,0,0,0,0.377,0.126,0,0,0.629,0,0,0,0,0.006
05/04/2015 20:00,0,0,0,0,0,0,0,0.264,0.273,0,0,0.502,0,0,0,0,0
05/04/2015 21:00,0,0,0,0,0,0,0,0.128,0.425,0,0,0.299,0,0,0,0,0
05/04/2015 22:00,0,0,0,0,0,0,0,0.013,0.519,0,0,0.156,0,0,0.078,0,0
05/04/2015 23:00,0,0,0,0,0,0,0,0,0.549,0,0,0.014,0,0,0.259,0,0
06/04/2015 00:00,8.9,1.6,3,0,0.8,0,0.022,0,0.519,0,0,0,0,0,0.418,0,0
06/04/2015 01:00,28.7,11.6,12,4.4,7.4,3.1,0.115,0,0.442,0,0,0,0,0.028,0.537,0,0
06/04/2015 02:00,47.3,23.9,22.6,17.2,19.5,14.5,0.24,0,0.323,0,0,0,0,0.21,0.607,0,0
06/04/2015 03:00,59.3,34,32.4,29.5,30.5,26.9,0.348,0,0.208,0,0,0,0.002,0.41,0.635,0,0
06/04/2015 04:00,66.2,40.8,39.7,38.9,38.6,36.4,0.451,0,0.091,0,0,0,0.077,0.562,0.621,0.121,0
06/04/2015 05:00,65,44.3,41.3,45,43.4,42.2,0.474,0,0.008,0,0,0,0.246,0.665,0.591,0.336,0
06/04/2015 06:00,59.6,45.2,41.8,46.8,45,44,0.48,0,0,0,0.021,0,0.416,0.693,0.509,0.523,0
06/04/2015 07:00,51.8,42.3,39.7,46.2,43.7,43.5,0.433,0,0,0.035,0.128,0,0.594,0.702,0.37,0.642,0
06/04/2015 08:00,40.1,36,33.7,42.4,39.2,39.9,0.361,0,0,0.18,0.215,0,0.695,0.666,0.188,0.709,0.126
06/04/2015 09:00,28.6,25.9,23.6,35.3,32.1,34.5,0.27,0,0,0.354,0.297,0,0.71,0.577,0.026,0.725,0.327
06/04/2015 10:00,14.2,15.2,13,25.8,21.8,25.2,0.149,0,0,0.502,0.387,0,0.666,0.447,0,0.705,0.504
06/04/2015 11:00,3.5,5.1,3.2,14.3,10.1,14.1,0.034,0.021,0,0.6,0.461,0,0.569,0.265,0,0.645,0.621
06/04/2015 12:00,0,0.1,0,4.1,1.4,4,0,0.118,0,0.664,0.484,0.099,0.387,0.083,0,0.534,0.694
06/04/2015 13:00,0,0,0,0,0,0.1,0,0.242,0,0.667,0.454,0.306,0.154,0,0,0.381,0.719
06/04/2015 14:00,0,0,0,0,0,0,0,0.392,0,0.627,0.367,0.494,0.012,0,0,0.187,0.696
06/04/2015 15:00,0,0,0,0,0,0,0,0.476,0,0.531,0.227,0.622,0,0,0,0.003,0.618
06/04/2015 16:00,0,0,0,0,0,0,0,0.55,0,0.394,0.108,0.693,0,0,0,0,0.496
06/04/2015 17:00,0,0,0,0,0,0,0,0.553,0,0.218,0.018,0.717,0,0,0,0,0.36
06/04/2015 18:00,0,0,0,0,0,0,0,0.483,0.001,0.05,0,0.692,0,0,0,0,0.172
06/04/2015 19:00,0,0,0,0,0,0,0,0.4,0.058,0,0,0.629,0,0,0,0,0.007
06/04/2015 20:00,0,0,0,0,0,0,0,0.273,0.135,0,0,0.503,0,0,0,0,0
06/04/2015 21:00,0,0,0,0,0,0,0,0.129,0.214,0,0,0.285,0,0,0,0,0
06/04/2015 22:00,0,0,0,0,0,0,0,0.011,0.272,0,0,0.147,0,0,0.077,0,0
06/04/2015 23:00,0,0,0.1,0,0,0,0,0,0.3,0,0,0.015,0,0,0.26,0,0
07/04/2015 00:00,7.3,1.7,5,0,0.7,0,0.013,0,0.296,0,0,0,0,0,0.428,0,0
07/04/2015 01:00,25.7,11.4,15.8,3.2,6.4,3.6,0.086,0,0.266,0,0,0,0,0.027,0.555,0,0
07/04/2015 02:00,43.8,23.5,26.8,14.6,16.7,15.2,0.215,0,0.212,0,0,0,0,0.173,0.643,0,0
07/04/2015 03:00,55.5,32.9,34.9,27.1,26.1,27.5,0.406,0,0.149,0,0,0,0.043,0.304,0.683,0,0
07/04/2015 04:00,62.4,39.4,40.6,37,32.9,36.8,0.464,0,0.07,0,0,0,0.22,0.41,0.678,0.119,0
07/04/2015 05:00,63.9,43,44.4,43.7,37.1,42.6,0.473,0,0.006,0,0,0,0.387,0.483,0.626,0.351,0
07/04/2015 06:00,61,43.5,43.3,47.2,38.7,45.3,0.466,0,0,0,0.014,0,0.479,0.49,0.522,0.537,0
07/04/2015 07:00,53.9,40.8,40,46.3,37.9,44.9,0.425,0,0,0.041,0.107,0,0.596,0.446,0.372,0.657,0
07/04/2015 08:00,42.1,34.7,33.3,42.4,34.2,41.4,0.354,0,0,0.215,0.21,0,0.671,0.394,0.186,0.725,0.082
07/04/2015 09:00,28.4,25.3,24.1,35,27.2,33.3,0.276,0,0,0.394,0.302,0,0.714,0.408,0.026,0.749,0.233
07/04/2015 10:00,15.5,14.9,12.9,25.7,18.1,23.8,0.153,0,0,0.533,0.352,0,0.695,0.398,0,0.732,0.391
07/04/2015 11:00,3.8,5,3.2,14.6,8,13,0.039,0.018,0,0.622,0.351,0,0.607,0.258,0,0.669,0.544
07/04/2015 12:00,0,0.1,0,4.3,1.2,3.6,0,0.108,0,0.651,0.349,0.093,0.455,0.093,0,0.56,0.667
07/04/2015 13:00,0,0,0,0,0,0.1,0,0.208,0,0.648,0.301,0.309,0.251,0,0,0.4,0.695
07/04/2015 14:00,0,0,0,0,0,0,0,0.327,0,0.579,0.236,0.493,0.031,0,0,0.193,0.674
07/04/2015 15:00,0,0,0,0,0,0,0,0.462,0,0.451,0.125,0.616,0,0,0,0.005,0.617
07/04/2015 16:00,0,0,0,0,0,0,0,0.559,0,0.326,0.058,0.691,0,0,0,0,0.51
07/04/2015 17:00,0,0,0,0,0,0,0,0.573,0,0.176,0.007,0.714,0,0,0,0,0.339
07/04/2015 18:00,0,0,0,0,0,0,0,0.526,0.004,0.037,0,0.688,0,0,0,0,0.146
07/04/2015 19:00,0,0,0,0,0,0,0,0.44,0.096,0,0,0.616,0,0,0,0,0.007
07/04/2015 20:00,0,0,0,0,0,0,0,0.311,0.215,0,0,0.497,0,0,0,0,0
07/04/2015 21:00,0,0,0,0,0,0,0,0.151,0.356,0,0,0.31,0,0,0,0,0
07/04/2015 22:00,0,0,0,0,0,0,0,0.015,0.489,0,0,0.125,0,0,0.06,0,0
07/04/2015 23:00,0,0,0.1,0,0,0,0,0,0.553,0,0,0.009,0,0,0.213,0,0
08/04/2015 00:00,6.5,1.7,5,0,0.8,0,0.046,0,0.526,0,0,0,0,0,0.38,0,0
08/04/2015 01:00,26.7,11.5,16.2,4.7,6,3.2,0.192,0,0.47,0,0,0,0,0.029,0.521,0,0
08/04/2015 02:00,44.4,23.2,27.1,18.3,15.8,13.9,0.344,0,0.402,0,0,0,0,0.205,0.616,0,0
08/04/2015 03:00,56.5,32.6,35.1,31.1,24.6,25.6,0.455,0,0.26,0,0,0,0.077,0.402,0.667,0,0
08/04/2015 04:00,63.1,39.6,40.1,40.4,31.5,35,0.532,0,0.114,0,0,0,0.315,0.554,0.665,0.079,0
08/04/2015 05:00,64.1,43.5,42.4,46.1,36,41.1,0.574,0,0.01,0,0,0,0.509,0.655,0.608,0.23,0
08/04/2015 06:00,61.2,44.5,42.8,48.7,37.6,43.7,0.568,0,0,0,0.006,0,0.639,0.705,0.497,0.334,0
08/04/2015 07:00,53.3,41.7,39.2,48.1,36.4,43.1,0.535,0,0,0.041,0.073,0,0.719,0.713,0.338,0.405,0
08/04/2015 08:00,43.3,35.3,33.7,44.6,32.4,39.5,0.459,0,0,0.208,0.148,0,0.757,0.677,0.172,0.441,0.116
08/04/2015 09:00,31.2,26.2,24.5,37.9,26,33.2,0.339,0,0,0.352,0.212,0,0.756,0.589,0.023,0.448,0.312
08/04/2015 10:00,16.5,15.7,13.8,28.3,16.7,24.2,0.162,0,0,0.471,0.271,0,0.699,0.458,0,0.427,0.496
08/04/2015 11:00,3.6,5.6,3.7,16.2,7.2,13.3,0.031,0.04,0,0.611,0.323,0,0.598,0.284,0,0.355,0.628
08/04/2015 12:00,0,0.2,0,4.6,1,3.7,0,0.182,0,0.658,0.402,0.084,0.442,0.099,0,0.253,0.71
08/04/2015 13:00,0,0,0,0.1,0,0.1,0,0.322,0,0.655,0.423,0.285,0.235,0,0,0.17,0.738
08/04/2015 14:00,0,0,0,0,0,0,0,0.435,0,0.608,0.352,0.469,0.024,0,0,0.064,0.714
08/04/2015 15:00,0,0,0,0,0,0,0,0.489,0,0.511,0.222,0.597,0,0,0,0,0.644
08/04/2015 16:00,0,0,0,0,0,0,0,0.515,0,0.375,0.109,0.671,0,0,0,0,0.522
08/04/2015 17:00,0,0,0,0,0,0,0,0.508,0,0.208,0.021,0.667,0,0,0,0,0.356
08/04/2015 18:00,0,0,0,0,0,0,0,0.398,0,0.047,0,0.612,0,0,0,0,0.154
08/04/2015 19:00,0,0,0,0,0,0,0,0.351,0.036,0,0,0.549,0,0,0,0,0.007
08/04/2015 20:00,0,0,0,0,0,0,0,0.242,0.091,0,0,0.408,0,0,0,0,0
08/04/2015 21:00,0,0,0,0,0,0,0,0.104,0.148,0,0,0.272,0,0,0,0,0
08/04/2015 22:00,0,0,0,0,0,0,0,0.008,0.199,0,0,0.119,0,0,0.063,0,0
08/04/2015 23:00,0,0,0.1,0,0,0,0,0,0.224,0,0,0.009,0,0,0.197,0,0
09/04/2015 00:00,9.5,1.9,5.4,0,0.5,0,0.027,0,0.221,0,0,0,0,0,0.312,0,0
09/04/2015 01:00,28.2,11.9,17.4,5.4,5.4,3.3,0.183,0,0.203,0,0,0,0,0.03,0.388,0,0
09/04/2015 02:00,43.1,23.9,28.7,19.6,15.1,14.7,0.352,0,0.16,0,0,0,0,0.197,0.416,0,0
09/04/2015 03:00,52.6,33.9,37.1,32.3,24.4,26.9,0.465,0,0.107,0,0,0,0.077,0.383,0.429,0,0
09/04/2015 04:00,57.7,41.2,42.6,41.3,31.5,36.2,0.547,0,0.047,0,0,0,0.309,0.528,0.417,0.049,0
09/04/2015 05:00,60,44.6,45,47,35.8,42.1,0.565,0,0,0,0,0,0.512,0.622,0.373,0.153,0
09/04/2015 06:00,58.4,45,44.6,49.7,38.2,45.2,0.54,0,0,0,0.023,0,0.656,0.63,0.301,0.324,0
09/04/2015 07:00,51,41.9,41,49,37.7,44.8,0.532,0,0,0.041,0.161,0,0.742,0.582,0.194,0.531,0
09/04/2015 08:00,37.7,36,35,45.3,34.5,40.9,0.474,0,0,0.216,0.314,0,0.781,0.451,0.091,0.614,0.086
09/04/2015 09:00,25,27.2,26,38.4,28.3,33.8,0.371,0,0,0.395,0.408,0,0.774,0.309,0.009,0.648,0.241
09/04/2015 10:00,13.1,16.9,14.9,28.6,19.6,24.4,0.211,0,0,0.533,0.452,0,0.721,0.22,0,0.66,0.437
09/04/2015 11:00,3.9,6,4.1,16.4,9.4,13.8,0.051,0.006,0,0.623,0.462,0,0.621,0.188,0,0.585,0.609
09/04/2015 12:00,0,0.2,0,4.6,1.4,4.1,0,0.052,0,0.665,0.493,0.048,0.452,0.082,0,0.445,0.714
09/04/2015 13:00,0,0,0,0.1,0,0.1,0,0.126,0,0.663,0.465,0.166,0.159,0,0,0.262,0.746
09/04/2015 14:00,0,0,0,0,0,0,0,0.191,0,0.616,0.376,0.294,0.018,0,0,0.124,0.725
09/04/2015 15:00,0,0,0,0,0,0,0,0.251,0,0.532,0.247,0.355,0,0,0,0.002,0.64
09/04/2015 16:00,0,0,0,0,0,0,0,0.279,0,0.398,0.123,0.38,0,0,0,0,0.514
09/04/2015 17:00,0,0,0,0,0,0,0,0.283,0,0.224,0.023,0.386,0,0,0,0,0.337
09/04/2015 18:00,0,0,0,0,0,0,0,0.285,0.001,0.052,0,0.336,0,0,0,0,0.141
09/04/2015 19:00,0,0,0,0,0,0,0,0.263,0.067,0,0,0.25,0,0,0,0,0.005
09/04/2015 20:00,0,0,0,0,0,0,0,0.233,0.171,0,0,0.193,0,0,0,0,0
09/04/2015 21:00,0,0,0,0,0,0,0,0.135,0.297,0,0,0.141,0,0,0,0,0
09/04/2015 22:00,0,0,0,0,0,0,0,0.016,0.395,0,0,0.08,0,0,0.05,0,0
09/04/2015 23:00,0,0,0.1,0,0,0,0,0,0.415,0,0,0.004,0,0,0.182,0,0
10/04/2015 00:00,10.5,2.6,6.3,0,0.5,0,0.051,0,0.411,0,0,0,0,0,0.329,0,0
10/04/2015 01:00,30,14.7,19.9,5.2,5.9,3.7,0.205,0,0.37,0,0,0,0,0.028,0.482,0,0
10/04/2015 02:00,46.7,27.5,32,19,16.6,15,0.377,0,0.306,0,0,0,0,0.194,0.574,0,0
10/04/2015 03:00,58.5,37.1,40.6,31.5,26.2,26.8,0.507,0,0.231,0,0,0,0.013,0.386,0.619,0,0
10/04/2015 04:00,65.5,43.3,45.9,40.2,34,36,0.602,0,0.13,0,0,0,0.135,0.532,0.623,0.104,0
10/04/2015 05:00,67.3,46.4,48.1,45.7,39.3,42.1,0.642,0,0.02,0,0,0,0.328,0.634,0.573,0.336,0
10/04/2015 06:00,64.2,46.4,47.5,48.3,41.3,44.8,0.644,0,0,0,0.029,0,0.512,0.699,0.486,0.495,0
10/04/2015 07:00,55.9,43.4,43.8,47.3,40.3,43.7,0.591,0,0,0.043,0.179,0,0.601,0.708,0.354,0.608,0
10/04/2015 08:00,43.7,37.2,37.1,43.3,35.6,39.1,0.503,0,0,0.221,0.323,0,0.625,0.672,0.185,0.687,0.118
10/04/2015 09:00,29.7,27.6,27.2,36.3,28.3,31.4,0.38,0,0,0.401,0.442,0,0.648,0.578,0.027,0.718,0.315
10/04/2015 10:00,15.1,16.9,15.4,26.9,18.2,23.1,0.219,0,0,0.538,0.521,0,0.667,0.452,0,0.704,0.494
10/04/2015 11:00,4,6,4.2,15.5,8.1,13.3,0.053,0.049,0,0.626,0.554,0,0.578,0.279,0,0.637,0.625
10/04/2015 12:00,0,0.2,0,4.5,1,4.1,0,0.133,0,0.661,0.54,0.069,0.438,0.096,0,0.508,0.706
10/04/2015 13:00,0,0,0,0.1,0,0.1,0,0.184,0,0.658,0.474,0.222,0.226,0,0,0.351,0.735
10/04/2015 14:00,0,0,0,0,0,0,0,0.255,0,0.61,0.373,0.377,0.021,0,0,0.12,0.715
10/04/2015 15:00,0,0,0,0,0,0,0,0.315,0,0.514,0.242,0.507,0,0,0,0,0.65
10/04/2015 16:00,0,0,0,0,0,0,0,0.361,0,0.377,0.124,0.596,0,0,0,0,0.529
10/04/2015 17:00,0,0,0,0,0,0,0,0.379,0,0.21,0.026,0.641,0,0,0,0,0.36
10/04/2015 18:00,0,0,0,0,0,0,0,0.382,0.02,0.049,0,0.653,0,0,0,0,0.161
10/04/2015 19:00,0,0,0,0,0,0,0,0.305,0.205,0,0,0.617,0,0,0,0,0.007
10/04/2015 20:00,0,0,0,0,0,0,0,0.203,0.402,0,0,0.523,0,0,0,0,0
10/04/2015 21:00,0,0,0,0,0,0,0,0.097,0.544,0,0,0.368,0,0,0,0,0
10/04/2015 22:00,0,0,0,0,0,0,0,0.007,0.656,0,0,0.183,0,0,0.061,0,0
10/04/2015 23:00,0,0,0.1,0,0,0,0,0,0.712,0,0,0.017,0,0,0.202,0,0
11/04/2015 00:00,8.4,2.4,6.1,0,0.7,0,0.058,0,0.718,0,0,0,0,0,0.35,0,0
11/04/2015 01:00,25.7,13.8,18.9,4.7,5.9,3.2,0.228,0,0.667,0,0,0,0,0.028,0.479,0,0
11/04/2015 02:00,41.7,26.2,30.6,17.6,15.4,13.6,0.403,0,0.57,0,0,0,0,0.172,0.564,0,0
11/04/2015 03:00,52.7,35.7,39.1,29.6,23.7,24.5,0.538,0,0.423,0,0,0,0.081,0.329,0.603,0,0
11/04/2015 04:00,57.9,41.9,44.4,37.9,30.7,33.5,0.627,0,0.225,0,0,0,0.324,0.481,0.607,0.089,0
11/04/2015 05:00,56.9,45,46.6,42.5,34.9,39.2,0.661,0,0.04,0,0,0,0.523,0.605,0.566,0.301,0
11/04/2015 06:00,51.8,43.1,44.9,43.9,36.4,41.3,0.645,0,0,0,0.011,0,0.661,0.636,0.477,0.444,0
11/04/2015 07:00,45.6,39.3,40.7,42.7,35.5,40.7,0.593,0,0,0.042,0.085,0,0.749,0.642,0.342,0.501,0
11/04/2015 08:00,35.5,32.3,33.9,36.9,31.4,36.6,0.486,0,0,0.215,0.171,0,0.788,0.543,0.177,0.488,0.116
11/04/2015 09:00,24.8,23.3,23.8,29.3,25.2,29.8,0.355,0,0,0.393,0.237,0,0.77,0.429,0.025,0.381,0.31
11/04/2015 10:00,13.4,13.6,12.6,21.2,16.8,21.3,0.181,0,0,0.529,0.272,0,0.709,0.306,0,0.34,0.487
11/04/2015 11:00,3.4,4.9,3.3,11.9,7.8,11.9,0.042,0.019,0,0.617,0.272,0,0.613,0.149,0,0.216,0.617
11/04/2015 12:00,0,0.1,0,3.4,1.1,3.6,0,0.101,0,0.669,0.261,0.086,0.468,0.029,0,0.163,0.704
11/04/2015 13:00,0,0,0,0,0,0.1,0,0.194,0,0.667,0.241,0.26,0.26,0,0,0.123,0.734
11/04/2015 14:00,0,0,0,0,0,0,0,0.237,0,0.622,0.202,0.461,0.028,0,0,0.059,0.715
11/04/2015 15:00,0,0,0,0,0,0,0,0.241,0,0.528,0.165,0.586,0,0,0,0,0.644
11/04/2015 16:00,0,0,0,0,0,0,0,0.258,0,0.388,0.088,0.662,0,0,0,0,0.524
11/04/2015 17:00,0,0,0,0,0,0,0,0.26,0,0.214,0.016,0.681,0,0,0,0,0.356
11/04/2015 18:00,0,0,0,0,0,0,0,0.26,0.004,0.049,0,0.664,0,0,0,0,0.16
11/04/2015 19:00,0,0,0,0,0,0,0,0.243,0.084,0,0,0.599,0,0,0,0,0.007
11/04/2015 20:00,0,0,0,0,0,0,0,0.183,0.174,0,0,0.477,0,0,0,0,0
11/04/2015 21:00,0,0,0,0,0,0,0,0.086,0.25,0,0,0.304,0,0,0,0,0
11/04/2015 22:00,0,0,0,0,0,0,0,0.007,0.318,0,0,0.131,0,0,0.046,0,0
11/04/2015 23:00,0,0,0.1,0,0,0,0,0,0.367,0,0,0.011,0,0,0.167,0,0
12/04/2015 00:00,8.5,1.2,3.5,0,0.6,0,0.055,0,0.429,0,0,0,0,0,0.303,0,0
12/04/2015 01:00,25.5,6.8,11.8,3.6,4.9,2.9,0.21,0,0.452,0,0,0,0,0.025,0.404,0,0
12/04/2015 02:00,40.7,14.3,21.4,14.3,13,13,0.363,0,0.375,0,0,0,0,0.159,0.486,0,0
12/04/2015 03:00,51.2,21.6,28.4,25.1,20.9,23.8,0.488,0,0.233,0,0,0,0.062,0.345,0.542,0,0
12/04/2015 04:00,57.4,26.9,32.9,32.9,27.1,32.9,0.56,0,0.098,0,0,0,0.287,0.497,0.555,0.059,0
12/04/2015 05:00,59.4,29,34.9,38.2,30.9,38.7,0.578,0,0.007,0,0,0,0.498,0.607,0.531,0.225,0
12/04/2015 06:00,55,27.5,34.2,40.6,33,41.6,0.567,0,0,0,0.025,0,0.655,0.665,0.449,0.494,0
12/04/2015 07:00,48.4,24.6,29.8,37.5,32.2,40.8,0.544,0,0,0.041,0.156,0,0.745,0.639,0.319,0.645,0
12/04/2015 08:00,37.4,20,22.5,31.7,28.6,36.3,0.443,0,0,0.2,0.298,0,0.781,0.571,0.155,0.723,0.128
12/04/2015 09:00,23.7,13.4,16.1,25.9,22.2,29.2,0.331,0,0,0.355,0.418,0,0.72,0.449,0.021,0.744,0.338
12/04/2015 10:00,11.3,7.5,8.5,20.2,14.9,20.9,0.185,0,0,0.482,0.467,0,0.322,0.305,0,0.713,0.522
12/04/2015 11:00,2.5,2.6,1.9,12.3,7.2,11.8,0.041,0.023,0,0.585,0.468,0,0.186,0.169,0,0.628,0.655
12/04/2015 12:00,0,0.1,0,4.1,1.1,3.6,0,0.109,0,0.657,0.478,0.064,0.113,0.06,0,0.494,0.735
12/04/2015 13:00,0,0,0,0.1,0,0.1,0,0.201,0,0.656,0.46,0.229,0.067,0,0,0.339,0.765
12/04/2015 14:00,0,0,0,0,0,0,0,0.294,0,0.611,0.396,0.433,0.01,0,0,0.152,0.745
12/04/2015 15:00,0,0,0,0,0,0,0,0.369,0,0.517,0.279,0.566,0,0,0,0.003,0.671
12/04/2015 16:00,0,0,0,0,0,0,0,0.424,0,0.382,0.161,0.65,0,0,0,0,0.55
12/04/2015 17:00,0,0,0,0,0,0,0,0.439,0,0.212,0.039,0.68,0,0,0,0,0.378
12/04/2015 18:00,0,0,0,0,0,0,0,0.359,0,0.049,0,0.653,0,0,0,0,0.167
12/04/2015 19:00,0,0,0,0,0,0,0,0.261,0.042,0,0,0.59,0,0,0,0,0.006
12/04/2015 20:00,0,0,0,0,0,0,0,0.154,0.097,0,0,0.474,0,0,0,0,0
12/04/2015 21:00,0,0,0,0,0,0,0,0.054,0.153,0,0,0.307,0,0,0,0,0
12/04/2015 22:00,0,0,0,0,0,0,0,0,0.199,0,0,0.133,0,0,0.064,0,0
12/04/2015 23:00,0,0,0,0,0,0,0,0,0.223,0,0,0.012,0,0,0.219,0,0
13/04/2015 00:00,1.6,0.6,1.2,0,0.4,0.1,0.063,0,0.221,0,0,0,0,0,0.374,0,0
13/04/2015 01:00,6.9,4.4,4.6,4.5,3.4,3.7,0.234,0,0.211,0,0,0,0,0.032,0.497,0,0
13/04/2015 02:00,14.2,10.8,9.6,16.8,9.5,15.2,0.407,0,0.189,0,0,0,0,0.19,0.594,0,0
13/04/2015 03:00,22.7,18.8,15.5,28.6,16.7,26.7,0.525,0,0.142,0,0,0,0.034,0.374,0.638,0,0
13/04/2015 04:00,28.1,24.7,20.2,37.5,23.7,35.3,0.613,0,0.064,0,0,0,0.256,0.525,0.635,0.117,0
13/04/2015 05:00,29.4,28.2,22.3,43,27.7,40.6,0.651,0,0.003,0,0,0,0.489,0.616,0.586,0.363,0
13/04/2015 06:00,29.4,28.7,21.5,45.2,29.1,42,0.641,0,0,0,0.025,0,0.649,0.641,0.487,0.516,0
13/04/2015 07:00,27.3,24.8,20.1,44.6,28.4,40.8,0.591,0,0,0.043,0.153,0,0.739,0.608,0.346,0.597,0
13/04/2015 08:00,22.7,18.9,16.1,40.9,25.6,36.8,0.498,0,0,0.223,0.293,0,0.773,0.558,0.179,0.639,0.109
13/04/2015 09:00,17.2,13,10.5,34.4,21.2,30.8,0.365,0,0,0.408,0.404,0,0.757,0.431,0.026,0.665,0.327
13/04/2015 10:00,11.1,8.3,5.9,25.4,14.7,22.3,0.203,0,0,0.547,0.472,0,0.711,0.3,0,0.644,0.465
13/04/2015 11:00,3.2,3.2,1.7,14.5,7.2,12.7,0.05,0.014,0,0.638,0.51,0,0.616,0.179,0,0.588,0.602
13/04/2015 12:00,0,0.1,0,4.5,1.2,3.9,0,0.083,0,0.691,0.551,0.079,0.457,0.067,0,0.482,0.694
13/04/2015 13:00,0,0,0,0.1,0,0.1,0,0.165,0,0.688,0.545,0.272,0.187,0,0,0.322,0.703
13/04/2015 14:00,0,0,0,0,0,0,0,0.248,0,0.641,0.423,0.448,0.012,0,0,0.141,0.605
13/04/2015 15:00,0,0,0,0,0,0,0,0.349,0,0.547,0.236,0.578,0,0,0,0.002,0.477
13/04/2015 16:00,0,0,0,0,0,0,0,0.426,0,0.409,0.13,0.657,0,0,0,0,0.376
13/04/2015 17:00,0,0,0,0,0,0,0,0.434,0,0.231,0.031,0.684,0,0,0,0,0.284
13/04/2015 18:00,0,0,0,0,0,0,0,0.364,0.001,0.052,0,0.671,0,0,0,0,0.146
13/04/2015 19:00,0,0,0,0,0,0,0,0.256,0.084,0,0,0.606,0,0,0,0,0.008
13/04/2015 20:00,0,0,0,0,0,0,0,0.152,0.202,0,0,0.495,0,0,0,0,0
13/04/2015 21:00,0,0,0,0,0,0,0,0.063,0.299,0,0,0.344,0,0,0,0,0
13/04/2015 22:00,0,0,0,0,0,0,0,0.003,0.336,0,0,0.151,0,0,0.086,0,0
13/04/2015 23:00,0,0,0.1,0,0,0,0,0,0.329,0,0,0.015,0,0,0.277,0,0
14/04/2015 00:00,3.6,1,3.1,0,0.3,0,0.057,0,0.318,0,0,0,0,0,0.451,0,0
14/04/2015 01:00,12.2,7,10.6,4.5,5.9,4,0.218,0,0.283,0,0,0,0,0.032,0.582,0,0
14/04/2015 02:00,23,15.2,19.4,16.9,17.4,15.7,0.389,0,0.214,0,0,0,0,0.193,0.665,0,0
14/04/2015 03:00,32.9,23.5,26.2,28.9,28,27.6,0.528,0,0.13,0,0,0,0.058,0.379,0.702,0,0
14/04/2015 04:00,39.7,30.7,30.5,38,35.9,36.7,0.619,0,0.054,0,0,0,0.294,0.529,0.693,0.079,0
14/04/2015 05:00,42.7,34.4,32.2,43.7,40,42.1,0.663,0,0.001,0,0,0,0.507,0.63,0.638,0.273,0
14/04/2015 06:00,40.8,35,32.5,46.2,40.7,44.7,0.665,0,0,0,0.015,0,0.653,0.693,0.535,0.482,0
14/04/2015 07:00,36.5,32.7,29.5,45.7,39.3,43.9,0.618,0,0,0.044,0.114,0,0.744,0.695,0.386,0.632,0
14/04/2015 08:00,29,27.2,24.9,42.1,34.9,40.1,0.527,0,0,0.228,0.262,0,0.783,0.655,0.201,0.691,0.121
14/04/2015 09:00,19.7,20.1,18,35.1,26.9,33.1,0.386,0,0,0.41,0.392,0,0.775,0.568,0.027,0.695,0.321
14/04/2015 10:00,10.7,12.3,9.7,25.8,17.1,23.8,0.217,0,0,0.541,0.448,0,0.721,0.425,0,0.669,0.494
14/04/2015 11:00,2.9,4.9,2.8,14.7,7.9,13.6,0.056,0.034,0,0.625,0.453,0,0.618,0.241,0,0.601,0.629
14/04/2015 12:00,0,0.3,0,4.6,1.3,4.4,0,0.148,0,0.664,0.386,0.091,0.457,0.075,0,0.449,0.72
14/04/2015 13:00,0,0,0,0.1,0,0.1,0,0.271,0,0.664,0.344,0.287,0.162,0,0,0.268,0.752
14/04/2015 14:00,0,0,0,0,0,0,0,0.356,0,0.618,0.265,0.462,0.011,0,0,0.089,0.734
14/04/2015 15:00,0,0,0,0,0,0,0,0.397,0,0.525,0.174,0.584,0,0,0,0,0.662
14/04/2015 16:00,0,0,0,0,0,0,0,0.415,0,0.388,0.095,0.657,0,0,0,0,0.541
14/04/2015 17:00,0,0,0,0,0,0,0,0.44,0,0.216,0.018,0.682,0,0,0,0,0.371
14/04/2015 18:00,0,0,0,0,0,0,0,0.393,0.003,0.049,0,0.658,0,0,0,0,0.167
14/04/2015 19:00,0,0,0,0,0,0,0,0.299,0.082,0,0,0.586,0,0,0,0,0.007
14/04/2015 20:00,0,0,0,0,0,0,0,0.185,0.164,0,0,0.423,0,0,0,0,0
14/04/2015 21:00,0,0,0,0,0,0,0,0.07,0.233,0,0,0.221,0,0,0,0,0
14/04/2015 22:00,0,0,0,0,0,0,0,0.002,0.281,0,0,0.089,0,0,0.082,0,0
14/04/2015 23:00,0,0,0.1,0,0,0,0,0,0.313,0,0,0.006,0,0,0.27,0,0
15/04/2015 00:00,5.7,1.3,3.4,0,0.3,0,0.057,0,0.294,0,0,0,0,0,0.444,0,0
15/04/2015 01:00,18.2,8.4,11,4.7,5,4,0.215,0,0.269,0,0,0,0,0.009,0.576,0,0
15/04/2015 02:00,30.2,17.7,19.4,17.2,13.7,16,0.375,0,0.248,0,0,0,0,0.051,0.659,0,0
15/04/2015 03:00,41.1,25.4,25.5,29.3,22.1,27.6,0.502,0,0.223,0,0,0,0.067,0.118,0.693,0,0
15/04/2015 04:00,46,30.7,25.6,38.1,29.6,36.7,0.588,0,0.138,0,0,0,0.303,0.216,0.683,0.126,0
15/04/2015 05:00,43.7,34.2,22.4,43.7,34.8,42.4,0.636,0,0.026,0,0,0,0.505,0.323,0.625,0.384,0
15/04/2015 06:00,41.4,33.3,20.7,46.1,36.9,44.2,0.636,0,0,0,0.018,0,0.644,0.398,0.52,0.555,0
15/04/2015 07:00,35.8,29.2,17.7,45.5,35.8,43.3,0.587,0,0,0.043,0.13,0,0.728,0.335,0.353,0.669,0
15/04/2015 08:00,24.4,23.5,14.1,41.7,32,39.1,0.494,0,0,0.222,0.266,0,0.76,0.25,0.171,0.735,0.125
15/04/2015 09:00,14.2,16.3,10.6,35.1,25.6,32.7,0.359,0,0,0.404,0.396,0,0.746,0.209,0.025,0.757,0.332
15/04/2015 10:00,7.2,9.5,6.4,26.3,17.4,23.3,0.197,0,0,0.541,0.504,0,0.687,0.165,0,0.732,0.511
15/04/2015 11:00,1.9,3.8,1.9,15.2,8.2,13.1,0.049,0.017,0,0.624,0.542,0,0.583,0.086,0,0.664,0.64
15/04/2015 12:00,0,0.1,0,4.7,1.3,4.1,0,0.093,0,0.671,0.543,0.061,0.429,0.022,0,0.557,0.714
15/04/2015 13:00,0,0,0,0.1,0,0.1,0,0.193,0,0.668,0.514,0.18,0.211,0,0,0.405,0.74
15/04/2015 14:00,0,0,0,0,0,0,0,0.289,0,0.623,0.449,0.346,0.012,0,0,0.195,0.716
15/04/2015 15:00,0,0,0,0,0,0,0,0.345,0,0.526,0.341,0.467,0,0,0,0.002,0.658
15/04/2015 16:00,0,0,0,0,0,0,0,0.369,0,0.391,0.195,0.551,0,0,0,0,0.543
15/04/2015 17:00,0,0,0,0,0,0,0,0.348,0,0.219,0.047,0.578,0,0,0,0,0.373
15/04/2015 18:00,0,0,0,0,0,0,0,0.288,0.002,0.049,0,0.551,0,0,0,0,0.168
15/04/2015 19:00,0,0,0,0,0,0,0,0.207,0.073,0,0,0.497,0,0,0,0,0.006
15/04/2015 20:00,0,0,0,0,0,0,0,0.124,0.166,0,0,0.4,0,0,0,0,0
15/04/2015 21:00,0,0,0,0,0,0,0,0.054,0.247,0,0,0.238,0,0,0,0,0
15/04/2015 22:00,0,0,0,0,0,0,0,0.001,0.287,0,0,0.11,0,0,0.082,0,0
15/04/2015 23:00,0,0,0.1,0,0,0,0,0,0.314,0,0,0.01,0,0,0.269,0,0
16/04/2015 00:00,6.2,1.9,2.7,0,0.4,0.1,0.061,0,0.302,0,0,0,0,0,0.443,0,0
16/04/2015 01:00,19.9,11.1,9.8,4.8,5.9,4.3,0.228,0,0.232,0,0,0,0,0.029,0.575,0,0
16/04/2015 02:00,34.3,21.4,17.9,17.4,15.6,16.3,0.394,0,0.171,0,0,0,0,0.131,0.659,0,0
16/04/2015 03:00,46.7,29.9,25.5,29.5,24.7,28.1,0.503,0,0.12,0,0,0,0.07,0.229,0.697,0,0
16/04/2015 04:00,56.1,36.4,30.2,38.2,30.8,37.6,0.593,0,0.043,0,0,0,0.314,0.294,0.688,0.125,0
16/04/2015 05:00,61.6,39.9,31.7,43.9,34.8,43.2,0.634,0,0,0,0,0,0.513,0.382,0.633,0.394,0
16/04/2015 06:00,60.7,40,31.5,46.2,36.6,45.8,0.629,0,0,0,0.03,0,0.652,0.543,0.528,0.561,0
16/04/2015 07:00,54.5,37.4,30,45.7,35,45,0.584,0,0,0.044,0.176,0,0.739,0.647,0.372,0.674,0
16/04/2015 08:00,43.3,31.8,26.2,42.1,30.7,41.4,0.492,0,0,0.221,0.325,0,0.775,0.523,0.195,0.739,0.122
16/04/2015 09:00,29.1,23.5,19.5,35.6,24.2,34.7,0.354,0,0,0.403,0.436,0,0.763,0.372,0.028,0.761,0.322
16/04/2015 10:00,14.7,13.8,11.4,26.3,16.3,25.1,0.188,0,0,0.54,0.492,0,0.703,0.289,0,0.741,0.496
16/04/2015 11:00,3.7,5.3,3.7,15.1,8.3,14.6,0.047,0.027,0,0.624,0.523,0,0.588,0.161,0,0.679,0.625
16/04/2015 12:00,0,0.3,0.1,4.7,1.4,4.7,0,0.129,0,0.664,0.523,0.084,0.419,0.059,0,0.572,0.696
16/04/2015 13:00,0,0,0,0.1,0,0.1,0,0.248,0,0.659,0.486,0.277,0.194,0,0,0.418,0.719
16/04/2015 14:00,0,0,0,0,0,0,0,0.344,0,0.612,0.376,0.455,0.011,0,0,0.213,0.691
16/04/2015 15:00,0,0,0,0,0,0,0,0.39,0,0.519,0.244,0.58,0,0,0,0.007,0.614
16/04/2015 16:00,0,0,0,0,0,0,0,0.401,0,0.383,0.141,0.66,0,0,0,0,0.497
16/04/2015 17:00,0,0,0,0,0,0,0,0.367,0,0.21,0.032,0.69,0,0,0,0,0.336
16/04/2015 18:00,0,0,0,0,0,0,0,0.313,0,0.047,0,0.676,0,0,0,0,0.148
16/04/2015 19:00,0,0,0,0,0,0,0,0.239,0.03,0,0,0.594,0,0,0,0,0.008
16/04/2015 20:00,0,0,0,0,0,0,0,0.151,0.086,0,0,0.458,0,0,0,0,0
16/04/2015 21:00,0,0,0,0,0,0,0,0.062,0.159,0,0,0.285,0,0,0,0,0
16/04/2015 22:00,0,0,0,0,0,0,0,0.003,0.233,0,0,0.127,0,0,0.082,0,0
16/04/2015 23:00,0.1,0,0.1,0,0,0,0,0,0.258,0,0,0.013,0,0,0.267,0,0
17/04/2015 00:00,9.6,2.1,3.7,0,0.3,0.1,0.053,0,0.262,0,0,0,0,0,0.441,0,0
17/04/2015 01:00,28.9,11.2,11.9,5,6.7,5,0.203,0,0.232,0,0,0,0,0.033,0.572,0,0
17/04/2015 02:00,44.9,21.4,21.6,17.4,17.7,17.4,0.36,0,0.192,0,0,0,0,0.177,0.656,0,0
17/04/2015 03:00,55.8,30.2,30,29.1,27.1,29.2,0.486,0,0.127,0,0,0,0.025,0.337,0.693,0,0
17/04/2015 04:00,60.7,37.6,34.7,37.8,34.2,37.9,0.569,0,0.058,0,0,0,0.191,0.463,0.684,0.122,0
17/04/2015 05:00,61.7,41.1,36,43.3,38.9,43.4,0.616,0,0.002,0,0,0,0.411,0.535,0.63,0.386,0
17/04/2015 06:00,57.6,41.1,33.5,44.8,40.2,45.1,0.626,0,0,0,0.027,0,0.581,0.541,0.53,0.562,0
17/04/2015 07:00,50.9,36.5,28.9,43.5,39.5,44.6,0.588,0,0,0.042,0.158,0,0.622,0.503,0.383,0.675,0
17/04/2015 08:00,41.5,28.6,24,39.3,35.6,41.3,0.497,0,0,0.202,0.29,0,0.643,0.443,0.2,0.741,0.091
17/04/2015 09:00,27.8,20.6,16.7,33.7,28.8,35.3,0.362,0,0,0.382,0.384,0,0.569,0.369,0.027,0.762,0.243
17/04/2015 10:00,15.2,13.2,10.2,25.5,19.7,26.4,0.201,0,0,0.524,0.446,0,0.469,0.301,0,0.741,0.388
17/04/2015 11:00,4,5.3,3.2,14.5,9.2,15.3,0.052,0.019,0,0.609,0.484,0,0.355,0.211,0,0.679,0.492
17/04/2015 12:00,0,0.3,0.1,4.7,1.5,4.7,0,0.104,0,0.633,0.515,0.089,0.186,0.1,0,0.571,0.592
17/04/2015 13:00,0,0,0,0.1,0,0.1,0,0.217,0,0.634,0.498,0.284,0.056,0.001,0,0.418,0.669
17/04/2015 14:00,0,0,0,0,0,0,0,0.369,0,0.594,0.419,0.468,0,0,0,0.218,0.652
17/04/2015 15:00,0,0,0,0,0,0,0,0.5,0,0.498,0.3,0.591,0,0,0,0.007,0.594
17/04/2015 16:00,0,0,0,0,0,0,0,0.529,0,0.362,0.169,0.659,0,0,0,0,0.481
17/04/2015 17:00,0,0,0,0,0,0,0,0.524,0,0.195,0.036,0.683,0,0,0,0,0.319
17/04/2015 18:00,0,0,0,0,0,0,0,0.463,0,0.045,0,0.654,0,0,0,0,0.129
17/04/2015 19:00,0,0,0,0,0,0,0,0.347,0.077,0,0,0.565,0,0,0,0,0.005
17/04/2015 20:00,0,0,0,0,0,0,0,0.207,0.2,0,0,0.436,0,0,0,0,0
17/04/2015 21:00,0,0,0,0,0,0,0,0.088,0.306,0,0,0.282,0,0,0,0,0
17/04/2015 22:00,0,0,0,0,0,0,0,0.005,0.397,0,0,0.142,0,0,0.082,0,0
17/04/2015 23:00,0,0,0.1,0,0,0,0,0,0.426,0,0,0.014,0,0,0.267,0,0
18/04/2015 00:00,6.9,2.6,5.3,0.1,0.5,0.1,0.06,0,0.407,0,0,0,0,0,0.44,0,0
18/04/2015 01:00,23.3,13.6,17.1,4.9,6.8,4.7,0.216,0,0.365,0,0,0,0,0.035,0.57,0,0
18/04/2015 02:00,34.6,25.6,28.1,17.1,18.2,16.7,0.381,0,0.265,0,0,0,0,0.185,0.653,0,0
18/04/2015 03:00,47.1,34.8,35.7,28.6,27.9,28.5,0.525,0,0.146,0,0,0,0.001,0.369,0.688,0,0
18/04/2015 04:00,51.3,41.1,39.5,36.4,34.8,37.3,0.619,0,0.058,0,0,0,0.093,0.536,0.679,0.129,0
18/04/2015 05:00,51.9,44,40,41.1,38.9,42.8,0.665,0,0.001,0,0,0,0.36,0.637,0.625,0.383,0
18/04/2015 06:00,46.9,43.9,37.9,43.7,40.8,45,0.665,0,0,0,0.028,0,0.491,0.685,0.522,0.559,0
18/04/2015 07:00,40.7,41.3,34.6,43.3,39.3,44.5,0.618,0,0,0.041,0.173,0,0.563,0.683,0.376,0.672,0
18/04/2015 08:00,31.8,35.7,29.2,39.9,34.6,41.3,0.527,0,0,0.205,0.329,0,0.572,0.644,0.195,0.737,0.107
18/04/2015 09:00,20.5,27.3,21.3,33.5,27.1,35.3,0.393,0,0,0.379,0.456,0,0.556,0.569,0.027,0.758,0.277
18/04/2015 10:00,10.4,17.2,12.4,24.4,17.3,26.3,0.228,0,0,0.516,0.539,0,0.515,0.45,0,0.738,0.425
18/04/2015 11:00,2.9,6.8,3.9,13.9,8.3,15.2,0.064,0.017,0,0.603,0.577,0,0.404,0.288,0,0.677,0.528
18/04/2015 12:00,0,0.3,0.1,4.5,1.4,4.8,0,0.105,0,0.634,0.564,0.088,0.274,0.111,0,0.571,0.621
18/04/2015 13:00,0,0,0,0.1,0,0.1,0,0.226,0,0.615,0.502,0.284,0.105,0.001,0,0.418,0.68
18/04/2015 14:00,0,0,0,0,0,0,0,0.363,0,0.52,0.405,0.466,0.002,0,0,0.216,0.677
18/04/2015 15:00,0,0,0,0,0,0,0,0.461,0,0.426,0.243,0.598,0,0,0,0.006,0.595
18/04/2015 16:00,0,0,0,0,0,0,0,0.494,0,0.336,0.135,0.676,0,0,0,0,0.457
18/04/2015 17:00,0,0,0,0,0,0,0,0.481,0,0.189,0.025,0.701,0,0,0,0,0.289
18/04/2015 18:00,0,0,0,0,0,0,0,0.451,0,0.046,0,0.68,0,0,0,0,0.12
18/04/2015 19:00,0,0,0,0,0,0,0,0.373,0.069,0,0,0.611,0,0,0,0,0.007
18/04/2015 20:00,0,0,0,0,0,0,0,0.268,0.165,0,0,0.497,0,0,0,0,0
18/04/2015 21:00,0,0,0,0,0,0,0,0.136,0.266,0,0,0.341,0,0,0,0,0
18/04/2015 22:00,0,0,0,0,0,0,0,0.017,0.338,0,0,0.165,0,0,0.082,0,0
18/04/2015 23:00,0.1,0,0.1,0,0,0,0,0,0.389,0,0,0.016,0,0,0.268,0,0
19/04/2015 00:00,10,2.8,5.5,0.1,0.4,0.1,0.062,0,0.392,0,0,0,0,0,0.441,0,0
19/04/2015 01:00,28.8,14.1,17.1,4.8,6.7,4.8,0.214,0,0.349,0,0,0,0,0.041,0.572,0,0
19/04/2015 02:00,45.3,26.4,28.9,16.3,18.1,17.2,0.372,0,0.289,0,0,0,0,0.219,0.655,0,0
19/04/2015 03:00,57.1,35.7,37.8,27.7,28.2,29.1,0.494,0,0.208,0,0,0,0.029,0.413,0.692,0,0
19/04/2015 04:00,63.7,41.9,43.5,36,35.5,37.9,0.595,0,0.103,0,0,0,0.21,0.567,0.683,0.129,0
19/04/2015 05:00,64.6,45,45,41.2,39.9,43.1,0.656,0,0.01,0,0,0,0.428,0.67,0.628,0.38,0
19/04/2015 06:00,62.2,45.1,43.7,44.6,41,45.5,0.644,0,0,0,0.02,0,0.59,0.734,0.527,0.548,0
19/04/2015 07:00,54,42.3,40.1,44.1,39.7,45.1,0.591,0,0,0.041,0.141,0,0.684,0.741,0.38,0.659,0
19/04/2015 08:00,42.6,36.8,34.3,40.9,35.6,41.8,0.493,0,0,0.194,0.268,0,0.729,0.703,0.198,0.723,0.117
19/04/2015 09:00,27.8,28.4,25.5,34.7,29.3,35.2,0.385,0,0,0.374,0.36,0,0.725,0.618,0.026,0.744,0.311
19/04/2015 10:00,15.6,18,14.7,25.6,20.6,26.2,0.226,0,0,0.507,0.436,0,0.662,0.488,0,0.722,0.487
19/04/2015 11:00,4.6,7,4.5,14.7,10.1,15.2,0.063,0.01,0,0.59,0.509,0,0.461,0.314,0,0.663,0.617
19/04/2015 12:00,0,0.4,0.1,4.7,1.7,4.8,0,0.076,0,0.605,0.509,0.09,0.253,0.12,0,0.558,0.694
19/04/2015 13:00,0,0,0,0.1,0,0.1,0,0.159,0,0.602,0.468,0.275,0.108,0.001,0,0.404,0.724
19/04/2015 14:00,0,0,0,0,0,0,0,0.229,0,0.556,0.392,0.443,0.001,0,0,0.197,0.705
19/04/2015 15:00,0,0,0,0,0,0,0,0.293,0,0.486,0.28,0.551,0,0,0,0.002,0.641
19/04/2015 16:00,0,0,0,0,0,0,0,0.274,0,0.355,0.146,0.621,0,0,0,0,0.522
19/04/2015 17:00,0,0,0,0,0,0,0,0.255,0,0.196,0.033,0.599,0,0,0,0,0.356
19/04/2015 18:00,0,0,0,0,0,0,0,0.214,0,0.046,0,0.537,0,0,0,0,0.159
19/04/2015 19:00,0,0,0,0,0,0,0,0.165,0.067,0,0,0.409,0,0,0,0,0.009
19/04/2015 20:00,0,0,0,0,0,0,0,0.1,0.19,0,0,0.319,0,0,0,0,0
19/04/2015 21:00,0,0,0,0,0,0,0,0.038,0.32,0,0,0.24,0,0,0,0,0
19/04/2015 22:00,0,0,0,0,0,0,0,0,0.376,0,0,0.131,0,0,0.082,0,0
19/04/2015 23:00,0.1,0,0.2,0,0,0,0,0,0.37,0,0,0.016,0,0,0.266,0,0
20/04/2015 00:00,7.9,2.6,6.3,0.1,0.6,0.1,0.061,0,0.36,0,0,0,0,0,0.438,0,0
20/04/2015 01:00,23.7,13.5,18.3,5.2,8.1,4.8,0.222,0,0.303,0,0,0,0,0.042,0.568,0,0
20/04/2015 02:00,38.3,25.4,29.5,17.9,20.7,17.2,0.404,0,0.222,0,0,0,0,0.218,0.65,0,0
20/04/2015 03:00,48.9,34.9,37.5,29.8,31.5,29,0.522,0,0.134,0,0,0,0.042,0.405,0.685,0,0
20/04/2015 04:00,52.6,40.9,42.3,38.3,39,37.5,0.614,0,0.055,0,0,0,0.261,0.552,0.676,0.056,0
20/04/2015 05:00,50.6,43.9,44.2,43.5,43.3,42.8,0.658,0,0,0,0,0,0.477,0.653,0.622,0.2,0
20/04/2015 06:00,45.8,44.3,43.1,45.3,44.2,44.2,0.663,0,0,0,0.017,0,0.625,0.71,0.521,0.388,0
20/04/2015 07:00,40,41.8,39.7,44.7,42.6,43.8,0.615,0,0,0.041,0.134,0,0.718,0.717,0.375,0.509,0
20/04/2015 08:00,29,36.4,33.3,41.1,37.9,40.4,0.524,0,0,0.198,0.27,0,0.756,0.681,0.196,0.528,0.119
20/04/2015 09:00,18.5,27.8,24.4,34.8,30.4,35.1,0.389,0,0,0.37,0.389,0,0.741,0.592,0.028,0.417,0.314
20/04/2015 10:00,11.2,17.3,13.6,25.7,20.3,26.1,0.223,0,0,0.507,0.474,0,0.65,0.463,0,0.313,0.489
20/04/2015 11:00,2.9,6.8,4,14.7,9.7,15.1,0.063,0.04,0,0.591,0.509,0,0.528,0.293,0,0.252,0.62
20/04/2015 12:00,0,0.4,0.1,4.7,1.6,4.7,0,0.162,0,0.65,0.506,0.081,0.305,0.111,0,0.192,0.7
20/04/2015 13:00,0,0,0,0.1,0,0.2,0,0.286,0,0.647,0.456,0.239,0.118,0.002,0,0.119,0.73
20/04/2015 14:00,0,0,0,0,0,0,0,0.399,0,0.601,0.372,0.441,0.004,0,0,0.047,0.71
20/04/2015 15:00,0,0,0,0,0,0,0,0.485,0,0.5,0.233,0.561,0,0,0,0,0.634
20/04/2015 16:00,0,0,0,0,0,0,0,0.513,0,0.367,0.095,0.637,0,0,0,0,0.514
20/04/2015 17:00,0,0,0,0,0,0,0,0.508,0,0.202,0.012,0.66,0,0,0,0,0.348
20/04/2015 18:00,0,0,0,0,0,0,0,0.461,0,0.047,0,0.642,0,0,0,0,0.154
20/04/2015 19:00,0,0,0,0,0,0,0,0.389,0.088,0,0,0.565,0,0,0,0,0.009
20/04/2015 20:00,0,0,0,0,0,0,0,0.272,0.21,0,0,0.459,0,0,0,0,0
20/04/2015 21:00,0,0,0,0,0,0,0,0.129,0.316,0,0,0.293,0,0,0,0,0
20/04/2015 22:00,0,0,0,0,0,0,0,0.016,0.39,0,0,0.133,0,0,0.068,0,0
20/04/2015 23:00,0,0,0.1,0,0,0,0,0,0.425,0,0,0.015,0,0,0.23,0,0
21/04/2015 00:00,6.4,2.7,5,0.1,0.5,0.1,0.044,0,0.387,0,0,0,0,0,0.403,0,0
21/04/2015 01:00,19.5,13.5,15.5,5.2,6.9,4.7,0.232,0,0.324,0,0,0,0,0.042,0.536,0,0
21/04/2015 02:00,34.1,25.4,26.4,17.3,17.5,16.1,0.402,0,0.249,0,0,0,0,0.205,0.619,0,0
21/04/2015 03:00,47.4,33,33.7,28.9,27,27.3,0.545,0,0.163,0,0,0,0.022,0.392,0.658,0,0
21/04/2015 04:00,54,39.2,39,37.5,33.8,35.8,0.635,0,0.075,0,0,0,0.212,0.538,0.652,0.126,0
21/04/2015 05:00,56.2,42.2,40.7,43.1,37.4,41.2,0.678,0,0.004,0,0,0,0.459,0.637,0.599,0.384,0
21/04/2015 06:00,55.1,42.4,39.7,45.3,38.5,43.8,0.663,0,0,0,0.01,0,0.634,0.7,0.497,0.554,0
21/04/2015 07:00,48.8,39.7,35.7,44.7,37.6,43.1,0.613,0,0,0.043,0.086,0,0.731,0.707,0.352,0.666,0
21/04/2015 08:00,38.4,34.3,29,41.1,34.1,39.4,0.513,0,0,0.204,0.179,0,0.776,0.672,0.181,0.732,0.082
21/04/2015 09:00,24.9,26.4,22.3,35.3,27.9,32.6,0.37,0,0,0.378,0.266,0,0.773,0.578,0.028,0.75,0.225
21/04/2015 10:00,14,16.3,13,26,19.1,24.7,0.204,0,0,0.516,0.318,0,0.724,0.452,0,0.706,0.419
21/04/2015 11:00,3.6,6.2,4.1,14.9,9.4,14.5,0.055,0.018,0,0.602,0.323,0,0.624,0.287,0,0.616,0.605
21/04/2015 12:00,0,0.4,0.1,4.7,1.7,4.7,0,0.097,0,0.632,0.34,0.087,0.471,0.11,0,0.455,0.689
21/04/2015 13:00,0,0,0,0.2,0,0.2,0,0.195,0,0.629,0.308,0.276,0.254,0.002,0,0.262,0.716
21/04/2015 14:00,0,0,0,0,0,0,0,0.282,0,0.583,0.244,0.461,0.019,0,0,0.062,0.698
21/04/2015 15:00,0,0,0,0,0,0,0,0.342,0,0.495,0.164,0.588,0,0,0,0,0.626
21/04/2015 16:00,0,0,0,0,0,0,0,0.386,0,0.361,0.09,0.658,0,0,0,0,0.508
21/04/2015 17:00,0,0,0,0,0,0,0,0.378,0,0.198,0.02,0.669,0,0,0,0,0.344
21/04/2015 18:00,0,0,0,0,0,0,0,0.336,0,0.047,0,0.644,0,0,0,0,0.155
21/04/2015 19:00,0,0,0,0,0,0,0,0.264,0.059,0,0,0.578,0,0,0,0,0.011
21/04/2015 20:00,0,0,0,0,0,0,0,0.179,0.145,0,0,0.451,0,0,0,0,0
21/04/2015 21:00,0,0,0,0,0,0,0,0.09,0.232,0,0,0.32,0,0,0,0,0
21/04/2015 22:00,0,0,0,0,0,0,0,0.01,0.296,0,0,0.141,0,0,0.083,0,0
21/04/2015 23:00,0,0,0.1,0,0,0,0,0,0.333,0,0,0.016,0,0,0.272,0,0
22/04/2015 00:00,4.9,2.3,4,0.1,0.5,0.1,0.057,0,0.334,0,0,0,0,0,0.443,0,0
22/04/2015 01:00,15.9,11.9,12.1,5.9,5.9,4.4,0.171,0,0.291,0,0,0,0,0.043,0.573,0,0
22/04/2015 02:00,27.4,23.3,22.3,18.9,15.9,16.1,0.292,0,0.235,0,0,0,0,0.212,0.653,0,0
22/04/2015 03:00,41,32.8,31.5,30.9,24.4,27.8,0.423,0,0.157,0,0,0,0.052,0.395,0.688,0,0
22/04/2015 04:00,47.8,39.2,36.4,39.3,30,36.4,0.529,0,0.071,0,0,0,0.282,0.539,0.676,0.113,0
22/04/2015 05:00,50.4,42.4,38.6,44.8,33.7,41.9,0.618,0,0.003,0,0,0,0.486,0.635,0.619,0.312,0
22/04/2015 06:00,49.8,43.7,38.2,47,34.4,43.1,0.628,0,0,0,0.019,0,0.637,0.679,0.517,0.451,0
22/04/2015 07:00,46.2,41.3,34.9,46.4,32.8,42.1,0.587,0,0,0.042,0.114,0,0.735,0.685,0.371,0.574,0.001
22/04/2015 08:00,39,35.3,29.1,43,29.1,38.2,0.508,0,0,0.204,0.205,0,0.778,0.648,0.191,0.632,0.107
22/04/2015 09:00,27.2,26.1,21.6,36.6,23.3,32.6,0.388,0,0,0.379,0.236,0,0.773,0.556,0.028,0.613,0.281
22/04/2015 10:00,16,15.7,12.5,27.3,15.9,24.6,0.23,0,0,0.518,0.254,0,0.721,0.432,0,0.565,0.443
22/04/2015 11:00,4.7,6.1,3.9,15.7,7.4,14.6,0.068,0.042,0,0.607,0.28,0,0.62,0.271,0,0.431,0.564
22/04/2015 12:00,0,0.3,0.1,4.8,1.4,4.7,0,0.167,0,0.664,0.295,0.094,0.466,0.104,0,0.299,0.643
22/04/2015 13:00,0,0,0,0.2,0,0.2,0,0.294,0,0.658,0.293,0.293,0.243,0.002,0,0.188,0.681
22/04/2015 14:00,0,0,0,0,0,0,0,0.365,0,0.61,0.25,0.467,0.015,0,0,0.083,0.672
22/04/2015 15:00,0,0,0,0,0,0,0,0.424,0,0.513,0.192,0.586,0,0,0,0,0.612
22/04/2015 16:00,0,0,0,0,0,0,0,0.461,0,0.378,0.111,0.656,0,0,0,0,0.496
22/04/2015 17:00,0,0,0,0,0,0,0,0.452,0,0.21,0.024,0.674,0,0,0,0,0.328
22/04/2015 18:00,0,0,0,0,0,0,0,0.408,0,0.047,0,0.659,0,0,0,0,0.144
22/04/2015 19:00,0,0,0,0,0,0,0,0.318,0.059,0,0,0.597,0,0,0,0,0.011
22/04/2015 20:00,0,0,0,0,0,0,0,0.208,0.12,0,0,0.462,0,0,0,0,0
22/04/2015 21:00,0,0,0,0,0,0,0,0.09,0.187,0,0,0.327,0,0,0,0,0
22/04/2015 22:00,0,0,0,0,0,0,0,0.007,0.255,0,0,0.15,0,0,0.081,0,0
22/04/2015 23:00,0.1,0,0.1,0,0,0,0,0,0.292,0,0,0.023,0,0,0.263,0,0
23/04/2015 00:00,8.6,2.6,4.5,0.1,0.6,0.1,0.074,0,0.314,0,0,0,0,0,0.433,0,0
23/04/2015 01:00,22.1,12.9,14.1,5.7,6.1,4.4,0.244,0,0.326,0,0,0,0,0.044,0.564,0,0
23/04/2015 02:00,34.9,24.3,24,18.4,16,15.9,0.413,0,0.28,0,0,0,0,0.204,0.649,0,0
23/04/2015 03:00,46.1,33.5,32,30.4,24.8,27.5,0.548,0,0.191,0,0,0,0.066,0.381,0.687,0,0
23/04/2015 04:00,49.9,39.9,37.5,38.8,31,36.2,0.635,0,0.099,0,0,0,0.32,0.522,0.678,0.072,0
23/04/2015 05:00,54.1,43,40.5,44.1,34.7,41.9,0.675,0,0.008,0,0,0,0.517,0.616,0.621,0.265,0
23/04/2015 06:00,49.9,43.2,40.4,47,36.1,45,0.664,0,0,0,0.011,0,0.649,0.679,0.519,0.379,0
23/04/2015 07:00,43.8,40.4,37.1,46.5,34.8,44.8,0.616,0,0,0.044,0.088,0,0.721,0.686,0.371,0.447,0.001
23/04/2015 08:00,35,33.9,30.7,43.1,30.7,41.4,0.524,0,0,0.213,0.18,0,0.717,0.645,0.191,0.504,0.11
23/04/2015 09:00,23.9,25.3,22.7,36.6,23.5,35.3,0.39,0,0,0.39,0.268,0,0.671,0.471,0.028,0.479,0.297
23/04/2015 10:00,12.8,15.4,13,27.4,15.6,26.4,0.224,0,0,0.527,0.322,0,0.657,0.284,0,0.439,0.462
23/04/2015 11:00,3.8,6.1,4.3,15.8,7.7,15.6,0.064,0.011,0,0.614,0.32,0,0.561,0.196,0,0.379,0.589
23/04/2015 12:00,0,0.4,0.1,4.8,1.4,5,0,0.068,0,0.65,0.313,0.101,0.429,0.098,0,0.318,0.67
23/04/2015 13:00,0,0,0,0.3,0,0.2,0,0.137,0,0.643,0.268,0.297,0.195,0.003,0,0.181,0.674
23/04/2015 14:00,0,0,0,0,0,0,0,0.198,0,0.597,0.2,0.47,0.008,0,0,0.066,0.66
23/04/2015 15:00,0,0,0,0,0,0,0,0.244,0,0.502,0.12,0.591,0,0,0,0,0.59
23/04/2015 16:00,0,0,0,0,0,0,0,0.268,0,0.369,0.054,0.665,0,0,0,0,0.484
23/04/2015 17:00,0,0,0,0,0,0,0,0.273,0,0.204,0.007,0.693,0,0,0,0,0.334
23/04/2015 18:00,0,0,0,0,0,0,0,0.254,0.001,0.047,0,0.678,0,0,0,0,0.148
23/04/2015 19:00,0,0,0,0,0,0,0,0.212,0.1,0,0,0.611,0,0,0,0,0.011
23/04/2015 20:00,0,0,0,0,0,0,0,0.137,0.243,0,0,0.485,0,0,0,0,0
23/04/2015 21:00,0,0,0,0,0,0,0,0.058,0.363,0,0,0.299,0,0,0,0,0
23/04/2015 22:00,0,0,0,0,0,0,0,0.003,0.453,0,0,0.144,0,0,0.08,0,0
23/04/2015 23:00,0.2,0,0.1,0,0,0,0,0,0.485,0,0,0.021,0,0,0.258,0,0
24/04/2015 00:00,9.5,2.5,4.4,0.1,0.5,0.1,0.068,0,0.507,0,0,0,0,0,0.422,0,0
24/04/2015 01:00,24.2,11.5,12.3,6.3,5.8,5.1,0.227,0,0.504,0,0,0,0,0.036,0.546,0,0
24/04/2015 02:00,32.8,22,20.1,19.5,15.4,17.6,0.388,0,0.442,0,0,0,0,0.169,0.619,0,0
24/04/2015 03:00,38.8,30.4,27.6,31.4,24.4,29.5,0.516,0,0.294,0,0,0,0.048,0.317,0.647,0,0
24/04/2015 04:00,42.4,36.2,34.6,39.6,31.1,38.4,0.602,0,0.126,0,0,0,0.28,0.475,0.64,0.058,0
24/04/2015 05:00,45.3,38.8,37.1,44.6,35.8,43.8,0.644,0,0.01,0,0,0,0.485,0.575,0.606,0.178,0
24/04/2015 06:00,42.4,39.7,37.5,46.9,37.9,45.7,0.64,0,0,0,0.02,0,0.624,0.609,0.511,0.288,0
24/04/2015 07:00,39.3,36.9,33.9,46.2,36.4,45.3,0.594,0,0,0.043,0.129,0,0.663,0.568,0.366,0.443,0.001
24/04/2015 08:00,32.5,31.8,26.9,42.8,32.4,42.1,0.504,0,0,0.203,0.252,0,0.573,0.507,0.193,0.589,0.098
24/04/2015 09:00,22.3,23.9,20,36.4,25.3,36.4,0.375,0,0,0.377,0.36,0,0.604,0.416,0.028,0.71,0.256
24/04/2015 10:00,11.8,15.1,11.2,27.1,16.3,27.5,0.215,0,0,0.512,0.425,0,0.561,0.343,0,0.681,0.421
24/04/2015 11:00,3.4,6.2,3.6,15.7,7.5,16.1,0.062,0.024,0,0.598,0.435,0,0.412,0.232,0,0.564,0.561
24/04/2015 12:00,0,0.5,0.1,4.8,1.3,5.1,0,0.111,0,0.646,0.448,0.1,0.246,0.102,0,0.39,0.663
24/04/2015 13:00,0,0,0,0.3,0,0.2,0,0.207,0,0.642,0.39,0.274,0.098,0.003,0,0.169,0.701
24/04/2015 14:00,0,0,0,0,0,0,0,0.288,0,0.596,0.317,0.46,0,0,0,0.053,0.674
24/04/2015 15:00,0,0,0,0,0,0,0,0.346,0,0.498,0.201,0.576,0,0,0,0,0.606
24/04/2015 16:00,0,0,0,0,0,0,0,0.378,0,0.364,0.107,0.651,0,0,0,0,0.51
24/04/2015 17:00,0,0,0,0,0,0,0,0.38,0,0.2,0.024,0.674,0,0,0,0,0.351
24/04/2015 18:00,0,0,0,0,0,0,0,0.352,0.004,0.047,0,0.66,0,0,0,0,0.155
24/04/2015 19:00,0,0,0,0,0,0,0,0.303,0.128,0,0,0.601,0,0,0,0,0.01
24/04/2015 20:00,0,0,0,0,0,0,0,0.199,0.284,0,0,0.494,0,0,0,0,0
24/04/2015 21:00,0,0,0,0,0,0,0,0.103,0.447,0,0,0.322,0,0,0,0,0
24/04/2015 22:00,0,0,0,0,0,0,0,0.011,0.531,0,0,0.155,0,0,0.08,0,0
24/04/2015 23:00,0,0,0.1,0,0,0,0,0,0.564,0,0,0.022,0,0,0.257,0,0
25/04/2015 00:00,2.7,1.9,3,0.1,0.5,0.1,0.073,0,0.551,0,0,0,0,0,0.428,0,0
25/04/2015 01:00,8.5,9.9,7.8,6.1,4.8,5.6,0.235,0,0.534,0,0,0,0,0.045,0.558,0,0
25/04/2015 02:00,16.1,19.1,12.8,18.7,13.1,18.2,0.397,0,0.402,0,0,0,0,0.194,0.641,0,0
25/04/2015 03:00,23.5,26.5,17.8,30.4,21.2,30,0.51,0,0.286,0,0,0,0.005,0.352,0.681,0,0
25/04/2015 04:00,27.9,31.3,20.7,38.4,27.1,38.6,0.596,0,0.161,0,0,0,0.1,0.48,0.67,0.076,0
25/04/2015 05:00,30.1,32.8,21.1,43.5,31.2,43.9,0.637,0,0.019,0,0,0,0.239,0.544,0.615,0.255,0
25/04/2015 06:00,30.8,32.2,20.5,45.8,33.7,45.8,0.634,0,0,0,0.023,0,0.425,0.559,0.513,0.422,0
25/04/2015 07:00,29.1,29.5,17.6,45.1,33.7,45.3,0.589,0,0,0.043,0.152,0,0.598,0.534,0.367,0.539,0.001
25/04/2015 08:00,24.2,24.9,14.3,41.6,30.9,42,0.499,0,0,0.201,0.296,0,0.704,0.435,0.189,0.611,0.114
25/04/2015 09:00,17.8,18.8,10.4,35.3,25.1,35.3,0.371,0,0,0.37,0.407,0,0.73,0.329,0.028,0.656,0.302
25/04/2015 10:00,10,11.4,5.7,26.2,17.1,26.4,0.216,0,0,0.5,0.464,0,0.694,0.286,0,0.635,0.477
25/04/2015 11:00,3.2,4.5,1.9,15.1,8.5,15.5,0.064,0.035,0,0.587,0.484,0,0.563,0.206,0,0.539,0.606
25/04/2015 12:00,0,0.3,0,4.8,1.6,5,0,0.141,0,0.628,0.475,0.104,0.379,0.1,0,0.391,0.69
25/04/2015 13:00,0,0,0,0.3,0,0.2,0,0.254,0,0.626,0.435,0.293,0.153,0.003,0,0.232,0.72
25/04/2015 14:00,0,0,0,0,0,0,0,0.351,0,0.581,0.355,0.462,0.001,0,0,0.09,0.701
25/04/2015 15:00,0,0,0,0,0,0,0,0.418,0,0.489,0.222,0.574,0,0,0,0,0.627
25/04/2015 16:00,0,0,0,0,0,0,0,0.436,0,0.358,0.126,0.65,0,0,0,0,0.51
25/04/2015 17:00,0,0,0,0,0,0,0,0.427,0,0.196,0.032,0.677,0,0,0,0,0.344
25/04/2015 18:00,0,0,0,0,0,0,0,0.384,0.003,0.046,0,0.643,0,0,0,0,0.151
25/04/2015 19:00,0,0,0,0,0,0,0,0.312,0.126,0,0,0.581,0,0,0,0,0.01
25/04/2015 20:00,0,0,0,0,0,0,0,0.223,0.296,0,0,0.475,0,0,0,0,0
25/04/2015 21:00,0,0,0,0,0,0,0,0.122,0.421,0,0,0.33,0,0,0,0,0
25/04/2015 22:00,0,0,0,0,0,0,0,0.015,0.483,0,0,0.164,0,0,0.08,0,0
25/04/2015 23:00,0.1,0,0.1,0,0,0,0,0,0.536,0,0,0.024,0,0,0.262,0,0
26/04/2015 00:00,5.9,2.4,3.2,0.1,0.5,0.1,0.074,0,0.504,0,0,0,0,0,0.433,0,0
26/04/2015 01:00,17.6,11.3,9.4,5.4,7.5,5,0.236,0,0.475,0,0,0,0,0.04,0.563,0,0
26/04/2015 02:00,31.5,21.5,16.1,17.2,19.1,17.1,0.394,0,0.389,0,0,0,0,0.18,0.645,0,0
26/04/2015 03:00,46.5,30,25.2,28.7,29.7,28.8,0.518,0,0.284,0,0,0,0.012,0.347,0.682,0,0
26/04/2015 04:00,54.6,36.2,31,37.3,37.3,37.6,0.601,0,0.143,0,0,0,0.191,0.491,0.672,0.059,0
26/04/2015 05:00,57.4,39.5,32.7,42.4,42.1,43,0.644,0,0.015,0,0,0,0.43,0.592,0.617,0.175,0
26/04/2015 06:00,54.9,40,30.3,45.5,43.4,45.4,0.621,0,0,0,0.027,0,0.591,0.677,0.516,0.337,0
26/04/2015 07:00,49.2,37.6,26.4,44.8,41.9,44.8,0.574,0,0,0.043,0.151,0,0.658,0.684,0.369,0.542,0.001
26/04/2015 08:00,38.8,32.8,21.7,41.3,37.7,41.6,0.485,0,0,0.203,0.253,0,0.633,0.647,0.19,0.613,0.116
26/04/2015 09:00,26.7,25.6,16,34.9,30.7,35.3,0.372,0,0,0.374,0.287,0,0.561,0.546,0.028,0.64,0.312
26/04/2015 10:00,13.8,16.1,9.8,25.9,21.4,26.4,0.202,0,0,0.504,0.321,0,0.435,0.422,0,0.568,0.488
26/04/2015 11:00,4,6.6,3.4,15.1,10.8,15.4,0.053,0.04,0,0.586,0.365,0,0.331,0.264,0,0.47,0.618
26/04/2015 12:00,0,0.5,0.1,5,1.9,5,0,0.161,0,0.611,0.385,0.093,0.176,0.104,0,0.335,0.699
26/04/2015 13:00,0,0,0,0.3,0,0.3,0,0.312,0,0.607,0.361,0.271,0.05,0.004,0,0.227,0.728
26/04/2015 14:00,0,0,0,0,0,0,0,0.443,0,0.561,0.311,0.432,0,0,0,0.092,0.707
26/04/2015 15:00,0,0,0,0,0,0,0,0.507,0,0.475,0.237,0.553,0,0,0,0,0.641
26/04/2015 16:00,0,0,0,0,0,0,0,0.54,0,0.345,0.137,0.626,0,0,0,0,0.521
26/04/2015 17:00,0,0,0,0,0,0,0,0.525,0,0.188,0.031,0.65,0,0,0,0,0.352
26/04/2015 18:00,0,0,0,0,0,0,0,0.471,0,0.045,0,0.619,0,0,0,0,0.153
26/04/2015 19:00,0,0,0,0,0,0,0,0.369,0.074,0,0,0.55,0,0,0,0,0.009
26/04/2015 20:00,0,0,0,0,0,0,0,0.25,0.192,0,0,0.434,0,0,0,0,0
26/04/2015 21:00,0,0,0,0,0,0,0,0.118,0.309,0,0,0.234,0,0,0,0,0
26/04/2015 22:00,0,0,0,0,0,0,0,0.011,0.358,0,0,0.114,0,0,0.078,0,0
26/04/2015 23:00,0.1,0,0.2,0,0,0,0,0,0.439,0,0,0.014,0,0,0.238,0,0
27/04/2015 00:00,5.3,3.2,5.2,0.1,0.6,0.1,0.061,0,0.499,0,0,0,0,0,0.391,0,0
27/04/2015 01:00,16.4,14.1,14.9,5.4,7.2,5.2,0.201,0,0.546,0,0,0,0,0.046,0.522,0,0
27/04/2015 02:00,27.6,25.5,22.3,17,18.6,17.3,0.366,0,0.506,0,0,0,0,0.195,0.619,0,0
27/04/2015 03:00,38.8,34.2,29.8,28.3,28.6,28.8,0.488,0,0.352,0,0,0,0,0.365,0.665,0,0
27/04/2015 04:00,44.9,40,33.5,36.8,35.7,37.4,0.578,0,0.184,0,0,0,0.048,0.51,0.664,0.07,0
27/04/2015 05:00,46.4,42.8,35.3,42.1,40,42.7,0.621,0,0.02,0,0,0,0.119,0.61,0.611,0.251,0
27/04/2015 06:00,44.3,43,33.5,43.6,41.5,44.4,0.611,0,0,0,0.018,0,0.182,0.664,0.51,0.41,0
27/04/2015 07:00,38,40.5,31,42.9,40.4,43.9,0.567,0,0,0.041,0.114,0,0.215,0.671,0.365,0.532,0.002
27/04/2015 08:00,29.6,35.1,26.8,39.4,36.3,40.7,0.483,0,0,0.187,0.228,0,0.236,0.632,0.188,0.613,0.115
27/04/2015 09:00,20.4,26.5,20.5,31.7,29.2,35,0.359,0,0,0.344,0.333,0,0.249,0.525,0.029,0.624,0.308
27/04/2015 10:00,12,16.3,12.5,23.2,20.3,26.2,0.202,0,0,0.477,0.406,0,0.252,0.371,0,0.586,0.481
27/04/2015 11:00,3.7,6.7,4.3,13.4,9.8,15.2,0.061,0.006,0,0.564,0.438,0,0.208,0.212,0,0.433,0.609
27/04/2015 12:00,0,0.5,0.1,4.7,1.7,5,0,0.049,0,0.619,0.458,0.092,0.121,0.083,0,0.327,0.692
27/04/2015 13:00,0,0,0,0.3,0,0.3,0,0.117,0,0.62,0.423,0.269,0.042,0.003,0,0.2,0.719
27/04/2015 14:00,0,0,0,0,0,0,0,0.241,0,0.578,0.366,0.443,0,0,0,0.077,0.699
27/04/2015 15:00,0,0,0,0,0,0,0,0.353,0,0.484,0.249,0.564,0,0,0,0,0.621
27/04/2015 16:00,0,0,0,0,0,0,0,0.388,0,0.354,0.148,0.642,0,0,0,0,0.501
27/04/2015 17:00,0,0,0,0,0,0,0,0.389,0,0.194,0.034,0.669,0,0,0,0,0.336
27/04/2015 18:00,0,0,0,0,0,0,0,0.328,0.011,0.046,0,0.642,0,0,0,0,0.146
27/04/2015 19:00,0,0,0,0,0,0,0,0.243,0.185,0,0,0.58,0,0,0,0,0.011
27/04/2015 20:00,0,0,0,0,0,0,0,0.152,0.362,0,0,0.475,0,0,0,0,0
27/04/2015 21:00,0,0,0,0,0,0,0,0.061,0.496,0,0,0.329,0,0,0,0,0
27/04/2015 22:00,0,0,0,0,0,0,0,0.003,0.625,0,0,0.156,0,0,0.079,0,0
27/04/2015 23:00,0,0,0.3,0,0,0,0,0,0.67,0,0,0.024,0,0,0.25,0,0
28/04/2015 00:00,3.3,3.1,6.4,0.1,0.5,0.1,0.07,0,0.678,0,0,0,0,0,0.417,0,0
28/04/2015 01:00,9.9,13.9,17.4,4.7,7.6,4.9,0.228,0,0.648,0,0,0,0,0.044,0.53,0,0
28/04/2015 02:00,18.1,25.3,27.8,15.6,19.3,16.3,0.393,0,0.556,0,0,0,0,0.182,0.586,0,0
28/04/2015 03:00,27.4,33.9,35.1,26.9,29.3,27.7,0.524,0,0.409,0,0,0,0.01,0.323,0.566,0,0
28/04/2015 04:00,34.3,39.7,40.4,35.6,36.5,36.3,0.606,0,0.233,0,0,0,0.148,0.481,0.53,0.023,0
28/04/2015 05:00,38.2,42.2,42.9,41,40.9,41.8,0.648,0,0.032,0,0,0,0.36,0.605,0.471,0.115,0
28/04/2015 06:00,39.3,41.7,40.8,44.2,42.1,44.2,0.628,0,0,0,0.024,0,0.514,0.672,0.357,0.262,0
28/04/2015 07:00,35.8,38.8,36.6,43.7,40.6,43.7,0.582,0,0,0.043,0.138,0,0.602,0.681,0.239,0.428,0.002
28/04/2015 08:00,30.8,33.1,29.9,40.4,36.2,40.4,0.493,0,0,0.193,0.282,0,0.601,0.648,0.114,0.522,0.113
28/04/2015 09:00,22.2,24.6,21.3,34.9,29.6,34,0.37,0,0,0.357,0.399,0,0.562,0.552,0.016,0.533,0.298
28/04/2015 10:00,12.7,15.2,11.9,26,20.2,25.3,0.211,0,0,0.488,0.494,0,0.46,0.428,0,0.5,0.469
28/04/2015 11:00,4.2,6.3,3.9,15.2,10,14.9,0.062,0.042,0,0.574,0.54,0,0.341,0.269,0,0.38,0.597
28/04/2015 12:00,0,0.5,0.1,5.1,1.8,5,0,0.165,0,0.595,0.538,0.095,0.224,0.106,0,0.251,0.678
28/04/2015 13:00,0,0,0,0.3,0,0.3,0,0.293,0,0.591,0.501,0.28,0.097,0.005,0,0.158,0.706
28/04/2015 14:00,0,0,0,0,0,0,0,0.39,0,0.545,0.416,0.447,0.001,0,0,0.06,0.685
28/04/2015 15:00,0,0,0,0,0,0,0,0.446,0,0.464,0.287,0.56,0,0,0,0,0.614
28/04/2015 16:00,0,0,0,0,0,0,0,0.48,0,0.337,0.156,0.635,0,0,0,0,0.495
28/04/2015 17:00,0,0,0,0,0,0,0,0.481,0,0.184,0.034,0.665,0,0,0,0,0.33
28/04/2015 18:00,0,0,0,0,0,0,0,0.435,0.009,0.045,0,0.649,0,0,0,0,0.144
28/04/2015 19:00,0,0,0,0,0,0,0,0.339,0.192,0,0,0.591,0,0,0,0,0.012
28/04/2015 20:00,0,0,0,0,0,0,0,0.244,0.417,0,0,0.485,0,0,0,0,0
28/04/2015 21:00,0,0,0,0,0,0,0,0.121,0.569,0,0,0.322,0,0,0,0,0
28/04/2015 22:00,0,0,0,0,0,0,0,0.012,0.668,0,0,0.151,0,0,0.061,0,0
28/04/2015 23:00,0,0,0.3,0,0,0,0,0,0.701,0,0,0.021,0,0,0.171,0,0
29/04/2015 00:00,3,2.5,5.7,0.1,0.5,0.1,0.069,0,0.697,0,0,0,0,0,0.269,0,0
29/04/2015 01:00,9.9,11.9,14.9,6.2,7.8,5,0.221,0,0.634,0,0,0,0,0.05,0.312,0,0
29/04/2015 02:00,17.8,22.6,24.4,18.7,19.4,16.7,0.391,0,0.496,0,0,0,0,0.208,0.372,0,0
29/04/2015 03:00,25.5,31.4,30.6,30.2,29.5,28.3,0.517,0,0.352,0,0,0,0.057,0.384,0.442,0,0
29/04/2015 04:00,33.4,37.5,33.8,38.5,36.7,36.9,0.611,0,0.165,0,0,0,0.317,0.525,0.525,0.046,0
29/04/2015 05:00,40.3,40.7,34.6,43.8,41.1,42.3,0.649,0,0.011,0,0,0,0.529,0.617,0.557,0.177,0
29/04/2015 06:00,42.2,42.2,33.1,45.7,43,43.5,0.64,0,0,0,0.028,0,0.675,0.648,0.483,0.369,0
29/04/2015 07:00,40.2,39.9,30.6,45.1,41.7,43.1,0.594,0,0,0.041,0.156,0,0.766,0.662,0.345,0.491,0
29/04/2015 08:00,34.8,34.9,26.2,41.7,37.1,39.9,0.503,0,0,0.187,0.281,0,0.806,0.626,0.182,0.544,0.079
29/04/2015 09:00,27.4,26.5,19.1,35.2,30,35.2,0.373,0,0,0.348,0.378,0,0.799,0.525,0.034,0.553,0.233
29/04/2015 10:00,16.8,16.8,11.4,26.2,20.3,26.4,0.217,0,0,0.476,0.445,0,0.744,0.398,0,0.53,0.417
29/04/2015 11:00,6.2,7,3.9,15.3,10,15.6,0.066,0.034,0,0.558,0.466,0,0.64,0.238,0,0.453,0.571
29/04/2015 12:00,0.2,0.6,0.1,5,1.9,5.1,0,0.142,0,0.615,0.453,0.097,0.484,0.087,0,0.367,0.655
29/04/2015 13:00,0,0,0,0.3,0,0.3,0,0.238,0,0.611,0.38,0.28,0.266,0.004,0,0.201,0.693
29/04/2015 14:00,0,0,0,0,0,0,0,0.342,0,0.565,0.295,0.452,0.015,0,0,0.087,0.675
29/04/2015 15:00,0,0,0,0,0,0,0,0.42,0,0.477,0.201,0.574,0,0,0,0,0.606
29/04/2015 16:00,0,0,0,0,0,0,0,0.469,0,0.349,0.093,0.647,0,0,0,0,0.487
29/04/2015 17:00,0,0,0,0,0,0,0,0.459,0,0.191,0.016,0.672,0,0,0,0,0.326
29/04/2015 18:00,0,0,0,0,0,0,0,0.429,0.01,0.045,0,0.651,0,0,0,0,0.145
29/04/2015 19:00,0,0,0,0,0,0,0,0.367,0.189,0,0,0.583,0,0,0,0,0.014
29/04/2015 20:00,0,0,0,0,0,0,0,0.266,0.37,0,0,0.459,0,0,0,0,0
29/04/2015 21:00,0,0,0,0,0,0,0,0.122,0.536,0,0,0.318,0,0,0,0,0
29/04/2015 22:00,0,0,0,0,0,0,0,0.011,0.654,0,0,0.158,0,0,0.083,0,0
29/04/2015 23:00,0.4,0,0.3,0,0,0,0,0,0.702,0,0,0.024,0,0,0.245,0,0
30/04/2015 00:00,12.3,2.9,6.3,0.1,0.5,0.1,0.076,0,0.707,0,0,0,0,0,0.399,0,0
30/04/2015 01:00,29.2,12.5,17.4,5.3,6.7,5.4,0.235,0,0.661,0,0,0,0,0.046,0.529,0,0
30/04/2015 02:00,43.4,23.4,28.1,16.7,17.6,17.5,0.396,0,0.564,0,0,0,0,0.187,0.617,0,0
30/04/2015 03:00,53.6,32.4,36,28.1,27.7,29.1,0.522,0,0.42,0,0,0,0.065,0.351,0.659,0,0
30/04/2015 04:00,58.8,38.4,40.9,36.6,35.1,37.5,0.603,0,0.233,0,0,0,0.337,0.494,0.652,0.013,0
30/04/2015 05:00,60.4,41.4,42.4,41.9,39.3,42.7,0.642,0,0.027,0,0,0,0.552,0.581,0.598,0.064,0
30/04/2015 06:00,55.8,41.8,40.5,43.2,40.7,45.3,0.618,0,0,0,0.013,0,0.695,0.657,0.498,0.117,0
30/04/2015 07:00,49.8,39.5,37.2,42.4,39.5,44.8,0.581,0,0,0.04,0.117,0,0.782,0.668,0.356,0.175,0.001
30/04/2015 08:00,40.7,34.2,31.7,39,35.4,41.5,0.499,0,0,0.179,0.259,0,0.819,0.653,0.183,0.252,0.099
30/04/2015 09:00,29.7,26.4,24.5,33.4,28.5,35,0.364,0,0,0.335,0.369,0,0.811,0.555,0.031,0.307,0.26
30/04/2015 10:00,17.2,16.8,14.9,25,19.4,26.2,0.208,0,0,0.466,0.435,0,0.756,0.431,0,0.29,0.426
30/04/2015 11:00,5.6,6.9,5,14.7,9.4,15.4,0.058,0.043,0,0.552,0.466,0,0.653,0.272,0,0.235,0.554
30/04/2015 12:00,0,0.6,0.1,5.2,1.7,5.2,0,0.187,0,0.6,0.476,0.1,0.497,0.11,0,0.173,0.629
30/04/2015 13:00,0,0,0,0.3,0,0.3,0,0.337,0,0.593,0.438,0.282,0.283,0.007,0,0.099,0.647
30/04/2015 14:00,0,0,0,0,0,0,0,0.456,0,0.544,0.372,0.447,0.017,0,0,0.041,0.61
30/04/2015 15:00,0,0,0,0,0,0,0,0.527,0,0.467,0.265,0.562,0,0,0,0,0.523
30/04/2015 16:00,0,0,0,0,0,0,0,0.559,0,0.338,0.149,0.632,0,0,0,0,0.399
30/04/2015 17:00,0,0,0,0,0,0,0,0.551,0,0.185,0.035,0.652,0,0,0,0,0.261
30/04/2015 18:00,0,0,0,0,0,0,0,0.492,0.013,0.045,0,0.631,0,0,0,0,0.123
30/04/2015 19:00,0,0,0,0,0,0,0,0.397,0.201,0,0,0.569,0,0,0,0,0.014
30/04/2015 20:00,0,0,0,0,0,0,0,0.273,0.399,0,0,0.471,0,0,0,0,0
30/04/2015 21:00,0,0,0,0,0,0,0,0.132,0.556,0,0,0.322,0,0,0,0,0
30/04/2015 22:00,0,0,0,0,0,0,0,0.017,0.646,0,0,0.155,0,0,0.079,0,0
30/04/2015 23:00,0.2,0,0.4,0,0,0,0,0,0.704,0,0,0.024,0,0,0.25,0,0
01/05/2015 00:00,6.3,3,7.4,0.1,0.5,0.1,0.067,0,0.707,0,0,0,0,0,0.414,0,0
01/05/2015 01:00,18,12.9,19.2,6.3,6,5.3,0.215,0,0.663,0,0,0,0,0.049,0.54,0,0
01/05/2015 02:00,30.5,23.5,29.8,18.8,15.8,17.1,0.385,0,0.565,0,0,0,0,0.201,0.621,0,0
01/05/2015 03:00,42.2,32.3,37.9,30.3,24.4,28.6,0.508,0,0.411,0,0,0,0.069,0.373,0.656,0,0
01/05/2015 04:00,48.1,38.4,42.7,38.7,31.1,37.1,0.586,0,0.219,0,0,0,0.346,0.516,0.648,0.132,0
01/05/2015 05:00,50.3,41.3,44.4,44.1,34.9,42.4,0.624,0,0.024,0,0,0,0.556,0.615,0.595,0.378,0
01/05/2015 06:00,44.8,41.8,42.8,46,36.2,43.4,0.614,0,0,0,0.017,0,0.698,0.675,0.495,0.553,0
01/05/2015 07:00,40.4,39.4,39.4,45.4,34.8,43,0.575,0,0,0.043,0.094,0,0.784,0.684,0.353,0.669,0.003
01/05/2015 08:00,33.2,34.4,33,41.9,31.1,39.9,0.496,0,0,0.19,0.178,0,0.82,0.649,0.181,0.732,0.106
01/05/2015 09:00,25.4,26.1,24,35.8,25.3,35.1,0.353,0,0,0.348,0.244,0,0.81,0.554,0.032,0.751,0.274
01/05/2015 10:00,13.8,16.6,14.1,26.7,17.2,26.4,0.19,0,0,0.479,0.29,0,0.755,0.432,0,0.726,0.44
01/05/2015 11:00,4.5,6.9,4.7,15.6,8.6,15.5,0.055,0.045,0,0.566,0.318,0,0.651,0.273,0,0.663,0.57
01/05/2015 12:00,0,0.6,0.1,5.1,1.6,5.1,0,0.179,0,0.621,0.313,0.099,0.495,0.11,0,0.551,0.649
01/05/2015 13:00,0,0,0,0.4,0,0.3,0,0.313,0,0.617,0.272,0.283,0.28,0.007,0,0.396,0.679
01/05/2015 14:00,0,0,0,0,0,0,0,0.418,0,0.571,0.211,0.448,0.015,0,0,0.17,0.661
01/05/2015 15:00,0,0,0,0,0,0,0,0.495,0,0.475,0.135,0.568,0,0,0,0.003,0.604
01/05/2015 16:00,0,0,0,0,0,0,0,0.522,0,0.345,0.067,0.64,0,0,0,0,0.487
01/05/2015 17:00,0,0,0,0,0,0,0,0.514,0,0.185,0.011,0.666,0,0,0,0,0.324
01/05/2015 18:00,0,0,0,0,0,0,0,0.459,0.001,0.045,0,0.648,0,0,0,0,0.142
01/05/2015 19:00,0,0,0,0,0,0,0,0.368,0.087,0,0,0.587,0,0,0,0,0.014
01/05/2015 20:00,0,0,0,0,0,0,0,0.248,0.177,0,0,0.47,0,0,0,0,0
01/05/2015 21:00,0,0,0,0,0,0,0,0.112,0.369,0,0,0.306,0,0,0,0,0
01/05/2015 22:00,0,0,0,0,0,0,0,0.013,0.561,0,0,0.142,0,0,0.078,0,0
01/05/2015 23:00,0.3,0,0.4,0,0,0,0,0,0.633,0,0,0.02,0,0,0.245,0,0
02/05/2015 00:00,9.9,2.8,6.7,0.1,0.4,0.1,0.074,0,0.635,0,0,0,0,0,0.408,0,0
02/05/2015 01:00,27.5,12.2,17.5,6.6,5.8,5.4,0.22,0,0.622,0,0,0,0,0.051,0.535,0,0
02/05/2015 02:00,43.8,22.4,27.3,19.1,15.4,17.2,0.386,0,0.52,0,0,0,0,0.214,0.618,0,0
02/05/2015 03:00,53.1,30.7,33.8,30.6,24.4,28.6,0.493,0,0.401,0,0,0,0.054,0.395,0.656,0,0
02/05/2015 04:00,57.5,36.5,38.5,39,30.7,37,0.571,0,0.227,0,0,0,0.31,0.543,0.648,0.127,0
02/05/2015 05:00,57.8,39.3,40.6,44.2,34.6,42.4,0.602,0,0.028,0,0,0,0.534,0.644,0.595,0.368,0
02/05/2015 06:00,55.8,39.7,39.7,46.6,36,44.9,0.588,0,0,0,0.004,0,0.679,0.693,0.496,0.552,0
02/05/2015 07:00,51.4,37,36.2,46,34.8,44.4,0.524,0,0,0.04,0.05,0,0.768,0.7,0.354,0.669,0.002
02/05/2015 08:00,41.9,32.2,29.9,42.6,31.2,41.2,0.426,0,0,0.171,0.109,0,0.806,0.664,0.181,0.726,0.098
02/05/2015 09:00,30,24.5,21.8,36.1,25.2,35.1,0.296,0,0,0.313,0.175,0,0.798,0.579,0.031,0.749,0.269
02/05/2015 10:00,17.5,15.6,12.6,27.1,17.6,26.5,0.185,0,0,0.458,0.241,0,0.744,0.453,0,0.737,0.45
02/05/2015 11:00,5.8,6.6,4.5,15.8,8.9,15.6,0.061,0.038,0,0.569,0.276,0,0.641,0.288,0,0.672,0.58
02/05/2015 12:00,0.1,0.6,0.1,5,1.8,5.2,0,0.151,0,0.625,0.289,0.093,0.484,0.114,0,0.564,0.662
02/05/2015 13:00,0,0,0,0.4,0,0.3,0,0.268,0,0.621,0.278,0.263,0.251,0.008,0,0.395,0.691
02/05/2015 14:00,0,0,0,0,0,0,0,0.36,0,0.574,0.237,0.429,0.01,0,0,0.164,0.67
02/05/2015 15:00,0,0,0,0,0,0,0,0.443,0,0.481,0.165,0.537,0,0,0,0.001,0.577
02/05/2015 16:00,0,0,0,0,0,0,0,0.486,0,0.35,0.091,0.59,0,0,0,0,0.47
02/05/2015 17:00,0,0,0,0,0,0,0,0.464,0,0.192,0.019,0.6,0,0,0,0,0.318
02/05/2015 18:00,0,0,0,0,0,0,0,0.386,0.009,0.046,0,0.561,0,0,0,0,0.143
02/05/2015 19:00,0,0,0,0,0,0,0,0.288,0.184,0,0,0.48,0,0,0,0,0.014
02/05/2015 20:00,0,0,0,0,0,0,0,0.172,0.397,0,0,0.311,0,0,0,0,0
02/05/2015 21:00,0,0,0,0,0,0,0,0.074,0.503,0,0,0.161,0,0,0,0,0
02/05/2015 22:00,0,0,0,0,0,0,0,0.003,0.577,0,0,0.064,0,0,0.077,0,0
02/05/2015 23:00,0.2,0,0.3,0,0,0,0,0,0.632,0,0,0.003,0,0,0.246,0,0
03/05/2015 00:00,8.1,3,5.9,0.1,0.4,0.1,0.075,0,0.651,0,0,0,0,0,0.409,0,0
03/05/2015 01:00,25.7,12.7,16.1,6.6,5.3,5.6,0.204,0,0.594,0,0,0,0,0.052,0.535,0,0
03/05/2015 02:00,44.2,22.9,26.2,19,14.7,17.6,0.308,0,0.491,0,0,0,0,0.213,0.615,0,0
03/05/2015 03:00,55.5,31.6,34,30.4,23.6,29.1,0.316,0,0.392,0,0,0,0.054,0.392,0.65,0,0
03/05/2015 04:00,62.6,37.9,39.7,38.4,29.8,37.4,0.287,0,0.204,0,0,0,0.319,0.534,0.641,0.145,0
03/05/2015 05:00,64.8,41,42.1,43.7,33.6,42.6,0.294,0,0.021,0,0,0,0.534,0.631,0.587,0.395,0
03/05/2015 06:00,62.3,41.2,41.8,46.2,34.9,44.7,0.274,0,0,0,0.022,0,0.674,0.691,0.486,0.566,0
03/05/2015 07:00,55,38.6,38.3,45.7,33.6,44.2,0.245,0,0,0.045,0.131,0,0.759,0.699,0.346,0.678,0.003
03/05/2015 08:00,45.1,33.1,32,42.3,30,41.1,0.217,0,0,0.198,0.246,0,0.796,0.663,0.177,0.742,0.109
03/05/2015 09:00,32.1,24.9,23.6,36,24.4,35.4,0.18,0,0,0.364,0.332,0,0.786,0.56,0.032,0.756,0.276
03/05/2015 10:00,19.5,15.6,14.3,27,16.6,26.5,0.11,0,0,0.497,0.401,0,0.731,0.437,0,0.738,0.435
03/05/2015 11:00,6.3,6.5,5,15.8,8.5,15.7,0.035,0.017,0,0.58,0.426,0,0.628,0.277,0,0.671,0.545
03/05/2015 12:00,0.2,0.6,0.2,5,1.7,5.2,0,0.092,0,0.603,0.438,0.04,0.457,0.112,0,0.563,0.627
03/05/2015 13:00,0,0,0,0.4,0,0.3,0,0.196,0,0.585,0.374,0.167,0.166,0.009,0,0.407,0.658
03/05/2015 14:00,0,0,0,0,0,0,0,0.306,0,0.537,0.314,0.293,0.003,0,0,0.158,0.641
03/05/2015 15:00,0,0,0,0,0,0,0,0.38,0,0.451,0.201,0.365,0,0,0,0.002,0.574
03/05/2015 16:00,0,0,0,0,0,0,0,0.359,0,0.311,0.102,0.393,0,0,0,0,0.46
03/05/2015 17:00,0,0,0,0,0,0,0,0.312,0,0.165,0.02,0.386,0,0,0,0,0.298
03/05/2015 18:00,0,0,0,0,0,0,0,0.249,0.005,0.042,0,0.367,0,0,0,0,0.134
03/05/2015 19:00,0,0,0,0,0,0,0,0.198,0.149,0,0,0.335,0,0,0,0,0.015
03/05/2015 20:00,0,0,0,0,0,0,0,0.129,0.346,0,0,0.275,0,0,0,0,0
03/05/2015 21:00,0,0,0,0,0,0,0,0.058,0.507,0,0,0.176,0,0,0,0,0
03/05/2015 22:00,0,0,0,0,0,0,0,0.005,0.633,0,0,0.08,0,0,0.077,0,0
03/05/2015 23:00,0.5,0,0.3,0,0,0,0,0,0.684,0,0,0.009,0,0,0.239,0,0
04/05/2015 00:00,12.1,3,6.3,0.1,0.5,0.1,0.048,0,0.692,0,0,0,0,0,0.399,0,0
04/05/2015 01:00,30.8,12.1,17.1,6.8,6.3,5.5,0.105,0,0.625,0,0,0,0,0.053,0.521,0,0
04/05/2015 02:00,46.5,21.7,27,19.4,16.1,17.3,0.154,0,0.518,0,0,0,0,0.217,0.602,0,0
04/05/2015 03:00,57.1,29.5,34.5,30.7,25.3,28.5,0.229,0,0.383,0,0,0,0.047,0.394,0.638,0,0
04/05/2015 04:00,63.9,34.6,39.5,38.7,32.4,36.7,0.305,0,0.175,0,0,0,0.305,0.535,0.631,0.139,0
04/05/2015 05:00,65,37.1,41.5,43.8,36.6,41.9,0.386,0,0.014,0,0,0,0.521,0.63,0.579,0.4,0
04/05/2015 06:00,63.9,37,41.1,46,38.3,44.1,0.342,0,0,0,0.016,0,0.659,0.665,0.48,0.564,0
04/05/2015 07:00,57.2,34.9,37.7,45.4,36.7,43.6,0.226,0,0,0.042,0.106,0,0.744,0.673,0.342,0.675,0.003
04/05/2015 08:00,47.5,30.7,31.7,42,32.4,40.4,0.154,0,0,0.183,0.192,0,0.78,0.638,0.177,0.728,0.107
04/05/2015 09:00,35.1,23.6,23.6,35.3,25.6,34.3,0.106,0,0,0.354,0.238,0,0.769,0.57,0.034,0.74,0.264
04/05/2015 10:00,19.8,14.9,14.2,26.4,16.2,25.5,0.063,0,0,0.491,0.251,0,0.704,0.445,0,0.719,0.418
04/05/2015 11:00,6.3,6.3,5.1,15.4,7.6,15,0.021,0.034,0,0.577,0.248,0,0.598,0.275,0,0.584,0.541
04/05/2015 12:00,0.2,0.6,0.2,5,1.4,5.2,0,0.15,0,0.618,0.214,0.091,0.434,0.11,0,0.476,0.624
04/05/2015 13:00,0,0,0,0.5,0,0.3,0,0.249,0,0.614,0.17,0.261,0.191,0.008,0,0.301,0.655
04/05/2015 14:00,0,0,0,0,0,0,0,0.307,0,0.567,0.133,0.412,0.003,0,0,0.12,0.638
04/05/2015 15:00,0,0,0,0,0,0,0,0.322,0,0.478,0.1,0.52,0,0,0,0,0.567
04/05/2015 16:00,0,0,0,0,0,0,0,0.324,0,0.348,0.059,0.588,0,0,0,0,0.455
04/05/2015 17:00,0,0,0,0,0,0,0,0.289,0,0.189,0.012,0.612,0,0,0,0,0.302
04/05/2015 18:00,0,0,0,0,0,0,0,0.23,0,0.045,0,0.593,0,0,0,0,0.133
04/05/2015 19:00,0,0,0,0,0,0,0,0.168,0.094,0,0,0.537,0,0,0,0,0.014
04/05/2015 20:00,0,0,0,0,0,0,0,0.105,0.229,0,0,0.439,0,0,0,0,0
04/05/2015 21:00,0,0,0,0,0,0,0,0.043,0.37,0,0,0.302,0,0,0,0,0
04/05/2015 22:00,0,0,0,0,0,0,0,0,0.478,0,0,0.141,0,0,0.06,0,0
04/05/2015 23:00,0.5,0,0.3,0,0,0,0,0,0.536,0,0,0.017,0,0,0.196,0,0
05/05/2015 00:00,12.3,2.9,5.6,0.1,0.6,0.1,0.086,0,0.524,0,0,0,0,0,0.329,0,0
05/05/2015 01:00,29,11.6,14.5,6.5,5.9,5.2,0.255,0,0.485,0,0,0,0,0.052,0.422,0,0
05/05/2015 02:00,43.9,20.7,22.7,18.5,15.6,16.7,0.421,0,0.36,0,0,0,0,0.218,0.516,0,0
05/05/2015 03:00,54.9,28.2,29,29.7,25,27.6,0.55,0,0.255,0,0,0,0.047,0.4,0.562,0,0
05/05/2015 04:00,61.5,33.7,33.7,37.7,32.7,35.9,0.632,0,0.119,0,0,0,0.301,0.543,0.587,0.116,0
05/05/2015 05:00,64.1,36.8,36.4,42.9,37.1,41.3,0.67,0,0.005,0,0,0,0.512,0.639,0.557,0.365,0
05/05/2015 06:00,60,37.3,37.7,45.2,38,44.1,0.65,0,0,0,0.022,0,0.658,0.701,0.472,0.54,0
05/05/2015 07:00,51.9,35.5,34.6,44.6,36.6,43.7,0.602,0,0,0.042,0.144,0,0.747,0.709,0.339,0.651,0.003
05/05/2015 08:00,40.5,31.5,29.5,41.2,32.2,40.6,0.512,0,0,0.187,0.285,0,0.784,0.674,0.177,0.716,0.1
05/05/2015 09:00,27,24.7,22.3,34.8,25.3,34.5,0.385,0,0,0.357,0.405,0,0.775,0.586,0.034,0.738,0.263
05/05/2015 10:00,16,16,13.3,25.9,16.6,25.9,0.212,0,0,0.488,0.49,0,0.684,0.464,0,0.701,0.408
05/05/2015 11:00,5.3,6.8,4.7,15.2,7.6,15.3,0.07,0.037,0,0.572,0.535,0,0.493,0.3,0,0.597,0.513
05/05/2015 12:00,0.2,0.7,0.2,5.1,1.4,5.2,0,0.141,0,0.605,0.537,0.069,0.376,0.117,0,0.35,0.617
05/05/2015 13:00,0,0,0,0.5,0,0.3,0,0.251,0,0.6,0.482,0.194,0.182,0.008,0,0.196,0.682
05/05/2015 14:00,0,0,0,0,0,0,0,0.346,0,0.554,0.363,0.301,0.001,0,0,0.07,0.668
05/05/2015 15:00,0,0,0,0,0,0,0,0.398,0,0.46,0.257,0.38,0,0,0,0,0.566
05/05/2015 16:00,0,0,0,0,0,0,0,0.431,0,0.332,0.156,0.436,0,0,0,0,0.421
05/05/2015 17:00,0,0,0,0,0,0,0,0.437,0,0.181,0.043,0.44,0,0,0,0,0.294
05/05/2015 18:00,0,0,0,0,0,0,0,0.405,0.001,0.045,0,0.41,0,0,0,0,0.144
05/05/2015 19:00,0,0,0,0,0,0,0,0.336,0.121,0,0,0.354,0,0,0,0,0.015
05/05/2015 20:00,0,0,0,0,0,0,0,0.237,0.294,0,0,0.271,0,0,0,0,0
05/05/2015 21:00,0,0,0,0,0,0,0,0.121,0.437,0,0,0.186,0,0,0,0,0
05/05/2015 22:00,0,0,0,0,0,0,0,0.016,0.533,0,0,0.098,0,0,0.077,0,0
05/05/2015 23:00,0.5,0,0.3,0,0,0,0,0,0.613,0,0,0.017,0,0,0.226,0,0
06/05/2015 00:00,11.7,3.3,6.1,0.1,0.6,0.1,0.078,0,0.588,0,0,0,0,0,0.365,0,0
06/05/2015 01:00,28.9,12.8,17.6,6.5,6.2,5.5,0.234,0,0.545,0,0,0,0,0.051,0.471,0,0
06/05/2015 02:00,43.6,22.9,27.9,18.5,15.4,17.2,0.395,0,0.475,0,0,0,0,0.228,0.535,0,0
06/05/2015 03:00,54.3,31.1,35.5,29.6,23.4,28.4,0.522,0,0.283,0,0,0,0.025,0.411,0.539,0,0
06/05/2015 04:00,59.5,37.4,40.3,37.6,29.6,36.8,0.608,0,0.092,0,0,0,0.261,0.552,0.503,0.138,0
06/05/2015 05:00,61.2,41,42.5,42.7,32.7,42.1,0.648,0,0,0,0,0,0.494,0.643,0.425,0.35,0
06/05/2015 06:00,56.4,41.5,41.7,44.4,32.4,44.1,0.652,0,0,0,0.03,0,0.644,0.683,0.338,0.523,0
06/05/2015 07:00,49.9,39,38.1,43.9,29.8,43.6,0.606,0,0,0.044,0.149,0,0.74,0.691,0.236,0.625,0.003
06/05/2015 08:00,39.3,33.9,32.1,40.7,25.8,40.2,0.516,0,0,0.189,0.237,0,0.779,0.656,0.123,0.688,0.102
06/05/2015 09:00,28.7,26,23.6,34,19.8,34.6,0.387,0,0,0.347,0.321,0,0.768,0.568,0.024,0.705,0.26
06/05/2015 10:00,17.1,16.5,13,25.3,13.1,25.8,0.228,0,0,0.474,0.371,0,0.701,0.445,0,0.678,0.419
06/05/2015 11:00,5.3,7,4.3,14.8,6.5,15.4,0.074,0.035,0,0.553,0.389,0,0.577,0.284,0,0.615,0.55
06/05/2015 12:00,0.1,0.7,0.2,5.2,1.3,5.3,0,0.121,0,0.595,0.354,0.079,0.356,0.113,0,0.498,0.636
06/05/2015 13:00,0,0,0,0.5,0,0.4,0,0.211,0,0.576,0.285,0.23,0.171,0.01,0,0.304,0.667
06/05/2015 14:00,0,0,0,0,0,0,0,0.283,0,0.524,0.211,0.387,0.002,0,0,0.126,0.646
06/05/2015 15:00,0,0,0,0,0,0,0,0.31,0,0.418,0.142,0.5,0,0,0,0,0.568
06/05/2015 16:00,0,0,0,0,0,0,0,0.326,0,0.302,0.07,0.562,0,0,0,0,0.448
06/05/2015 17:00,0,0,0,0,0,0,0,0.314,0,0.171,0.012,0.584,0,0,0,0,0.29
06/05/2015 18:00,0,0,0,0,0,0,0,0.269,0,0.045,0,0.569,0,0,0,0,0.13
06/05/2015 19:00,0,0,0,0,0,0,0,0.215,0.121,0,0,0.52,0,0,0,0,0.015
06/05/2015 20:00,0,0,0,0,0,0,0,0.141,0.281,0,0,0.427,0,0,0,0,0
06/05/2015 21:00,0,0,0,0,0,0,0,0.062,0.407,0,0,0.29,0,0,0,0,0
06/05/2015 22:00,0,0,0,0,0,0,0,0.003,0.478,0,0,0.143,0,0,0.056,0,0
06/05/2015 23:00,0.3,0,0.3,0,0,0,0,0,0.568,0,0,0.021,0,0,0.169,0,0
07/05/2015 00:00,9,3.4,6.1,0.1,0.6,0.1,0.08,0,0.531,0,0,0,0,0,0.211,0,0
07/05/2015 01:00,23.7,13.8,16.9,6.5,5.8,5.5,0.238,0,0.467,0,0,0,0,0.053,0.245,0,0
07/05/2015 02:00,39,24.9,27.5,18.5,14.3,16.5,0.4,0,0.337,0,0,0,0,0.219,0.269,0,0
07/05/2015 03:00,50.7,32.5,34.3,29.7,22.3,27.1,0.53,0,0.198,0,0,0,0.044,0.399,0.257,0,0
07/05/2015 04:00,56.5,38.6,38.9,37.8,28.5,35.3,0.615,0,0.078,0,0,0,0.305,0.541,0.243,0.084,0
07/05/2015 05:00,54.1,41.7,40.6,42.9,32.1,40.4,0.655,0,0.001,0,0,0,0.515,0.633,0.224,0.314,0
07/05/2015 06:00,49.5,41.9,38.6,45.3,32.6,42.8,0.636,0,0,0,0.024,0,0.656,0.675,0.18,0.459,0
07/05/2015 07:00,40.6,39.3,34.4,44.4,31.1,42.2,0.589,0,0,0.043,0.14,0,0.744,0.682,0.129,0.584,0.003
07/05/2015 08:00,31.1,34,29.2,40,27.1,39.1,0.499,0,0,0.186,0.267,0,0.783,0.647,0.062,0.657,0.103
07/05/2015 09:00,20.6,26.5,22,32,20.9,32.7,0.373,0,0,0.342,0.379,0,0.777,0.568,0.007,0.651,0.271
07/05/2015 10:00,10.7,16.9,13.1,22,14,24.3,0.217,0,0,0.465,0.466,0,0.725,0.447,0,0.599,0.443
07/05/2015 11:00,2.9,7.2,4.5,12,6.7,14.3,0.069,0.016,0,0.547,0.488,0,0.624,0.287,0,0.462,0.569
07/05/2015 12:00,0,0.7,0.2,4.3,1.2,5,0,0.092,0,0.579,0.497,0.075,0.457,0.115,0,0.332,0.644
07/05/2015 13:00,0,0,0,0.3,0,0.3,0,0.182,0,0.575,0.441,0.217,0.17,0.011,0,0.201,0.674
07/05/2015 14:00,0,0,0,0,0,0,0,0.264,0,0.528,0.359,0.362,0,0,0,0.083,0.655
07/05/2015 15:00,0,0,0,0,0,0,0,0.348,0,0.438,0.252,0.473,0,0,0,0,0.586
07/05/2015 16:00,0,0,0,0,0,0,0,0.453,0,0.315,0.129,0.557,0,0,0,0,0.469
07/05/2015 17:00,0,0,0,0,0,0,0,0.477,0,0.174,0.029,0.598,0,0,0,0,0.311
07/05/2015 18:00,0,0,0,0,0,0,0,0.438,0.002,0.044,0,0.582,0,0,0,0,0.137
07/05/2015 19:00,0,0,0,0,0,0,0,0.361,0.121,0,0,0.518,0,0,0,0,0.016
07/05/2015 20:00,0,0,0,0,0,0,0,0.251,0.295,0,0,0.407,0,0,0,0,0
07/05/2015 21:00,0,0,0,0,0,0,0,0.125,0.446,0,0,0.255,0,0,0,0,0
07/05/2015 22:00,0,0,0,0,0,0,0,0.015,0.514,0,0,0.109,0,0,0.032,0,0
07/05/2015 23:00,0.2,0,0.1,0,0,0,0,0,0.456,0,0,0.016,0,0,0.114,0,0
08/05/2015 00:00,4.7,2.9,3,0.2,0.6,0.1,0.078,0,0.389,0,0,0,0,0,0.185,0,0
08/05/2015 01:00,13.7,12.3,9.8,5,5.7,4.9,0.231,0,0.349,0,0,0,0,0.056,0.253,0,0
08/05/2015 02:00,24.4,22.4,17.4,15.1,14.1,14.7,0.387,0,0.321,0,0,0,0,0.217,0.31,0,0
08/05/2015 03:00,34.6,31,24.2,25.8,22.2,24.7,0.515,0,0.273,0,0,0,0.049,0.392,0.345,0,0
08/05/2015 04:00,43.4,36.9,29.6,33.5,28.4,33.1,0.598,0,0.149,0,0,0,0.316,0.533,0.355,0.089,0
08/05/2015 05:00,47.8,40,32.7,38.6,32.6,38.8,0.642,0,0.01,0,0,0,0.524,0.624,0.344,0.297,0
08/05/2015 06:00,43.6,41,33,40,34.2,40.2,0.633,0,0,0,0.016,0,0.663,0.671,0.287,0.468,0
08/05/2015 07:00,36.3,39,30.2,38.2,33.1,39.9,0.584,0,0,0.043,0.101,0,0.747,0.677,0.208,0.562,0.004
08/05/2015 08:00,28.6,34.2,25.1,34.7,29.6,36.8,0.493,0,0,0.187,0.195,0,0.783,0.642,0.109,0.609,0.106
08/05/2015 09:00,18.7,26,18.3,29.3,23.6,31.8,0.366,0,0,0.345,0.295,0,0.774,0.538,0.02,0.616,0.257
08/05/2015 10:00,11.2,16.5,11.2,22.2,16,23.2,0.214,0,0,0.474,0.347,0,0.72,0.414,0,0.598,0.393
08/05/2015 11:00,3.6,7,4.2,13.8,8,13.3,0.07,0.041,0,0.557,0.379,0,0.619,0.258,0,0.54,0.498
08/05/2015 12:00,0.1,0.7,0.2,5.3,1.5,4.8,0,0.134,0,0.607,0.349,0.099,0.466,0.105,0,0.445,0.564
08/05/2015 13:00,0,0,0,0.5,0,0.3,0,0.222,0,0.591,0.28,0.258,0.246,0.01,0,0.301,0.604
08/05/2015 14:00,0,0,0,0,0,0,0,0.323,0,0.525,0.213,0.377,0.007,0,0,0.114,0.601
08/05/2015 15:00,0,0,0,0,0,0,0,0.415,0,0.425,0.132,0.431,0,0,0,0,0.555
08/05/2015 16:00,0,0,0,0,0,0,0,0.43,0,0.299,0.064,0.52,0,0,0,0,0.454
08/05/2015 17:00,0,0,0,0,0,0,0,0.419,0,0.168,0.011,0.546,0,0,0,0,0.305
08/05/2015 18:00,0,0,0,0,0,0,0,0.384,0,0.044,0,0.525,0,0,0,0,0.138
08/05/2015 19:00,0,0,0,0,0,0,0,0.327,0.115,0,0,0.477,0,0,0,0,0.017
08/05/2015 20:00,0,0,0,0,0,0,0,0.21,0.304,0,0,0.4,0,0,0,0,0
08/05/2015 21:00,0,0,0,0,0,0,0,0.088,0.481,0,0,0.29,0,0,0,0,0
08/05/2015 22:00,0,0,0,0,0,0,0,0.008,0.584,0,0,0.151,0,0,0.019,0,0
08/05/2015 23:00,0.4,0,0.4,0,0,0,0,0,0.655,0,0,0.03,0,0,0.079,0,0
09/05/2015 00:00,8.3,2.8,5.7,0.2,0.6,0.1,0.08,0,0.643,0,0,0,0,0,0.153,0,0
09/05/2015 01:00,19.4,11.6,15.6,5.9,5,4.5,0.231,0,0.496,0,0,0,0,0.055,0.214,0,0
09/05/2015 02:00,29.4,21,24.3,16.7,11.9,13.8,0.385,0,0.353,0,0,0,0,0.196,0.247,0,0
09/05/2015 03:00,40.3,29.1,30,27.3,18.6,23.6,0.497,0,0.196,0,0,0,0.001,0.356,0.277,0,0
09/05/2015 04:00,45.4,35.3,33.5,35.4,24.2,31.9,0.575,0,0.083,0,0,0,0.122,0.488,0.281,0.126,0
09/05/2015 05:00,50,38.8,35.8,40.2,28.1,37.7,0.588,0,0.004,0,0,0,0.37,0.578,0.259,0.39,0
09/05/2015 06:00,52,39.3,35.3,42.2,27.6,41,0.579,0,0,0,0.032,0,0.564,0.618,0.207,0.558,0
09/05/2015 07:00,49.4,36.9,32.9,40.2,25.8,41.1,0.541,0,0,0.041,0.158,0,0.668,0.628,0.146,0.663,0.004
09/05/2015 08:00,41.9,31.8,28.2,35.7,22.3,38,0.454,0,0,0.187,0.286,0,0.715,0.596,0.072,0.72,0.106
09/05/2015 09:00,31.3,24.5,20.9,28.9,17.1,31.2,0.338,0,0,0.351,0.367,0,0.719,0.503,0.011,0.729,0.275
09/05/2015 10:00,18.5,15.5,12.6,21.4,11,23.1,0.197,0,0,0.482,0.399,0,0.669,0.379,0,0.692,0.441
09/05/2015 11:00,6.6,6.6,4.7,12.5,5.2,13.8,0.065,0.033,0,0.568,0.421,0,0.573,0.235,0,0.583,0.57
09/05/2015 12:00,0.2,0.6,0.2,5,1,5,0,0.14,0,0.605,0.419,0.077,0.43,0.1,0,0.436,0.649
09/05/2015 13:00,0,0,0,0.5,0,0.4,0,0.254,0,0.599,0.361,0.211,0.222,0.01,0,0.285,0.677
09/05/2015 14:00,0,0,0,0,0,0,0,0.349,0,0.553,0.301,0.323,0.005,0,0,0.119,0.657
09/05/2015 15:00,0,0,0,0,0,0,0,0.425,0,0.472,0.205,0.373,0,0,0,0,0.593
09/05/2015 16:00,0,0,0,0,0,0,0,0.466,0,0.342,0.101,0.442,0,0,0,0,0.48
09/05/2015 17:00,0,0,0,0,0,0,0,0.459,0,0.183,0.02,0.511,0,0,0,0,0.32
09/05/2015 18:00,0,0,0,0,0,0,0,0.412,0.005,0.039,0,0.53,0,0,0,0,0.136
09/05/2015 19:00,0,0,0,0,0,0,0,0.333,0.176,0,0,0.506,0,0,0,0,0.014
09/05/2015 20:00,0,0,0,0,0,0,0,0.233,0.387,0,0,0.428,0,0,0,0,0
09/05/2015 21:00,0,0,0,0,0,0,0,0.117,0.498,0,0,0.305,0,0,0,0,0
09/05/2015 22:00,0,0,0,0,0,0,0,0.017,0.617,0,0,0.156,0,0,0.038,0,0
09/05/2015 23:00,0.1,0,0.5,0,0,0,0,0,0.703,0,0,0.028,0,0,0.124,0,0
10/05/2015 00:00,4.1,2.4,5.9,0.2,0.5,0.1,0.068,0,0.711,0,0,0,0,0,0.211,0,0
10/05/2015 01:00,11.1,9.1,13.8,5,4.5,4.2,0.194,0,0.674,0,0,0,0,0.055,0.277,0,0
10/05/2015 02:00,17.8,16.5,21.1,13.7,11.2,13.4,0.325,0,0.582,0,0,0,0,0.197,0.34,0,0
10/05/2015 03:00,28.1,23.6,27.6,22,18,23.8,0.451,0,0.43,0,0,0,0.012,0.356,0.39,0,0
10/05/2015 04:00,33,30.3,32.6,29.1,23.1,32.6,0.535,0,0.23,0,0,0,0.171,0.49,0.407,0.114,0
10/05/2015 05:00,34.6,34.7,34.1,34.4,26.4,38,0.592,0,0.024,0,0,0,0.372,0.577,0.376,0.303,0
10/05/2015 06:00,33.8,33.8,33.3,37.1,27.1,39.6,0.599,0,0,0,0.012,0,0.513,0.651,0.311,0.447,0
10/05/2015 07:00,29.5,31.1,30.7,38.5,26.2,39.6,0.566,0,0,0.04,0.097,0,0.638,0.661,0.216,0.543,0.004
10/05/2015 08:00,21.4,26.5,25.3,36.8,23.5,36.5,0.479,0,0,0.191,0.208,0,0.639,0.627,0.109,0.618,0.106
10/05/2015 09:00,17.7,18.9,18.4,32,18.5,31.1,0.359,0,0,0.359,0.305,0,0.608,0.529,0.018,0.637,0.283
10/05/2015 10:00,10.4,11.3,11,24,12.4,23.2,0.212,0,0,0.492,0.371,0,0.588,0.41,0,0.626,0.455
10/05/2015 11:00,3.3,4.9,4.3,14.3,6.3,13.9,0.071,0.042,0,0.577,0.394,0,0.511,0.257,0,0.598,0.586
10/05/2015 12:00,0,0.5,0.2,5.4,1.2,5.1,0,0.168,0,0.615,0.392,0.078,0.369,0.109,0,0.484,0.668
10/05/2015 13:00,0,0,0,0.5,0,0.5,0,0.312,0,0.61,0.358,0.198,0.172,0.011,0,0.3,0.697
10/05/2015 14:00,0,0,0,0,0,0,0,0.447,0,0.563,0.306,0.343,0,0,0,0.143,0.677
10/05/2015 15:00,0,0,0,0,0,0,0,0.525,0,0.469,0.225,0.481,0,0,0,0,0.609
10/05/2015 16:00,0,0,0,0,0,0,0,0.56,0,0.34,0.119,0.548,0,0,0,0,0.487
10/05/2015 17:00,0,0,0,0,0,0,0,0.55,0,0.182,0.03,0.566,0,0,0,0,0.313
10/05/2015 18:00,0,0,0,0,0,0,0,0.494,0.005,0.04,0,0.495,0,0,0,0,0.132
10/05/2015 19:00,0,0,0,0,0,0,0,0.396,0.182,0,0,0.404,0,0,0,0,0.015
10/05/2015 20:00,0,0,0,0,0,0,0,0.267,0.398,0,0,0.286,0,0,0,0,0
10/05/2015 21:00,0,0,0,0,0,0,0,0.118,0.542,0,0,0.181,0,0,0,0,0
10/05/2015 22:00,0,0,0,0,0,0,0,0.014,0.63,0,0,0.083,0,0,0.054,0,0
10/05/2015 23:00,0.1,0,0.1,0,0,0,0,0,0.712,0,0,0.012,0,0,0.158,0,0
11/05/2015 00:00,3.2,1.6,2.8,0.2,0.5,0.1,0.066,0,0.722,0,0,0,0,0,0.23,0,0
11/05/2015 01:00,7.8,6.8,8.7,5.8,5,4.8,0.187,0,0.678,0,0,0,0,0.057,0.281,0,0
11/05/2015 02:00,12.2,12.9,14,16.2,12.7,15.1,0.318,0,0.585,0,0,0,0,0.198,0.329,0,0
11/05/2015 03:00,16.6,18.5,18.3,25.3,20.2,25,0.404,0,0.427,0,0,0,0.011,0.349,0.349,0,0
11/05/2015 04:00,18.6,23.2,22.1,30.8,26.1,32.6,0.506,0,0.247,0,0,0,0.179,0.473,0.392,0.105,0
11/05/2015 05:00,21.5,26,23.3,33.2,29.6,37.3,0.516,0,0.02,0,0,0,0.394,0.546,0.378,0.341,0
11/05/2015 06:00,21.4,26.9,24.6,34,30.9,39.9,0.55,0,0,0,0.032,0,0.57,0.584,0.323,0.49,0
11/05/2015 07:00,20,25.8,23.7,35.7,29.6,39.6,0.543,0,0,0.041,0.156,0,0.698,0.608,0.24,0.584,0.004
11/05/2015 08:00,16.8,22.2,19.1,35.1,25.8,36.4,0.448,0,0,0.18,0.3,0,0.754,0.595,0.124,0.641,0.107
11/05/2015 09:00,13.5,16.1,12.6,30.2,19.6,30,0.33,0,0,0.351,0.426,0,0.753,0.5,0.022,0.662,0.29
11/05/2015 10:00,8.5,10.1,7.3,22.5,12.5,21.4,0.195,0,0,0.489,0.515,0,0.694,0.384,0,0.647,0.461
11/05/2015 11:00,2.8,4.5,2.8,13.1,6.1,12.3,0.066,0.037,0,0.574,0.541,0,0.566,0.242,0,0.582,0.589
11/05/2015 12:00,0,0.5,0.1,5.1,1.2,4.5,0,0.144,0,0.613,0.526,0.072,0.377,0.103,0,0.471,0.667
11/05/2015 13:00,0,0,0,0.5,0,0.3,0,0.26,0,0.606,0.471,0.207,0.191,0.01,0,0.282,0.696
11/05/2015 14:00,0,0,0,0,0,0,0,0.371,0,0.557,0.39,0.317,0.003,0,0,0.115,0.676
11/05/2015 15:00,0,0,0,0,0,0,0,0.436,0,0.47,0.268,0.356,0,0,0,0,0.608
11/05/2015 16:00,0,0,0,0,0,0,0,0.461,0,0.34,0.154,0.378,0,0,0,0,0.49
11/05/2015 17:00,0,0,0,0,0,0,0,0.446,0,0.182,0.041,0.399,0,0,0,0,0.326
11/05/2015 18:00,0,0,0,0,0,0,0,0.386,0.005,0.04,0,0.407,0,0,0,0,0.135
11/05/2015 19:00,0,0,0,0,0,0,0,0.298,0.176,0,0,0.37,0,0,0,0,0.013
11/05/2015 20:00,0,0,0,0,0,0,0,0.201,0.331,0,0,0.284,0,0,0,0,0
11/05/2015 21:00,0,0,0,0,0,0,0,0.083,0.551,0,0,0.194,0,0,0,0,0
11/05/2015 22:00,0,0,0,0,0,0,0,0.006,0.661,0,0,0.099,0,0,0.07,0,0
11/05/2015 23:00,0.1,0,0.2,0,0,0,0,0,0.715,0,0,0.019,0,0,0.202,0,0
12/05/2015 00:00,3.2,2.3,3.9,0.2,0.4,0.1,0.04,0,0.707,0,0,0,0,0,0.334,0,0
12/05/2015 01:00,9.1,9.8,11.2,5.7,4.9,4.2,0.135,0,0.659,0,0,0,0,0.054,0.45,0,0
12/05/2015 02:00,15.9,18.9,18.7,16,13.3,12.7,0.236,0,0.527,0,0,0,0,0.174,0.533,0,0
12/05/2015 03:00,22.9,27.1,24.5,26.4,21.6,21.6,0.343,0,0.296,0,0,0,0.019,0.29,0.574,0,0
12/05/2015 04:00,29.5,33.5,29.7,34.6,28.6,29.3,0.45,0,0.118,0,0,0,0.224,0.486,0.575,0.089,0
12/05/2015 05:00,33.2,37.5,34.2,39.1,33.5,34.6,0.473,0,0.001,0,0,0,0.521,0.589,0.532,0.252,0
12/05/2015 06:00,35.3,39.1,36.3,43.7,35.8,37.4,0.481,0,0,0,0.03,0,0.668,0.657,0.432,0.402,0
12/05/2015 07:00,35.7,37.1,33.7,43.8,35,37.6,0.493,0,0,0.043,0.147,0,0.756,0.656,0.304,0.525,0.005
12/05/2015 08:00,33.4,32.4,29.8,41,31,34.6,0.44,0,0,0.186,0.268,0,0.794,0.593,0.163,0.603,0.109
12/05/2015 09:00,25.9,25.2,22,34.9,24.9,28.9,0.333,0,0,0.347,0.353,0,0.788,0.46,0.035,0.618,0.288
12/05/2015 10:00,14.3,16.2,13.6,26.3,16.9,21.4,0.204,0,0,0.477,0.417,0,0.735,0.33,0,0.589,0.432
12/05/2015 11:00,4.6,7.2,5.1,15.8,8.5,12.9,0.071,0.027,0,0.562,0.449,0,0.636,0.199,0,0.524,0.537
12/05/2015 12:00,0.1,0.8,0.3,5.4,1.7,4.9,0,0.12,0,0.581,0.459,0.099,0.48,0.089,0,0.385,0.622
12/05/2015 13:00,0,0,0,0.6,0,0.5,0,0.207,0,0.577,0.425,0.265,0.267,0.01,0,0.236,0.656
12/05/2015 14:00,0,0,0,0,0,0,0,0.27,0,0.532,0.358,0.419,0.007,0,0,0.083,0.639
12/05/2015 15:00,0,0,0,0,0,0,0,0.316,0,0.454,0.269,0.531,0,0,0,0,0.563
12/05/2015 16:00,0,0,0,0,0,0,0,0.342,0,0.326,0.152,0.605,0,0,0,0,0.443
12/05/2015 17:00,0,0,0,0,0,0,0,0.345,0,0.176,0.036,0.628,0,0,0,0,0.293
12/05/2015 18:00,0,0,0,0,0,0,0,0.324,0,0.044,0,0.589,0,0,0,0,0.132
12/05/2015 19:00,0,0,0,0,0,0,0,0.266,0.161,0,0,0.511,0,0,0,0,0.018
12/05/2015 20:00,0,0,0,0,0,0,0,0.19,0.39,0,0,0.404,0,0,0,0,0
12/05/2015 21:00,0,0,0,0,0,0,0,0.101,0.545,0,0,0.262,0,0,0,0,0
12/05/2015 22:00,0,0,0,0,0,0,0,0.013,0.633,0,0,0.127,0,0,0.077,0,0
12/05/2015 23:00,0.6,0,0.5,0,0,0,0,0,0.693,0,0,0.021,0,0,0.219,0,0
13/05/2015 00:00,10.5,3.4,6.1,0.3,0.5,0.1,0.047,0,0.705,0,0,0,0,0,0.354,0,0
13/05/2015 01:00,26.2,12.3,15.9,6.7,5.6,4.8,0.143,0,0.655,0,0,0,0,0.01,0.461,0,0
13/05/2015 02:00,41.4,22,25.8,17.2,13.8,14.5,0.25,0,0.579,0,0,0,0,0.041,0.526,0,0
13/05/2015 03:00,52.2,30.2,34.1,26.9,21.1,23.9,0.333,0,0.427,0,0,0,0.046,0.091,0.539,0,0
13/05/2015 04:00,57.5,36.2,40,35.1,26.9,31.5,0.453,0,0.214,0,0,0,0.325,0.162,0.541,0.116,0
13/05/2015 05:00,56.7,39.1,42,40.8,30.5,36.7,0.527,0,0.019,0,0,0,0.535,0.259,0.496,0.362,0
13/05/2015 06:00,53.2,39.6,40.8,43.3,31.4,38.4,0.562,0,0,0,0.033,0,0.673,0.396,0.423,0.536,0
13/05/2015 07:00,46.6,37.2,37.1,43,29.3,38,0.534,0,0,0.04,0.156,0,0.762,0.497,0.305,0.646,0.006
13/05/2015 08:00,36.2,31.5,31.1,39.3,24.1,34.6,0.455,0,0,0.189,0.28,0,0.803,0.547,0.162,0.712,0.11
13/05/2015 09:00,26.1,24.4,24,32.7,18.5,29.1,0.335,0,0,0.355,0.372,0,0.796,0.499,0.035,0.734,0.273
13/05/2015 10:00,14.2,15.7,14.4,24.4,12.3,21.7,0.192,0,0,0.487,0.426,0,0.743,0.38,0,0.719,0.431
13/05/2015 11:00,4.9,6.8,5,14.6,6,13.1,0.059,0.037,0,0.571,0.442,0,0.642,0.234,0,0.658,0.574
13/05/2015 12:00,0.2,0.8,0.3,5.4,1.3,4.9,0,0.138,0,0.612,0.405,0.097,0.486,0.095,0,0.549,0.654
13/05/2015 13:00,0,0,0,0.6,0,0.5,0,0.23,0,0.605,0.352,0.259,0.268,0.008,0,0.395,0.669
13/05/2015 14:00,0,0,0,0,0,0,0,0.287,0,0.557,0.276,0.413,0.006,0,0,0.177,0.594
13/05/2015 15:00,0,0,0,0,0,0,0,0.337,0,0.464,0.199,0.518,0,0,0,0,0.468
13/05/2015 16:00,0,0,0,0,0,0,0,0.406,0,0.335,0.107,0.589,0,0,0,0,0.346
13/05/2015 17:00,0,0,0,0,0,0,0,0.421,0,0.178,0.026,0.614,0,0,0,0,0.24
13/05/2015 18:00,0,0,0,0,0,0,0,0.385,0.005,0.039,0,0.586,0,0,0,0,0.125
13/05/2015 19:00,0,0,0,0,0,0,0,0.313,0.191,0,0,0.528,0,0,0,0,0.019
13/05/2015 20:00,0,0,0,0,0,0,0,0.213,0.415,0,0,0.421,0,0,0,0,0
13/05/2015 21:00,0,0,0,0,0,0,0,0.091,0.566,0,0,0.285,0,0,0,0,0
13/05/2015 22:00,0,0,0,0,0,0,0,0.006,0.667,0,0,0.138,0,0,0.076,0,0
13/05/2015 23:00,0.5,0,0.4,0,0,0,0,0,0.717,0,0,0.025,0,0,0.217,0,0
14/05/2015 00:00,8.4,3.3,6.6,0.3,0.3,0.1,0.07,0,0.72,0,0,0,0,0,0.359,0,0
14/05/2015 01:00,21.8,12.3,17.6,6.4,5.4,4.4,0.203,0,0.676,0,0,0,0,0.059,0.487,0,0
14/05/2015 02:00,36.6,22,27.9,17.6,14.5,14,0.33,0,0.577,0,0,0,0,0.196,0.572,0,0
14/05/2015 03:00,50,29.3,34.6,28.4,23.6,24,0.442,0,0.413,0,0,0,0.038,0.349,0.61,0,0
14/05/2015 04:00,55.3,34.9,38.6,36.6,30.5,32.7,0.513,0,0.216,0,0,0,0.3,0.478,0.601,0.124,0
14/05/2015 05:00,55.6,38,41,41.9,33.8,38.3,0.547,0,0.022,0,0,0,0.513,0.568,0.547,0.389,0
14/05/2015 06:00,54.1,38.2,41.1,44.6,34.4,40.9,0.573,0,0,0,0.024,0,0.659,0.597,0.453,0.551,0
14/05/2015 07:00,48.6,35.6,38.1,43.9,31.7,40.8,0.539,0,0,0.042,0.134,0,0.75,0.586,0.325,0.672,0.005
14/05/2015 08:00,39.9,30.6,32.3,40.4,27.1,37.9,0.467,0,0,0.184,0.233,0,0.789,0.539,0.169,0.721,0.105
14/05/2015 09:00,28.5,22.7,23.6,33.7,20.2,32.4,0.359,0,0,0.346,0.293,0,0.78,0.436,0.035,0.707,0.286
14/05/2015 10:00,15.6,14.5,14.6,24.5,13.3,24.1,0.209,0,0,0.477,0.33,0,0.713,0.34,0,0.629,0.453
14/05/2015 11:00,5.7,6.5,5.5,14.9,6.5,14.5,0.062,0.019,0,0.561,0.341,0,0.597,0.219,0,0.523,0.577
14/05/2015 12:00,0.2,0.8,0.3,5.4,1.4,5.3,0,0.101,0,0.59,0.344,0.099,0.367,0.096,0,0.393,0.653
14/05/2015 13:00,0,0,0,0.7,0,0.5,0,0.213,0,0.582,0.334,0.265,0.138,0.012,0,0.234,0.681
14/05/2015 14:00,0,0,0,0,0,0,0,0.346,0,0.534,0.303,0.418,0,0,0,0.08,0.66
14/05/2015 15:00,0,0,0,0,0,0,0,0.454,0,0.458,0.221,0.525,0,0,0,0,0.588
14/05/2015 16:00,0,0,0,0,0,0,0,0.493,0,0.328,0.126,0.595,0,0,0,0,0.477
14/05/2015 17:00,0,0,0,0,0,0,0,0.484,0,0.176,0.034,0.62,0,0,0,0,0.317
14/05/2015 18:00,0,0,0,0,0,0,0,0.431,0.003,0.043,0,0.589,0,0,0,0,0.132
14/05/2015 19:00,0,0,0,0,0,0,0,0.343,0.16,0,0,0.521,0,0,0,0,0.015
14/05/2015 20:00,0,0,0,0,0,0,0,0.235,0.315,0,0,0.387,0,0,0,0,0
14/05/2015 21:00,0,0,0,0,0,0,0,0.12,0.494,0,0,0.243,0,0,0,0,0
14/05/2015 22:00,0,0,0,0,0,0,0,0.017,0.676,0,0,0.119,0,0,0.075,0,0
14/05/2015 23:00,0.6,0,0.6,0,0,0,0,0,0.728,0,0,0.021,0,0,0.234,0,0
15/05/2015 00:00,10.9,2.9,7.3,0.3,0.6,0.1,0.073,0,0.734,0,0,0,0,0,0.383,0,0
15/05/2015 01:00,27.4,10.3,17.8,6.6,5.6,4.8,0.21,0,0.694,0,0,0,0,0.039,0.506,0,0
15/05/2015 02:00,42.4,18.5,27.5,17.8,13.2,14.6,0.343,0,0.605,0,0,0,0,0.147,0.58,0,0
15/05/2015 03:00,52.9,25.3,34.9,28.4,20.2,24.2,0.443,0,0.458,0,0,0,0.019,0.315,0.622,0,0
15/05/2015 04:00,57.9,31.2,39.5,36.6,25.7,31.7,0.523,0,0.255,0,0,0,0.226,0.464,0.615,0.065,0
15/05/2015 05:00,58.4,34.6,41,41.8,28.2,36.6,0.567,0,0.025,0,0,0,0.49,0.535,0.566,0.256,0
15/05/2015 06:00,54,35.6,40,43.8,28.4,38.4,0.597,0,0,0,0.026,0,0.639,0.576,0.47,0.443,0
15/05/2015 07:00,47.8,33.2,36.4,43.2,25.9,37.8,0.563,0,0,0.044,0.134,0,0.727,0.581,0.333,0.603,0.005
15/05/2015 08:00,37.8,28.3,30.6,39.2,21.7,35.1,0.483,0,0,0.18,0.25,0,0.761,0.539,0.169,0.707,0.104
15/05/2015 09:00,26.8,21.2,22,33.3,15.7,30.5,0.359,0,0,0.335,0.348,0,0.736,0.411,0.035,0.75,0.286
15/05/2015 10:00,14.8,13.6,13.5,25.3,10.2,23.3,0.208,0,0,0.465,0.417,0,0.664,0.214,0,0.734,0.453
15/05/2015 11:00,5.1,5.9,5,15.2,5,14.1,0.067,0.041,0,0.552,0.456,0,0.531,0.109,0,0.671,0.578
15/05/2015 12:00,0.2,0.6,0.3,5.4,1,5.2,0,0.153,0,0.607,0.444,0.084,0.341,0.033,0,0.57,0.653
15/05/2015 13:00,0,0,0,0.7,0,0.5,0,0.266,0,0.596,0.418,0.224,0.104,0,0,0.423,0.681
15/05/2015 14:00,0,0,0,0,0,0,0,0.359,0,0.541,0.356,0.347,0,0,0,0.2,0.662
15/05/2015 15:00,0,0,0,0,0,0,0,0.431,0,0.443,0.241,0.449,0,0,0,0.003,0.594
15/05/2015 16:00,0,0,0,0,0,0,0,0.468,0,0.314,0.133,0.523,0,0,0,0,0.478
15/05/2015 17:00,0,0,0,0,0,0,0,0.461,0,0.171,0.029,0.559,0,0,0,0,0.317
15/05/2015 18:00,0,0,0,0,0,0,0,0.418,0.004,0.046,0,0.542,0,0,0,0,0.132
15/05/2015 19:00,0,0,0,0,0,0,0,0.336,0.177,0,0,0.479,0,0,0,0,0.015
15/05/2015 20:00,0,0,0,0,0,0,0,0.22,0.372,0,0,0.364,0,0,0,0,0
15/05/2015 21:00,0,0,0,0,0,0,0,0.102,0.504,0,0,0.219,0,0,0,0,0
15/05/2015 22:00,0,0,0,0,0,0,0,0.013,0.609,0,0,0.104,0,0,0.074,0,0
15/05/2015 23:00,0.4,0,0.3,0,0,0,0,0,0.645,0,0,0.015,0,0,0.226,0,0
16/05/2015 00:00,6.1,2.3,3.8,0.3,0.5,0.2,0.083,0,0.654,0,0,0,0,0,0.377,0,0
16/05/2015 01:00,15.2,8.7,9,7,4.5,6,0.23,0,0.616,0,0,0,0,0.053,0.494,0,0
16/05/2015 02:00,26.8,15.8,14.9,18.5,11.4,17.4,0.378,0,0.525,0,0,0,0,0.158,0.576,0,0
16/05/2015 03:00,35.5,22.5,19.4,29.1,18,28.1,0.487,0,0.427,0,0,0,0.005,0.286,0.614,0,0
16/05/2015 04:00,42.3,27.7,24.1,37.1,23.6,36.3,0.541,0,0.232,0,0,0,0.15,0.45,0.609,0.116,0
16/05/2015 05:00,46.8,31.3,27.5,42.2,27.2,41.4,0.58,0,0.02,0,0,0,0.432,0.554,0.555,0.377,0
16/05/2015 06:00,46.5,32.3,28.3,44.6,28,44,0.551,0,0,0,0.011,0,0.61,0.606,0.461,0.546,0
16/05/2015 07:00,41.3,31.1,25.8,44.1,27.1,43.4,0.523,0,0,0.035,0.086,0,0.697,0.621,0.327,0.662,0.006
16/05/2015 08:00,32.9,26.9,20.9,40.7,24.2,40.1,0.437,0,0,0.143,0.196,0,0.753,0.584,0.167,0.638,0.105
16/05/2015 09:00,23.9,20.5,16.3,34.5,19.4,34,0.317,0,0,0.275,0.309,0,0.743,0.491,0.036,0.554,0.258
16/05/2015 10:00,14.8,13.2,10.3,25.8,12.9,25.6,0.183,0,0,0.415,0.387,0,0.685,0.362,0,0.543,0.417
16/05/2015 11:00,4.8,5.9,4.1,15.3,6.5,15.3,0.068,0.042,0,0.53,0.419,0,0.574,0.214,0,0.484,0.551
16/05/2015 12:00,0.2,0.7,0.3,5.2,1.4,5.2,0,0.157,0,0.581,0.425,0.036,0.399,0.098,0,0.397,0.638
16/05/2015 13:00,0,0,0,0.7,0,0.5,0,0.27,0,0.582,0.371,0.112,0.158,0.013,0,0.277,0.678
16/05/2015 14:00,0,0,0,0,0,0,0,0.356,0,0.542,0.27,0.197,0,0,0,0.121,0.662
16/05/2015 15:00,0,0,0,0,0,0,0,0.407,0,0.453,0.188,0.224,0,0,0,0,0.595
16/05/2015 16:00,0,0,0,0,0,0,0,0.439,0,0.326,0.099,0.269,0,0,0,0,0.478
16/05/2015 17:00,0,0,0,0,0,0,0,0.423,0,0.178,0.024,0.282,0,0,0,0,0.317
16/05/2015 18:00,0,0,0,0,0,0,0,0.367,0.005,0.048,0,0.28,0,0,0,0,0.132
16/05/2015 19:00,0,0,0,0,0,0,0,0.307,0.193,0,0,0.237,0,0,0,0,0.016
16/05/2015 20:00,0,0,0,0,0,0,0,0.221,0.402,0,0,0.187,0,0,0,0,0
16/05/2015 21:00,0,0,0,0,0,0,0,0.108,0.564,0,0,0.125,0,0,0,0,0
16/05/2015 22:00,0,0,0,0,0,0,0,0.011,0.683,0,0,0.062,0,0,0.074,0,0
16/05/2015 23:00,0.2,0,0.3,0,0,0,0,0,0.734,0,0,0.008,0,0,0.229,0,0
17/05/2015 00:00,5.1,3.5,4.9,0.3,0.5,0.2,0.084,0,0.738,0,0,0,0,0,0.381,0,0
17/05/2015 01:00,16.2,12.7,13.2,6.9,5.6,6.2,0.228,0,0.689,0,0,0,0,0.036,0.497,0,0
17/05/2015 02:00,30.8,22.9,20.7,18.3,13.3,17.8,0.351,0,0.594,0,0,0,0,0.146,0.575,0,0
17/05/2015 03:00,42.2,31.3,25.9,28.7,20.4,28.4,0.461,0,0.441,0,0,0,0.018,0.297,0.609,0,0
17/05/2015 04:00,48,37.1,29.7,36.6,25.4,36.6,0.534,0,0.236,0,0,0,0.236,0.437,0.607,0.109,0
17/05/2015 05:00,50.1,40.2,32,41.5,28.7,41.6,0.569,0,0.021,0,0,0,0.488,0.505,0.558,0.383,0
17/05/2015 06:00,50.5,41,33,43.3,29.8,43.2,0.562,0,0,0,0.033,0,0.633,0.522,0.46,0.562,0
17/05/2015 07:00,47.4,38.6,31.4,42.8,29,42.6,0.522,0,0,0.043,0.152,0,0.732,0.499,0.326,0.676,0.006
17/05/2015 08:00,40.3,33.8,27.5,39.5,25.1,39.5,0.447,0,0,0.166,0.292,0,0.759,0.46,0.167,0.734,0.102
17/05/2015 09:00,30.4,26.4,21.3,33.7,19.2,34.2,0.328,0,0,0.295,0.417,0,0.749,0.351,0.037,0.748,0.256
17/05/2015 10:00,17.6,16.4,13.5,25.3,12.5,25.8,0.2,0,0,0.414,0.505,0,0.682,0.239,0,0.729,0.418
17/05/2015 11:00,6.3,7.4,5.2,15.1,6,15.5,0.065,0.043,0,0.494,0.547,0,0.55,0.148,0,0.666,0.547
17/05/2015 12:00,0.2,1,0.3,5.4,1.3,5.4,0,0.161,0,0.555,0.541,0.026,0.398,0.068,0,0.561,0.634
17/05/2015 13:00,0,0,0,0.7,0,0.5,0,0.275,0,0.559,0.478,0.092,0.139,0.007,0,0.411,0.666
17/05/2015 14:00,0,0,0,0,0,0,0,0.35,0,0.524,0.376,0.201,0,0,0,0.162,0.652
17/05/2015 15:00,0,0,0,0,0,0,0,0.403,0,0.438,0.257,0.328,0,0,0,0,0.592
17/05/2015 16:00,0,0,0,0,0,0,0,0.47,0,0.319,0.138,0.414,0,0,0,0,0.476
17/05/2015 17:00,0,0,0,0,0,0,0,0.494,0,0.175,0.033,0.448,0,0,0,0,0.315
17/05/2015 18:00,0,0,0,0,0,0,0,0.448,0.003,0.048,0,0.426,0,0,0,0,0.132
17/05/2015 19:00,0,0,0,0,0,0,0,0.366,0.167,0,0,0.367,0,0,0,0,0.016
17/05/2015 20:00,0,0,0,0,0,0,0,0.257,0.388,0,0,0.274,0,0,0,0,0
17/05/2015 21:00,0,0,0,0,0,0,0,0.126,0.558,0,0,0.158,0,0,0,0,0
17/05/2015 22:00,0,0,0,0,0,0,0,0.019,0.643,0,0,0.072,0,0,0.068,0,0
17/05/2015 23:00,0.4,0,0.5,0,0,0,0,0,0.692,0,0,0.009,0,0,0.204,0,0
18/05/2015 00:00,6.7,4.3,6.8,0.3,0.7,0.2,0.07,0,0.678,0,0,0,0,0,0.341,0,0
18/05/2015 01:00,14.7,14.9,16.9,6.5,6.5,6.1,0.199,0,0.648,0,0,0,0,0.063,0.459,0,0
18/05/2015 02:00,21.4,25.9,26.5,17.4,16.1,17.6,0.327,0,0.538,0,0,0,0,0.218,0.523,0,0
18/05/2015 03:00,27,34.6,33.7,27.8,24.5,28.4,0.402,0,0.385,0,0,0,0.029,0.387,0.541,0,0
18/05/2015 04:00,30.2,40.2,38.8,35.7,30.1,36.5,0.475,0,0.206,0,0,0,0.292,0.527,0.545,0.102,0
18/05/2015 05:00,32.1,43,40.8,40.6,33.2,41.5,0.52,0,0.016,0,0,0,0.502,0.617,0.509,0.341,0
18/05/2015 06:00,30.9,42.5,39.3,42.7,33.7,43.5,0.54,0,0,0,0.007,0,0.647,0.629,0.431,0.515,0
18/05/2015 07:00,27.7,39.9,35.8,42.2,31.5,43,0.525,0,0,0.033,0.057,0,0.734,0.624,0.312,0.632,0.007
18/05/2015 08:00,22.7,34,30.4,39.1,27.1,39.9,0.448,0,0,0.138,0.12,0,0.772,0.571,0.165,0.702,0.104
18/05/2015 09:00,17.2,26.4,22.2,33.2,21.1,34,0.327,0,0,0.256,0.185,0,0.764,0.432,0.037,0.725,0.275
18/05/2015 10:00,10.4,17.1,13.3,24.9,13.8,25.8,0.194,0,0,0.354,0.234,0,0.708,0.306,0,0.706,0.442
18/05/2015 11:00,4.3,7.7,5,14.8,6.7,15.4,0.068,0.04,0,0.431,0.263,0,0.591,0.199,0,0.65,0.567
18/05/2015 12:00,0.2,1,0.3,5.5,1.4,5.4,0,0.155,0,0.49,0.294,0.037,0.43,0.099,0,0.542,0.637
18/05/2015 13:00,0,0,0,0.8,0,0.5,0,0.269,0,0.513,0.301,0.13,0.188,0.017,0,0.393,0.663
18/05/2015 14:00,0,0,0,0,0,0,0,0.358,0,0.464,0.266,0.263,0,0,0,0.154,0.643
18/05/2015 15:00,0,0,0,0,0,0,0,0.439,0,0.364,0.192,0.315,0,0,0,0,0.574
18/05/2015 16:00,0,0,0,0,0,0,0,0.48,0,0.271,0.102,0.337,0,0,0,0,0.46
18/05/2015 17:00,0,0,0,0,0,0,0,0.486,0,0.158,0.022,0.358,0,0,0,0,0.304
18/05/2015 18:00,0,0,0,0,0,0,0,0.435,0,0.045,0,0.347,0,0,0,0,0.13
18/05/2015 19:00,0,0,0,0,0,0,0,0.351,0.073,0,0,0.305,0,0,0,0,0.018
18/05/2015 20:00,0,0,0,0,0,0,0,0.251,0.205,0,0,0.213,0,0,0,0,0
18/05/2015 21:00,0,0,0,0,0,0,0,0.123,0.346,0,0,0.13,0,0,0,0,0
18/05/2015 22:00,0,0,0,0,0,0,0,0.018,0.46,0,0,0.06,0,0,0.046,0,0
18/05/2015 23:00,0.2,0,0.7,0,0,0,0,0,0.512,0,0,0.007,0,0,0.139,0,0
19/05/2015 00:00,4.4,3.9,7.8,0.3,0.3,0.2,0.055,0,0.518,0,0,0,0,0,0.248,0,0
19/05/2015 01:00,11.6,14,17.9,6.3,4.8,6.1,0.154,0,0.482,0,0,0,0,0.061,0.33,0,0
19/05/2015 02:00,19.7,24.4,27.7,16.8,12.6,17.4,0.264,0,0.383,0,0,0,0,0.21,0.384,0,0
19/05/2015 03:00,26.8,33,35.7,26.7,20.2,28.1,0.354,0,0.274,0,0,0,0.018,0.375,0.411,0,0
19/05/2015 04:00,31.6,38.7,40.7,34.2,26.2,36.4,0.405,0,0.117,0,0,0,0.258,0.513,0.405,0.101,0
19/05/2015 05:00,34,41.9,42.9,39.1,30.1,41.7,0.452,0,0.002,0,0,0,0.482,0.609,0.358,0.326,0
19/05/2015 06:00,37.5,42.1,41.3,40.9,31.3,43.5,0.461,0,0,0,0.031,0,0.631,0.667,0.31,0.508,0
19/05/2015 07:00,38.7,39.1,37.1,40.4,30.8,43,0.431,0,0,0.037,0.147,0,0.716,0.674,0.229,0.59,0.003
19/05/2015 08:00,35.4,34.3,31.1,37.4,27.8,39.8,0.372,0,0,0.147,0.259,0,0.752,0.64,0.122,0.617,0.089
19/05/2015 09:00,26.1,26.3,22.9,31.1,22.5,34.4,0.282,0,0,0.262,0.321,0,0.742,0.551,0.025,0.641,0.247
19/05/2015 10:00,15.7,17.4,14.1,23,14.9,26,0.177,0,0,0.358,0.37,0,0.677,0.433,0,0.644,0.416
19/05/2015 11:00,5.4,7.9,5.4,13.8,7.3,15.6,0.066,0.022,0,0.419,0.408,0,0.57,0.279,0,0.601,0.513
19/05/2015 12:00,0.2,1.1,0.3,5.6,1.6,5.5,0,0.102,0,0.456,0.399,0.065,0.412,0.118,0,0.481,0.521
19/05/2015 13:00,0,0,0,0.7,0,0.6,0,0.165,0,0.466,0.365,0.204,0.154,0.019,0,0.336,0.46
19/05/2015 14:00,0,0,0,0,0,0,0,0.193,0,0.433,0.292,0.356,0,0,0,0.137,0.388
19/05/2015 15:00,0,0,0,0,0,0,0,0.206,0,0.365,0.206,0.483,0,0,0,0,0.328
19/05/2015 16:00,0,0,0,0,0,0,0,0.19,0,0.259,0.105,0.566,0,0,0,0,0.264
19/05/2015 17:00,0,0,0,0,0,0,0,0.166,0,0.142,0.024,0.606,0,0,0,0,0.223
19/05/2015 18:00,0,0,0,0,0,0,0,0.146,0,0.038,0,0.598,0,0,0,0,0.136
19/05/2015 19:00,0,0,0,0,0,0,0,0.128,0.108,0,0,0.548,0,0,0,0,0.024
19/05/2015 20:00,0,0,0,0,0,0,0,0.103,0.256,0,0,0.452,0,0,0,0,0
19/05/2015 21:00,0,0,0,0,0,0,0,0.051,0.392,0,0,0.299,0,0,0,0,0
19/05/2015 22:00,0,0,0,0,0,0,0,0.004,0.39,0,0,0.147,0,0,0.062,0,0
19/05/2015 23:00,0.4,0,0.5,0,0,0,0,0,0.388,0,0,0.023,0,0,0.186,0,0
20/05/2015 00:00,6.2,3,6.5,0.3,0.6,0.2,0.065,0,0.366,0,0,0,0,0,0.305,0,0
20/05/2015 01:00,16.8,11.2,16,6.5,6.3,6,0.177,0,0.343,0,0,0,0,0.038,0.395,0,0
20/05/2015 02:00,30.6,19.9,25.8,17,16,17.3,0.275,0,0.261,0,0,0,0,0.14,0.443,0,0
20/05/2015 03:00,43.3,27.7,33.5,27.4,24.9,28.1,0.35,0,0.172,0,0,0,0.01,0.28,0.458,0,0
20/05/2015 04:00,52.8,33.7,38.2,35.2,31.3,36.3,0.424,0,0.056,0,0,0,0.189,0.439,0.438,0.105,0
20/05/2015 05:00,55,37.2,39,40.2,35,41.5,0.465,0,0,0,0,0,0.396,0.564,0.403,0.32,0
20/05/2015 06:00,53.1,38.4,37.8,43.1,36.6,43.4,0.466,0,0,0,0.015,0,0.541,0.639,0.333,0.516,0
20/05/2015 07:00,48.2,36.6,34.4,42.8,35.6,42.9,0.455,0,0,0.037,0.097,0,0.639,0.653,0.239,0.624,0.007
20/05/2015 08:00,38.9,32.2,28.6,39.9,32.1,39.7,0.415,0,0,0.155,0.198,0,0.678,0.621,0.134,0.675,0.104
20/05/2015 09:00,28.3,25.3,20.2,33.7,25.8,33.8,0.307,0,0,0.297,0.283,0,0.666,0.545,0.032,0.679,0.282
20/05/2015 10:00,17.2,16.4,12.1,25.3,17.9,25.5,0.178,0,0,0.436,0.338,0,0.599,0.427,0,0.633,0.44
20/05/2015 11:00,6.6,7.6,4.8,15.1,9,15.2,0.064,0.023,0,0.532,0.352,0,0.486,0.276,0,0.538,0.558
20/05/2015 12:00,0.4,1.2,0.4,5.6,2,5.5,0,0.118,0,0.583,0.354,0.083,0.338,0.122,0,0.38,0.639
20/05/2015 13:00,0,0,0,0.8,0,0.6,0,0.22,0,0.581,0.342,0.234,0.11,0.021,0,0.265,0.666
20/05/2015 14:00,0,0,0,0,0,0,0,0.33,0,0.534,0.303,0.371,0,0,0,0.121,0.639
20/05/2015 15:00,0,0,0,0,0,0,0,0.421,0,0.444,0.225,0.464,0,0,0,0,0.545
20/05/2015 16:00,0,0,0,0,0,0,0,0.465,0,0.318,0.135,0.519,0,0,0,0,0.411
20/05/2015 17:00,0,0,0,0,0,0,0,0.467,0,0.173,0.042,0.552,0,0,0,0,0.25
20/05/2015 18:00,0,0,0,0,0,0,0,0.432,0,0.047,0,0.556,0,0,0,0,0.112
20/05/2015 19:00,0,0,0,0,0,0,0,0.359,0.132,0,0,0.522,0,0,0,0,0.021
20/05/2015 20:00,0,0,0,0,0,0,0,0.246,0.307,0,0,0.43,0,0,0,0,0
20/05/2015 21:00,0,0,0,0,0,0,0,0.121,0.484,0,0,0.267,0,0,0,0,0
20/05/2015 22:00,0,0,0,0,0,0,0,0.016,0.622,0,0,0.122,0,0,0.05,0,0
20/05/2015 23:00,0.8,0.1,0.5,0,0,0,0,0,0.683,0,0,0.02,0,0,0.158,0,0
21/05/2015 00:00,9.3,3.8,6.8,0.4,0.5,0.2,0.076,0,0.698,0,0,0,0,0,0.262,0,0
21/05/2015 01:00,23.9,13.2,17.1,6.9,5.9,5.9,0.204,0,0.647,0,0,0,0,0.062,0.341,0,0
21/05/2015 02:00,36.3,23,26.7,18,15.1,16.9,0.317,0,0.535,0,0,0,0,0.202,0.406,0,0
21/05/2015 03:00,49,31.1,35.1,28.2,23.7,27.3,0.411,0,0.394,0,0,0,0.016,0.355,0.445,0,0
21/05/2015 04:00,55.9,37.1,40,35.8,30.3,35.3,0.473,0,0.19,0,0,0,0.213,0.483,0.441,0.12,0
21/05/2015 05:00,58.9,40.4,41.8,40.7,34.8,40.4,0.506,0,0.011,0,0,0,0.399,0.546,0.411,0.383,0
21/05/2015 06:00,57.6,40.5,40.2,43.7,35.8,42.8,0.494,0,0,0,0.023,0,0.536,0.591,0.357,0.573,0
21/05/2015 07:00,52.5,38,35.6,43.1,34.6,42.3,0.47,0,0,0.043,0.108,0,0.61,0.615,0.26,0.687,0.007
21/05/2015 08:00,43.6,32.9,29.9,39.9,31.4,39.2,0.407,0,0,0.178,0.19,0,0.695,0.608,0.142,0.752,0.103
21/05/2015 09:00,32.6,26,22.3,33.7,25.8,33.5,0.306,0,0,0.332,0.251,0,0.674,0.536,0.031,0.773,0.275
21/05/2015 10:00,19.4,17,14.2,25.3,17.8,25.3,0.181,0,0,0.458,0.316,0,0.614,0.424,0,0.754,0.423
21/05/2015 11:00,7.1,7.8,5.5,15.1,9.1,15.1,0.067,0.026,0,0.541,0.339,0,0.501,0.274,0,0.695,0.513
21/05/2015 12:00,0.4,1.2,0.4,5.5,2,5.6,0,0.103,0,0.563,0.342,0.078,0.351,0.117,0,0.594,0.567
21/05/2015 13:00,0,0,0,0.8,0,0.6,0,0.187,0,0.56,0.344,0.225,0.165,0.02,0,0.445,0.604
21/05/2015 14:00,0,0,0,0,0,0,0,0.274,0,0.516,0.325,0.366,0,0,0,0.241,0.609
21/05/2015 15:00,0,0,0,0,0,0,0,0.344,0,0.433,0.235,0.468,0,0,0,0.003,0.569
21/05/2015 16:00,0,0,0,0,0,0,0,0.409,0,0.31,0.125,0.543,0,0,0,0,0.464
21/05/2015 17:00,0,0,0,0,0,0,0,0.438,0,0.169,0.03,0.575,0,0,0,0,0.308
21/05/2015 18:00,0,0,0,0,0,0,0,0.404,0,0.047,0,0.565,0,0,0,0,0.129
21/05/2015 19:00,0,0,0,0,0,0,0,0.345,0.099,0,0,0.506,0,0,0,0,0.021
21/05/2015 20:00,0,0,0,0,0,0,0,0.252,0.255,0,0,0.399,0,0,0,0,0
21/05/2015 21:00,0,0,0,0,0,0,0,0.128,0.419,0,0,0.263,0,0,0,0,0
21/05/2015 22:00,0,0,0,0,0,0,0,0.021,0.5,0,0,0.145,0,0,0.034,0,0
21/05/2015 23:00,0.7,0.1,0.5,0,0,0,0,0,0.554,0,0,0.03,0,0,0.096,0,0
22/05/2015 00:00,10.6,3.9,6.9,0.4,0.4,0.3,0.077,0,0.552,0,0,0,0,0,0.158,0,0
22/05/2015 01:00,25.3,13.6,17.4,6.9,5.2,6.1,0.203,0,0.507,0,0,0,0,0.063,0.198,0,0
22/05/2015 02:00,37.3,23.6,27.4,18.1,13.6,16.9,0.329,0,0.411,0,0,0,0,0.204,0.221,0,0
22/05/2015 03:00,48.9,32.2,35.7,28.6,21.1,27.1,0.438,0,0.27,0,0,0,0.017,0.365,0.23,0,0
22/05/2015 04:00,54.9,37.9,40.4,36.3,26.1,35,0.512,0,0.128,0,0,0,0.231,0.505,0.22,0.125,0
22/05/2015 05:00,56.1,41,42.2,41.1,29.8,39.9,0.553,0,0.003,0,0,0,0.444,0.597,0.193,0.34,0
22/05/2015 06:00,54,41.1,41.9,43.3,31.1,41.4,0.557,0,0,0,0.029,0,0.614,0.645,0.151,0.554,0
22/05/2015 07:00,48.9,38.5,38.7,42.6,30.1,40.8,0.523,0,0,0.042,0.143,0,0.723,0.652,0.105,0.663,0.007
22/05/2015 08:00,41,33.6,33.1,39.4,26.2,37.9,0.423,0,0,0.177,0.264,0,0.769,0.616,0.055,0.722,0.101
22/05/2015 09:00,30.3,26.3,25,33.4,20.5,32.4,0.308,0,0,0.333,0.361,0,0.763,0.523,0.009,0.732,0.273
22/05/2015 10:00,16.8,17.2,15.3,24.9,13.9,24.6,0.179,0,0,0.459,0.42,0,0.705,0.407,0,0.7,0.436
22/05/2015 11:00,6.3,7.8,5.8,14.8,7,14.9,0.061,0.042,0,0.539,0.443,0.001,0.611,0.256,0,0.64,0.558
22/05/2015 12:00,0.3,1.2,0.5,5.6,1.6,5.6,0,0.156,0,0.585,0.429,0.102,0.454,0.105,0,0.507,0.635
22/05/2015 13:00,0,0,0,0.8,0,0.6,0,0.267,0,0.582,0.395,0.258,0.145,0.014,0,0.316,0.662
22/05/2015 14:00,0,0,0,0,0,0,0,0.336,0,0.537,0.329,0.415,0,0,0,0.151,0.642
22/05/2015 15:00,0,0,0,0,0,0,0,0.386,0,0.442,0.23,0.483,0,0,0,0,0.573
22/05/2015 16:00,0,0,0,0,0,0,0,0.448,0,0.317,0.123,0.487,0,0,0,0,0.458
22/05/2015 17:00,0,0,0,0,0,0,0,0.464,0,0.17,0.03,0.489,0,0,0,0,0.302
22/05/2015 18:00,0,0,0,0,0,0,0,0.426,0,0.045,0,0.448,0,0,0,0,0.127
22/05/2015 19:00,0,0,0,0,0,0,0,0.351,0.147,0,0,0.393,0,0,0,0,0.021
22/05/2015 20:00,0,0,0,0,0,0,0,0.244,0.34,0,0,0.314,0,0,0,0,0
22/05/2015 21:00,0,0,0,0,0,0,0,0.122,0.495,0,0,0.2,0,0,0,0,0
22/05/2015 22:00,0,0,0,0,0,0,0,0.018,0.602,0,0,0.084,0,0,0.046,0,0
22/05/2015 23:00,0.7,0.1,0.8,0,0,0,0,0,0.655,0,0,0.008,0,0,0.127,0,0
23/05/2015 00:00,10.5,4.1,8.1,0.4,0.4,0.3,0.051,0,0.659,0,0,0,0,0,0.203,0,0
23/05/2015 01:00,25.8,13.5,18.9,6.8,4.2,5.5,0.165,0,0.616,0,0,0,0,0.063,0.253,0,0
23/05/2015 02:00,41,23.3,29.1,17.6,11.2,15.4,0.292,0,0.526,0,0,0,0,0.202,0.278,0,0
23/05/2015 03:00,50.8,30.7,36.4,28,18.3,24.7,0.396,0,0.401,0,0,0,0.03,0.359,0.273,0,0
23/05/2015 04:00,56.7,36.4,41,35.8,24.5,32.3,0.454,0,0.184,0,0,0,0.297,0.498,0.262,0.053,0
23/05/2015 05:00,56.2,39.3,43,40.8,28.6,37.7,0.442,0,0.008,0,0,0,0.505,0.591,0.225,0.191,0
23/05/2015 06:00,53.3,39.3,42.1,43.1,30.3,40.6,0.402,0,0,0,0.032,0,0.649,0.617,0.174,0.373,0
23/05/2015 07:00,47.5,36.6,38.6,42.4,30.1,40.4,0.392,0,0,0.042,0.14,0,0.736,0.586,0.117,0.548,0.007
23/05/2015 08:00,39.2,31.2,32.9,39.1,27.2,37.3,0.36,0,0,0.176,0.254,0,0.775,0.569,0.058,0.627,0.1
23/05/2015 09:00,28.3,24.4,24.8,33.5,21.4,31.4,0.289,0,0,0.331,0.353,0,0.768,0.479,0.008,0.622,0.272
23/05/2015 10:00,16.2,15.7,15.1,25,14.2,23.4,0.164,0,0,0.456,0.415,0,0.716,0.379,0,0.579,0.434
23/05/2015 11:00,6.2,7.2,5.8,14.9,7.1,14.1,0.053,0.028,0,0.536,0.428,0,0.616,0.268,0,0.498,0.556
23/05/2015 12:00,0.4,1.1,0.5,5.6,1.6,5.4,0,0.114,0,0.577,0.386,0.025,0.46,0.122,0,0.392,0.632
23/05/2015 13:00,0,0,0,0.8,0,0.6,0,0.192,0,0.573,0.317,0.105,0.224,0.022,0,0.204,0.66
23/05/2015 14:00,0,0,0,0,0,0,0,0.247,0,0.528,0.262,0.243,0,0,0,0.072,0.642
23/05/2015 15:00,0,0,0,0,0,0,0,0.301,0,0.446,0.171,0.361,0,0,0,0,0.574
23/05/2015 16:00,0,0,0,0,0,0,0,0.36,0,0.32,0.096,0.453,0,0,0,0,0.46
23/05/2015 17:00,0,0,0,0,0,0,0,0.363,0,0.169,0.021,0.483,0,0,0,0,0.304
23/05/2015 18:00,0,0,0,0,0,0,0,0.357,0.002,0.043,0,0.465,0,0,0,0,0.126
23/05/2015 19:00,0,0,0,0,0,0,0,0.31,0.182,0,0,0.41,0,0,0,0,0.02
23/05/2015 20:00,0,0,0,0,0,0,0,0.188,0.389,0,0,0.31,0,0,0,0,0
23/05/2015 21:00,0,0,0,0,0,0,0,0.087,0.544,0,0,0.183,0,0,0,0,0
23/05/2015 22:00,0,0,0,0,0,0,0,0.01,0.644,0,0,0.086,0,0,0.048,0,0
23/05/2015 23:00,1,0.1,0.6,0,0,0,0,0,0.697,0,0,0.012,0,0,0.14,0,0
24/05/2015 00:00,11.2,3.6,6.6,0.4,0.5,0.3,0.064,0,0.704,0,0,0,0,0,0.236,0,0
24/05/2015 01:00,27.7,12.3,16.1,6.5,5.9,5.6,0.184,0,0.667,0,0,0,0,0.062,0.315,0,0
24/05/2015 02:00,41.8,21.5,25.3,16.9,14.9,15.7,0.303,0,0.578,0,0,0,0,0.211,0.345,0,0
24/05/2015 03:00,51.2,29.3,32.1,27.3,23.6,25.3,0.399,0,0.421,0,0,0,0.027,0.373,0.36,0,0
24/05/2015 04:00,56.1,35.1,37.1,35.6,30.5,32.6,0.468,0,0.21,0,0,0,0.285,0.507,0.351,0.077,0
24/05/2015 05:00,56.9,38,39.4,40.6,34.9,37.5,0.508,0,0.012,0,0,0,0.484,0.598,0.301,0.251,0
24/05/2015 06:00,51.3,38.6,39.3,42.6,36.9,38.9,0.5,0,0,0,0.019,0,0.618,0.648,0.225,0.437,0
24/05/2015 07:00,46.7,36.1,36.9,42.2,36.1,38.8,0.452,0,0,0.042,0.106,0,0.705,0.663,0.158,0.615,0.007
24/05/2015 08:00,38,31.3,31.3,39,31.6,36,0.36,0,0,0.174,0.195,0,0.746,0.631,0.076,0.726,0.098
24/05/2015 09:00,26.8,24,23.4,33.5,24.6,31.2,0.272,0,0,0.329,0.256,0,0.739,0.545,0.012,0.76,0.275
24/05/2015 10:00,16,15.8,14.3,24.9,16.7,23.4,0.155,0,0,0.455,0.289,0,0.685,0.426,0,0.744,0.438
24/05/2015 11:00,5.7,7.3,5.6,14.8,8.2,14,0.054,0.034,0,0.535,0.287,0,0.483,0.274,0,0.686,0.563
24/05/2015 12:00,0.3,1.2,0.5,5.7,1.8,5.2,0,0.127,0,0.585,0.269,0.07,0.394,0.119,0,0.586,0.639
24/05/2015 13:00,0,0,0,0.8,0,0.5,0,0.226,0,0.58,0.241,0.186,0.135,0.021,0,0.413,0.668
24/05/2015 14:00,0,0,0,0,0,0,0,0.311,0,0.535,0.19,0.317,0,0,0,0.208,0.65
24/05/2015 15:00,0,0,0,0,0,0,0,0.371,0,0.439,0.135,0.449,0,0,0,0.002,0.585
24/05/2015 16:00,0,0,0,0,0,0,0,0.385,0,0.316,0.073,0.537,0,0,0,0,0.47
24/05/2015 17:00,0,0,0,0,0,0,0,0.38,0,0.168,0.013,0.545,0,0,0,0,0.31
24/05/2015 18:00,0,0,0,0,0,0,0,0.356,0.003,0.044,0,0.53,0,0,0,0,0.124
24/05/2015 19:00,0,0,0,0,0,0,0,0.3,0.198,0,0,0.445,0,0,0,0,0.018
24/05/2015 20:00,0,0,0,0,0,0,0,0.203,0.408,0,0,0.304,0,0,0,0,0
24/05/2015 21:00,0,0,0,0,0,0,0,0.099,0.557,0,0,0.192,0,0,0,0,0
24/05/2015 22:00,0,0,0,0,0,0,0,0.013,0.66,0,0,0.092,0,0,0.033,0,0
24/05/2015 23:00,0.8,0.1,0.6,0,0,0,0,0,0.715,0,0,0.016,0,0,0.11,0,0
25/05/2015 00:00,10.4,3.3,6.2,0.4,0.8,0.3,0.071,0,0.721,0,0,0,0,0,0.192,0,0
25/05/2015 01:00,23.5,11.2,15.2,6.9,6.7,5.3,0.201,0,0.68,0,0,0,0,0.063,0.274,0,0
25/05/2015 02:00,39.3,19.7,23.8,18,15.6,14.9,0.325,0,0.59,0,0,0,0,0.208,0.323,0,0
25/05/2015 03:00,48.3,26.8,30.4,28.3,23.3,24.4,0.427,0,0.435,0,0,0,0.003,0.372,0.328,0,0
25/05/2015 04:00,51.9,32.4,36.2,35.8,29.2,32.5,0.505,0,0.203,0,0,0,0.127,0.512,0.313,0.113,0
25/05/2015 05:00,54.8,35.4,39.3,40.5,32.7,38.2,0.53,0,0.014,0,0,0,0.295,0.608,0.257,0.337,0
25/05/2015 06:00,49.5,35.8,38.3,43.2,33.8,41,0.478,0,0,0,0.022,0,0.439,0.642,0.189,0.553,0
25/05/2015 07:00,42.7,33.3,35.5,42.6,32.4,41,0.369,0,0,0.044,0.14,0,0.5,0.653,0.124,0.661,0.008
25/05/2015 08:00,35.9,28.1,30.1,39.5,29,38.2,0.287,0,0,0.171,0.262,0,0.52,0.62,0.059,0.722,0.1
25/05/2015 09:00,26.5,21.3,22.7,33.3,23.1,32.2,0.18,0,0,0.309,0.363,0,0.48,0.549,0.009,0.741,0.249
25/05/2015 10:00,13.8,14,13.8,24.9,15.6,24.1,0.093,0,0,0.429,0.414,0,0.368,0.43,0,0.724,0.421
25/05/2015 11:00,5.8,6.3,5.4,14.8,7.8,14.5,0.032,0.043,0,0.5,0.43,0.002,0.25,0.278,0,0.666,0.564
25/05/2015 12:00,0.3,1,0.4,5.7,1.7,5.6,0,0.157,0,0.535,0.423,0.101,0.156,0.12,0,0.561,0.643
25/05/2015 13:00,0,0,0,0.9,0,0.6,0,0.278,0,0.543,0.381,0.263,0.055,0.022,0,0.374,0.673
25/05/2015 14:00,0,0,0,0,0,0,0,0.387,0,0.508,0.33,0.41,0,0,0,0.165,0.654
25/05/2015 15:00,0,0,0,0,0,0,0,0.475,0,0.441,0.256,0.528,0,0,0,0,0.587
25/05/2015 16:00,0,0,0,0,0,0,0,0.505,0,0.319,0.147,0.592,0,0,0,0,0.472
25/05/2015 17:00,0,0,0,0,0,0,0,0.489,0,0.171,0.034,0.6,0,0,0,0,0.311
25/05/2015 18:00,0,0,0,0,0,0,0,0.417,0.001,0.045,0,0.536,0,0,0,0,0.124
25/05/2015 19:00,0,0,0,0,0,0,0,0.354,0.175,0,0,0.436,0,0,0,0,0.019
25/05/2015 20:00,0,0,0,0,0,0,0,0.244,0.369,0,0,0.339,0,0,0,0,0
25/05/2015 21:00,0,0,0,0,0,0,0,0.118,0.527,0,0,0.211,0,0,0,0,0
25/05/2015 22:00,0,0,0,0,0,0,0,0.018,0.646,0,0,0.108,0,0,0.021,0,0
25/05/2015 23:00,0.6,0.1,0.7,0,0,0,0,0,0.694,0,0,0.02,0,0,0.067,0,0
26/05/2015 00:00,7.4,3.1,6.6,0.4,0.6,0.3,0.076,0,0.694,0,0,0,0,0,0.125,0,0
26/05/2015 01:00,17.9,10.9,15.5,6.6,6.6,5.6,0.206,0,0.65,0,0,0,0,0.059,0.182,0,0
26/05/2015 02:00,31.2,19.8,24,17.3,16,15.7,0.33,0,0.56,0,0,0,0,0.215,0.214,0,0
26/05/2015 03:00,40.1,27.1,31.3,28.2,24.7,25.6,0.425,0,0.39,0,0,0,0.022,0.381,0.241,0,0
26/05/2015 04:00,48.5,33.1,36.8,36.6,30.9,33.2,0.482,0,0.196,0,0,0,0.282,0.517,0.242,0.116,0
26/05/2015 05:00,52.3,36.6,39.1,41.8,34,38.2,0.514,0,0.011,0,0,0,0.503,0.609,0.231,0.367,0
26/05/2015 06:00,51.3,37.9,39.2,44.3,35,40.1,0.521,0,0,0,0.033,0,0.645,0.664,0.202,0.561,0
26/05/2015 07:00,48.2,35.9,36.7,43.7,34.4,40.1,0.504,0,0,0.043,0.144,0,0.732,0.671,0.149,0.666,0.007
26/05/2015 08:00,40.5,31.3,31.5,40.6,30.9,37.4,0.457,0,0,0.172,0.281,0,0.77,0.638,0.081,0.735,0.097
26/05/2015 09:00,29.1,24,23.5,34.8,24.2,33,0.351,0,0,0.318,0.393,0,0.757,0.545,0.016,0.756,0.278
26/05/2015 10:00,17.9,15.4,14.3,26.4,15.8,24.9,0.217,0,0,0.448,0.477,0,0.681,0.429,0,0.727,0.444
26/05/2015 11:00,6.7,6.8,5.6,15.8,7.7,15.1,0.081,0.019,0,0.538,0.517,0.002,0.563,0.278,0,0.669,0.568
26/05/2015 12:00,0.5,1,0.5,5.4,1.7,5.7,0,0.118,0,0.577,0.515,0.103,0.355,0.119,0,0.544,0.641
26/05/2015 13:00,0,0,0,0.9,0,0.6,0,0.241,0,0.574,0.471,0.266,0.091,0.023,0,0.316,0.669
26/05/2015 14:00,0,0,0,0,0,0,0,0.337,0,0.529,0.388,0.418,0,0,0,0.166,0.648
26/05/2015 15:00,0,0,0,0,0,0,0,0.403,0,0.438,0.28,0.525,0,0,0,0.002,0.583
26/05/2015 16:00,0,0,0,0,0,0,0,0.438,0,0.315,0.154,0.59,0,0,0,0,0.467
26/05/2015 17:00,0,0,0,0,0,0,0,0.451,0,0.169,0.043,0.595,0,0,0,0,0.307
26/05/2015 18:00,0,0,0,0,0,0,0,0.415,0.001,0.046,0,0.514,0,0,0,0,0.123
26/05/2015 19:00,0,0,0,0,0,0,0,0.346,0.179,0,0,0.416,0,0,0,0,0.019
26/05/2015 20:00,0,0,0,0,0,0,0,0.244,0.381,0,0,0.291,0,0,0,0,0
26/05/2015 21:00,0,0,0,0,0,0,0,0.12,0.544,0,0,0.173,0,0,0,0,0
26/05/2015 22:00,0,0,0,0,0,0,0,0.017,0.649,0,0,0.079,0,0,0.065,0,0
26/05/2015 23:00,0.6,0.1,0.7,0,0,0,0,0,0.701,0,0,0.012,0,0,0.195,0,0
27/05/2015 00:00,7.4,3.2,6.7,0.5,0.5,0.3,0.084,0,0.717,0,0,0,0,0,0.318,0,0
27/05/2015 01:00,18,11,15.9,7.7,5,5.7,0.219,0,0.679,0,0,0,0,0.062,0.396,0,0
27/05/2015 02:00,31,19.6,24.7,19.1,12.4,15.8,0.347,0,0.591,0,0,0,0,0.208,0.428,0,0
27/05/2015 03:00,41.8,26.7,31.8,29.4,19.4,25.4,0.449,0,0.449,0,0,0,0,0.371,0.441,0,0
27/05/2015 04:00,48,32,36.9,36.8,25.5,33.1,0.516,0,0.247,0,0,0,0.051,0.504,0.418,0.113,0
27/05/2015 05:00,52.1,34.9,39.1,41.3,30.2,38.2,0.561,0,0.018,0,0,0,0.154,0.596,0.371,0.391,0
27/05/2015 06:00,50.7,35.7,39.4,43.3,31.8,40.7,0.532,0,0,0,0.028,0,0.28,0.638,0.29,0.56,0
27/05/2015 07:00,47.2,33.5,36.3,42.8,30.4,40.6,0.469,0,0,0.043,0.125,0,0.403,0.646,0.196,0.674,0.008
27/05/2015 08:00,41.1,28.9,30.7,39.6,25.5,37.9,0.395,0,0,0.171,0.238,0,0.514,0.612,0.097,0.741,0.099
27/05/2015 09:00,31.3,22.5,23.3,33.5,18.7,32.4,0.299,0,0,0.323,0.338,0,0.566,0.541,0.016,0.763,0.267
27/05/2015 10:00,17.6,14.6,14.5,25.1,12.6,24.5,0.191,0,0,0.448,0.401,0,0.474,0.425,0,0.747,0.427
27/05/2015 11:00,6.8,6.7,5.8,15,5.9,14.8,0.071,0.04,0,0.532,0.405,0,0.331,0.275,0,0.688,0.55
27/05/2015 12:00,0.5,1,0.5,5.7,1.3,5.7,0,0.155,0,0.572,0.376,0.045,0.203,0.119,0,0.587,0.627
27/05/2015 13:00,0,0,0,1,0,0.6,0,0.276,0,0.569,0.323,0.144,0.074,0.023,0,0.439,0.653
27/05/2015 14:00,0,0,0,0,0,0,0,0.355,0,0.525,0.249,0.282,0,0,0,0.233,0.633
27/05/2015 15:00,0,0,0,0,0,0,0,0.407,0,0.441,0.17,0.4,0,0,0,0.002,0.561
27/05/2015 16:00,0,0,0,0,0,0,0,0.447,0,0.317,0.094,0.443,0,0,0,0,0.449
27/05/2015 17:00,0,0,0,0,0,0,0,0.416,0,0.169,0.022,0.452,0,0,0,0,0.296
27/05/2015 18:00,0,0,0,0,0,0,0,0.346,0.001,0.045,0,0.425,0,0,0,0,0.125
27/05/2015 19:00,0,0,0,0,0,0,0,0.253,0.177,0,0,0.344,0,0,0,0,0.023
27/05/2015 20:00,0,0,0,0,0,0,0,0.139,0.376,0,0,0.227,0,0,0,0,0
27/05/2015 21:00,0,0,0,0,0,0,0,0.054,0.552,0,0,0.125,0,0,0,0,0
27/05/2015 22:00,0,0,0,0,0,0,0,0,0.653,0,0,0.054,0,0,0.025,0,0
27/05/2015 23:00,0.7,0.1,0.8,0,0,0,0,0,0.703,0,0,0.006,0,0,0.088,0,0
28/05/2015 00:00,8.5,3.8,7.6,0.4,0.5,0.3,0.083,0,0.708,0,0,0,0,0,0.155,0,0
28/05/2015 01:00,20.5,12.7,17.8,6.2,5.2,5.7,0.219,0,0.672,0,0,0,0,0.061,0.218,0,0
28/05/2015 02:00,36.5,22.3,27.3,16.6,12.5,15.7,0.349,0,0.579,0,0,0,0,0.207,0.274,0,0
28/05/2015 03:00,46.6,30.7,34.8,27,19.6,25.5,0.441,0,0.434,0,0,0,0,0.368,0.31,0,0
28/05/2015 04:00,53.7,36.6,39.9,34.9,25.1,33.1,0.519,0,0.229,0,0,0,0.082,0.5,0.327,0.121,0
28/05/2015 05:00,56.4,39.7,41.9,39.9,27.8,38,0.556,0,0.014,0,0,0,0.21,0.593,0.308,0.403,0
28/05/2015 06:00,55.4,39.7,40.6,43.4,28.7,40,0.55,0,0,0,0.03,0,0.329,0.651,0.258,0.568,0
28/05/2015 07:00,50.8,37.2,37.3,43,27.8,39.5,0.514,0,0,0.042,0.14,0,0.467,0.659,0.191,0.668,0.008
28/05/2015 08:00,42.8,32.2,31.2,39.7,25.1,36.2,0.44,0,0,0.172,0.267,0,0.587,0.627,0.11,0.737,0.099
28/05/2015 09:00,32.2,24.9,23.4,33.5,20.8,30.9,0.331,0,0,0.326,0.376,0,0.638,0.546,0.025,0.75,0.262
28/05/2015 10:00,20,16.3,14.3,25.1,14.9,23.4,0.197,0,0,0.451,0.444,0,0.606,0.432,0,0.723,0.413
28/05/2015 11:00,7.5,7.6,5.8,15.2,7.8,14.2,0.072,0.008,0,0.534,0.483,0,0.515,0.281,0,0.646,0.529
28/05/2015 12:00,0.6,1.2,0.5,5.9,1.8,5.5,0,0.051,0,0.567,0.491,0.082,0.354,0.118,0,0.492,0.598
28/05/2015 13:00,0,0,0,1,0,0.6,0,0.107,0,0.565,0.464,0.213,0.132,0.023,0,0.281,0.632
28/05/2015 14:00,0,0,0,0,0,0,0,0.171,0,0.52,0.391,0.345,0,0,0,0.136,0.613
28/05/2015 15:00,0,0,0,0,0,0,0,0.219,0,0.436,0.28,0.448,0,0,0,0,0.558
28/05/2015 16:00,0,0,0,0,0,0,0,0.25,0,0.313,0.155,0.499,0,0,0,0,0.447
28/05/2015 17:00,0,0,0,0,0,0,0,0.25,0,0.167,0.041,0.499,0,0,0,0,0.295
28/05/2015 18:00,0,0,0,0,0,0,0,0.228,0,0.045,0,0.411,0,0,0,0,0.125
28/05/2015 19:00,0,0,0,0,0,0,0,0.188,0.108,0,0,0.308,0,0,0,0,0.023
28/05/2015 20:00,0,0,0,0,0,0,0,0.141,0.276,0,0,0.198,0,0,0,0,0
28/05/2015 21:00,0,0,0,0,0,0,0,0.069,0.435,0,0,0.119,0,0,0,0,0
28/05/2015 22:00,0,0,0,0,0,0,0,0.007,0.545,0,0,0.049,0,0,0.07,0,0
28/05/2015 23:00,0.6,0.1,0.8,0,0,0,0.001,0,0.608,0,0,0.003,0,0,0.19,0,0
29/05/2015 00:00,7.2,3.7,7,0.5,0.3,0.3,0.086,0,0.623,0,0,0,0,0,0.3,0,0
29/05/2015 01:00,19,12.9,16.8,6.8,4.9,5.5,0.224,0,0.603,0,0,0,0,0.059,0.401,0,0
29/05/2015 02:00,31.7,22.4,26.5,17.2,12.8,14.9,0.342,0,0.524,0,0,0,0,0.213,0.478,0,0
29/05/2015 03:00,41.8,30.4,34.1,27.5,21.1,24,0.442,0,0.38,0,0,0,0.009,0.38,0.521,0,0
29/05/2015 04:00,45.4,35.6,38.9,35.2,28.4,31.5,0.523,0,0.157,0,0,0,0.204,0.513,0.524,0.106,0
29/05/2015 05:00,46.1,38,40.6,40.1,33.1,36.6,0.566,0,0.004,0,0,0,0.431,0.603,0.485,0.368,0
29/05/2015 06:00,42.5,38,39.4,42.7,35.3,38.2,0.562,0,0,0,0.032,0,0.606,0.633,0.394,0.537,0
29/05/2015 07:00,37.6,35.7,36.6,42.3,34,37.9,0.54,0,0,0.045,0.142,0,0.712,0.641,0.28,0.619,0.009
29/05/2015 08:00,30.4,30.6,31.2,39.3,30.6,35.1,0.449,0,0,0.17,0.242,0,0.762,0.609,0.15,0.586,0.099
29/05/2015 09:00,21,23.5,23.3,33.2,23.6,30,0.343,0,0,0.318,0.313,0,0.761,0.533,0.036,0.52,0.261
29/05/2015 10:00,13.4,15.4,14.4,24.9,15.7,22,0.206,0,0,0.443,0.332,0,0.706,0.419,0,0.551,0.415
29/05/2015 11:00,5.4,7.1,5.6,15,7.6,13.1,0.078,0.041,0,0.525,0.329,0,0.607,0.272,0,0.499,0.534
29/05/2015 12:00,0.3,1.2,0.5,6,1.8,5.2,0,0.149,0,0.572,0.3,0.046,0.454,0.117,0,0.367,0.614
29/05/2015 13:00,0,0,0,1,0,0.6,0,0.266,0,0.566,0.28,0.135,0.234,0.023,0,0.181,0.641
29/05/2015 14:00,0,0,0,0,0,0,0,0.372,0,0.519,0.235,0.228,0,0,0,0.053,0.622
29/05/2015 15:00,0,0,0,0,0,0,0,0.428,0,0.432,0.156,0.314,0,0,0,0,0.547
29/05/2015 16:00,0,0,0,0,0,0,0,0.458,0,0.309,0.077,0.385,0,0,0,0,0.436
29/05/2015 17:00,0,0,0,0,0,0,0,0.457,0,0.165,0.015,0.427,0,0,0,0,0.287
29/05/2015 18:00,0,0,0,0,0,0,0,0.425,0,0.045,0,0.425,0,0,0,0,0.126
29/05/2015 19:00,0,0,0,0,0,0,0,0.344,0.106,0,0,0.38,0,0,0,0,0.024
29/05/2015 20:00,0,0,0,0,0,0,0,0.236,0.269,0,0,0.276,0,0,0,0,0
29/05/2015 21:00,0,0,0,0,0,0,0,0.114,0.39,0,0,0.177,0,0,0,0,0
29/05/2015 22:00,0,0,0,0,0,0,0,0.016,0.471,0,0,0.084,0,0,0.074,0,0
29/05/2015 23:00,0.4,0.1,0.6,0,0,0,0.002,0,0.519,0,0,0.013,0,0,0.207,0,0
30/05/2015 00:00,5.4,3.4,6.5,0.5,0.3,0.2,0.09,0,0.542,0,0,0,0,0,0.34,0,0
30/05/2015 01:00,13.8,11.1,15.1,6.8,4.3,4.8,0.237,0,0.53,0,0,0,0,0.059,0.451,0,0
30/05/2015 02:00,23.7,19.6,23.6,17.4,11.2,13,0.386,0,0.449,0,0,0,0,0.212,0.525,0,0
30/05/2015 03:00,31.1,26.7,30.7,27.4,18,21.3,0.51,0,0.331,0,0,0,0.007,0.376,0.546,0,0
30/05/2015 04:00,39.9,31.9,35.3,35.2,24,28.7,0.596,0,0.14,0,0,0,0.17,0.508,0.527,0.119,0
30/05/2015 05:00,47.7,34.9,37.2,40.2,28.3,34,0.634,0,0.001,0,0,0,0.352,0.595,0.468,0.383,0
30/05/2015 06:00,52.9,34,34.8,43.3,30.6,36.3,0.617,0,0,0,0.034,0,0.548,0.637,0.364,0.555,0
30/05/2015 07:00,48.6,32,32.4,42.8,29.4,36.8,0.57,0,0,0.045,0.144,0,0.616,0.645,0.245,0.662,0.008
30/05/2015 08:00,39.8,27.5,27.4,39.6,26,34.6,0.481,0,0,0.17,0.27,0,0.65,0.612,0.12,0.728,0.103
30/05/2015 09:00,28.3,21.8,20.3,33.7,21.1,29.4,0.362,0,0,0.315,0.375,0,0.617,0.535,0.024,0.745,0.251
30/05/2015 10:00,16.9,14.3,12.5,25.3,14.3,21.8,0.216,0,0,0.434,0.429,0,0.557,0.421,0,0.719,0.397
30/05/2015 11:00,6.8,6.6,4.9,15.3,7,13,0.08,0.045,0,0.509,0.455,0,0.447,0.273,0,0.656,0.512
30/05/2015 12:00,0.4,1.2,0.4,5.8,1.7,5.1,0,0.155,0,0.546,0.464,0.063,0.271,0.117,0,0.536,0.578
30/05/2015 13:00,0,0,0,1,0,0.6,0,0.272,0,0.538,0.437,0.171,0.12,0.023,0,0.314,0.596
30/05/2015 14:00,0,0,0,0,0,0,0,0.365,0,0.492,0.377,0.284,0,0,0,0.158,0.578
30/05/2015 15:00,0,0,0,0,0,0,0,0.426,0,0.421,0.28,0.372,0,0,0,0,0.515
30/05/2015 16:00,0,0,0,0,0,0,0,0.452,0,0.292,0.156,0.428,0,0,0,0,0.415
30/05/2015 17:00,0,0,0,0,0,0,0,0.443,0,0.156,0.045,0.455,0,0,0,0,0.277
30/05/2015 18:00,0,0,0,0,0,0,0,0.404,0,0.046,0,0.43,0,0,0,0,0.129
30/05/2015 19:00,0,0,0,0,0,0,0,0.33,0.154,0,0,0.347,0,0,0,0,0.024
30/05/2015 20:00,0,0,0,0,0,0,0,0.232,0.355,0,0,0.243,0,0,0,0,0
30/05/2015 21:00,0,0,0,0,0,0,0,0.118,0.519,0,0,0.163,0,0,0,0,0
30/05/2015 22:00,0,0,0,0,0,0,0,0.02,0.622,0,0,0.084,0,0,0.053,0,0
30/05/2015 23:00,0.8,0.1,0.7,0,0,0,0.001,0,0.674,0,0,0.016,0,0,0.14,0,0
31/05/2015 00:00,9.4,2.8,6.5,0.5,0.8,0.3,0.089,0,0.679,0,0,0,0,0,0.203,0,0
31/05/2015 01:00,21.5,9.6,15.2,6.9,5.5,5.7,0.232,0,0.656,0,0,0,0,0.06,0.275,0,0
31/05/2015 02:00,38.3,16.8,23.8,17.3,13.1,16,0.373,0,0.562,0,0,0,0,0.212,0.316,0,0
31/05/2015 03:00,47,23.3,30.7,27.1,20.3,26,0.492,0,0.392,0,0,0,0.007,0.376,0.336,0,0
31/05/2015 04:00,51.2,27.8,36,35.4,26.6,34.2,0.573,0,0.199,0,0,0,0.169,0.508,0.33,0.117,0
31/05/2015 05:00,54.4,30.3,38.2,40.6,30.5,39.4,0.607,0,0.009,0,0,0,0.4,0.594,0.281,0.386,0
31/05/2015 06:00,53.1,30.9,38.2,42.5,33.7,41,0.592,0,0,0,0.022,0,0.619,0.625,0.219,0.56,0
31/05/2015 07:00,48.8,29.2,34.9,42.1,32.7,39.8,0.539,0,0,0.045,0.109,0,0.684,0.631,0.142,0.657,0.009
31/05/2015 08:00,41,24.9,29.5,39,29.2,35.4,0.432,0,0,0.169,0.205,0,0.714,0.597,0.065,0.705,0.102
31/05/2015 09:00,29.5,18.9,21.5,32.9,22.9,29.6,0.254,0,0,0.316,0.278,0,0.716,0.504,0.008,0.73,0.249
31/05/2015 10:00,16.9,12.1,12.9,24.8,15.6,22.2,0.149,0,0,0.441,0.309,0,0.657,0.395,0,0.713,0.396
31/05/2015 11:00,6.7,5.6,5.2,15.1,8.1,13.6,0.052,0.041,0,0.525,0.315,0,0.568,0.258,0,0.649,0.512
31/05/2015 12:00,0.5,1,0.5,6,1.9,5.4,0,0.146,0,0.575,0.267,0.042,0.413,0.116,0,0.55,0.588
31/05/2015 13:00,0,0,0,1,0,0.7,0,0.25,0,0.568,0.251,0.12,0.174,0.023,0,0.41,0.621
31/05/2015 14:00,0,0,0,0,0,0,0,0.335,0,0.514,0.211,0.211,0,0,0,0.191,0.607
31/05/2015 15:00,0,0,0,0,0,0,0,0.399,0,0.415,0.165,0.295,0,0,0,0,0.544
31/05/2015 16:00,0,0,0,0,0,0,0,0.44,0,0.301,0.091,0.377,0,0,0,0,0.434
31/05/2015 17:00,0,0,0,0,0,0,0,0.44,0,0.165,0.021,0.434,0,0,0,0,0.286
31/05/2015 18:00,0,0,0,0,0,0,0,0.408,0,0.048,0,0.45,0,0,0,0,0.128
31/05/2015 19:00,0,0,0,0,0,0,0,0.334,0.151,0,0,0.401,0,0,0,0,0.024
31/05/2015 20:00,0,0,0,0,0,0,0,0.232,0.332,0,0,0.296,0,0,0,0,0
31/05/2015 21:00,0,0,0,0,0,0,0,0.116,0.473,0,0,0.191,0,0,0,0,0
31/05/2015 22:00,0,0,0,0,0,0,0,0.018,0.572,0,0,0.097,0,0,0.036,0,0
31/05/2015 23:00,1.1,0.1,0.6,0,0,0,0,0,0.619,0,0,0.019,0,0,0.13,0,0
01/06/2015 00:00,10.4,3.2,6,0.5,0.5,0.2,0.07,0,0.623,0,0,0,0,0,0.236,0,0
01/06/2015 01:00,25.6,10.7,14.3,6.9,5.1,5.6,0.19,0,0.61,0,0,0,0,0.061,0.331,0,0
01/06/2015 02:00,38.9,18.8,22.4,17.4,13.2,15.9,0.309,0,0.518,0,0,0,0,0.206,0.409,0,0
01/06/2015 03:00,48.1,25.1,28.6,27.5,20.8,26,0.405,0,0.372,0,0,0,0.023,0.364,0.423,0,0
01/06/2015 04:00,53.3,29.6,33.6,35.3,26.5,34,0.484,0,0.176,0,0,0,0.313,0.494,0.392,0.097,0
01/06/2015 05:00,54.8,31.3,36.4,40.2,30.2,39.3,0.529,0,0.006,0,0,0,0.532,0.582,0.328,0.3,0
01/06/2015 06:00,51.6,31.7,36.2,43.1,31.3,41.9,0.54,0,0,0,0.018,0,0.674,0.625,0.278,0.459,0
01/06/2015 07:00,46.1,29.9,31.9,42.3,29.9,41.7,0.503,0,0,0.046,0.097,0,0.76,0.633,0.197,0.606,0.009
01/06/2015 08:00,38.4,26.2,25.7,38.9,25.9,38.5,0.428,0,0,0.166,0.147,0,0.799,0.601,0.106,0.698,0.101
01/06/2015 09:00,28.4,20.3,18.3,32.7,19.9,32.2,0.311,0,0,0.3,0.171,0,0.791,0.531,0.022,0.72,0.254
01/06/2015 10:00,17.5,13,10.7,24.4,13.8,23.8,0.193,0,0,0.415,0.199,0,0.738,0.418,0,0.722,0.407
01/06/2015 11:00,6.9,6.1,4.2,14.8,7.2,14.3,0.074,0.038,0,0.495,0.24,0,0.637,0.272,0,0.668,0.527
01/06/2015 12:00,0.5,1,0.3,6,1.7,5.6,0,0.147,0,0.537,0.281,0.085,0.482,0.117,0,0.566,0.6
01/06/2015 13:00,0,0,0,1,0,0.7,0,0.266,0,0.539,0.289,0.234,0.257,0.024,0,0.408,0.628
01/06/2015 14:00,0,0,0,0,0,0,0,0.361,0,0.501,0.221,0.374,0,0,0,0.206,0.609
01/06/2015 15:00,0,0,0,0,0,0,0,0.431,0,0.43,0.125,0.477,0,0,0,0,0.543
01/06/2015 16:00,0,0,0,0,0,0,0,0.469,0,0.313,0.056,0.532,0,0,0,0,0.431
01/06/2015 17:00,0,0,0,0,0,0,0,0.467,0,0.168,0.01,0.522,0,0,0,0,0.284
01/06/2015 18:00,0,0,0,0,0,0,0,0.429,0,0.048,0,0.443,0,0,0,0,0.127
01/06/2015 19:00,0,0,0,0,0,0,0,0.348,0.139,0,0,0.29,0,0,0,0,0.025
01/06/2015 20:00,0,0,0,0,0,0,0,0.237,0.367,0,0,0.197,0,0,0,0,0
01/06/2015 21:00,0,0,0,0,0,0,0,0.116,0.537,0,0,0.127,0,0,0,0,0
01/06/2015 22:00,0,0,0,0,0,0,0,0.02,0.622,0,0,0.062,0,0,0.058,0,0
01/06/2015 23:00,0.6,0.1,0.6,0,0,0,0,0,0.685,0,0,0.008,0,0,0.156,0,0
02/06/2015 00:00,7.1,3.7,6.7,0.5,0.5,0.3,0.08,0,0.664,0,0,0,0,0,0.26,0,0
02/06/2015 01:00,17,12.1,16.1,6.3,5.7,5.4,0.209,0,0.617,0,0,0,0,0.059,0.338,0,0
02/06/2015 02:00,32.1,21,25.1,15.8,14.5,15.5,0.329,0,0.523,0,0,0,0,0.208,0.39,0,0
02/06/2015 03:00,42.7,28.6,31.7,25.1,22.7,25.9,0.421,0,0.377,0,0,0,0.017,0.368,0.42,0,0
02/06/2015 04:00,48.7,33.9,36.1,32,28.2,33.8,0.478,0,0.19,0,0,0,0.262,0.497,0.372,0.183,0
02/06/2015 05:00,49.8,36.9,38.5,36,31.1,38.7,0.498,0,0.006,0,0,0,0.518,0.585,0.328,0.414,0
02/06/2015 06:00,48,38,38.5,37.6,31.6,40.1,0.484,0,0,0,0.032,0,0.658,0.625,0.297,0.579,0
02/06/2015 07:00,44.1,35.7,35.6,36.2,28.7,39.6,0.431,0,0,0.045,0.139,0,0.744,0.636,0.217,0.689,0.009
02/06/2015 08:00,38,30.3,30.2,33.1,23.9,36.3,0.355,0,0,0.167,0.264,0,0.781,0.606,0.116,0.751,0.1
02/06/2015 09:00,28.7,22.4,22.6,28,17.2,31.1,0.264,0,0,0.312,0.371,0,0.773,0.529,0.027,0.77,0.248
02/06/2015 10:00,17.4,14.5,13.8,21.6,11.4,23.5,0.163,0,0,0.434,0.446,0,0.718,0.417,0,0.751,0.397
02/06/2015 11:00,6.6,6.9,5.4,14.1,5.7,14.3,0.064,0.036,0,0.518,0.487,0,0.606,0.271,0,0.691,0.516
02/06/2015 12:00,0.5,1.2,0.5,6.3,1.3,5.7,0,0.139,0,0.567,0.494,0.048,0.458,0.117,0,0.585,0.596
02/06/2015 13:00,0,0,0,1.1,0,0.7,0,0.235,0,0.559,0.452,0.141,0.192,0.024,0,0.433,0.629
02/06/2015 14:00,0,0,0,0,0,0,0,0.299,0,0.506,0.376,0.237,0,0,0,0.224,0.612
02/06/2015 15:00,0,0,0,0,0,0,0,0.363,0,0.414,0.27,0.34,0,0,0,0.001,0.558
02/06/2015 16:00,0,0,0,0,0,0,0,0.386,0,0.299,0.147,0.408,0,0,0,0,0.446
02/06/2015 17:00,0,0,0,0,0,0,0,0.392,0,0.166,0.04,0.487,0,0,0,0,0.294
02/06/2015 18:00,0,0,0,0,0,0,0,0.343,0,0.046,0,0.493,0,0,0,0,0.124
02/06/2015 19:00,0,0,0,0,0,0,0,0.278,0.048,0,0,0.456,0,0,0,0,0.024
02/06/2015 20:00,0,0,0,0,0,0,0,0.2,0.117,0,0,0.364,0,0,0,0,0
02/06/2015 21:00,0,0,0,0,0,0,0,0.099,0.181,0,0,0.248,0,0,0,0,0
02/06/2015 22:00,0,0,0,0,0,0,0,0.017,0.283,0,0,0.125,0,0,0.031,0,0
02/06/2015 23:00,1.1,0.1,0.7,0,0,0,0,0,0.406,0,0,0.026,0,0,0.095,0,0
03/06/2015 00:00,10.8,3.7,6.5,0.5,0.7,0.3,0.074,0,0.477,0,0,0,0,0,0.161,0,0
03/06/2015 01:00,25.7,11.9,14.9,7,6,5.5,0.187,0,0.433,0,0,0,0,0.062,0.204,0,0
03/06/2015 02:00,36.8,20.2,22.9,17.6,14.5,14.9,0.293,0,0.324,0,0,0,0,0.204,0.228,0,0
03/06/2015 03:00,44.8,26.9,29.3,27.8,22.4,24.4,0.381,0,0.182,0,0,0,0.006,0.36,0.216,0,0
03/06/2015 04:00,48.8,31.8,33.1,35.7,28.9,32.6,0.461,0,0.064,0,0,0,0.209,0.486,0.236,0.161,0
03/06/2015 05:00,49.1,34.6,34.9,40.6,32.7,38,0.506,0,0,0,0,0,0.484,0.572,0.218,0.4,0
03/06/2015 06:00,46,34.6,34.2,43,33,40.3,0.527,0,0,0,0.032,0,0.633,0.608,0.183,0.573,0
03/06/2015 07:00,40.6,32.6,31.8,41.9,30.4,40,0.499,0,0,0.043,0.135,0,0.702,0.617,0.133,0.687,0.009
03/06/2015 08:00,33.1,28.4,26.9,38.2,26.4,37.1,0.429,0,0,0.168,0.25,0,0.72,0.586,0.074,0.752,0.094
03/06/2015 09:00,25,22.5,20.3,32.2,21.3,31.7,0.32,0,0,0.322,0.347,0,0.601,0.516,0.012,0.768,0.261
03/06/2015 10:00,16.1,15.2,12.9,24.3,14.5,24,0.182,0,0,0.449,0.406,0,0.451,0.403,0,0.747,0.419
03/06/2015 11:00,6.9,7.4,5,15,7.6,14.6,0.065,0.024,0,0.532,0.444,0.002,0.339,0.259,0,0.684,0.54
03/06/2015 12:00,0.6,1.3,0.5,6.1,1.9,5.7,0,0.099,0,0.576,0.452,0.091,0.207,0.113,0,0.58,0.614
03/06/2015 13:00,0,0,0,1.2,0,0.7,0,0.189,0,0.571,0.423,0.242,0.083,0.021,0,0.396,0.642
03/06/2015 14:00,0,0,0,0,0,0,0,0.26,0,0.525,0.365,0.404,0,0,0,0.134,0.622
03/06/2015 15:00,0,0,0,0,0,0,0,0.304,0,0.439,0.269,0.52,0,0,0,0,0.553
03/06/2015 16:00,0,0,0,0,0,0,0,0.333,0,0.314,0.156,0.594,0,0,0,0,0.441
03/06/2015 17:00,0,0,0,0,0,0,0,0.342,0,0.165,0.043,0.624,0,0,0,0,0.289
03/06/2015 18:00,0,0,0,0,0,0,0,0.313,0,0.041,0,0.609,0,0,0,0,0.123
03/06/2015 19:00,0,0,0,0,0,0,0,0.264,0.174,0,0,0.553,0,0,0,0,0.024
03/06/2015 20:00,0,0,0,0,0,0,0,0.193,0.388,0,0,0.454,0,0,0,0,0
03/06/2015 21:00,0,0,0,0,0,0,0,0.102,0.528,0,0,0.31,0,0,0,0,0
03/06/2015 22:00,0,0,0,0,0,0,0,0.017,0.595,0,0,0.157,0,0,0.032,0,0
03/06/2015 23:00,1,0.1,0.8,0,0,0,0.002,0,0.691,0,0,0.038,0,0,0.102,0,0
04/06/2015 00:00,8.3,4,7.1,0.5,0.5,0.3,0.089,0,0.704,0,0,0,0,0,0.179,0,0
04/06/2015 01:00,18.2,12.5,15.8,6.3,5.9,5.8,0.218,0,0.616,0,0,0,0,0.064,0.24,0,0
04/06/2015 02:00,29.6,21.3,23.4,16.1,14.5,16,0.328,0,0.343,0,0,0,0,0.194,0.299,0,0
04/06/2015 03:00,40.3,28.6,29.5,25.5,22,25.7,0.401,0,0.138,0,0,0,0.01,0.35,0.336,0,0
04/06/2015 04:00,44.2,33.3,35,34.4,27.5,33.4,0.448,0,0.043,0,0,0,0.26,0.474,0.344,0.133,0
04/06/2015 05:00,44.1,35.8,37.1,40.2,30.7,38.3,0.504,0,0,0,0,0,0.481,0.557,0.316,0.381,0
04/06/2015 06:00,41.6,34.9,36.8,43,31,39.7,0.454,0,0,0,0.025,0,0.619,0.584,0.267,0.569,0
04/06/2015 07:00,38.3,32.4,34.4,42.5,29,39.3,0.42,0,0,0.047,0.132,0,0.702,0.586,0.192,0.687,0.009
04/06/2015 08:00,33.8,27.6,29.6,39.3,24.7,36.3,0.37,0,0,0.171,0.257,0,0.671,0.568,0.099,0.721,0.093
04/06/2015 09:00,26.1,21.1,22.7,33.5,18.9,31.4,0.303,0,0,0.32,0.354,0,0.645,0.489,0.02,0.756,0.26
04/06/2015 10:00,15.9,13.7,14.4,25.4,12.3,23.5,0.2,0,0,0.44,0.399,0,0.575,0.393,0,0.748,0.42
04/06/2015 11:00,6.6,6.7,6,15.6,6.4,14.2,0.082,0.042,0,0.515,0.418,0.003,0.43,0.258,0,0.687,0.542
04/06/2015 12:00,0.6,1.2,0.6,6.2,1.5,5.6,0,0.149,0,0.522,0.4,0.094,0.296,0.119,0,0.581,0.612
04/06/2015 13:00,0,0,0,1.2,0,0.7,0,0.283,0,0.509,0.352,0.253,0.126,0.025,0,0.428,0.638
04/06/2015 14:00,0,0,0,0,0,0,0,0.388,0,0.457,0.28,0.408,0,0,0,0.202,0.619
04/06/2015 15:00,0,0,0,0,0,0,0,0.452,0,0.385,0.178,0.523,0,0,0,0,0.566
04/06/2015 16:00,0,0,0,0,0,0,0,0.475,0,0.281,0.095,0.592,0,0,0,0,0.452
04/06/2015 17:00,0,0,0,0,0,0,0,0.465,0,0.159,0.021,0.615,0,0,0,0,0.296
04/06/2015 18:00,0,0,0,0,0,0,0,0.41,0,0.048,0,0.597,0,0,0,0,0.121
04/06/2015 19:00,0,0,0,0,0,0,0,0.333,0.168,0,0,0.532,0,0,0,0,0.023
04/06/2015 20:00,0,0,0,0,0,0,0,0.23,0.39,0,0,0.398,0,0,0,0,0
04/06/2015 21:00,0,0,0,0,0,0,0,0.113,0.543,0,0,0.275,0,0,0,0,0
04/06/2015 22:00,0,0,0,0,0,0,0,0.017,0.637,0,0,0.151,0,0,0.023,0,0
04/06/2015 23:00,0.9,0.1,0.8,0,0,0,0,0,0.676,0,0,0.037,0,0,0.084,0,0
05/06/2015 00:00,8.6,3,7.2,0.6,0.5,0.3,0.068,0,0.678,0,0,0,0,0,0.162,0,0
05/06/2015 01:00,20.5,9.4,15.9,7.2,4.2,5,0.192,0,0.637,0,0,0,0,0.062,0.247,0,0
05/06/2015 02:00,35,16.5,23.5,17.9,10.2,13.8,0.322,0,0.55,0,0,0,0,0.21,0.318,0,0
05/06/2015 03:00,46.6,23,29.3,28,15.8,22.5,0.418,0,0.405,0,0,0,0.006,0.371,0.37,0,0
05/06/2015 04:00,51.6,27.1,32.7,36,20,29.6,0.492,0,0.207,0,0,0,0.211,0.501,0.404,0.17,0
05/06/2015 05:00,53.2,28.9,33.3,41,23.4,34.6,0.528,0,0.008,0,0,0,0.422,0.588,0.403,0.405,0
05/06/2015 06:00,49.4,28.2,32.2,43.2,24.5,36.4,0.51,0,0,0,0.015,0,0.581,0.605,0.352,0.574,0
05/06/2015 07:00,43.3,25.6,30.2,42.8,23.8,35.7,0.49,0,0,0.041,0.086,0,0.683,0.612,0.266,0.686,0.01
05/06/2015 08:00,36,21.6,26.5,39.7,21.2,31.7,0.398,0,0,0.157,0.17,0,0.737,0.581,0.139,0.749,0.098
05/06/2015 09:00,26.6,16.7,20.2,33.9,16.3,26.1,0.291,0,0,0.283,0.247,0,0.741,0.49,0.027,0.769,0.255
05/06/2015 10:00,16.3,11,12.6,25.6,10.7,19.6,0.159,0,0,0.39,0.285,0,0.706,0.389,0,0.749,0.412
05/06/2015 11:00,6.3,5.4,5.2,15.7,5,12.1,0.052,0.032,0,0.461,0.322,0.002,0.592,0.255,0,0.689,0.532
05/06/2015 12:00,0.5,0.9,0.5,6.1,1,5,0,0.122,0,0.491,0.322,0.092,0.395,0.117,0,0.586,0.615
05/06/2015 13:00,0,0,0,1.2,0,0.6,0,0.212,0,0.472,0.298,0.252,0.142,0.024,0,0.434,0.64
05/06/2015 14:00,0,0,0,0,0,0,0,0.289,0,0.426,0.246,0.408,0,0,0,0.223,0.62
05/06/2015 15:00,0,0,0,0,0,0,0,0.358,0,0.352,0.163,0.522,0,0,0,0,0.537
05/06/2015 16:00,0,0,0,0,0,0,0,0.427,0,0.257,0.079,0.592,0,0,0,0,0.423
05/06/2015 17:00,0,0,0,0,0,0,0,0.466,0,0.15,0.017,0.616,0,0,0,0,0.279
05/06/2015 18:00,0,0,0,0,0,0,0,0.445,0,0.048,0,0.598,0,0,0,0,0.126
05/06/2015 19:00,0,0,0,0,0,0,0,0.369,0.119,0,0,0.545,0,0,0,0,0.024
05/06/2015 20:00,0,0,0,0,0,0,0,0.248,0.332,0,0,0.442,0,0,0,0,0
05/06/2015 21:00,0,0,0,0,0,0,0,0.117,0.525,0,0,0.303,0,0,0,0,0
05/06/2015 22:00,0,0,0,0,0,0,0,0.023,0.628,0,0,0.155,0,0,0.079,0,0
05/06/2015 23:00,0.9,0.1,0.9,0,0,0,0,0,0.643,0,0,0.038,0,0,0.218,0,0
06/06/2015 00:00,8.3,2.9,7.1,0.6,0.7,0.3,0.05,0,0.544,0,0,0,0,0,0.349,0,0
06/06/2015 01:00,20.1,9.4,15.6,7,5,5.1,0.137,0,0.456,0,0,0,0,0.062,0.461,0,0
06/06/2015 02:00,36,16.4,23.7,17.4,12.1,13.8,0.224,0,0.363,0,0,0,0,0.204,0.537,0,0
06/06/2015 03:00,47.1,22.7,29.6,27.6,19.1,22.6,0.303,0,0.263,0,0,0,0.02,0.361,0.575,0,0
06/06/2015 04:00,53.3,27.3,33.5,35.6,25.1,30.1,0.368,0,0.164,0,0,0,0.295,0.494,0.568,0.156,0
06/06/2015 05:00,55.7,29.8,35.2,40.6,29.3,35.5,0.377,0,0.006,0,0,0,0.522,0.589,0.503,0.39,0
06/06/2015 06:00,53.8,30.1,34.8,43.3,30.8,38.2,0.348,0,0,0,0.027,0,0.665,0.64,0.397,0.558,0
06/06/2015 07:00,49.3,28.4,32,42.8,30.3,37.7,0.308,0,0,0.046,0.134,0,0.751,0.65,0.276,0.671,0.009
06/06/2015 08:00,41.2,24.4,27.6,39.6,27.5,34.4,0.255,0,0,0.166,0.258,0,0.788,0.619,0.143,0.735,0.094
06/06/2015 09:00,30.2,18.9,20.5,33.7,22.3,28.6,0.174,0,0,0.315,0.349,0,0.779,0.539,0.033,0.753,0.255
06/06/2015 10:00,17.2,12.4,12.3,25.5,15.3,21.4,0.101,0,0,0.44,0.404,0,0.726,0.425,0,0.724,0.413
06/06/2015 11:00,6.5,6.1,4.8,15.6,7.6,13.2,0.039,0.041,0,0.524,0.42,0.003,0.624,0.277,0,0.637,0.535
06/06/2015 12:00,0.5,1.2,0.4,6.1,1.7,5.3,0,0.149,0,0.549,0.417,0.094,0.466,0.121,0,0.478,0.606
06/06/2015 13:00,0,0,0,1.2,0,0.8,0,0.266,0,0.546,0.386,0.248,0.236,0.026,0,0.263,0.635
06/06/2015 14:00,0,0,0,0,0,0,0,0.362,0,0.5,0.318,0.395,0,0,0,0.1,0.616
06/06/2015 15:00,0,0,0,0,0,0,0,0.44,0,0.417,0.229,0.506,0,0,0,0,0.557
06/06/2015 16:00,0,0,0,0,0,0,0,0.495,0,0.298,0.122,0.573,0,0,0,0,0.446
06/06/2015 17:00,0,0,0,0,0,0,0,0.493,0,0.164,0.029,0.6,0,0,0,0,0.293
06/06/2015 18:00,0,0,0,0,0,0,0,0.443,0,0.049,0,0.585,0,0,0,0,0.122
06/06/2015 19:00,0,0,0,0,0,0,0,0.358,0.059,0,0,0.53,0,0,0,0,0.024
06/06/2015 20:00,0,0,0,0,0,0,0,0.24,0.224,0,0,0.416,0,0,0,0,0
06/06/2015 21:00,0,0,0,0,0,0,0,0.107,0.448,0,0,0.272,0,0,0,0,0
06/06/2015 22:00,0,0,0,0,0,0,0,0.022,0.575,0,0,0.14,0,0,0.067,0,0
06/06/2015 23:00,0.9,0.1,0.9,0,0,0,0,0,0.613,0,0,0.033,0,0,0.189,0,0
07/06/2015 00:00,9.1,3.9,7.6,0.6,0.8,0.3,0.056,0,0.579,0,0,0,0,0,0.304,0,0
07/06/2015 01:00,24.3,12.3,16.9,7.4,6.5,5.6,0.141,0,0.539,0,0,0,0,0.064,0.393,0,0
07/06/2015 02:00,38.7,21.3,25.8,18.2,15.8,14.8,0.239,0,0.395,0,0,0,0,0.196,0.455,0,0
07/06/2015 03:00,49.3,28.5,32.9,28.2,24.4,23.7,0.308,0,0.26,0,0,0,0.017,0.344,0.463,0,0
07/06/2015 04:00,54.8,33.8,37.5,35.8,30.9,30.7,0.341,0,0.091,0,0,0,0.281,0.472,0.442,0.159,0
07/06/2015 05:00,55.3,36.6,38.9,40.7,34.8,35.4,0.376,0,0,0,0,0,0.509,0.564,0.398,0.4,0
07/06/2015 06:00,53.1,37.3,38,43.1,36.4,36.9,0.422,0,0,0,0.003,0,0.65,0.622,0.331,0.56,0
07/06/2015 07:00,48.6,35.1,35.1,42.5,35.3,36,0.449,0,0,0.045,0.046,0,0.74,0.63,0.234,0.673,0.009
07/06/2015 08:00,41.1,30.6,29.8,39.4,31.5,32.5,0.396,0,0,0.166,0.107,0,0.778,0.598,0.126,0.736,0.093
07/06/2015 09:00,31.1,23.4,22.5,33.5,25.2,27.2,0.29,0,0,0.317,0.171,0,0.77,0.517,0.028,0.757,0.258
07/06/2015 10:00,19,15.5,14.2,25.3,16.9,20.1,0.151,0,0,0.443,0.216,0,0.717,0.405,0,0.733,0.417
07/06/2015 11:00,7.4,7.4,5.8,15.5,8.3,12.2,0.046,0.023,0,0.527,0.245,0.003,0.616,0.263,0,0.671,0.538
07/06/2015 12:00,0.8,1.4,0.6,6,2,5,0,0.102,0,0.572,0.269,0.093,0.457,0.119,0,0.558,0.614
07/06/2015 13:00,0,0,0,1.2,0,0.6,0,0.197,0,0.568,0.206,0.251,0.174,0.025,0,0.382,0.638
07/06/2015 14:00,0,0,0,0,0,0,0,0.301,0,0.523,0.126,0.405,0,0,0,0.118,0.616
07/06/2015 15:00,0,0,0,0,0,0,0,0.396,0,0.431,0.077,0.516,0,0,0,0,0.54
07/06/2015 16:00,0,0,0,0,0,0,0,0.467,0,0.308,0.031,0.584,0,0,0,0,0.43
07/06/2015 17:00,0,0,0,0,0,0,0,0.469,0,0.164,0.002,0.613,0,0,0,0,0.283
07/06/2015 18:00,0,0,0,0,0,0,0,0.434,0,0.046,0,0.594,0,0,0,0,0.124
07/06/2015 19:00,0,0,0,0,0,0,0,0.357,0.055,0,0,0.536,0,0,0,0,0.025
07/06/2015 20:00,0,0,0,0,0,0,0,0.245,0.184,0,0,0.426,0,0,0,0,0
07/06/2015 21:00,0,0,0,0,0,0,0,0.114,0.363,0,0,0.28,0,0,0,0,0
07/06/2015 22:00,0,0,0,0,0,0,0,0.024,0.608,0,0,0.144,0,0,0.04,0,0
07/06/2015 23:00,1.2,0.1,0.9,0,0,0,0.001,0,0.652,0,0,0.033,0,0,0.132,0,0
08/06/2015 00:00,10.8,3.7,7.3,0.6,0.7,0.3,0.069,0,0.695,0,0,0,0,0,0.245,0,0
08/06/2015 01:00,26.5,12,16.6,7.2,7.1,4.5,0.157,0,0.655,0,0,0,0,0.064,0.353,0,0
08/06/2015 02:00,39.7,20.7,25.4,17.6,16.3,11.7,0.245,0,0.565,0,0,0,0,0.195,0.429,0,0
08/06/2015 03:00,50,27.3,32.2,27.2,24.7,18.7,0.339,0,0.422,0,0,0,0.016,0.341,0.495,0,0
08/06/2015 04:00,55.3,32.2,36.6,34.7,31.6,24.8,0.411,0,0.218,0,0,0,0.277,0.468,0.509,0.16,0
08/06/2015 05:00,57.5,34.9,38.3,39.7,36.2,29.4,0.456,0,0.009,0,0,0,0.512,0.558,0.48,0.392,0
08/06/2015 06:00,55.4,34.8,37.7,41.8,37.6,32.3,0.475,0,0,0,0.025,0,0.652,0.613,0.407,0.561,0
08/06/2015 07:00,49,32,34.7,41,35.9,32.4,0.459,0,0,0.048,0.123,0,0.739,0.622,0.301,0.666,0.009
08/06/2015 08:00,41.6,27.2,28.9,37.5,31.1,29.9,0.406,0,0,0.168,0.257,0,0.775,0.591,0.166,0.726,0.092
08/06/2015 09:00,30.3,20.9,21.3,31.5,23.1,25.5,0.319,0,0,0.309,0.375,0,0.767,0.522,0.043,0.74,0.257
08/06/2015 10:00,18.6,13.8,12.9,23.7,14.8,19,0.197,0,0,0.427,0.462,0,0.714,0.411,0,0.721,0.415
08/06/2015 11:00,7.2,6.5,5.5,14.5,7.2,11.6,0.073,0.04,0,0.503,0.497,0.002,0.613,0.268,0,0.663,0.535
08/06/2015 12:00,0.6,1.2,0.5,6.1,1.7,4.7,0,0.144,0,0.518,0.483,0.093,0.454,0.119,0,0.556,0.6
08/06/2015 13:00,0,0,0,1.2,0,0.5,0,0.276,0,0.507,0.418,0.242,0.182,0.026,0,0.394,0.629
08/06/2015 14:00,0,0,0,0,0,0,0,0.369,0,0.458,0.329,0.382,0,0,0,0.118,0.611
08/06/2015 15:00,0,0,0,0,0,0,0,0.439,0,0.388,0.209,0.478,0,0,0,0,0.547
08/06/2015 16:00,0,0,0,0,0,0,0,0.474,0,0.274,0.113,0.535,0,0,0,0,0.435
08/06/2015 17:00,0,0,0,0,0,0,0,0.467,0,0.153,0.03,0.546,0,0,0,0,0.286
08/06/2015 18:00,0,0,0,0,0,0,0,0.421,0,0.046,0,0.517,0,0,0,0,0.124
08/06/2015 19:00,0,0,0,0,0,0,0,0.335,0.19,0,0,0.466,0,0,0,0,0.025
08/06/2015 20:00,0,0,0,0,0,0,0,0.236,0.41,0,0,0.375,0,0,0,0,0
08/06/2015 21:00,0,0,0,0,0,0,0,0.11,0.567,0,0,0.259,0,0,0,0,0
08/06/2015 22:00,0,0,0,0,0,0,0,0.022,0.66,0,0,0.126,0,0,0.033,0,0
08/06/2015 23:00,0.9,0.1,0.8,0,0,0,0.001,0,0.704,0,0,0.029,0,0,0.102,0,0
09/06/2015 00:00,8.5,3.6,7.6,0.6,0.3,0.3,0.074,0,0.682,0,0,0,0,0,0.171,0,0
09/06/2015 01:00,22.9,11.4,17.8,6.1,4.1,4.1,0.189,0,0.614,0,0,0,0,0.059,0.228,0,0
09/06/2015 02:00,36.7,20.2,27,14.9,11.2,11.3,0.315,0,0.455,0,0,0,0,0.207,0.271,0,0
09/06/2015 03:00,45.9,27.5,34.2,23.6,19.8,19.4,0.426,0,0.262,0,0,0,0.017,0.369,0.308,0,0
09/06/2015 04:00,50.8,32.5,38.4,30.6,27.2,26.5,0.507,0,0.104,0,0,0,0.279,0.5,0.337,0.186,0
09/06/2015 05:00,52.1,34.9,39.9,34.3,32.1,31.5,0.531,0,0.003,0,0,0,0.509,0.589,0.338,0.418,0
09/06/2015 06:00,47.2,34.9,39.1,34.7,34.1,34,0.518,0,0,0,0.017,0,0.652,0.619,0.307,0.579,0
09/06/2015 07:00,41,32.6,36.2,32.6,33.1,34.2,0.474,0,0,0.046,0.111,0,0.74,0.628,0.234,0.69,0.011
09/06/2015 08:00,32.6,27.9,30.9,28.9,28.9,32,0.385,0,0,0.165,0.237,0,0.779,0.597,0.133,0.75,0.104
09/06/2015 09:00,22.7,21.3,23.1,24,23.2,28,0.302,0,0,0.312,0.344,0,0.773,0.515,0.034,0.769,0.229
09/06/2015 10:00,13.1,14,14.5,17.4,15.5,21,0.195,0,0,0.435,0.402,0,0.72,0.405,0,0.753,0.353
09/06/2015 11:00,5.5,6.7,6,10.7,7.4,12.9,0.079,0.03,0,0.516,0.417,0.002,0.62,0.264,0,0.692,0.466
09/06/2015 12:00,0.4,1.3,0.6,4.7,1.7,5.4,0.001,0.118,0,0.553,0.391,0.089,0.466,0.118,0,0.59,0.521
09/06/2015 13:00,0,0,0,0.7,0,0.7,0,0.235,0,0.551,0.333,0.226,0.245,0.026,0,0.447,0.523
09/06/2015 14:00,0,0,0,0,0,0,0,0.341,0,0.507,0.259,0.343,0,0,0,0.229,0.508
09/06/2015 15:00,0,0,0,0,0,0,0,0.422,0,0.42,0.164,0.426,0,0,0,0.002,0.482
09/06/2015 16:00,0,0,0,0,0,0,0,0.421,0,0.302,0.083,0.481,0,0,0,0,0.406
09/06/2015 17:00,0,0,0,0,0,0,0,0.384,0,0.163,0.017,0.495,0,0,0,0,0.274
09/06/2015 18:00,0,0,0,0,0,0,0,0.329,0,0.047,0,0.48,0,0,0,0,0.13
09/06/2015 19:00,0,0,0,0,0,0,0,0.214,0.064,0,0,0.441,0,0,0,0,0.024
09/06/2015 20:00,0,0,0,0,0,0,0,0.118,0.115,0,0,0.352,0,0,0,0,0
09/06/2015 21:00,0,0,0,0,0,0,0,0.047,0.129,0,0,0.248,0,0,0,0,0
09/06/2015 22:00,0,0,0,0,0,0,0,0.002,0.129,0,0,0.123,0,0,0.043,0,0
09/06/2015 23:00,1.1,0.1,0.8,0,0,0,0.004,0,0.162,0,0,0.028,0,0,0.13,0,0
10/06/2015 00:00,8.1,3.4,7,0.5,0.5,0.3,0.093,0,0.161,0,0,0,0,0,0.181,0,0
10/06/2015 01:00,17.9,10.7,16,5.7,4.8,5.8,0.232,0,0.126,0,0,0,0,0.061,0.23,0,0
10/06/2015 02:00,28.7,18.9,24.5,13.1,12,14.9,0.367,0,0.123,0,0,0,0,0.202,0.283,0,0
10/06/2015 03:00,37.6,25.6,30.9,20.2,19.1,23.3,0.476,0,0.07,0,0,0,0.02,0.358,0.303,0,0
10/06/2015 04:00,37.9,31.3,35.5,26.3,24.4,30.4,0.562,0,0.018,0,0,0,0.298,0.486,0.283,0.201,0
10/06/2015 05:00,39.6,34.3,36.9,30.4,27.6,35.1,0.574,0,0,0,0,0,0.51,0.575,0.236,0.43,0
10/06/2015 06:00,36.4,34.2,34.1,31.6,28.9,36.9,0.581,0,0,0,0.005,0,0.656,0.618,0.189,0.591,0
10/06/2015 07:00,32.3,32.4,30.4,30.8,27.8,35.9,0.538,0,0,0.046,0.049,0,0.746,0.626,0.119,0.7,0.007
10/06/2015 08:00,28.4,28,25.5,28.2,25,32.7,0.454,0,0,0.16,0.113,0,0.783,0.595,0.048,0.762,0.088
10/06/2015 09:00,21.4,21.7,19.2,23.6,19.8,27.6,0.333,0,0,0.291,0.174,0,0.775,0.52,0.005,0.781,0.195
10/06/2015 10:00,12.8,14.2,12.1,18.1,13.5,20.3,0.201,0,0,0.406,0.232,0,0.721,0.408,0,0.762,0.302
10/06/2015 11:00,4.8,6.8,4.8,11.7,7,12.6,0.079,0.025,0,0.489,0.297,0.001,0.619,0.265,0,0.702,0.397
10/06/2015 12:00,0.3,1.2,0.5,5.4,1.7,5.4,0.001,0.088,0,0.534,0.341,0.087,0.462,0.118,0,0.601,0.443
10/06/2015 13:00,0,0,0,0.9,0,0.8,0,0.16,0,0.535,0.33,0.238,0.237,0.026,0,0.45,0.494
10/06/2015 14:00,0,0,0,0,0,0,0,0.22,0,0.496,0.289,0.395,0,0,0,0.219,0.515
10/06/2015 15:00,0,0,0,0,0,0,0,0.276,0,0.419,0.208,0.505,0,0,0,0.002,0.459
10/06/2015 16:00,0,0,0,0,0,0,0,0.318,0,0.303,0.12,0.565,0,0,0,0,0.341
10/06/2015 17:00,0,0,0,0,0,0,0,0.34,0,0.166,0.033,0.584,0,0,0,0,0.211
10/06/2015 18:00,0,0,0,0,0,0,0,0.334,0,0.05,0,0.545,0,0,0,0,0.101
10/06/2015 19:00,0,0,0,0,0,0,0,0.3,0.013,0,0,0.466,0,0,0,0,0.017
10/06/2015 20:00,0,0,0,0,0,0,0,0.222,0.11,0,0,0.345,0,0,0,0,0
10/06/2015 21:00,0,0,0,0,0,0,0,0.12,0.174,0,0,0.195,0,0,0,0,0
10/06/2015 22:00,0,0,0,0,0,0,0,0.02,0.197,0,0,0.096,0,0,0.03,0,0
10/06/2015 23:00,0.5,0.1,0.3,0,0,0,0.004,0,0.212,0,0,0.016,0,0,0.09,0,0
11/06/2015 00:00,5,3.3,4.5,0.6,0.6,0.3,0.093,0,0.277,0,0,0,0,0,0.169,0,0
11/06/2015 01:00,12,11,11.4,7.1,5.6,5,0.231,0,0.352,0,0,0,0,0.063,0.257,0,0
11/06/2015 02:00,18,19.2,18.2,16.7,13.8,13.2,0.36,0,0.355,0,0,0,0,0.197,0.318,0,0
11/06/2015 03:00,24,25.7,25.6,25.6,22.4,21.4,0.462,0,0.25,0,0,0,0.022,0.346,0.35,0,0
11/06/2015 04:00,27.9,29.9,30.9,33.3,28.8,28.4,0.53,0,0.113,0,0,0,0.307,0.472,0.359,0.191,0
11/06/2015 05:00,30.3,32,32.4,37.7,32.9,32.6,0.567,0,0,0,0,0,0.515,0.561,0.33,0.425,0
11/06/2015 06:00,30.5,31.2,31.5,38.8,34.8,33.6,0.563,0,0,0,0.029,0,0.661,0.611,0.275,0.587,0
11/06/2015 07:00,29.2,27.6,28.4,37.6,32.9,32.7,0.54,0,0,0.046,0.132,0,0.746,0.622,0.187,0.695,0.008
11/06/2015 08:00,25.5,22.4,23.6,34.2,27.5,29.6,0.452,0,0,0.159,0.257,0,0.785,0.593,0.097,0.755,0.098
11/06/2015 09:00,19.6,16.6,17.8,29.2,20.6,25.1,0.339,0,0,0.27,0.37,0,0.776,0.501,0.018,0.774,0.233
11/06/2015 10:00,12.1,10.7,11.2,22.5,13,19,0.208,0,0,0.349,0.463,0,0.722,0.395,0,0.752,0.371
11/06/2015 11:00,5.3,4.9,4.5,14.5,6.1,12.1,0.082,0.046,0,0.435,0.519,0,0.621,0.259,0,0.691,0.484
11/06/2015 12:00,0.5,0.8,0.5,6.5,1.3,5.2,0.001,0.154,0,0.487,0.506,0.073,0.464,0.119,0,0.578,0.558
11/06/2015 13:00,0,0,0,1.2,0,0.8,0,0.27,0,0.517,0.456,0.209,0.242,0.026,0,0.379,0.589
11/06/2015 14:00,0,0,0,0,0,0,0,0.349,0,0.479,0.381,0.35,0,0,0,0.115,0.573
11/06/2015 15:00,0,0,0,0,0,0,0,0.394,0,0.393,0.273,0.47,0,0,0,0,0.512
11/06/2015 16:00,0,0,0,0,0,0,0,0.426,0,0.28,0.148,0.547,0,0,0,0,0.407
11/06/2015 17:00,0,0,0,0,0,0,0,0.419,0,0.152,0.043,0.584,0,0,0,0,0.271
11/06/2015 18:00,0,0,0,0,0,0,0,0.38,0,0.043,0,0.576,0,0,0,0,0.129
11/06/2015 19:00,0,0,0,0,0,0,0,0.309,0.095,0,0,0.51,0,0,0,0,0.024
11/06/2015 20:00,0,0,0,0,0,0,0,0.219,0.244,0,0,0.415,0,0,0,0,0
11/06/2015 21:00,0,0,0,0,0,0,0,0.111,0.348,0,0,0.277,0,0,0,0,0
11/06/2015 22:00,0,0,0,0,0,0,0,0.021,0.412,0,0,0.145,0,0,0.041,0,0
11/06/2015 23:00,0.7,0.1,0.5,0,0,0,0.003,0,0.432,0,0,0.031,0,0,0.122,0,0
12/06/2015 00:00,6.6,2.6,5.2,0.6,0.4,0.2,0.089,0,0.429,0,0,0,0,0.001,0.212,0,0
12/06/2015 01:00,15.3,8.3,12.7,7.2,3.7,4.3,0.223,0,0.396,0,0,0,0,0.062,0.316,0,0
12/06/2015 02:00,23.8,14.4,19.4,17.4,9.6,11.4,0.364,0,0.324,0,0,0,0,0.205,0.384,0,0
12/06/2015 03:00,32.3,19.6,25.7,27.3,15.8,18.7,0.466,0,0.216,0,0,0,0.021,0.363,0.412,0,0
12/06/2015 04:00,34.9,23.8,30.4,35,20.6,24.9,0.536,0,0.088,0,0,0,0.304,0.495,0.413,0.151,0
12/06/2015 05:00,37.3,26.1,31.9,39.9,23.8,28.7,0.562,0,0,0,0,0,0.542,0.587,0.388,0.371,0
12/06/2015 06:00,38.5,26,31.2,42.2,25.1,29.9,0.546,0,0,0,0.031,0,0.684,0.607,0.325,0.546,0
12/06/2015 07:00,35.9,24.8,28.2,41.7,24.2,29.8,0.511,0,0,0.041,0.136,0,0.767,0.621,0.234,0.665,0.01
12/06/2015 08:00,30.8,22.2,23.6,38.6,21.2,27.6,0.431,0,0,0.164,0.27,0,0.803,0.594,0.123,0.738,0.095
12/06/2015 09:00,23.5,17.1,17.3,33,16.3,23.6,0.334,0,0,0.3,0.396,0,0.795,0.5,0.028,0.753,0.249
12/06/2015 10:00,14.9,11.3,10.6,25.1,10.5,17.8,0.206,0,0,0.419,0.472,0,0.742,0.395,0,0.73,0.404
12/06/2015 11:00,6.6,5.4,4.1,15.5,5.1,11.2,0.078,0.008,0,0.489,0.501,0.002,0.641,0.261,0,0.659,0.525
12/06/2015 12:00,0.6,0.9,0.4,6.3,1.2,5,0.001,0.051,0,0.529,0.495,0.091,0.486,0.122,0,0.535,0.615
12/06/2015 13:00,0,0,0,1.3,0,0.7,0,0.106,0,0.535,0.453,0.237,0.263,0.027,0,0.27,0.643
12/06/2015 14:00,0,0,0,0,0,0,0,0.174,0,0.496,0.381,0.375,0,0,0,0.099,0.623
12/06/2015 15:00,0,0,0,0,0,0,0,0.237,0,0.412,0.269,0.467,0,0,0,0,0.543
12/06/2015 16:00,0,0,0,0,0,0,0,0.28,0,0.294,0.152,0.528,0,0,0,0,0.432
12/06/2015 17:00,0,0,0,0,0,0,0,0.32,0,0.162,0.042,0.532,0,0,0,0,0.283
12/06/2015 18:00,0,0,0,0,0,0,0,0.337,0,0.047,0,0.511,0,0,0,0,0.124
12/06/2015 19:00,0,0,0,0,0,0,0,0.298,0.173,0,0,0.464,0,0,0,0,0.026
12/06/2015 20:00,0,0,0,0,0,0,0,0.223,0.382,0,0,0.383,0,0,0,0,0
12/06/2015 21:00,0,0,0,0,0,0,0,0.115,0.539,0,0,0.265,0,0,0,0,0
12/06/2015 22:00,0,0,0,0,0,0,0,0.016,0.641,0,0,0.137,0,0,0.03,0,0
12/06/2015 23:00,1.2,0.1,0.6,0,0,0,0,0,0.695,0,0,0.031,0,0,0.087,0,0
13/06/2015 00:00,9.8,3.3,6.1,0.6,0.5,0.2,0.051,0,0.71,0,0,0,0,0.001,0.149,0,0
13/06/2015 01:00,23.1,10.6,14.9,7.1,5.2,4.5,0.119,0,0.668,0,0,0,0,0.061,0.211,0,0
13/06/2015 02:00,38.4,18.7,23.8,17.6,13.2,13,0.192,0,0.557,0,0,0,0,0.207,0.241,0,0
13/06/2015 03:00,46.9,25.4,30.6,27.5,21.2,21.9,0.264,0,0.374,0,0,0,0.021,0.37,0.283,0,0
13/06/2015 04:00,52.4,29.8,35.1,35.2,27.5,29.1,0.321,0,0.174,0,0,0,0.306,0.503,0.3,0.149,0
13/06/2015 05:00,53.3,31.7,36.1,40,31.7,33.8,0.401,0,0.003,0,0,0,0.54,0.595,0.273,0.349,0
13/06/2015 06:00,50.7,30.9,34.1,42.2,33.7,35.3,0.398,0,0,0,0.036,0,0.68,0.641,0.222,0.484,0
13/06/2015 07:00,44.9,27.3,29.1,41.5,32.6,34.7,0.346,0,0,0.039,0.142,0,0.765,0.649,0.143,0.605,0.01
13/06/2015 08:00,36.4,22.2,23.2,38,29.3,31.5,0.266,0,0,0.14,0.272,0,0.8,0.616,0.066,0.715,0.096
13/06/2015 09:00,27.1,16.4,16.6,32.2,23.3,26.2,0.181,0,0,0.256,0.383,0,0.79,0.527,0.01,0.731,0.247
13/06/2015 10:00,17,10.7,10.7,24.5,15.8,19.6,0.096,0,0,0.368,0.445,0,0.736,0.414,0,0.694,0.394
13/06/2015 11:00,7,4.9,4.3,15.2,8.1,11.8,0.035,0.039,0,0.458,0.454,0.003,0.634,0.269,0,0.595,0.509
13/06/2015 12:00,0.6,0.8,0.3,6.3,1.9,4.9,0,0.139,0,0.518,0.418,0.093,0.479,0.121,0,0.419,0.586
13/06/2015 13:00,0,0,0,1.3,0,0.6,0,0.247,0,0.534,0.365,0.239,0.258,0.027,0,0.225,0.614
13/06/2015 14:00,0,0,0,0,0,0,0,0.346,0,0.492,0.302,0.387,0,0,0,0.071,0.598
13/06/2015 15:00,0,0,0,0,0,0,0,0.413,0,0.408,0.2,0.499,0,0,0,0,0.54
13/06/2015 16:00,0,0,0,0,0,0,0,0.444,0,0.296,0.102,0.568,0,0,0,0,0.428
13/06/2015 17:00,0,0,0,0,0,0,0,0.449,0,0.168,0.021,0.594,0,0,0,0,0.28
13/06/2015 18:00,0,0,0,0,0,0,0,0.41,0,0.052,0,0.578,0,0,0,0,0.127
13/06/2015 19:00,0,0,0,0,0,0,0,0.342,0.192,0,0,0.521,0,0,0,0,0.025
13/06/2015 20:00,0,0,0,0,0,0,0,0.235,0.38,0,0,0.42,0,0,0,0,0
13/06/2015 21:00,0,0,0,0,0,0,0,0.116,0.533,0,0,0.297,0,0,0,0,0
13/06/2015 22:00,0,0,0,0,0,0,0,0.022,0.648,0,0,0.156,0,0,0.033,0,0
13/06/2015 23:00,0.5,0.1,0.5,0,0,0,0,0,0.711,0,0,0.04,0,0,0.109,0,0
14/06/2015 00:00,4.9,2.5,4.8,0.6,0.4,0.2,0.047,0,0.716,0,0,0,0,0,0.194,0,0
14/06/2015 01:00,13.5,8,11.8,6.7,4.7,4.3,0.13,0,0.674,0,0,0,0,0.065,0.265,0,0
14/06/2015 02:00,23.8,14.7,19,16.5,11.6,12.5,0.22,0,0.579,0,0,0,0,0.192,0.307,0,0
14/06/2015 03:00,34.2,20.9,25.3,26.1,18.3,20.9,0.284,0,0.437,0,0,0,0.015,0.336,0.308,0,0
14/06/2015 04:00,38.1,26,28.7,34,23.8,27.8,0.328,0,0.231,0,0,0,0.295,0.461,0.3,0.123,0
14/06/2015 05:00,38.4,28.9,28.8,39.6,27.6,32.4,0.339,0,0.011,0,0,0,0.527,0.551,0.26,0.361,0
14/06/2015 06:00,35.5,29.3,26.3,42.4,29.3,34.1,0.328,0,0,0,0.018,0,0.666,0.595,0.195,0.55,0
14/06/2015 07:00,32.6,27.1,22.8,42.2,28.6,33.8,0.285,0,0,0.046,0.101,0,0.75,0.605,0.131,0.668,0.008
14/06/2015 08:00,28.2,23.4,18.2,39.1,25.9,31.2,0.235,0,0,0.163,0.197,0,0.786,0.573,0.07,0.739,0.097
14/06/2015 09:00,22.3,18.2,13.6,33.5,21.2,26.7,0.176,0,0,0.308,0.304,0,0.778,0.491,0.013,0.752,0.23
14/06/2015 10:00,15.1,12,9,25.3,15.1,20.4,0.101,0,0,0.43,0.368,0,0.724,0.381,0,0.721,0.366
14/06/2015 11:00,7,5.6,4.1,15.7,7.9,12.7,0.038,0.043,0,0.514,0.391,0.002,0.623,0.247,0,0.652,0.48
14/06/2015 12:00,0.8,1,0.4,6.5,1.9,5.5,0,0.149,0,0.558,0.378,0.09,0.467,0.116,0,0.547,0.57
14/06/2015 13:00,0,0,0,1.3,0,0.7,0,0.265,0,0.555,0.352,0.235,0.243,0.024,0,0.371,0.602
14/06/2015 14:00,0,0,0,0,0,0,0,0.357,0,0.511,0.288,0.384,0,0,0,0.094,0.587
14/06/2015 15:00,0,0,0,0,0,0,0,0.422,0,0.415,0.18,0.502,0,0,0,0,0.518
14/06/2015 16:00,0,0,0,0,0,0,0,0.451,0,0.292,0.09,0.576,0,0,0,0,0.41
14/06/2015 17:00,0,0,0,0,0,0,0,0.444,0,0.161,0.015,0.605,0,0,0,0,0.273
14/06/2015 18:00,0,0,0,0,0,0,0,0.394,0,0.049,0,0.588,0,0,0,0,0.128
14/06/2015 19:00,0,0,0,0,0,0,0,0.32,0.168,0,0,0.532,0,0,0,0,0.024
14/06/2015 20:00,0,0,0,0,0,0,0,0.223,0.365,0,0,0.436,0,0,0,0,0
14/06/2015 21:00,0,0,0,0,0,0,0,0.113,0.511,0,0,0.303,0,0,0,0,0
14/06/2015 22:00,0,0,0,0,0,0,0,0.018,0.642,0,0,0.156,0,0,0.032,0,0
14/06/2015 23:00,1.4,0.1,0.5,0,0,0,0,0,0.704,0,0,0.037,0,0,0.105,0,0
15/06/2015 00:00,9.6,3.4,6.1,0.6,0.4,0.3,0.063,0,0.708,0,0,0,0,0,0.191,0,0
15/06/2015 01:00,22.3,10.9,14.6,6.7,4.6,5.2,0.161,0,0.652,0,0,0,0,0.064,0.274,0,0
15/06/2015 02:00,35.4,19.2,22.1,16.6,11.8,14.8,0.264,0,0.567,0,0,0,0,0.187,0.34,0,0
15/06/2015 03:00,44.1,26.3,29.1,26.5,19.1,24.4,0.342,0,0.422,0,0,0,0.007,0.316,0.368,0,0
15/06/2015 04:00,46.1,30.9,34.6,34.4,25.2,32.1,0.401,0,0.211,0,0,0,0.218,0.451,0.368,0.085,0
15/06/2015 05:00,45,32.9,35.9,39.5,29.4,36.9,0.415,0,0.006,0,0,0,0.411,0.547,0.324,0.247,0
15/06/2015 06:00,43.5,32.6,34.4,42.1,31.6,38.7,0.368,0,0,0,0.022,0,0.559,0.602,0.266,0.358,0
15/06/2015 07:00,40.9,30.2,30.5,41.6,31.5,38.1,0.306,0,0,0.048,0.126,0,0.663,0.618,0.178,0.477,0.008
15/06/2015 08:00,35.9,25.8,25.3,38.6,28.4,35,0.232,0,0,0.165,0.247,0,0.724,0.589,0.083,0.591,0.095
15/06/2015 09:00,27.4,20.1,19.2,33,23.1,29.5,0.158,0,0,0.304,0.358,0,0.733,0.514,0.013,0.653,0.228
15/06/2015 10:00,18.9,13.1,12.3,25.2,16.5,22.6,0.084,0,0,0.421,0.432,0,0.685,0.406,0,0.688,0.37
15/06/2015 11:00,8.2,6.1,5.4,15.6,8.8,14.1,0.025,0.012,0,0.497,0.474,0.003,0.58,0.267,0,0.695,0.503
15/06/2015 12:00,1,1,0.6,6.5,2.2,5.9,0,0.084,0,0.52,0.482,0.092,0.414,0.122,0,0.599,0.585
15/06/2015 13:00,0,0,0,1.4,0,0.8,0,0.19,0,0.508,0.443,0.24,0.148,0.028,0,0.448,0.615
15/06/2015 14:00,0,0,0,0,0,0,0,0.274,0,0.474,0.358,0.386,0,0,0,0.237,0.596
15/06/2015 15:00,0,0,0,0,0,0,0,0.296,0,0.379,0.256,0.498,0,0,0,0.002,0.531
15/06/2015 16:00,0,0,0,0,0,0,0,0.321,0,0.259,0.149,0.57,0,0,0,0,0.422
15/06/2015 17:00,0,0,0,0,0,0,0,0.334,0,0.142,0.039,0.602,0,0,0,0,0.275
15/06/2015 18:00,0,0,0,0,0,0,0,0.316,0,0.037,0,0.59,0,0,0,0,0.128
15/06/2015 19:00,0,0,0,0,0,0,0,0.264,0.162,0,0,0.536,0,0,0,0,0.022
15/06/2015 20:00,0,0,0,0,0,0,0,0.201,0.357,0,0,0.441,0,0,0,0,0
15/06/2015 21:00,0,0,0,0,0,0,0,0.113,0.51,0,0,0.301,0,0,0,0,0
15/06/2015 22:00,0,0,0,0,0,0,0,0.019,0.608,0,0,0.154,0,0,0.053,0,0
15/06/2015 23:00,1.6,0.1,0.6,0,0,0,0,0,0.636,0,0,0.038,0,0,0.155,0,0
16/06/2015 00:00,13.1,3.7,6.7,0.6,0.5,0.3,0.071,0,0.618,0,0,0,0,0,0.266,0,0
16/06/2015 01:00,29.1,11.1,15.5,7.1,5.2,5.5,0.19,0,0.601,0,0,0,0,0.064,0.366,0,0
16/06/2015 02:00,42.7,18.8,24,17.2,12.6,15.2,0.318,0,0.543,0,0,0,0,0.194,0.443,0,0
16/06/2015 03:00,52.4,25.3,31.1,27.1,19.6,25.1,0.407,0,0.399,0,0,0,0.016,0.342,0.482,0,0
16/06/2015 04:00,57.7,29.5,33.7,34.8,24.9,32.7,0.465,0,0.207,0,0,0,0.293,0.47,0.477,0.18,0
16/06/2015 05:00,58.7,31.9,33.3,39.4,27.8,37.7,0.46,0,0.008,0,0,0,0.513,0.562,0.426,0.408,0
16/06/2015 06:00,55.3,32.3,32,41.1,28.2,39.5,0.449,0,0,0,0.033,0,0.652,0.6,0.339,0.573,0
16/06/2015 07:00,49.8,30.4,30,40.8,26.1,39.3,0.408,0,0,0.049,0.136,0,0.737,0.609,0.231,0.681,0.01
16/06/2015 08:00,42.2,26.6,26.5,37.9,21.4,36.5,0.299,0,0,0.166,0.262,0,0.774,0.577,0.113,0.74,0.096
16/06/2015 09:00,32.3,20.8,20.5,32.4,16.1,30.6,0.216,0,0,0.308,0.373,0,0.766,0.518,0.021,0.744,0.243
16/06/2015 10:00,20.2,13.4,13.5,24.8,10.6,23.1,0.133,0,0,0.426,0.439,0,0.713,0.408,0,0.687,0.386
16/06/2015 11:00,8.3,6.3,5.9,15.5,5.4,14.1,0.054,0.038,0,0.497,0.482,0.002,0.612,0.269,0,0.583,0.496
16/06/2015 12:00,1,1.2,0.6,6.5,1.3,5.7,0,0.141,0,0.517,0.48,0.09,0.455,0.124,0,0.422,0.578
16/06/2015 13:00,0,0,0,1.3,0,0.8,0,0.249,0,0.455,0.441,0.239,0.231,0.028,0,0.226,0.61
16/06/2015 14:00,0,0,0,0,0,0,0,0.341,0,0.393,0.37,0.384,0,0,0,0.072,0.594
16/06/2015 15:00,0,0,0,0,0,0,0,0.399,0,0.322,0.267,0.498,0,0,0,0,0.534
16/06/2015 16:00,0,0,0,0,0,0,0,0.437,0,0.253,0.152,0.569,0,0,0,0,0.423
16/06/2015 17:00,0,0,0,0,0,0,0,0.439,0,0.152,0.041,0.598,0,0,0,0,0.278
16/06/2015 18:00,0,0,0,0,0,0,0,0.409,0,0.048,0,0.585,0,0,0,0,0.127
16/06/2015 19:00,0,0,0,0,0,0,0,0.331,0.113,0,0,0.532,0,0,0,0,0.026
16/06/2015 20:00,0,0,0,0,0,0,0,0.227,0.272,0,0,0.43,0,0,0,0,0
16/06/2015 21:00,0,0,0,0,0,0,0,0.117,0.392,0,0,0.295,0,0,0,0,0
16/06/2015 22:00,0,0,0,0,0,0,0,0.021,0.529,0,0,0.146,0,0,0.011,0,0
16/06/2015 23:00,1.4,0.1,0.9,0,0,0,0.002,0,0.549,0,0,0.036,0,0,0.052,0,0
17/06/2015 00:00,10.4,3.7,7.7,0.6,0.6,0.3,0.082,0,0.526,0,0,0,0,0,0.121,0,0
17/06/2015 01:00,23.8,11.7,17,7,5.6,5.6,0.199,0,0.548,0,0,0,0,0.063,0.221,0,0
17/06/2015 02:00,35.5,20.5,26,17.2,13.5,15.2,0.304,0,0.494,0,0,0,0,0.195,0.325,0,0
17/06/2015 03:00,46.2,28,33.8,27.1,20.9,24.4,0.369,0,0.297,0,0,0,0.013,0.346,0.407,0,0
17/06/2015 04:00,48.4,33.3,37.4,34.8,26.8,31.4,0.437,0,0.122,0,0,0,0.272,0.476,0.453,0.163,0
17/06/2015 05:00,49.3,36.3,38.2,39.8,29.9,35.5,0.478,0,0,0,0,0,0.51,0.567,0.419,0.399,0
17/06/2015 06:00,47.5,36.4,36.6,42.2,29.5,36.8,0.439,0,0,0,0.035,0,0.653,0.614,0.363,0.572,0
17/06/2015 07:00,43.2,34,33.1,41.7,27.1,35.5,0.357,0,0,0.047,0.137,0,0.738,0.623,0.268,0.684,0.011
17/06/2015 08:00,36.9,29.3,28.2,38.6,22.7,32,0.246,0,0,0.162,0.268,0,0.775,0.592,0.149,0.746,0.098
17/06/2015 09:00,28.1,21.6,21.3,32.6,17.3,26.1,0.158,0,0,0.292,0.374,0,0.766,0.516,0.036,0.764,0.246
17/06/2015 10:00,17.6,13.7,12.7,24.4,11.8,19,0.08,0,0,0.403,0.444,0,0.713,0.407,0,0.744,0.395
17/06/2015 11:00,7.4,6.3,5.4,14.9,6,11.4,0.024,0.04,0,0.484,0.475,0.003,0.611,0.267,0,0.683,0.512
17/06/2015 12:00,0.8,1.1,0.5,6.3,1.4,4.8,0,0.14,0,0.502,0.481,0.092,0.453,0.123,0,0.576,0.571
17/06/2015 13:00,0,0,0,1.2,0,0.6,0,0.256,0,0.497,0.449,0.242,0.228,0.028,0,0.416,0.597
17/06/2015 14:00,0,0,0,0,0,0,0,0.351,0,0.449,0.335,0.391,0,0,0,0.194,0.577
17/06/2015 15:00,0,0,0,0,0,0,0,0.422,0,0.368,0.222,0.505,0,0,0,0,0.516
17/06/2015 16:00,0,0,0,0,0,0,0,0.438,0,0.259,0.116,0.577,0,0,0,0,0.409
17/06/2015 17:00,0,0,0,0,0,0,0,0.426,0,0.143,0.027,0.603,0,0,0,0,0.267
17/06/2015 18:00,0,0,0,0,0,0,0,0.395,0,0.042,0,0.585,0,0,0,0,0.122
17/06/2015 19:00,0,0,0,0,0,0,0,0.317,0.106,0,0,0.527,0,0,0,0,0.017
17/06/2015 20:00,0,0,0,0,0,0,0,0.225,0.268,0,0,0.429,0,0,0,0,0
17/06/2015 21:00,0,0,0,0,0,0,0,0.115,0.427,0,0,0.297,0,0,0,0,0
17/06/2015 22:00,0,0,0,0,0,0,0,0.018,0.512,0,0,0.151,0,0,0.079,0,0
17/06/2015 23:00,1,0.1,0.5,0,0,0,0,0,0.598,0,0,0.034,0,0,0.221,0,0
18/06/2015 00:00,7.6,3.7,6.3,0.6,0.5,0.3,0.051,0,0.61,0,0,0,0,0,0.356,0,0
18/06/2015 01:00,15.5,11.9,14.1,7.2,4.2,4.7,0.146,0,0.57,0,0,0,0,0.065,0.474,0,0
18/06/2015 02:00,24.4,21.5,21.4,17.6,10.1,12.3,0.255,0,0.483,0,0,0,0,0.192,0.555,0,0
18/06/2015 03:00,30.8,29.1,27.1,27.4,16.7,20,0.346,0,0.337,0,0,0,0.017,0.337,0.59,0,0
18/06/2015 04:00,35.6,34.2,31.3,35,22.9,26,0.442,0,0.16,0,0,0,0.294,0.467,0.582,0.155,0
18/06/2015 05:00,37.7,37,33.5,39.9,27.4,30,0.484,0,0.003,0,0,0,0.515,0.56,0.533,0.392,0
18/06/2015 06:00,37.9,36.8,33.2,42.1,28.9,30.7,0.47,0,0,0,0.024,0,0.656,0.611,0.44,0.564,0
18/06/2015 07:00,38.4,34,30.7,41.6,28.7,28.9,0.441,0,0,0.02,0.119,0,0.739,0.618,0.31,0.671,0.011
18/06/2015 08:00,33.3,29.5,26.5,38.6,26.2,25.6,0.354,0,0,0.076,0.249,0,0.775,0.582,0.158,0.733,0.101
18/06/2015 09:00,25.7,23.1,20.4,32.8,21.1,20.4,0.258,0,0,0.183,0.348,0,0.767,0.5,0.04,0.752,0.248
18/06/2015 10:00,17.7,15.1,13,24.9,14.3,14.3,0.157,0,0,0.222,0.423,0,0.714,0.388,0,0.737,0.397
18/06/2015 11:00,8,6.9,5.2,15.4,7.1,8.3,0.06,0.034,0,0.3,0.463,0.003,0.612,0.257,0,0.675,0.516
18/06/2015 12:00,0.9,1.3,0.6,6.3,1.6,3.3,0,0.137,0,0.395,0.467,0.092,0.454,0.123,0,0.56,0.557
18/06/2015 13:00,0,0,0,1.3,0,0.3,0,0.252,0,0.456,0.437,0.244,0.174,0.026,0,0.368,0.55
18/06/2015 14:00,0,0,0,0,0,0,0,0.353,0,0.411,0.367,0.393,0,0,0,0.135,0.457
18/06/2015 15:00,0,0,0,0,0,0,0,0.431,0,0.317,0.27,0.506,0,0,0,0,0.416
18/06/2015 16:00,0,0,0,0,0,0,0,0.475,0,0.212,0.152,0.577,0,0,0,0,0.349
18/06/2015 17:00,0,0,0,0,0,0,0,0.462,0,0.108,0.044,0.606,0,0,0,0,0.243
18/06/2015 18:00,0,0,0,0,0,0,0,0.424,0,0.029,0,0.59,0,0,0,0,0.12
18/06/2015 19:00,0,0,0,0,0,0,0,0.335,0.124,0,0,0.527,0,0,0,0,0.019
18/06/2015 20:00,0,0,0,0,0,0,0,0.234,0.298,0,0,0.418,0,0,0,0,0
18/06/2015 21:00,0,0,0,0,0,0,0,0.113,0.466,0,0,0.283,0,0,0,0,0
18/06/2015 22:00,0,0,0,0,0,0,0,0.022,0.556,0,0,0.144,0,0,0.064,0,0
18/06/2015 23:00,1.7,0.1,1.1,0,0,0,0.001,0,0.62,0,0,0.036,0,0,0.188,0,0
19/06/2015 00:00,12,4.5,8.8,0.6,0.3,0.2,0.071,0,0.623,0,0,0,0,0,0.309,0,0
19/06/2015 01:00,24,13.6,18.5,6.8,3.6,3.6,0.186,0,0.57,0,0,0,0,0.065,0.394,0,0
19/06/2015 02:00,39.4,23.1,26.9,16.8,9.2,9.9,0.313,0,0.48,0,0,0,0,0.196,0.448,0,0
19/06/2015 03:00,51,30.8,34,26.5,15.3,16.5,0.418,0,0.331,0,0,0,0.012,0.347,0.464,0,0
19/06/2015 04:00,55.9,35.8,37.2,34.2,20.3,21.9,0.512,0,0.144,0,0,0,0.268,0.479,0.486,0.179,0
19/06/2015 05:00,57.9,38.4,37.8,39.1,24.4,25.3,0.543,0,0.002,0,0,0,0.499,0.572,0.465,0.413,0
19/06/2015 06:00,55.7,37.9,36.9,41.6,26.6,26.2,0.542,0,0,0,0.033,0,0.645,0.624,0.38,0.577,0
19/06/2015 07:00,48.7,34.7,34,41.1,27.6,25.7,0.505,0,0,0.046,0.131,0,0.73,0.635,0.275,0.687,0.01
19/06/2015 08:00,40.1,29.7,28.9,38.1,25.6,23.2,0.38,0,0,0.159,0.264,0,0.767,0.604,0.152,0.75,0.095
19/06/2015 09:00,29.3,23.1,21.7,32.7,20.9,19.1,0.232,0,0,0.298,0.38,0,0.748,0.531,0.038,0.768,0.243
19/06/2015 10:00,19,15,13.8,24.8,14.8,13.9,0.114,0,0,0.418,0.458,0,0.688,0.419,0,0.743,0.394
19/06/2015 11:00,7.7,7,6.1,15.4,8.1,8.2,0.036,0.015,0,0.493,0.499,0.001,0.567,0.275,0,0.685,0.512
19/06/2015 12:00,0.9,1.2,0.7,6.3,2.1,3.3,0,0.096,0,0.537,0.498,0.083,0.372,0.126,0,0.577,0.587
19/06/2015 13:00,0,0,0,1.3,0,0.4,0,0.221,0,0.533,0.458,0.213,0.083,0.029,0,0.416,0.613
19/06/2015 14:00,0,0,0,0,0,0,0,0.333,0,0.488,0.381,0.339,0,0,0,0.143,0.592
19/06/2015 15:00,0,0,0,0,0,0,0,0.414,0,0.411,0.273,0.442,0,0,0,0,0.528
19/06/2015 16:00,0,0,0,0,0,0,0,0.469,0,0.291,0.149,0.506,0,0,0,0,0.42
19/06/2015 17:00,0,0,0,0,0,0,0,0.473,0,0.154,0.044,0.523,0,0,0,0,0.278
19/06/2015 18:00,0,0,0,0,0,0,0,0.422,0,0.049,0,0.499,0,0,0,0,0.127
19/06/2015 19:00,0,0,0,0,0,0,0,0.345,0.148,0,0,0.436,0,0,0,0,0.026
19/06/2015 20:00,0,0,0,0,0,0,0,0.216,0.312,0,0,0.361,0,0,0,0,0
19/06/2015 21:00,0,0,0,0,0,0,0,0.099,0.474,0,0,0.254,0,0,0,0,0
19/06/2015 22:00,0,0,0,0,0,0,0,0.009,0.586,0,0,0.142,0,0,0.055,0,0
19/06/2015 23:00,1.4,0.1,0.5,0,0,0,0,0,0.633,0,0,0.032,0,0,0.167,0,0
20/06/2015 00:00,11,4,5.7,0.6,0.7,0.2,0.036,0,0.655,0,0,0,0,0,0.279,0,0
20/06/2015 01:00,25.3,11.6,12.7,6.6,6.1,3.7,0.107,0,0.609,0,0,0,0,0.064,0.366,0,0
20/06/2015 02:00,38.2,19.4,18.9,16,14.7,9.7,0.166,0,0.517,0,0,0,0,0.19,0.428,0,0
20/06/2015 03:00,47.7,25.6,24.6,24.9,22.4,16,0.224,0,0.335,0,0,0,0,0.336,0.467,0,0
20/06/2015 04:00,52.6,30.2,28.9,32,28.5,22,0.286,0,0.104,0,0,0,0.066,0.464,0.492,0.178,0
20/06/2015 05:00,53.8,32.8,31.5,36.6,32.1,26,0.324,0,0,0,0,0,0.174,0.558,0.455,0.414,0
20/06/2015 06:00,50.9,32.8,31.8,38.7,33.5,27.4,0.316,0,0,0,0.036,0,0.253,0.616,0.384,0.578,0
20/06/2015 07:00,44.3,30.7,29.3,38.3,32.2,27,0.273,0,0,0.046,0.14,0,0.321,0.624,0.278,0.686,0.01
20/06/2015 08:00,36.5,26.7,24.6,35.6,28,24.7,0.219,0,0,0.158,0.265,0,0.339,0.593,0.159,0.749,0.091
20/06/2015 09:00,26.5,21.3,19,30.3,21.9,20.8,0.153,0,0,0.296,0.346,0,0.389,0.506,0.044,0.771,0.245
20/06/2015 10:00,16.6,14,12.7,22.9,14.9,15.6,0.105,0,0,0.412,0.395,0,0.449,0.397,0,0.751,0.399
20/06/2015 11:00,7,6.6,5.6,14.3,7.6,9.8,0.046,0.013,0,0.487,0.423,0.003,0.404,0.26,0,0.692,0.52
20/06/2015 12:00,0.6,1.3,0.7,6.1,1.7,4.1,0,0.074,0,0.524,0.434,0.098,0.239,0.123,0,0.585,0.592
20/06/2015 13:00,0,0,0,1.1,0,0.5,0,0.145,0,0.526,0.381,0.244,0.072,0.027,0,0.432,0.622
20/06/2015 14:00,0,0,0,0,0,0,0,0.194,0,0.488,0.303,0.386,0,0,0,0.216,0.604
20/06/2015 15:00,0,0,0,0,0,0,0,0.226,0,0.411,0.218,0.49,0,0,0,0.001,0.553
20/06/2015 16:00,0,0,0,0,0,0,0,0.275,0,0.303,0.118,0.544,0,0,0,0,0.439
20/06/2015 17:00,0,0,0,0,0,0,0,0.292,0,0.165,0.03,0.544,0,0,0,0,0.286
20/06/2015 18:00,0,0,0,0,0,0,0,0.312,0,0.049,0,0.488,0,0,0,0,0.124
20/06/2015 19:00,0,0,0,0,0,0,0,0.268,0.165,0,0,0.374,0,0,0,0,0.026
20/06/2015 20:00,0,0,0,0,0,0,0,0.193,0.367,0,0,0.236,0,0,0,0,0
20/06/2015 21:00,0,0,0,0,0,0,0,0.102,0.474,0,0,0.149,0,0,0,0,0
20/06/2015 22:00,0,0,0,0,0,0,0,0.014,0.598,0,0,0.064,0,0,0.072,0,0
20/06/2015 23:00,0.6,0.1,0.3,0,0,0,0.004,0,0.633,0,0,0.015,0,0,0.197,0,0
21/06/2015 00:00,5.1,3.8,4.7,0.6,0.5,0.2,0.078,0,0.642,0,0,0,0,0.001,0.314,0,0
21/06/2015 01:00,13,11.4,12.1,6.7,5,3.3,0.19,0,0.637,0,0,0,0,0.065,0.402,0,0
21/06/2015 02:00,22,19.2,19.6,16.3,12.6,9.2,0.304,0,0.552,0,0,0,0,0.196,0.466,0,0
21/06/2015 03:00,30.3,26.7,25.6,25.8,20.2,15.3,0.392,0,0.407,0,0,0,0.011,0.346,0.494,0,0
21/06/2015 04:00,35.6,32.2,30,33.1,25.3,20.9,0.485,0,0.203,0,0,0,0.254,0.474,0.499,0.181,0
21/06/2015 05:00,38.8,34.9,31.8,37.5,28.3,24.4,0.533,0,0.008,0,0,0,0.463,0.563,0.458,0.414,0
21/06/2015 06:00,40,34,30.6,39.1,28.9,25.6,0.531,0,0,0,0.017,0,0.613,0.589,0.374,0.579,0
21/06/2015 07:00,38.8,30.6,27.3,37.7,27.6,25,0.521,0,0,0.046,0.097,0,0.688,0.594,0.258,0.689,0.011
21/06/2015 08:00,33.7,25.2,23.3,33.3,24.7,22.6,0.454,0,0,0.159,0.195,0,0.68,0.562,0.144,0.749,0.097
21/06/2015 09:00,27.3,18.7,17.8,27.7,19.4,18.5,0.326,0,0,0.301,0.275,0,0.642,0.508,0.04,0.763,0.232
21/06/2015 10:00,17.3,12,11.2,21,13,13.8,0.22,0,0,0.422,0.31,0,0.589,0.399,0,0.747,0.377
21/06/2015 11:00,7.7,5.7,4.8,12.6,6.3,8.4,0.087,0.031,0,0.505,0.308,0,0.483,0.263,0,0.686,0.504
21/06/2015 12:00,0.7,1,0.5,5.4,1.4,3.5,0.003,0.107,0,0.544,0.279,0.077,0.27,0.125,0,0.579,0.597
21/06/2015 13:00,0,0,0,1,0,0.4,0,0.154,0,0.54,0.241,0.202,0.083,0.028,0,0.418,0.626
21/06/2015 14:00,0,0,0,0,0,0,0,0.187,0,0.493,0.206,0.336,0,0,0,0.203,0.606
21/06/2015 15:00,0,0,0,0,0,0,0,0.213,0,0.415,0.154,0.438,0,0,0,0,0.532
21/06/2015 16:00,0,0,0,0,0,0,0,0.273,0,0.297,0.082,0.504,0,0,0,0,0.423
21/06/2015 17:00,0,0,0,0,0,0,0,0.316,0,0.163,0.016,0.521,0,0,0,0,0.277
21/06/2015 18:00,0,0,0,0,0,0,0,0.344,0,0.048,0,0.488,0,0,0,0,0.128
21/06/2015 19:00,0,0,0,0,0,0,0,0.317,0.17,0,0,0.424,0,0,0,0,0.026
21/06/2015 20:00,0,0,0,0,0,0,0,0.227,0.368,0,0,0.315,0,0,0,0,0
21/06/2015 21:00,0,0,0,0,0,0,0,0.115,0.505,0,0,0.202,0,0,0,0,0
21/06/2015 22:00,0,0,0,0,0,0,0,0.017,0.607,0,0,0.098,0,0,0.075,0,0
21/06/2015 23:00,0.2,0.1,0.4,0,0,0,0.002,0,0.656,0,0,0.017,0,0,0.207,0,0
22/06/2015 00:00,3.3,3.2,5,0.6,0.3,0.2,0.079,0,0.658,0,0,0,0,0,0.328,0,0
22/06/2015 01:00,9.2,9.6,12.7,6.8,4.3,3.6,0.197,0,0.614,0,0,0,0,0.065,0.41,0,0
22/06/2015 02:00,17.8,16.8,21.4,16.7,11.3,10,0.319,0,0.517,0,0,0,0,0.188,0.472,0,0
22/06/2015 03:00,27,22.9,28.5,26.5,18.3,16.3,0.438,0,0.371,0,0,0,0,0.327,0.467,0,0
22/06/2015 04:00,34.2,27.8,33.5,33.9,23.8,21.4,0.534,0,0.183,0,0,0,0.043,0.448,0.457,0.173,0
22/06/2015 05:00,39,30.7,35.1,38.4,27.4,24.7,0.556,0,0.005,0,0,0,0.133,0.525,0.4,0.406,0
22/06/2015 06:00,38.8,31.3,34.4,40.2,28.7,26.1,0.555,0,0,0,0.012,0,0.233,0.601,0.318,0.57,0
22/06/2015 07:00,35.5,29.3,31.8,39.1,28.4,25.5,0.526,0,0,0.047,0.077,0,0.37,0.612,0.233,0.68,0.011
22/06/2015 08:00,30.1,25.6,27.1,36,25.6,22.7,0.455,0,0,0.159,0.155,0,0.51,0.585,0.125,0.743,0.093
22/06/2015 09:00,23.8,19.5,19.6,30,20.7,18.5,0.359,0,0,0.293,0.207,0,0.612,0.5,0.035,0.761,0.247
22/06/2015 10:00,15.9,13,12.3,22.8,14.5,13.4,0.22,0,0,0.417,0.227,0,0.524,0.394,0,0.74,0.4
22/06/2015 11:00,7,6.1,5.2,14.5,7.7,8.5,0.089,0.02,0,0.505,0.246,0,0.369,0.259,0,0.679,0.514
22/06/2015 12:00,0.7,1.1,0.5,6.3,1.9,3.7,0.002,0.074,0,0.528,0.231,0.063,0.24,0.123,0,0.574,0.579
22/06/2015 13:00,0,0,0,1.2,0,0.5,0,0.125,0,0.528,0.217,0.158,0.072,0.026,0,0.418,0.588
22/06/2015 14:00,0,0,0,0,0,0,0,0.176,0,0.487,0.185,0.245,0,0,0,0.201,0.56
22/06/2015 15:00,0,0,0,0,0,0,0,0.222,0,0.413,0.13,0.312,0,0,0,0,0.492
22/06/2015 16:00,0,0,0,0,0,0,0,0.239,0,0.299,0.071,0.379,0,0,0,0,0.397
22/06/2015 17:00,0,0,0,0,0,0,0,0.255,0,0.166,0.014,0.41,0,0,0,0,0.268
22/06/2015 18:00,0,0,0,0,0,0,0,0.248,0,0.051,0,0.416,0,0,0,0,0.126
22/06/2015 19:00,0,0,0,0,0,0,0,0.231,0.146,0,0,0.383,0,0,0,0,0.024
22/06/2015 20:00,0,0,0,0,0,0,0,0.178,0.334,0,0,0.307,0,0,0,0,0
22/06/2015 21:00,0,0,0,0,0,0,0,0.094,0.527,0,0,0.224,0,0,0,0,0
22/06/2015 22:00,0,0,0,0,0,0,0,0.011,0.637,0,0,0.113,0,0,0.043,0,0
22/06/2015 23:00,0.2,0.1,0.5,0,0,0,0.006,0,0.695,0,0,0.024,0,0,0.131,0,0
23/06/2015 00:00,2.4,3.1,5.7,0.6,0.4,0.2,0.092,0,0.701,0,0,0,0,0,0.229,0,0
23/06/2015 01:00,6.9,10.3,14.3,6.3,4.5,4,0.247,0,0.656,0,0,0,0,0.06,0.305,0,0
23/06/2015 02:00,16,18,23.4,14.9,11.5,11,0.4,0,0.559,0,0,0,0,0.179,0.354,0,0
23/06/2015 03:00,26.7,24.5,31.8,23.1,18.5,17.8,0.521,0,0.413,0,0,0,0.01,0.325,0.359,0,0
23/06/2015 04:00,34.1,29.2,36.1,30.1,24.4,23.5,0.597,0,0.213,0,0,0,0.258,0.456,0.357,0.162,0
23/06/2015 05:00,36.1,30.8,36.2,34.5,28.6,26.7,0.623,0,0.009,0,0,0,0.481,0.547,0.334,0.394,0
23/06/2015 06:00,35.9,30.1,31.3,36.8,30.2,27.8,0.6,0,0,0,0.014,0,0.614,0.589,0.272,0.571,0
23/06/2015 07:00,34.1,27.7,26.4,37.2,29.9,27.5,0.529,0,0,0.048,0.09,0,0.68,0.598,0.191,0.679,0.007
23/06/2015 08:00,28.4,23.6,20.2,34.8,26.7,24.9,0.446,0,0,0.161,0.187,0,0.694,0.565,0.105,0.739,0.095
23/06/2015 09:00,21.2,18.5,14.5,29.6,21.4,20.7,0.327,0,0,0.304,0.278,0,0.637,0.452,0.025,0.757,0.206
23/06/2015 10:00,13.3,12.5,8.7,22.1,14.7,15.1,0.21,0,0,0.424,0.368,0,0.559,0.332,0,0.737,0.325
23/06/2015 11:00,5.7,6,3.4,13.4,7.6,9,0.083,0.042,0,0.505,0.438,0.002,0.453,0.221,0,0.675,0.412
23/06/2015 12:00,0.6,1.1,0.3,5.9,1.9,3.6,0.001,0.144,0,0.552,0.464,0.089,0.34,0.113,0,0.568,0.497
23/06/2015 13:00,0,0,0,1,0,0.3,0,0.227,0,0.544,0.448,0.238,0.13,0.025,0,0.407,0.538
23/06/2015 14:00,0,0,0,0,0,0,0,0.266,0,0.491,0.383,0.391,0,0,0,0.189,0.533
23/06/2015 15:00,0,0,0,0,0,0,0,0.298,0,0.4,0.28,0.509,0,0,0,0,0.465
23/06/2015 16:00,0,0,0,0,0,0,0,0.318,0,0.28,0.158,0.584,0,0,0,0,0.369
23/06/2015 17:00,0,0,0,0,0,0,0,0.323,0,0.14,0.045,0.614,0,0,0,0,0.244
23/06/2015 18:00,0,0,0,0,0,0,0,0.317,0,0.043,0,0.599,0,0,0,0,0.114
23/06/2015 19:00,0,0,0,0,0,0,0,0.286,0.149,0,0,0.542,0,0,0,0,0.018
23/06/2015 20:00,0,0,0,0,0,0,0,0.206,0.332,0,0,0.445,0,0,0,0,0
23/06/2015 21:00,0,0,0,0,0,0,0,0.104,0.472,0,0,0.311,0,0,0,0,0
23/06/2015 22:00,0,0,0,0,0,0,0,0.016,0.575,0,0,0.158,0,0,0.022,0,0
23/06/2015 23:00,0.4,0,0.2,0,0,0,0,0,0.639,0,0,0.04,0,0,0.069,0,0
24/06/2015 00:00,3.6,2.6,3.2,0.6,0.5,0.2,0.04,0,0.615,0,0,0,0,0,0.122,0,0
24/06/2015 01:00,8,8.6,7.8,6.7,5.3,3.2,0.128,0,0.552,0,0,0,0,0.03,0.174,0,0
24/06/2015 02:00,13.5,15.3,12.4,16.7,13.6,8.9,0.234,0,0.465,0,0,0,0,0.109,0.222,0,0
24/06/2015 03:00,18.8,22.9,17.4,26,22.2,15.4,0.347,0,0.317,0,0,0,0.011,0.208,0.267,0,0
24/06/2015 04:00,24.9,28.3,20.9,33.1,28.4,20.3,0.427,0,0.134,0,0,0,0.272,0.327,0.274,0.159,0
24/06/2015 05:00,28,31.5,22.4,37.5,32.1,23.4,0.47,0,0,0,0,0,0.494,0.433,0.256,0.388,0
24/06/2015 06:00,26.4,32,22.3,38.7,33.3,24.5,0.512,0,0,0,0.02,0,0.635,0.492,0.215,0.553,0
24/06/2015 07:00,22.6,29.8,19.8,38,31.5,24,0.498,0,0,0.047,0.102,0,0.72,0.541,0.151,0.664,0.004
24/06/2015 08:00,18.2,25.5,15.8,34.4,27.6,22,0.433,0,0,0.159,0.198,0,0.734,0.469,0.076,0.726,0.077
24/06/2015 09:00,14,19.5,11.2,28.2,21.9,18.6,0.349,0,0,0.287,0.273,0,0.665,0.42,0.014,0.744,0.192
24/06/2015 10:00,9.2,12.7,6.8,21.1,14.8,14.1,0.214,0,0,0.399,0.336,0,0.574,0.353,0,0.717,0.315
24/06/2015 11:00,4,6,2.8,13.2,7.6,9,0.089,0.028,0,0.479,0.385,0.003,0.426,0.24,0,0.636,0.422
24/06/2015 12:00,0.3,1.1,0.3,6,1.9,3.8,0.002,0.134,0,0.515,0.409,0.09,0.244,0.121,0,0.527,0.495
24/06/2015 13:00,0,0,0,1.2,0,0.4,0,0.242,0,0.513,0.394,0.236,0.092,0.027,0,0.359,0.551
24/06/2015 14:00,0,0,0,0,0,0,0,0.341,0,0.475,0.344,0.388,0,0,0,0.146,0.568
24/06/2015 15:00,0,0,0,0,0,0,0,0.433,0,0.397,0.265,0.502,0,0,0,0,0.527
24/06/2015 16:00,0,0,0,0,0,0,0,0.48,0,0.291,0.151,0.575,0,0,0,0,0.421
24/06/2015 17:00,0,0,0,0,0,0,0,0.48,0,0.166,0.038,0.605,0,0,0,0,0.274
24/06/2015 18:00,0,0,0,0,0,0,0,0.428,0,0.052,0,0.594,0,0,0,0,0.132
24/06/2015 19:00,0,0,0,0,0,0,0,0.348,0.033,0,0,0.54,0,0,0,0,0.026
24/06/2015 20:00,0,0,0,0,0,0,0,0.236,0.128,0,0,0.443,0,0,0,0,0
24/06/2015 21:00,0,0,0,0,0,0,0,0.116,0.276,0,0,0.31,0,0,0,0,0
24/06/2015 22:00,0,0,0,0,0,0,0,0.021,0.408,0,0,0.158,0,0,0.02,0,0
24/06/2015 23:00,0.4,0,0.5,0,0,0,0.001,0,0.472,0,0,0.04,0,0,0.078,0,0
25/06/2015 00:00,4.5,2.8,4.9,0.6,0.5,0.2,0.075,0,0.492,0,0,0,0,0,0.15,0,0
25/06/2015 01:00,12.8,9.1,12.4,6.8,5.2,4.1,0.194,0,0.48,0,0,0,0,0.065,0.209,0,0
25/06/2015 02:00,20.4,15.8,20.7,16.8,13.1,11.5,0.306,0,0.419,0,0,0,0,0.194,0.247,0,0
25/06/2015 03:00,25.9,21.9,27.1,26.5,20.9,20,0.405,0,0.309,0,0,0,0.011,0.33,0.267,0,0
25/06/2015 04:00,29.8,26.9,31.5,34.1,27.1,27.7,0.495,0,0.129,0,0,0,0.273,0.439,0.257,0.128,0
25/06/2015 05:00,31.7,30,33.9,38.9,30.4,32.9,0.514,0,0,0,0,0,0.49,0.52,0.231,0.365,0
25/06/2015 06:00,32.7,31.2,32.5,40.9,31.1,35.8,0.515,0,0,0,0.021,0,0.64,0.571,0.209,0.543,0
25/06/2015 07:00,29.5,29.1,28,40.3,29.4,36.2,0.472,0,0,0.044,0.12,0,0.723,0.592,0.161,0.656,0.01
25/06/2015 08:00,24,25,22.3,37.2,25.8,33.7,0.398,0,0,0.159,0.226,0,0.759,0.574,0.1,0.715,0.097
25/06/2015 09:00,17.8,19.4,16.3,31.3,20.4,28.9,0.304,0,0,0.309,0.286,0,0.749,0.513,0.024,0.732,0.239
25/06/2015 10:00,10.8,13,10.3,23.1,14,21.5,0.186,0,0,0.434,0.352,0,0.699,0.41,0,0.709,0.391
25/06/2015 11:00,4.3,6.4,4.3,14.4,7.5,13.4,0.07,0.033,0,0.517,0.404,0.004,0.586,0.273,0,0.647,0.505
25/06/2015 12:00,0.3,1.2,0.5,6.3,1.9,5.6,0,0.129,0,0.568,0.437,0.094,0.43,0.128,0,0.523,0.575
25/06/2015 13:00,0,0,0,1.1,0,0.6,0,0.242,0,0.564,0.42,0.244,0.165,0.029,0,0.361,0.583
25/06/2015 14:00,0,0,0,0,0,0,0,0.34,0,0.519,0.358,0.384,0,0,0,0.12,0.558
25/06/2015 15:00,0,0,0,0,0,0,0,0.41,0,0.429,0.258,0.487,0,0,0,0,0.504
25/06/2015 16:00,0,0,0,0,0,0,0,0.444,0,0.307,0.143,0.552,0,0,0,0,0.402
25/06/2015 17:00,0,0,0,0,0,0,0,0.445,0,0.164,0.039,0.547,0,0,0,0,0.271
25/06/2015 18:00,0,0,0,0,0,0,0,0.407,0,0.045,0,0.517,0,0,0,0,0.13
25/06/2015 19:00,0,0,0,0,0,0,0,0.337,0.093,0,0,0.462,0,0,0,0,0.027
25/06/2015 20:00,0,0,0,0,0,0,0,0.236,0.277,0,0,0.363,0,0,0,0,0
25/06/2015 21:00,0,0,0,0,0,0,0,0.118,0.428,0,0,0.255,0,0,0,0,0
25/06/2015 22:00,0,0,0,0,0,0,0,0.022,0.569,0,0,0.142,0,0,0.047,0,0
25/06/2015 23:00,1,0,0.5,0,0,0,0.001,0,0.615,0,0,0.035,0,0,0.141,0,0
26/06/2015 00:00,7,2.8,5.1,0.6,0.5,0.3,0.065,0,0.614,0,0,0,0,0,0.242,0,0
26/06/2015 01:00,11.8,9.6,12.9,6.8,5.5,5.4,0.162,0,0.554,0,0,0,0,0.064,0.327,0,0
26/06/2015 02:00,14.9,17.5,21,16.8,14,15,0.236,0,0.463,0,0,0,0,0.192,0.365,0,0
26/06/2015 03:00,17.1,23.6,27.1,26.9,22.6,25.5,0.278,0,0.3,0,0,0,0,0.338,0.357,0,0
26/06/2015 04:00,20.1,27.5,30.2,35.1,28.9,33.9,0.316,0,0.11,0,0,0,0.152,0.465,0.313,0.145,0
26/06/2015 05:00,25.8,30,29.8,40.4,32.4,39.5,0.349,0,0,0,0,0,0.433,0.555,0.25,0.378,0
26/06/2015 06:00,28.3,29.9,26.7,43,33.3,42.1,0.359,0,0,0,0.03,0,0.613,0.604,0.181,0.56,0
26/06/2015 07:00,26.7,27.6,22.5,42.6,31.4,41.8,0.309,0,0,0.044,0.132,0,0.707,0.612,0.113,0.672,0.01
26/06/2015 08:00,20.6,23.5,17.4,39.5,27.4,38.6,0.234,0,0,0.158,0.257,0,0.75,0.579,0.048,0.734,0.09
26/06/2015 09:00,13.8,17.8,12.3,33.7,21.8,32.5,0.141,0,0,0.309,0.37,0,0.731,0.504,0.004,0.754,0.248
26/06/2015 10:00,8.1,11.4,7.6,25.6,15.2,24.5,0.079,0,0,0.433,0.428,0,0.664,0.395,0,0.733,0.402
26/06/2015 11:00,3.3,5.3,3,15.8,7.8,15,0.025,0.042,0,0.517,0.453,0.003,0.5,0.26,0,0.673,0.521
26/06/2015 12:00,0.2,1,0.3,6.6,2,6,0,0.141,0,0.543,0.458,0.093,0.314,0.123,0,0.554,0.589
26/06/2015 13:00,0,0,0,1.4,0,0.7,0,0.267,0,0.542,0.435,0.224,0.122,0.027,0,0.382,0.615
26/06/2015 14:00,0,0,0,0,0,0,0,0.371,0,0.5,0.372,0.361,0,0,0,0.167,0.595
26/06/2015 15:00,0,0,0,0,0,0,0,0.443,0,0.422,0.271,0.459,0,0,0,0,0.532
26/06/2015 16:00,0,0,0,0,0,0,0,0.479,0,0.304,0.156,0.51,0,0,0,0,0.424
26/06/2015 17:00,0,0,0,0,0,0,0,0.474,0,0.164,0.044,0.524,0,0,0,0,0.28
26/06/2015 18:00,0,0,0,0,0,0,0,0.427,0,0.045,0,0.46,0,0,0,0,0.128
26/06/2015 19:00,0,0,0,0,0,0,0,0.337,0.141,0,0,0.409,0,0,0,0,0.026
26/06/2015 20:00,0,0,0,0,0,0,0,0.227,0.344,0,0,0.335,0,0,0,0,0
26/06/2015 21:00,0,0,0,0,0,0,0,0.113,0.517,0,0,0.205,0,0,0,0,0
26/06/2015 22:00,0,0,0,0,0,0,0,0.021,0.617,0,0,0.106,0,0,0.03,0,0
26/06/2015 23:00,0.6,0,0.6,0,0,0,0,0,0.672,0,0,0.022,0,0,0.097,0,0
27/06/2015 00:00,6.2,3,5,0.6,0.8,0.3,0.029,0,0.669,0,0,0,0,0,0.167,0,0
27/06/2015 01:00,15.1,10.3,12.2,6.7,6.9,5.2,0.096,0,0.616,0,0,0,0,0.064,0.218,0,0
27/06/2015 02:00,26.5,18.7,20.1,16.7,16.6,14.9,0.172,0,0.5,0,0,0,0,0.193,0.253,0,0
27/06/2015 03:00,39.1,26.3,28.9,26.9,26.1,25.2,0.212,0,0.359,0,0,0,0.017,0.34,0.276,0,0
27/06/2015 04:00,46.5,32,32.9,34.9,32.8,34,0.242,0,0.167,0,0,0,0.3,0.467,0.255,0.164,0
27/06/2015 05:00,47.8,34.6,32.6,40,36.6,39.9,0.255,0,0.004,0,0,0,0.51,0.557,0.219,0.395,0
27/06/2015 06:00,46.8,33.8,30.2,42.6,37.3,42.4,0.244,0,0,0,0.026,0,0.644,0.609,0.173,0.566,0
27/06/2015 07:00,41.6,31,27.4,42.1,35.5,41.9,0.217,0,0,0.046,0.129,0,0.727,0.617,0.114,0.677,0.01
27/06/2015 08:00,34.6,26,22.9,38.9,31.5,38.8,0.17,0,0,0.16,0.255,0,0.762,0.585,0.051,0.741,0.096
27/06/2015 09:00,25.7,19.6,16.4,33,25.2,32.8,0.11,0,0,0.307,0.355,0,0.752,0.489,0.006,0.763,0.237
27/06/2015 10:00,17,12.7,10.1,25,17.4,24.6,0.059,0,0,0.429,0.415,0,0.696,0.383,0,0.741,0.381
27/06/2015 11:00,7.9,6,3.7,15.5,9,14.9,0.018,0.039,0,0.51,0.445,0.003,0.588,0.253,0,0.677,0.498
27/06/2015 12:00,1,1,0.3,6.5,2.3,6.1,0,0.142,0,0.535,0.436,0.088,0.416,0.121,0,0.532,0.573
27/06/2015 13:00,0,0,0,1.3,0,0.7,0,0.261,0,0.533,0.408,0.209,0.175,0.026,0,0.344,0.599
27/06/2015 14:00,0,0,0,0,0,0,0,0.376,0,0.483,0.341,0.329,0,0,0,0.165,0.575
27/06/2015 15:00,0,0,0,0,0,0,0,0.457,0,0.394,0.247,0.436,0,0,0,0,0.537
27/06/2015 16:00,0,0,0,0,0,0,0,0.495,0,0.278,0.133,0.508,0,0,0,0,0.426
27/06/2015 17:00,0,0,0,0,0,0,0,0.491,0,0.148,0.037,0.545,0,0,0,0,0.283
27/06/2015 18:00,0,0,0,0,0,0,0,0.443,0,0.043,0,0.529,0,0,0,0,0.129
27/06/2015 19:00,0,0,0,0,0,0,0,0.356,0.066,0,0,0.464,0,0,0,0,0.026
27/06/2015 20:00,0,0,0,0,0,0,0,0.237,0.195,0,0,0.384,0,0,0,0,0
27/06/2015 21:00,0,0,0,0,0,0,0,0.112,0.273,0,0,0.273,0,0,0,0,0
27/06/2015 22:00,0,0,0,0,0,0,0,0.02,0.345,0,0,0.146,0,0,0.022,0,0
27/06/2015 23:00,0.4,0,0.6,0,0,0,0,0,0.438,0,0,0.033,0,0,0.07,0,0
28/06/2015 00:00,5.2,2.3,5.9,0.6,0.5,0.3,0.055,0,0.449,0,0,0,0,0,0.125,0,0
28/06/2015 01:00,13.4,8.4,13.1,6.8,5.8,5.4,0.143,0,0.388,0,0,0,0,0.064,0.188,0,0
28/06/2015 02:00,21.6,16.1,20.7,16.8,14.9,15.4,0.235,0,0.288,0,0,0,0,0.186,0.255,0,0
28/06/2015 03:00,31.1,22.5,27.1,26.7,23.5,25.7,0.291,0,0.173,0,0,0,0.013,0.325,0.286,0,0
28/06/2015 04:00,39.2,27.2,32.5,34.4,29.9,34.2,0.341,0,0.073,0,0,0,0.284,0.448,0.275,0.175,0
28/06/2015 05:00,42.4,29.1,34.5,39.5,33,39.7,0.356,0,0,0,0,0,0.492,0.537,0.247,0.407,0
28/06/2015 06:00,43.7,28.7,33.2,42.4,33.8,41.6,0.353,0,0,0,0.015,0,0.628,0.578,0.199,0.573,0
28/06/2015 07:00,40.1,26.5,29.5,41.9,32.2,41.2,0.319,0,0,0.039,0.085,0,0.712,0.586,0.142,0.682,0.01
28/06/2015 08:00,33.8,22.3,24.5,38.8,28.3,37.8,0.257,0,0,0.144,0.158,0,0.742,0.555,0.079,0.745,0.092
28/06/2015 09:00,27.8,16.7,18.7,32.6,22.7,31.7,0.189,0,0,0.266,0.213,0,0.722,0.485,0.017,0.764,0.244
28/06/2015 10:00,18.3,11.3,11.8,24.7,15.6,23.8,0.113,0,0,0.371,0.258,0,0.627,0.38,0,0.743,0.395
28/06/2015 11:00,8.7,5.3,5,15.2,8.2,14.5,0.046,0.036,0,0.431,0.24,0.001,0.487,0.251,0,0.682,0.513
28/06/2015 12:00,1,0.9,0.5,6.5,2.1,5.9,0,0.143,0,0.448,0.209,0.081,0.296,0.12,0,0.578,0.6
28/06/2015 13:00,0,0,0,1.3,0,0.7,0,0.262,0,0.425,0.203,0.213,0.116,0.026,0,0.426,0.628
28/06/2015 14:00,0,0,0,0,0,0,0,0.369,0,0.37,0.195,0.346,0,0,0,0.213,0.61
28/06/2015 15:00,0,0,0,0,0,0,0,0.442,0,0.283,0.132,0.455,0,0,0,0,0.532
28/06/2015 16:00,0,0,0,0,0,0,0,0.472,0,0.184,0.074,0.531,0,0,0,0,0.423
28/06/2015 17:00,0,0,0,0,0,0,0,0.457,0,0.098,0.019,0.563,0,0,0,0,0.28
28/06/2015 18:00,0,0,0,0,0,0,0,0.39,0,0.029,0,0.547,0,0,0,0,0.128
28/06/2015 19:00,0,0,0,0,0,0,0,0.292,0.043,0,0,0.502,0,0,0,0,0.026
28/06/2015 20:00,0,0,0,0,0,0,0,0.17,0.151,0,0,0.413,0,0,0,0,0
28/06/2015 21:00,0,0,0,0,0,0,0,0.065,0.267,0,0,0.297,0,0,0,0,0
28/06/2015 22:00,0,0,0,0,0,0,0,0.003,0.305,0,0,0.158,0,0,0.057,0,0
28/06/2015 23:00,1.4,0.1,0.9,0,0,0,0,0,0.302,0,0,0.037,0,0,0.159,0,0
29/06/2015 00:00,10.2,3.6,7.6,0.6,0.4,0.3,0.055,0,0.234,0,0,0,0,0,0.25,0,0
29/06/2015 01:00,22.4,11,16.9,6.4,5.4,5.4,0.166,0,0.189,0,0,0,0,0.061,0.32,0,0
29/06/2015 02:00,34.4,19.4,26.5,15.7,13.7,15.1,0.275,0,0.124,0,0,0,0,0.181,0.364,0,0
29/06/2015 03:00,42.3,26.6,34.4,25,21.8,24.9,0.362,0,0.067,0,0,0,0.012,0.318,0.391,0,0
29/06/2015 04:00,48,32.2,39.7,32.8,27.7,32.7,0.432,0,0.017,0,0,0,0.271,0.441,0.39,0.19,0
29/06/2015 05:00,50.5,35.3,41.5,38,31,37.6,0.437,0,0,0,0,0,0.48,0.533,0.378,0.421,0
29/06/2015 06:00,48.2,35.8,40.2,41.5,31.8,39.5,0.399,0,0,0,0.012,0,0.624,0.606,0.317,0.585,0
29/06/2015 07:00,45.5,33.3,36.6,41,30.6,39,0.372,0,0,0.041,0.081,0,0.713,0.616,0.231,0.693,0.01
29/06/2015 08:00,40.4,28.8,31,37.9,26.7,36.2,0.342,0,0,0.146,0.181,0,0.75,0.585,0.129,0.754,0.087
29/06/2015 09:00,30.7,22.7,23.3,31.4,21.3,30.7,0.253,0,0,0.27,0.287,0,0.741,0.5,0.03,0.773,0.247
29/06/2015 10:00,20.3,15.1,14.6,23.7,14.7,23.3,0.156,0,0,0.397,0.374,0,0.689,0.394,0,0.752,0.404
29/06/2015 11:00,8.7,7,6.2,14.8,7.7,14.4,0.059,0.042,0,0.477,0.438,0.003,0.587,0.26,0,0.692,0.525
29/06/2015 12:00,1,1.2,0.7,6.5,1.9,5.9,0,0.15,0,0.504,0.443,0.094,0.425,0.124,0,0.588,0.6
29/06/2015 13:00,0,0,0,1.2,0,0.8,0,0.261,0,0.486,0.403,0.239,0.188,0.027,0,0.435,0.628
29/06/2015 14:00,0,0,0,0,0,0,0,0.325,0,0.434,0.348,0.376,0,0,0,0.22,0.61
29/06/2015 15:00,0,0,0,0,0,0,0,0.299,0,0.36,0.255,0.476,0,0,0,0.001,0.555
29/06/2015 16:00,0,0,0,0,0,0,0,0.276,0,0.267,0.139,0.523,0,0,0,0,0.444
29/06/2015 17:00,0,0,0,0,0,0,0,0.276,0,0.156,0.043,0.556,0,0,0,0,0.293
29/06/2015 18:00,0,0,0,0,0,0,0,0.251,0,0.049,0,0.57,0,0,0,0,0.126
29/06/2015 19:00,0,0,0,0,0,0,0,0.241,0.004,0,0,0.526,0,0,0,0,0.025
29/06/2015 20:00,0,0,0,0,0,0,0,0.187,0.033,0,0,0.42,0,0,0,0,0
29/06/2015 21:00,0,0,0,0,0,0,0,0.098,0.064,0,0,0.272,0,0,0,0,0
29/06/2015 22:00,0,0,0,0,0,0,0,0.011,0.088,0,0,0.137,0,0,0.032,0,0
29/06/2015 23:00,1.1,0.1,0.8,0,0,0,0.002,0,0.112,0,0,0.03,0,0,0.098,0,0
30/06/2015 00:00,9.5,4.1,7.9,0.6,0.7,0.2,0.08,0,0.142,0,0,0,0,0,0.171,0,0
30/06/2015 01:00,22.8,12.6,18.2,6.4,6.7,4.8,0.199,0,0.217,0,0,0,0,0.064,0.225,0,0
30/06/2015 02:00,38.1,21.8,27.8,15.8,16.7,13.4,0.325,0,0.244,0,0,0,0,0.187,0.255,0,0
30/06/2015 03:00,48.6,29.5,35.5,25.4,25.7,22.6,0.391,0,0.209,0,0,0,0.001,0.329,0.273,0,0
30/06/2015 04:00,53.6,34.4,39.9,32.9,33,30.6,0.464,0,0.106,0,0,0,0.18,0.456,0.285,0.197,0
30/06/2015 05:00,52.8,36.9,40.8,37.5,37.7,36.2,0.493,0,0,0,0,0,0.418,0.547,0.273,0.427,0
30/06/2015 06:00,51.4,36.4,38.8,40.6,39.1,39.1,0.494,0,0,0,0.033,0,0.615,0.566,0.237,0.589,0
30/06/2015 07:00,46.4,34.2,35.1,39.5,37.8,39.1,0.471,0,0,0.049,0.133,0,0.714,0.579,0.179,0.699,0.01
30/06/2015 08:00,38.2,29.5,28.4,34.6,33.9,36.4,0.414,0,0,0.162,0.261,0,0.752,0.551,0.105,0.76,0.092
30/06/2015 09:00,27.2,22.5,19.9,27,27.3,30.8,0.334,0,0,0.287,0.36,0,0.744,0.44,0.021,0.781,0.242
30/06/2015 10:00,16.7,14.4,12.9,20.2,19,23.1,0.219,0,0,0.378,0.434,0,0.691,0.343,0,0.76,0.392
30/06/2015 11:00,5.8,6.8,5.9,13,9.9,14.3,0.089,0.047,0,0.431,0.485,0.002,0.59,0.225,0,0.701,0.512
30/06/2015 12:00,0.3,1.2,0.6,6,2.5,5.9,0.002,0.15,0,0.452,0.496,0.092,0.434,0.107,0,0.595,0.603
30/06/2015 13:00,0,0,0,1,0,0.7,0,0.26,0,0.443,0.465,0.232,0.211,0.021,0,0.442,0.633
30/06/2015 14:00,0,0,0,0,0,0,0,0.341,0,0.411,0.397,0.374,0,0,0,0.23,0.613
30/06/2015 15:00,0,0,0,0,0,0,0,0.393,0,0.356,0.285,0.444,0,0,0,0.002,0.541
30/06/2015 16:00,0,0,0,0,0,0,0,0.411,0,0.28,0.155,0.444,0,0,0,0,0.43
30/06/2015 17:00,0,0,0,0,0,0,0,0.367,0,0.166,0.044,0.443,0,0,0,0,0.283
30/06/2015 18:00,0,0,0,0,0,0,0,0.289,0,0.053,0,0.419,0,0,0,0,0.129
30/06/2015 19:00,0,0,0,0,0,0,0,0.19,0.173,0,0,0.408,0,0,0,0,0.025
30/06/2015 20:00,0,0,0,0,0,0,0,0.116,0.376,0,0,0.347,0,0,0,0,0
30/06/2015 21:00,0,0,0,0,0,0,0,0.059,0.511,0,0,0.249,0,0,0,0,0
30/06/2015 22:00,0,0,0,0,0,0,0,0.006,0.6,0,0,0.139,0,0,0.023,0,0
30/06/2015 23:00,0.6,0.1,0.6,0,0,0,0,0,0.657,0,0,0.035,0,0,0.071,0,0
01/07/2015 00:00,5.1,3.4,5.6,0.5,0.8,0.3,0.069,0,0.686,0,0,0,0,0,0.131,0,0
01/07/2015 01:00,12.9,10.7,12.6,5.9,6.5,5,0.202,0,0.649,0,0,0,0,0.058,0.191,0,0
01/07/2015 02:00,21.4,18.3,20.6,14.9,15.8,13.9,0.325,0,0.562,0,0,0,0,0.174,0.229,0,0
01/07/2015 03:00,30.4,25.1,28.7,24.7,23.9,23.8,0.447,0,0.417,0,0,0,0.02,0.305,0.241,0,0
01/07/2015 04:00,36.8,30.2,33,32.9,30.5,32,0.542,0,0.213,0,0,0,0.317,0.425,0.252,0.112,0
01/07/2015 05:00,39.6,32.8,34.8,38.2,34.6,37.6,0.557,0,0.009,0,0,0,0.522,0.513,0.249,0.338,0
01/07/2015 06:00,41.3,32.9,33.8,41.9,35.9,40,0.505,0,0,0,0.027,0,0.658,0.584,0.202,0.563,0
01/07/2015 07:00,39.7,30.8,31.4,41.4,34.8,39.4,0.445,0,0,0.035,0.127,0,0.738,0.592,0.123,0.676,0.009
01/07/2015 08:00,34.4,26.9,26.5,38.2,31.1,36.2,0.352,0,0,0.104,0.241,0,0.772,0.562,0.052,0.743,0.095
01/07/2015 09:00,26.4,20.7,20.3,31.8,25.1,30.3,0.274,0,0,0.176,0.329,0,0.762,0.475,0.007,0.763,0.238
01/07/2015 10:00,15.9,13.6,12.6,23.9,17.3,22.8,0.184,0,0,0.244,0.382,0,0.708,0.374,0,0.745,0.388
01/07/2015 11:00,7.1,6.5,5.4,15,8.8,14,0.07,0.035,0,0.288,0.39,0.001,0.607,0.249,0,0.686,0.5
01/07/2015 12:00,0.7,1.1,0.6,6.5,2.1,5.7,0,0.148,0,0.292,0.373,0.082,0.451,0.121,0,0.582,0.579
01/07/2015 13:00,0,0,0,1.2,0,0.7,0,0.266,0,0.271,0.36,0.215,0.205,0.026,0,0.431,0.603
01/07/2015 14:00,0,0,0,0,0,0,0,0.355,0,0.235,0.301,0.361,0,0,0,0.217,0.586
01/07/2015 15:00,0,0,0,0,0,0,0,0.4,0,0.201,0.206,0.461,0,0,0,0.001,0.532
01/07/2015 16:00,0,0,0,0,0,0,0,0.4,0,0.145,0.12,0.527,0,0,0,0,0.427
01/07/2015 17:00,0,0,0,0,0,0,0,0.362,0,0.085,0.032,0.548,0,0,0,0,0.286
01/07/2015 18:00,0,0,0,0,0,0,0,0.317,0,0.023,0,0.529,0,0,0,0,0.13
01/07/2015 19:00,0,0,0,0,0,0,0,0.264,0.205,0,0,0.482,0,0,0,0,0.026
01/07/2015 20:00,0,0,0,0,0,0,0,0.198,0.417,0,0,0.383,0,0,0,0,0
01/07/2015 21:00,0,0,0,0,0,0,0,0.106,0.569,0,0,0.276,0,0,0,0,0
01/07/2015 22:00,0,0,0,0,0,0,0,0.016,0.667,0,0,0.15,0,0,0.027,0,0
01/07/2015 23:00,0.8,0.1,0.8,0,0,0,0,0,0.715,0,0,0.034,0,0,0.108,0,0
02/07/2015 00:00,7,3,6.9,0.5,0.8,0.3,0.072,0,0.717,0,0,0,0,0,0.206,0,0
02/07/2015 01:00,18.7,9.4,16.9,6.4,6.9,4.8,0.193,0,0.672,0,0,0,0,0.061,0.283,0,0
02/07/2015 02:00,34,16.3,25.6,16.1,16.5,14.1,0.307,0,0.578,0,0,0,0,0.19,0.297,0,0
02/07/2015 03:00,45.7,22.4,31.7,25.9,25.6,24.5,0.408,0,0.431,0,0,0,0.017,0.338,0.282,0,0
02/07/2015 04:00,52.2,27.8,34.3,33.6,32.7,32.6,0.468,0,0.224,0,0,0,0.303,0.465,0.259,0.123,0
02/07/2015 05:00,54.6,30.1,35.7,38.4,36.6,37.9,0.572,0,0.011,0,0,0,0.528,0.556,0.227,0.398,0
02/07/2015 06:00,52.7,30.5,34.4,39.9,38.4,39.7,0.593,0,0,0,0.014,0,0.665,0.602,0.181,0.581,0
02/07/2015 07:00,47.3,28.7,31.8,38.7,37.2,39.4,0.565,0,0,0.053,0.087,0,0.748,0.611,0.123,0.688,0.009
02/07/2015 08:00,39.8,24.5,27,34.3,33,36.2,0.496,0,0,0.17,0.182,0,0.783,0.581,0.067,0.748,0.099
02/07/2015 09:00,30.6,18.4,21.2,27.1,25.9,31,0.374,0,0,0.293,0.263,0,0.774,0.496,0.015,0.766,0.238
02/07/2015 10:00,18,12.3,13.6,20.4,17.5,23.5,0.229,0,0,0.38,0.335,0,0.72,0.391,0,0.746,0.378
02/07/2015 11:00,7.8,5.9,5.8,13.1,9.1,14.5,0.092,0.031,0,0.427,0.364,0.002,0.618,0.258,0,0.687,0.488
02/07/2015 12:00,0.7,1,0.6,6.1,2.2,6,0.002,0.108,0,0.443,0.323,0.089,0.46,0.122,0,0.583,0.535
02/07/2015 13:00,0,0,0,1,0,0.7,0,0.186,0,0.406,0.308,0.236,0.233,0.026,0,0.434,0.565
02/07/2015 14:00,0,0,0,0,0,0,0,0.257,0,0.327,0.265,0.392,0,0,0,0.217,0.551
02/07/2015 15:00,0,0,0,0,0,0,0,0.302,0,0.247,0.194,0.511,0,0,0,0,0.5
02/07/2015 16:00,0,0,0,0,0,0,0,0.318,0,0.142,0.108,0.586,0,0,0,0,0.391
02/07/2015 17:00,0,0,0,0,0,0,0,0.315,0,0.07,0.028,0.617,0,0,0,0,0.258
02/07/2015 18:00,0,0,0,0,0,0,0,0.291,0,0.015,0,0.604,0,0,0,0,0.122
02/07/2015 19:00,0,0,0,0,0,0,0,0.255,0.207,0,0,0.549,0,0,0,0,0.02
02/07/2015 20:00,0,0,0,0,0,0,0,0.189,0.42,0,0,0.452,0,0,0,0,0
02/07/2015 21:00,0,0,0,0,0,0,0,0.09,0.572,0,0,0.317,0,0,0,0,0
02/07/2015 22:00,0,0,0,0,0,0,0,0.01,0.67,0,0,0.162,0,0,0.063,0,0
02/07/2015 23:00,1.1,0.1,0.9,0,0,0,0.004,0,0.719,0,0,0.039,0,0,0.184,0,0
03/07/2015 00:00,8.7,3.2,8,0.5,0.5,0.3,0.084,0,0.715,0,0,0,0,0,0.303,0,0
03/07/2015 01:00,21,10.6,18,6.2,5.6,5.3,0.175,0,0.668,0,0,0,0,0.059,0.392,0,0
03/07/2015 02:00,34.8,18.7,27.6,15.7,14.7,15.1,0.254,0,0.575,0,0,0,0,0.192,0.428,0,0
03/07/2015 03:00,43.9,24.9,34,25.4,23.4,25.8,0.313,0,0.427,0,0,0,0.017,0.342,0.397,0,0
03/07/2015 04:00,47.2,29.1,38.3,33.1,30.1,34.4,0.344,0,0.218,0,0,0,0.301,0.471,0.363,0.156,0
03/07/2015 05:00,48.4,32,39.5,37.9,34,39.8,0.38,0,0.011,0,0,0,0.52,0.561,0.304,0.422,0
03/07/2015 06:00,44.4,31.5,37.6,40.2,34.7,41.3,0.429,0,0,0,0.02,0,0.658,0.611,0.228,0.587,0
03/07/2015 07:00,38.8,28.9,34,39.7,32.9,40.9,0.464,0,0,0.028,0.106,0,0.74,0.619,0.147,0.694,0.01
03/07/2015 08:00,27.8,24.4,28.7,36.8,29,37.8,0.441,0,0,0.12,0.211,0,0.775,0.588,0.07,0.755,0.092
03/07/2015 09:00,20.6,18.8,21.6,30.7,22.8,31.9,0.346,0,0,0.233,0.297,0,0.765,0.514,0.012,0.774,0.245
03/07/2015 10:00,12,12.3,13.8,23.3,14.4,23.9,0.212,0,0,0.337,0.356,0,0.711,0.406,0,0.754,0.398
03/07/2015 11:00,4.7,5.8,5.8,14.7,7.4,14.6,0.076,0.028,0,0.419,0.384,0.003,0.607,0.268,0,0.695,0.516
03/07/2015 12:00,0.3,1,0.6,6.5,1.9,6.1,0,0.127,0,0.456,0.371,0.087,0.448,0.123,0,0.593,0.584
03/07/2015 13:00,0,0,0,1.1,0,0.8,0,0.251,0,0.455,0.309,0.243,0.219,0.027,0,0.444,0.614
03/07/2015 14:00,0,0,0,0,0,0,0,0.36,0,0.416,0.268,0.399,0,0,0,0.178,0.597
03/07/2015 15:00,0,0,0,0,0,0,0,0.433,0,0.344,0.203,0.517,0,0,0,0,0.532
03/07/2015 16:00,0,0,0,0,0,0,0,0.466,0,0.244,0.11,0.591,0,0,0,0,0.423
03/07/2015 17:00,0,0,0,0,0,0,0,0.469,0,0.136,0.029,0.621,0,0,0,0,0.278
03/07/2015 18:00,0,0,0,0,0,0,0,0.432,0,0.039,0,0.608,0,0,0,0,0.129
03/07/2015 19:00,0,0,0,0,0,0,0,0.353,0.125,0,0,0.552,0,0,0,0,0.025
03/07/2015 20:00,0,0,0,0,0,0,0,0.243,0.285,0,0,0.454,0,0,0,0,0
03/07/2015 21:00,0,0,0,0,0,0,0,0.116,0.472,0,0,0.318,0,0,0,0,0
03/07/2015 22:00,0,0,0,0,0,0,0,0.023,0.578,0,0,0.161,0,0,0.039,0,0
03/07/2015 23:00,0.2,0.1,0.6,0,0,0,0.004,0,0.641,0,0,0.038,0,0,0.118,0,0
04/07/2015 00:00,2.7,3.1,5.7,0.5,0.4,0.3,0.089,0,0.647,0,0,0,0,0,0.211,0,0
04/07/2015 01:00,7.9,10.4,13.6,6.3,5.1,5.2,0.225,0,0.597,0,0,0,0,0.057,0.298,0,0
04/07/2015 02:00,14.4,18.6,21.3,16,13.1,14.8,0.362,0,0.509,0,0,0,0,0.194,0.353,0,0
04/07/2015 03:00,23.4,25.4,27.8,25.9,21.3,25.3,0.47,0,0.37,0,0,0,0.02,0.345,0.444,0,0
04/07/2015 04:00,29.4,29.8,32.4,33.8,28.1,34,0.54,0,0.18,0,0,0,0.311,0.473,0.469,0.193,0
04/07/2015 05:00,31.8,31.6,35.5,39,32.8,39.3,0.587,0,0.003,0,0,0,0.53,0.562,0.448,0.427,0
04/07/2015 06:00,31.6,30.7,34.7,41.5,34.7,41.1,0.59,0,0,0,0.013,0,0.666,0.605,0.379,0.589,0
04/07/2015 07:00,26.8,27.5,31.5,40.9,33.5,40.8,0.554,0,0,0.048,0.082,0,0.748,0.612,0.279,0.696,0.009
04/07/2015 08:00,18.4,22.3,26.5,37.6,28.7,37.7,0.477,0,0,0.162,0.166,0,0.783,0.58,0.154,0.757,0.095
04/07/2015 09:00,13,16,19.1,32,21.8,32.7,0.366,0,0,0.288,0.238,0,0.773,0.492,0.038,0.774,0.238
04/07/2015 10:00,7.8,10,11,24.2,13.5,24.9,0.226,0,0,0.39,0.283,0,0.719,0.386,0,0.754,0.379
04/07/2015 11:00,3.1,4.5,4,14.9,6.8,15.5,0.089,0.041,0,0.459,0.314,0.003,0.617,0.253,0,0.694,0.497
04/07/2015 12:00,0.2,0.7,0.3,6.4,1.6,6.3,0.001,0.142,0,0.488,0.338,0.09,0.46,0.119,0,0.588,0.579
04/07/2015 13:00,0,0,0,1.1,0,0.8,0,0.27,0,0.481,0.303,0.244,0.234,0.024,0,0.431,0.608
04/07/2015 14:00,0,0,0,0,0,0,0,0.389,0,0.448,0.256,0.399,0,0,0,0.172,0.59
04/07/2015 15:00,0,0,0,0,0,0,0,0.461,0,0.364,0.149,0.518,0,0,0,0,0.534
04/07/2015 16:00,0,0,0,0,0,0,0,0.493,0,0.263,0.072,0.592,0,0,0,0,0.427
04/07/2015 17:00,0,0,0,0,0,0,0,0.485,0,0.139,0.013,0.619,0,0,0,0,0.283
04/07/2015 18:00,0,0,0,0,0,0,0,0.439,0,0.034,0,0.597,0,0,0,0,0.131
04/07/2015 19:00,0,0,0,0,0,0,0,0.354,0.087,0,0,0.532,0,0,0,0,0.025
04/07/2015 20:00,0,0,0,0,0,0,0,0.239,0.258,0,0,0.427,0,0,0,0,0
04/07/2015 21:00,0,0,0,0,0,0,0,0.115,0.478,0,0,0.294,0,0,0,0,0
04/07/2015 22:00,0,0,0,0,0,0,0,0.017,0.607,0,0,0.148,0,0,0.062,0,0
04/07/2015 23:00,0.2,0,0.4,0,0,0,0,0,0.661,0,0,0.033,0,0,0.161,0,0
05/07/2015 00:00,3.2,2.1,3.2,0.5,0.3,0.3,0.026,0,0.65,0,0,0,0,0,0.255,0,0
05/07/2015 01:00,7.8,7.6,7.4,6.1,5.7,5,0.087,0,0.616,0,0,0,0,0.062,0.337,0,0
05/07/2015 02:00,12.8,14.1,11.4,15.7,14.6,14.3,0.166,0,0.521,0,0,0,0,0.187,0.381,0,0
05/07/2015 03:00,18.5,19.5,14.1,25.6,23.1,25.3,0.258,0,0.314,0,0,0,0.016,0.33,0.392,0,0
05/07/2015 04:00,22.6,23.6,16.3,33.5,30,33.8,0.368,0,0.147,0,0,0,0.286,0.455,0.413,0.179,0
05/07/2015 05:00,24.8,25.3,18.2,38.5,34.7,39.2,0.436,0,0.003,0,0,0,0.522,0.545,0.418,0.404,0
05/07/2015 06:00,25.7,25.8,18.3,40.4,36.6,41.7,0.442,0,0,0,0.016,0,0.663,0.558,0.372,0.576,0
05/07/2015 07:00,23.8,23.8,16.9,39.8,35.8,41.3,0.423,0,0,0.044,0.087,0,0.748,0.567,0.283,0.687,0.009
05/07/2015 08:00,19.6,19.9,14.1,36.6,32.2,38.2,0.386,0,0,0.158,0.151,0,0.783,0.536,0.156,0.749,0.097
05/07/2015 09:00,13.9,14.7,10.3,31.1,26,32.7,0.282,0,0,0.287,0.195,0,0.773,0.469,0.036,0.764,0.237
05/07/2015 10:00,8.7,9.1,5.8,23.3,17.8,25,0.167,0,0,0.393,0.267,0,0.718,0.366,0,0.743,0.382
05/07/2015 11:00,3.9,4.1,2.3,14.5,9.4,15.3,0.056,0.012,0,0.48,0.336,0.003,0.615,0.24,0,0.681,0.5
05/07/2015 12:00,0.3,0.6,0.2,6.3,2.3,6.3,0,0.055,0,0.538,0.373,0.089,0.456,0.114,0,0.568,0.574
05/07/2015 13:00,0,0,0,1,0,0.7,0,0.102,0,0.538,0.328,0.245,0.225,0.022,0,0.394,0.601
05/07/2015 14:00,0,0,0,0,0,0,0,0.153,0,0.494,0.249,0.391,0,0,0,0.153,0.582
05/07/2015 15:00,0,0,0,0,0,0,0,0.2,0,0.411,0.156,0.503,0,0,0,0,0.518
05/07/2015 16:00,0,0,0,0,0,0,0,0.225,0,0.296,0.078,0.573,0,0,0,0,0.411
05/07/2015 17:00,0,0,0,0,0,0,0,0.228,0,0.167,0.019,0.594,0,0,0,0,0.273
05/07/2015 18:00,0,0,0,0,0,0,0,0.212,0,0.044,0,0.561,0,0,0,0,0.13
05/07/2015 19:00,0,0,0,0,0,0,0,0.173,0.141,0,0,0.514,0,0,0,0,0.023
05/07/2015 20:00,0,0,0,0,0,0,0,0.115,0.338,0,0,0.42,0,0,0,0,0
05/07/2015 21:00,0,0,0,0,0,0,0,0.052,0.497,0,0,0.287,0,0,0,0,0
05/07/2015 22:00,0,0,0,0,0,0,0,0.002,0.614,0,0,0.153,0,0,0.063,0,0
05/07/2015 23:00,0.8,0,0.2,0,0,0,0.002,0,0.678,0,0,0.037,0,0,0.179,0,0
06/07/2015 00:00,6.9,1.9,2.8,0.5,0.4,0.3,0.071,0,0.628,0,0,0,0,0,0.3,0,0
06/07/2015 01:00,15.6,7,7.3,5.7,5.9,4.8,0.181,0,0.51,0,0,0,0,0.059,0.394,0,0
06/07/2015 02:00,24.7,13.3,12.1,15,15.7,13.9,0.302,0,0.319,0,0,0,0,0.177,0.414,0,0
06/07/2015 03:00,34.8,19.5,16.3,24.5,24.7,24.4,0.398,0,0.164,0,0,0,0.013,0.314,0.426,0,0
06/07/2015 04:00,42.2,24.2,19.2,32.4,31.5,32.5,0.43,0,0.061,0,0,0,0.275,0.438,0.457,0.149,0
06/07/2015 05:00,45.4,26.9,20.3,37.5,35.6,37.8,0.438,0,0,0,0,0,0.502,0.528,0.439,0.39,0
06/07/2015 06:00,44.9,26.8,19.6,39.7,36.9,40,0.422,0,0,0,0.029,0,0.641,0.574,0.379,0.558,0
06/07/2015 07:00,39,24.4,18.7,39.1,34.8,39.4,0.373,0,0,0.023,0.118,0,0.725,0.583,0.274,0.668,0.008
06/07/2015 08:00,30.3,20,16.2,35.8,29.6,36.1,0.313,0,0,0.097,0.2,0,0.761,0.552,0.141,0.731,0.095
06/07/2015 09:00,20.4,14.6,12,29.1,23.3,30,0.229,0,0,0.212,0.268,0,0.752,0.472,0.026,0.726,0.23
06/07/2015 10:00,12.9,9,7,21.6,16.7,23,0.138,0,0,0.328,0.339,0,0.696,0.367,0,0.694,0.374
06/07/2015 11:00,5.5,3.9,2.7,13.6,8.8,14.1,0.046,0.037,0,0.394,0.417,0.003,0.59,0.239,0,0.62,0.495
06/07/2015 12:00,0.6,0.6,0.2,5.9,2.1,5.7,0,0.136,0,0.385,0.432,0.094,0.408,0.113,0,0.455,0.561
06/07/2015 13:00,0,0,0,0.9,0,0.6,0,0.281,0,0.365,0.428,0.244,0.112,0.021,0,0.244,0.594
06/07/2015 14:00,0,0,0,0,0,0,0,0.394,0,0.295,0.338,0.393,0,0,0,0.103,0.58
06/07/2015 15:00,0,0,0,0,0,0,0,0.464,0,0.224,0.238,0.499,0,0,0,0,0.541
06/07/2015 16:00,0,0,0,0,0,0,0,0.491,0,0.145,0.125,0.557,0,0,0,0,0.43
06/07/2015 17:00,0,0,0,0,0,0,0,0.48,0,0.081,0.026,0.567,0,0,0,0,0.286
06/07/2015 18:00,0,0,0,0,0,0,0,0.434,0,0.023,0,0.53,0,0,0,0,0.133
06/07/2015 19:00,0,0,0,0,0,0,0,0.349,0.086,0,0,0.454,0,0,0,0,0.025
06/07/2015 20:00,0,0,0,0,0,0,0,0.228,0.237,0,0,0.364,0,0,0,0,0
06/07/2015 21:00,0,0,0,0,0,0,0,0.102,0.398,0,0,0.25,0,0,0,0,0
06/07/2015 22:00,0,0,0,0,0,0,0,0.012,0.572,0,0,0.118,0,0,0.035,0,0
06/07/2015 23:00,1.3,0,0.3,0,0,0,0,0,0.612,0,0,0.022,0,0,0.12,0,0
07/07/2015 00:00,10.9,1.6,3.4,0.3,0.5,0.2,0.064,0,0.634,0,0,0,0,0,0.217,0,0
07/07/2015 01:00,22.4,6.4,7.9,4.8,6.2,4.3,0.174,0,0.581,0,0,0,0,0.06,0.3,0,0
07/07/2015 02:00,32.5,12.5,11.6,13.2,16.2,12.7,0.3,0,0.49,0,0,0,0,0.179,0.36,0,0
07/07/2015 03:00,40.1,18.3,15.2,22.5,25.5,22.7,0.405,0,0.347,0,0,0,0.014,0.313,0.395,0,0
07/07/2015 04:00,44.4,22.5,18.2,30.3,31.9,31.2,0.483,0,0.166,0,0,0,0.283,0.434,0.402,0.128,0
07/07/2015 05:00,45.9,24.7,20.5,35.4,35.9,36.8,0.499,0,0.005,0,0,0,0.497,0.521,0.365,0.364,0
07/07/2015 06:00,44.6,24.7,21,38.4,37.3,39.7,0.445,0,0,0,0.027,0,0.636,0.57,0.255,0.523,0
07/07/2015 07:00,38.9,22.5,19,38,36.6,39.5,0.389,0,0,0.038,0.128,0,0.72,0.577,0.17,0.636,0.006
07/07/2015 08:00,31.6,18.9,16.3,35.2,33.5,36.5,0.262,0,0,0.151,0.248,0,0.757,0.543,0.09,0.702,0.088
07/07/2015 09:00,21.8,14.1,12.4,30.6,27.3,30.9,0.174,0,0,0.282,0.346,0,0.748,0.484,0.017,0.729,0.208
07/07/2015 10:00,13.4,9.2,7.8,23.2,18.8,22.3,0.088,0,0,0.412,0.427,0,0.682,0.377,0,0.71,0.34
07/07/2015 11:00,5.4,4.3,2.9,14.5,9.9,13.8,0.027,0.017,0,0.494,0.474,0.002,0.555,0.246,0,0.647,0.468
07/07/2015 12:00,0.4,0.6,0.1,6.5,2.5,5.6,0,0.086,0,0.543,0.473,0.091,0.35,0.116,0,0.534,0.547
07/07/2015 13:00,0,0,0,1,0,0.6,0,0.163,0,0.538,0.43,0.229,0.114,0.022,0,0.34,0.568
07/07/2015 14:00,0,0,0,0,0,0,0,0.265,0,0.484,0.36,0.359,0,0,0,0.165,0.534
07/07/2015 15:00,0,0,0,0,0,0,0,0.322,0,0.391,0.251,0.456,0,0,0,0,0.464
07/07/2015 16:00,0,0,0,0,0,0,0,0.322,0,0.28,0.134,0.521,0,0,0,0,0.374
07/07/2015 17:00,0,0,0,0,0,0,0,0.293,0,0.151,0.034,0.54,0,0,0,0,0.258
07/07/2015 18:00,0,0,0,0,0,0,0,0.252,0,0.048,0,0.526,0,0,0,0,0.131
07/07/2015 19:00,0,0,0,0,0,0,0,0.194,0.151,0,0,0.467,0,0,0,0,0.024
07/07/2015 20:00,0,0,0,0,0,0,0,0.136,0.364,0,0,0.382,0,0,0,0,0
07/07/2015 21:00,0,0,0,0,0,0,0,0.065,0.513,0,0,0.27,0,0,0,0,0
07/07/2015 22:00,0,0,0,0,0,0,0,0.004,0.608,0,0,0.133,0,0,0.029,0,0
07/07/2015 23:00,0.6,0,0.2,0,0,0,0.002,0,0.644,0,0,0.026,0,0,0.095,0,0
08/07/2015 00:00,5.7,2.5,2.6,0.5,0.5,0.2,0.083,0,0.645,0,0,0,0,0,0.172,0,0
08/07/2015 01:00,14.4,8.7,7.3,5.4,5.6,4.7,0.194,0,0.613,0,0,0,0,0.057,0.232,0,0
08/07/2015 02:00,24.6,16.8,12.9,13.3,14.7,14,0.302,0,0.52,0,0,0,0,0.172,0.261,0,0
08/07/2015 03:00,34,23.8,18.3,21.8,24,24.4,0.389,0,0.376,0,0,0,0.014,0.306,0.279,0,0
08/07/2015 04:00,39.9,28.6,22.5,28.9,30.9,32.4,0.442,0,0.184,0,0,0,0.272,0.428,0.29,0.126,0
08/07/2015 05:00,37.4,30.1,24.6,32.9,34.9,37.7,0.472,0,0.005,0,0,0,0.487,0.517,0.27,0.386,0
08/07/2015 06:00,34.3,28.9,23.9,34.6,36.4,40,0.415,0,0,0,0.031,0,0.627,0.601,0.218,0.562,0
08/07/2015 07:00,25.5,25.7,21.6,34.4,35.1,39.5,0.373,0,0,0.048,0.14,0,0.712,0.609,0.146,0.669,0.006
08/07/2015 08:00,19.1,21.1,18.3,32.4,30.5,36.4,0.291,0,0,0.161,0.264,0,0.713,0.578,0.07,0.736,0.09
08/07/2015 09:00,13.8,15.4,13.9,29.2,22.9,30.5,0.213,0,0,0.285,0.369,0,0.607,0.481,0.011,0.753,0.217
08/07/2015 10:00,9.9,10.1,8.8,23.1,15.1,22.4,0.13,0,0,0.383,0.425,0,0.531,0.375,0,0.729,0.354
08/07/2015 11:00,4.5,4.8,3.8,14.8,7.4,14,0.043,0.032,0,0.448,0.444,0,0.388,0.246,0,0.665,0.482
08/07/2015 12:00,0.4,0.7,0.4,6.6,1.9,5.7,0,0.131,0,0.466,0.426,0.075,0.271,0.117,0,0.548,0.571
08/07/2015 13:00,0,0,0,1.1,0,0.6,0,0.239,0,0.457,0.387,0.21,0.105,0.023,0,0.356,0.606
08/07/2015 14:00,0,0,0,0,0,0,0,0.344,0,0.388,0.299,0.35,0,0,0,0.113,0.593
08/07/2015 15:00,0,0,0,0,0,0,0,0.431,0,0.33,0.199,0.467,0,0,0,0,0.524
08/07/2015 16:00,0,0,0,0,0,0,0,0.488,0,0.261,0.102,0.548,0,0,0,0,0.418
08/07/2015 17:00,0,0,0,0,0,0,0,0.496,0,0.15,0.023,0.585,0,0,0,0,0.282
08/07/2015 18:00,0,0,0,0,0,0,0,0.453,0,0.043,0,0.577,0,0,0,0,0.134
08/07/2015 19:00,0,0,0,0,0,0,0,0.367,0.16,0,0,0.523,0,0,0,0,0.025
08/07/2015 20:00,0,0,0,0,0,0,0,0.248,0.34,0,0,0.435,0,0,0,0,0
08/07/2015 21:00,0,0,0,0,0,0,0,0.116,0.484,0,0,0.31,0,0,0,0,0
08/07/2015 22:00,0,0,0,0,0,0,0,0.022,0.586,0,0,0.164,0,0,0.029,0,0
08/07/2015 23:00,0.7,0,0.2,0,0,0,0.001,0,0.612,0,0,0.039,0,0,0.103,0,0
09/07/2015 00:00,7,2.1,2.5,0.5,0.8,0.2,0.074,0,0.604,0,0,0,0,0,0.19,0,0
09/07/2015 01:00,15.7,6.9,6.2,5.8,6.9,4.4,0.17,0,0.59,0,0,0,0,0.06,0.249,0,0
09/07/2015 02:00,26.1,11.8,10.2,15,17.2,12.8,0.247,0,0.521,0,0,0,0,0.189,0.288,0,0
09/07/2015 03:00,33.2,16.3,13.7,24.6,27.8,22,0.311,0,0.39,0,0,0,0.016,0.339,0.271,0,0
09/07/2015 04:00,35.4,20,17.1,32.3,35.7,29.7,0.374,0,0.16,0,0,0,0.284,0.47,0.236,0.043,0
09/07/2015 05:00,35.1,22.3,20.6,37.6,40,35.2,0.362,0,0.003,0,0,0,0.493,0.562,0.195,0.191,0
09/07/2015 06:00,29.6,22.5,21.4,40,41,37.4,0.327,0,0,0,0.013,0,0.637,0.582,0.179,0.391,0
09/07/2015 07:00,25.5,21.1,20.5,39.1,39,36.9,0.277,0,0,0.047,0.089,0,0.721,0.592,0.134,0.624,0.009
09/07/2015 08:00,22.4,17.4,16.8,36,34.1,33.5,0.203,0,0,0.161,0.211,0,0.757,0.56,0.078,0.722,0.096
09/07/2015 09:00,17,12.7,12.5,31.1,26,28,0.111,0,0,0.299,0.334,0,0.752,0.474,0.017,0.751,0.237
09/07/2015 10:00,11.8,8.2,7.9,23.7,17.7,21.1,0.049,0,0,0.416,0.394,0,0.7,0.368,0,0.731,0.378
09/07/2015 11:00,4.9,3.9,3.1,14.9,9.5,13,0.012,0.042,0,0.498,0.415,0,0.6,0.239,0,0.67,0.483
09/07/2015 12:00,0.2,0.6,0.3,6.5,2.3,5.4,0,0.145,0,0.539,0.383,0.08,0.445,0.112,0,0.546,0.558
09/07/2015 13:00,0,0,0,1.1,0,0.6,0,0.247,0,0.534,0.309,0.221,0.222,0.02,0,0.378,0.59
09/07/2015 14:00,0,0,0,0,0,0,0,0.324,0,0.493,0.234,0.348,0,0,0,0.115,0.575
09/07/2015 15:00,0,0,0,0,0,0,0,0.374,0,0.419,0.197,0.443,0,0,0,0,0.514
09/07/2015 16:00,0,0,0,0,0,0,0,0.385,0,0.301,0.131,0.513,0,0,0,0,0.414
09/07/2015 17:00,0,0,0,0,0,0,0,0.37,0,0.169,0.036,0.556,0,0,0,0,0.28
09/07/2015 18:00,0,0,0,0,0,0,0,0.344,0,0.048,0,0.54,0,0,0,0,0.134
09/07/2015 19:00,0,0,0,0,0,0,0,0.297,0.15,0,0,0.488,0,0,0,0,0.025
09/07/2015 20:00,0,0,0,0,0,0,0,0.22,0.33,0,0,0.376,0,0,0,0,0
09/07/2015 21:00,0,0,0,0,0,0,0,0.118,0.484,0,0,0.25,0,0,0,0,0
09/07/2015 22:00,0,0,0,0,0,0,0,0.021,0.605,0,0,0.127,0,0,0.024,0,0
09/07/2015 23:00,0.4,0,0.3,0,0,0,0,0,0.661,0,0,0.025,0,0,0.087,0,0
10/07/2015 00:00,5.2,1.6,2.9,0.5,0.4,0.1,0.036,0,0.661,0,0,0,0,0,0.168,0,0
10/07/2015 01:00,13.7,5.5,7.3,5.7,4.8,3.6,0.102,0,0.594,0,0,0,0,0.056,0.238,0,0
10/07/2015 02:00,21.4,10.1,12.2,14.7,12.3,11,0.151,0,0.482,0,0,0,0,0.178,0.304,0,0
10/07/2015 03:00,29.9,14.8,16.1,24.3,19.6,19.6,0.205,0,0.335,0,0,0,0.022,0.319,0.334,0,0
10/07/2015 04:00,35.6,18.6,20,32.6,25.5,26.8,0.261,0,0.149,0,0,0,0.311,0.445,0.33,0.172,0
10/07/2015 05:00,38.4,21.4,22.7,38,29.6,31.8,0.307,0,0.002,0,0,0,0.515,0.533,0.287,0.407,0
10/07/2015 06:00,36.7,21.6,23.3,41.1,30.8,34.8,0.315,0,0,0,0.013,0,0.661,0.57,0.223,0.574,0
10/07/2015 07:00,32,20.1,22.5,40.6,29.6,34.7,0.286,0,0,0.036,0.085,0,0.747,0.578,0.141,0.683,0.009
10/07/2015 08:00,26.4,17,19.1,37.5,26.3,32.4,0.207,0,0,0.139,0.185,0,0.783,0.546,0.07,0.743,0.094
10/07/2015 09:00,20.6,13.1,14,31.7,20.3,27.7,0.125,0,0,0.245,0.283,0,0.774,0.479,0.012,0.757,0.243
10/07/2015 10:00,13.6,8.7,8.3,24,13.7,20.8,0.057,0,0,0.336,0.358,0,0.72,0.373,0,0.737,0.397
10/07/2015 11:00,6.3,4.1,3.2,14.9,6.8,12.8,0.013,0.043,0,0.408,0.416,0.003,0.617,0.244,0,0.677,0.519
10/07/2015 12:00,0.6,0.6,0.2,6.5,1.6,5.3,0,0.145,0,0.453,0.44,0.092,0.458,0.115,0,0.575,0.594
10/07/2015 13:00,0,0,0,1.1,0,0.6,0,0.274,0,0.445,0.416,0.243,0.231,0.021,0,0.425,0.627
10/07/2015 14:00,0,0,0,0,0,0,0,0.38,0,0.425,0.361,0.384,0,0,0,0.214,0.611
10/07/2015 15:00,0,0,0,0,0,0,0,0.455,0,0.355,0.272,0.492,0,0,0,0.001,0.541
10/07/2015 16:00,0,0,0,0,0,0,0,0.492,0,0.253,0.151,0.562,0,0,0,0,0.431
10/07/2015 17:00,0,0,0,0,0,0,0,0.483,0,0.135,0.044,0.585,0,0,0,0,0.285
10/07/2015 18:00,0,0,0,0,0,0,0,0.435,0,0.032,0,0.558,0,0,0,0,0.132
10/07/2015 19:00,0,0,0,0,0,0,0,0.351,0.134,0,0,0.489,0,0,0,0,0.024
10/07/2015 20:00,0,0,0,0,0,0,0,0.238,0.333,0,0,0.394,0,0,0,0,0
10/07/2015 21:00,0,0,0,0,0,0,0,0.118,0.471,0,0,0.271,0,0,0,0,0
10/07/2015 22:00,0,0,0,0,0,0,0,0.021,0.571,0,0,0.141,0,0,0.074,0,0
10/07/2015 23:00,0.6,0,0.6,0,0,0,0,0,0.592,0,0,0.029,0,0,0.2,0,0
11/07/2015 00:00,4.9,2.1,5.5,0.4,0.6,0.1,0.033,0,0.592,0,0,0,0,0,0.317,0,0
11/07/2015 01:00,11.2,7.6,13.6,5.7,5.3,3.5,0.096,0,0.532,0,0,0,0,0.06,0.423,0,0
11/07/2015 02:00,18,14.9,20.4,15.2,12.9,10.8,0.157,0,0.418,0,0,0,0,0.187,0.491,0,0
11/07/2015 03:00,25.3,22.2,27.4,24.7,20,19.6,0.199,0,0.272,0,0,0,0.014,0.334,0.514,0,0
11/07/2015 04:00,31.2,27.8,31.5,32.4,25.8,28.6,0.219,0,0.104,0,0,0,0.254,0.463,0.499,0.187,0
11/07/2015 05:00,35.5,31.1,32.6,37.2,29.6,35,0.229,0,0,0,0,0,0.508,0.556,0.457,0.411,0
11/07/2015 06:00,35.9,32.3,31.1,39.5,30.4,37.9,0.212,0,0,0,0.035,0,0.653,0.582,0.381,0.572,0
11/07/2015 07:00,33.4,31.1,29,39.4,29.6,38.3,0.184,0,0,0.017,0.135,0,0.737,0.591,0.271,0.681,0.008
11/07/2015 08:00,28.7,27.5,25.1,36.2,26.6,35.7,0.141,0,0,0.079,0.274,0,0.773,0.559,0.145,0.743,0.097
11/07/2015 09:00,21.1,22,20.2,31.4,21.2,30.2,0.091,0,0,0.157,0.388,0,0.758,0.46,0.031,0.762,0.237
11/07/2015 10:00,13.2,14.5,13.2,23.3,13.8,22.7,0.046,0,0,0.24,0.461,0,0.699,0.361,0,0.741,0.375
11/07/2015 11:00,5.4,6.9,5.6,14.6,6.5,13.8,0.011,0.033,0,0.308,0.494,0,0.585,0.236,0,0.679,0.48
11/07/2015 12:00,0.5,1.2,0.6,6.5,1.5,5.4,0,0.134,0,0.348,0.473,0.081,0.431,0.111,0,0.573,0.55
11/07/2015 13:00,0,0,0,1.1,0,0.6,0,0.284,0,0.363,0.428,0.212,0.198,0.02,0,0.403,0.576
11/07/2015 14:00,0,0,0,0,0,0,0,0.404,0,0.362,0.34,0.325,0,0,0,0.19,0.562
11/07/2015 15:00,0,0,0,0,0,0,0,0.476,0,0.331,0.259,0.419,0,0,0,0,0.503
11/07/2015 16:00,0,0,0,0,0,0,0,0.506,0,0.256,0.155,0.48,0,0,0,0,0.405
11/07/2015 17:00,0,0,0,0,0,0,0,0.494,0,0.154,0.044,0.51,0,0,0,0,0.273
11/07/2015 18:00,0,0,0,0,0,0,0,0.44,0,0.049,0,0.509,0,0,0,0,0.132
11/07/2015 19:00,0,0,0,0,0,0,0,0.351,0.109,0,0,0.468,0,0,0,0,0.023
11/07/2015 20:00,0,0,0,0,0,0,0,0.239,0.274,0,0,0.388,0,0,0,0,0
11/07/2015 21:00,0,0,0,0,0,0,0,0.114,0.442,0,0,0.281,0,0,0,0,0
11/07/2015 22:00,0,0,0,0,0,0,0,0.02,0.538,0,0,0.149,0,0,0.055,0,0
11/07/2015 23:00,1.1,0.1,0.6,0,0,0,0,0,0.58,0,0,0.034,0,0,0.14,0,0
12/07/2015 00:00,10,3.4,6.6,0.4,0.5,0.2,0.033,0,0.587,0,0,0,0,0,0.224,0,0
12/07/2015 01:00,24.4,11.4,16.3,6,6.3,4.7,0.102,0,0.547,0,0,0,0,0.058,0.288,0,0
12/07/2015 02:00,38,20.5,25.7,15.4,15.9,14.1,0.181,0,0.467,0,0,0,0,0.179,0.332,0,0
12/07/2015 03:00,45.6,28,32.9,24.5,24.7,23.8,0.221,0,0.343,0,0,0,0.01,0.317,0.357,0,0
12/07/2015 04:00,48.3,33.9,37.9,31.8,31.5,31.6,0.241,0,0.154,0,0,0,0.241,0.439,0.352,0.191,0
12/07/2015 05:00,48.2,36.8,40.4,36.6,36,36.6,0.246,0,0.004,0,0,0,0.516,0.527,0.303,0.414,0
12/07/2015 06:00,43.9,37.1,40,38.5,37.7,38.4,0.233,0,0,0,0.01,0,0.658,0.54,0.223,0.575,0
12/07/2015 07:00,36.4,35,37.5,38,37.1,37.9,0.205,0,0,0.046,0.086,0,0.745,0.552,0.151,0.684,0.01
12/07/2015 08:00,29,30.7,32.5,35.1,33.3,35,0.171,0,0,0.163,0.213,0,0.782,0.492,0.074,0.745,0.095
12/07/2015 09:00,21.2,24.2,24.9,29.5,26.7,29.2,0.117,0,0,0.307,0.344,0,0.772,0.436,0.013,0.761,0.24
12/07/2015 10:00,12.9,15.8,15.1,22.4,18.4,21.6,0.063,0,0,0.43,0.418,0,0.717,0.343,0,0.725,0.387
12/07/2015 11:00,5.7,7.4,6.3,14.1,9.2,12.9,0.019,0.043,0,0.512,0.447,0,0.614,0.229,0,0.634,0.514
12/07/2015 12:00,0.3,1.2,0.6,6.1,2.2,5.2,0,0.151,0,0.553,0.435,0.082,0.456,0.111,0,0.518,0.551
12/07/2015 13:00,0,0,0,1,0,0.6,0,0.265,0,0.552,0.405,0.235,0.231,0.019,0,0.268,0.582
12/07/2015 14:00,0,0,0,0,0,0,0,0.361,0,0.508,0.344,0.388,0,0,0,0.111,0.567
12/07/2015 15:00,0,0,0,0,0,0,0,0.425,0,0.429,0.252,0.511,0,0,0,0,0.5
12/07/2015 16:00,0,0,0,0,0,0,0,0.438,0,0.313,0.146,0.589,0,0,0,0,0.404
12/07/2015 17:00,0,0,0,0,0,0,0,0.401,0,0.174,0.041,0.621,0,0,0,0,0.277
12/07/2015 18:00,0,0,0,0,0,0,0,0.367,0,0.051,0,0.608,0,0,0,0,0.131
12/07/2015 19:00,0,0,0,0,0,0,0,0.303,0.142,0,0,0.552,0,0,0,0,0.022
12/07/2015 20:00,0,0,0,0,0,0,0,0.208,0.31,0,0,0.451,0,0,0,0,0
12/07/2015 21:00,0,0,0,0,0,0,0,0.104,0.467,0,0,0.31,0,0,0,0,0
12/07/2015 22:00,0,0,0,0,0,0,0,0.01,0.578,0,0,0.162,0,0,0.043,0,0
12/07/2015 23:00,0.8,0,0.8,0,0,0,0,0,0.659,0,0,0.036,0,0,0.126,0,0
13/07/2015 00:00,8.2,3.6,7.6,0.5,0.5,0.2,0.05,0,0.679,0,0,0,0,0,0.203,0,0
13/07/2015 01:00,19.7,11.8,17.6,5.7,5.4,4.8,0.135,0,0.633,0,0,0,0,0.053,0.268,0,0
13/07/2015 02:00,33.2,20.5,26.5,14.6,14.1,13.9,0.233,0,0.507,0,0,0,0,0.168,0.313,0,0
13/07/2015 03:00,44.8,28,34.2,24.3,23,23.5,0.287,0,0.379,0,0,0,0.02,0.303,0.341,0,0
13/07/2015 04:00,52,33.5,38.1,31.7,30.6,31.7,0.316,0,0.193,0,0,0,0.31,0.427,0.358,0.174,0
13/07/2015 05:00,53.5,36,39.2,36.3,35.2,37,0.313,0,0.01,0,0,0,0.528,0.519,0.32,0.396,0
13/07/2015 06:00,49.7,35.7,37.5,38.4,36.8,38.4,0.292,0,0,0,0.024,0,0.664,0.582,0.239,0.559,0
13/07/2015 07:00,44.1,33.7,33.7,36.4,36,37.7,0.244,0,0,0.05,0.119,0,0.749,0.592,0.155,0.677,0.005
13/07/2015 08:00,36.1,28.7,28.5,32.3,32.4,34.3,0.163,0,0,0.17,0.241,0,0.785,0.566,0.076,0.742,0.088
13/07/2015 09:00,26.1,21.6,21.2,25.3,26.4,28.4,0.091,0,0,0.306,0.356,0,0.776,0.462,0.014,0.763,0.217
13/07/2015 10:00,15.6,13.2,12.8,19.2,17.9,20.5,0.032,0,0,0.409,0.43,0,0.722,0.362,0,0.742,0.351
13/07/2015 11:00,5.6,6,5.4,12.4,8.6,12.3,0.005,0.026,0,0.464,0.485,0.002,0.618,0.237,0,0.681,0.461
13/07/2015 12:00,0.3,1,0.5,5.4,1.9,4.9,0,0.101,0,0.459,0.49,0.09,0.457,0.11,0,0.575,0.536
13/07/2015 13:00,0,0,0,0.8,0,0.5,0,0.141,0,0.436,0.457,0.245,0.23,0.016,0,0.417,0.573
13/07/2015 14:00,0,0,0,0,0,0,0,0.17,0,0.384,0.386,0.389,0,0,0,0.161,0.564
13/07/2015 15:00,0,0,0,0,0,0,0,0.207,0,0.29,0.281,0.503,0,0,0,0,0.508
13/07/2015 16:00,0,0,0,0,0,0,0,0.246,0,0.193,0.151,0.578,0,0,0,0,0.413
13/07/2015 17:00,0,0,0,0,0,0,0,0.271,0,0.095,0.045,0.609,0,0,0,0,0.281
13/07/2015 18:00,0,0,0,0,0,0,0,0.307,0,0.016,0,0.594,0,0,0,0,0.137
13/07/2015 19:00,0,0,0,0,0,0,0,0.272,0.203,0,0,0.526,0,0,0,0,0.026
13/07/2015 20:00,0,0,0,0,0,0,0,0.201,0.427,0,0,0.44,0,0,0,0,0
13/07/2015 21:00,0,0,0,0,0,0,0,0.111,0.577,0,0,0.302,0,0,0,0,0
13/07/2015 22:00,0,0,0,0,0,0,0,0.017,0.675,0,0,0.158,0,0,0.035,0,0
13/07/2015 23:00,0.6,0,0.3,0,0,0,0,0,0.726,0,0,0.036,0,0,0.122,0,0
14/07/2015 00:00,5.8,2.5,4.4,0.5,0.6,0.2,0.02,0,0.727,0,0,0,0,0,0.222,0,0
14/07/2015 01:00,14,8.4,10.7,6.3,5.7,4.8,0.067,0,0.678,0,0,0,0,0.058,0.266,0,0
14/07/2015 02:00,23.4,14.5,16.8,16.2,13.4,14.2,0.124,0,0.581,0,0,0,0,0.181,0.25,0,0
14/07/2015 03:00,30.5,20.3,21.5,26.2,20.9,24,0.158,0,0.429,0,0,0,0.025,0.323,0.229,0,0
14/07/2015 04:00,32.5,24.3,25,34.1,26.9,32,0.191,0,0.224,0,0,0,0.34,0.45,0.222,0.161,0
14/07/2015 05:00,32.7,25.9,26.7,39.2,31.5,37.2,0.209,0,0.015,0,0,0,0.549,0.543,0.201,0.386,0
14/07/2015 06:00,30.5,25.6,24.9,41.3,33.4,39.5,0.202,0,0,0,0.032,0,0.685,0.582,0.171,0.563,0
14/07/2015 07:00,28.2,23.8,21.4,40.6,32.7,39.1,0.178,0,0,0.03,0.136,0,0.768,0.594,0.123,0.677,0.006
14/07/2015 08:00,25,19.8,17.4,36.9,29,35.9,0.14,0,0,0.132,0.262,0,0.803,0.561,0.063,0.731,0.088
14/07/2015 09:00,20.3,14.6,11.9,30.7,22.3,30.1,0.094,0,0,0.228,0.378,0,0.794,0.468,0.011,0.744,0.22
14/07/2015 10:00,11.8,9,6.7,23.4,14.3,22.7,0.049,0,0,0.313,0.482,0,0.74,0.359,0,0.719,0.371
14/07/2015 11:00,4.7,3.9,2.6,14.7,6.9,14.1,0.015,0.042,0,0.369,0.516,0.001,0.638,0.229,0,0.639,0.5
14/07/2015 12:00,0.2,0.5,0.2,6.4,1.5,5.8,0,0.15,0,0.4,0.516,0.087,0.479,0.104,0,0.526,0.579
14/07/2015 13:00,0,0,0,1,0,0.7,0,0.278,0,0.369,0.478,0.23,0.251,0.016,0,0.348,0.61
14/07/2015 14:00,0,0,0,0,0,0,0,0.395,0,0.338,0.402,0.37,0.001,0,0,0.123,0.594
14/07/2015 15:00,0,0,0,0,0,0,0,0.475,0,0.284,0.293,0.481,0,0,0,0,0.522
14/07/2015 16:00,0,0,0,0,0,0,0,0.507,0,0.21,0.162,0.558,0,0,0,0,0.399
14/07/2015 17:00,0,0,0,0,0,0,0,0.495,0,0.118,0.043,0.594,0,0,0,0,0.246
14/07/2015 18:00,0,0,0,0,0,0,0,0.441,0.001,0.033,0,0.588,0,0,0,0,0.096
14/07/2015 19:00,0,0,0,0,0,0,0,0.349,0.175,0,0,0.541,0,0,0,0,0.009
14/07/2015 20:00,0,0,0,0,0,0,0,0.221,0.355,0,0,0.455,0,0,0,0,0
14/07/2015 21:00,0,0,0,0,0,0,0,0.098,0.506,0,0,0.324,0,0,0,0,0
14/07/2015 22:00,0,0,0,0,0,0,0,0.007,0.633,0,0,0.168,0,0,0.016,0,0
14/07/2015 23:00,0.1,0,0.3,0,0,0,0,0,0.687,0,0,0.039,0,0,0.067,0,0
15/07/2015 00:00,2.3,1.3,2.3,0.4,0.6,0.2,0.037,0,0.691,0,0,0,0,0,0.132,0,0
15/07/2015 01:00,5.8,5.2,5.6,6.3,4.3,5,0.106,0,0.646,0,0,0,0,0.052,0.192,0,0
15/07/2015 02:00,9.9,9.6,9.4,16.4,10.9,14.6,0.18,0,0.553,0,0,0,0,0.167,0.237,0,0
15/07/2015 03:00,16.1,12.9,12.5,26.6,17.6,24.7,0.258,0,0.407,0,0,0,0.02,0.3,0.267,0,0
15/07/2015 04:00,20.8,15.2,15.7,34.6,22.7,33,0.328,0,0.212,0,0,0,0.303,0.422,0.275,0.152,0
15/07/2015 05:00,25.5,16.9,18,39.8,25.6,38.4,0.346,0,0.014,0,0,0,0.543,0.512,0.23,0.36,0
15/07/2015 06:00,26.1,17.4,19.4,42.7,25.8,40.5,0.267,0,0,0,0.015,0,0.683,0.592,0.166,0.554,0
15/07/2015 07:00,26.3,16.7,19,42.1,24.4,39.9,0.23,0,0,0.046,0.091,0,0.766,0.6,0.116,0.657,0.008
15/07/2015 08:00,21,14.8,15.8,38.8,21.7,36.4,0.196,0,0,0.164,0.203,0,0.801,0.567,0.061,0.723,0.096
15/07/2015 09:00,13.4,11.2,11.1,32.8,17.2,30,0.139,0,0,0.309,0.323,0,0.789,0.461,0.009,0.746,0.241
15/07/2015 10:00,7.9,7.2,6.3,24.5,11.3,22.2,0.076,0,0,0.433,0.396,0,0.732,0.358,0,0.729,0.389
15/07/2015 11:00,3.1,3.4,2.1,15,5.2,13.6,0.02,0.04,0,0.519,0.439,0,0.624,0.232,0,0.669,0.507
15/07/2015 12:00,0.2,0.5,0.1,6.3,1,5.6,0,0.146,0,0.564,0.456,0.075,0.46,0.107,0,0.539,0.573
15/07/2015 13:00,0,0,0,1,0,0.6,0,0.257,0,0.562,0.406,0.196,0.226,0.017,0,0.395,0.601
15/07/2015 14:00,0,0,0,0,0,0,0,0.346,0,0.516,0.298,0.317,0,0,0,0.139,0.582
15/07/2015 15:00,0,0,0,0,0,0,0,0.419,0,0.421,0.145,0.433,0,0,0,0,0.532
15/07/2015 16:00,0,0,0,0,0,0,0,0.461,0,0.299,0.055,0.462,0,0,0,0,0.425
15/07/2015 17:00,0,0,0,0,0,0,0,0.463,0,0.153,0.007,0.481,0,0,0,0,0.283
15/07/2015 18:00,0,0,0,0,0,0,0,0.419,0.003,0.039,0,0.462,0,0,0,0,0.133
15/07/2015 19:00,0,0,0,0,0,0,0,0.351,0.212,0,0,0.414,0,0,0,0,0.022
15/07/2015 20:00,0,0,0,0,0,0,0,0.24,0.386,0,0,0.33,0,0,0,0,0
15/07/2015 21:00,0,0,0,0,0,0,0,0.123,0.536,0,0,0.222,0,0,0,0,0
15/07/2015 22:00,0,0,0,0,0,0,0,0.018,0.642,0,0,0.112,0,0,0.046,0,0
15/07/2015 23:00,0.2,0,0.1,0,0,0,0,0,0.717,0,0,0.021,0,0,0.127,0,0
16/07/2015 00:00,4.5,1.4,2.1,0.4,0.3,0.1,0.064,0,0.726,0,0,0,0,0,0.197,0,0
16/07/2015 01:00,11.3,5.2,5.6,6.1,4.5,4.4,0.176,0,0.681,0,0,0,0,0.051,0.257,0,0
16/07/2015 02:00,17.8,9.6,8.9,16.2,12.5,13.8,0.294,0,0.588,0,0,0,0,0.166,0.298,0,0
16/07/2015 03:00,24.5,14,11.9,26.3,20.7,24.1,0.359,0,0.438,0,0,0,0.021,0.302,0.32,0,0
16/07/2015 04:00,29.5,18,15.2,34,26.9,32,0.409,0,0.231,0,0,0,0.294,0.427,0.312,0.177,0
16/07/2015 05:00,30.4,20.3,17.8,38.8,30.6,37.1,0.434,0,0.014,0,0,0,0.496,0.52,0.25,0.419,0
16/07/2015 06:00,29.9,20.2,19.4,40.6,31.8,39.3,0.43,0,0,0,0.02,0,0.633,0.549,0.148,0.587,0
16/07/2015 07:00,28.8,18.9,18.5,40,31.5,38.8,0.337,0,0,0.031,0.126,0,0.72,0.558,0.089,0.695,0.007
16/07/2015 08:00,25.7,16.3,15.8,36.9,28.6,35.5,0.254,0,0,0.146,0.243,0,0.76,0.525,0.042,0.757,0.098
16/07/2015 09:00,19.9,12.5,12.1,31.4,22.9,28.5,0.19,0,0,0.281,0.331,0,0.75,0.436,0.002,0.774,0.224
16/07/2015 10:00,13,8.1,6.9,24,16.1,20.6,0.115,0,0,0.394,0.377,0,0.695,0.331,0,0.753,0.352
16/07/2015 11:00,5.6,3.7,2.7,14.9,8.3,12.2,0.043,0.031,0,0.449,0.393,0.002,0.586,0.209,0,0.691,0.464
16/07/2015 12:00,0.5,0.5,0.2,6.3,2,4.8,0,0.113,0,0.483,0.421,0.09,0.407,0.091,0,0.58,0.544
16/07/2015 13:00,0,0,0,1,0,0.5,0,0.189,0,0.488,0.423,0.236,0.171,0.013,0,0.419,0.582
16/07/2015 14:00,0,0,0,0,0,0,0,0.24,0,0.452,0.376,0.378,0,0,0,0.173,0.564
16/07/2015 15:00,0,0,0,0,0,0,0,0.261,0,0.375,0.283,0.49,0,0,0,0,0.512
16/07/2015 16:00,0,0,0,0,0,0,0,0.28,0,0.267,0.16,0.566,0,0,0,0,0.406
16/07/2015 17:00,0,0,0,0,0,0,0,0.272,0,0.157,0.039,0.599,0,0,0,0,0.271
16/07/2015 18:00,0,0,0,0,0,0,0,0.244,0,0.05,0,0.593,0,0,0,0,0.124
16/07/2015 19:00,0,0,0,0,0,0,0,0.201,0.163,0,0,0.541,0,0,0,0,0.017
16/07/2015 20:00,0,0,0,0,0,0,0,0.14,0.365,0,0,0.449,0,0,0,0,0
16/07/2015 21:00,0,0,0,0,0,0,0,0.068,0.524,0,0,0.319,0,0,0,0,0
16/07/2015 22:00,0,0,0,0,0,0,0,0.006,0.632,0,0,0.167,0,0,0.03,0,0
16/07/2015 23:00,1.2,0,0.3,0,0,0,0,0,0.683,0,0,0.037,0,0,0.133,0,0
17/07/2015 00:00,11.5,2,3.4,0.4,0.6,0.1,0.072,0,0.676,0,0,0,0,0,0.225,0,0
17/07/2015 01:00,26.9,7.9,8.4,6,6.2,3.9,0.191,0,0.62,0,0,0,0,0.046,0.273,0,0
17/07/2015 02:00,40.1,15.9,13.6,15.9,15.6,12.2,0.325,0,0.508,0,0,0,0,0.15,0.31,0,0
17/07/2015 03:00,50.3,23.1,18.6,25.8,24.5,21.2,0.428,0,0.347,0,0,0,0.025,0.274,0.307,0,0
17/07/2015 04:00,57,28.2,22.5,33.8,30.6,28.8,0.494,0,0.148,0,0,0,0.32,0.387,0.279,0.124,0
17/07/2015 05:00,57.9,30.5,24,39,34.3,34,0.527,0,0.004,0,0,0,0.534,0.473,0.229,0.378,0
17/07/2015 06:00,53,29.9,23.4,40.8,34.9,35.8,0.518,0,0,0,0.018,0,0.676,0.572,0.171,0.551,0
17/07/2015 07:00,44.9,27.3,21.8,40.2,33.3,34.9,0.501,0,0,0.046,0.091,0,0.761,0.576,0.11,0.664,0.003
17/07/2015 08:00,37.3,22.9,19.2,36.6,29.5,31.4,0.433,0,0,0.168,0.186,0,0.797,0.54,0.05,0.729,0.072
17/07/2015 09:00,27,17.4,16.1,30.7,23.2,25.8,0.338,0,0,0.279,0.281,0,0.786,0.448,0.005,0.738,0.19
17/07/2015 10:00,16.6,11,11.4,23.3,15.8,18.8,0.204,0,0,0.379,0.371,0,0.729,0.35,0,0.701,0.318
17/07/2015 11:00,6.7,4.8,4.9,14,7.9,11.2,0.078,0.033,0,0.417,0.435,0.001,0.622,0.231,0,0.607,0.424
17/07/2015 12:00,0.6,0.7,0.5,6,1.9,4.4,0,0.129,0,0.471,0.461,0.083,0.461,0.109,0,0.406,0.49
17/07/2015 13:00,0,0,0,0.8,0,0.4,0,0.235,0,0.499,0.417,0.196,0.229,0.017,0,0.251,0.52
17/07/2015 14:00,0,0,0,0,0,0,0,0.339,0,0.466,0.351,0.301,0,0,0,0.114,0.517
17/07/2015 15:00,0,0,0,0,0,0,0,0.424,0,0.395,0.241,0.382,0,0,0,0,0.487
17/07/2015 16:00,0,0,0,0,0,0,0,0.481,0,0.268,0.142,0.448,0,0,0,0,0.415
17/07/2015 17:00,0,0,0,0,0,0,0,0.506,0,0.126,0.036,0.494,0,0,0,0,0.282
17/07/2015 18:00,0,0,0,0,0,0,0,0.464,0,0.032,0,0.495,0,0,0,0,0.139
17/07/2015 19:00,0,0,0,0,0,0,0,0.374,0.112,0,0,0.45,0,0,0,0,0.024
17/07/2015 20:00,0,0,0,0,0,0,0,0.256,0.273,0,0,0.349,0,0,0,0,0
17/07/2015 21:00,0,0,0,0,0,0,0,0.123,0.437,0,0,0.227,0,0,0,0,0
17/07/2015 22:00,0,0,0,0,0,0,0,0.022,0.537,0,0,0.115,0,0,0.019,0,0
17/07/2015 23:00,0.7,0.1,0.3,0,0,0,0.001,0,0.584,0,0,0.02,0,0,0.072,0,0
18/07/2015 00:00,8.5,3,4,0.3,0.5,0.1,0.088,0,0.515,0,0,0,0,0,0.117,0,0
18/07/2015 01:00,19.6,9.9,9.8,5.3,5.2,3.9,0.226,0,0.47,0,0,0,0,0.054,0.18,0,0
18/07/2015 02:00,30.8,17.6,15.3,14.2,13.2,12.1,0.336,0,0.36,0,0,0,0,0.173,0.268,0,0
18/07/2015 03:00,42.5,24.5,20.1,23.4,21.1,21.3,0.419,0,0.237,0,0,0,0.027,0.311,0.328,0,0
18/07/2015 04:00,52,29.6,25.2,31.1,27.4,30,0.469,0,0.096,0,0,0,0.325,0.435,0.357,0.16,0
18/07/2015 05:00,55.1,31.4,30.1,36,31.5,35.3,0.457,0,0,0,0,0,0.545,0.524,0.368,0.377,0
18/07/2015 06:00,51.7,31.2,31.7,38.1,32.6,37.6,0.432,0,0,0,0.014,0,0.684,0.575,0.32,0.551,0
18/07/2015 07:00,46.3,29.3,30.2,37,32.3,37.1,0.393,0,0,0.048,0.094,0,0.769,0.574,0.241,0.653,0.007
18/07/2015 08:00,38.5,25.7,26,33.5,29.5,33.8,0.338,0,0,0.171,0.228,0,0.804,0.536,0.141,0.732,0.096
18/07/2015 09:00,27.6,20,19.1,27.1,24,28,0.254,0,0,0.307,0.347,0,0.794,0.424,0.033,0.748,0.241
18/07/2015 10:00,16.3,13.5,11.1,20.2,16.1,20.1,0.152,0,0,0.409,0.419,0,0.738,0.354,0,0.727,0.385
18/07/2015 11:00,6.3,6.6,4.4,12.3,8.2,12.1,0.058,0.044,0,0.483,0.446,0,0.633,0.235,0,0.648,0.501
18/07/2015 12:00,0.5,1,0.5,5.3,1.9,4.9,0,0.152,0,0.519,0.462,0.076,0.471,0.11,0,0.507,0.576
18/07/2015 13:00,0,0,0,0.7,0,0.5,0,0.27,0,0.509,0.433,0.204,0.241,0.018,0,0.251,0.602
18/07/2015 14:00,0,0,0,0,0,0,0,0.363,0,0.44,0.343,0.336,0.001,0,0,0.119,0.58
18/07/2015 15:00,0,0,0,0,0,0,0,0.431,0,0.344,0.208,0.445,0,0,0,0,0.516
18/07/2015 16:00,0,0,0,0,0,0,0,0.488,0,0.202,0.105,0.511,0,0,0,0,0.415
18/07/2015 17:00,0,0,0,0,0,0,0,0.485,0,0.083,0.021,0.54,0,0,0,0,0.28
18/07/2015 18:00,0,0,0,0,0,0,0,0.448,0,0.018,0,0.539,0,0,0,0,0.134
18/07/2015 19:00,0,0,0,0,0,0,0,0.357,0.099,0,0,0.5,0,0,0,0,0.022
18/07/2015 20:00,0,0,0,0,0,0,0,0.247,0.237,0,0,0.414,0,0,0,0,0
18/07/2015 21:00,0,0,0,0,0,0,0,0.123,0.382,0,0,0.297,0,0,0,0,0
18/07/2015 22:00,0,0,0,0,0,0,0,0.02,0.493,0,0,0.158,0,0,0.058,0,0
18/07/2015 23:00,0.9,0,0.2,0,0,0,0.001,0,0.512,0,0,0.033,0,0,0.167,0,0
19/07/2015 00:00,9.1,2.8,3.4,0.3,0.5,0.1,0.078,0,0.531,0,0,0,0,0,0.281,0,0
19/07/2015 01:00,18.9,9.8,8.5,5.6,5.4,3.6,0.219,0,0.451,0,0,0,0,0.051,0.392,0,0
19/07/2015 02:00,29.6,16.5,14.3,15.2,13.6,11.2,0.354,0,0.377,0,0,0,0,0.163,0.474,0,0
19/07/2015 03:00,36.9,21.8,17.5,25.1,21.6,19.6,0.45,0,0.278,0,0,0,0.021,0.304,0.509,0,0
19/07/2015 04:00,40.1,26.4,20.9,33.3,27,26.3,0.533,0,0.129,0,0,0,0.292,0.42,0.511,0.134,0
19/07/2015 05:00,40,29.8,24.9,38.4,29.7,30.4,0.572,0,0.003,0,0,0,0.519,0.491,0.465,0.4,0
19/07/2015 06:00,38.6,29.7,26.4,40.8,30.2,31.8,0.558,0,0,0,0.006,0,0.661,0.51,0.391,0.561,0
19/07/2015 07:00,35.6,27.6,24.4,40.2,27.5,30.9,0.516,0,0,0.045,0.056,0,0.752,0.515,0.28,0.652,0.008
19/07/2015 08:00,29.1,23.4,20,36.8,24,27.5,0.422,0,0,0.163,0.121,0,0.788,0.5,0.153,0.712,0.096
19/07/2015 09:00,22.1,17.6,14,30.1,19.2,22.3,0.301,0,0,0.296,0.182,0,0.778,0.493,0.036,0.731,0.244
19/07/2015 10:00,13.8,11.5,7.9,21.8,13.4,15.9,0.182,0,0,0.409,0.233,0,0.722,0.395,0,0.687,0.392
19/07/2015 11:00,5.6,5.4,3.2,13.7,7.1,9.2,0.077,0.016,0,0.489,0.26,0.001,0.607,0.264,0,0.636,0.509
19/07/2015 12:00,0.3,0.8,0.3,6,1.9,3.6,0,0.102,0,0.536,0.293,0.089,0.318,0.12,0,0.43,0.584
19/07/2015 13:00,0,0,0,0.8,0,0.3,0,0.227,0,0.545,0.282,0.238,0.094,0.02,0,0.363,0.612
19/07/2015 14:00,0,0,0,0,0,0,0,0.356,0,0.511,0.224,0.383,0,0,0,0.134,0.592
19/07/2015 15:00,0,0,0,0,0,0,0,0.449,0,0.439,0.151,0.492,0,0,0,0,0.531
19/07/2015 16:00,0,0,0,0,0,0,0,0.498,0,0.318,0.079,0.563,0,0,0,0,0.424
19/07/2015 17:00,0,0,0,0,0,0,0,0.478,0,0.18,0.013,0.586,0,0,0,0,0.282
19/07/2015 18:00,0,0,0,0,0,0,0,0.418,0,0.053,0,0.565,0,0,0,0,0.133
19/07/2015 19:00,0,0,0,0,0,0,0,0.343,0.084,0,0,0.507,0,0,0,0,0.02
19/07/2015 20:00,0,0,0,0,0,0,0,0.24,0.215,0,0,0.408,0,0,0,0,0
19/07/2015 21:00,0,0,0,0,0,0,0,0.125,0.332,0,0,0.267,0,0,0,0,0
19/07/2015 22:00,0,0,0,0,0,0,0,0.019,0.4,0,0,0.139,0,0,0.052,0,0
19/07/2015 23:00,0.2,0,0.1,0,0,0,0,0,0.456,0,0,0.03,0,0,0.152,0,0
20/07/2015 00:00,3.6,2.6,2.6,0.3,0.6,0.1,0.077,0,0.444,0,0,0,0,0,0.269,0,0
20/07/2015 01:00,9.6,10,7.4,5.8,6.1,3.4,0.199,0,0.447,0,0,0,0,0.059,0.355,0,0
20/07/2015 02:00,17.2,18.3,12.3,15.4,15.1,9.9,0.32,0,0.38,0,0,0,0,0.187,0.421,0,0
20/07/2015 03:00,25.4,25.5,16.9,25.1,23.8,16.7,0.433,0,0.248,0,0,0,0.024,0.333,0.418,0,0
20/07/2015 04:00,29.9,30.9,20.1,32.9,30.2,22.7,0.508,0,0.108,0,0,0,0.305,0.443,0.417,0.13,0
20/07/2015 05:00,30.1,33.7,22.3,38.2,34,27.3,0.559,0,0.001,0,0,0,0.531,0.505,0.374,0.393,0
20/07/2015 06:00,28.2,32.4,22.7,40.7,35.3,29.8,0.567,0,0,0,0.025,0,0.668,0.53,0.307,0.571,0
20/07/2015 07:00,25,29.8,21.1,39.9,33.8,29.1,0.546,0,0,0.043,0.131,0,0.753,0.519,0.209,0.681,0.004
20/07/2015 08:00,19.8,25.3,18.2,36,30,26.7,0.481,0,0,0.152,0.261,0,0.79,0.478,0.105,0.743,0.087
20/07/2015 09:00,13.8,18.5,14,29.6,22.7,22,0.361,0,0,0.271,0.369,0,0.782,0.408,0.018,0.762,0.197
20/07/2015 10:00,7.9,12,8.3,22.3,15.1,16,0.209,0,0,0.377,0.426,0,0.728,0.295,0,0.742,0.302
20/07/2015 11:00,2.9,5.6,3.4,13.6,7.6,9.2,0.083,0.043,0,0.449,0.452,0,0.625,0.188,0,0.678,0.414
20/07/2015 12:00,0.2,0.8,0.3,6.1,1.7,3.7,0,0.153,0,0.477,0.426,0.068,0.466,0.093,0,0.556,0.492
20/07/2015 13:00,0,0,0,0.8,0,0.4,0,0.269,0,0.457,0.395,0.188,0.24,0.015,0,0.398,0.541
20/07/2015 14:00,0,0,0,0,0,0,0,0.358,0,0.389,0.34,0.312,0.001,0,0,0.183,0.533
20/07/2015 15:00,0,0,0,0,0,0,0,0.411,0,0.319,0.24,0.384,0,0,0,0,0.484
20/07/2015 16:00,0,0,0,0,0,0,0,0.434,0,0.234,0.134,0.447,0,0,0,0,0.382
20/07/2015 17:00,0,0,0,0,0,0,0,0.435,0,0.137,0.026,0.485,0,0,0,0,0.249
20/07/2015 18:00,0,0,0,0,0,0,0,0.394,0,0.038,0,0.488,0,0,0,0,0.114
20/07/2015 19:00,0,0,0,0,0,0,0,0.323,0.058,0,0,0.438,0,0,0,0,0.015
20/07/2015 20:00,0,0,0,0,0,0,0,0.213,0.15,0,0,0.35,0,0,0,0,0
20/07/2015 21:00,0,0,0,0,0,0,0,0.099,0.237,0,0,0.241,0,0,0,0,0
20/07/2015 22:00,0,0,0,0,0,0,0,0.013,0.326,0,0,0.123,0,0,0.041,0,0
20/07/2015 23:00,0.4,0,0.1,0,0,0,0,0,0.353,0,0,0.027,0,0,0.117,0,0
21/07/2015 00:00,5,3,3.9,0.3,0.5,0.1,0.072,0,0.359,0,0,0,0,0,0.201,0,0
21/07/2015 01:00,12.4,10.5,10.4,5.9,4.9,3.9,0.198,0,0.384,0,0,0,0,0.053,0.272,0,0
21/07/2015 02:00,19.6,18.7,17,15.5,13,11.8,0.329,0,0.362,0,0,0,0,0.18,0.321,0,0
21/07/2015 03:00,27.2,25.8,23.3,25.1,21.4,19.6,0.429,0,0.278,0,0,0,0.031,0.325,0.336,0,0
21/07/2015 04:00,33,30.7,27.9,32.3,28.3,25.8,0.508,0,0.146,0,0,0,0.334,0.432,0.332,0.164,0
21/07/2015 05:00,33.3,32.9,29.7,36,33.4,29.5,0.557,0,0.007,0,0,0,0.539,0.489,0.287,0.393,0
21/07/2015 06:00,30.4,33.1,28.9,36.9,35.1,30.1,0.561,0,0,0,0.022,0,0.679,0.57,0.193,0.56,0
21/07/2015 07:00,23.9,31.1,26.2,35.7,32.9,28.2,0.522,0,0,0.021,0.117,0,0.767,0.576,0.124,0.671,0.001
21/07/2015 08:00,17.2,26.9,23.3,30.6,28.6,24.2,0.452,0,0,0.092,0.232,0,0.804,0.554,0.06,0.734,0.062
21/07/2015 09:00,12.1,20.7,18.7,25.1,21.8,19,0.335,0,0,0.176,0.339,0,0.796,0.492,0.008,0.753,0.163
21/07/2015 10:00,7.3,13.6,11.8,18.7,12.9,13.2,0.2,0,0,0.249,0.434,0,0.741,0.388,0,0.732,0.276
21/07/2015 11:00,2.8,6.3,4.7,11.6,6.3,7.4,0.074,0.045,0,0.306,0.504,0,0.635,0.253,0,0.669,0.38
21/07/2015 12:00,0.1,0.9,0.4,5,1.5,2.8,0,0.157,0,0.373,0.514,0.085,0.47,0.117,0,0.558,0.491
21/07/2015 13:00,0,0,0,0.6,0,0.3,0,0.266,0,0.406,0.477,0.222,0.236,0.018,0,0.401,0.539
21/07/2015 14:00,0,0,0,0,0,0,0,0.364,0,0.398,0.394,0.352,0,0,0,0.188,0.544
21/07/2015 15:00,0,0,0,0,0,0,0,0.448,0,0.355,0.277,0.451,0,0,0,0,0.506
21/07/2015 16:00,0,0,0,0,0,0,0,0.484,0,0.268,0.157,0.52,0,0,0,0,0.405
21/07/2015 17:00,0,0,0,0,0,0,0,0.465,0,0.158,0.04,0.554,0,0,0,0,0.272
21/07/2015 18:00,0,0,0,0,0,0,0,0.421,0.004,0.039,0,0.55,0,0,0,0,0.131
21/07/2015 19:00,0,0,0,0,0,0,0,0.321,0.223,0,0,0.507,0,0,0,0,0.02
21/07/2015 20:00,0,0,0,0,0,0,0,0.227,0.435,0,0,0.414,0,0,0,0,0
21/07/2015 21:00,0,0,0,0,0,0,0,0.114,0.59,0,0,0.287,0,0,0,0,0
21/07/2015 22:00,0,0,0,0,0,0,0,0.015,0.69,0,0,0.153,0,0,0.039,0,0
21/07/2015 23:00,0.5,0,0.3,0,0,0,0,0,0.739,0,0,0.032,0,0,0.119,0,0
22/07/2015 00:00,5.7,2.4,3.2,0.4,0.5,0.1,0.024,0,0.746,0,0,0,0,0,0.209,0,0
22/07/2015 01:00,12.8,8.1,8.7,6.4,5.6,3.4,0.094,0,0.7,0,0,0,0,0.054,0.289,0,0
22/07/2015 02:00,19.7,14.3,14.5,16.7,14.5,9.6,0.2,0,0.604,0,0,0,0,0.181,0.355,0,0
22/07/2015 03:00,24.3,20.2,20,26.4,22.6,15.9,0.288,0,0.452,0,0,0,0.023,0.332,0.384,0,0
22/07/2015 04:00,27,25.1,24.2,34,28.2,21.1,0.345,0,0.239,0,0,0,0.281,0.463,0.384,0.19,0
22/07/2015 05:00,27.1,27.6,26.9,39.2,30.4,24.7,0.395,0,0.021,0,0,0,0.532,0.556,0.337,0.405,0
22/07/2015 06:00,25.7,28.2,26.4,40.8,30.7,26,0.407,0,0,0,0.032,0,0.668,0.598,0.282,0.576,0
22/07/2015 07:00,22,26.9,24.3,40.2,28.9,25.2,0.39,0,0,0.04,0.137,0,0.766,0.607,0.207,0.692,0.007
22/07/2015 08:00,17.6,22.4,20.2,36.2,25.6,22.5,0.336,0,0,0.142,0.291,0,0.803,0.574,0.114,0.762,0.097
22/07/2015 09:00,12.8,17.2,14.9,29.1,20.7,17.8,0.256,0,0,0.234,0.42,0,0.793,0.492,0.025,0.783,0.246
22/07/2015 10:00,7.2,10.9,8.8,21.6,13.6,12.5,0.151,0,0,0.289,0.506,0,0.735,0.383,0,0.763,0.397
22/07/2015 11:00,2.8,5,3.6,13.8,6.8,7.1,0.051,0.025,0,0.321,0.548,0.001,0.619,0.246,0,0.7,0.516
22/07/2015 12:00,0.1,0.6,0.3,6.1,1.5,2.7,0,0.115,0,0.309,0.547,0.091,0.457,0.112,0,0.589,0.594
22/07/2015 13:00,0,0,0,0.8,0,0.2,0,0.224,0,0.298,0.502,0.246,0.184,0.017,0,0.431,0.622
22/07/2015 14:00,0,0,0,0,0,0,0,0.312,0,0.276,0.414,0.397,0,0,0,0.213,0.601
22/07/2015 15:00,0,0,0,0,0,0,0,0.377,0,0.24,0.301,0.518,0,0,0,0.002,0.534
22/07/2015 16:00,0,0,0,0,0,0,0,0.39,0,0.166,0.16,0.595,0,0,0,0,0.423
22/07/2015 17:00,0,0,0,0,0,0,0,0.384,0,0.09,0.039,0.628,0,0,0,0,0.281
22/07/2015 18:00,0,0,0,0,0,0,0,0.348,0.003,0.022,0,0.6,0,0,0,0,0.132
22/07/2015 19:00,0,0,0,0,0,0,0,0.271,0.192,0,0,0.54,0,0,0,0,0.02
22/07/2015 20:00,0,0,0,0,0,0,0,0.166,0.391,0,0,0.431,0,0,0,0,0
22/07/2015 21:00,0,0,0,0,0,0,0,0.075,0.544,0,0,0.293,0,0,0,0,0
22/07/2015 22:00,0,0,0,0,0,0,0,0.006,0.644,0,0,0.154,0,0,0.042,0,0
22/07/2015 23:00,0.2,0,0.2,0,0,0,0,0,0.695,0,0,0.027,0,0,0.119,0,0
23/07/2015 00:00,4,1.9,3.5,0.3,0.8,0.1,0.072,0,0.691,0,0,0,0,0,0.185,0,0
23/07/2015 01:00,10.4,6.3,9.6,5.5,5.7,2.9,0.183,0,0.643,0,0,0,0,0.054,0.236,0,0
23/07/2015 02:00,19.2,11.4,15.8,14.3,13.4,8.7,0.279,0,0.546,0,0,0,0,0.184,0.271,0,0
23/07/2015 03:00,25.4,16,20.9,23.2,20.5,15,0.377,0,0.393,0,0,0,0.035,0.335,0.304,0,0
23/07/2015 04:00,27.9,19.8,23.9,30.2,25.5,20,0.469,0,0.193,0,0,0,0.358,0.467,0.32,0.218,0
23/07/2015 05:00,27.3,22.2,24.9,34.5,28.4,22.9,0.501,0,0.013,0,0,0,0.57,0.56,0.308,0.441,0
23/07/2015 06:00,24.4,22.7,24,35.3,29.5,24,0.497,0,0,0,0.014,0,0.706,0.59,0.259,0.605,0
23/07/2015 07:00,20.6,20.9,21.7,33.6,28.9,23.1,0.454,0,0,0.04,0.083,0,0.786,0.599,0.2,0.715,0.006
23/07/2015 08:00,15.9,17.2,17.4,29.3,25.8,20.3,0.371,0,0,0.144,0.172,0,0.819,0.564,0.098,0.778,0.097
23/07/2015 09:00,11.5,12.5,12.7,24,20.7,15.9,0.285,0,0,0.243,0.254,0,0.806,0.503,0.017,0.795,0.239
23/07/2015 10:00,7.4,7.8,7.5,17.3,14,11.1,0.166,0,0,0.328,0.324,0,0.748,0.394,0,0.774,0.368
23/07/2015 11:00,2.9,3.4,2.8,11,7.3,6.4,0.056,0.036,0,0.42,0.367,0.001,0.641,0.257,0,0.712,0.452
23/07/2015 12:00,0.1,0.4,0.1,4.9,1.7,2.3,0,0.142,0,0.471,0.391,0.092,0.479,0.117,0,0.604,0.528
23/07/2015 13:00,0,0,0,0.6,0,0.1,0,0.258,0,0.486,0.392,0.247,0.251,0.018,0,0.449,0.551
23/07/2015 14:00,0,0,0,0,0,0,0,0.363,0,0.438,0.338,0.395,0.004,0,0,0.235,0.548
23/07/2015 15:00,0,0,0,0,0,0,0,0.443,0,0.349,0.249,0.513,0,0,0,0.005,0.511
23/07/2015 16:00,0,0,0,0,0,0,0,0.468,0,0.283,0.15,0.587,0,0,0,0,0.408
23/07/2015 17:00,0,0,0,0,0,0,0,0.462,0,0.171,0.046,0.612,0,0,0,0,0.272
23/07/2015 18:00,0,0,0,0,0,0,0,0.417,0,0.051,0,0.585,0,0,0,0,0.127
23/07/2015 19:00,0,0,0,0,0,0,0,0.35,0.108,0,0,0.518,0,0,0,0,0.017
23/07/2015 20:00,0,0,0,0,0,0,0,0.234,0.261,0,0,0.4,0,0,0,0,0
23/07/2015 21:00,0,0,0,0,0,0,0,0.115,0.389,0,0,0.267,0,0,0,0,0
23/07/2015 22:00,0,0,0,0,0,0,0,0.013,0.485,0,0,0.133,0,0,0.029,0,0
23/07/2015 23:00,0.6,0,0.1,0,0,0,0,0,0.503,0,0,0.027,0,0,0.104,0,0
24/07/2015 00:00,6.2,1.3,1.7,0.2,0.3,0.1,0.046,0,0.476,0,0,0,0,0,0.189,0,0
24/07/2015 01:00,14.4,5.4,5.4,4.2,5.4,2.3,0.125,0,0.445,0,0,0,0,0.054,0.261,0,0
24/07/2015 02:00,22.4,10.2,9.8,11.4,14.2,7.2,0.195,0,0.367,0,0,0,0,0.181,0.317,0,0
24/07/2015 03:00,29.9,15.1,14,19.5,22.4,12.7,0.235,0,0.254,0,0,0,0.025,0.329,0.343,0,0
24/07/2015 04:00,34.3,19.6,17.2,26,28.9,17.5,0.28,0,0.112,0,0,0,0.297,0.458,0.34,0.217,0
24/07/2015 05:00,35.1,22.9,19.7,29.8,33.2,20.9,0.344,0,0.002,0,0,0,0.555,0.549,0.3,0.439,0
24/07/2015 06:00,34.8,24.2,21.3,31.5,34.9,22.4,0.424,0,0,0,0.031,0,0.693,0.599,0.239,0.601,0
24/07/2015 07:00,32.8,23.3,20.8,30.6,33.5,22.2,0.459,0,0,0.046,0.143,0,0.774,0.608,0.166,0.71,0.005
24/07/2015 08:00,26.7,20.2,17.8,28.1,30,19.7,0.422,0,0,0.172,0.275,0,0.806,0.577,0.088,0.772,0.092
24/07/2015 09:00,19.7,15.3,13.2,23.4,23.8,15.8,0.334,0,0,0.317,0.391,0,0.794,0.493,0.016,0.79,0.221
24/07/2015 10:00,11.9,9.7,8,17.9,16.1,11.2,0.208,0,0,0.434,0.455,0,0.738,0.385,0,0.769,0.356
24/07/2015 11:00,4.7,4.3,3.3,10.9,7.8,6.5,0.074,0.045,0,0.49,0.492,0,0.634,0.25,0,0.707,0.467
24/07/2015 12:00,0.2,0.5,0.2,4.8,1.7,2.3,0,0.159,0,0.499,0.48,0.09,0.474,0.114,0,0.6,0.546
24/07/2015 13:00,0,0,0,0.6,0,0.1,0,0.284,0,0.45,0.445,0.24,0.248,0.017,0,0.444,0.581
24/07/2015 14:00,0,0,0,0,0,0,0,0.368,0,0.339,0.373,0.383,0.004,0,0,0.229,0.574
24/07/2015 15:00,0,0,0,0,0,0,0,0.421,0,0.203,0.271,0.494,0,0,0,0.004,0.531
24/07/2015 16:00,0,0,0,0,0,0,0,0.451,0,0.104,0.143,0.565,0,0,0,0,0.431
24/07/2015 17:00,0,0,0,0,0,0,0,0.447,0,0.051,0.037,0.593,0,0,0,0,0.29
24/07/2015 18:00,0,0,0,0,0,0,0,0.404,0,0.005,0,0.545,0,0,0,0,0.137
24/07/2015 19:00,0,0,0,0,0,0,0,0.333,0.096,0,0,0.462,0,0,0,0,0.021
24/07/2015 20:00,0,0,0,0,0,0,0,0.224,0.227,0,0,0.346,0,0,0,0,0
24/07/2015 21:00,0,0,0,0,0,0,0,0.101,0.325,0,0,0.22,0,0,0,0,0
24/07/2015 22:00,0,0,0,0,0,0,0,0.011,0.423,0,0,0.104,0,0,0.036,0,0
24/07/2015 23:00,0.9,0,0.2,0,0,0,0,0,0.527,0,0,0.018,0,0,0.112,0,0
25/07/2015 00:00,10.7,1.7,3.3,0.3,0.5,0.1,0.042,0,0.541,0,0,0,0,0,0.182,0,0
25/07/2015 01:00,25.6,6.6,8.7,4.6,5.7,2.5,0.125,0,0.468,0,0,0,0,0.054,0.234,0,0
25/07/2015 02:00,38.3,12.7,13.6,11.8,14.1,7.9,0.225,0,0.347,0,0,0,0,0.177,0.273,0,0
25/07/2015 03:00,47.4,18.3,18.7,19.1,22.7,13.8,0.335,0,0.265,0,0,0,0.032,0.312,0.285,0,0
25/07/2015 04:00,53.1,22.9,23.4,25.2,28.7,18.9,0.442,0,0.122,0,0,0,0.332,0.44,0.273,0.187,0
25/07/2015 05:00,53.8,25.4,26.5,29.3,32,22.5,0.477,0,0.003,0,0,0,0.559,0.539,0.242,0.42,0
25/07/2015 06:00,50.6,25.5,27.3,31.3,32.7,24.5,0.458,0,0,0,0.024,0,0.696,0.576,0.189,0.592,0
25/07/2015 07:00,43.8,23.3,26.6,31.3,31.7,24.6,0.396,0,0,0.026,0.127,0,0.775,0.583,0.126,0.702,0.005
25/07/2015 08:00,33.7,19.5,23.5,28.7,28.4,22,0.328,0,0,0.112,0.251,0,0.805,0.549,0.063,0.764,0.089
25/07/2015 09:00,24.4,14.5,18.7,24,23.2,17.8,0.243,0,0,0.183,0.36,0,0.791,0.463,0.008,0.783,0.224
25/07/2015 10:00,15.6,8.8,12,18,15.2,12.9,0.152,0,0,0.271,0.42,0,0.733,0.357,0,0.762,0.388
25/07/2015 11:00,6.9,3.9,4.8,10.8,7.3,7.6,0.057,0.03,0,0.331,0.435,0,0.627,0.228,0,0.701,0.524
25/07/2015 12:00,0.4,0.5,0.3,4.8,1.6,2.8,0,0.124,0,0.346,0.396,0.089,0.466,0.102,0,0.592,0.603
25/07/2015 13:00,0,0,0,0.5,0,0.2,0,0.232,0,0.369,0.322,0.22,0.242,0.013,0,0.435,0.632
25/07/2015 14:00,0,0,0,0,0,0,0,0.333,0,0.364,0.249,0.346,0.003,0,0,0.219,0.614
25/07/2015 15:00,0,0,0,0,0,0,0,0.393,0,0.29,0.174,0.434,0,0,0,0.003,0.532
25/07/2015 16:00,0,0,0,0,0,0,0,0.415,0,0.207,0.104,0.484,0,0,0,0,0.421
25/07/2015 17:00,0,0,0,0,0,0,0,0.399,0,0.118,0.025,0.491,0,0,0,0,0.279
25/07/2015 18:00,0,0,0,0,0,0,0,0.341,0,0.03,0,0.46,0,0,0,0,0.131
25/07/2015 19:00,0,0,0,0,0,0,0,0.26,0.081,0,0,0.421,0,0,0,0,0.018
25/07/2015 20:00,0,0,0,0,0,0,0,0.169,0.216,0,0,0.353,0,0,0,0,0
25/07/2015 21:00,0,0,0,0,0,0,0,0.075,0.333,0,0,0.257,0,0,0,0,0
25/07/2015 22:00,0,0,0,0,0,0,0,0.006,0.404,0,0,0.144,0,0,0.04,0,0
25/07/2015 23:00,0.9,0,0.5,0,0,0,0,0,0.438,0,0,0.033,0,0,0.123,0,0
26/07/2015 00:00,13.1,2.6,6.3,0.3,0.5,0.1,0.075,0,0.378,0,0,0,0,0,0.202,0,0
26/07/2015 01:00,29.3,9.1,14.1,4.5,4.5,2.8,0.197,0,0.331,0,0,0,0,0.044,0.266,0,0
26/07/2015 02:00,42.9,16.4,21.1,11.8,11.7,8.8,0.307,0,0.277,0,0,0,0,0.152,0.314,0,0
26/07/2015 03:00,51.8,23.5,27.1,18.5,19.1,15.5,0.41,0,0.179,0,0,0,0.031,0.279,0.349,0,0
26/07/2015 04:00,55.3,28.9,31.5,24.9,25.2,21.7,0.489,0,0.071,0,0,0,0.336,0.394,0.346,0.182,0
26/07/2015 05:00,52.7,31.1,32.2,29.6,29.5,25.9,0.514,0,0,0,0,0,0.554,0.477,0.312,0.41,0
26/07/2015 06:00,47.3,31.2,30.2,31.3,31.5,27.3,0.517,0,0,0,0.016,0,0.691,0.57,0.261,0.59,0
26/07/2015 07:00,38.9,28.7,26.4,31.1,31,26.2,0.472,0,0,0.029,0.114,0,0.772,0.572,0.149,0.703,0.006
26/07/2015 08:00,30.8,24.3,22.3,29.8,27.5,23.2,0.382,0,0,0.104,0.239,0,0.806,0.531,0.073,0.767,0.096
26/07/2015 09:00,23.1,18.3,16.4,25.9,20.5,18.6,0.277,0,0,0.187,0.335,0,0.795,0.436,0.011,0.786,0.243
26/07/2015 10:00,13.4,11.6,10.4,19.7,13,12.8,0.171,0,0,0.278,0.392,0,0.739,0.335,0,0.762,0.39
26/07/2015 11:00,5.3,5.2,4.3,13,6.1,7.2,0.057,0.022,0,0.346,0.427,0,0.634,0.223,0,0.698,0.504
26/07/2015 12:00,0.2,0.7,0.3,5.7,1.3,2.5,0,0.098,0,0.394,0.425,0.074,0.475,0.103,0,0.593,0.584
26/07/2015 13:00,0,0,0,0.6,0,0.1,0,0.181,0,0.416,0.394,0.216,0.251,0.013,0,0.435,0.619
26/07/2015 14:00,0,0,0,0,0,0,0,0.252,0,0.392,0.322,0.355,0.005,0,0,0.219,0.607
26/07/2015 15:00,0,0,0,0,0,0,0,0.307,0,0.326,0.234,0.474,0,0,0,0.003,0.539
26/07/2015 16:00,0,0,0,0,0,0,0,0.355,0,0.235,0.128,0.541,0,0,0,0,0.433
26/07/2015 17:00,0,0,0,0,0,0,0,0.369,0,0.13,0.035,0.568,0,0,0,0,0.29
26/07/2015 18:00,0,0,0,0,0,0,0,0.346,0,0.037,0,0.545,0,0,0,0,0.137
26/07/2015 19:00,0,0,0,0,0,0,0,0.286,0.051,0,0,0.5,0,0,0,0,0.021
26/07/2015 20:00,0,0,0,0,0,0,0,0.194,0.118,0,0,0.431,0,0,0,0,0
26/07/2015 21:00,0,0,0,0,0,0,0,0.09,0.219,0,0,0.314,0,0,0,0,0
26/07/2015 22:00,0,0,0,0,0,0,0,0.01,0.315,0,0,0.169,0,0,0.029,0,0
26/07/2015 23:00,0.6,0,0.2,0,0,0,0,0,0.367,0,0,0.033,0,0,0.096,0,0
27/07/2015 00:00,7.5,2.3,3.3,0.3,0.3,0.1,0.083,0,0.358,0,0,0,0,0,0.172,0,0
27/07/2015 01:00,17.7,9,8.6,6.1,5.6,2.6,0.235,0,0.288,0,0,0,0,0.043,0.242,0,0
27/07/2015 02:00,26.8,16.6,14.9,16.2,14.5,8.1,0.377,0,0.25,0,0,0,0,0.14,0.279,0,0
27/07/2015 03:00,34.2,22.6,19.4,25.8,23.1,14.5,0.496,0,0.194,0,0,0,0.032,0.245,0.297,0,0
27/07/2015 04:00,37.9,26.9,24.4,33.4,29.6,20.2,0.583,0,0.101,0,0,0,0.326,0.343,0.302,0.196,0
27/07/2015 05:00,40.3,29,26.7,38.4,33.9,24,0.622,0,0.001,0,0,0,0.557,0.44,0.272,0.419,0
27/07/2015 06:00,36.5,29.1,27,41.1,35.2,25.1,0.615,0,0,0,0.012,0,0.693,0.489,0.216,0.578,0
27/07/2015 07:00,32.7,27.3,25.9,40.9,33.5,23.8,0.554,0,0,0.03,0.085,0,0.775,0.5,0.149,0.691,0.006
27/07/2015 08:00,27.7,23.3,21.9,37.9,28.7,21,0.453,0,0,0.126,0.182,0,0.808,0.474,0.076,0.756,0.096
27/07/2015 09:00,20.7,17.5,16.1,32.7,21.8,16.5,0.291,0,0,0.223,0.256,0,0.797,0.393,0.011,0.783,0.256
27/07/2015 10:00,12.8,11.2,9.4,24.2,14.2,11.4,0.15,0,0,0.307,0.327,0,0.74,0.305,0,0.761,0.412
27/07/2015 11:00,4.9,5.3,3.2,14.9,7.1,6.5,0.04,0.043,0,0.357,0.366,0,0.633,0.191,0,0.697,0.534
27/07/2015 12:00,0.2,0.7,0.1,6.2,1.5,2.3,0,0.157,0,0.356,0.362,0.089,0.471,0.083,0,0.562,0.614
27/07/2015 13:00,0,0,0,0.8,0,0.1,0,0.281,0,0.298,0.334,0.226,0.243,0.01,0,0.402,0.644
27/07/2015 14:00,0,0,0,0,0,0,0,0.384,0,0.258,0.283,0.344,0.004,0,0,0.187,0.628
27/07/2015 15:00,0,0,0,0,0,0,0,0.467,0,0.23,0.212,0.435,0,0,0,0,0.561
27/07/2015 16:00,0,0,0,0,0,0,0,0.498,0,0.166,0.116,0.488,0,0,0,0,0.45
27/07/2015 17:00,0,0,0,0,0,0,0,0.473,0,0.084,0.032,0.492,0,0,0,0,0.3
27/07/2015 18:00,0,0,0,0,0,0,0,0.42,0.002,0.018,0,0.434,0,0,0,0,0.139
27/07/2015 19:00,0,0,0,0,0,0,0,0.33,0.174,0,0,0.359,0,0,0,0,0.021
27/07/2015 20:00,0,0,0,0,0,0,0,0.238,0.373,0,0,0.261,0,0,0,0,0
27/07/2015 21:00,0,0,0,0,0,0,0,0.116,0.527,0,0,0.146,0,0,0,0,0
27/07/2015 22:00,0,0,0,0,0,0,0,0.017,0.644,0,0,0.072,0,0,0.017,0,0
27/07/2015 23:00,0.9,0,0.5,0,0,0,0,0,0.686,0,0,0.01,0,0,0.064,0,0
28/07/2015 00:00,12.3,2.6,5.2,0.3,0.3,0.1,0.078,0,0.689,0,0,0,0,0,0.112,0,0
28/07/2015 01:00,27,9.8,13,5.7,5.7,2.8,0.212,0,0.653,0,0,0,0,0.031,0.145,0,0
28/07/2015 02:00,41.1,18.3,20.4,14.1,15.5,8.1,0.366,0,0.572,0,0,0,0,0.127,0.167,0,0
28/07/2015 03:00,51.5,25.9,25.5,22.8,24.1,14,0.508,0,0.407,0,0,0,0.03,0.256,0.186,0,0
28/07/2015 04:00,57.7,30.6,28.2,31.3,30.4,19.1,0.593,0,0.198,0,0,0,0.313,0.368,0.2,0.174,0
28/07/2015 05:00,57.5,32,29.1,37.2,34.4,22.9,0.626,0,0.014,0,0,0,0.553,0.45,0.19,0.398,0
28/07/2015 06:00,53.9,30.8,28.9,40.7,35.5,25.1,0.599,0,0,0,0.029,0,0.689,0.487,0.179,0.564,0
28/07/2015 07:00,48.6,28.2,27.4,39.3,33.8,24.9,0.556,0,0,0.023,0.142,0,0.771,0.49,0.12,0.673,0.006
28/07/2015 08:00,40.4,24.2,23.9,35.3,30.1,22.9,0.482,0,0,0.106,0.279,0,0.805,0.446,0.055,0.743,0.098
28/07/2015 09:00,28.9,18.3,18.5,29.7,23.8,19.2,0.371,0,0,0.205,0.373,0,0.793,0.395,0.004,0.76,0.251
28/07/2015 10:00,16.6,11.6,11.7,21.8,16.3,14,0.232,0,0,0.299,0.417,0,0.737,0.305,0,0.741,0.403
28/07/2015 11:00,6.2,5.2,4.7,13.4,8.4,8.7,0.086,0.011,0,0.352,0.453,0,0.631,0.201,0,0.67,0.522
28/07/2015 12:00,0.3,0.7,0.3,5.4,2,3.3,0,0.066,0,0.39,0.457,0.081,0.47,0.097,0,0.571,0.597
28/07/2015 13:00,0,0,0,0.6,0,0.1,0,0.129,0,0.387,0.418,0.221,0.236,0.012,0,0.396,0.625
28/07/2015 14:00,0,0,0,0,0,0,0,0.189,0,0.354,0.352,0.362,0.002,0,0,0.119,0.605
28/07/2015 15:00,0,0,0,0,0,0,0,0.25,0,0.297,0.227,0.479,0,0,0,0,0.546
28/07/2015 16:00,0,0,0,0,0,0,0,0.297,0,0.214,0.102,0.563,0,0,0,0,0.437
28/07/2015 17:00,0,0,0,0,0,0,0,0.326,0,0.118,0.022,0.602,0,0,0,0,0.292
28/07/2015 18:00,0,0,0,0,0,0,0,0.333,0.004,0.036,0,0.593,0,0,0,0,0.137
28/07/2015 19:00,0,0,0,0,0,0,0,0.303,0.194,0,0,0.539,0,0,0,0,0.02
28/07/2015 20:00,0,0,0,0,0,0,0,0.237,0.4,0,0,0.445,0,0,0,0,0
28/07/2015 21:00,0,0,0,0,0,0,0,0.133,0.552,0,0,0.316,0,0,0,0,0
28/07/2015 22:00,0,0,0,0,0,0,0,0.022,0.645,0,0,0.167,0,0,0.034,0,0
28/07/2015 23:00,0.4,0,0.5,0,0,0,0,0,0.688,0,0,0.034,0,0,0.115,0,0
29/07/2015 00:00,6.5,2.6,5.9,0.2,0.6,0.2,0.063,0,0.695,0,0,0,0,0,0.195,0,0
29/07/2015 01:00,14.5,9.2,15,4,6.8,3.9,0.213,0,0.641,0,0,0,0,0.024,0.247,0,0
29/07/2015 02:00,23.1,16.6,22.9,10.5,17.3,11.4,0.373,0,0.552,0,0,0,0,0.119,0.279,0,0
29/07/2015 03:00,30.9,23.3,26.7,17.4,26.7,19.4,0.536,0,0.408,0,0,0,0.032,0.257,0.29,0,0
29/07/2015 04:00,36.2,28.4,27.7,23.6,33.5,26.9,0.609,0,0.203,0,0,0,0.317,0.394,0.275,0.179,0
29/07/2015 05:00,37,30.7,26.9,28.4,37.4,32.4,0.617,0,0.017,0,0,0,0.52,0.477,0.241,0.404,0
29/07/2015 06:00,36.6,30.3,26.8,30.8,38.8,34.8,0.536,0,0,0,0.003,0,0.653,0.534,0.19,0.569,0
29/07/2015 07:00,36.7,27.8,24.4,30.3,37,34.5,0.396,0,0,0.012,0.056,0,0.736,0.514,0.125,0.68,0.004
29/07/2015 08:00,28.9,23.3,19.8,27.7,32.7,31.7,0.284,0,0,0.061,0.143,0,0.769,0.465,0.062,0.743,0.094
29/07/2015 09:00,18.2,17.1,15.4,23.3,26.2,26.5,0.171,0,0,0.11,0.234,0,0.743,0.389,0.009,0.761,0.234
29/07/2015 10:00,8.4,10.6,9.5,18,17.8,20.1,0.091,0,0,0.156,0.293,0,0.687,0.288,0,0.733,0.375
29/07/2015 11:00,2.3,4.9,3.3,11.9,9.2,12.4,0.028,0.042,0,0.196,0.308,0,0.597,0.18,0,0.68,0.492
29/07/2015 12:00,0,0.6,0.1,5.4,2.1,4.9,0,0.159,0,0.23,0.303,0.09,0.44,0.083,0,0.57,0.584
29/07/2015 13:00,0,0,0,0.6,0,0.4,0,0.299,0,0.254,0.266,0.245,0.168,0.009,0,0.414,0.622
29/07/2015 14:00,0,0,0,0,0,0,0,0.42,0,0.275,0.184,0.378,0,0,0,0.201,0.613
29/07/2015 15:00,0,0,0,0,0,0,0,0.504,0,0.264,0.115,0.497,0,0,0,0.002,0.546
29/07/2015 16:00,0,0,0,0,0,0,0,0.541,0,0.224,0.056,0.587,0,0,0,0,0.435
29/07/2015 17:00,0,0,0,0,0,0,0,0.53,0,0.14,0.009,0.634,0,0,0,0,0.29
29/07/2015 18:00,0,0,0,0,0,0,0,0.481,0.007,0.046,0,0.622,0,0,0,0,0.138
29/07/2015 19:00,0,0,0,0,0,0,0,0.392,0.22,0,0,0.562,0,0,0,0,0.02
29/07/2015 20:00,0,0,0,0,0,0,0,0.269,0.419,0,0,0.463,0,0,0,0,0
29/07/2015 21:00,0,0,0,0,0,0,0,0.128,0.563,0,0,0.329,0,0,0,0,0
29/07/2015 22:00,0,0,0,0,0,0,0,0.021,0.66,0,0,0.171,0,0,0.061,0,0
29/07/2015 23:00,0.5,0,0.1,0,0,0,0,0,0.708,0,0,0.034,0,0,0.173,0,0
30/07/2015 00:00,7.3,2.1,3.5,0.3,0.5,0.1,0.07,0,0.697,0,0,0,0,0,0.278,0,0
30/07/2015 01:00,17.9,8.1,10.9,5.9,6.1,4.7,0.163,0,0.653,0,0,0,0,0.052,0.363,0,0
30/07/2015 02:00,32.7,15.6,17.8,16,15.7,14.5,0.215,0,0.566,0,0,0,0,0.189,0.409,0,0
30/07/2015 03:00,40.9,22.6,24.7,25.8,24.7,25.2,0.249,0,0.418,0,0,0,0.029,0.339,0.413,0,0
30/07/2015 04:00,43.5,28,27.5,33.1,31.8,33.6,0.301,0,0.203,0,0,0,0.293,0.478,0.398,0.084,0
30/07/2015 05:00,46.4,31.4,27.6,38,35.7,38.8,0.392,0,0.018,0,0,0,0.499,0.572,0.355,0.248,0
30/07/2015 06:00,45.7,31.7,25.6,39.8,36.4,41.5,0.449,0,0,0,0.022,0,0.635,0.627,0.291,0.43,0
30/07/2015 07:00,41.8,28.7,23,39.1,35.4,40.7,0.444,0,0,0.035,0.128,0,0.719,0.637,0.211,0.588,0.006
30/07/2015 08:00,36.2,23.6,20.4,36.2,32.2,37.1,0.389,0,0,0.143,0.245,0,0.755,0.603,0.101,0.679,0.099
30/07/2015 09:00,24.7,17.4,16.5,30.2,26.3,30.7,0.313,0,0,0.269,0.361,0,0.743,0.524,0.018,0.683,0.249
30/07/2015 10:00,13.3,10.5,10.2,22.6,18.3,22.5,0.204,0,0,0.376,0.449,0,0.681,0.409,0,0.65,0.397
30/07/2015 11:00,4.2,4.6,3.9,14,8.7,13.6,0.075,0.043,0,0.426,0.48,0,0.558,0.255,0,0.587,0.511
30/07/2015 12:00,0.1,0.5,0.3,5.8,1.9,5.4,0,0.163,0,0.451,0.477,0.09,0.341,0.116,0,0.472,0.58
30/07/2015 13:00,0,0,0,0.6,0,0.5,0,0.298,0,0.436,0.434,0.256,0.166,0.015,0,0.322,0.605
30/07/2015 14:00,0,0,0,0,0,0,0,0.404,0,0.412,0.352,0.418,0,0,0,0.13,0.589
30/07/2015 15:00,0,0,0,0,0,0,0,0.474,0,0.345,0.243,0.534,0,0,0,0,0.53
30/07/2015 16:00,0,0,0,0,0,0,0,0.512,0,0.24,0.134,0.608,0,0,0,0,0.423
30/07/2015 17:00,0,0,0,0,0,0,0,0.498,0,0.132,0.029,0.638,0,0,0,0,0.28
30/07/2015 18:00,0,0,0,0,0,0,0,0.429,0.004,0.033,0,0.624,0,0,0,0,0.131
30/07/2015 19:00,0,0,0,0,0,0,0,0.344,0.188,0,0,0.559,0,0,0,0,0.018
30/07/2015 20:00,0,0,0,0,0,0,0,0.235,0.385,0,0,0.455,0,0,0,0,0
30/07/2015 21:00,0,0,0,0,0,0,0,0.122,0.541,0,0,0.315,0,0,0,0,0
30/07/2015 22:00,0,0,0,0,0,0,0,0.014,0.648,0,0,0.164,0,0,0.031,0,0
30/07/2015 23:00,0.4,0,0.1,0,0,0,0,0,0.693,0,0,0.03,0,0,0.101,0,0
31/07/2015 00:00,6.2,1.4,1.9,0.3,0.5,0.1,0.049,0,0.687,0,0,0,0,0,0.178,0,0
31/07/2015 01:00,12.6,5.9,5.9,5.6,5.1,4.3,0.16,0,0.64,0,0,0,0,0.049,0.255,0,0
31/07/2015 02:00,19,11.6,11.3,15.4,13.1,13.9,0.28,0,0.551,0,0,0,0,0.195,0.296,0,0
31/07/2015 03:00,24.4,16.6,15.4,26.4,21.1,25.1,0.377,0,0.395,0,0,0,0.03,0.356,0.306,0,0
31/07/2015 04:00,27,20,17.7,34.9,27.4,33.5,0.427,0,0.191,0,0,0,0.293,0.489,0.3,0.107,0
31/07/2015 05:00,27.8,21.6,18.8,39.7,31.5,38.6,0.405,0,0.015,0,0,0,0.501,0.582,0.262,0.311,0
31/07/2015 06:00,26.5,21.8,18.2,41.3,33.1,41.3,0.344,0,0,0,0.015,0,0.641,0.629,0.182,0.482,0
31/07/2015 07:00,23.6,20.1,16.6,40.8,32,41,0.287,0,0,0.027,0.093,0,0.724,0.635,0.102,0.601,0.005
31/07/2015 08:00,19.7,17.2,13.8,37.6,26.9,36.9,0.259,0,0,0.117,0.205,0,0.759,0.6,0.042,0.671,0.099
31/07/2015 09:00,14.9,12.8,10.1,31.7,20,30.7,0.222,0,0,0.21,0.32,0,0.75,0.518,0.003,0.68,0.259
31/07/2015 10:00,9.1,7.8,5.9,22.9,12.9,22.5,0.146,0,0,0.256,0.437,0,0.695,0.403,0,0.659,0.418
31/07/2015 11:00,3.5,3.4,2.1,14.1,6.5,13.4,0.058,0.037,0,0.282,0.525,0,0.57,0.261,0,0.583,0.541
31/07/2015 12:00,0.1,0.4,0.1,5.9,1.4,5,0,0.148,0,0.304,0.527,0.089,0.393,0.117,0,0.428,0.614
31/07/2015 13:00,0,0,0,0.6,0,0.4,0,0.266,0,0.28,0.49,0.256,0.144,0.015,0,0.268,0.641
31/07/2015 14:00,0,0,0,0,0,0,0,0.362,0,0.246,0.415,0.425,0,0,0,0.094,0.622
31/07/2015 15:00,0,0,0,0,0,0,0,0.435,0,0.195,0.306,0.546,0,0,0,0,0.56
31/07/2015 16:00,0,0,0,0,0,0,0,0.47,0,0.132,0.169,0.621,0,0,0,0,0.424
31/07/2015 17:00,0,0,0,0,0,0,0,0.475,0,0.071,0.047,0.651,0,0,0,0,0.271
31/07/2015 18:00,0,0,0,0,0,0,0,0.435,0,0.019,0,0.635,0,0,0,0,0.128
31/07/2015 19:00,0,0,0,0,0,0,0,0.356,0.111,0,0,0.57,0,0,0,0,0.016
31/07/2015 20:00,0,0,0,0,0,0,0,0.251,0.277,0,0,0.472,0,0,0,0,0
31/07/2015 21:00,0,0,0,0,0,0,0,0.124,0.388,0,0,0.318,0,0,0,0,0
31/07/2015 22:00,0,0,0,0,0,0,0,0.017,0.449,0,0,0.167,0,0,0.021,0,0
31/07/2015 23:00,0.6,0,0.1,0,0,0,0,0,0.484,0,0,0.032,0,0,0.086,0,0
01/08/2015 00:00,8.3,1.4,2.3,0.1,0.6,0.1,0.082,0,0.474,0,0,0,0,0,0.161,0,0
01/08/2015 01:00,19.7,6.3,6.3,3.8,5.4,4.3,0.233,0,0.427,0,0,0,0,0.011,0.238,0,0
01/08/2015 02:00,30.2,12.7,10.8,10.5,13.2,14,0.378,0,0.356,0,0,0,0,0.062,0.291,0,0
01/08/2015 03:00,39,18.3,15.3,18.5,20.8,24.2,0.497,0,0.253,0,0,0,0.014,0.166,0.34,0,0
01/08/2015 04:00,43.5,22.1,18.8,27.5,27.1,32.4,0.567,0,0.116,0,0,0,0.206,0.252,0.351,0.096,0
01/08/2015 05:00,45.6,23.1,20,36.4,31.6,37.8,0.598,0,0.005,0,0,0,0.447,0.245,0.353,0.316,0
01/08/2015 06:00,44.2,22.7,19.2,39.6,32.7,40.1,0.58,0,0,0,0.027,0,0.621,0.287,0.302,0.498,0
01/08/2015 07:00,40.9,21.4,16.2,38.4,31.5,40,0.545,0,0,0.043,0.145,0,0.724,0.369,0.207,0.604,0.005
01/08/2015 08:00,34.2,19.2,13,33.8,27.6,37.2,0.46,0,0,0.169,0.286,0,0.75,0.383,0.102,0.669,0.098
01/08/2015 09:00,25.3,15.3,9.6,26.9,22,31.3,0.337,0,0,0.308,0.406,0,0.747,0.324,0.015,0.691,0.264
01/08/2015 10:00,15,10.1,5.4,19.6,14.9,23.3,0.191,0,0,0.421,0.491,0,0.69,0.25,0,0.677,0.428
01/08/2015 11:00,5.6,4.5,1.9,11.4,7.4,13.9,0.058,0.04,0,0.507,0.518,0,0.577,0.161,0,0.613,0.551
01/08/2015 12:00,0.2,0.5,0.1,4.4,1.6,5.3,0,0.162,0,0.55,0.472,0.093,0.394,0.073,0,0.507,0.634
01/08/2015 13:00,0,0,0,0.3,0,0.4,0,0.307,0,0.558,0.388,0.259,0.177,0.007,0,0.348,0.661
01/08/2015 14:00,0,0,0,0,0,0,0,0.415,0,0.518,0.293,0.42,0,0,0,0.14,0.636
01/08/2015 15:00,0,0,0,0,0,0,0,0.496,0,0.437,0.163,0.529,0,0,0,0,0.554
01/08/2015 16:00,0,0,0,0,0,0,0,0.533,0,0.323,0.071,0.588,0,0,0,0,0.429
01/08/2015 17:00,0,0,0,0,0,0,0,0.535,0,0.187,0.011,0.601,0,0,0,0,0.284
01/08/2015 18:00,0,0,0,0,0,0,0,0.485,0,0.052,0,0.568,0,0,0,0,0.135
01/08/2015 19:00,0,0,0,0,0,0,0,0.396,0.104,0,0,0.476,0,0,0,0,0.018
01/08/2015 20:00,0,0,0,0,0,0,0,0.27,0.255,0,0,0.372,0,0,0,0,0
01/08/2015 21:00,0,0,0,0,0,0,0,0.13,0.42,0,0,0.254,0,0,0,0,0
01/08/2015 22:00,0,0,0,0,0,0,0,0.021,0.535,0,0,0.135,0,0,0.027,0,0
01/08/2015 23:00,0.3,0,0.3,0,0,0,0,0,0.605,0,0,0.027,0,0,0.094,0,0
02/08/2015 00:00,6.6,2.1,4.1,0.1,0.5,0.1,0.084,0,0.626,0,0,0,0,0,0.176,0,0
02/08/2015 01:00,17.2,8.5,11.3,3.4,5.4,4.1,0.238,0,0.582,0,0,0,0,0.051,0.233,0,0
02/08/2015 02:00,29.4,16.3,18.8,10.1,13.9,13,0.386,0,0.493,0,0,0,0,0.187,0.276,0,0
02/08/2015 03:00,38.7,23.5,26.2,18,22,23.3,0.482,0,0.347,0,0,0,0.036,0.344,0.277,0,0
02/08/2015 04:00,42.6,27.5,31.1,25.7,28.4,32.6,0.547,0,0.169,0,0,0,0.321,0.478,0.247,0.121,0
02/08/2015 05:00,43.1,28.6,33.8,30.4,32,37.9,0.563,0,0.013,0,0,0,0.529,0.562,0.231,0.375,0
02/08/2015 06:00,41.6,27.3,33.5,32.6,32.8,40.7,0.571,0,0,0,0.017,0,0.664,0.601,0.194,0.545,0
02/08/2015 07:00,36.3,25.9,30.9,32.4,31.7,40.4,0.537,0,0,0.043,0.129,0,0.746,0.606,0.133,0.654,0.005
02/08/2015 08:00,29.8,22.9,26.5,30.7,28.2,37.3,0.458,0,0,0.176,0.288,0,0.781,0.575,0.063,0.709,0.097
02/08/2015 09:00,22.5,16.9,19.3,27,22.7,31.3,0.336,0,0,0.333,0.412,0,0.772,0.482,0.006,0.719,0.269
02/08/2015 10:00,13.6,10.7,11.8,21,15.4,23.3,0.209,0,0,0.466,0.492,0,0.718,0.37,0,0.7,0.432
02/08/2015 11:00,5.3,4.7,4.4,13.4,7.8,13.8,0.073,0.043,0,0.545,0.519,0,0.617,0.234,0,0.642,0.556
02/08/2015 12:00,0.2,0.5,0.3,5.6,1.7,5.2,0,0.17,0,0.569,0.508,0.081,0.459,0.101,0,0.483,0.633
02/08/2015 13:00,0,0,0,0.6,0,0.4,0,0.306,0,0.579,0.465,0.204,0.24,0.01,0,0.308,0.664
02/08/2015 14:00,0,0,0,0,0,0,0,0.413,0,0.51,0.378,0.316,0.006,0,0,0.132,0.646
02/08/2015 15:00,0,0,0,0,0,0,0,0.473,0,0.416,0.277,0.436,0,0,0,0,0.579
02/08/2015 16:00,0,0,0,0,0,0,0,0.493,0,0.306,0.139,0.544,0,0,0,0,0.465
02/08/2015 17:00,0,0,0,0,0,0,0,0.463,0,0.176,0.033,0.568,0,0,0,0,0.311
02/08/2015 18:00,0,0,0,0,0,0,0,0.412,0,0.05,0,0.559,0,0,0,0,0.142
02/08/2015 19:00,0,0,0,0,0,0,0,0.329,0.086,0,0,0.494,0,0,0,0,0.019
02/08/2015 20:00,0,0,0,0,0,0,0,0.221,0.219,0,0,0.39,0,0,0,0,0
02/08/2015 21:00,0,0,0,0,0,0,0,0.106,0.344,0,0,0.237,0,0,0,0,0
02/08/2015 22:00,0,0,0,0,0,0,0,0.011,0.451,0,0,0.113,0,0,0.023,0,0
02/08/2015 23:00,0.4,0,0.1,0,0,0,0,0,0.498,0,0,0.019,0,0,0.08,0,0
03/08/2015 00:00,7.7,2.5,4.5,0.2,0.5,0.1,0.085,0,0.479,0,0,0,0,0,0.141,0,0
03/08/2015 01:00,20.2,9.4,13,5.8,4.9,4.1,0.245,0,0.434,0,0,0,0,0.046,0.186,0,0
03/08/2015 02:00,34.5,17.7,21.9,16.7,13,13.4,0.388,0,0.35,0,0,0,0,0.169,0.221,0,0
03/08/2015 03:00,48.4,25.6,29.2,27.6,20.7,23.1,0.468,0,0.236,0,0,0,0.043,0.316,0.227,0,0
03/08/2015 04:00,55.4,32.1,34,35.7,26.5,31.5,0.539,0,0.107,0,0,0,0.341,0.441,0.215,0.158,0
03/08/2015 05:00,52.9,34.8,37.2,41.1,30.2,37.3,0.538,0,0.004,0,0,0,0.541,0.528,0.195,0.415,0
03/08/2015 06:00,43.5,34.8,37.9,43.2,31.3,40,0.531,0,0,0,0.019,0,0.675,0.554,0.167,0.581,0
03/08/2015 07:00,35.1,32.3,34.2,42.6,30.4,39.4,0.504,0,0,0.043,0.119,0,0.756,0.534,0.124,0.69,0.005
03/08/2015 08:00,28.7,27.8,28.6,39.1,26.5,35.7,0.439,0,0,0.171,0.239,0,0.79,0.48,0.066,0.75,0.096
03/08/2015 09:00,21.4,21.6,21.5,32.8,19.9,29.2,0.333,0,0,0.295,0.344,0,0.779,0.416,0.009,0.769,0.268
03/08/2015 10:00,11.9,13.7,12.3,24.4,12.7,21.2,0.198,0,0,0.411,0.423,0,0.724,0.333,0,0.748,0.433
03/08/2015 11:00,4.5,6.2,4.8,14.7,6.5,12,0.065,0.027,0,0.497,0.463,0,0.62,0.22,0,0.688,0.558
03/08/2015 12:00,0.1,0.7,0.3,5.7,1.4,4.7,0,0.119,0,0.565,0.43,0.061,0.463,0.098,0,0.574,0.639
03/08/2015 13:00,0,0,0,0.6,0,0.4,0,0.206,0,0.558,0.424,0.168,0.244,0.01,0,0.419,0.667
03/08/2015 14:00,0,0,0,0,0,0,0,0.301,0,0.507,0.347,0.276,0.007,0,0,0.211,0.647
03/08/2015 15:00,0,0,0,0,0,0,0,0.374,0,0.405,0.249,0.363,0,0,0,0.004,0.578
03/08/2015 16:00,0,0,0,0,0,0,0,0.41,0,0.291,0.136,0.439,0,0,0,0,0.465
03/08/2015 17:00,0,0,0,0,0,0,0,0.402,0,0.158,0.036,0.467,0,0,0,0,0.311
03/08/2015 18:00,0,0,0,0,0,0,0,0.34,0,0.039,0,0.468,0,0,0,0,0.141
03/08/2015 19:00,0,0,0,0,0,0,0,0.257,0.089,0,0,0.428,0,0,0,0,0.016
03/08/2015 20:00,0,0,0,0,0,0,0,0.161,0.204,0,0,0.334,0,0,0,0,0
03/08/2015 21:00,0,0,0,0,0,0,0,0.075,0.301,0,0,0.229,0,0,0,0,0
03/08/2015 22:00,0,0,0,0,0,0,0,0.006,0.392,0,0,0.142,0,0,0.038,0,0
03/08/2015 23:00,0,0,0.2,0,0,0,0,0,0.428,0,0,0.028,0,0,0.133,0,0
04/08/2015 00:00,2.6,3.2,5.3,0.2,0.3,0.1,0.082,0,0.435,0,0,0,0,0,0.231,0,0
04/08/2015 01:00,8.9,12.1,14.9,5.7,4.8,3.4,0.237,0,0.403,0,0,0,0,0.038,0.297,0,0
04/08/2015 02:00,17.2,22.7,24.7,16.3,13.2,11.1,0.39,0,0.334,0,0,0,0,0.145,0.318,0,0
04/08/2015 03:00,25.6,31.1,32.7,27.1,22,20,0.518,0,0.235,0,0,0,0.037,0.29,0.312,0,0
04/08/2015 04:00,32.5,36.9,36.2,35.5,28.6,27.6,0.592,0,0.117,0,0,0,0.332,0.448,0.291,0.149,0
04/08/2015 05:00,31.1,39.3,38.5,40.9,32.9,32.5,0.607,0,0.006,0,0,0,0.541,0.545,0.255,0.395,0
04/08/2015 06:00,33.1,38.3,38.8,43.9,34.4,35.1,0.608,0,0,0,0.03,0,0.677,0.61,0.201,0.577,0
04/08/2015 07:00,33,35.5,35.6,43.3,32.9,34.8,0.557,0,0,0.028,0.149,0,0.762,0.624,0.132,0.685,0.002
04/08/2015 08:00,30.3,31,29.4,39.8,29,31.7,0.478,0,0,0.132,0.286,0,0.798,0.593,0.061,0.746,0.088
04/08/2015 09:00,24.4,24.3,21.8,33.5,22.4,26.4,0.353,0,0,0.23,0.396,0,0.789,0.522,0.007,0.763,0.232
04/08/2015 10:00,15.4,15.6,13.4,24,14.2,19.2,0.191,0,0,0.298,0.466,0,0.734,0.408,0,0.742,0.407
04/08/2015 11:00,6,6.8,5,14.1,6.8,11,0.065,0.029,0,0.345,0.482,0,0.63,0.265,0,0.683,0.53
04/08/2015 12:00,0.2,0.8,0.3,5.4,1.4,4,0,0.119,0,0.366,0.438,0.094,0.472,0.116,0,0.578,0.609
04/08/2015 13:00,0,0,0,0.5,0,0.3,0,0.195,0,0.353,0.375,0.262,0.252,0.013,0,0.426,0.641
04/08/2015 14:00,0,0,0,0,0,0,0,0.259,0,0.327,0.285,0.417,0.01,0,0,0.22,0.634
04/08/2015 15:00,0,0,0,0,0,0,0,0.324,0,0.286,0.179,0.529,0,0,0,0.005,0.578
04/08/2015 16:00,0,0,0,0,0,0,0,0.373,0,0.23,0.098,0.592,0,0,0,0,0.465
04/08/2015 17:00,0,0,0,0,0,0,0,0.391,0,0.137,0.026,0.604,0,0,0,0,0.311
04/08/2015 18:00,0,0,0,0,0,0,0,0.359,0,0.042,0,0.576,0,0,0,0,0.142
04/08/2015 19:00,0,0,0,0,0,0,0,0.281,0.081,0,0,0.502,0,0,0,0,0.016
04/08/2015 20:00,0,0,0,0,0,0,0,0.196,0.201,0,0,0.394,0,0,0,0,0
04/08/2015 21:00,0,0,0,0,0,0,0,0.096,0.311,0,0,0.267,0,0,0,0,0
04/08/2015 22:00,0,0,0,0,0,0,0,0.01,0.415,0,0,0.136,0,0,0.025,0,0
04/08/2015 23:00,0.2,0,0.2,0,0,0,0,0,0.457,0,0,0.025,0,0,0.089,0,0
05/08/2015 00:00,5.5,2.8,5,0.2,0.4,0.1,0.022,0,0.457,0,0,0,0,0,0.15,0,0
05/08/2015 01:00,14.3,11.6,13.8,5.9,5.4,3,0.078,0,0.42,0,0,0,0,0.048,0.202,0,0
05/08/2015 02:00,24.4,21.5,22.3,17,14.1,9.8,0.151,0,0.372,0,0,0,0,0.183,0.234,0,0
05/08/2015 03:00,34,29.8,28.9,27.8,22.9,18.1,0.216,0,0.251,0,0,0,0.048,0.339,0.255,0,0
05/08/2015 04:00,33.1,35.1,33.1,36.1,29.5,26.7,0.274,0,0.112,0,0,0,0.339,0.473,0.253,0.142,0
05/08/2015 05:00,29.7,38.2,34.6,41.5,33.6,32,0.312,0,0.005,0,0,0,0.539,0.567,0.233,0.397,0
05/08/2015 06:00,27.7,38.4,33.9,43.7,34.9,35.3,0.321,0,0,0,0.011,0,0.67,0.616,0.194,0.571,0
05/08/2015 07:00,24.3,36.4,31.1,43.1,33.7,35.7,0.298,0,0,0.041,0.077,0,0.751,0.622,0.141,0.684,0.004
05/08/2015 08:00,19.7,31.4,27.1,39.6,29,33.3,0.249,0,0,0.169,0.17,0,0.786,0.583,0.063,0.747,0.1
05/08/2015 09:00,14.6,24.3,21.3,32.9,22.7,27.5,0.182,0,0,0.313,0.304,0,0.778,0.476,0.006,0.765,0.26
05/08/2015 10:00,8.8,15.9,13.8,24,15.4,20.6,0.105,0,0,0.431,0.43,0,0.723,0.382,0,0.745,0.418
05/08/2015 11:00,3.5,7,5.1,14.4,7.8,12.5,0.032,0.017,0,0.51,0.445,0,0.62,0.235,0,0.683,0.537
05/08/2015 12:00,0.1,0.8,0.2,5.7,1.6,4.6,0,0.083,0,0.549,0.441,0.075,0.462,0.107,0,0.573,0.61
05/08/2015 13:00,0,0,0,0.5,0,0.3,0,0.163,0,0.539,0.434,0.196,0.243,0.011,0,0.419,0.629
05/08/2015 14:00,0,0,0,0,0,0,0,0.249,0,0.48,0.374,0.315,0.008,0,0,0.21,0.601
05/08/2015 15:00,0,0,0,0,0,0,0,0.326,0,0.368,0.226,0.408,0,0,0,0.003,0.537
05/08/2015 16:00,0,0,0,0,0,0,0,0.396,0,0.223,0.093,0.442,0,0,0,0,0.424
05/08/2015 17:00,0,0,0,0,0,0,0,0.459,0,0.126,0.016,0.447,0,0,0,0,0.28
05/08/2015 18:00,0,0,0,0,0,0,0,0.461,0,0.032,0,0.405,0,0,0,0,0.128
05/08/2015 19:00,0,0,0,0,0,0,0,0.389,0.043,0,0,0.343,0,0,0,0,0.013
05/08/2015 20:00,0,0,0,0,0,0,0,0.276,0.119,0,0,0.255,0,0,0,0,0
05/08/2015 21:00,0,0,0,0,0,0,0,0.136,0.226,0,0,0.175,0,0,0,0,0
05/08/2015 22:00,0,0,0,0,0,0,0,0.019,0.36,0,0,0.091,0,0,0.015,0,0
05/08/2015 23:00,0,0,0.3,0,0,0,0,0,0.435,0,0,0.012,0,0,0.061,0,0
06/08/2015 00:00,2.4,2.8,5.5,0.1,0.4,0.1,0.038,0,0.405,0,0,0,0,0,0.112,0,0
06/08/2015 01:00,7.2,12.3,14.7,5.7,6.5,4.3,0.111,0,0.38,0,0,0,0,0.046,0.169,0,0
06/08/2015 02:00,13.1,22.6,22.5,16.7,16.7,13.6,0.175,0,0.309,0,0,0,0,0.18,0.221,0,0
06/08/2015 03:00,20.1,30.6,29.1,27.6,26.2,23.5,0.182,0,0.176,0,0,0,0.045,0.338,0.263,0,0
06/08/2015 04:00,24.7,35.8,32.2,35.8,32.8,32,0.181,0,0.063,0,0,0,0.327,0.474,0.264,0.144,0
06/08/2015 05:00,26.1,37.7,31.5,40.8,36.6,37.9,0.166,0,0,0,0,0,0.529,0.571,0.241,0.386,0
06/08/2015 06:00,25.8,37.3,27.6,42,37.1,41.1,0.192,0,0,0,0.021,0,0.665,0.615,0.209,0.569,0
06/08/2015 07:00,24.1,34.2,22.7,39.5,35.7,41.1,0.27,0,0,0.032,0.136,0,0.75,0.625,0.147,0.683,0.002
06/08/2015 08:00,18.9,28.9,18.1,35.5,31.3,37.9,0.28,0,0,0.155,0.276,0,0.787,0.592,0.066,0.747,0.09
06/08/2015 09:00,13.3,21.8,12.9,28.9,24.4,31.7,0.23,0,0,0.312,0.405,0,0.781,0.521,0.006,0.765,0.229
06/08/2015 10:00,7.5,14.4,7.8,22.3,16.5,23.7,0.133,0,0,0.447,0.491,0,0.725,0.406,0,0.74,0.381
06/08/2015 11:00,2.8,6.6,2.8,13.8,7.8,14.1,0.039,0.029,0,0.541,0.52,0,0.62,0.26,0,0.678,0.509
06/08/2015 12:00,0,0.7,0.1,5.5,1.5,5.2,0,0.129,0,0.579,0.517,0.08,0.46,0.111,0,0.571,0.578
06/08/2015 13:00,0,0,0,0.5,0,0.3,0,0.258,0,0.565,0.467,0.217,0.239,0.01,0,0.416,0.623
06/08/2015 14:00,0,0,0,0,0,0,0,0.378,0,0.491,0.392,0.343,0.008,0,0,0.212,0.605
06/08/2015 15:00,0,0,0,0,0,0,0,0.471,0,0.362,0.26,0.435,0,0,0,0.005,0.539
06/08/2015 16:00,0,0,0,0,0,0,0,0.52,0,0.232,0.134,0.496,0,0,0,0,0.438
06/08/2015 17:00,0,0,0,0,0,0,0,0.511,0,0.122,0.03,0.527,0,0,0,0,0.281
06/08/2015 18:00,0,0,0,0,0,0,0,0.481,0,0.032,0,0.531,0,0,0,0,0.128
06/08/2015 19:00,0,0,0,0,0,0,0,0.409,0.059,0,0,0.497,0,0,0,0,0.015
06/08/2015 20:00,0,0,0,0,0,0,0,0.285,0.176,0,0,0.404,0,0,0,0,0
06/08/2015 21:00,0,0,0,0,0,0,0,0.136,0.3,0,0,0.291,0,0,0,0,0
06/08/2015 22:00,0,0,0,0,0,0,0,0.019,0.426,0,0,0.153,0,0,0.032,0,0
06/08/2015 23:00,0,0,0.2,0,0,0,0,0,0.518,0,0,0.028,0,0,0.092,0,0
07/08/2015 00:00,3.1,2.6,3.3,0.1,0.4,0.1,0.048,0,0.545,0,0,0,0,0,0.156,0,0
07/08/2015 01:00,9.6,11.2,8.9,5.4,5.5,4.2,0.161,0,0.489,0,0,0,0,0.047,0.224,0,0
07/08/2015 02:00,17.1,20.6,14.5,15.9,15.1,13.6,0.316,0,0.365,0,0,0,0,0.182,0.269,0,0
07/08/2015 03:00,23.6,28,19.4,26.4,24,23.7,0.463,0,0.213,0,0,0,0.059,0.338,0.296,0,0
07/08/2015 04:00,31.2,33.2,23.6,34.4,30.6,32.4,0.573,0,0.087,0,0,0,0.366,0.473,0.297,0.125,0
07/08/2015 05:00,35.1,36.4,26.5,39.5,34.9,38.4,0.618,0,0.001,0,0,0,0.568,0.567,0.267,0.399,0
07/08/2015 06:00,35.4,35.7,26,41.5,36.2,41.6,0.575,0,0,0,0.017,0,0.702,0.613,0.234,0.567,0
07/08/2015 07:00,34.5,32.7,23.8,40.8,34.6,41.1,0.493,0,0,0.035,0.103,0,0.782,0.62,0.173,0.672,0.002
07/08/2015 08:00,28.5,27.4,20,37.4,30.2,37.3,0.309,0,0,0.153,0.22,0,0.813,0.578,0.094,0.729,0.074
07/08/2015 09:00,20.8,20,14.2,30.9,23,30.2,0.188,0,0,0.288,0.356,0,0.798,0.433,0.014,0.74,0.201
07/08/2015 10:00,12.7,12.4,8.2,22,14.9,21.3,0.164,0,0,0.422,0.408,0,0.739,0.328,0,0.711,0.316
07/08/2015 11:00,4.7,5.2,3,12.1,7,12.3,0.051,0.041,0,0.507,0.331,0,0.632,0.207,0,0.637,0.478
07/08/2015 12:00,0.1,0.5,0.1,4.1,1.4,4.4,0,0.168,0,0.531,0.285,0.078,0.471,0.085,0,0.503,0.575
07/08/2015 13:00,0,0,0,0.3,0,0.3,0,0.311,0,0.555,0.283,0.213,0.249,0.005,0,0.355,0.611
07/08/2015 14:00,0,0,0,0,0,0,0,0.44,0,0.538,0.249,0.342,0.01,0,0,0.147,0.598
07/08/2015 15:00,0,0,0,0,0,0,0,0.525,0,0.466,0.19,0.436,0,0,0,0,0.547
07/08/2015 16:00,0,0,0,0,0,0,0,0.556,0,0.341,0.1,0.499,0,0,0,0,0.437
07/08/2015 17:00,0,0,0,0,0,0,0,0.547,0,0.187,0.023,0.523,0,0,0,0,0.291
07/08/2015 18:00,0,0,0,0,0,0,0,0.491,0.002,0.052,0,0.5,0,0,0,0,0.135
07/08/2015 19:00,0,0,0,0,0,0,0,0.399,0.153,0,0,0.438,0,0,0,0,0.016
07/08/2015 20:00,0,0,0,0,0,0,0,0.261,0.351,0,0,0.343,0,0,0,0,0
07/08/2015 21:00,0,0,0,0,0,0,0,0.127,0.54,0,0,0.228,0,0,0,0,0
07/08/2015 22:00,0,0,0,0,0,0,0,0.014,0.642,0,0,0.118,0,0,0.013,0,0
07/08/2015 23:00,0.2,0,0,0,0,0,0,0,0.696,0,0,0.021,0,0,0.067,0,0
08/08/2015 00:00,5.3,2.6,2.1,0.1,0.3,0.1,0.072,0,0.679,0,0,0,0,0,0.165,0,0
08/08/2015 01:00,13.4,10.5,6.4,5,4.9,3.8,0.219,0,0.589,0,0,0,0,0.042,0.271,0,0
08/08/2015 02:00,22.1,19.8,11.4,14.9,13.5,12.7,0.331,0,0.476,0,0,0,0,0.157,0.355,0,0
08/08/2015 03:00,31.1,27.9,16,25,22.5,22.5,0.398,0,0.309,0,0,0,0.046,0.305,0.402,0,0
08/08/2015 04:00,35.4,32.9,19.6,33,28.8,30.5,0.461,0,0.14,0,0,0,0.336,0.421,0.41,0.129,0
08/08/2015 05:00,39.8,34.7,22.2,38.2,31.8,36,0.51,0,0.012,0,0,0,0.544,0.475,0.383,0.362,0
08/08/2015 06:00,40.9,33.8,23,40.2,31.9,38.1,0.507,0,0,0,0.028,0,0.682,0.499,0.327,0.552,0
08/08/2015 07:00,37.7,31.5,22.3,40.1,30.2,37.2,0.46,0,0,0.041,0.138,0,0.763,0.528,0.237,0.663,0.003
08/08/2015 08:00,32.5,26.7,19.4,37.1,26.4,33.2,0.37,0,0,0.159,0.253,0,0.794,0.489,0.115,0.727,0.097
08/08/2015 09:00,23.9,20.2,14.4,31,20.5,25.1,0.245,0,0,0.28,0.343,0,0.784,0.431,0.018,0.723,0.234
08/08/2015 10:00,14.1,13,9.2,23.4,13.9,17.6,0.14,0,0,0.378,0.393,0,0.724,0.346,0,0.699,0.365
08/08/2015 11:00,5.3,5.6,3.8,14,7.2,9.8,0.04,0.02,0,0.468,0.423,0,0.614,0.221,0,0.608,0.468
08/08/2015 12:00,0.1,0.5,0.2,5.4,1.6,3.4,0,0.106,0,0.484,0.428,0.066,0.452,0.095,0,0.48,0.527
08/08/2015 13:00,0,0,0,0.5,0,0.2,0,0.23,0,0.489,0.389,0.179,0.23,0.009,0,0.298,0.529
08/08/2015 14:00,0,0,0,0,0,0,0,0.374,0,0.471,0.303,0.284,0.008,0,0,0.097,0.507
08/08/2015 15:00,0,0,0,0,0,0,0,0.49,0,0.415,0.22,0.355,0,0,0,0,0.436
08/08/2015 16:00,0,0,0,0,0,0,0,0.529,0,0.32,0.12,0.403,0,0,0,0,0.35
08/08/2015 17:00,0,0,0,0,0,0,0,0.517,0,0.185,0.032,0.428,0,0,0,0,0.233
08/08/2015 18:00,0,0,0,0,0,0,0,0.456,0.003,0.052,0,0.417,0,0,0,0,0.113
08/08/2015 19:00,0,0,0,0,0,0,0,0.37,0.162,0,0,0.354,0,0,0,0,0.011
08/08/2015 20:00,0,0,0,0,0,0,0,0.252,0.366,0,0,0.269,0,0,0,0,0
08/08/2015 21:00,0,0,0,0,0,0,0,0.13,0.526,0,0,0.169,0,0,0,0,0
08/08/2015 22:00,0,0,0,0,0,0,0,0.017,0.629,0,0,0.08,0,0,0.057,0,0
08/08/2015 23:00,0.2,0,0.3,0,0,0,0,0,0.683,0,0,0.01,0,0,0.194,0,0
09/08/2015 00:00,6.3,2.4,5.3,0.1,0.4,0.1,0.074,0,0.701,0,0,0,0,0,0.341,0,0
09/08/2015 01:00,17.8,10.2,14,4.8,5.5,3.3,0.232,0,0.654,0,0,0,0,0.016,0.457,0,0
09/08/2015 02:00,31.9,19.4,23.4,14.6,14.5,10.7,0.392,0,0.563,0,0,0,0,0.071,0.527,0,0
09/08/2015 03:00,42.5,27.2,30.5,24.7,23.5,19.7,0.51,0,0.417,0,0,0,0.032,0.106,0.563,0,0
09/08/2015 04:00,48.1,32.9,34.9,32.6,30.9,27.6,0.574,0,0.22,0,0,0,0.297,0.164,0.561,0.151,0
09/08/2015 05:00,52,35.3,36.6,37.7,35.3,32.7,0.576,0,0.025,0,0,0,0.515,0.236,0.517,0.404,0
09/08/2015 06:00,50.6,34.8,34.1,40,36.1,35.8,0.542,0,0,0,0.023,0,0.671,0.3,0.431,0.571,0
09/08/2015 07:00,44.8,32.4,30.9,39.3,33.6,36,0.473,0,0,0.04,0.141,0,0.753,0.329,0.314,0.682,0.003
09/08/2015 08:00,36.2,27.8,25,36.1,28.2,33.3,0.378,0,0,0.183,0.287,0,0.787,0.314,0.17,0.746,0.097
09/08/2015 09:00,26.6,21.1,17.6,30.2,21.5,27.6,0.272,0,0,0.338,0.405,0,0.777,0.255,0.033,0.759,0.226
09/08/2015 10:00,15.9,13.4,10.3,22.9,14.5,19.9,0.16,0,0,0.461,0.486,0,0.721,0.19,0,0.737,0.386
09/08/2015 11:00,6.5,5.6,3.7,13.9,7.2,11.7,0.053,0.041,0,0.526,0.522,0,0.616,0.116,0,0.675,0.499
09/08/2015 12:00,0.2,0.5,0.1,5.4,1.4,4.3,0,0.167,0,0.512,0.515,0.038,0.451,0.048,0,0.565,0.588
09/08/2015 13:00,0,0,0,0.4,0,0.3,0,0.291,0,0.44,0.464,0.129,0.229,0,0,0.406,0.636
09/08/2015 14:00,0,0,0,0,0,0,0,0.395,0,0.321,0.367,0.246,0.007,0,0,0.196,0.613
09/08/2015 15:00,0,0,0,0,0,0,0,0.466,0,0.209,0.25,0.356,0,0,0,0.002,0.549
09/08/2015 16:00,0,0,0,0,0,0,0,0.513,0,0.142,0.105,0.431,0,0,0,0,0.438
09/08/2015 17:00,0,0,0,0,0,0,0,0.502,0,0.082,0.019,0.466,0,0,0,0,0.293
09/08/2015 18:00,0,0,0,0,0,0,0,0.45,0.014,0.025,0,0.465,0,0,0,0,0.139
09/08/2015 19:00,0,0,0,0,0,0,0,0.369,0.23,0,0,0.426,0,0,0,0,0.015
09/08/2015 20:00,0,0,0,0,0,0,0,0.265,0.432,0,0,0.345,0,0,0,0,0
09/08/2015 21:00,0,0,0,0,0,0,0,0.13,0.58,0,0,0.243,0,0,0,0,0
09/08/2015 22:00,0,0,0,0,0,0,0,0.017,0.676,0,0,0.124,0,0,0.069,0,0
09/08/2015 23:00,0.4,0,0.2,0,0,0,0,0,0.728,0,0,0.022,0,0,0.214,0,0
10/08/2015 00:00,10.1,2.8,4.1,0.1,0.2,0.1,0.071,0,0.728,0,0,0,0,0,0.361,0,0
10/08/2015 01:00,25.7,11.4,10.5,4.5,3.7,3.4,0.223,0,0.685,0,0,0,0,0.044,0.482,0,0
10/08/2015 02:00,39.8,20.9,17.5,13.2,11.2,11.8,0.382,0,0.591,0,0,0,0,0.192,0.561,0,0
10/08/2015 03:00,52.2,28.4,22.8,21.4,19.4,20.4,0.513,0,0.443,0,0,0,0.048,0.367,0.587,0,0
10/08/2015 04:00,57.5,33.8,27.3,29.5,25.6,27.6,0.606,0,0.242,0,0,0,0.337,0.511,0.582,0.073,0
10/08/2015 05:00,54.5,36.6,29.5,36.9,29.1,32.5,0.648,0,0.033,0,0,0,0.545,0.609,0.533,0.268,0
10/08/2015 06:00,47.7,36.2,28.2,39.7,30.6,34.7,0.637,0,0,0,0.029,0,0.684,0.645,0.44,0.543,0
10/08/2015 07:00,36.7,33.8,26.6,39.9,28.4,34.2,0.599,0,0,0.04,0.147,0,0.767,0.651,0.314,0.675,0.003
10/08/2015 08:00,27.3,27.6,22.9,37.7,24.4,31.4,0.512,0,0,0.169,0.286,0,0.798,0.613,0.165,0.742,0.101
10/08/2015 09:00,18.5,19.4,16.8,32.8,19.1,26.4,0.388,0,0,0.301,0.42,0,0.783,0.508,0.031,0.763,0.28
10/08/2015 10:00,10.9,11.5,9.8,25,12.8,19.6,0.233,0,0,0.41,0.522,0,0.722,0.372,0,0.74,0.442
10/08/2015 11:00,4,4.7,3.4,15.1,6.3,11.4,0.077,0.033,0,0.485,0.555,0,0.611,0.241,0,0.679,0.563
10/08/2015 12:00,0,0.4,0.1,5.7,1.3,4.1,0,0.139,0,0.543,0.549,0.074,0.446,0.103,0,0.571,0.632
10/08/2015 13:00,0,0,0,0.4,0,0.3,0,0.243,0,0.546,0.497,0.208,0.222,0.007,0,0.418,0.658
10/08/2015 14:00,0,0,0,0,0,0,0,0.319,0,0.499,0.416,0.335,0.007,0,0,0.203,0.64
10/08/2015 15:00,0,0,0,0,0,0,0,0.366,0,0.416,0.291,0.442,0,0,0,0.003,0.575
10/08/2015 16:00,0,0,0,0,0,0,0,0.399,0,0.297,0.157,0.521,0,0,0,0,0.46
10/08/2015 17:00,0,0,0,0,0,0,0,0.388,0,0.164,0.032,0.558,0,0,0,0,0.306
10/08/2015 18:00,0,0,0,0,0,0,0,0.343,0.01,0.044,0,0.552,0,0,0,0,0.138
10/08/2015 19:00,0,0,0,0,0,0,0,0.261,0.191,0,0,0.482,0,0,0,0,0.013
10/08/2015 20:00,0,0,0,0,0,0,0,0.155,0.374,0,0,0.366,0,0,0,0,0
10/08/2015 21:00,0,0,0,0,0,0,0,0.062,0.523,0,0,0.225,0,0,0,0,0
10/08/2015 22:00,0,0,0,0,0,0,0,0.002,0.597,0,0,0.098,0,0,0.065,0,0
10/08/2015 23:00,0.4,0,0.2,0,0,0,0,0,0.663,0,0,0.013,0,0,0.212,0,0
11/08/2015 00:00,10.7,2,4,0.1,0.4,0.1,0.032,0,0.673,0,0,0,0,0,0.364,0,0
11/08/2015 01:00,27.9,8.5,10.9,4.7,3.6,2.8,0.104,0,0.631,0,0,0,0,0.047,0.484,0,0
11/08/2015 02:00,41.8,17,18.3,14.3,9.6,10.5,0.166,0,0.532,0,0,0,0,0.183,0.556,0,0
11/08/2015 03:00,52,23.8,25.2,24.4,16,19.3,0.224,0,0.388,0,0,0,0.041,0.344,0.576,0,0
11/08/2015 04:00,55.8,29.1,30.4,32.5,21.6,26.9,0.277,0,0.198,0,0,0,0.311,0.477,0.55,0.169,0
11/08/2015 05:00,55.3,31.5,32.3,38.1,25.9,31.8,0.347,0,0.024,0,0,0,0.533,0.549,0.482,0.399,0
11/08/2015 06:00,51.8,32.5,32.2,40.8,28,34.6,0.387,0,0,0,0.027,0,0.679,0.558,0.403,0.548,0
11/08/2015 07:00,46.1,31.2,30.5,40.6,27.4,34.8,0.393,0,0,0.041,0.147,0,0.765,0.566,0.287,0.639,0.002
11/08/2015 08:00,37.2,27.5,26.2,37.3,24.1,32,0.356,0,0,0.184,0.295,0,0.8,0.536,0.154,0.672,0.098
11/08/2015 09:00,27,21.1,19.9,30.7,17.9,26.5,0.273,0,0,0.341,0.422,0,0.789,0.467,0.028,0.666,0.256
11/08/2015 10:00,16.3,13.6,12.1,22.4,10.9,19.5,0.176,0,0,0.466,0.537,0,0.732,0.365,0,0.664,0.417
11/08/2015 11:00,5.7,5.7,4.3,12.9,4.8,11.3,0.06,0.026,0,0.551,0.586,0,0.623,0.257,0,0.645,0.54
11/08/2015 12:00,0.1,0.5,0.1,4.8,0.8,4.1,0,0.123,0,0.589,0.581,0.077,0.459,0.103,0,0.567,0.63
11/08/2015 13:00,0,0,0,0.3,0,0.3,0,0.233,0,0.562,0.536,0.224,0.234,0.008,0,0.413,0.659
11/08/2015 14:00,0,0,0,0,0,0,0,0.334,0,0.501,0.456,0.39,0.009,0,0,0.199,0.64
11/08/2015 15:00,0,0,0,0,0,0,0,0.41,0,0.415,0.332,0.509,0,0,0,0.003,0.578
11/08/2015 16:00,0,0,0,0,0,0,0,0.459,0,0.282,0.179,0.57,0,0,0,0,0.463
11/08/2015 17:00,0,0,0,0,0,0,0,0.474,0,0.139,0.046,0.583,0,0,0,0,0.308
11/08/2015 18:00,0,0,0,0,0,0,0,0.456,0,0.038,0,0.55,0,0,0,0,0.14
11/08/2015 19:00,0,0,0,0,0,0,0,0.369,0.095,0,0,0.477,0,0,0,0,0.013
11/08/2015 20:00,0,0,0,0,0,0,0,0.265,0.237,0,0,0.37,0,0,0,0,0
11/08/2015 21:00,0,0,0,0,0,0,0,0.132,0.376,0,0,0.248,0,0,0,0,0
11/08/2015 22:00,0,0,0,0,0,0,0,0.016,0.474,0,0,0.123,0,0,0.036,0,0
11/08/2015 23:00,0.2,0,0.3,0,0,0,0,0,0.513,0,0,0.018,0,0,0.138,0,0
12/08/2015 00:00,4.7,2,4,0.1,0.3,0.1,0.074,0,0.506,0,0,0,0,0,0.273,0,0
12/08/2015 01:00,12.7,8,10.9,3.6,3.7,2.6,0.202,0,0.467,0,0,0,0,0.044,0.404,0,0
12/08/2015 02:00,21.9,14.3,16,11.4,10.6,9.5,0.274,0,0.389,0,0,0,0,0.195,0.501,0,0
12/08/2015 03:00,36.1,19.4,21.8,20.2,17.8,18.2,0.303,0,0.275,0,0,0,0.043,0.359,0.557,0,0
12/08/2015 04:00,48.1,23.9,28.6,27.9,22.6,25.4,0.31,0,0.12,0,0,0,0.302,0.508,0.559,0.101,0
12/08/2015 05:00,52.7,26.7,31.1,32.9,25.1,30.1,0.339,0,0.009,0,0,0,0.513,0.601,0.509,0.332,0
12/08/2015 06:00,51.6,26.9,31.8,34.7,26.9,31.3,0.305,0,0,0,0.026,0,0.652,0.649,0.4,0.563,0
12/08/2015 07:00,46.5,24.6,29.5,34.2,27,30.1,0.3,0,0,0.037,0.15,0,0.738,0.655,0.28,0.691,0
12/08/2015 08:00,38.4,20.9,24.7,32.6,23.8,26.4,0.27,0,0,0.166,0.293,0,0.773,0.625,0.144,0.755,0.066
12/08/2015 09:00,26.8,16.1,17.8,28.9,18.7,20.9,0.193,0,0,0.31,0.418,0,0.758,0.542,0.025,0.77,0.197
12/08/2015 10:00,15.1,10.6,11,22.2,12.6,14.4,0.114,0,0,0.416,0.513,0,0.694,0.423,0,0.737,0.344
12/08/2015 11:00,5.3,4.8,4.2,13.7,6.1,7.9,0.032,0.034,0,0.503,0.565,0,0.598,0.272,0,0.644,0.482
12/08/2015 12:00,0.1,0.4,0.1,5.3,1.2,2.6,0,0.149,0,0.543,0.56,0.083,0.444,0.114,0,0.503,0.575
12/08/2015 13:00,0,0,0,0.3,0,0.1,0,0.303,0,0.536,0.517,0.247,0.227,0.007,0,0.327,0.617
12/08/2015 14:00,0,0,0,0,0,0,0,0.423,0,0.496,0.447,0.415,0.009,0,0,0.115,0.608
12/08/2015 15:00,0,0,0,0,0,0,0,0.497,0,0.403,0.331,0.545,0,0,0,0,0.539
12/08/2015 16:00,0,0,0,0,0,0,0,0.525,0,0.304,0.178,0.626,0,0,0,0,0.434
12/08/2015 17:00,0,0,0,0,0,0,0,0.513,0,0.153,0.045,0.658,0,0,0,0,0.291
12/08/2015 18:00,0,0,0,0,0,0,0,0.46,0.008,0.039,0,0.639,0,0,0,0,0.134
12/08/2015 19:00,0,0,0,0,0,0,0,0.356,0.162,0,0,0.577,0,0,0,0,0.013
12/08/2015 20:00,0,0,0,0,0,0,0,0.247,0.327,0,0,0.473,0,0,0,0,0
12/08/2015 21:00,0,0,0,0,0,0,0,0.13,0.545,0,0,0.321,0,0,0,0,0
12/08/2015 22:00,0,0,0,0,0,0,0,0.013,0.655,0,0,0.162,0,0,0.045,0,0
12/08/2015 23:00,0.4,0,0.1,0,0,0,0,0,0.718,0,0,0.026,0,0,0.137,0,0
13/08/2015 00:00,11.6,2.2,4.3,0.1,0.3,0.1,0.044,0,0.735,0,0,0,0,0,0.236,0,0
13/08/2015 01:00,29.1,9.2,12.5,4.8,4.4,2.8,0.144,0,0.694,0,0,0,0,0.044,0.332,0,0
13/08/2015 02:00,42.5,17.8,20.4,14.2,12.1,10.1,0.222,0,0.604,0,0,0,0,0.192,0.425,0,0
13/08/2015 03:00,53.5,26.5,26.4,24.8,20,18.7,0.26,0,0.459,0,0,0,0.042,0.36,0.484,0,0
13/08/2015 04:00,58.7,32.7,30.7,35.1,26.3,26,0.278,0,0.256,0,0,0,0.319,0.5,0.504,0.143,0
13/08/2015 05:00,58.6,35.8,33.6,40.6,30.4,30.9,0.283,0,0.038,0,0,0,0.536,0.597,0.475,0.412,0
13/08/2015 06:00,54.6,36.5,32.9,43.1,32,32.6,0.286,0,0,0,0.029,0,0.676,0.646,0.387,0.579,0
13/08/2015 07:00,48.4,35,29.5,41.9,30.6,31.8,0.272,0,0,0.02,0.154,0,0.761,0.655,0.252,0.695,0.002
13/08/2015 08:00,39.5,30.4,23.3,38.1,26,28.7,0.225,0,0,0.099,0.284,0,0.796,0.619,0.107,0.757,0.102
13/08/2015 09:00,27,23.5,16.2,31.7,20.3,23.3,0.145,0,0,0.193,0.425,0,0.787,0.549,0.01,0.766,0.262
13/08/2015 10:00,14.6,14.9,9.8,23.7,13.2,16.9,0.07,0,0,0.291,0.511,0,0.731,0.431,0,0.735,0.415
13/08/2015 11:00,4.5,6.5,3.7,14,6.6,9.8,0.015,0.018,0,0.357,0.538,0,0.619,0.279,0,0.656,0.527
13/08/2015 12:00,0,0.5,0.1,5.1,1.4,3.6,0,0.089,0,0.355,0.522,0.081,0.461,0.116,0,0.552,0.597
13/08/2015 13:00,0,0,0,0.3,0,0.2,0,0.185,0,0.367,0.464,0.235,0.238,0.007,0,0.401,0.638
13/08/2015 14:00,0,0,0,0,0,0,0,0.284,0,0.332,0.351,0.384,0.012,0,0,0.187,0.623
13/08/2015 15:00,0,0,0,0,0,0,0,0.348,0,0.278,0.262,0.502,0,0,0,0.001,0.549
13/08/2015 16:00,0,0,0,0,0,0,0,0.386,0,0.225,0.159,0.58,0,0,0,0,0.441
13/08/2015 17:00,0,0,0,0,0,0,0,0.397,0,0.131,0.045,0.612,0,0,0,0,0.297
13/08/2015 18:00,0,0,0,0,0,0,0,0.344,0.011,0.035,0,0.599,0,0,0,0,0.137
13/08/2015 19:00,0,0,0,0,0,0,0,0.267,0.182,0,0,0.525,0,0,0,0,0.013
13/08/2015 20:00,0,0,0,0,0,0,0,0.17,0.374,0,0,0.433,0,0,0,0,0
13/08/2015 21:00,0,0,0,0,0,0,0,0.077,0.517,0,0,0.301,0,0,0,0,0
13/08/2015 22:00,0,0,0,0,0,0,0,0.007,0.622,0,0,0.16,0,0,0.063,0,0
13/08/2015 23:00,0,0,0.3,0,0,0,0,0,0.695,0,0,0.026,0,0,0.216,0,0
14/08/2015 00:00,2.7,2.1,4.7,0.1,0.5,0.1,0.055,0,0.704,0,0,0,0,0,0.359,0,0
14/08/2015 01:00,9.1,9.6,12.9,4.8,6.3,3,0.18,0,0.665,0,0,0,0,0.044,0.477,0,0
14/08/2015 02:00,18.3,18.4,21.2,14.9,17,11.5,0.28,0,0.57,0,0,0,0,0.179,0.573,0,0
14/08/2015 03:00,27.8,26.5,28.2,25.4,27.1,20.7,0.353,0,0.427,0,0,0,0.046,0.322,0.614,0,0
14/08/2015 04:00,38.3,32.7,33.3,34,33.7,28,0.411,0,0.232,0,0,0,0.312,0.446,0.603,0.161,0
14/08/2015 05:00,41,36.2,35.8,38.4,38.2,31.8,0.425,0,0.031,0,0,0,0.534,0.533,0.545,0.39,0
14/08/2015 06:00,36.9,36.8,34.4,39.9,40,32.7,0.41,0,0,0,0.029,0,0.675,0.586,0.423,0.573,0
14/08/2015 07:00,33.3,34.4,32.3,38.7,39.1,31.8,0.373,0,0,0.038,0.164,0,0.76,0.634,0.272,0.689,0.002
14/08/2015 08:00,28.2,29.3,27.5,35.1,35.1,28.7,0.296,0,0,0.166,0.325,0,0.797,0.577,0.126,0.755,0.103
14/08/2015 09:00,21,21.6,20.7,28.2,27.8,23.8,0.219,0,0,0.277,0.45,0,0.788,0.466,0.017,0.776,0.269
14/08/2015 10:00,11.4,13.6,12.5,20,18.9,17.8,0.129,0,0,0.349,0.528,0,0.734,0.355,0,0.755,0.424
14/08/2015 11:00,3.6,5.6,4.2,11.6,9.6,10.9,0.039,0.046,0,0.414,0.57,0,0.631,0.217,0,0.693,0.531
14/08/2015 12:00,0,0.5,0.1,4,1.9,4.1,0,0.177,0,0.455,0.568,0.092,0.473,0.087,0,0.585,0.587
14/08/2015 13:00,0,0,0,0.1,0,0.2,0,0.296,0,0.458,0.531,0.266,0.255,0.004,0,0.428,0.593
14/08/2015 14:00,0,0,0,0,0,0,0,0.378,0,0.384,0.451,0.432,0.015,0,0,0.218,0.572
14/08/2015 15:00,0,0,0,0,0,0,0,0.441,0,0.299,0.333,0.55,0,0,0,0.005,0.54
14/08/2015 16:00,0,0,0,0,0,0,0,0.463,0,0.245,0.186,0.624,0,0,0,0,0.452
14/08/2015 17:00,0,0,0,0,0,0,0,0.43,0,0.16,0.045,0.649,0,0,0,0,0.311
14/08/2015 18:00,0,0,0,0,0,0,0,0.376,0.015,0.045,0,0.631,0,0,0,0,0.144
14/08/2015 19:00,0,0,0,0,0,0,0,0.297,0.199,0,0,0.562,0,0,0,0,0.013
14/08/2015 20:00,0,0,0,0,0,0,0,0.193,0.413,0,0,0.457,0,0,0,0,0
14/08/2015 21:00,0,0,0,0,0,0,0,0.088,0.569,0,0,0.308,0,0,0,0,0
14/08/2015 22:00,0,0,0,0,0,0,0,0.009,0.659,0,0,0.16,0,0,0.031,0,0
14/08/2015 23:00,0,0,0.1,0,0,0,0,0,0.705,0,0,0.025,0,0,0.115,0,0
15/08/2015 00:00,2.2,1.4,1.9,0.1,0.3,0,0.058,0,0.701,0,0,0,0,0,0.212,0,0
15/08/2015 01:00,6.2,7.9,5.7,4.4,5.4,3.6,0.194,0,0.648,0,0,0,0,0.038,0.3,0,0
15/08/2015 02:00,10.2,15.4,9.8,13.6,14.7,12.8,0.329,0,0.546,0,0,0,0,0.147,0.395,0,0
15/08/2015 03:00,16.4,21.7,14.2,22.3,24.2,22.1,0.457,0,0.407,0,0,0,0.054,0.295,0.446,0,0
15/08/2015 04:00,20.4,26,18.5,29.6,31.5,29.5,0.477,0,0.21,0,0,0,0.33,0.423,0.406,0.176,0
15/08/2015 05:00,21.3,27.8,21.5,34.4,35.9,34.6,0.463,0,0.03,0,0,0,0.541,0.531,0.35,0.395,0
15/08/2015 06:00,22,27.9,24.1,36.1,37.7,36.9,0.405,0,0,0,0.027,0,0.679,0.56,0.284,0.565,0
15/08/2015 07:00,19.3,26.2,23.8,35.2,36,36.6,0.356,0,0,0.035,0.15,0,0.764,0.575,0.203,0.669,0.001
15/08/2015 08:00,15.9,22.5,20.5,32,31.7,33.1,0.31,0,0,0.158,0.29,0,0.8,0.543,0.107,0.732,0.091
15/08/2015 09:00,10.9,17.4,15.2,26.6,24.5,27.5,0.229,0,0,0.29,0.403,0,0.791,0.467,0.016,0.762,0.222
15/08/2015 10:00,5.5,11.3,9,19.9,15.7,19.9,0.125,0,0,0.402,0.5,0,0.735,0.333,0,0.729,0.369
15/08/2015 11:00,1.7,4.9,2.8,11.9,7.1,12.1,0.029,0.028,0,0.48,0.57,0,0.632,0.216,0,0.685,0.518
15/08/2015 12:00,0,0.4,0.1,4.6,1.4,4.5,0,0.135,0,0.514,0.558,0.065,0.474,0.093,0,0.579,0.625
15/08/2015 13:00,0,0,0,0.3,0,0.3,0,0.255,0,0.496,0.499,0.174,0.258,0.004,0,0.425,0.67
15/08/2015 14:00,0,0,0,0,0,0,0,0.341,0,0.427,0.425,0.275,0.017,0,0,0.215,0.651
15/08/2015 15:00,0,0,0,0,0,0,0,0.403,0,0.322,0.314,0.364,0,0,0,0.005,0.585
15/08/2015 16:00,0,0,0,0,0,0,0,0.433,0,0.22,0.186,0.444,0,0,0,0,0.468
15/08/2015 17:00,0,0,0,0,0,0,0,0.428,0,0.097,0.046,0.473,0,0,0,0,0.312
15/08/2015 18:00,0,0,0,0,0,0,0,0.387,0.001,0.016,0,0.483,0,0,0,0,0.139
15/08/2015 19:00,0,0,0,0,0,0,0,0.314,0.105,0,0,0.443,0,0,0,0,0.012
15/08/2015 20:00,0,0,0,0,0,0,0,0.221,0.237,0,0,0.37,0,0,0,0,0
15/08/2015 21:00,0,0,0,0,0,0,0,0.118,0.363,0,0,0.266,0,0,0,0,0
15/08/2015 22:00,0,0,0,0,0,0,0,0.015,0.467,0,0,0.139,0,0,0.047,0,0
15/08/2015 23:00,0.1,0,0.2,0,0,0,0,0,0.612,0,0,0.02,0,0,0.142,0,0
16/08/2015 00:00,4.9,1.6,4.1,0.1,0.4,0.1,0.008,0,0.583,0,0,0,0,0,0.253,0,0
16/08/2015 01:00,12.9,8.1,11.1,4.3,4.1,3,0.059,0,0.514,0,0,0,0,0.041,0.351,0,0
16/08/2015 02:00,24.8,17.2,19,13.9,11.2,10.5,0.142,0,0.424,0,0,0,0,0.182,0.406,0,0
16/08/2015 03:00,36,25.4,26.7,24.3,19.1,18.9,0.247,0,0.28,0,0,0,0.049,0.344,0.46,0,0
16/08/2015 04:00,42,30.9,33.3,31.7,25,26.9,0.335,0,0.114,0,0,0,0.324,0.482,0.48,0.17,0
16/08/2015 05:00,40.4,33.5,36.4,36.6,27.8,33.3,0.379,0,0.01,0,0,0,0.532,0.577,0.427,0.389,0
16/08/2015 06:00,38.5,32.1,35.6,38.9,28.4,37,0.385,0,0,0,0.025,0,0.672,0.631,0.347,0.549,0
16/08/2015 07:00,34.8,28,32.6,38.4,27.5,37.1,0.355,0,0,0.018,0.132,0,0.757,0.641,0.232,0.652,0.002
16/08/2015 08:00,27.1,22.1,26.1,35.7,24.4,34.2,0.31,0,0,0.093,0.258,0,0.792,0.606,0.112,0.715,0.101
16/08/2015 09:00,18,15.6,18.3,29.8,18.9,29.1,0.224,0,0,0.2,0.332,0,0.782,0.484,0.013,0.739,0.263
16/08/2015 10:00,10,9.4,10.3,21.7,12.5,21.4,0.12,0,0,0.291,0.37,0,0.725,0.368,0,0.725,0.422
16/08/2015 11:00,3.1,3.6,3.2,12.9,5.9,12.4,0.039,0.04,0,0.369,0.371,0,0.62,0.231,0,0.666,0.528
16/08/2015 12:00,0,0.2,0.1,4.8,1,4.4,0,0.162,0,0.439,0.352,0.069,0.461,0.096,0,0.541,0.593
16/08/2015 13:00,0,0,0,0.3,0,0.2,0,0.288,0,0.503,0.337,0.207,0.244,0.004,0,0.399,0.609
16/08/2015 14:00,0,0,0,0,0,0,0,0.398,0,0.514,0.321,0.357,0.014,0,0,0.15,0.564
16/08/2015 15:00,0,0,0,0,0,0,0,0.48,0,0.464,0.256,0.479,0,0,0,0,0.489
16/08/2015 16:00,0,0,0,0,0,0,0,0.487,0,0.348,0.159,0.562,0,0,0,0,0.386
16/08/2015 17:00,0,0,0,0,0,0,0,0.446,0,0.193,0.042,0.601,0,0,0,0,0.239
16/08/2015 18:00,0,0,0,0,0,0,0,0.377,0,0.05,0,0.583,0,0,0,0,0.106
16/08/2015 19:00,0,0,0,0,0,0,0,0.302,0.092,0,0,0.519,0,0,0,0,0.007
16/08/2015 20:00,0,0,0,0,0,0,0,0.202,0.213,0,0,0.418,0,0,0,0,0
16/08/2015 21:00,0,0,0,0,0,0,0,0.093,0.352,0,0,0.281,0,0,0,0,0
16/08/2015 22:00,0,0,0,0,0,0,0,0.009,0.421,0,0,0.138,0,0,0.032,0,0
16/08/2015 23:00,0,0,0.3,0,0,0,0,0,0.446,0,0,0.021,0,0,0.11,0,0
17/08/2015 00:00,3.4,1.5,4.8,0.1,0.5,0,0.049,0,0.439,0,0,0,0,0,0.199,0,0
17/08/2015 01:00,10.1,7,13.8,5.5,4.7,3.4,0.173,0,0.418,0,0,0,0,0.039,0.253,0,0
17/08/2015 02:00,20.5,14,23.1,17.1,12.5,12.7,0.294,0,0.344,0,0,0,0,0.174,0.333,0,0
17/08/2015 03:00,29.5,20.9,30.2,28.3,20.3,22.3,0.392,0,0.242,0,0,0,0.044,0.327,0.312,0,0
17/08/2015 04:00,35.4,25.8,34.9,36.8,25.8,30.3,0.479,0,0.117,0,0,0,0.316,0.463,0.318,0.132,0
17/08/2015 05:00,39.3,28.1,38.2,41.9,29.9,35.8,0.515,0,0.01,0,0,0,0.524,0.559,0.286,0.37,0
17/08/2015 06:00,38,28.8,37.5,44.1,31.8,38.6,0.492,0,0,0,0.022,0,0.664,0.576,0.22,0.553,0
17/08/2015 07:00,34.7,27.5,33.2,43.5,30.2,38,0.476,0,0,0.039,0.128,0,0.751,0.589,0.137,0.671,0
17/08/2015 08:00,26.2,23.8,26.4,40.2,26.7,34.5,0.441,0,0,0.181,0.255,0,0.788,0.56,0.06,0.737,0.084
17/08/2015 09:00,19.4,18.3,19.5,33.9,21.6,27.9,0.331,0,0,0.323,0.368,0,0.779,0.486,0.005,0.751,0.224
17/08/2015 10:00,9.1,11.7,11.3,25.5,14.1,19.5,0.2,0,0,0.446,0.437,0,0.723,0.372,0,0.729,0.366
17/08/2015 11:00,2.8,5,3.7,15.1,6.7,11,0.062,0.038,0,0.529,0.487,0,0.618,0.231,0,0.667,0.464
17/08/2015 12:00,0,0.4,0.1,5.3,1.2,3.7,0,0.146,0,0.557,0.493,0.084,0.458,0.093,0,0.551,0.53
17/08/2015 13:00,0,0,0,0.3,0,0.1,0,0.249,0,0.549,0.476,0.244,0.238,0.003,0,0.383,0.556
17/08/2015 14:00,0,0,0,0,0,0,0,0.338,0,0.507,0.407,0.384,0.013,0,0,0.152,0.561
17/08/2015 15:00,0,0,0,0,0,0,0,0.402,0,0.42,0.308,0.488,0,0,0,0,0.48
17/08/2015 16:00,0,0,0,0,0,0,0,0.468,0,0.304,0.162,0.542,0,0,0,0,0.38
17/08/2015 17:00,0,0,0,0,0,0,0,0.485,0,0.151,0.043,0.568,0,0,0,0,0.246
17/08/2015 18:00,0,0,0,0,0,0,0,0.441,0.002,0.038,0,0.55,0,0,0,0,0.112
17/08/2015 19:00,0,0,0,0,0,0,0,0.369,0.118,0,0,0.496,0,0,0,0,0.007
17/08/2015 20:00,0,0,0,0,0,0,0,0.259,0.283,0,0,0.396,0,0,0,0,0
17/08/2015 21:00,0,0,0,0,0,0,0,0.133,0.42,0,0,0.253,0,0,0,0,0
17/08/2015 22:00,0,0,0,0,0,0,0,0.018,0.522,0,0,0.129,0,0,0.021,0,0
17/08/2015 23:00,0,0,0.1,0,0,0,0,0,0.544,0,0,0.019,0,0,0.085,0,0
18/08/2015 00:00,2.1,1.6,3.4,0.1,0.4,0.1,0.068,0,0.509,0,0,0,0,0,0.154,0,0
18/08/2015 01:00,7.4,8.3,10.4,5.6,4.9,4.1,0.225,0,0.454,0,0,0,0,0.04,0.228,0,0
18/08/2015 02:00,14.3,17.4,18.3,17.5,13.6,14.3,0.386,0,0.368,0,0,0,0,0.185,0.296,0,0
18/08/2015 03:00,21.3,25.5,24.8,28.7,22.4,24.8,0.518,0,0.262,0,0,0,0.051,0.347,0.342,0,0
18/08/2015 04:00,24.8,31.7,30,37.1,29.3,32.9,0.609,0,0.134,0,0,0,0.318,0.485,0.364,0.153,0
18/08/2015 05:00,24.8,34.8,32.6,42.4,33.5,38,0.632,0,0.014,0,0,0,0.527,0.581,0.338,0.383,0
18/08/2015 06:00,23.1,35.3,31.6,45,34.6,39.8,0.62,0,0,0,0.016,0,0.669,0.618,0.258,0.555,0
18/08/2015 07:00,21.4,32.5,27.6,44.4,33,38.9,0.569,0,0,0.009,0.089,0,0.757,0.632,0.176,0.669,0.001
18/08/2015 08:00,17.6,26.7,21.6,40.9,28.4,35.1,0.485,0,0,0.071,0.157,0,0.795,0.603,0.087,0.733,0.098
18/08/2015 09:00,13.4,19.2,14.3,34.6,21.6,28.6,0.353,0,0,0.159,0.19,0,0.786,0.513,0.013,0.751,0.269
18/08/2015 10:00,7.5,11.9,8,26,14.4,20.5,0.228,0,0,0.245,0.234,0,0.731,0.398,0,0.731,0.435
18/08/2015 11:00,2.1,4.8,2.5,15.4,7,11.6,0.073,0.042,0,0.317,0.267,0,0.628,0.25,0,0.668,0.56
18/08/2015 12:00,0,0.3,0,5.3,1.2,3.9,0,0.19,0,0.365,0.287,0.065,0.469,0.098,0,0.551,0.621
18/08/2015 13:00,0,0,0,0.3,0,0.2,0,0.346,0,0.383,0.303,0.189,0.253,0.003,0,0.384,0.653
18/08/2015 14:00,0,0,0,0,0,0,0,0.472,0,0.359,0.278,0.328,0.017,0,0,0.177,0.638
18/08/2015 15:00,0,0,0,0,0,0,0,0.545,0,0.323,0.212,0.439,0,0,0,0.001,0.569
18/08/2015 16:00,0,0,0,0,0,0,0,0.579,0,0.215,0.124,0.5,0,0,0,0,0.459
18/08/2015 17:00,0,0,0,0,0,0,0,0.562,0,0.11,0.034,0.512,0,0,0,0,0.309
18/08/2015 18:00,0,0,0,0,0,0,0,0.501,0,0.024,0,0.484,0,0,0,0,0.141
18/08/2015 19:00,0,0,0,0,0,0,0,0.392,0.093,0,0,0.418,0,0,0,0,0.011
18/08/2015 20:00,0,0,0,0,0,0,0,0.277,0.221,0,0,0.303,0,0,0,0,0
18/08/2015 21:00,0,0,0,0,0,0,0,0.127,0.326,0,0,0.19,0,0,0,0,0
18/08/2015 22:00,0,0,0,0,0,0,0,0.014,0.402,0,0,0.081,0,0,0.024,0,0
18/08/2015 23:00,0,0,0.2,0,0,0,0,0,0.45,0,0,0.007,0,0,0.086,0,0
19/08/2015 00:00,3,1.4,3.9,0.1,0.3,0.1,0.076,0,0.441,0,0,0,0,0,0.161,0,0
19/08/2015 01:00,10.8,7.9,10.9,5.3,4.4,3.9,0.249,0,0.411,0,0,0,0,0.04,0.226,0,0
19/08/2015 02:00,23.4,16.3,17.2,16.9,12.6,14.1,0.418,0,0.337,0,0,0,0,0.187,0.272,0,0
19/08/2015 03:00,34.1,23.4,22.4,28,20.9,25.3,0.552,0,0.239,0,0,0,0.059,0.357,0.288,0,0
19/08/2015 04:00,39.1,28.5,26.4,36.4,27.3,34.2,0.629,0,0.111,0,0,0,0.331,0.502,0.282,0.146,0
19/08/2015 05:00,42.8,30.6,28.7,41.8,32.2,40.1,0.663,0,0.007,0,0,0,0.543,0.602,0.249,0.379,0
19/08/2015 06:00,42.4,30.1,28.4,44.4,34.1,42.6,0.65,0,0,0,0.019,0,0.684,0.616,0.199,0.554,0
19/08/2015 07:00,39.1,27.5,26.2,43.8,32.6,42.1,0.599,0,0,0.018,0.113,0,0.769,0.625,0.139,0.669,0
19/08/2015 08:00,33.3,22.9,21,40.3,28.3,38.1,0.503,0,0,0.1,0.206,0,0.806,0.589,0.069,0.734,0.094
19/08/2015 09:00,24.4,16.9,15.6,32.5,21.1,31,0.385,0,0,0.212,0.295,0,0.796,0.509,0.007,0.754,0.253
19/08/2015 10:00,14.2,10.7,9.2,23.9,13.7,23,0.211,0,0,0.325,0.379,0,0.741,0.392,0,0.731,0.402
19/08/2015 11:00,4.1,4.2,2.8,14,6.2,13,0.064,0.036,0,0.418,0.444,0,0.636,0.241,0,0.665,0.519
19/08/2015 12:00,0,0.3,0,5,1.1,4.6,0,0.151,0,0.469,0.463,0.057,0.474,0.092,0,0.541,0.581
19/08/2015 13:00,0,0,0,0.2,0,0.2,0,0.266,0,0.467,0.463,0.181,0.256,0.002,0,0.375,0.61
19/08/2015 14:00,0,0,0,0,0,0,0,0.353,0,0.397,0.388,0.334,0.018,0,0,0.163,0.598
19/08/2015 15:00,0,0,0,0,0,0,0,0.396,0,0.316,0.278,0.492,0,0,0,0,0.546
19/08/2015 16:00,0,0,0,0,0,0,0,0.366,0,0.201,0.128,0.608,0,0,0,0,0.445
19/08/2015 17:00,0,0,0,0,0,0,0,0.312,0,0.114,0.022,0.634,0,0,0,0,0.3
19/08/2015 18:00,0,0,0,0,0,0,0,0.253,0.003,0.024,0,0.588,0,0,0,0,0.136
19/08/2015 19:00,0,0,0,0,0,0,0,0.191,0.112,0,0,0.516,0,0,0,0,0.011
19/08/2015 20:00,0,0,0,0,0,0,0,0.119,0.25,0,0,0.42,0,0,0,0,0
19/08/2015 21:00,0,0,0,0,0,0,0,0.056,0.361,0,0,0.296,0,0,0,0,0
19/08/2015 22:00,0,0,0,0,0,0,0,0.005,0.424,0,0,0.153,0,0,0.013,0,0
19/08/2015 23:00,0,0,0.1,0,0,0,0,0,0.482,0,0,0.026,0,0,0.066,0,0
20/08/2015 00:00,1.4,0.8,2.4,0.1,0.4,0.1,0.06,0,0.478,0,0,0,0,0,0.134,0,0
20/08/2015 01:00,4.9,5.3,7.5,4.9,4.1,3.6,0.196,0,0.437,0,0,0,0,0.038,0.195,0,0
20/08/2015 02:00,9.4,11.7,13.6,16.4,11.2,13,0.34,0,0.362,0,0,0,0,0.181,0.235,0,0
20/08/2015 03:00,15.1,17.7,19.2,28.1,18,23.7,0.472,0,0.253,0,0,0,0.053,0.349,0.248,0,0
20/08/2015 04:00,22.4,22.5,24,37.1,23.6,32.4,0.587,0,0.127,0,0,0,0.315,0.49,0.253,0.137,0
20/08/2015 05:00,27.5,25.9,26.5,42.7,27.1,38,0.645,0,0.012,0,0,0,0.524,0.587,0.229,0.371,0
20/08/2015 06:00,28.2,26.9,25.6,46.1,27.1,40.6,0.666,0,0,0,0,0,0.663,0.629,0.192,0.547,0
20/08/2015 07:00,24,26.1,22.9,45.2,25.3,40.3,0.627,0,0,0.034,0.048,0,0.749,0.641,0.14,0.664,0
20/08/2015 08:00,19.7,22.5,18,41.5,21.8,37.2,0.533,0,0,0.172,0.155,0,0.785,0.608,0.071,0.731,0.064
20/08/2015 09:00,14,16.5,12.1,34.4,16.9,31.3,0.385,0,0,0.336,0.305,0,0.774,0.528,0.007,0.749,0.171
20/08/2015 10:00,7.9,10.4,6.3,25.5,11,23.3,0.226,0,0,0.457,0.431,0,0.714,0.41,0,0.726,0.33
20/08/2015 11:00,2.2,4.1,1.6,14.9,5.2,13.8,0.07,0.048,0,0.535,0.485,0,0.566,0.259,0,0.66,0.505
20/08/2015 12:00,0,0.3,0,5.1,0.8,4.8,0,0.193,0,0.559,0.477,0.078,0.371,0.102,0,0.536,0.613
20/08/2015 13:00,0,0,0,0.2,0,0.2,0,0.324,0,0.537,0.463,0.219,0.099,0.003,0,0.366,0.656
20/08/2015 14:00,0,0,0,0,0,0,0,0.409,0,0.491,0.397,0.4,0,0,0,0.153,0.644
20/08/2015 15:00,0,0,0,0,0,0,0,0.427,0,0.412,0.276,0.548,0,0,0,0,0.58
20/08/2015 16:00,0,0,0,0,0,0,0,0.419,0,0.262,0.145,0.618,0,0,0,0,0.466
20/08/2015 17:00,0,0,0,0,0,0,0,0.403,0,0.135,0.036,0.631,0,0,0,0,0.311
20/08/2015 18:00,0,0,0,0,0,0,0,0.393,0.003,0.026,0,0.57,0,0,0,0,0.133
20/08/2015 19:00,0,0,0,0,0,0,0,0.331,0.111,0,0,0.445,0,0,0,0,0.009
20/08/2015 20:00,0,0,0,0,0,0,0,0.223,0.243,0,0,0.321,0,0,0,0,0
20/08/2015 21:00,0,0,0,0,0,0,0,0.103,0.357,0,0,0.173,0,0,0,0,0
20/08/2015 22:00,0,0,0,0,0,0,0,0.009,0.45,0,0,0.075,0,0,0.016,0,0
20/08/2015 23:00,0,0,0.1,0,0,0,0,0,0.514,0,0,0.005,0,0,0.077,0,0
21/08/2015 00:00,1.7,1.2,2.6,0.1,0.4,0.1,0.051,0,0.557,0,0,0,0,0,0.153,0,0
21/08/2015 01:00,6.4,7.2,7.9,4.9,4.7,4,0.15,0,0.549,0,0,0,0,0.039,0.219,0,0
21/08/2015 02:00,12.6,14.9,13,16.5,12.7,14.7,0.204,0,0.487,0,0,0,0,0.192,0.28,0,0
21/08/2015 03:00,20.3,22.5,18,28.3,21.5,26.4,0.293,0,0.38,0,0,0,0.016,0.366,0.316,0,0
21/08/2015 04:00,24.5,28.6,20.7,37.3,28.4,35.6,0.415,0,0.197,0,0,0,0.188,0.509,0.332,0.11,0
21/08/2015 05:00,27.3,32.1,22.2,43,32.6,41.6,0.501,0,0.026,0,0,0,0.393,0.608,0.317,0.335,0
21/08/2015 06:00,28.6,32.5,21.9,45.2,33,44.4,0.528,0,0,0,0.03,0,0.55,0.663,0.257,0.512,0
21/08/2015 07:00,26,30.2,20.5,44.4,30.2,44.2,0.507,0,0,0.012,0.165,0,0.656,0.672,0.173,0.629,0
21/08/2015 08:00,22.5,25.5,16,40.8,25.1,40.8,0.437,0,0,0.074,0.307,0,0.699,0.64,0.083,0.702,0.095
21/08/2015 09:00,16.4,19.1,10.6,34.6,18.5,34.3,0.339,0,0,0.153,0.429,0,0.637,0.543,0.01,0.738,0.252
21/08/2015 10:00,9.6,11.6,5.7,25.2,11.8,25.1,0.202,0,0,0.208,0.517,0,0.497,0.424,0,0.715,0.42
21/08/2015 11:00,2.7,4.5,1.7,14.7,5.7,14.2,0.065,0.043,0,0.23,0.572,0,0.327,0.268,0,0.647,0.552
21/08/2015 12:00,0,0.3,0,5,1,4.9,0,0.204,0,0.234,0.577,0.076,0.181,0.104,0,0.511,0.623
21/08/2015 13:00,0,0,0,0.2,0,0.2,0,0.363,0,0.242,0.514,0.212,0.071,0.002,0,0.318,0.652
21/08/2015 14:00,0,0,0,0,0,0,0,0.482,0,0.222,0.387,0.363,0,0,0,0.1,0.63
21/08/2015 15:00,0,0,0,0,0,0,0,0.537,0,0.184,0.219,0.463,0,0,0,0,0.582
21/08/2015 16:00,0,0,0,0,0,0,0,0.527,0,0.121,0.105,0.531,0,0,0,0,0.463
21/08/2015 17:00,0,0,0,0,0,0,0,0.486,0,0.056,0.022,0.576,0,0,0,0,0.305
21/08/2015 18:00,0,0,0,0,0,0,0,0.445,0.007,0.008,0,0.564,0,0,0,0,0.134
21/08/2015 19:00,0,0,0,0,0,0,0,0.388,0.141,0,0,0.508,0,0,0,0,0.01
21/08/2015 20:00,0,0,0,0,0,0,0,0.28,0.286,0,0,0.407,0,0,0,0,0
21/08/2015 21:00,0,0,0,0,0,0,0,0.149,0.395,0,0,0.276,0,0,0,0,0
21/08/2015 22:00,0,0,0,0,0,0,0,0.017,0.486,0,0,0.135,0,0,0.02,0,0
21/08/2015 23:00,0,0,0,0,0,0,0,0,0.532,0,0,0.016,0,0,0.08,0,0
22/08/2015 00:00,2.5,1.4,2.1,0.1,0.3,0.1,0.04,0,0.542,0,0,0,0,0,0.151,0,0
22/08/2015 01:00,7.1,7.6,7.4,4.8,3.6,4,0.139,0,0.51,0,0,0,0,0.039,0.214,0,0
22/08/2015 02:00,12.7,15.7,14.1,16.6,10.3,14.9,0.222,0,0.427,0,0,0,0,0.19,0.243,0,0
22/08/2015 03:00,18.8,23.1,20.2,28.4,17.7,26.3,0.292,0,0.297,0,0,0,0.014,0.361,0.25,0,0
22/08/2015 04:00,24.5,29.3,25.6,37.3,24.8,34.9,0.386,0,0.138,0,0,0,0.161,0.502,0.258,0.13,0
22/08/2015 05:00,27.1,32.6,29.4,42.8,30.3,39.9,0.413,0,0.013,0,0,0,0.31,0.599,0.243,0.356,0
22/08/2015 06:00,26.8,32.4,29.8,45.3,32.9,42.9,0.357,0,0,0,0.006,0,0.416,0.639,0.201,0.533,0
22/08/2015 07:00,26,29.8,27.1,44.6,32.9,42.2,0.277,0,0,0.01,0.065,0,0.484,0.646,0.134,0.652,0
22/08/2015 08:00,21.6,25.7,22.6,41.1,30,38.6,0.2,0,0,0.071,0.146,0,0.501,0.61,0.063,0.72,0.089
22/08/2015 09:00,15.3,19.2,16.5,34.6,24.2,31.6,0.118,0,0,0.158,0.216,0,0.491,0.539,0.005,0.718,0.232
22/08/2015 10:00,8.5,11.4,8.8,25.6,16.3,22.7,0.054,0,0,0.258,0.282,0,0.45,0.417,0,0.695,0.371
22/08/2015 11:00,2.5,4.6,2.6,14.8,7.9,13.1,0.012,0.025,0,0.337,0.341,0,0.338,0.261,0,0.612,0.504
22/08/2015 12:00,0,0.3,0.1,4.9,1.5,4.6,0,0.125,0,0.373,0.371,0.072,0.197,0.1,0,0.503,0.579
22/08/2015 13:00,0,0,0,0.1,0,0.2,0,0.244,0,0.435,0.341,0.23,0.069,0.001,0,0.35,0.613
22/08/2015 14:00,0,0,0,0,0,0,0,0.349,0,0.464,0.243,0.408,0,0,0,0.149,0.581
22/08/2015 15:00,0,0,0,0,0,0,0,0.433,0,0.358,0.149,0.531,0,0,0,0,0.471
22/08/2015 16:00,0,0,0,0,0,0,0,0.488,0,0.262,0.089,0.613,0,0,0,0,0.386
22/08/2015 17:00,0,0,0,0,0,0,0,0.492,0,0.14,0.026,0.641,0,0,0,0,0.255
22/08/2015 18:00,0,0,0,0,0,0,0,0.434,0.005,0.027,0,0.622,0,0,0,0,0.109
22/08/2015 19:00,0,0,0,0,0,0,0,0.341,0.124,0,0,0.548,0,0,0,0,0.007
22/08/2015 20:00,0,0,0,0,0,0,0,0.229,0.283,0,0,0.429,0,0,0,0,0
22/08/2015 21:00,0,0,0,0,0,0,0,0.108,0.421,0,0,0.289,0,0,0,0,0
22/08/2015 22:00,0,0,0,0,0,0,0,0.008,0.51,0,0,0.142,0,0,0.026,0,0
22/08/2015 23:00,0,0,0,0,0,0,0,0,0.554,0,0,0.02,0,0,0.086,0,0
23/08/2015 00:00,5.5,2.1,3.3,0.1,0.5,0.1,0.009,0,0.546,0,0,0,0,0,0.164,0,0
23/08/2015 01:00,16,10.8,11.6,4.5,5.5,3.9,0.051,0,0.504,0,0,0,0,0.036,0.255,0,0
23/08/2015 02:00,25.7,21.1,20.7,15.8,14.8,14.5,0.139,0,0.411,0,0,0,0,0.181,0.325,0,0
23/08/2015 03:00,35.7,30.1,26.6,27.5,24.1,25.8,0.257,0,0.292,0,0,0,0.017,0.348,0.368,0,0
23/08/2015 04:00,42.1,36.3,31.2,36.6,31.5,34.5,0.403,0,0.143,0,0,0,0.159,0.488,0.373,0.128,0
23/08/2015 05:00,44.3,39,33.3,42.1,36.2,40,0.504,0,0.014,0,0,0,0.338,0.585,0.336,0.352,0
23/08/2015 06:00,44.5,38.4,32,44.7,38,42.3,0.499,0,0,0,0.02,0,0.503,0.651,0.261,0.529,0
23/08/2015 07:00,39.3,35.8,28.2,44.1,37,41.4,0.481,0,0,0.026,0.119,0,0.64,0.657,0.17,0.65,0
23/08/2015 08:00,30.8,30.2,23.8,40.6,33,38,0.397,0,0,0.124,0.242,0,0.682,0.619,0.079,0.72,0.052
23/08/2015 09:00,22.9,22.7,16.3,34.2,26.2,31.7,0.266,0,0,0.223,0.385,0,0.652,0.527,0.009,0.735,0.155
23/08/2015 10:00,12.3,13.7,9.4,25.3,17.6,23.1,0.124,0,0,0.313,0.459,0,0.553,0.402,0,0.714,0.267
23/08/2015 11:00,3.7,5.2,2.9,14.7,8.5,13.3,0.03,0.033,0,0.384,0.491,0,0.396,0.25,0,0.649,0.348
23/08/2015 12:00,0,0.3,0,4.9,1.6,4.4,0,0.15,0,0.433,0.509,0.092,0.214,0.098,0,0.518,0.409
23/08/2015 13:00,0,0,0,0.2,0,0.1,0,0.272,0,0.44,0.476,0.287,0.09,0.001,0,0.355,0.436
23/08/2015 14:00,0,0,0,0,0,0,0,0.383,0,0.411,0.386,0.457,0,0,0,0.146,0.441
23/08/2015 15:00,0,0,0,0,0,0,0,0.462,0,0.332,0.266,0.58,0,0,0,0,0.377
23/08/2015 16:00,0,0,0,0,0,0,0,0.507,0,0.232,0.147,0.654,0,0,0,0,0.304
23/08/2015 17:00,0,0,0,0,0,0,0,0.508,0,0.123,0.037,0.681,0,0,0,0,0.201
23/08/2015 18:00,0,0,0,0,0,0,0,0.473,0,0.032,0,0.665,0,0,0,0,0.086
23/08/2015 19:00,0,0,0,0,0,0,0,0.391,0.06,0,0,0.604,0,0,0,0,0.002
23/08/2015 20:00,0,0,0,0,0,0,0,0.277,0.166,0,0,0.498,0,0,0,0,0
23/08/2015 21:00,0,0,0,0,0,0,0,0.139,0.28,0,0,0.346,0,0,0,0,0
23/08/2015 22:00,0,0,0,0,0,0,0,0.016,0.367,0,0,0.167,0,0,0.06,0,0
23/08/2015 23:00,0,0,0,0,0,0,0,0,0.408,0,0,0.021,0,0,0.2,0,0
24/08/2015 00:00,3.7,1.6,3,0.1,0.2,0.1,0.012,0,0.405,0,0,0,0,0,0.349,0,0
24/08/2015 01:00,11.7,8.5,9.6,4.8,5.5,4.1,0.063,0,0.395,0,0,0,0,0.037,0.465,0,0
24/08/2015 02:00,21.4,17,16.2,16.5,15.8,14.7,0.129,0,0.352,0,0,0,0,0.19,0.531,0,0
24/08/2015 03:00,32.5,24.7,22.2,28.4,26.2,25.9,0.207,0,0.258,0,0,0,0.059,0.361,0.538,0,0
24/08/2015 04:00,38.3,29.8,27.6,37.2,33.5,34.8,0.312,0,0.129,0,0,0,0.311,0.502,0.509,0.105,0
24/08/2015 05:00,39.4,32.3,30,42.7,38.1,40.8,0.471,0,0.015,0,0,0,0.511,0.599,0.421,0.319,0
24/08/2015 06:00,38.7,31.5,29.8,45.5,40,43.3,0.51,0,0,0,0.021,0,0.65,0.627,0.304,0.49,0
24/08/2015 07:00,33.7,29.6,27.5,44.9,39.1,42.6,0.485,0,0,0.03,0.136,0,0.735,0.636,0.183,0.607,0
24/08/2015 08:00,28.1,25.2,22.5,41.5,34.9,39.2,0.367,0,0,0.152,0.265,0,0.772,0.602,0.065,0.663,0.051
24/08/2015 09:00,20,18.9,16.3,34.9,27.5,32.6,0.224,0,0,0.287,0.36,0,0.764,0.526,0.002,0.669,0.162
24/08/2015 10:00,11,11.1,9.1,26,18.3,24.2,0.111,0,0,0.387,0.409,0,0.709,0.406,0,0.617,0.29
24/08/2015 11:00,3.2,4.1,2.5,15.1,9,13.6,0.029,0.046,0,0.455,0.426,0,0.534,0.252,0,0.537,0.426
24/08/2015 12:00,0,0.3,0,5,1.6,4.4,0,0.189,0,0.499,0.424,0.086,0.341,0.096,0,0.447,0.481
24/08/2015 13:00,0,0,0,0.1,0,0.1,0,0.325,0,0.49,0.383,0.269,0.149,0,0,0.301,0.474
24/08/2015 14:00,0,0,0,0,0,0,0,0.402,0,0.468,0.32,0.447,0.006,0,0,0.117,0.462
24/08/2015 15:00,0,0,0,0,0,0,0,0.462,0,0.423,0.237,0.573,0,0,0,0,0.437
24/08/2015 16:00,0,0,0,0,0,0,0,0.53,0,0.313,0.128,0.65,0,0,0,0,0.333
24/08/2015 17:00,0,0,0,0,0,0,0,0.554,0,0.162,0.027,0.679,0,0,0,0,0.23
24/08/2015 18:00,0,0,0,0,0,0,0,0.512,0.009,0.038,0,0.657,0,0,0,0,0.103
24/08/2015 19:00,0,0,0,0,0,0,0,0.421,0.162,0,0,0.596,0,0,0,0,0.006
24/08/2015 20:00,0,0,0,0,0,0,0,0.296,0.339,0,0,0.469,0,0,0,0,0
24/08/2015 21:00,0,0,0,0,0,0,0,0.149,0.486,0,0,0.329,0,0,0,0,0
24/08/2015 22:00,0,0,0,0,0,0,0,0.017,0.592,0,0,0.171,0,0,0.022,0,0
24/08/2015 23:00,0,0,0.1,0,0,0,0,0,0.646,0,0,0.021,0,0,0.096,0,0
25/08/2015 00:00,4,1.4,3,0.1,0.1,0.1,0.054,0,0.65,0,0,0,0,0,0.19,0,0
25/08/2015 01:00,12.3,7.8,8.8,4.8,4.8,3.9,0.201,0,0.607,0,0,0,0,0.036,0.277,0,0
25/08/2015 02:00,21.5,15.9,14.7,16.5,14,14.8,0.337,0,0.516,0,0,0,0,0.189,0.324,0,0
25/08/2015 03:00,28.2,22.5,19.6,28.2,23.3,26.3,0.451,0,0.382,0,0,0,0.066,0.363,0.334,0,0
25/08/2015 04:00,34.2,27.1,24.1,36.9,30.5,34.9,0.522,0,0.203,0,0,0,0.322,0.506,0.297,0.16,0
25/08/2015 05:00,35.6,28.8,25.3,42.5,35.3,41.2,0.579,0,0.036,0,0,0,0.533,0.603,0.236,0.382,0
25/08/2015 06:00,34.2,27.6,23.6,45.7,37.4,44.2,0.576,0,0,0,0.024,0,0.673,0.656,0.162,0.552,0
25/08/2015 07:00,29.3,26,20.5,45.2,36.5,44,0.509,0,0,0.039,0.156,0,0.758,0.663,0.11,0.66,0
25/08/2015 08:00,24.3,22.6,15.7,41.6,32.4,40.4,0.433,0,0,0.171,0.301,0,0.794,0.627,0.058,0.725,0.088
25/08/2015 09:00,16.2,17,10,35,25.6,33.9,0.312,0,0,0.255,0.413,0,0.786,0.54,0.004,0.732,0.229
25/08/2015 10:00,10,9.8,5.3,25.9,17.1,24.9,0.195,0,0,0.292,0.478,0,0.733,0.419,0,0.71,0.367
25/08/2015 11:00,3.1,3.5,1.6,15.1,8.1,14.3,0.06,0.048,0,0.284,0.516,0,0.632,0.262,0,0.652,0.486
25/08/2015 12:00,0,0.2,0,4.9,1.4,4.7,0,0.202,0,0.277,0.512,0.093,0.476,0.099,0,0.527,0.553
25/08/2015 13:00,0,0,0,0.1,0,0.1,0,0.351,0,0.305,0.468,0.282,0.265,0,0,0.357,0.626
25/08/2015 14:00,0,0,0,0,0,0,0,0.461,0,0.295,0.393,0.458,0.025,0,0,0.126,0.616
25/08/2015 15:00,0,0,0,0,0,0,0,0.526,0,0.244,0.263,0.581,0,0,0,0,0.558
25/08/2015 16:00,0,0,0,0,0,0,0,0.558,0,0.161,0.124,0.657,0,0,0,0,0.457
25/08/2015 17:00,0,0,0,0,0,0,0,0.525,0,0.079,0.024,0.686,0,0,0,0,0.312
25/08/2015 18:00,0,0,0,0,0,0,0,0.477,0.013,0.013,0,0.664,0,0,0,0,0.14
25/08/2015 19:00,0,0,0,0,0,0,0,0.395,0.192,0,0,0.593,0,0,0,0,0.009
25/08/2015 20:00,0,0,0,0,0,0,0,0.276,0.373,0,0,0.441,0,0,0,0,0
25/08/2015 21:00,0,0,0,0,0,0,0,0.134,0.552,0,0,0.308,0,0,0,0,0
25/08/2015 22:00,0,0,0,0,0,0,0,0.015,0.624,0,0,0.142,0,0,0.033,0,0
25/08/2015 23:00,0,0,0.1,0,0,0,0,0,0.627,0,0,0.019,0,0,0.119,0,0
26/08/2015 00:00,3.4,0.9,2.3,0.1,0.3,0,0.042,0,0.589,0,0,0,0,0,0.208,0,0
26/08/2015 01:00,10.3,6.2,8.1,4.7,4.3,3.7,0.132,0,0.539,0,0,0,0,0.036,0.282,0,0
26/08/2015 02:00,20.1,13.8,15.2,16.7,12.7,14.8,0.214,0,0.456,0,0,0,0,0.188,0.31,0,0
26/08/2015 03:00,24.8,20.3,22.5,28.5,22.1,26.5,0.273,0,0.319,0,0,0,0.072,0.361,0.282,0,0
26/08/2015 04:00,27.1,25.3,26.4,37.4,29.8,36.1,0.413,0,0.168,0,0,0,0.344,0.504,0.282,0.119,0
26/08/2015 05:00,27.8,27.8,26.3,43,34.4,42.1,0.517,0,0.023,0,0,0,0.549,0.601,0.248,0.36,0
26/08/2015 06:00,22.5,27.5,24.5,45.7,36.4,44.4,0.568,0,0,0,0.007,0,0.689,0.632,0.21,0.544,0
26/08/2015 07:00,18.3,24.5,20.2,45,35.7,44,0.532,0,0,0.03,0.075,0,0.773,0.641,0.133,0.657,0
26/08/2015 08:00,13.5,20.1,14.9,41.5,31.8,40.1,0.442,0,0,0.149,0.181,0,0.809,0.606,0.051,0.726,0.089
26/08/2015 09:00,9.4,14.3,9.5,34.9,24.7,33.4,0.334,0,0,0.285,0.306,0,0.799,0.511,0.002,0.747,0.227
26/08/2015 10:00,5.1,8.1,4.9,25.8,16.4,24.5,0.197,0,0,0.392,0.401,0,0.745,0.389,0,0.728,0.372
26/08/2015 11:00,1.5,2.7,1.5,14.9,7.7,13.8,0.059,0.045,0,0.479,0.437,0,0.641,0.235,0,0.667,0.52
26/08/2015 12:00,0,0.1,0,4.8,1.2,4.3,0,0.18,0,0.521,0.394,0.084,0.484,0.084,0,0.562,0.598
26/08/2015 13:00,0,0,0,0.1,0,0.1,0,0.31,0,0.501,0.354,0.264,0.271,0,0,0.41,0.639
26/08/2015 14:00,0,0,0,0,0,0,0,0.428,0,0.469,0.256,0.43,0.028,0,0,0.209,0.629
26/08/2015 15:00,0,0,0,0,0,0,0,0.506,0,0.396,0.166,0.551,0,0,0,0.006,0.569
26/08/2015 16:00,0,0,0,0,0,0,0,0.535,0,0.296,0.116,0.626,0,0,0,0,0.469
26/08/2015 17:00,0,0,0,0,0,0,0,0.52,0,0.156,0.04,0.659,0,0,0,0,0.327
26/08/2015 18:00,0,0,0,0,0,0,0,0.473,0.007,0.039,0,0.649,0,0,0,0,0.152
26/08/2015 19:00,0,0,0,0,0,0,0,0.4,0.127,0,0,0.598,0,0,0,0,0.009
26/08/2015 20:00,0,0,0,0,0,0,0,0.285,0.261,0,0,0.499,0,0,0,0,0
26/08/2015 21:00,0,0,0,0,0,0,0,0.141,0.39,0,0,0.351,0,0,0,0,0
26/08/2015 22:00,0,0,0,0,0,0,0,0.016,0.466,0,0,0.169,0,0,0.041,0,0
26/08/2015 23:00,0,0,0,0,0,0,0,0,0.51,0,0,0.019,0,0,0.152,0,0
27/08/2015 00:00,4.5,1.2,2.4,0,0.3,0,0.068,0,0.53,0,0,0,0,0,0.256,0,0
27/08/2015 01:00,15.9,6.8,9.3,4.5,3.9,3.2,0.225,0,0.503,0,0,0,0,0.029,0.302,0,0
27/08/2015 02:00,26.5,14.3,17.8,16.1,11.2,13.2,0.376,0,0.452,0,0,0,0,0.156,0.296,0,0
27/08/2015 03:00,35.4,21.8,25.7,27.8,19.4,24.4,0.514,0,0.318,0,0,0,0.061,0.307,0.31,0,0
27/08/2015 04:00,39.4,28.2,30.6,36.6,25.3,33.4,0.615,0,0.166,0,0,0,0.323,0.437,0.235,0.126,0
27/08/2015 05:00,38.4,31.1,33.4,42.1,28.6,39.1,0.668,0,0.023,0,0,0,0.539,0.53,0.182,0.385,0
27/08/2015 06:00,36,31.9,32.4,45.2,29.3,41.4,0.658,0,0,0,0.015,0,0.679,0.549,0.135,0.551,0
27/08/2015 07:00,31.3,30.8,29,44.6,28.9,41,0.605,0,0,0.036,0.096,0,0.765,0.528,0.081,0.666,0
27/08/2015 08:00,25.6,26.8,25,41.2,26.5,37.6,0.515,0,0,0.18,0.185,0,0.803,0.468,0.031,0.732,0.099
27/08/2015 09:00,19.1,20,17.9,34.3,21.8,31.7,0.378,0,0,0.34,0.261,0,0.793,0.413,0,0.75,0.258
27/08/2015 10:00,10.8,12.1,9.8,25.4,15.1,23.6,0.222,0,0,0.469,0.332,0,0.739,0.293,0,0.731,0.409
27/08/2015 11:00,3.2,4.5,3,14.6,7.5,13.4,0.064,0.045,0,0.564,0.394,0,0.636,0.168,0,0.668,0.528
27/08/2015 12:00,0,0.2,0,4.7,1.2,4.3,0,0.182,0,0.588,0.417,0.059,0.48,0.058,0,0.546,0.637
27/08/2015 13:00,0,0,0,0.1,0,0.1,0,0.309,0,0.585,0.412,0.181,0.268,0,0,0.386,0.668
27/08/2015 14:00,0,0,0,0,0,0,0,0.421,0,0.545,0.343,0.34,0.028,0,0,0.175,0.641
27/08/2015 15:00,0,0,0,0,0,0,0,0.503,0,0.418,0.262,0.486,0,0,0,0.002,0.573
27/08/2015 16:00,0,0,0,0,0,0,0,0.541,0,0.296,0.138,0.577,0,0,0,0,0.462
27/08/2015 17:00,0,0,0,0,0,0,0,0.539,0,0.149,0.038,0.618,0,0,0,0,0.31
27/08/2015 18:00,0,0,0,0,0,0,0,0.499,0.007,0.029,0,0.617,0,0,0,0,0.139
27/08/2015 19:00,0,0,0,0,0,0,0,0.402,0.127,0,0,0.557,0,0,0,0,0.008
27/08/2015 20:00,0,0,0,0,0,0,0,0.283,0.312,0,0,0.452,0,0,0,0,0
27/08/2015 21:00,0,0,0,0,0,0,0,0.153,0.472,0,0,0.311,0,0,0,0,0
27/08/2015 22:00,0,0,0,0,0,0,0,0.016,0.611,0,0,0.155,0,0,0.056,0,0
27/08/2015 23:00,0,0,0,0,0,0,0,0,0.676,0,0,0.02,0,0,0.187,0,0
28/08/2015 00:00,4.5,1.6,2.8,0,0.3,0,0.041,0,0.681,0,0,0,0,0,0.329,0,0
28/08/2015 01:00,15.2,8.3,10.1,4.3,4.7,3,0.146,0,0.642,0,0,0,0,0.032,0.457,0,0
28/08/2015 02:00,30.2,16.9,17.9,15.7,13.8,12.2,0.256,0,0.544,0,0,0,0,0.173,0.526,0,0
28/08/2015 03:00,40.5,24,24.1,27.3,23.4,22.6,0.353,0,0.374,0,0,0,0.064,0.338,0.548,0,0
28/08/2015 04:00,49.7,29.2,28.7,36.2,30.2,30.9,0.407,0,0.212,0,0,0,0.325,0.482,0.52,0.136,0
28/08/2015 05:00,53.6,31.1,32.6,41.9,34.8,36,0.39,0,0.028,0,0,0,0.534,0.585,0.454,0.369,0
28/08/2015 06:00,51.5,30,33.1,44.3,36.9,37.7,0.331,0,0,0,0.005,0,0.676,0.635,0.352,0.539,0
28/08/2015 07:00,43.2,26.9,30.4,43.7,34.9,36.4,0.28,0,0,0.034,0.068,0,0.763,0.644,0.219,0.655,0
28/08/2015 08:00,31.2,22,25.1,40.4,29.5,32.5,0.224,0,0,0.174,0.154,0,0.801,0.603,0.086,0.721,0.074
28/08/2015 09:00,19.3,15.9,17.8,33.7,22.2,26.4,0.157,0,0,0.323,0.215,0,0.793,0.524,0.007,0.743,0.21
28/08/2015 10:00,9.3,9.4,10.2,24.7,14.1,18.9,0.08,0,0,0.443,0.255,0,0.738,0.404,0,0.722,0.362
28/08/2015 11:00,2.6,3.5,3.1,14,6.5,10.8,0.016,0.051,0,0.512,0.265,0,0.634,0.242,0,0.658,0.484
28/08/2015 12:00,0,0.1,0,4.5,1,3.6,0,0.184,0,0.542,0.271,0.076,0.477,0.088,0,0.537,0.566
28/08/2015 13:00,0,0,0,0.1,0,0.1,0,0.313,0,0.497,0.27,0.231,0.264,0,0,0.379,0.59
28/08/2015 14:00,0,0,0,0,0,0,0,0.406,0,0.412,0.218,0.415,0.027,0,0,0.175,0.609
28/08/2015 15:00,0,0,0,0,0,0,0,0.455,0,0.292,0.17,0.544,0,0,0,0.003,0.541
28/08/2015 16:00,0,0,0,0,0,0,0,0.462,0,0.188,0.1,0.619,0,0,0,0,0.443
28/08/2015 17:00,0,0,0,0,0,0,0,0.433,0,0.084,0.018,0.648,0,0,0,0,0.299
28/08/2015 18:00,0,0,0,0,0,0,0,0.364,0.015,0.009,0,0.646,0,0,0,0,0.131
28/08/2015 19:00,0,0,0,0,0,0,0,0.284,0.17,0,0,0.601,0,0,0,0,0.007
28/08/2015 20:00,0,0,0,0,0,0,0,0.183,0.343,0,0,0.504,0,0,0,0,0
28/08/2015 21:00,0,0,0,0,0,0,0,0.074,0.491,0,0,0.343,0,0,0,0,0
28/08/2015 22:00,0,0,0,0,0,0,0,0.004,0.586,0,0,0.171,0,0,0.053,0,0
28/08/2015 23:00,0,0,0.1,0,0,0,0,0,0.63,0,0,0.022,0,0,0.183,0,0
29/08/2015 00:00,1.8,0.8,3.5,0,0.5,0,0.017,0,0.616,0,0,0,0,0,0.311,0,0
29/08/2015 01:00,7.2,5.7,10.5,4.6,6.3,2.9,0.074,0,0.574,0,0,0,0,0.027,0.396,0,0
29/08/2015 02:00,15.9,12.9,18.6,16.7,16.5,12.7,0.134,0,0.483,0,0,0,0,0.139,0.457,0,0
29/08/2015 03:00,26.5,20.2,26.3,28.4,25.8,23.8,0.201,0,0.333,0,0,0,0.064,0.262,0.452,0,0
29/08/2015 04:00,40.1,26.1,32.2,37.1,33.5,32.7,0.287,0,0.153,0,0,0,0.316,0.324,0.396,0.126,0
29/08/2015 05:00,41,29.3,35,42.6,39,38.7,0.408,0,0.019,0,0,0,0.527,0.348,0.325,0.374,0
29/08/2015 06:00,37.2,29.6,33.9,45.7,40.9,41.2,0.493,0,0,0,0.029,0,0.669,0.373,0.243,0.544,0
29/08/2015 07:00,33.8,27.7,28.6,45.1,39.1,40.5,0.513,0,0,0.012,0.179,0,0.756,0.38,0.139,0.66,0
29/08/2015 08:00,26.9,22.7,21.6,41.6,34.8,36.6,0.469,0,0,0.106,0.338,0,0.793,0.368,0.052,0.725,0.089
29/08/2015 09:00,18.5,16.1,14.2,35.1,27.6,30.1,0.366,0,0,0.211,0.46,0,0.783,0.341,0,0.728,0.228
29/08/2015 10:00,9.7,9.6,7.2,26.1,18.2,21.6,0.223,0,0,0.358,0.545,0,0.729,0.262,0,0.704,0.372
29/08/2015 11:00,2.4,3.4,1.8,15,8.7,12.6,0.059,0.05,0,0.519,0.572,0,0.625,0.155,0,0.64,0.482
29/08/2015 12:00,0,0.1,0,4.7,1.4,4,0,0.212,0,0.544,0.567,0.091,0.468,0.059,0,0.526,0.542
29/08/2015 13:00,0,0,0,0.1,0,0.1,0,0.379,0,0.493,0.525,0.276,0.258,0,0,0.369,0.546
29/08/2015 14:00,0,0,0,0,0,0,0,0.508,0,0.443,0.45,0.447,0.026,0,0,0.163,0.514
29/08/2015 15:00,0,0,0,0,0,0,0,0.59,0,0.351,0.341,0.568,0,0,0,0,0.47
29/08/2015 16:00,0,0,0,0,0,0,0,0.624,0,0.242,0.199,0.636,0,0,0,0,0.377
29/08/2015 17:00,0,0,0,0,0,0,0,0.611,0,0.105,0.046,0.656,0,0,0,0,0.255
29/08/2015 18:00,0,0,0,0,0,0,0,0.56,0.005,0.018,0,0.631,0,0,0,0,0.105
29/08/2015 19:00,0,0,0,0,0,0,0,0.467,0.115,0,0,0.556,0,0,0,0,0.003
29/08/2015 20:00,0,0,0,0,0,0,0,0.326,0.254,0,0,0.434,0,0,0,0,0
29/08/2015 21:00,0,0,0,0,0,0,0,0.165,0.401,0,0,0.281,0,0,0,0,0
29/08/2015 22:00,0,0,0,0,0,0,0,0.016,0.508,0,0,0.124,0,0,0.01,0,0
29/08/2015 23:00,0,0,0,0,0,0,0,0,0.558,0,0,0.012,0,0,0.069,0,0
30/08/2015 00:00,1.7,0.6,1.6,0,0.5,0,0.039,0,0.566,0,0,0,0,0,0.128,0,0
30/08/2015 01:00,7,5,5.4,4.5,6.6,2.8,0.178,0,0.558,0,0,0,0,0.034,0.192,0,0
30/08/2015 02:00,14.4,12,10.9,16.5,17.6,12,0.32,0,0.495,0,0,0,0,0.188,0.241,0,0
30/08/2015 03:00,21.9,19.1,17.1,28.2,28,22.9,0.448,0,0.369,0,0,0,0.068,0.361,0.262,0,0
30/08/2015 04:00,23.9,24.7,20.7,37.1,35.5,32.5,0.541,0,0.198,0,0,0,0.321,0.504,0.253,0.111,0
30/08/2015 05:00,24,26.9,22.2,42.7,39.7,38.6,0.594,0,0.026,0,0,0,0.525,0.601,0.219,0.358,0
30/08/2015 06:00,22.4,26.2,20.5,45.2,40,41.1,0.585,0,0,0,0.028,0,0.665,0.644,0.17,0.533,0
30/08/2015 07:00,19.1,23.5,17.2,44.7,38.1,40.4,0.551,0,0,0.018,0.166,0,0.752,0.633,0.123,0.652,0
30/08/2015 08:00,15.7,18.7,12.9,41.3,34,37,0.477,0,0,0.128,0.305,0,0.79,0.553,0.069,0.719,0.054
30/08/2015 09:00,10.6,12.7,8.3,34.8,26.9,30,0.357,0,0,0.237,0.421,0,0.78,0.418,0.007,0.735,0.176
30/08/2015 10:00,6.4,7,4.2,25.8,17.5,21.6,0.185,0,0,0.278,0.497,0,0.723,0.364,0,0.713,0.32
30/08/2015 11:00,1.8,2.4,1.2,14.8,7.9,12.3,0.052,0.049,0,0.245,0.529,0,0.617,0.229,0,0.649,0.433
30/08/2015 12:00,0,0.1,0,4.6,1.3,3.9,0,0.206,0,0.244,0.504,0.084,0.451,0.088,0,0.521,0.509
30/08/2015 13:00,0,0,0,0.1,0,0.1,0,0.371,0,0.249,0.424,0.264,0.236,0,0,0.362,0.553
30/08/2015 14:00,0,0,0,0,0,0,0,0.485,0,0.225,0.339,0.431,0.018,0,0,0.152,0.552
30/08/2015 15:00,0,0,0,0,0,0,0,0.547,0,0.154,0.208,0.547,0,0,0,0,0.489
30/08/2015 16:00,0,0,0,0,0,0,0,0.561,0,0.09,0.079,0.608,0,0,0,0,0.381
30/08/2015 17:00,0,0,0,0,0,0,0,0.527,0,0.044,0.01,0.614,0,0,0,0,0.244
30/08/2015 18:00,0,0,0,0,0,0,0,0.452,0.002,0.004,0,0.576,0,0,0,0,0.104
30/08/2015 19:00,0,0,0,0,0,0,0,0.361,0.104,0,0,0.495,0,0,0,0,0.004
30/08/2015 20:00,0,0,0,0,0,0,0,0.247,0.345,0,0,0.386,0,0,0,0,0
30/08/2015 21:00,0,0,0,0,0,0,0,0.117,0.585,0,0,0.261,0,0,0,0,0
30/08/2015 22:00,0,0,0,0,0,0,0,0.012,0.684,0,0,0.122,0,0,0.035,0,0
30/08/2015 23:00,0,0,0,0,0,0,0,0,0.699,0,0,0.014,0,0,0.13,0,0
31/08/2015 00:00,2.1,0.6,1.9,0,0.3,0,0.024,0,0.663,0,0,0,0,0,0.235,0,0
31/08/2015 01:00,7,4.8,7,4.6,5.4,3,0.098,0,0.603,0,0,0,0,0.031,0.309,0,0
31/08/2015 02:00,13.1,11.2,12.7,16.9,15.2,13,0.183,0,0.532,0,0,0,0,0.177,0.353,0,0
31/08/2015 03:00,18.1,17.6,18.3,28.8,25.2,24.2,0.273,0,0.394,0,0,0,0.066,0.345,0.402,0,0
31/08/2015 04:00,23.6,23.3,22.1,37.7,32.6,33.7,0.309,0,0.229,0,0,0,0.311,0.493,0.417,0.112,0
31/08/2015 05:00,25.4,26.2,23.6,43.3,37.3,40.1,0.357,0,0.034,0,0,0,0.519,0.592,0.381,0.357,0
31/08/2015 06:00,24.8,26.2,22,45.7,39.1,42.2,0.344,0,0,0,0.013,0,0.661,0.634,0.305,0.523,0
31/08/2015 07:00,22.7,24.4,19.1,45.2,38.6,41.5,0.31,0,0,0.022,0.099,0,0.749,0.639,0.204,0.65,0
31/08/2015 08:00,17.5,19.3,14.2,41.8,33.8,38,0.235,0,0,0.139,0.204,0,0.787,0.58,0.094,0.716,0.083
31/08/2015 09:00,11.3,13.4,8.5,35.4,25.6,31.5,0.159,0,0,0.275,0.286,0,0.782,0.516,0.01,0.736,0.219
31/08/2015 10:00,6.2,7.6,4.1,26.2,16.7,23.2,0.085,0,0,0.407,0.349,0,0.727,0.379,0,0.713,0.357
31/08/2015 11:00,1.7,2.6,1,14.9,7.8,13.2,0.018,0.037,0,0.509,0.375,0,0.623,0.216,0,0.646,0.452
31/08/2015 12:00,0,0.1,0,4.5,1.3,4.1,0,0.163,0,0.499,0.38,0.087,0.465,0.075,0,0.529,0.515
31/08/2015 13:00,0,0,0,0.1,0,0.1,0,0.301,0,0.44,0.343,0.263,0.245,0,0,0.374,0.536
31/08/2015 14:00,0,0,0,0,0,0,0,0.403,0,0.437,0.253,0.419,0.014,0,0,0.165,0.513
31/08/2015 15:00,0,0,0,0,0,0,0,0.453,0,0.354,0.181,0.529,0,0,0,0.002,0.463
31/08/2015 16:00,0,0,0,0,0,0,0,0.456,0,0.233,0.087,0.596,0,0,0,0,0.379
31/08/2015 17:00,0,0,0,0,0,0,0,0.433,0,0.118,0.016,0.626,0,0,0,0,0.254
31/08/2015 18:00,0,0,0,0,0,0,0,0.385,0.007,0.025,0,0.595,0,0,0,0,0.111
31/08/2015 19:00,0,0,0,0,0,0,0,0.297,0.129,0,0,0.519,0,0,0,0,0.002
31/08/2015 20:00,0,0,0,0,0,0,0,0.198,0.301,0,0,0.383,0,0,0,0,0
31/08/2015 21:00,0,0,0,0,0,0,0,0.09,0.414,0,0,0.225,0,0,0,0,0
31/08/2015 22:00,0,0,0,0,0,0,0,0.008,0.535,0,0,0.105,0,0,0.051,0,0
31/08/2015 23:00,0,0,0,0,0,0,0,0,0.572,0,0,0.009,0,0,0.188,0,0
01/09/2015 00:00,1.7,0.9,1.9,0,0.3,0,0.046,0,0.586,0,0,0,0,0,0.344,0,0
01/09/2015 01:00,6.7,6.8,7.3,4,5.2,3.5,0.178,0,0.553,0,0,0,0,0.03,0.473,0,0
01/09/2015 02:00,13.9,15.1,13.6,15.2,14.6,14.7,0.31,0,0.454,0,0,0,0,0.176,0.544,0,0
01/09/2015 03:00,20.7,22.7,20.1,27.1,23.8,26.7,0.438,0,0.314,0,0,0,0.072,0.347,0.569,0,0
01/09/2015 04:00,27.5,28.6,25.2,36.2,31.4,36,0.501,0,0.156,0,0,0,0.318,0.487,0.556,0.114,0
01/09/2015 05:00,29.4,31.7,28,42.1,37.1,42.2,0.432,0,0.021,0,0,0,0.523,0.585,0.496,0.345,0
01/09/2015 06:00,29.9,31.7,27.6,45.3,39.1,43.9,0.318,0,0,0,0.005,0,0.66,0.624,0.402,0.513,0
01/09/2015 07:00,27.5,29.1,24.3,44.8,37.8,43.2,0.243,0,0,0.027,0.07,0,0.747,0.591,0.285,0.633,0
01/09/2015 08:00,23.2,24,18.5,41.3,33.2,39.5,0.174,0,0,0.12,0.151,0,0.783,0.576,0.146,0.698,0.047
01/09/2015 09:00,16.3,17.1,11.8,34.1,25.3,32.2,0.106,0,0,0.195,0.215,0,0.773,0.477,0.019,0.692,0.139
01/09/2015 10:00,8.7,10.3,6.1,24.8,15.8,23.2,0.043,0,0,0.278,0.258,0,0.717,0.314,0,0.669,0.218
01/09/2015 11:00,2.3,3.9,1.8,14,6.8,12.9,0.004,0.026,0,0.35,0.281,0,0.604,0.181,0,0.606,0.263
01/09/2015 12:00,0,0.1,0,4.3,1.1,3.9,0,0.126,0,0.365,0.279,0.089,0.449,0.058,0,0.477,0.279
01/09/2015 13:00,0,0,0,0.1,0,0.1,0,0.243,0,0.309,0.254,0.268,0.209,0,0,0.302,0.267
01/09/2015 14:00,0,0,0,0,0,0,0,0.364,0,0.273,0.199,0.429,0.006,0,0,0.134,0.246
01/09/2015 15:00,0,0,0,0,0,0,0,0.453,0,0.221,0.144,0.522,0,0,0,0,0.223
01/09/2015 16:00,0,0,0,0,0,0,0,0.504,0,0.161,0.068,0.594,0,0,0,0,0.174
01/09/2015 17:00,0,0,0,0,0,0,0,0.493,0,0.078,0.01,0.611,0,0,0,0,0.112
01/09/2015 18:00,0,0,0,0,0,0,0,0.44,0.008,0.011,0,0.579,0,0,0,0,0.041
01/09/2015 19:00,0,0,0,0,0,0,0,0.355,0.12,0,0,0.503,0,0,0,0,0
01/09/2015 20:00,0,0,0,0,0,0,0,0.241,0.273,0,0,0.409,0,0,0,0,0
01/09/2015 21:00,0,0,0,0,0,0,0,0.118,0.393,0,0,0.271,0,0,0,0,0
01/09/2015 22:00,0,0,0,0,0,0,0,0.011,0.486,0,0,0.119,0,0,0.036,0,0
01/09/2015 23:00,0,0,0,0,0,0,0,0,0.533,0,0,0.011,0,0,0.126,0,0
02/09/2015 00:00,1.9,1.5,2.3,0,0.3,0,0.031,0,0.548,0,0,0,0,0,0.195,0,0
02/09/2015 01:00,7.1,9.2,9,3.7,5,3.4,0.147,0,0.522,0,0,0,0,0.024,0.253,0,0
02/09/2015 02:00,15,18.7,16.3,14.8,14.6,14,0.3,0,0.451,0,0,0,0,0.15,0.315,0,0
02/09/2015 03:00,21.8,26.7,21.7,26.6,24.3,26.2,0.423,0,0.303,0,0,0,0.036,0.301,0.371,0,0
02/09/2015 04:00,28.7,32.2,25.3,35.8,32.1,36,0.446,0,0.137,0,0,0,0.256,0.421,0.407,0.095,0
02/09/2015 05:00,31.2,35,27.5,41.7,36.6,42.2,0.44,0,0.016,0,0,0,0.472,0.513,0.397,0.323,0
02/09/2015 06:00,30.2,35.3,27.5,45.5,38.2,44.1,0.439,0,0,0,0.004,0,0.619,0.54,0.341,0.51,0
02/09/2015 07:00,27.3,32.7,25.6,45,37.2,43.8,0.451,0,0,0.034,0.06,0,0.673,0.542,0.248,0.627,0
02/09/2015 08:00,23.5,28.6,20.6,41.4,32.9,40.2,0.416,0,0,0.176,0.15,0,0.699,0.515,0.129,0.695,0.074
02/09/2015 09:00,17.5,21.4,13.5,34.6,25.5,34.2,0.299,0,0,0.333,0.26,0,0.631,0.422,0.016,0.686,0.178
02/09/2015 10:00,9.5,12.9,7.4,25.3,15,24.9,0.167,0,0,0.471,0.352,0,0.586,0.316,0,0.671,0.267
02/09/2015 11:00,2.4,4.8,2,14.2,6.7,14.1,0.039,0.055,0,0.568,0.392,0,0.496,0.183,0,0.612,0.32
02/09/2015 12:00,0,0.2,0,4.3,1,4.3,0,0.219,0,0.623,0.376,0.058,0.269,0.063,0,0.492,0.321
02/09/2015 13:00,0,0,0,0.1,0,0.1,0,0.376,0,0.633,0.304,0.19,0.099,0,0,0.331,0.3
02/09/2015 14:00,0,0,0,0,0,0,0,0.496,0,0.581,0.25,0.33,0.002,0,0,0.106,0.227
02/09/2015 15:00,0,0,0,0,0,0,0,0.572,0,0.488,0.176,0.451,0,0,0,0,0.161
02/09/2015 16:00,0,0,0,0,0,0,0,0.576,0,0.343,0.096,0.566,0,0,0,0,0.138
02/09/2015 17:00,0,0,0,0,0,0,0,0.557,0,0.174,0.016,0.626,0,0,0,0,0.103
02/09/2015 18:00,0,0,0,0,0,0,0,0.485,0.015,0.042,0,0.627,0,0,0,0,0.042
02/09/2015 19:00,0,0,0,0,0,0,0,0.393,0.156,0,0,0.582,0,0,0,0,0
02/09/2015 20:00,0,0,0,0,0,0,0,0.251,0.355,0,0,0.477,0,0,0,0,0
02/09/2015 21:00,0,0,0,0,0,0,0,0.108,0.474,0,0,0.331,0,0,0,0,0
02/09/2015 22:00,0,0,0,0,0,0,0,0.01,0.629,0,0,0.157,0,0,0.027,0,0
02/09/2015 23:00,0,0,0,0,0,0,0,0,0.668,0,0,0.016,0,0,0.117,0,0
03/09/2015 00:00,3.8,1.1,1.9,0,0.2,0,0.019,0,0.599,0,0,0,0,0,0.235,0,0
03/09/2015 01:00,12.7,8.1,7.6,4.1,4.1,3.9,0.1,0,0.573,0,0,0,0,0.028,0.351,0,0
03/09/2015 02:00,23.6,17.2,14.5,16.3,13,16.1,0.204,0,0.478,0,0,0,0,0.177,0.46,0,0
03/09/2015 03:00,34.3,25.5,20.9,28.5,21.7,28.4,0.321,0,0.339,0,0,0,0.062,0.351,0.537,0,0
03/09/2015 04:00,42.3,31.6,25.5,37.6,28.4,37.7,0.436,0,0.163,0,0,0,0.295,0.495,0.538,0.139,0
03/09/2015 05:00,44.3,34.9,27.9,43.3,31.7,43.5,0.531,0,0.022,0,0,0,0.501,0.591,0.487,0.362,0
03/09/2015 06:00,45,35.5,28.2,46.3,31.8,45.9,0.538,0,0,0,0.026,0,0.643,0.644,0.394,0.537,0
03/09/2015 07:00,41.4,33.1,26.6,45.7,29.6,45.2,0.424,0,0,0.045,0.168,0,0.73,0.65,0.266,0.655,0
03/09/2015 08:00,33.7,27.8,22.1,42.1,25.4,41.6,0.3,0,0,0.217,0.343,0,0.768,0.61,0.132,0.723,0.043
03/09/2015 09:00,24.6,20.7,15.1,34.9,18.5,34.8,0.187,0,0,0.39,0.484,0,0.753,0.525,0.017,0.738,0.136
03/09/2015 10:00,13.8,11.9,8,25.8,12.2,25.2,0.104,0,0,0.523,0.567,0,0.675,0.404,0,0.718,0.248
03/09/2015 11:00,3.3,4.1,2.1,14.7,5.9,14.1,0.025,0.053,0,0.604,0.588,0,0.523,0.246,0,0.653,0.345
03/09/2015 12:00,0,0.1,0,4.3,0.9,4.2,0,0.201,0,0.585,0.57,0.097,0.358,0.085,0,0.523,0.408
03/09/2015 13:00,0,0,0,0.1,0,0.1,0,0.347,0,0.557,0.538,0.298,0.138,0,0,0.361,0.433
03/09/2015 14:00,0,0,0,0,0,0,0,0.457,0,0.491,0.443,0.474,0.007,0,0,0.154,0.408
03/09/2015 15:00,0,0,0,0,0,0,0,0.522,0,0.376,0.343,0.599,0,0,0,0,0.362
03/09/2015 16:00,0,0,0,0,0,0,0,0.543,0,0.251,0.177,0.674,0,0,0,0,0.261
03/09/2015 17:00,0,0,0,0,0,0,0,0.532,0,0.121,0.044,0.702,0,0,0,0,0.158
03/09/2015 18:00,0,0,0,0,0,0,0,0.487,0,0.018,0,0.685,0,0,0,0,0.061
03/09/2015 19:00,0,0,0,0,0,0,0,0.382,0.023,0,0,0.574,0,0,0,0,0
03/09/2015 20:00,0,0,0,0,0,0,0,0.263,0.088,0,0,0.469,0,0,0,0,0
03/09/2015 21:00,0,0,0,0,0,0,0,0.128,0.151,0,0,0.326,0,0,0,0,0
03/09/2015 22:00,0,0,0,0,0,0,0,0.013,0.148,0,0,0.141,0,0,0.064,0,0
03/09/2015 23:00,0,0,0,0,0,0,0,0,0.151,0,0,0.014,0,0,0.218,0,0
04/09/2015 00:00,3.2,1.2,1.6,0,0.4,0,0.007,0,0.182,0,0,0,0,0,0.356,0,0
04/09/2015 01:00,11,8.7,7.5,4.5,3.9,3.9,0.045,0,0.254,0,0,0,0,0.027,0.447,0,0
04/09/2015 02:00,21.6,18.6,15.2,17.2,11.2,15.2,0.099,0,0.273,0,0,0,0,0.18,0.509,0,0
04/09/2015 03:00,29.9,27.8,22.2,29.2,18.9,26.9,0.16,0,0.227,0,0,0,0.056,0.355,0.541,0,0
04/09/2015 04:00,37.7,34.2,26.9,38,25.9,36.2,0.23,0,0.097,0,0,0,0.291,0.495,0.526,0.15,0
04/09/2015 05:00,39.9,37.4,28.8,43.6,30.7,42.2,0.31,0,0.01,0,0,0,0.497,0.591,0.492,0.377,0
04/09/2015 06:00,40.4,37.1,28.1,46.2,32.3,44.5,0.367,0,0,0,0.025,0,0.649,0.629,0.398,0.543,0
04/09/2015 07:00,36.4,33.9,25.3,45.5,30.6,44.1,0.379,0,0,0.027,0.159,0,0.737,0.638,0.282,0.66,0
04/09/2015 08:00,30.3,28.3,20.6,42,26.4,40.6,0.331,0,0,0.146,0.303,0,0.77,0.599,0.136,0.727,0.075
04/09/2015 09:00,21.2,20.8,14,35.3,20.5,34,0.216,0,0,0.315,0.412,0,0.718,0.51,0.016,0.749,0.205
04/09/2015 10:00,11.4,12.4,7.4,26,13.8,24.7,0.086,0,0,0.47,0.449,0,0.595,0.385,0,0.728,0.343
04/09/2015 11:00,3,4.5,2,14.7,6.5,14.3,0.014,0.027,0,0.565,0.437,0,0.468,0.229,0,0.665,0.454
04/09/2015 12:00,0,0.1,0,4.3,1,4.3,0,0.142,0,0.571,0.403,0.058,0.311,0.076,0,0.545,0.528
04/09/2015 13:00,0,0,0,0.1,0,0.1,0,0.274,0,0.533,0.392,0.186,0.118,0,0,0.387,0.562
04/09/2015 14:00,0,0,0,0,0,0,0,0.389,0,0.469,0.32,0.351,0.005,0,0,0.184,0.548
04/09/2015 15:00,0,0,0,0,0,0,0,0.454,0,0.344,0.199,0.531,0,0,0,0.002,0.493
04/09/2015 16:00,0,0,0,0,0,0,0,0.484,0,0.201,0.107,0.643,0,0,0,0,0.398
04/09/2015 17:00,0,0,0,0,0,0,0,0.487,0,0.084,0.017,0.674,0,0,0,0,0.277
04/09/2015 18:00,0,0,0,0,0,0,0,0.457,0.027,0.012,0,0.644,0,0,0,0,0.128
04/09/2015 19:00,0,0,0,0,0,0,0,0.393,0.232,0,0,0.564,0,0,0,0,0.005
04/09/2015 20:00,0,0,0,0,0,0,0,0.283,0.443,0,0,0.429,0,0,0,0,0
04/09/2015 21:00,0,0,0,0,0,0,0,0.151,0.602,0,0,0.245,0,0,0,0,0
04/09/2015 22:00,0,0,0,0,0,0,0,0.018,0.708,0,0,0.095,0,0,0.042,0,0
04/09/2015 23:00,0,0,0,0,0,0,0,0,0.761,0,0,0.006,0,0,0.139,0,0
05/09/2015 00:00,1.9,1.1,2.5,0,0.4,0,0.06,0,0.771,0,0,0,0,0,0.224,0,0
05/09/2015 01:00,7.4,7.6,9.8,4.6,3.7,3.9,0.218,0,0.727,0,0,0,0,0.026,0.299,0,0
05/09/2015 02:00,15.3,16.5,18.3,17.6,10.7,16,0.351,0,0.632,0,0,0,0,0.165,0.37,0,0
05/09/2015 03:00,22.5,24.4,24.8,29.5,18.5,27.8,0.472,0,0.484,0,0,0,0.023,0.333,0.418,0,0
05/09/2015 04:00,26.9,30,29.5,38.3,25.3,37.2,0.555,0,0.283,0,0,0,0.168,0.482,0.403,0.146,0
05/09/2015 05:00,32.1,32.8,30.9,43.9,29.8,42.8,0.582,0,0.065,0,0,0,0.345,0.587,0.353,0.371,0
05/09/2015 06:00,31.6,32.6,30.6,46.9,31.9,44.9,0.586,0,0,0,0.007,0,0.553,0.633,0.283,0.54,0
05/09/2015 07:00,29.9,29.9,28.4,46.3,31.6,43.8,0.549,0,0,0.029,0.091,0,0.625,0.643,0.186,0.655,0
05/09/2015 08:00,27.1,25,23.8,42.9,28.7,40,0.475,0,0,0.146,0.235,0,0.604,0.608,0.086,0.722,0.088
05/09/2015 09:00,21.4,18.4,18,36.2,22.9,32.6,0.34,0,0,0.272,0.371,0,0.547,0.531,0.007,0.739,0.256
05/09/2015 10:00,12.8,10.7,10.3,26.8,14.8,23.7,0.19,0,0,0.373,0.359,0,0.489,0.409,0,0.717,0.433
05/09/2015 11:00,3.3,3.7,2.6,15.2,6.6,13.4,0.046,0.057,0,0.438,0.364,0,0.318,0.242,0,0.654,0.561
05/09/2015 12:00,0,0.1,0,4.3,1,4,0,0.226,0,0.451,0.392,0.056,0.22,0.078,0,0.537,0.626
05/09/2015 13:00,0,0,0,0,0,0.1,0,0.389,0,0.44,0.388,0.183,0.103,0,0,0.379,0.65
05/09/2015 14:00,0,0,0,0,0,0,0,0.52,0,0.4,0.376,0.297,0.004,0,0,0.172,0.618
05/09/2015 15:00,0,0,0,0,0,0,0,0.6,0,0.347,0.258,0.365,0,0,0,0.001,0.553
05/09/2015 16:00,0,0,0,0,0,0,0,0.626,0,0.242,0.121,0.416,0,0,0,0,0.412
05/09/2015 17:00,0,0,0,0,0,0,0,0.61,0,0.118,0.019,0.441,0,0,0,0,0.258
05/09/2015 18:00,0,0,0,0,0,0,0,0.548,0.039,0.018,0,0.433,0,0,0,0,0.1
05/09/2015 19:00,0,0,0,0,0,0,0,0.435,0.26,0,0,0.414,0,0,0,0,0.002
05/09/2015 20:00,0,0,0,0,0,0,0,0.282,0.47,0,0,0.355,0,0,0,0,0
05/09/2015 21:00,0,0,0,0,0,0,0,0.114,0.627,0,0,0.262,0,0,0,0,0
05/09/2015 22:00,0,0,0,0,0,0,0,0.008,0.729,0,0,0.13,0,0,0.043,0,0
05/09/2015 23:00,0,0,0.1,0,0,0,0,0,0.78,0,0,0.014,0,0,0.155,0,0
06/09/2015 00:00,3.3,1.3,4.3,0,0.4,0,0.041,0,0.785,0,0,0,0,0,0.28,0,0
06/09/2015 01:00,13.1,8.7,14.8,4.4,4.1,3.4,0.165,0,0.739,0,0,0,0,0.028,0.374,0,0
06/09/2015 02:00,27,18.1,25.4,17.2,11.7,14.7,0.301,0,0.642,0,0,0,0,0.19,0.439,0,0
06/09/2015 03:00,40.6,25.8,32.9,29.3,19.2,26.2,0.399,0,0.49,0,0,0,0.053,0.374,0.473,0,0
06/09/2015 04:00,49.6,31.3,38.1,38.2,24.4,35.5,0.443,0,0.287,0,0,0,0.299,0.522,0.433,0.117,0
06/09/2015 05:00,53.7,34,39.3,43.8,27.1,41.1,0.452,0,0.067,0,0,0,0.501,0.623,0.371,0.356,0
06/09/2015 06:00,53,34.2,38.9,46.1,27.6,43.1,0.454,0,0,0,0.004,0,0.647,0.666,0.292,0.525,0
06/09/2015 07:00,48.3,31.7,35.6,45.4,26.2,42.5,0.414,0,0,0.017,0.053,0,0.733,0.677,0.186,0.643,0
06/09/2015 08:00,40.6,26.6,29.1,41.9,22.7,39.1,0.372,0,0,0.114,0.124,0,0.765,0.644,0.088,0.711,0.05
06/09/2015 09:00,29.5,19.6,20.5,35.6,17.1,32.9,0.327,0,0,0.256,0.194,0,0.739,0.55,0.01,0.731,0.153
06/09/2015 10:00,15.8,11.2,11.2,26.2,10.2,24.2,0.192,0,0,0.392,0.254,0,0.68,0.426,0,0.709,0.245
06/09/2015 11:00,4,3.7,3,14.8,4.3,13.5,0.046,0.029,0,0.484,0.244,0,0.52,0.26,0,0.643,0.328
06/09/2015 12:00,0,0.1,0,4.1,0.5,4,0,0.129,0,0.567,0.225,0.077,0.4,0.087,0,0.521,0.371
06/09/2015 13:00,0,0,0,0,0,0.1,0,0.224,0,0.611,0.209,0.244,0.168,0,0,0.359,0.397
06/09/2015 14:00,0,0,0,0,0,0,0,0.31,0,0.599,0.17,0.39,0.011,0,0,0.136,0.389
06/09/2015 15:00,0,0,0,0,0,0,0,0.378,0,0.499,0.118,0.489,0,0,0,0,0.361
06/09/2015 16:00,0,0,0,0,0,0,0,0.415,0,0.364,0.063,0.535,0,0,0,0,0.302
06/09/2015 17:00,0,0,0,0,0,0,0,0.389,0,0.2,0.011,0.538,0,0,0,0,0.202
06/09/2015 18:00,0,0,0,0,0,0,0,0.351,0.039,0.041,0,0.492,0,0,0,0,0.086
06/09/2015 19:00,0,0,0,0,0,0,0,0.296,0.256,0,0,0.413,0,0,0,0,0.001
06/09/2015 20:00,0,0,0,0,0,0,0,0.215,0.466,0,0,0.339,0,0,0,0,0
06/09/2015 21:00,0,0,0,0,0,0,0,0.11,0.625,0,0,0.235,0,0,0,0,0
06/09/2015 22:00,0,0,0,0,0,0,0,0.012,0.729,0,0,0.113,0,0,0.025,0,0
06/09/2015 23:00,0,0,0,0,0,0,0,0,0.782,0,0,0.009,0,0,0.111,0,0
07/09/2015 00:00,5.6,1.6,3.5,0,0.3,0,0.067,0,0.784,0,0,0,0,0,0.225,0,0
07/09/2015 01:00,20.7,10.3,12.7,4.4,3.3,3.4,0.244,0,0.738,0,0,0,0,0.027,0.294,0,0
07/09/2015 02:00,37.3,20.8,22.2,17.4,9.3,15.2,0.396,0,0.642,0,0,0,0,0.191,0.367,0,0
07/09/2015 03:00,51.3,29.3,29.6,29.6,16.5,27.6,0.495,0,0.492,0,0,0,0.06,0.376,0.397,0,0
07/09/2015 04:00,57.6,35.3,34.5,38.5,23.1,36.8,0.533,0,0.29,0,0,0,0.29,0.524,0.378,0.135,0
07/09/2015 05:00,59.7,38.4,36.9,44,26.3,42.7,0.396,0,0.069,0,0,0,0.5,0.625,0.324,0.354,0
07/09/2015 06:00,58.2,38.2,36.6,46.5,27.2,45,0.286,0,0,0,0.004,0,0.634,0.664,0.248,0.525,0
07/09/2015 07:00,52.2,35.7,33.8,45.9,26,44.4,0.276,0,0,0.021,0.059,0,0.717,0.674,0.149,0.643,0
07/09/2015 08:00,43.5,30.2,27.7,42.4,22.7,40.9,0.314,0,0,0.105,0.127,0,0.757,0.64,0.059,0.711,0.047
07/09/2015 09:00,31.9,22.1,18.8,35.7,17.5,33.8,0.303,0,0,0.18,0.215,0,0.724,0.541,0.001,0.731,0.15
07/09/2015 10:00,17.6,12.9,10.3,26.3,11.4,24,0.197,0,0,0.251,0.263,0,0.59,0.414,0,0.699,0.259
07/09/2015 11:00,4,4.4,2.8,14.9,5,13.5,0.044,0.06,0,0.351,0.315,0,0.464,0.248,0,0.619,0.359
07/09/2015 12:00,0,0.1,0,4.1,0.6,3.8,0,0.234,0,0.35,0.332,0.085,0.264,0.08,0,0.519,0.418
07/09/2015 13:00,0,0,0,0,0,0.1,0,0.4,0,0.34,0.313,0.274,0.12,0,0,0.333,0.461
07/09/2015 14:00,0,0,0,0,0,0,0,0.528,0,0.307,0.277,0.458,0.008,0,0,0.133,0.473
07/09/2015 15:00,0,0,0,0,0,0,0,0.608,0,0.247,0.203,0.588,0,0,0,0,0.441
07/09/2015 16:00,0,0,0,0,0,0,0,0.647,0,0.166,0.119,0.666,0,0,0,0,0.366
07/09/2015 17:00,0,0,0,0,0,0,0,0.636,0,0.081,0.026,0.693,0,0,0,0,0.237
07/09/2015 18:00,0,0,0,0,0,0,0,0.578,0.023,0.013,0,0.665,0,0,0,0,0.102
07/09/2015 19:00,0,0,0,0,0,0,0,0.471,0.173,0,0,0.586,0,0,0,0,0.004
07/09/2015 20:00,0,0,0,0,0,0,0,0.334,0.38,0,0,0.453,0,0,0,0,0
07/09/2015 21:00,0,0,0,0,0,0,0,0.17,0.541,0,0,0.298,0,0,0,0,0
07/09/2015 22:00,0,0,0,0,0,0,0,0.018,0.615,0,0,0.128,0,0,0.027,0,0
07/09/2015 23:00,0,0,0,0,0,0,0,0,0.65,0,0,0.011,0,0,0.121,0,0
08/09/2015 00:00,2.8,1.3,3,0,0.3,0,0.038,0,0.657,0,0,0,0,0,0.226,0,0
08/09/2015 01:00,12.5,9.6,12.4,4.4,4.5,2.8,0.179,0,0.611,0,0,0,0,0.012,0.31,0,0
08/09/2015 02:00,30.2,20.7,23.1,17.6,13.2,12.5,0.347,0,0.58,0,0,0,0,0.105,0.354,0,0
08/09/2015 03:00,44.8,30.5,31.7,29.6,22.8,22.8,0.494,0,0.445,0,0,0,0.07,0.223,0.371,0,0
08/09/2015 04:00,53.8,37.1,37.7,38.4,30.7,31.3,0.597,0,0.259,0,0,0,0.316,0.352,0.367,0.13,0
08/09/2015 05:00,57.5,40.4,40.4,44.1,35.8,36.9,0.631,0,0.056,0,0,0,0.519,0.458,0.333,0.343,0
08/09/2015 06:00,57.2,40.4,39.7,46.3,37.1,39.1,0.655,0,0,0,0.02,0,0.662,0.531,0.277,0.521,0
08/09/2015 07:00,51.4,37.3,36.1,45.5,35.5,39.1,0.605,0,0,0.012,0.133,0,0.748,0.561,0.204,0.645,0
08/09/2015 08:00,42,31.5,29.7,41.7,31.3,36.3,0.522,0,0,0.116,0.285,0,0.786,0.572,0.098,0.717,0.112
08/09/2015 09:00,30.1,22.6,21,34.9,24.3,30.6,0.373,0,0,0.288,0.436,0,0.777,0.488,0.009,0.742,0.295
08/09/2015 10:00,16,13.3,11.3,25.3,15.4,22.3,0.211,0,0,0.435,0.541,0,0.723,0.374,0,0.722,0.467
08/09/2015 11:00,3.6,4.5,3,13.6,7.2,12.7,0.045,0.062,0,0.492,0.578,0,0.617,0.228,0,0.656,0.585
08/09/2015 12:00,0,0.1,0,3.8,1,3.7,0,0.236,0,0.5,0.586,0.078,0.458,0.078,0,0.531,0.653
08/09/2015 13:00,0,0,0,0,0,0.1,0,0.397,0,0.523,0.538,0.254,0.242,0,0,0.37,0.672
08/09/2015 14:00,0,0,0,0,0,0,0,0.519,0,0.508,0.462,0.409,0.025,0,0,0.167,0.629
08/09/2015 15:00,0,0,0,0,0,0,0,0.59,0,0.431,0.347,0.533,0,0,0,0.002,0.542
08/09/2015 16:00,0,0,0,0,0,0,0,0.612,0,0.325,0.192,0.621,0,0,0,0,0.402
08/09/2015 17:00,0,0,0,0,0,0,0,0.593,0,0.171,0.048,0.649,0,0,0,0,0.24
08/09/2015 18:00,0,0,0,0,0,0,0,0.528,0.035,0.028,0,0.624,0,0,0,0,0.09
08/09/2015 19:00,0,0,0,0,0,0,0,0.426,0.232,0,0,0.553,0,0,0,0,0
08/09/2015 20:00,0,0,0,0,0,0,0,0.295,0.435,0,0,0.433,0,0,0,0,0
08/09/2015 21:00,0,0,0,0,0,0,0,0.137,0.594,0,0,0.259,0,0,0,0,0
08/09/2015 22:00,0,0,0,0,0,0,0,0.013,0.671,0,0,0.092,0,0,0.03,0,0
08/09/2015 23:00,0,0,0,0,0,0,0,0,0.702,0,0,0.004,0,0,0.124,0,0
09/09/2015 00:00,2.8,1.4,3.2,0,0.2,0,0.061,0,0.689,0,0,0,0,0,0.206,0,0
09/09/2015 01:00,11.2,9.9,13.1,4.3,4.3,3.2,0.238,0,0.631,0,0,0,0,0.022,0.252,0,0
09/09/2015 02:00,25.6,20.8,23.8,17.2,12.5,14.1,0.413,0,0.542,0,0,0,0,0.175,0.274,0,0
09/09/2015 03:00,37.5,29.8,31.7,29.2,20.8,25.5,0.539,0,0.391,0,0,0,0.053,0.356,0.289,0,0
09/09/2015 04:00,47.7,36.3,38.4,38,27.1,34.4,0.609,0,0.22,0,0,0,0.255,0.506,0.274,0.128,0
09/09/2015 05:00,52.1,39.9,41.3,43.5,31.1,40,0.609,0,0.046,0,0,0,0.453,0.609,0.233,0.348,0
09/09/2015 06:00,51.7,39.7,40,46.2,32.2,42.5,0.571,0,0,0,0.009,0,0.594,0.63,0.176,0.525,0
09/09/2015 07:00,45.5,37.1,36,45.5,30.5,41.9,0.524,0,0,0.029,0.093,0,0.681,0.644,0.114,0.643,0
09/09/2015 08:00,36,31.8,29.1,42,25.5,38.4,0.445,0,0,0.158,0.213,0,0.72,0.612,0.048,0.705,0.095
09/09/2015 09:00,25.3,23.8,20.8,35.3,19.7,32,0.287,0,0,0.319,0.352,0,0.67,0.533,0,0.72,0.268
09/09/2015 10:00,13.1,13.8,11,25.9,12.9,23.4,0.141,0,0,0.435,0.441,0,0.502,0.408,0,0.694,0.437
09/09/2015 11:00,2.6,4.6,2.7,14.5,6,13.1,0.03,0.042,0,0.506,0.461,0,0.302,0.246,0,0.633,0.576
09/09/2015 12:00,0,0.1,0,3.9,0.8,3.7,0,0.189,0,0.569,0.421,0.064,0.19,0.079,0,0.518,0.653
09/09/2015 13:00,0,0,0,0,0,0.1,0,0.342,0,0.574,0.318,0.209,0.081,0,0,0.32,0.663
09/09/2015 14:00,0,0,0,0,0,0,0,0.463,0,0.547,0.218,0.363,0.002,0,0,0.135,0.652
09/09/2015 15:00,0,0,0,0,0,0,0,0.538,0,0.471,0.131,0.462,0,0,0,0.001,0.597
09/09/2015 16:00,0,0,0,0,0,0,0,0.579,0,0.306,0.083,0.509,0,0,0,0,0.479
09/09/2015 17:00,0,0,0,0,0,0,0,0.569,0,0.173,0.016,0.504,0,0,0,0,0.32
09/09/2015 18:00,0,0,0,0,0,0,0,0.518,0.022,0.039,0,0.471,0,0,0,0,0.131
09/09/2015 19:00,0,0,0,0,0,0,0,0.429,0.193,0,0,0.419,0,0,0,0,0.004
09/09/2015 20:00,0,0,0,0,0,0,0,0.305,0.394,0,0,0.33,0,0,0,0,0
09/09/2015 21:00,0,0,0,0,0,0,0,0.152,0.542,0,0,0.23,0,0,0,0,0
09/09/2015 22:00,0,0,0,0,0,0,0,0.018,0.63,0,0,0.106,0,0,0.023,0,0
09/09/2015 23:00,0,0,0,0,0,0,0,0,0.693,0,0,0.007,0,0,0.111,0,0
10/09/2015 00:00,4.4,1.2,2.2,0,0.1,0,0.03,0,0.686,0,0,0,0,0,0.221,0,0
10/09/2015 01:00,16.4,8.5,9.8,4.1,4.3,3.7,0.148,0,0.624,0,0,0,0,0.025,0.316,0,0
10/09/2015 02:00,31.6,17.8,18.2,17,13,15.8,0.26,0,0.498,0,0,0,0,0.197,0.382,0,0
10/09/2015 03:00,41.8,26.4,24.5,29,20.6,27.6,0.371,0,0.313,0,0,0,0.064,0.385,0.403,0,0
10/09/2015 04:00,48.3,33.1,28.2,37.9,26.6,36.4,0.453,0,0.163,0,0,0,0.304,0.533,0.37,0.125,0
10/09/2015 05:00,49.9,36.2,28.8,43.5,30.4,42.2,0.482,0,0.03,0,0,0,0.515,0.632,0.316,0.353,0
10/09/2015 06:00,43.9,34.6,26.2,46.2,31.3,44.8,0.456,0,0,0,0.02,0,0.657,0.676,0.25,0.524,0
10/09/2015 07:00,36,30.7,21.8,45.5,29.8,44.2,0.361,0,0,0.047,0.145,0,0.743,0.684,0.169,0.636,0
10/09/2015 08:00,25.9,24.7,16.7,41.8,26.1,40.7,0.258,0,0,0.232,0.295,0,0.779,0.65,0.076,0.7,0.084
10/09/2015 09:00,15.9,17.7,11.1,35.1,20.5,33.9,0.152,0,0,0.413,0.424,0,0.768,0.563,0.004,0.716,0.244
10/09/2015 10:00,7,10.1,5.7,25.9,13,24.4,0.083,0,0,0.548,0.512,0,0.703,0.437,0,0.691,0.408
10/09/2015 11:00,1.1,3.4,1.4,14.5,6.1,13.7,0.016,0.065,0,0.638,0.53,0,0.578,0.269,0,0.628,0.557
10/09/2015 12:00,0,0.1,0,3.8,0.8,3.8,0,0.242,0,0.676,0.534,0.05,0.36,0.088,0,0.508,0.663
10/09/2015 13:00,0,0,0,0,0,0.1,0,0.407,0,0.669,0.502,0.154,0.13,0,0,0.301,0.708
10/09/2015 14:00,0,0,0,0,0,0,0,0.521,0,0.609,0.421,0.263,0.006,0,0,0.155,0.7
10/09/2015 15:00,0,0,0,0,0,0,0,0.584,0,0.495,0.301,0.359,0,0,0,0.001,0.629
10/09/2015 16:00,0,0,0,0,0,0,0,0.6,0,0.363,0.152,0.419,0,0,0,0,0.499
10/09/2015 17:00,0,0,0,0,0,0,0,0.583,0,0.186,0.026,0.46,0,0,0,0,0.321
10/09/2015 18:00,0,0,0,0,0,0,0,0.525,0.014,0.036,0,0.463,0,0,0,0,0.131
10/09/2015 19:00,0,0,0,0,0,0,0,0.412,0.143,0,0,0.438,0,0,0,0,0.004
10/09/2015 20:00,0,0,0,0,0,0,0,0.284,0.316,0,0,0.368,0,0,0,0,0
10/09/2015 21:00,0,0,0,0,0,0,0,0.132,0.464,0,0,0.261,0,0,0,0,0
10/09/2015 22:00,0,0,0,0,0,0,0,0.015,0.557,0,0,0.123,0,0,0.018,0,0
10/09/2015 23:00,0,0,0,0,0,0,0,0,0.599,0,0,0.01,0,0,0.078,0,0
11/09/2015 00:00,2,0.6,1.6,0,0.3,0,0.014,0,0.599,0,0,0,0,0,0.169,0,0
11/09/2015 01:00,9.4,5.6,7.2,4.3,4.6,3.4,0.106,0,0.546,0,0,0,0,0.023,0.265,0,0
11/09/2015 02:00,13.1,13.2,12.6,17.8,13.4,14.7,0.211,0,0.445,0,0,0,0,0.19,0.316,0,0
11/09/2015 03:00,16.9,19.6,17.4,30,22.1,25.3,0.319,0,0.321,0,0,0,0.058,0.377,0.339,0,0
11/09/2015 04:00,24.8,23.8,22.6,38.6,28.2,34,0.431,0,0.178,0,0,0,0.291,0.523,0.359,0.118,0
11/09/2015 05:00,31.5,26.1,26.4,44.1,31.5,40,0.502,0,0.033,0,0,0,0.495,0.62,0.331,0.339,0
11/09/2015 06:00,35.9,26.5,26.1,46.3,32.5,42.8,0.52,0,0,0,0,0,0.643,0.645,0.224,0.515,0
11/09/2015 07:00,35,24.4,23.4,45.7,31.4,43.1,0.48,0,0,0.036,0.039,0,0.72,0.655,0.129,0.624,0
11/09/2015 08:00,28.7,20,18.2,42.1,27.7,39.9,0.4,0,0,0.184,0.102,0,0.731,0.621,0.052,0.68,0.053
11/09/2015 09:00,19.3,13.8,12,35.4,21.6,33.3,0.27,0,0,0.342,0.187,0,0.694,0.53,0,0.7,0.168
11/09/2015 10:00,9.3,7.6,5.9,26,14,24.4,0.13,0,0,0.449,0.257,0,0.613,0.405,0,0.686,0.307
11/09/2015 11:00,2,2.4,1.2,14.5,6.5,13.2,0.024,0.028,0,0.496,0.281,0,0.485,0.24,0,0.628,0.427
11/09/2015 12:00,0,0,0,3.7,1,3.6,0,0.133,0,0.485,0.285,0.081,0.299,0.074,0,0.523,0.514
11/09/2015 13:00,0,0,0,0,0,0,0,0.266,0,0.445,0.286,0.257,0.139,0,0,0.366,0.532
11/09/2015 14:00,0,0,0,0,0,0,0,0.368,0,0.383,0.252,0.426,0.008,0,0,0.153,0.481
11/09/2015 15:00,0,0,0,0,0,0,0,0.403,0,0.309,0.189,0.552,0,0,0,0.001,0.386
11/09/2015 16:00,0,0,0,0,0,0,0,0.439,0,0.243,0.121,0.626,0,0,0,0,0.264
11/09/2015 17:00,0,0,0,0,0,0,0,0.43,0,0.128,0.024,0.65,0,0,0,0,0.145
11/09/2015 18:00,0,0,0,0,0,0,0,0.393,0.021,0.022,0,0.632,0,0,0,0,0.05
11/09/2015 19:00,0,0,0,0,0,0,0,0.326,0.162,0,0,0.568,0,0,0,0,0
11/09/2015 20:00,0,0,0,0,0,0,0,0.228,0.32,0,0,0.446,0,0,0,0,0
11/09/2015 21:00,0,0,0,0,0,0,0,0.103,0.453,0,0,0.265,0,0,0,0,0
11/09/2015 22:00,0,0,0,0,0,0,0,0.008,0.53,0,0,0.122,0,0,0.029,0,0
11/09/2015 23:00,0,0,0,0,0,0,0,0,0.556,0,0,0.01,0,0,0.116,0,0
12/09/2015 00:00,3,0.6,2.6,0,0.2,0,0.017,0,0.541,0,0,0,0,0,0.196,0,0
12/09/2015 01:00,11.6,5.6,9.6,3.9,4,3,0.11,0,0.505,0,0,0,0,0.021,0.253,0,0
12/09/2015 02:00,21.3,13.2,17.4,16.9,13.3,14,0.224,0,0.435,0,0,0,0,0.189,0.292,0,0
12/09/2015 03:00,32.6,20.9,25.2,29.1,22.1,25.5,0.26,0,0.317,0,0,0,0.057,0.383,0.321,0,0
12/09/2015 04:00,41.4,26.2,31.1,37.8,28.9,34.2,0.292,0,0.154,0,0,0,0.281,0.534,0.327,0.119,0
12/09/2015 05:00,45.5,28.8,34.2,43.3,33.7,39.9,0.308,0,0.022,0,0,0,0.477,0.63,0.303,0.345,0
12/09/2015 06:00,43.6,28.7,34.2,46.1,35.8,42,0.285,0,0,0,0.005,0,0.623,0.67,0.239,0.515,0
12/09/2015 07:00,39,27.1,32.6,45.5,34.6,41.3,0.256,0,0,0.022,0.069,0,0.701,0.678,0.148,0.633,0
12/09/2015 08:00,32.8,23.3,26.9,42.1,30.6,37.5,0.197,0,0,0.141,0.166,0,0.713,0.643,0.06,0.7,0.075
12/09/2015 09:00,24.1,17.6,18.7,35.2,24.2,30.6,0.128,0,0,0.301,0.301,0,0.669,0.556,0.001,0.721,0.234
12/09/2015 10:00,13.3,10.3,9.9,26,16.1,21.3,0.07,0,0,0.43,0.473,0,0.612,0.43,0,0.699,0.386
12/09/2015 11:00,2.9,3.4,2.5,14.5,7.7,11.6,0.013,0.047,0,0.481,0.593,0,0.427,0.262,0,0.636,0.479
12/09/2015 12:00,0,0,0,3.7,1,3.1,0,0.196,0,0.412,0.583,0.08,0.269,0.083,0,0.527,0.501
12/09/2015 13:00,0,0,0,0,0,0,0,0.329,0,0.371,0.541,0.266,0.123,0,0,0.371,0.497
12/09/2015 14:00,0,0,0,0,0,0,0,0.425,0,0.299,0.453,0.455,0.008,0,0,0.178,0.468
12/09/2015 15:00,0,0,0,0,0,0,0,0.476,0,0.225,0.295,0.59,0,0,0,0.004,0.432
12/09/2015 16:00,0,0,0,0,0,0,0,0.473,0,0.134,0.172,0.671,0,0,0,0,0.376
12/09/2015 17:00,0,0,0,0,0,0,0,0.415,0,0.064,0.036,0.698,0,0,0,0,0.262
12/09/2015 18:00,0,0,0,0,0,0,0,0.334,0.019,0.008,0,0.682,0,0,0,0,0.111
12/09/2015 19:00,0,0,0,0,0,0,0,0.247,0.162,0,0,0.607,0,0,0,0,0.002
12/09/2015 20:00,0,0,0,0,0,0,0,0.154,0.327,0,0,0.475,0,0,0,0,0
12/09/2015 21:00,0,0,0,0,0,0,0,0.064,0.485,0,0,0.331,0,0,0,0,0
12/09/2015 22:00,0,0,0,0,0,0,0,0.001,0.582,0,0,0.136,0,0,0.026,0,0
12/09/2015 23:00,0,0,0,0,0,0,0,0,0.651,0,0,0.011,0,0,0.122,0,0
13/09/2015 00:00,4.5,1,3,0,0.3,0,0.03,0,0.634,0,0,0,0,0,0.246,0,0
13/09/2015 01:00,16.6,7.6,11.2,3.9,4.8,2.4,0.151,0,0.594,0,0,0,0,0.022,0.361,0,0
13/09/2015 02:00,28.6,16.4,19.9,16.9,14.9,11.4,0.299,0,0.479,0,0,0,0,0.194,0.438,0,0
13/09/2015 03:00,40,24.5,27.6,28.9,24,21.2,0.442,0,0.339,0,0,0,0.065,0.387,0.463,0,0
13/09/2015 04:00,48.4,31.3,34.7,37.7,30.6,29.5,0.505,0,0.177,0,0,0,0.303,0.534,0.458,0.105,0
13/09/2015 05:00,51.5,35.1,37.8,43.1,34,35,0.544,0,0.028,0,0,0,0.507,0.629,0.403,0.342,0
13/09/2015 06:00,50.3,35.8,35.6,45.3,35.1,36.7,0.548,0,0,0,0.019,0,0.641,0.651,0.326,0.519,0
13/09/2015 07:00,45,32.5,31.7,44.8,33.7,36,0.504,0,0,0.012,0.107,0,0.729,0.657,0.21,0.634,0
13/09/2015 08:00,36.7,27.3,25.6,41.3,29.8,32.4,0.433,0,0,0.097,0.215,0,0.767,0.618,0.089,0.701,0.079
13/09/2015 09:00,25.7,20.2,17.8,35,24,25.5,0.294,0,0,0.211,0.311,0,0.744,0.531,0.006,0.72,0.24
13/09/2015 10:00,13,12,9.4,25.7,16.3,17.3,0.179,0,0,0.325,0.398,0,0.677,0.405,0,0.699,0.41
13/09/2015 11:00,2.7,4,2.3,14.3,7.9,9.1,0.035,0.06,0,0.402,0.464,0,0.519,0.24,0,0.634,0.546
13/09/2015 12:00,0,0.1,0,3.6,1.1,2.4,0,0.235,0,0.413,0.522,0.075,0.331,0.073,0,0.503,0.653
13/09/2015 13:00,0,0,0,0,0,0,0,0.411,0,0.374,0.491,0.242,0.133,0,0,0.347,0.682
13/09/2015 14:00,0,0,0,0,0,0,0,0.534,0,0.307,0.402,0.422,0.009,0,0,0.155,0.658
13/09/2015 15:00,0,0,0,0,0,0,0,0.613,0,0.225,0.3,0.534,0,0,0,0.002,0.597
13/09/2015 16:00,0,0,0,0,0,0,0,0.657,0,0.135,0.176,0.632,0,0,0,0,0.478
13/09/2015 17:00,0,0,0,0,0,0,0,0.649,0,0.06,0.039,0.688,0,0,0,0,0.316
13/09/2015 18:00,0,0,0,0,0,0,0,0.591,0.013,0.007,0,0.682,0,0,0,0,0.132
13/09/2015 19:00,0,0,0,0,0,0,0,0.497,0.133,0,0,0.623,0,0,0,0,0.003
13/09/2015 20:00,0,0,0,0,0,0,0,0.358,0.307,0,0,0.521,0,0,0,0,0
13/09/2015 21:00,0,0,0,0,0,0,0,0.183,0.457,0,0,0.347,0,0,0,0,0
13/09/2015 22:00,0,0,0,0,0,0,0,0.021,0.528,0,0,0.169,0,0,0.058,0,0
13/09/2015 23:00,0,0,0,0,0,0,0,0,0.561,0,0,0.015,0,0,0.213,0,0
14/09/2015 00:00,3.1,1.2,2,0,0.3,0,0.045,0,0.573,0,0,0,0,0,0.356,0,0
14/09/2015 01:00,12.1,9,8.6,3.7,4.8,2.2,0.203,0,0.491,0,0,0,0,0.018,0.444,0,0
14/09/2015 02:00,24.4,18.9,16.2,16.6,14.8,11.4,0.364,0,0.399,0,0,0,0,0.174,0.481,0,0
14/09/2015 03:00,31.2,26.4,22.2,28.9,24.4,22,0.489,0,0.284,0,0,0,0.02,0.358,0.453,0,0
14/09/2015 04:00,38,32.1,25.3,37.8,31,30.7,0.571,0,0.158,0,0,0,0.139,0.505,0.401,0.101,0
14/09/2015 05:00,39.6,34.6,26.2,43.3,34.8,36.8,0.577,0,0.029,0,0,0,0.329,0.606,0.329,0.311,0
14/09/2015 06:00,35.2,33.8,24.6,46.1,36.1,39.5,0.551,0,0,0,0.02,0,0.54,0.638,0.25,0.506,0
14/09/2015 07:00,27,30.2,20.7,45.3,34.2,39.1,0.487,0,0,0.016,0.144,0,0.544,0.647,0.161,0.623,0
14/09/2015 08:00,18.7,23.7,16.7,41.9,29.2,35.8,0.384,0,0,0.109,0.273,0,0.546,0.612,0.065,0.692,0.092
14/09/2015 09:00,11.9,16.1,10.9,35.2,22.2,29.4,0.242,0,0,0.219,0.384,0,0.511,0.545,0.001,0.71,0.262
14/09/2015 10:00,5.7,8.6,5.3,25.9,14.7,21.1,0.12,0,0,0.302,0.456,0,0.372,0.419,0,0.689,0.424
14/09/2015 11:00,0.9,2.6,1.1,14.4,6.7,11.6,0.019,0.059,0,0.354,0.473,0,0.313,0.252,0,0.627,0.546
14/09/2015 12:00,0,0,0,3.6,0.8,3.2,0,0.235,0,0.395,0.449,0.102,0.226,0.077,0,0.519,0.631
14/09/2015 13:00,0,0,0,0,0,0,0,0.409,0,0.352,0.386,0.308,0.105,0,0,0.364,0.667
14/09/2015 14:00,0,0,0,0,0,0,0,0.53,0,0.269,0.259,0.487,0.007,0,0,0.171,0.657
14/09/2015 15:00,0,0,0,0,0,0,0,0.603,0,0.184,0.147,0.612,0,0,0,0.004,0.592
14/09/2015 16:00,0,0,0,0,0,0,0,0.628,0,0.116,0.065,0.68,0,0,0,0,0.485
14/09/2015 17:00,0,0,0,0,0,0,0,0.611,0,0.046,0.01,0.696,0,0,0,0,0.333
14/09/2015 18:00,0,0,0,0,0,0,0,0.557,0.003,0.003,0,0.659,0,0,0,0,0.149
14/09/2015 19:00,0,0,0,0,0,0,0,0.475,0.051,0,0,0.569,0,0,0,0,0.004
14/09/2015 20:00,0,0,0,0,0,0,0,0.354,0.127,0,0,0.432,0,0,0,0,0
14/09/2015 21:00,0,0,0,0,0,0,0,0.187,0.219,0,0,0.234,0,0,0,0,0
14/09/2015 22:00,0,0,0,0,0,0,0,0.022,0.305,0,0,0.093,0,0,0.013,0,0
14/09/2015 23:00,0,0,0,0,0,0,0,0,0.377,0,0,0.004,0,0,0.074,0,0
15/09/2015 00:00,1,0.5,1.7,0,0.4,0,0.037,0,0.417,0,0,0,0,0,0.152,0,0
15/09/2015 01:00,4.8,4.5,6.6,3.7,4.6,2.2,0.195,0,0.422,0,0,0,0,0.017,0.244,0,0
15/09/2015 02:00,10.8,10.5,13.6,16.7,13.4,11.7,0.361,0,0.368,0,0,0,0,0.172,0.325,0,0
15/09/2015 03:00,16.7,17,20,29.1,22.2,22.4,0.5,0,0.266,0,0,0,0.06,0.36,0.362,0,0
15/09/2015 04:00,22.1,21.7,23.6,37.9,28.9,30.7,0.606,0,0.138,0,0,0,0.285,0.509,0.315,0.102,0
15/09/2015 05:00,25,24.9,24,43.2,33.5,36.2,0.629,0,0.019,0,0,0,0.493,0.611,0.251,0.34,0
15/09/2015 06:00,24.4,25.8,21.6,45.3,35.3,38.6,0.618,0,0,0,0.015,0,0.626,0.659,0.171,0.511,0
15/09/2015 07:00,23.1,24.4,19.2,44.8,34.2,38.4,0.578,0,0,0.014,0.132,0,0.715,0.67,0.102,0.627,0
15/09/2015 08:00,20.5,20.7,16,41.3,29.6,35.3,0.487,0,0,0.125,0.256,0,0.742,0.637,0.041,0.693,0.111
15/09/2015 09:00,14.6,14.6,11.9,34.9,22.1,29.6,0.365,0,0,0.261,0.362,0,0.716,0.537,0,0.707,0.299
15/09/2015 10:00,7.9,8.3,6.8,25.6,14.3,21.6,0.191,0,0,0.371,0.458,0,0.61,0.413,0,0.685,0.461
15/09/2015 11:00,1.9,2.5,1.6,14.1,6.6,11.9,0.037,0.064,0,0.428,0.506,0,0.466,0.246,0,0.618,0.575
15/09/2015 12:00,0,0,0,3.4,0.8,3.3,0,0.244,0,0.437,0.52,0.052,0.238,0.074,0,0.499,0.642
15/09/2015 13:00,0,0,0,0,0,0,0,0.412,0,0.385,0.467,0.141,0.111,0,0,0.305,0.661
15/09/2015 14:00,0,0,0,0,0,0,0,0.534,0,0.329,0.401,0.227,0.008,0,0,0.119,0.639
15/09/2015 15:00,0,0,0,0,0,0,0,0.608,0,0.259,0.292,0.297,0,0,0,0,0.583
15/09/2015 16:00,0,0,0,0,0,0,0,0.637,0,0.165,0.17,0.396,0,0,0,0,0.462
15/09/2015 17:00,0,0,0,0,0,0,0,0.615,0,0.075,0.039,0.441,0,0,0,0,0.304
15/09/2015 18:00,0,0,0,0,0,0,0,0.549,0.009,0.011,0,0.433,0,0,0,0,0.135
15/09/2015 19:00,0,0,0,0,0,0,0,0.443,0.095,0,0,0.413,0,0,0,0,0.003
15/09/2015 20:00,0,0,0,0,0,0,0,0.304,0.194,0,0,0.344,0,0,0,0,0
15/09/2015 21:00,0,0,0,0,0,0,0,0.131,0.287,0,0,0.23,0,0,0,0,0
15/09/2015 22:00,0,0,0,0,0,0,0,0.012,0.375,0,0,0.098,0,0,0.024,0,0
15/09/2015 23:00,0,0,0,0,0,0,0,0,0.429,0,0,0.005,0,0,0.118,0,0
16/09/2015 00:00,3.6,0.4,1.4,0,0.1,0,0.024,0,0.467,0,0,0,0,0,0.224,0,0
16/09/2015 01:00,14.1,4.2,6.6,3.6,3.4,2.3,0.13,0,0.449,0,0,0,0,0.019,0.318,0,0
16/09/2015 02:00,26.5,10.1,13.4,16.7,11.2,12.8,0.239,0,0.375,0,0,0,0,0.192,0.365,0,0
16/09/2015 03:00,36.3,16.3,20.6,29.1,19.6,24.9,0.319,0,0.266,0,0,0,0.056,0.39,0.349,0,0
16/09/2015 04:00,40.5,21.4,26.1,37.9,27.3,34,0.375,0,0.134,0,0,0,0.278,0.543,0.312,0.112,0
16/09/2015 05:00,41.8,24.3,28.7,43.3,33.3,39.6,0.401,0,0.025,0,0,0,0.482,0.642,0.265,0.335,0
16/09/2015 06:00,38.1,24.5,28.9,45.5,35.1,41.9,0.415,0,0,0,0.028,0,0.626,0.68,0.193,0.515,0
16/09/2015 07:00,31.7,23,26.3,44.9,33.3,41.3,0.401,0,0,0.016,0.168,0,0.716,0.689,0.128,0.632,0
16/09/2015 08:00,24.8,19.4,20.9,41.5,28.7,37.9,0.313,0,0,0.115,0.307,0,0.755,0.653,0.051,0.699,0.042
16/09/2015 09:00,15,13.7,14.1,34.9,22.1,30.9,0.191,0,0,0.215,0.396,0,0.763,0.56,0,0.716,0.131
16/09/2015 10:00,6.9,7.7,6.7,25.5,14.1,22.7,0.084,0,0,0.327,0.446,0,0.708,0.429,0,0.696,0.223
16/09/2015 11:00,1.1,2.4,1.3,14.1,6.7,12.6,0.013,0.027,0,0.411,0.46,0,0.594,0.256,0,0.626,0.314
16/09/2015 12:00,0,0,0,3.4,0.8,3.4,0,0.134,0,0.449,0.42,0.058,0.436,0.076,0,0.509,0.378
16/09/2015 13:00,0,0,0,0,0,0,0,0.275,0,0.44,0.397,0.177,0.232,0,0,0.339,0.402
16/09/2015 14:00,0,0,0,0,0,0,0,0.406,0,0.397,0.328,0.311,0.03,0,0,0.152,0.378
16/09/2015 15:00,0,0,0,0,0,0,0,0.482,0,0.306,0.226,0.439,0,0,0,0.001,0.305
16/09/2015 16:00,0,0,0,0,0,0,0,0.504,0,0.198,0.121,0.502,0,0,0,0,0.22
16/09/2015 17:00,0,0,0,0,0,0,0,0.492,0,0.086,0.019,0.514,0,0,0,0,0.136
16/09/2015 18:00,0,0,0,0,0,0,0,0.45,0.023,0.009,0,0.458,0,0,0,0,0.055
16/09/2015 19:00,0,0,0,0,0,0,0,0.379,0.177,0,0,0.371,0,0,0,0,0
16/09/2015 20:00,0,0,0,0,0,0,0,0.274,0.366,0,0,0.264,0,0,0,0,0
16/09/2015 21:00,0,0,0,0,0,0,0,0.14,0.527,0,0,0.167,0,0,0,0,0
16/09/2015 22:00,0,0,0,0,0,0,0,0.014,0.626,0,0,0.076,0,0,0.021,0,0
16/09/2015 23:00,0,0,0,0,0,0,0,0,0.689,0,0,0.002,0,0,0.104,0,0
17/09/2015 00:00,5,0.6,2.1,0,0.1,0,0.025,0,0.676,0,0,0,0,0,0.231,0,0
17/09/2015 01:00,18.3,6.3,9.3,3.4,3.6,2,0.138,0,0.64,0,0,0,0,0.018,0.341,0,0
17/09/2015 02:00,31.1,15.2,16.9,16.3,11.6,12,0.269,0,0.545,0,0,0,0,0.189,0.379,0,0
17/09/2015 03:00,39.2,23.7,23.2,28.8,19.8,23.3,0.354,0,0.394,0,0,0,0.061,0.387,0.323,0,0
17/09/2015 04:00,43,30.6,28.4,37.7,26.3,31.9,0.449,0,0.242,0,0,0,0.282,0.539,0.316,0.13,0
17/09/2015 05:00,40.9,34.2,31.1,43.3,30.6,37.4,0.485,0,0.055,0,0,0,0.487,0.639,0.277,0.345,0
17/09/2015 06:00,37.3,34.2,30.4,45.4,32.2,39.4,0.489,0,0,0,0.021,0,0.626,0.683,0.212,0.515,0
17/09/2015 07:00,31.6,31.7,26.4,44.7,31.5,39.3,0.462,0,0,0.016,0.147,0,0.716,0.69,0.134,0.628,0
17/09/2015 08:00,27,26.2,20.9,41.1,27.7,35.7,0.4,0,0,0.125,0.283,0,0.755,0.653,0.057,0.686,0.022
17/09/2015 09:00,17.7,18.2,14.2,34.2,20.5,29.4,0.304,0,0,0.25,0.383,0,0.746,0.552,0.001,0.706,0.117
17/09/2015 10:00,8.9,9.9,7.2,25,13.1,20.9,0.163,0,0,0.358,0.449,0,0.691,0.42,0,0.681,0.304
17/09/2015 11:00,1.7,3,1.5,13.7,6,11.6,0.035,0.036,0,0.423,0.476,0,0.58,0.247,0,0.612,0.44
17/09/2015 12:00,0,0,0,3.2,0.7,3,0,0.148,0,0.459,0.445,0.063,0.43,0.07,0,0.491,0.543
17/09/2015 13:00,0,0,0,0,0,0,0,0.247,0,0.447,0.388,0.2,0.221,0,0,0.337,0.578
17/09/2015 14:00,0,0,0,0,0,0,0,0.291,0,0.4,0.259,0.328,0.02,0,0,0.154,0.568
17/09/2015 15:00,0,0,0,0,0,0,0,0.33,0,0.344,0.108,0.423,0,0,0,0.002,0.529
17/09/2015 16:00,0,0,0,0,0,0,0,0.376,0,0.244,0.048,0.483,0,0,0,0,0.419
17/09/2015 17:00,0,0,0,0,0,0,0,0.385,0,0.124,0.006,0.486,0,0,0,0,0.293
17/09/2015 18:00,0,0,0,0,0,0,0,0.363,0.029,0.02,0,0.462,0,0,0,0,0.132
17/09/2015 19:00,0,0,0,0,0,0,0,0.304,0.195,0,0,0.398,0,0,0,0,0.002
17/09/2015 20:00,0,0,0,0,0,0,0,0.205,0.347,0,0,0.304,0,0,0,0,0
17/09/2015 21:00,0,0,0,0,0,0,0,0.094,0.518,0,0,0.195,0,0,0,0,0
17/09/2015 22:00,0,0,0,0,0,0,0,0.007,0.618,0,0,0.092,0,0,0.018,0,0
17/09/2015 23:00,0,0,0,0,0,0,0,0,0.63,0,0,0.005,0,0,0.087,0,0
18/09/2015 00:00,3.5,0.8,2.1,0,0.1,0,0.051,0,0.634,0,0,0,0,0,0.171,0,0
18/09/2015 01:00,16.9,8.3,8.9,2.8,4.3,1.9,0.23,0,0.594,0,0,0,0,0.014,0.247,0,0
18/09/2015 02:00,28.2,18.4,16.6,14.9,14,10.9,0.395,0,0.511,0,0,0,0,0.168,0.314,0,0
18/09/2015 03:00,39.7,26.1,22.9,27.2,23.8,22,0.524,0,0.363,0,0,0,0.063,0.359,0.348,0,0
18/09/2015 04:00,46.5,31.1,27.5,36.1,30.9,31.1,0.639,0,0.199,0,0,0,0.286,0.51,0.346,0.121,0
18/09/2015 05:00,44.7,33.5,28.9,41.6,35.5,37.1,0.682,0,0.04,0,0,0,0.488,0.612,0.316,0.339,0
18/09/2015 06:00,41.4,33.3,27.6,42.6,36.1,38.9,0.669,0,0,0,0.008,0,0.632,0.647,0.243,0.513,0
18/09/2015 07:00,35.8,30.3,23.8,41.9,33.6,37.9,0.617,0,0,0.021,0.079,0,0.722,0.657,0.15,0.632,0
18/09/2015 08:00,28.5,25.5,19.2,38,28.8,34,0.514,0,0,0.117,0.166,0,0.76,0.62,0.065,0.701,0.095
18/09/2015 09:00,20,18.5,12.9,31.3,21.7,27.5,0.37,0,0,0.226,0.257,0,0.754,0.546,0.004,0.722,0.281
18/09/2015 10:00,10.4,10.8,6.7,22.3,13.4,19,0.209,0,0,0.317,0.318,0,0.697,0.415,0,0.7,0.458
18/09/2015 11:00,1.9,3.4,1.5,11.9,5.9,10,0.042,0.066,0,0.401,0.329,0,0.581,0.243,0,0.636,0.591
18/09/2015 12:00,0,0,0,2.7,0.8,2.4,0,0.248,0,0.402,0.336,0.059,0.398,0.069,0,0.528,0.684
18/09/2015 13:00,0,0,0,0,0,0,0,0.415,0,0.352,0.321,0.203,0.18,0,0,0.375,0.714
18/09/2015 14:00,0,0,0,0,0,0,0,0.531,0,0.331,0.282,0.378,0.013,0,0,0.177,0.693
18/09/2015 15:00,0,0,0,0,0,0,0,0.614,0,0.276,0.202,0.513,0,0,0,0.004,0.596
18/09/2015 16:00,0,0,0,0,0,0,0,0.635,0,0.188,0.115,0.605,0,0,0,0,0.473
18/09/2015 17:00,0,0,0,0,0,0,0,0.597,0,0.085,0.02,0.648,0,0,0,0,0.304
18/09/2015 18:00,0,0,0,0,0,0,0,0.527,0.032,0.01,0,0.646,0,0,0,0,0.12
18/09/2015 19:00,0,0,0,0,0,0,0,0.429,0.204,0,0,0.6,0,0,0,0,0.001
18/09/2015 20:00,0,0,0,0,0,0,0,0.269,0.38,0,0,0.498,0,0,0,0,0
18/09/2015 21:00,0,0,0,0,0,0,0,0.092,0.548,0,0,0.349,0,0,0,0,0
18/09/2015 22:00,0,0,0,0,0,0,0,0.006,0.61,0,0,0.16,0,0,0.067,0,0
18/09/2015 23:00,0,0,0,0,0,0,0,0,0.644,0,0,0.011,0,0,0.217,0,0
19/09/2015 00:00,3.9,0.8,1.4,0,0.1,0,0.05,0,0.642,0,0,0,0,0,0.341,0,0
19/09/2015 01:00,13.3,7.2,7.3,2.1,3.5,2.1,0.234,0,0.604,0,0,0,0,0.012,0.441,0,0
19/09/2015 02:00,20.6,15.6,13.2,10.9,12.3,10.9,0.415,0,0.52,0,0,0,0,0.159,0.509,0,0
19/09/2015 03:00,31,22.3,19.6,20.2,22,22,0.553,0,0.401,0,0,0,0.062,0.347,0.566,0,0
19/09/2015 04:00,39.4,26.8,23.8,27.6,28.7,30.9,0.642,0,0.22,0,0,0,0.286,0.497,0.595,0.111,0
19/09/2015 05:00,44.5,29.5,25,31.7,32.6,36.6,0.682,0,0.051,0,0,0,0.489,0.6,0.58,0.337,0
19/09/2015 06:00,44.9,29.3,23.2,33,33.6,38.8,0.672,0,0,0,0.011,0,0.64,0.641,0.484,0.514,0
19/09/2015 07:00,40.4,26.3,19.5,32.7,31.8,36.8,0.621,0,0,0.013,0.087,0,0.728,0.647,0.334,0.632,0
19/09/2015 08:00,29.9,20.8,14.7,30.8,27.6,31.7,0.525,0,0,0.108,0.177,0,0.763,0.607,0.164,0.701,0.08
19/09/2015 09:00,17.8,14.1,8.7,24.8,21,24.2,0.38,0,0,0.234,0.243,0,0.75,0.535,0.015,0.722,0.255
19/09/2015 10:00,7.1,7.6,4,17.8,13.6,16.7,0.215,0,0,0.339,0.313,0,0.701,0.403,0,0.7,0.424
19/09/2015 11:00,1,2.1,0.7,9.8,6,8.8,0.04,0.019,0,0.408,0.378,0,0.595,0.232,0,0.635,0.556
19/09/2015 12:00,0,0,0,2.3,0.7,2.1,0,0.109,0,0.423,0.355,0.083,0.431,0.063,0,0.521,0.638
19/09/2015 13:00,0,0,0,0,0,0,0,0.225,0,0.404,0.277,0.275,0.232,0,0,0.363,0.671
19/09/2015 14:00,0,0,0,0,0,0,0,0.35,0,0.343,0.213,0.469,0.031,0,0,0.168,0.66
19/09/2015 15:00,0,0,0,0,0,0,0,0.446,0,0.264,0.135,0.595,0,0,0,0.004,0.597
19/09/2015 16:00,0,0,0,0,0,0,0,0.508,0,0.188,0.071,0.674,0,0,0,0,0.477
19/09/2015 17:00,0,0,0,0,0,0,0,0.532,0,0.103,0.009,0.709,0,0,0,0,0.31
19/09/2015 18:00,0,0,0,0,0,0,0,0.498,0.023,0.015,0,0.699,0,0,0,0,0.122
19/09/2015 19:00,0,0,0,0,0,0,0,0.398,0.173,0,0,0.612,0,0,0,0,0.001
19/09/2015 20:00,0,0,0,0,0,0,0,0.271,0.336,0,0,0.467,0,0,0,0,0
19/09/2015 21:00,0,0,0,0,0,0,0,0.132,0.45,0,0,0.294,0,0,0,0,0
19/09/2015 22:00,0,0,0,0,0,0,0,0.013,0.551,0,0,0.147,0,0,0.019,0,0
19/09/2015 23:00,0,0,0,0,0,0,0,0,0.586,0,0,0.01,0,0,0.104,0,0
20/09/2015 00:00,2.3,0.4,1.1,0,0.6,0,0.025,0,0.597,0,0,0,0,0,0.215,0,0
20/09/2015 01:00,10.4,5,6.4,2.3,4.6,2.1,0.137,0,0.538,0,0,0,0,0.01,0.289,0,0
20/09/2015 02:00,20.7,11.7,13,12.2,13.4,9.9,0.273,0,0.465,0,0,0,0,0.147,0.342,0,0
20/09/2015 03:00,28.7,17.1,18.7,22.7,23,19.1,0.383,0,0.347,0,0,0,0.073,0.332,0.327,0,0
20/09/2015 04:00,35.9,20.2,23.9,32,30.4,26.7,0.461,0,0.204,0,0,0,0.304,0.487,0.305,0.099,0
20/09/2015 05:00,43.3,21.9,26.5,38.3,34.2,31.5,0.485,0,0.054,0,0,0,0.503,0.593,0.273,0.312,0
20/09/2015 06:00,44,22.3,26.7,41.3,34.6,33.7,0.47,0,0,0,0.01,0,0.641,0.606,0.213,0.498,0
20/09/2015 07:00,40.7,20.5,24.6,41.5,32.4,32.9,0.43,0,0,0.003,0.105,0,0.728,0.617,0.141,0.617,0
20/09/2015 08:00,34.9,16.9,21.1,37.5,27.3,29.4,0.358,0,0,0.044,0.251,0,0.765,0.58,0.063,0.687,0.071
20/09/2015 09:00,24.9,11.9,15.1,30.3,20.7,23.3,0.237,0,0,0.081,0.391,0,0.754,0.509,0.001,0.711,0.213
20/09/2015 10:00,11.4,6.4,7.2,21.4,13.2,15.9,0.114,0,0,0.14,0.483,0,0.699,0.378,0,0.692,0.378
20/09/2015 11:00,1.9,1.7,1,11.8,5.9,8.1,0.016,0.029,0,0.206,0.53,0,0.595,0.205,0,0.628,0.529
20/09/2015 12:00,0,0,0,2.8,0.8,1.7,0,0.118,0,0.281,0.481,0.098,0.433,0.046,0,0.528,0.628
20/09/2015 13:00,0,0,0,0,0,0,0,0.177,0,0.361,0.416,0.314,0.212,0,0,0.372,0.67
20/09/2015 14:00,0,0,0,0,0,0,0,0.208,0,0.39,0.343,0.495,0.027,0,0,0.176,0.65
20/09/2015 15:00,0,0,0,0,0,0,0,0.22,0,0.356,0.213,0.623,0,0,0,0.003,0.577
20/09/2015 16:00,0,0,0,0,0,0,0,0.231,0,0.274,0.103,0.701,0,0,0,0,0.454
20/09/2015 17:00,0,0,0,0,0,0,0,0.222,0,0.159,0.016,0.732,0,0,0,0,0.286
20/09/2015 18:00,0,0,0,0,0,0,0,0.197,0.019,0.033,0,0.717,0,0,0,0,0.11
20/09/2015 19:00,0,0,0,0,0,0,0,0.155,0.154,0,0,0.651,0,0,0,0,0
20/09/2015 20:00,0,0,0,0,0,0,0,0.098,0.363,0,0,0.509,0,0,0,0,0
20/09/2015 21:00,0,0,0,0,0,0,0,0.041,0.588,0,0,0.344,0,0,0,0,0
20/09/2015 22:00,0,0,0,0,0,0,0,0,0.698,0,0,0.151,0,0,0.017,0,0
20/09/2015 23:00,0,0,0,0,0,0,0,0,0.746,0,0,0.008,0,0,0.087,0,0
21/09/2015 00:00,2.4,0.3,2.6,0,0.4,0,0.023,0,0.748,0,0,0,0,0,0.177,0,0
21/09/2015 01:00,11.1,3.9,10.5,2.3,4,2.1,0.131,0,0.706,0,0,0,0,0.009,0.26,0,0
21/09/2015 02:00,20.6,10.3,18.1,11.9,12.5,12.1,0.259,0,0.615,0,0,0,0,0.147,0.329,0,0
21/09/2015 03:00,30.4,18,23.1,21.6,21.8,24,0.362,0,0.472,0,0,0,0.069,0.33,0.371,0,0
21/09/2015 04:00,38.8,24.6,26.2,26.6,29,33.3,0.436,0,0.278,0,0,0,0.298,0.485,0.38,0.121,0
21/09/2015 05:00,43.1,28.7,26.7,28.4,33.6,38.8,0.458,0,0.071,0,0,0,0.5,0.591,0.356,0.346,0
21/09/2015 06:00,41.4,28.4,26.3,27.6,35.3,41.2,0.477,0,0,0,0.007,0,0.645,0.58,0.295,0.516,0
21/09/2015 07:00,33.8,26.2,23.8,25.2,35.2,40.4,0.438,0,0,0.033,0.094,0,0.734,0.589,0.195,0.633,0
21/09/2015 08:00,24.7,22.1,19.2,22.2,31.4,36.8,0.369,0,0,0.203,0.202,0,0.772,0.548,0.094,0.7,0.048
21/09/2015 09:00,15.3,15.9,12.9,18.3,25.1,30.6,0.279,0,0,0.362,0.301,0,0.763,0.519,0.006,0.716,0.172
21/09/2015 10:00,6.3,9.3,5.9,13.8,16.6,21.8,0.147,0,0,0.478,0.379,0,0.708,0.394,0,0.694,0.286
21/09/2015 11:00,1,3.1,0.8,7.9,7.4,11.8,0.024,0.019,0,0.492,0.409,0,0.604,0.22,0,0.629,0.391
21/09/2015 12:00,0,0.1,0,1.8,1,2.9,0,0.114,0,0.462,0.392,0.078,0.447,0.056,0,0.514,0.431
21/09/2015 13:00,0,0,0,0,0,0,0,0.257,0,0.407,0.344,0.255,0.226,0,0,0.359,0.457
21/09/2015 14:00,0,0,0,0,0,0,0,0.389,0,0.376,0.292,0.471,0.025,0,0,0.167,0.406
21/09/2015 15:00,0,0,0,0,0,0,0,0.459,0,0.295,0.203,0.589,0,0,0,0.003,0.302
21/09/2015 16:00,0,0,0,0,0,0,0,0.483,0,0.187,0.095,0.661,0,0,0,0,0.211
21/09/2015 17:00,0,0,0,0,0,0,0,0.413,0,0.082,0.013,0.687,0,0,0,0,0.132
21/09/2015 18:00,0,0,0,0,0,0,0,0.324,0.026,0.009,0,0.661,0,0,0,0,0.049
21/09/2015 19:00,0,0,0,0,0,0,0,0.229,0.2,0,0,0.581,0,0,0,0,0
21/09/2015 20:00,0,0,0,0,0,0,0,0.143,0.397,0,0,0.38,0,0,0,0,0
21/09/2015 21:00,0,0,0,0,0,0,0,0.066,0.552,0,0,0.234,0,0,0,0,0
21/09/2015 22:00,0,0,0,0,0,0,0,0.004,0.676,0,0,0.1,0,0,0.055,0,0
21/09/2015 23:00,0,0,0,0,0,0,0,0,0.73,0,0,0.004,0,0,0.208,0,0
22/09/2015 00:00,2.7,0.5,1.9,0,0.3,0,0.018,0,0.727,0,0,0,0,0,0.36,0,0
22/09/2015 01:00,10.5,6.2,7.9,2.1,5.4,2.4,0.127,0,0.701,0,0,0,0,0.009,0.483,0,0
22/09/2015 02:00,22.7,14.3,14.4,12.1,17.4,13.4,0.254,0,0.611,0,0,0,0,0.149,0.561,0,0
22/09/2015 03:00,30.6,21.4,20,23.3,28.6,26.3,0.334,0,0.461,0,0,0,0.053,0.335,0.585,0,0
22/09/2015 04:00,39,26.2,24.4,32.2,36.6,36,0.388,0,0.276,0,0,0,0.269,0.49,0.576,0.116,0
22/09/2015 05:00,41.4,28.9,26.4,39.3,41.3,42.1,0.423,0,0.065,0,0,0,0.495,0.595,0.488,0.339,0
22/09/2015 06:00,40.5,29.2,25,41.3,42.4,45,0.434,0,0,0,0.004,0,0.653,0.577,0.353,0.51,0
22/09/2015 07:00,34.6,27.1,22.7,38.3,40.2,44.6,0.429,0,0,0.002,0.069,0,0.743,0.587,0.22,0.627,0
22/09/2015 08:00,29,22.4,18.3,35.8,33.5,40.8,0.361,0,0,0.051,0.155,0,0.781,0.544,0.093,0.695,0.059
22/09/2015 09:00,19.5,16.4,12.7,31.4,24.7,33.6,0.271,0,0,0.118,0.246,0,0.771,0.479,0.004,0.713,0.217
22/09/2015 10:00,9.6,9.4,6.3,23.4,14.8,23.8,0.14,0,0,0.194,0.31,0,0.715,0.331,0,0.692,0.373
22/09/2015 11:00,1.7,3,1,12.9,6.3,12.5,0.017,0.038,0,0.252,0.34,0,0.611,0.171,0,0.628,0.501
22/09/2015 12:00,0,0.1,0,3,0.8,2.8,0,0.165,0,0.302,0.333,0.06,0.454,0.042,0,0.497,0.599
22/09/2015 13:00,0,0,0,0,0,0,0,0.305,0,0.313,0.316,0.24,0.25,0,0,0.341,0.646
22/09/2015 14:00,0,0,0,0,0,0,0,0.433,0,0.287,0.242,0.408,0.036,0,0,0.148,0.642
22/09/2015 15:00,0,0,0,0,0,0,0,0.544,0,0.228,0.149,0.527,0,0,0,0,0.591
22/09/2015 16:00,0,0,0,0,0,0,0,0.6,0,0.148,0.077,0.595,0,0,0,0,0.479
22/09/2015 17:00,0,0,0,0,0,0,0,0.59,0,0.075,0.009,0.614,0,0,0,0,0.319
22/09/2015 18:00,0,0,0,0,0,0,0,0.505,0.039,0.009,0,0.599,0,0,0,0,0.132
22/09/2015 19:00,0,0,0,0,0,0,0,0.386,0.208,0,0,0.543,0,0,0,0,0.001
22/09/2015 20:00,0,0,0,0,0,0,0,0.243,0.38,0,0,0.405,0,0,0,0,0
22/09/2015 21:00,0,0,0,0,0,0,0,0.092,0.522,0,0,0.237,0,0,0,0,0
22/09/2015 22:00,0,0,0,0,0,0,0,0.005,0.625,0,0,0.096,0,0,0.032,0,0
22/09/2015 23:00,0,0,0,0,0,0,0,0,0.695,0,0,0.003,0,0,0.134,0,0
23/09/2015 00:00,1.9,0.5,1.8,0,0.1,0,0.01,0,0.697,0,0,0,0,0,0.257,0,0
23/09/2015 01:00,8.1,6.3,7.5,2.4,2.9,2.3,0.087,0,0.661,0,0,0,0,0.008,0.374,0,0
23/09/2015 02:00,15.1,16,15.5,14.1,10.5,13.5,0.186,0,0.53,0,0,0,0,0.145,0.46,0,0
23/09/2015 03:00,18,25.6,23,27.1,18.8,26.8,0.275,0,0.396,0,0,0,0.085,0.333,0.516,0,0
23/09/2015 04:00,23.1,32,28.9,36.9,25,37.2,0.373,0,0.223,0,0,0,0.324,0.491,0.519,0.123,0
23/09/2015 05:00,25.3,35.3,31.7,43.1,28.7,43.5,0.449,0,0.051,0,0,0,0.528,0.6,0.499,0.334,0
23/09/2015 06:00,27.4,35.3,31.8,47.2,29.3,46.2,0.46,0,0,0,0.005,0,0.67,0.647,0.437,0.505,0
23/09/2015 07:00,30.3,32.6,29.9,46.6,28.1,45.9,0.425,0,0,0.012,0.079,0,0.757,0.658,0.323,0.623,0
23/09/2015 08:00,26.7,27.1,24.1,43,24.5,42.2,0.36,0,0,0.107,0.177,0,0.793,0.623,0.161,0.691,0.078
23/09/2015 09:00,18.9,19.4,16.1,35.9,19.2,35.3,0.264,0,0,0.234,0.282,0,0.783,0.523,0.015,0.708,0.242
23/09/2015 10:00,8.9,10.9,7.9,26,12.2,25.3,0.122,0,0,0.343,0.367,0,0.727,0.397,0,0.686,0.419
23/09/2015 11:00,1.1,3.4,1.4,13.9,5.2,13.7,0.013,0.014,0,0.412,0.425,0,0.623,0.225,0,0.617,0.554
23/09/2015 12:00,0,0,0,2.8,0.6,3.3,0,0.088,0,0.42,0.44,0.078,0.465,0.057,0,0.481,0.645
23/09/2015 13:00,0,0,0,0,0,0,0,0.153,0,0.398,0.412,0.27,0.26,0,0,0.333,0.681
23/09/2015 14:00,0,0,0,0,0,0,0,0.232,0,0.33,0.344,0.457,0.039,0,0,0.118,0.665
23/09/2015 15:00,0,0,0,0,0,0,0,0.296,0,0.236,0.245,0.545,0,0,0,0,0.596
23/09/2015 16:00,0,0,0,0,0,0,0,0.364,0,0.152,0.118,0.623,0,0,0,0,0.47
23/09/2015 17:00,0,0,0,0,0,0,0,0.382,0,0.069,0.018,0.631,0,0,0,0,0.3
23/09/2015 18:00,0,0,0,0,0,0,0,0.353,0.011,0.008,0,0.597,0,0,0,0,0.117
23/09/2015 19:00,0,0,0,0,0,0,0,0.285,0.109,0,0,0.49,0,0,0,0,0
23/09/2015 20:00,0,0,0,0,0,0,0,0.191,0.182,0,0,0.365,0,0,0,0,0
23/09/2015 21:00,0,0,0,0,0,0,0,0.086,0.311,0,0,0.202,0,0,0,0,0
23/09/2015 22:00,0,0,0,0,0,0,0,0.005,0.492,0,0,0.073,0,0,0.049,0,0
23/09/2015 23:00,0,0,0,0,0,0,0,0,0.549,0,0,0,0,0,0.203,0,0
24/09/2015 00:00,1.9,0.6,2.1,0,0.5,0,0.006,0,0.612,0,0,0,0,0,0.368,0,0
24/09/2015 01:00,9.4,7.4,10.1,2.7,4.9,2.1,0.063,0,0.63,0,0,0,0,0.009,0.505,0,0
24/09/2015 02:00,18.3,17.5,18.5,15.4,14.2,12.7,0.118,0,0.609,0,0,0,0,0.158,0.586,0,0
24/09/2015 03:00,27.7,26.9,25.5,28.6,22.9,24.9,0.165,0,0.467,0,0,0,0.08,0.35,0.637,0,0
24/09/2015 04:00,33.9,34.1,31.8,38.1,28.9,35.4,0.192,0,0.284,0,0,0,0.322,0.507,0.636,0.107,0
24/09/2015 05:00,35.3,37.9,34.1,44.1,33,42.1,0.216,0,0.07,0,0,0,0.521,0.614,0.589,0.333,0
24/09/2015 06:00,32.9,38,33.3,47.7,34.6,45.1,0.219,0,0,0,0.013,0,0.659,0.669,0.493,0.504,0
24/09/2015 07:00,27.2,34.7,29.5,47,33.6,44.8,0.205,0,0,0.032,0.126,0,0.746,0.679,0.349,0.622,0
24/09/2015 08:00,21.7,27.9,23.2,43.3,29.4,41.7,0.178,0,0,0.201,0.269,0,0.784,0.643,0.173,0.691,0.032
24/09/2015 09:00,13.8,19.7,15.9,36.5,22.5,35.5,0.128,0,0,0.372,0.371,0,0.775,0.554,0.017,0.71,0.118
24/09/2015 10:00,6.7,10.9,8.1,26.5,14.9,25.6,0.068,0,0,0.48,0.436,0,0.719,0.423,0,0.689,0.215
24/09/2015 11:00,1.1,3.1,1.6,14.3,6.5,13.8,0.007,0.056,0,0.533,0.473,0,0.614,0.247,0,0.626,0.284
24/09/2015 12:00,0,0,0,2.8,0.7,3.3,0,0.214,0,0.564,0.49,0.03,0.457,0.065,0,0.507,0.326
24/09/2015 13:00,0,0,0,0,0,0,0,0.365,0,0.504,0.469,0.143,0.253,0,0,0.351,0.308
24/09/2015 14:00,0,0,0,0,0,0,0,0.486,0,0.421,0.42,0.302,0.037,0,0,0.16,0.281
24/09/2015 15:00,0,0,0,0,0,0,0,0.566,0,0.288,0.33,0.432,0,0,0,0.003,0.23
24/09/2015 16:00,0,0,0,0,0,0,0,0.6,0,0.197,0.189,0.519,0,0,0,0,0.167
24/09/2015 17:00,0,0,0,0,0,0,0,0.598,0,0.093,0.042,0.538,0,0,0,0,0.097
24/09/2015 18:00,0,0,0,0,0,0,0,0.553,0.029,0.014,0,0.51,0,0,0,0,0.032
24/09/2015 19:00,0,0,0,0,0,0,0,0.465,0.189,0,0,0.417,0,0,0,0,0
24/09/2015 20:00,0,0,0,0,0,0,0,0.333,0.38,0,0,0.326,0,0,0,0,0
24/09/2015 21:00,0,0,0,0,0,0,0,0.168,0.551,0,0,0.222,0,0,0,0,0
24/09/2015 22:00,0,0,0,0,0,0,0,0.018,0.675,0,0,0.083,0,0,0.058,0,0
24/09/2015 23:00,0,0,0,0,0,0,0,0,0.729,0,0,0.001,0,0,0.237,0,0
25/09/2015 00:00,2.7,0.8,2.1,0,0.1,0,0.003,0,0.727,0,0,0,0,0,0.401,0,0
25/09/2015 01:00,13.1,9.3,11.4,2.5,4.4,2.5,0.056,0,0.685,0,0,0,0,0.008,0.524,0,0
25/09/2015 02:00,29.6,21.1,22.8,15.1,14.9,13.9,0.126,0,0.575,0,0,0,0,0.152,0.574,0,0
25/09/2015 03:00,42.2,31.1,32.1,28.4,24.5,27.4,0.19,0,0.408,0,0,0,0.068,0.343,0.59,0,0
25/09/2015 04:00,50.3,38,38.6,37.9,31.5,37.5,0.23,0,0.216,0,0,0,0.285,0.5,0.545,0.113,0
25/09/2015 05:00,53.6,41.3,41.7,43.7,36.1,44.1,0.256,0,0.047,0,0,0,0.488,0.607,0.455,0.33,0
25/09/2015 06:00,52.5,40.9,41.6,47.1,38.1,47.1,0.267,0,0,0,0.01,0,0.626,0.639,0.336,0.502,0
25/09/2015 07:00,45.6,38,38.7,46.4,37.3,46.4,0.26,0,0,0.004,0.098,0,0.699,0.651,0.206,0.622,0
25/09/2015 08:00,36.8,32,32.2,42.8,33.8,43,0.234,0,0,0.063,0.21,0,0.714,0.598,0.093,0.692,0.04
25/09/2015 09:00,25.6,23.6,23,35.9,26.8,36.4,0.184,0,0,0.135,0.31,0,0.615,0.524,0.007,0.713,0.153
25/09/2015 10:00,12,13.5,11.9,26,17.2,26.7,0.097,0,0,0.216,0.383,0,0.587,0.409,0,0.693,0.264
25/09/2015 11:00,1.8,3.9,2.3,13.9,7.3,14.7,0.014,0.041,0,0.316,0.407,0,0.441,0.238,0,0.63,0.354
25/09/2015 12:00,0,0,0,2.7,0.8,3.4,0,0.174,0,0.405,0.37,0.008,0.261,0.061,0,0.521,0.402
25/09/2015 13:00,0,0,0,0,0,0,0,0.33,0,0.437,0.312,0.058,0.121,0,0,0.367,0.406
25/09/2015 14:00,0,0,0,0,0,0,0,0.439,0,0.367,0.242,0.123,0.013,0,0,0.174,0.366
25/09/2015 15:00,0,0,0,0,0,0,0,0.491,0,0.279,0.169,0.195,0,0,0,0.004,0.295
25/09/2015 16:00,0,0,0,0,0,0,0,0.524,0,0.165,0.082,0.242,0,0,0,0,0.216
25/09/2015 17:00,0,0,0,0,0,0,0,0.503,0,0.078,0.012,0.234,0,0,0,0,0.134
25/09/2015 18:00,0,0,0,0,0,0,0,0.458,0.043,0.011,0,0.206,0,0,0,0,0.056
25/09/2015 19:00,0,0,0,0,0,0,0,0.389,0.221,0,0,0.173,0,0,0,0,0
25/09/2015 20:00,0,0,0,0,0,0,0,0.26,0.392,0,0,0.127,0,0,0,0,0
25/09/2015 21:00,0,0,0,0,0,0,0,0.13,0.543,0,0,0.067,0,0,0,0,0
25/09/2015 22:00,0,0,0,0,0,0,0,0.013,0.673,0,0,0.024,0,0,0.039,0,0
25/09/2015 23:00,0,0,0,0,0,0,0,0,0.729,0,0,0,0,0,0.177,0,0
26/09/2015 00:00,3.2,1,3,0,0.3,0,0.01,0,0.74,0,0,0,0,0,0.335,0,0
26/09/2015 01:00,16.1,10.3,14.9,2.4,4.1,2.8,0.081,0,0.682,0,0,0,0,0.003,0.468,0,0
26/09/2015 02:00,34.5,23.1,27.8,15.1,13.1,14.8,0.174,0,0.595,0,0,0,0,0.125,0.549,0,0
26/09/2015 03:00,49.4,33.2,37,28.4,21.5,27.5,0.261,0,0.451,0,0,0,0.071,0.33,0.595,0,0
26/09/2015 04:00,56.5,41,42.2,38,28.3,37.7,0.315,0,0.265,0,0,0,0.29,0.497,0.598,0.119,0
26/09/2015 05:00,57.8,44.5,44.3,43.9,31.7,44.2,0.353,0,0.065,0,0,0,0.487,0.607,0.545,0.324,0
26/09/2015 06:00,56.4,43.9,42.6,47,33.5,47.2,0.372,0,0,0,0.006,0,0.622,0.654,0.45,0.494,0
26/09/2015 07:00,49.6,40.9,37.6,46.3,32.4,46.7,0.373,0,0,0.011,0.08,0,0.706,0.659,0.32,0.601,0
26/09/2015 08:00,39.6,34.8,30.2,42.6,28.9,43.1,0.334,0,0,0.086,0.175,0,0.73,0.614,0.157,0.664,0.106
26/09/2015 09:00,25.8,25.6,20.7,35.7,23.3,36.2,0.263,0,0,0.173,0.249,0,0.677,0.523,0.015,0.634,0.302
26/09/2015 10:00,12.3,14,10.5,25.9,15.2,26.4,0.151,0,0,0.215,0.28,0,0.622,0.396,0,0.617,0.476
26/09/2015 11:00,1.5,4,1.9,13.8,6.2,14.5,0.023,0.064,0,0.238,0.301,0,0.458,0.221,0,0.489,0.607
26/09/2015 12:00,0,0,0,2.7,0.6,3.2,0,0.248,0,0.234,0.285,0.027,0.327,0.051,0,0.403,0.688
26/09/2015 13:00,0,0,0,0,0,0,0,0.413,0,0.244,0.266,0.116,0.173,0,0,0.311,0.729
26/09/2015 14:00,0,0,0,0,0,0,0,0.527,0,0.235,0.205,0.213,0.016,0,0,0.119,0.707
26/09/2015 15:00,0,0,0,0,0,0,0,0.586,0,0.198,0.145,0.299,0,0,0,0.002,0.643
26/09/2015 16:00,0,0,0,0,0,0,0,0.591,0,0.138,0.07,0.364,0,0,0,0,0.526
26/09/2015 17:00,0,0,0,0,0,0,0,0.559,0,0.065,0.009,0.397,0,0,0,0,0.354
26/09/2015 18:00,0,0,0,0,0,0,0,0.484,0.045,0.007,0,0.379,0,0,0,0,0.148
26/09/2015 19:00,0,0,0,0,0,0,0,0.381,0.25,0,0,0.349,0,0,0,0,0.001
26/09/2015 20:00,0,0,0,0,0,0,0,0.251,0.443,0,0,0.287,0,0,0,0,0
26/09/2015 21:00,0,0,0,0,0,0,0,0.12,0.591,0,0,0.185,0,0,0,0,0
26/09/2015 22:00,0,0,0,0,0,0,0,0.014,0.697,0,0,0.071,0,0,0.047,0,0
26/09/2015 23:00,0,0,0,0,0,0,0,0,0.736,0,0,0,0,0,0.195,0,0
27/09/2015 00:00,2.4,0.9,2.7,0,0.5,0,0.023,0,0.726,0,0,0,0,0,0.357,0,0
27/09/2015 01:00,12.4,11,13.8,2.5,4.5,2.8,0.135,0,0.68,0,0,0,0,0.006,0.488,0,0
27/09/2015 02:00,27.1,24.2,26,15.6,13,15.4,0.246,0,0.581,0,0,0,0,0.146,0.579,0,0
27/09/2015 03:00,42.2,34.4,35.1,28.8,21.4,28.4,0.305,0,0.425,0,0,0,0.08,0.337,0.624,0,0
27/09/2015 04:00,49.7,41.5,40.8,38.3,27.8,38.5,0.368,0,0.231,0,0,0,0.307,0.495,0.616,0.114,0
27/09/2015 05:00,51.2,45,43.4,44.1,32.2,45,0.481,0,0.052,0,0,0,0.502,0.602,0.575,0.321,0
27/09/2015 06:00,50.4,45,41.9,47,33.8,47.9,0.527,0,0,0,0.012,0,0.643,0.662,0.486,0.47,0
27/09/2015 07:00,44.3,41.7,38.2,46.3,32.5,47.5,0.476,0,0,0.011,0.124,0,0.727,0.67,0.344,0.59,0
27/09/2015 08:00,38,35.8,31.5,42.7,28.7,44.1,0.343,0,0,0.109,0.256,0,0.763,0.633,0.173,0.673,0.109
27/09/2015 09:00,24.7,26.5,21.8,36.2,22.7,37.2,0.209,0,0,0.281,0.336,0,0.749,0.534,0.015,0.698,0.316
27/09/2015 10:00,12,14.9,10.8,26.4,14.3,27.4,0.092,0,0,0.449,0.392,0,0.694,0.378,0,0.657,0.498
27/09/2015 11:00,1.6,4.2,1.8,14.2,6.3,15.2,0.011,0.031,0,0.556,0.413,0,0.586,0.226,0,0.583,0.63
27/09/2015 12:00,0,0,0,2.7,0.6,3.4,0,0.14,0,0.616,0.375,0.021,0.431,0.051,0,0.469,0.722
27/09/2015 13:00,0,0,0,0,0,0,0,0.26,0,0.622,0.319,0.105,0.22,0,0,0.267,0.751
27/09/2015 14:00,0,0,0,0,0,0,0,0.351,0,0.567,0.25,0.215,0.027,0,0,0.123,0.73
27/09/2015 15:00,0,0,0,0,0,0,0,0.406,0,0.481,0.152,0.302,0,0,0,0.002,0.651
27/09/2015 16:00,0,0,0,0,0,0,0,0.432,0,0.36,0.066,0.347,0,0,0,0,0.529
27/09/2015 17:00,0,0,0,0,0,0,0,0.413,0,0.193,0.007,0.332,0,0,0,0,0.356
27/09/2015 18:00,0,0,0,0,0,0,0,0.351,0.023,0.033,0,0.323,0,0,0,0,0.149
27/09/2015 19:00,0,0,0,0,0,0,0,0.265,0.162,0,0,0.291,0,0,0,0,0
27/09/2015 20:00,0,0,0,0,0,0,0,0.168,0.301,0,0,0.22,0,0,0,0,0
27/09/2015 21:00,0,0,0,0,0,0,0,0.075,0.412,0,0,0.132,0,0,0,0,0
27/09/2015 22:00,0,0,0,0,0,0,0,0.004,0.495,0,0,0.048,0,0,0.029,0,0
27/09/2015 23:00,0,0,0,0,0,0,0,0,0.507,0,0,0,0,0,0.136,0,0
28/09/2015 00:00,3.5,0.8,2.9,0,0.1,0,0.008,0,0.508,0,0,0,0,0,0.228,0,0
28/09/2015 01:00,19.1,10.7,14.9,2.7,4.3,3,0.082,0,0.453,0,0,0,0,0.002,0.304,0,0
28/09/2015 02:00,37.8,24,26.5,16.4,14.7,16.5,0.17,0,0.405,0,0,0,0,0.138,0.369,0,0
28/09/2015 03:00,54.1,34,37.1,29.8,24.3,30,0.222,0,0.285,0,0,0,0.075,0.339,0.411,0,0
28/09/2015 04:00,62.1,41.4,42.5,39.1,31.8,39.6,0.252,0,0.16,0,0,0,0.28,0.498,0.406,0.114,0
28/09/2015 05:00,64.2,45,44.4,44.9,36.3,45.5,0.285,0,0.034,0,0,0,0.443,0.605,0.349,0.314,0
28/09/2015 06:00,62.2,45.2,43.3,47.7,37.7,48.1,0.294,0,0,0,0,0,0.556,0.633,0.249,0.48,0
28/09/2015 07:00,56.5,42.2,37.9,47,36.3,47.6,0.277,0,0,0.023,0.045,0,0.589,0.643,0.161,0.606,0
28/09/2015 08:00,46.5,36.3,30.9,43.4,32,44.1,0.233,0,0,0.169,0.109,0,0.466,0.601,0.068,0.68,0.098
28/09/2015 09:00,32.9,26.2,21.6,36.2,25.6,37.1,0.149,0,0,0.347,0.175,0,0.422,0.529,0.001,0.696,0.292
28/09/2015 10:00,16.7,14.9,10.9,26.3,17.2,27.2,0.073,0,0,0.443,0.23,0,0.319,0.35,0,0.665,0.472
28/09/2015 11:00,1.9,4.1,1.9,14,7,14.9,0.005,0.041,0,0.486,0.278,0,0.248,0.157,0,0.578,0.614
28/09/2015 12:00,0,0,0,2.6,0.6,3.2,0,0.17,0,0.48,0.304,0.029,0.166,0.037,0,0.448,0.699
28/09/2015 13:00,0,0,0,0,0,0,0,0.321,0,0.442,0.303,0.139,0.084,0,0,0.282,0.735
28/09/2015 14:00,0,0,0,0,0,0,0,0.448,0,0.387,0.273,0.28,0.008,0,0,0.114,0.717
28/09/2015 15:00,0,0,0,0,0,0,0,0.541,0,0.266,0.201,0.402,0,0,0,0.001,0.647
28/09/2015 16:00,0,0,0,0,0,0,0,0.58,0,0.168,0.115,0.479,0,0,0,0,0.526
28/09/2015 17:00,0,0,0,0,0,0,0,0.582,0,0.076,0.024,0.515,0,0,0,0,0.353
28/09/2015 18:00,0,0,0,0,0,0,0,0.522,0.016,0.007,0,0.485,0,0,0,0,0.147
28/09/2015 19:00,0,0,0,0,0,0,0,0.412,0.127,0,0,0.394,0,0,0,0,0
28/09/2015 20:00,0,0,0,0,0,0,0,0.261,0.272,0,0,0.271,0,0,0,0,0
28/09/2015 21:00,0,0,0,0,0,0,0,0.103,0.395,0,0,0.159,0,0,0,0,0
28/09/2015 22:00,0,0,0,0,0,0,0,0.006,0.48,0,0,0.062,0,0,0.036,0,0
28/09/2015 23:00,0,0,0,0,0,0,0,0,0.534,0,0,0,0,0,0.149,0,0
29/09/2015 00:00,3.6,0.8,3,0,0.1,0,0.009,0,0.515,0,0,0,0,0,0.278,0,0
29/09/2015 01:00,17.6,10.9,15.2,2.6,3.1,2.5,0.076,0,0.475,0,0,0,0,0.001,0.408,0,0
29/09/2015 02:00,36.7,24.2,27.3,16.1,11.4,14.7,0.147,0,0.401,0,0,0,0,0.136,0.502,0,0
29/09/2015 03:00,50.7,34.9,36.4,29.3,20.5,27.5,0.195,0,0.283,0,0,0,0.057,0.326,0.542,0,0
29/09/2015 04:00,59.5,41.9,42.1,38.6,28,37.2,0.241,0,0.147,0,0,0,0.24,0.485,0.521,0.121,0
29/09/2015 05:00,62.5,45.3,44.7,44.4,32.2,43.5,0.265,0,0.03,0,0,0,0.457,0.594,0.438,0.323,0
29/09/2015 06:00,61.7,45.4,43.9,46.8,32.5,46.1,0.258,0,0,0,0.03,0,0.602,0.644,0.323,0.491,0
29/09/2015 07:00,56.1,42.6,40.1,46.2,30.6,45.9,0.247,0,0,0.004,0.197,0,0.686,0.655,0.211,0.608,0
29/09/2015 08:00,46.1,36.1,33.4,42.7,26.7,42.4,0.208,0,0,0.071,0.354,0,0.695,0.623,0.095,0.674,0.082
29/09/2015 09:00,32.6,26.8,23,36.3,20.7,35.6,0.15,0,0,0.154,0.458,0,0.687,0.554,0.004,0.694,0.23
29/09/2015 10:00,16.3,15.2,11.3,26.5,13.1,25.6,0.079,0,0,0.231,0.526,0,0.566,0.368,0,0.671,0.395
29/09/2015 11:00,1.8,4.1,1.8,14.1,5.2,13.2,0.007,0.058,0,0.275,0.551,0,0.481,0.237,0,0.605,0.515
29/09/2015 12:00,0,0,0,2.5,0.5,2.8,0,0.221,0,0.282,0.541,0.045,0.274,0.06,0,0.49,0.601
29/09/2015 13:00,0,0,0,0,0,0,0,0.342,0,0.277,0.499,0.169,0.132,0,0,0.309,0.641
29/09/2015 14:00,0,0,0,0,0,0,0,0.435,0,0.249,0.414,0.297,0.016,0,0,0.12,0.638
29/09/2015 15:00,0,0,0,0,0,0,0,0.504,0,0.21,0.303,0.414,0,0,0,0.001,0.577
29/09/2015 16:00,0,0,0,0,0,0,0,0.52,0,0.167,0.174,0.512,0,0,0,0,0.461
29/09/2015 17:00,0,0,0,0,0,0,0,0.482,0,0.098,0.034,0.557,0,0,0,0,0.305
29/09/2015 18:00,0,0,0,0,0,0,0,0.434,0.028,0.016,0,0.546,0,0,0,0,0.125
29/09/2015 19:00,0,0,0,0,0,0,0,0.343,0.175,0,0,0.476,0,0,0,0,0
29/09/2015 20:00,0,0,0,0,0,0,0,0.211,0.331,0,0,0.381,0,0,0,0,0
29/09/2015 21:00,0,0,0,0,0,0,0,0.08,0.455,0,0,0.255,0,0,0,0,0
29/09/2015 22:00,0,0,0,0,0,0,0,0.003,0.516,0,0,0.109,0,0,0.029,0,0
29/09/2015 23:00,0,0,0,0,0,0,0,0,0.544,0,0,0.003,0,0,0.132,0,0
30/09/2015 00:00,3.2,0.8,3,0,0.3,0,0.01,0,0.537,0,0,0,0,0,0.24,0,0
30/09/2015 01:00,16.6,10.4,14.8,2.7,4.5,2.3,0.078,0,0.489,0,0,0,0,0.004,0.33,0,0
30/09/2015 02:00,35.9,23.1,26.9,16.7,15.4,12.9,0.187,0,0.419,0,0,0,0,0.145,0.374,0,0
30/09/2015 03:00,51,32.9,36.2,30.2,25.6,25.3,0.284,0,0.323,0,0,0,0.073,0.344,0.385,0,0
30/09/2015 04:00,58.8,39.9,42.1,39.3,32.6,34.8,0.319,0,0.176,0,0,0,0.267,0.499,0.358,0.103,0
30/09/2015 05:00,61,43.4,44.1,45,36.4,41.3,0.311,0,0.042,0,0,0,0.448,0.591,0.31,0.323,0
30/09/2015 06:00,58.8,43.3,43.3,47.6,37.3,44.8,0.275,0,0,0,0.024,0,0.618,0.623,0.233,0.488,0
30/09/2015 07:00,51.6,40.4,39.4,47,35.1,44.2,0.213,0,0,0.019,0.182,0,0.704,0.644,0.149,0.606,0
30/09/2015 08:00,40.4,34.2,31.5,43.5,31,40.7,0.15,0,0,0.152,0.346,0,0.739,0.609,0.058,0.672,0.078
30/09/2015 09:00,27.6,25.2,20.9,36.3,24,33.4,0.083,0,0,0.293,0.468,0,0.711,0.518,0,0.681,0.281
30/09/2015 10:00,13.4,14,10.6,26.5,15.6,23.3,0.031,0,0,0.399,0.55,0,0.631,0.386,0,0.66,0.466
30/09/2015 11:00,1.6,3.6,1.6,14.1,6.7,12.2,0,0.028,0,0.45,0.582,0,0.509,0.216,0,0.591,0.608
30/09/2015 12:00,0,0,0,2.5,0.6,2.5,0,0.149,0,0.503,0.576,0.05,0.272,0.049,0,0.489,0.703
30/09/2015 13:00,0,0,0,0,0,0,0,0.295,0,0.513,0.525,0.199,0.119,0,0,0.338,0.736
30/09/2015 14:00,0,0,0,0,0,0,0,0.457,0,0.45,0.427,0.355,0.012,0,0,0.152,0.715
30/09/2015 15:00,0,0,0,0,0,0,0,0.547,0,0.357,0.288,0.467,0,0,0,0.002,0.644
30/09/2015 16:00,0,0,0,0,0,0,0,0.581,0,0.239,0.136,0.519,0,0,0,0,0.526
30/09/2015 17:00,0,0,0,0,0,0,0,0.568,0,0.11,0.011,0.517,0,0,0,0,0.353
30/09/2015 18:00,0,0,0,0,0,0,0,0.514,0.035,0.013,0,0.49,0,0,0,0,0.145
30/09/2015 19:00,0,0,0,0,0,0,0,0.411,0.188,0,0,0.425,0,0,0,0,0
30/09/2015 20:00,0,0,0,0,0,0,0,0.293,0.368,0,0,0.306,0,0,0,0,0
30/09/2015 21:00,0,0,0,0,0,0,0,0.151,0.494,0,0,0.183,0,0,0,0,0
30/09/2015 22:00,0,0,0,0,0,0,0,0.016,0.593,0,0,0.072,0,0,0.015,0,0
30/09/2015 23:00,0,0,0,0,0,0,0,0,0.647,0,0,0,0,0,0.087,0,0
01/10/2015 00:00,5.1,0.6,2.6,0,0.3,0,0.005,0,0.608,0,0,0,0,0,0.167,0,0
01/10/2015 01:00,23.2,8.1,13.2,2.6,4.1,2.3,0.066,0,0.512,0,0,0,0,0.003,0.254,0,0
01/10/2015 02:00,42.5,19.1,25.5,16.6,13.4,14.5,0.157,0,0.392,0,0,0,0,0.139,0.328,0,0
01/10/2015 03:00,54.9,28.7,34.8,30.2,23.4,27.6,0.207,0,0.289,0,0,0,0.074,0.324,0.355,0,0
01/10/2015 04:00,62.4,35.3,40.1,39.3,31.2,37.2,0.234,0,0.18,0,0,0,0.281,0.471,0.338,0.095,0
01/10/2015 05:00,65.3,37.9,42.1,44.9,35.1,43,0.279,0,0.05,0,0,0,0.478,0.556,0.28,0.311,0
01/10/2015 06:00,63.9,36.5,39.7,47.4,34.8,44.6,0.331,0,0,0,0.001,0,0.608,0.555,0.215,0.493,0
01/10/2015 07:00,57.1,33,33.6,46.8,31.7,43.2,0.335,0,0,0.028,0.052,0,0.697,0.578,0.138,0.605,0
01/10/2015 08:00,46,26.9,25.6,43.2,26.2,39.5,0.325,0,0,0.2,0.116,0,0.728,0.544,0.06,0.666,0.02
01/10/2015 09:00,31.3,19.1,16,36.6,19.5,32.9,0.241,0,0,0.386,0.171,0,0.697,0.435,0.001,0.674,0.072
01/10/2015 10:00,15.2,10.5,7.4,26.7,12.2,23.6,0.121,0,0,0.533,0.233,0,0.61,0.323,0,0.642,0.128
01/10/2015 11:00,1.6,2.8,1.1,14.3,5.2,12.9,0.011,0.056,0,0.634,0.291,0,0.483,0.173,0,0.573,0.173
01/10/2015 12:00,0,0,0,2.4,0.5,2.8,0,0.223,0,0.682,0.312,0.062,0.271,0.036,0,0.462,0.205
01/10/2015 13:00,0,0,0,0,0,0,0,0.367,0,0.675,0.311,0.225,0.093,0,0,0.312,0.234
01/10/2015 14:00,0,0,0,0,0,0,0,0.436,0,0.622,0.275,0.397,0.006,0,0,0.139,0.224
01/10/2015 15:00,0,0,0,0,0,0,0,0.473,0,0.515,0.223,0.515,0,0,0,0.002,0.186
01/10/2015 16:00,0,0,0,0,0,0,0,0.505,0,0.356,0.181,0.555,0,0,0,0,0.121
01/10/2015 17:00,0,0,0,0,0,0,0,0.488,0,0.168,0.036,0.56,0,0,0,0,0.064
01/10/2015 18:00,0,0,0,0,0,0,0,0.414,0.031,0.022,0,0.55,0,0,0,0,0.019
01/10/2015 19:00,0,0,0,0,0,0,0,0.315,0.166,0,0,0.464,0,0,0,0,0
01/10/2015 20:00,0,0,0,0,0,0,0,0.207,0.341,0,0,0.327,0,0,0,0,0
01/10/2015 21:00,0,0,0,0,0,0,0,0.093,0.521,0,0,0.201,0,0,0,0,0
01/10/2015 22:00,0,0,0,0,0,0,0,0.005,0.591,0,0,0.081,0,0,0.021,0,0
01/10/2015 23:00,0,0,0,0,0,0,0,0,0.578,0,0,0,0,0,0.101,0,0
02/10/2015 00:00,1.5,0.4,1,0,0.3,0,0.035,0,0.518,0,0,0,0,0,0.185,0,0
02/10/2015 01:00,10.6,7,6.7,2.5,4.1,1.9,0.224,0,0.509,0,0,0,0,0,0.273,0,0
02/10/2015 02:00,28.2,17.6,14.3,16.3,13.4,12.8,0.415,0,0.513,0,0,0,0,0.088,0.317,0,0
02/10/2015 03:00,41,26.7,20.6,29.9,22.7,25.3,0.556,0,0.427,0,0,0,0.043,0.222,0.297,0,0
02/10/2015 04:00,50.7,33.2,26,39.1,29.3,34.8,0.652,0,0.254,0,0,0,0.166,0.318,0.282,0.112,0
02/10/2015 05:00,56.8,36.3,29.7,44.6,32.9,40.6,0.676,0,0.058,0,0,0,0.272,0.393,0.235,0.331,0
02/10/2015 06:00,56,35.9,30,47.2,33.3,42.8,0.656,0,0,0,0.023,0,0.381,0.425,0.173,0.496,0
02/10/2015 07:00,51.7,32.6,28.7,46.6,31.5,41.8,0.621,0,0,0.026,0.174,0,0.517,0.448,0.103,0.611,0
02/10/2015 08:00,42.2,27.6,24.4,43,27.6,37.9,0.52,0,0,0.176,0.334,0,0.593,0.413,0.042,0.677,0.04
02/10/2015 09:00,29.7,20.3,16.9,36.1,21.4,30.7,0.376,0,0,0.334,0.455,0,0.588,0.358,0,0.698,0.21
02/10/2015 10:00,14.6,11.7,8.4,26.3,14,21.4,0.189,0,0,0.443,0.532,0,0.546,0.262,0,0.677,0.412
02/10/2015 11:00,1.5,3.2,1.2,13.9,5.9,10.3,0.021,0.008,0,0.543,0.581,0,0.443,0.132,0,0.614,0.555
02/10/2015 12:00,0,0,0,2.3,0.5,1.9,0,0.096,0,0.572,0.571,0.031,0.305,0.02,0,0.502,0.659
02/10/2015 13:00,0,0,0,0,0,0,0,0.231,0,0.57,0.529,0.131,0.153,0,0,0.347,0.678
02/10/2015 14:00,0,0,0,0,0,0,0,0.399,0,0.509,0.457,0.252,0.023,0,0,0.156,0.6
02/10/2015 15:00,0,0,0,0,0,0,0,0.499,0,0.37,0.329,0.371,0,0,0,0.002,0.425
02/10/2015 16:00,0,0,0,0,0,0,0,0.543,0,0.25,0.183,0.444,0,0,0,0,0.266
02/10/2015 17:00,0,0,0,0,0,0,0,0.501,0,0.115,0.035,0.45,0,0,0,0,0.147
02/10/2015 18:00,0,0,0,0,0,0,0,0.352,0.039,0.013,0,0.404,0,0,0,0,0.047
02/10/2015 19:00,0,0,0,0,0,0,0,0.236,0.201,0,0,0.325,0,0,0,0,0
02/10/2015 20:00,0,0,0,0,0,0,0,0.143,0.367,0,0,0.227,0,0,0,0,0
02/10/2015 21:00,0,0,0,0,0,0,0,0.064,0.451,0,0,0.127,0,0,0,0,0
02/10/2015 22:00,0,0,0,0,0,0,0,0.002,0.469,0,0,0.047,0,0,0.023,0,0
02/10/2015 23:00,0,0,0,0,0,0,0,0,0.471,0,0,0,0,0,0.121,0,0
03/10/2015 00:00,2,0.5,2.3,0,0.3,0,0.017,0,0.449,0,0,0,0,0,0.229,0,0
03/10/2015 01:00,12.7,8.5,13,2.5,3.9,1.9,0.137,0,0.419,0,0,0,0,0,0.321,0,0
03/10/2015 02:00,29.1,20.2,25.1,16.3,12.5,11.6,0.261,0,0.36,0,0,0,0,0.11,0.361,0,0
03/10/2015 03:00,47.1,29.8,33.3,30,21.4,23.2,0.373,0,0.258,0,0,0,0.055,0.288,0.371,0,0
03/10/2015 04:00,56.7,36.4,39.5,39.3,29.2,32.4,0.479,0,0.134,0,0,0,0.217,0.46,0.327,0.083,0
03/10/2015 05:00,60.3,39.5,42.4,44.7,34.4,38.4,0.513,0,0.026,0,0,0,0.376,0.58,0.271,0.236,0
03/10/2015 06:00,59,39.6,41.9,47.3,36,40.9,0.482,0,0,0,0.005,0,0.504,0.641,0.205,0.386,0
03/10/2015 07:00,53.7,36.9,38.5,46.6,34.8,40.5,0.44,0,0,0.016,0.094,0,0.585,0.644,0.129,0.492,0
03/10/2015 08:00,42.2,31.4,31.9,43,30.2,37,0.352,0,0,0.136,0.21,0,0.642,0.584,0.053,0.526,0.068
03/10/2015 09:00,27.2,22.9,22.3,36.4,22.5,30.5,0.232,0,0,0.271,0.32,0,0.626,0.446,0,0.534,0.249
03/10/2015 10:00,13.1,12.8,11,26.5,13.7,21.8,0.11,0,0,0.339,0.422,0,0.573,0.279,0,0.552,0.445
03/10/2015 11:00,1.3,3.4,1.6,14,5.7,11.3,0.009,0.011,0,0.366,0.481,0,0.494,0.122,0,0.524,0.594
03/10/2015 12:00,0,0,0,2.3,0.5,2.3,0,0.077,0,0.423,0.497,0.04,0.353,0.013,0,0.415,0.694
03/10/2015 13:00,0,0,0,0,0,0,0,0.159,0,0.415,0.456,0.192,0.172,0,0,0.263,0.719
03/10/2015 14:00,0,0,0,0,0,0,0,0.234,0,0.382,0.387,0.358,0.027,0,0,0.108,0.681
03/10/2015 15:00,0,0,0,0,0,0,0,0.284,0,0.283,0.284,0.489,0,0,0,0.002,0.609
03/10/2015 16:00,0,0,0,0,0,0,0,0.298,0,0.191,0.139,0.565,0,0,0,0,0.5
03/10/2015 17:00,0,0,0,0,0,0,0,0.283,0,0.082,0.023,0.585,0,0,0,0,0.34
03/10/2015 18:00,0,0,0,0,0,0,0,0.243,0.02,0.007,0,0.539,0,0,0,0,0.136
03/10/2015 19:00,0,0,0,0,0,0,0,0.197,0.128,0,0,0.404,0,0,0,0,0
03/10/2015 20:00,0,0,0,0,0,0,0,0.136,0.254,0,0,0.29,0,0,0,0,0
03/10/2015 21:00,0,0,0,0,0,0,0,0.063,0.348,0,0,0.16,0,0,0,0,0
03/10/2015 22:00,0,0,0,0,0,0,0,0.003,0.438,0,0,0.065,0,0,0.014,0,0
03/10/2015 23:00,0,0,0,0,0,0,0,0,0.5,0,0,0,0,0,0.082,0,0
04/10/2015 00:00,3.2,0.5,2.6,0,0.3,0,0.017,0,0.505,0,0,0,0,0,0.159,0,0
04/10/2015 01:00,19.3,8.8,14,2.1,3,1.7,0.142,0,0.473,0,0,0,0,0,0.229,0,0
04/10/2015 02:00,38.5,20.5,26.5,15.5,9.9,12.1,0.288,0,0.38,0,0,0,0,0.062,0.273,0,0
04/10/2015 03:00,53.2,30.2,35.8,29.3,17.6,24.2,0.394,0,0.261,0,0,0,0.073,0.164,0.298,0,0
04/10/2015 04:00,60.9,36.9,41.4,38.8,24.6,33.7,0.441,0,0.135,0,0,0,0.278,0.254,0.299,0.117,0
04/10/2015 05:00,64.3,40.2,43.7,44.3,28.9,39.7,0.474,0,0.029,0,0,0,0.471,0.339,0.269,0.332,0
04/10/2015 06:00,62.2,39.9,41.7,46.7,29.6,42.2,0.435,0,0,0,0.022,0,0.606,0.404,0.217,0.498,0
04/10/2015 07:00,56.1,36.6,37.5,46.1,26.9,42.2,0.391,0,0,0.022,0.163,0,0.678,0.466,0.147,0.612,0
04/10/2015 08:00,45.3,31.1,28.9,42.4,22.1,39.1,0.31,0,0,0.184,0.297,0,0.717,0.484,0.068,0.674,0.074
04/10/2015 09:00,29.7,22.5,19.8,36,15.6,33.1,0.194,0,0,0.364,0.339,0,0.704,0.452,0,0.692,0.26
04/10/2015 10:00,14.2,12.6,9.4,26.2,9.6,23.9,0.091,0,0,0.508,0.391,0,0.629,0.338,0,0.665,0.438
04/10/2015 11:00,1.4,3.2,1.3,13.7,3.7,12.7,0.007,0.076,0,0.606,0.431,0,0.425,0.181,0,0.586,0.569
04/10/2015 12:00,0,0,0,2.2,0.3,2.5,0,0.272,0,0.612,0.439,0.041,0.248,0.037,0,0.451,0.671
04/10/2015 13:00,0,0,0,0,0,0,0,0.397,0,0.572,0.413,0.17,0.112,0,0,0.263,0.687
04/10/2015 14:00,0,0,0,0,0,0,0,0.413,0,0.526,0.34,0.309,0.014,0,0,0.13,0.664
04/10/2015 15:00,0,0,0,0,0,0,0,0.438,0,0.428,0.244,0.408,0,0,0,0.003,0.574
04/10/2015 16:00,0,0,0,0,0,0,0,0.543,0,0.306,0.132,0.473,0,0,0,0,0.451
04/10/2015 17:00,0,0,0,0,0,0,0,0.603,0,0.143,0.021,0.505,0,0,0,0,0.299
04/10/2015 18:00,0,0,0,0,0,0,0,0.59,0.034,0.015,0,0.479,0,0,0,0,0.122
04/10/2015 19:00,0,0,0,0,0,0,0,0.504,0.177,0,0,0.415,0,0,0,0,0
04/10/2015 20:00,0,0,0,0,0,0,0,0.35,0.322,0,0,0.307,0,0,0,0,0
04/10/2015 21:00,0,0,0,0,0,0,0,0.168,0.441,0,0,0.167,0,0,0,0,0
04/10/2015 22:00,0,0,0,0,0,0,0,0.021,0.508,0,0,0.059,0,0,0.053,0,0
04/10/2015 23:00,0,0,0,0,0,0,0,0,0.535,0,0,0,0,0,0.212,0,0
05/10/2015 00:00,5.8,0.5,1.9,0,0.1,0,0.024,0,0.546,0,0,0,0,0,0.368,0,0
05/10/2015 01:00,26.7,9.6,11.8,1.8,2.4,2.1,0.181,0,0.515,0,0,0,0,0,0.487,0,0
05/10/2015 02:00,45.6,22.3,23.3,14.3,10,13.9,0.342,0,0.431,0,0,0,0,0.074,0.565,0,0
05/10/2015 03:00,58,33,33.1,28,18.8,27.1,0.447,0,0.317,0,0,0,0.043,0.166,0.595,0,0
05/10/2015 04:00,65.4,39.7,38.6,37.5,25.2,36.6,0.516,0,0.158,0,0,0,0.148,0.306,0.581,0.102,0
05/10/2015 05:00,68.2,43,40.9,43.3,29.7,42.6,0.545,0,0.026,0,0,0,0.251,0.423,0.524,0.283,0
05/10/2015 06:00,66.9,43.3,39.5,46.6,31.1,45.2,0.528,0,0,0,0,0,0.401,0.332,0.432,0.434,0
05/10/2015 07:00,61.5,40.4,35.3,46,29.5,44.8,0.449,0,0,0.012,0.043,0,0.577,0.269,0.289,0.54,0
05/10/2015 08:00,51.9,34.4,27.8,42.4,24.9,41.3,0.371,0,0,0.118,0.1,0,0.629,0.187,0.128,0.601,0.098
05/10/2015 09:00,37.8,25.6,19,35.3,18.3,34.4,0.24,0,0,0.247,0.153,0,0.553,0.157,0.008,0.619,0.288
05/10/2015 10:00,19.6,14.5,9,25.5,11,24.6,0.096,0,0,0.344,0.199,0,0.44,0.104,0,0.599,0.467
05/10/2015 11:00,1.5,3.8,1.2,13.2,4.5,12.9,0.006,0.063,0,0.412,0.223,0,0.262,0.054,0,0.534,0.602
05/10/2015 12:00,0,0,0,2.1,0.4,2.5,0,0.243,0,0.445,0.224,0.02,0.165,0.009,0,0.416,0.687
05/10/2015 13:00,0,0,0,0,0,0,0,0.411,0,0.444,0.203,0.111,0.079,0,0,0.26,0.717
05/10/2015 14:00,0,0,0,0,0,0,0,0.528,0,0.397,0.167,0.259,0.008,0,0,0.117,0.699
05/10/2015 15:00,0,0,0,0,0,0,0,0.576,0,0.317,0.116,0.363,0,0,0,0.002,0.631
05/10/2015 16:00,0,0,0,0,0,0,0,0.585,0,0.208,0.064,0.415,0,0,0,0,0.511
05/10/2015 17:00,0,0,0,0,0,0,0,0.578,0,0.099,0.007,0.448,0,0,0,0,0.342
05/10/2015 18:00,0,0,0,0,0,0,0,0.528,0.018,0.01,0,0.443,0,0,0,0,0.138
05/10/2015 19:00,0,0,0,0,0,0,0,0.447,0.118,0,0,0.401,0,0,0,0,0
05/10/2015 20:00,0,0,0,0,0,0,0,0.326,0.24,0,0,0.335,0,0,0,0,0
05/10/2015 21:00,0,0,0,0,0,0,0,0.17,0.332,0,0,0.23,0,0,0,0,0
05/10/2015 22:00,0,0,0,0,0,0,0,0.017,0.413,0,0,0.081,0,0,0.046,0,0
05/10/2015 23:00,0,0,0,0,0,0,0,0,0.428,0,0,0,0,0,0.192,0,0
06/10/2015 00:00,7.2,0.6,1.3,0,0.2,0,0.004,0,0.401,0,0,0,0,0,0.33,0,0
06/10/2015 01:00,29.1,9.6,9.6,1.7,4.6,2.3,0.076,0,0.296,0,0,0,0,0,0.399,0,0
06/10/2015 02:00,46.2,22.1,20.1,14.5,16.1,14.4,0.168,0,0.228,0,0,0,0,0.036,0.432,0,0
06/10/2015 03:00,57.9,32.2,28.6,28.1,27.3,27.7,0.243,0,0.137,0,0,0,0.062,0.101,0.442,0,0
06/10/2015 04:00,65.3,38.6,33,37.6,35.7,37.5,0.292,0,0.069,0,0,0,0.275,0.156,0.422,0.109,0
06/10/2015 05:00,68,41.9,36,43.4,40.8,43.5,0.325,0,0.01,0,0,0,0.489,0.181,0.388,0.312,0
06/10/2015 06:00,66.4,42.2,35.8,45.7,42.2,46.2,0.318,0,0,0,0.014,0,0.63,0.223,0.32,0.494,0
06/10/2015 07:00,60,39.5,31.6,45.2,40.6,45.9,0.277,0,0,0.005,0.116,0,0.718,0.257,0.226,0.611,0
06/10/2015 08:00,49.9,33.7,26.2,41.7,36,42.4,0.21,0,0,0.075,0.217,0,0.755,0.227,0.11,0.678,0.085
06/10/2015 09:00,35.4,24.7,17.4,35.1,28.2,35.8,0.135,0,0,0.169,0.279,0,0.745,0.175,0.007,0.699,0.293
06/10/2015 10:00,17.5,14,8.3,25.3,18.4,26,0.053,0,0,0.294,0.292,0,0.688,0.123,0,0.677,0.49
06/10/2015 11:00,1.5,3.6,1.2,13.1,7.4,13.8,0,0.057,0,0.408,0.318,0,0.547,0.056,0,0.606,0.632
06/10/2015 12:00,0,0,0,2,0.6,2.5,0,0.244,0,0.501,0.322,0.03,0.362,0.005,0,0.49,0.714
06/10/2015 13:00,0,0,0,0,0,0,0,0.41,0,0.52,0.343,0.134,0.188,0,0,0.336,0.743
06/10/2015 14:00,0,0,0,0,0,0,0,0.517,0,0.448,0.319,0.252,0.031,0,0,0.141,0.724
06/10/2015 15:00,0,0,0,0,0,0,0,0.567,0,0.336,0.244,0.339,0,0,0,0.002,0.652
06/10/2015 16:00,0,0,0,0,0,0,0,0.572,0,0.222,0.133,0.41,0,0,0,0,0.529
06/10/2015 17:00,0,0,0,0,0,0,0,0.552,0,0.109,0.021,0.446,0,0,0,0,0.354
06/10/2015 18:00,0,0,0,0,0,0,0,0.507,0.004,0.012,0,0.439,0,0,0,0,0.144
06/10/2015 19:00,0,0,0,0,0,0,0,0.4,0.06,0,0,0.375,0,0,0,0,0
06/10/2015 20:00,0,0,0,0,0,0,0,0.247,0.136,0,0,0.26,0,0,0,0,0
06/10/2015 21:00,0,0,0,0,0,0,0,0.117,0.256,0,0,0.138,0,0,0,0,0
06/10/2015 22:00,0,0,0,0,0,0,0,0.011,0.43,0,0,0.059,0,0,0.026,0,0
06/10/2015 23:00,0,0,0,0,0,0,0,0,0.504,0,0,0,0,0,0.137,0,0
07/10/2015 00:00,5.5,0.5,1.4,0,0.3,0,0,0,0.498,0,0,0,0,0,0.264,0,0
07/10/2015 01:00,25.1,7.8,9.4,1.7,4.7,2.1,0.052,0,0.449,0,0,0,0,0,0.451,0,0
07/10/2015 02:00,43.3,18.7,18.9,14.7,16,13.6,0.124,0,0.356,0,0,0,0,0.15,0.599,0,0
07/10/2015 03:00,56.4,28.4,25.6,28.4,26.5,26.7,0.202,0,0.253,0,0,0,0.078,0.367,0.666,0,0
07/10/2015 04:00,63.9,35.5,30.4,37.9,34.2,37,0.253,0,0.142,0,0,0,0.303,0.54,0.671,0.105,0
07/10/2015 05:00,66.7,39.5,32,43.5,38.3,43.6,0.28,0,0.034,0,0,0,0.498,0.656,0.618,0.322,0
07/10/2015 06:00,64.7,40,31.9,46.4,39.3,46.5,0.273,0,0,0,0.02,0,0.638,0.728,0.513,0.495,0
07/10/2015 07:00,57.9,37.4,28.7,45.9,37.3,46.2,0.247,0,0,0.019,0.14,0,0.726,0.738,0.356,0.612,0
07/10/2015 08:00,47.6,31.5,22.7,42.4,32.7,42.8,0.185,0,0,0.155,0.284,0,0.765,0.699,0.17,0.679,0.058
07/10/2015 09:00,33.3,22.7,15.2,35.5,25.8,35.8,0.112,0,0,0.282,0.329,0,0.757,0.609,0.012,0.699,0.213
07/10/2015 10:00,15.1,12.3,7,25.7,16.5,25.9,0.045,0,0,0.375,0.344,0,0.702,0.469,0,0.676,0.387
07/10/2015 11:00,1.3,3,1,13.5,7.4,13.6,0,0.05,0,0.428,0.375,0,0.598,0.276,0,0.61,0.517
07/10/2015 12:00,0,0,0,2.1,0.6,2.4,0,0.227,0,0.406,0.404,0.037,0.442,0.063,0,0.497,0.582
07/10/2015 13:00,0,0,0,0,0,0,0,0.403,0,0.368,0.392,0.151,0.23,0,0,0.339,0.57
07/10/2015 14:00,0,0,0,0,0,0,0,0.525,0,0.282,0.364,0.268,0.028,0,0,0.148,0.492
07/10/2015 15:00,0,0,0,0,0,0,0,0.596,0,0.202,0.274,0.329,0,0,0,0.002,0.378
07/10/2015 16:00,0,0,0,0,0,0,0,0.627,0,0.123,0.138,0.366,0,0,0,0,0.251
07/10/2015 17:00,0,0,0,0,0,0,0,0.609,0,0.05,0.024,0.385,0,0,0,0,0.137
07/10/2015 18:00,0,0,0,0,0,0,0,0.555,0.006,0.001,0,0.372,0,0,0,0,0.039
07/10/2015 19:00,0,0,0,0,0,0,0,0.457,0.068,0,0,0.289,0,0,0,0,0
07/10/2015 20:00,0,0,0,0,0,0,0,0.323,0.143,0,0,0.177,0,0,0,0,0
07/10/2015 21:00,0,0,0,0,0,0,0,0.156,0.217,0,0,0.085,0,0,0,0,0
07/10/2015 22:00,0,0,0,0,0,0,0,0.015,0.287,0,0,0.026,0,0,0.047,0,0
07/10/2015 23:00,0,0,0,0,0,0,0,0,0.299,0,0,0,0,0,0.202,0,0
08/10/2015 00:00,5.4,0.5,0.8,0,0.3,0,0,0,0.273,0,0,0,0,0,0.349,0,0
08/10/2015 01:00,25.8,8.8,7.8,1.7,3.9,2,0.031,0,0.253,0,0,0,0,0.001,0.48,0,0
08/10/2015 02:00,43.1,21.2,18,15.2,13.7,14.1,0.109,0,0.251,0,0,0,0,0.164,0.575,0,0
08/10/2015 03:00,54.7,31.1,26.7,28.9,24.2,27.6,0.184,0,0.192,0,0,0,0.085,0.383,0.632,0,0
08/10/2015 04:00,62.8,38.2,33.3,38.3,31.5,37.4,0.226,0,0.1,0,0,0,0.301,0.551,0.639,0.11,0
08/10/2015 05:00,65.4,42,35.5,44.1,35.7,43.4,0.253,0,0.02,0,0,0,0.492,0.662,0.593,0.322,0
08/10/2015 06:00,63.8,42.6,34.4,46.1,36.8,45.5,0.255,0,0,0,0,0,0.631,0.723,0.494,0.493,0
08/10/2015 07:00,57.8,39.8,30.6,45.7,35.1,45,0.226,0,0,0.003,0.037,0,0.717,0.732,0.342,0.61,0
08/10/2015 08:00,47.6,33.7,24.9,42.1,30,41.5,0.141,0,0,0.07,0.103,0,0.752,0.693,0.144,0.677,0.086
08/10/2015 09:00,33,24.8,17.9,35.5,22,34.2,0.083,0,0,0.15,0.174,0,0.741,0.601,0.004,0.698,0.285
08/10/2015 10:00,15.8,13.8,9.1,25.6,13.3,24.2,0.031,0,0,0.221,0.277,0,0.683,0.463,0,0.675,0.473
08/10/2015 11:00,1.3,3.4,1.3,13.2,5.6,12.4,0,0.028,0,0.308,0.248,0,0.57,0.273,0,0.609,0.615
08/10/2015 12:00,0,0,0,1.9,0.5,2.2,0,0.157,0,0.356,0.2,0.024,0.389,0.062,0,0.499,0.702
08/10/2015 13:00,0,0,0,0,0,0,0,0.297,0,0.35,0.171,0.118,0.179,0,0,0.341,0.736
08/10/2015 14:00,0,0,0,0,0,0,0,0.391,0,0.314,0.134,0.23,0.028,0,0,0.148,0.721
08/10/2015 15:00,0,0,0,0,0,0,0,0.442,0,0.24,0.09,0.329,0,0,0,0.002,0.66
08/10/2015 16:00,0,0,0,0,0,0,0,0.454,0,0.148,0.04,0.412,0,0,0,0,0.544
08/10/2015 17:00,0,0,0,0,0,0,0,0.423,0,0.074,0.001,0.455,0,0,0,0,0.373
08/10/2015 18:00,0,0,0,0,0,0,0,0.368,0.045,0.006,0,0.448,0,0,0,0,0.159
08/10/2015 19:00,0,0,0,0,0,0,0,0.279,0.214,0,0,0.406,0,0,0,0,0
08/10/2015 20:00,0,0,0,0,0,0,0,0.173,0.382,0,0,0.336,0,0,0,0,0
08/10/2015 21:00,0,0,0,0,0,0,0,0.073,0.536,0,0,0.22,0,0,0,0,0
08/10/2015 22:00,0,0,0,0,0,0,0,0.002,0.654,0,0,0.095,0,0,0.049,0,0
08/10/2015 23:00,0,0,0,0,0,0,0,0,0.704,0,0,0,0,0,0.223,0,0
09/10/2015 00:00,4,0.5,1.7,0,0.2,0,0.001,0,0.705,0,0,0,0,0,0.385,0,0
09/10/2015 01:00,19.7,9.4,11.6,1.7,3.3,1.9,0.069,0,0.659,0,0,0,0,0,0.472,0,0
09/10/2015 02:00,38.5,22.5,23.4,14.9,12.4,13.5,0.173,0,0.578,0,0,0,0,0.16,0.466,0,0
09/10/2015 03:00,51.9,33.1,31.7,28.9,22.2,26.8,0.286,0,0.414,0,0,0,0.087,0.38,0.404,0,0
09/10/2015 04:00,58.4,40.4,39.9,38.5,30,36.6,0.383,0,0.238,0,0,0,0.299,0.546,0.34,0.083,0
09/10/2015 05:00,58.4,44.4,41.9,44.2,34.6,42.7,0.435,0,0.063,0,0,0,0.492,0.654,0.257,0.229,0
09/10/2015 06:00,55.4,44.5,41.1,46.9,36.2,45.5,0.423,0,0,0,0,0,0.63,0.708,0.185,0.371,0
09/10/2015 07:00,48.6,42.1,37.1,46.2,35,44.6,0.386,0,0,0,0.034,0,0.712,0.718,0.13,0.494,0
09/10/2015 08:00,38.1,36.4,31.1,42.6,30.6,40.8,0.309,0,0,0.033,0.078,0,0.729,0.681,0.066,0.566,0.093
09/10/2015 09:00,25.4,27.4,21.6,35.3,23.8,33.6,0.183,0,0,0.111,0.13,0,0.686,0.59,0.002,0.551,0.323
09/10/2015 10:00,11.3,15.4,10.3,25.4,15.4,24.1,0.08,0,0,0.199,0.174,0,0.603,0.45,0,0.482,0.521
09/10/2015 11:00,1,3.9,1.3,12.9,6.5,12.9,0,0.032,0,0.288,0.211,0,0.478,0.259,0,0.422,0.656
09/10/2015 12:00,0,0,0,1.7,0.5,2.4,0,0.138,0,0.339,0.219,0.039,0.262,0.053,0,0.392,0.739
09/10/2015 13:00,0,0,0,0,0,0,0,0.243,0,0.351,0.199,0.147,0.138,0,0,0.253,0.768
09/10/2015 14:00,0,0,0,0,0,0,0,0.323,0,0.328,0.161,0.235,0.022,0,0,0.105,0.747
09/10/2015 15:00,0,0,0,0,0,0,0,0.38,0,0.28,0.109,0.263,0,0,0,0.003,0.668
09/10/2015 16:00,0,0,0,0,0,0,0,0.448,0,0.214,0.05,0.321,0,0,0,0,0.541
09/10/2015 17:00,0,0,0,0,0,0,0,0.482,0,0.116,0.004,0.343,0,0,0,0,0.362
09/10/2015 18:00,0,0,0,0,0,0,0,0.459,0.047,0.012,0,0.333,0,0,0,0,0.147
09/10/2015 19:00,0,0,0,0,0,0,0,0.39,0.219,0,0,0.324,0,0,0,0,0
09/10/2015 20:00,0,0,0,0,0,0,0,0.281,0.405,0,0,0.263,0,0,0,0,0
09/10/2015 21:00,0,0,0,0,0,0,0,0.143,0.557,0,0,0.189,0,0,0,0,0
09/10/2015 22:00,0,0,0,0,0,0,0,0.014,0.661,0,0,0.081,0,0,0.051,0,0
09/10/2015 23:00,0,0,0,0,0,0,0,0,0.708,0,0,0,0,0,0.233,0,0
10/10/2015 00:00,2.1,0.5,1.7,0,0.1,0,0.016,0,0.723,0,0,0,0,0,0.418,0,0
10/10/2015 01:00,16,10.1,12.7,1.4,3.3,1.7,0.163,0,0.679,0,0,0,0,0,0.569,0,0
10/10/2015 02:00,34.2,23.6,26,14.2,12.7,12.8,0.329,0,0.584,0,0,0,0,0.147,0.663,0,0
10/10/2015 03:00,49.1,34.8,36.9,28.4,22.9,25.6,0.471,0,0.443,0,0,0,0.078,0.365,0.702,0,0
10/10/2015 04:00,56.8,41.7,43,38.2,31.6,35.6,0.543,0,0.248,0,0,0,0.295,0.533,0.697,0.09,0
10/10/2015 05:00,56.7,45.4,45.3,44,37.2,42.1,0.589,0,0.063,0,0,0,0.488,0.644,0.642,0.262,0
10/10/2015 06:00,55,46.1,44.4,46.8,39.6,44.6,0.561,0,0,0,0.026,0,0.628,0.696,0.523,0.439,0
10/10/2015 07:00,49,43.1,40.5,46.1,38.2,44.3,0.492,0,0,0.03,0.173,0,0.715,0.706,0.352,0.58,0
10/10/2015 08:00,38.3,37,33,42.4,33.7,40.8,0.348,0,0,0.214,0.313,0,0.751,0.667,0.149,0.653,0.067
10/10/2015 09:00,25.6,27.6,23,35.7,25.7,34,0.241,0,0,0.402,0.412,0,0.736,0.575,0.008,0.671,0.216
10/10/2015 10:00,11.3,15.6,10.7,25.6,15.6,24.3,0.112,0,0,0.525,0.462,0,0.651,0.435,0,0.643,0.367
10/10/2015 11:00,0.8,3.9,1.3,13,6.5,12.8,0.006,0.069,0,0.601,0.461,0,0.529,0.245,0,0.569,0.505
10/10/2015 12:00,0,0,0,1.7,0.5,2.3,0,0.279,0,0.637,0.44,0.032,0.356,0.046,0,0.448,0.628
10/10/2015 13:00,0,0,0,0,0,0,0,0.468,0,0.644,0.394,0.131,0.158,0,0,0.297,0.659
10/10/2015 14:00,0,0,0,0,0,0,0,0.593,0,0.602,0.324,0.231,0.018,0,0,0.127,0.641
10/10/2015 15:00,0,0,0,0,0,0,0,0.667,0,0.494,0.215,0.308,0,0,0,0.003,0.597
10/10/2015 16:00,0,0,0,0,0,0,0,0.695,0,0.342,0.097,0.346,0,0,0,0,0.473
10/10/2015 17:00,0,0,0,0,0,0,0,0.69,0,0.163,0.012,0.345,0,0,0,0,0.322
10/10/2015 18:00,0,0,0,0,0,0,0,0.64,0.052,0.02,0,0.328,0,0,0,0,0.14
10/10/2015 19:00,0,0,0,0,0,0,0,0.538,0.236,0,0,0.29,0,0,0,0,0
10/10/2015 20:00,0,0,0,0,0,0,0,0.377,0.428,0,0,0.229,0,0,0,0,0
10/10/2015 21:00,0,0,0,0,0,0,0,0.196,0.574,0,0,0.155,0,0,0,0,0
10/10/2015 22:00,0,0,0,0,0,0,0,0.02,0.671,0,0,0.067,0,0,0.065,0,0
10/10/2015 23:00,0,0,0,0,0,0,0,0,0.707,0,0,0,0,0,0.263,0,0
11/10/2015 00:00,3.3,0.5,1.6,0,0.1,0,0.024,0,0.699,0,0,0,0,0,0.449,0,0
11/10/2015 01:00,18.9,9.8,12.3,1.4,3.1,1.6,0.209,0,0.637,0,0,0,0,0,0.58,0,0
11/10/2015 02:00,36.3,23.1,24.9,14.1,12.1,12.7,0.417,0,0.543,0,0,0,0,0.142,0.659,0,0
11/10/2015 03:00,50.2,33.8,33.8,28.4,21.8,25.8,0.556,0,0.408,0,0,0,0.062,0.358,0.684,0,0
11/10/2015 04:00,59.2,40.8,39.9,38.3,29.8,35.4,0.641,0,0.238,0,0,0,0.251,0.527,0.683,0.107,0
11/10/2015 05:00,61.5,43.9,42.8,44.1,34.6,41.3,0.698,0,0.059,0,0,0,0.46,0.636,0.622,0.291,0
11/10/2015 06:00,59,43.7,41.2,46.5,35.5,43.9,0.69,0,0,0,0.001,0,0.606,0.679,0.514,0.451,0
11/10/2015 07:00,51.3,41.3,37.9,45.8,34,43,0.637,0,0,0.012,0.06,0,0.691,0.69,0.364,0.559,0
11/10/2015 08:00,40.1,35.5,30.5,42.1,29.1,39.1,0.547,0,0,0.119,0.143,0,0.715,0.653,0.174,0.613,0.092
11/10/2015 09:00,25.8,26.1,20.2,35.3,22,32.5,0.389,0,0,0.279,0.214,0,0.679,0.562,0.011,0.635,0.286
11/10/2015 10:00,11.7,14.6,9,25.3,13.5,23.5,0.187,0,0,0.451,0.245,0,0.569,0.42,0,0.574,0.455
11/10/2015 11:00,0.9,3.6,1,12.7,5.2,12.2,0.016,0.04,0,0.595,0.268,0,0.401,0.229,0,0.531,0.579
11/10/2015 12:00,0,0,0,1.6,0.3,2.1,0,0.157,0,0.667,0.262,0.069,0.203,0.039,0,0.412,0.65
11/10/2015 13:00,0,0,0,0,0,0,0,0.271,0,0.66,0.215,0.252,0.108,0,0,0.24,0.676
11/10/2015 14:00,0,0,0,0,0,0,0,0.351,0,0.619,0.161,0.408,0.018,0,0,0.114,0.666
11/10/2015 15:00,0,0,0,0,0,0,0,0.412,0,0.514,0.094,0.519,0,0,0,0.003,0.621
11/10/2015 16:00,0,0,0,0,0,0,0,0.43,0,0.359,0.04,0.564,0,0,0,0,0.517
11/10/2015 17:00,0,0,0,0,0,0,0,0.421,0,0.178,0,0.558,0,0,0,0,0.359
11/10/2015 18:00,0,0,0,0,0,0,0,0.384,0.029,0.023,0,0.497,0,0,0,0,0.157
11/10/2015 19:00,0,0,0,0,0,0,0,0.329,0.142,0,0,0.424,0,0,0,0,0
11/10/2015 20:00,0,0,0,0,0,0,0,0.246,0.282,0,0,0.324,0,0,0,0,0
11/10/2015 21:00,0,0,0,0,0,0,0,0.117,0.409,0,0,0.205,0,0,0,0,0
11/10/2015 22:00,0,0,0,0,0,0,0,0.01,0.491,0,0,0.093,0,0,0.064,0,0
11/10/2015 23:00,0,0,0,0,0,0,0,0,0.536,0,0,0,0,0,0.264,0,0
12/10/2015 00:00,0.9,0.3,1.1,0,0.3,0,0.025,0,0.527,0,0,0,0,0,0.452,0,0
12/10/2015 01:00,8.3,8.5,9.7,1.2,3.3,1.6,0.218,0,0.473,0,0,0,0,0,0.588,0,0
12/10/2015 02:00,18,21.3,20.7,13,11,12.4,0.422,0,0.39,0,0,0,0,0.125,0.682,0,0
12/10/2015 03:00,28.1,32,29.6,27.1,19.4,24.9,0.574,0,0.289,0,0,0,0.058,0.337,0.719,0,0
12/10/2015 04:00,32.1,39.1,35.7,37,27.1,34.6,0.67,0,0.154,0,0,0,0.24,0.509,0.712,0.073,0
12/10/2015 05:00,31.2,42.3,38.4,43,32.8,40.3,0.706,0,0.037,0,0,0,0.404,0.621,0.659,0.205,0
12/10/2015 06:00,31.6,43.1,39.2,45.9,35.3,42.8,0.7,0,0,0,0.003,0,0.557,0.689,0.547,0.37,0
12/10/2015 07:00,30.1,39.9,36,45.4,34.8,42.5,0.637,0,0,0.026,0.084,0,0.685,0.698,0.39,0.486,0
12/10/2015 08:00,24.9,34,29.6,41.7,31.2,39.1,0.537,0,0,0.206,0.261,0,0.717,0.66,0.191,0.561,0.081
12/10/2015 09:00,16.7,25.3,20.5,34.6,24.2,32.3,0.381,0,0,0.402,0.429,0,0.689,0.569,0.013,0.62,0.284
12/10/2015 10:00,6.6,14.3,9.8,24.6,15.1,22.5,0.192,0,0,0.542,0.469,0,0.604,0.429,0,0.616,0.484
12/10/2015 11:00,0.4,3.6,1.2,12.3,5.8,10.9,0.016,0.052,0,0.637,0.472,0,0.505,0.238,0,0.574,0.635
12/10/2015 12:00,0,0,0,1.6,0.4,1.8,0,0.221,0,0.663,0.443,0.065,0.319,0.041,0,0.468,0.724
12/10/2015 13:00,0,0,0,0,0,0,0,0.39,0,0.673,0.387,0.249,0.116,0,0,0.31,0.753
12/10/2015 14:00,0,0,0,0,0,0,0,0.514,0,0.628,0.31,0.425,0.017,0,0,0.129,0.733
12/10/2015 15:00,0,0,0,0,0,0,0,0.565,0,0.533,0.185,0.553,0,0,0,0.004,0.671
12/10/2015 16:00,0,0,0,0,0,0,0,0.563,0,0.39,0.077,0.636,0,0,0,0,0.553
12/10/2015 17:00,0,0,0,0,0,0,0,0.533,0,0.208,0.008,0.662,0,0,0,0,0.379
12/10/2015 18:00,0,0,0,0,0,0,0,0.457,0.031,0.031,0,0.65,0,0,0,0,0.16
12/10/2015 19:00,0,0,0,0,0,0,0,0.379,0.163,0,0,0.589,0,0,0,0,0
12/10/2015 20:00,0,0,0,0,0,0,0,0.256,0.325,0,0,0.49,0,0,0,0,0
12/10/2015 21:00,0,0,0,0,0,0,0,0.129,0.476,0,0,0.334,0,0,0,0,0
12/10/2015 22:00,0,0,0,0,0,0,0,0.01,0.583,0,0,0.141,0,0,0.068,0,0
12/10/2015 23:00,0,0,0,0,0,0,0,0,0.64,0,0,0.001,0,0,0.274,0,0
13/10/2015 00:00,0.8,0.3,1.2,0,0.3,0,0.018,0,0.641,0,0,0,0,0,0.459,0,0
13/10/2015 01:00,7.6,8.6,9.2,1,4.2,1.6,0.19,0,0.593,0,0,0,0,0,0.598,0,0
13/10/2015 02:00,17.9,21.6,18.9,12.3,15,12.1,0.393,0,0.511,0,0,0,0,0.128,0.688,0,0
13/10/2015 03:00,27,32.2,26.4,26.2,26,25.1,0.554,0,0.381,0,0,0,0.028,0.343,0.726,0,0
13/10/2015 04:00,33.7,39.1,31.8,36,34.8,34.8,0.656,0,0.221,0,0,0,0.136,0.515,0.716,0.102,0
13/10/2015 05:00,30.8,42.4,34.2,42.1,40.3,41.1,0.699,0,0.057,0,0,0,0.267,0.626,0.662,0.295,0
13/10/2015 06:00,24.9,42.6,34.3,44.7,42.3,44.1,0.702,0,0,0,0.007,0,0.43,0.679,0.554,0.461,0
13/10/2015 07:00,19.3,39.6,29.5,44.2,41,43.7,0.655,0,0,0.013,0.105,0,0.603,0.69,0.397,0.584,0
13/10/2015 08:00,14.2,33.5,21.8,40.6,36.8,40.2,0.556,0,0,0.13,0.256,0,0.654,0.653,0.188,0.655,0.107
13/10/2015 09:00,8.6,24.5,13.5,34.4,28.9,32.9,0.402,0,0,0.251,0.357,0,0.619,0.573,0.012,0.672,0.329
13/10/2015 10:00,3.6,13.5,5.9,24.5,19,23.1,0.194,0,0,0.349,0.395,0,0.548,0.432,0,0.648,0.513
13/10/2015 11:00,0.2,3.2,0.5,12.3,8.3,11.6,0.016,0.055,0,0.441,0.417,0,0.392,0.242,0,0.583,0.643
13/10/2015 12:00,0,0,0,1.6,0.6,1.9,0,0.24,0,0.438,0.419,0.029,0.273,0.04,0,0.475,0.73
13/10/2015 13:00,0,0,0,0,0,0,0,0.417,0,0.371,0.397,0.156,0.149,0,0,0.322,0.756
13/10/2015 14:00,0,0,0,0,0,0,0,0.555,0,0.295,0.342,0.306,0.025,0,0,0.135,0.733
13/10/2015 15:00,0,0,0,0,0,0,0,0.621,0,0.201,0.249,0.431,0,0,0,0.003,0.655
13/10/2015 16:00,0,0,0,0,0,0,0,0.652,0,0.123,0.127,0.496,0,0,0,0,0.537
13/10/2015 17:00,0,0,0,0,0,0,0,0.638,0,0.04,0.021,0.512,0,0,0,0,0.368
13/10/2015 18:00,0,0,0,0,0,0,0,0.584,0.038,0,0,0.477,0,0,0,0,0.156
13/10/2015 19:00,0,0,0,0,0,0,0,0.466,0.155,0,0,0.411,0,0,0,0,0
13/10/2015 20:00,0,0,0,0,0,0,0,0.326,0.269,0,0,0.326,0,0,0,0,0
13/10/2015 21:00,0,0,0,0,0,0,0,0.169,0.359,0,0,0.21,0,0,0,0,0
13/10/2015 22:00,0,0,0,0,0,0,0,0.018,0.434,0,0,0.089,0,0,0.06,0,0
13/10/2015 23:00,0,0,0,0,0,0,0,0,0.496,0,0,0,0,0,0.259,0,0
14/10/2015 00:00,0.9,0.3,0.4,0,0.3,0,0.021,0,0.511,0,0,0,0,0,0.443,0,0
14/10/2015 01:00,8.3,8,5.8,1,5.5,1.7,0.21,0,0.459,0,0,0,0,0,0.579,0,0
14/10/2015 02:00,18.8,20.3,13.6,12.1,18.7,13,0.416,0,0.37,0,0,0,0,0.143,0.659,0,0
14/10/2015 03:00,26,30.6,16.9,26.2,30.5,26.1,0.57,0,0.25,0,0,0,0.007,0.366,0.693,0,0
14/10/2015 04:00,32.1,37.3,21.4,36.1,39,35.6,0.669,0,0.122,0,0,0,0.059,0.538,0.676,0.101,0
14/10/2015 05:00,32.4,40.5,25.1,42.2,43.9,41.7,0.716,0,0.03,0,0,0,0.161,0.645,0.619,0.305,0
14/10/2015 06:00,31.2,40.6,25.6,45.7,45.3,44.2,0.717,0,0,0,0.025,0,0.207,0.686,0.514,0.472,0
14/10/2015 07:00,26.5,37.5,23.5,45.1,43.6,44.1,0.667,0,0,0.011,0.16,0,0.269,0.696,0.352,0.586,0
14/10/2015 08:00,19.6,31.5,20.5,41.5,38.9,40.4,0.568,0,0,0.144,0.293,0,0.284,0.658,0.173,0.655,0.101
14/10/2015 09:00,11.3,23.1,16.2,33.7,31.3,33.4,0.405,0,0,0.321,0.448,0,0.244,0.559,0.011,0.676,0.31
14/10/2015 10:00,4.9,12.9,8.1,23.9,20.5,23.5,0.205,0,0,0.437,0.559,0,0.215,0.418,0,0.655,0.48
14/10/2015 11:00,0.3,2.9,0.9,11.9,8.7,11.8,0.016,0.056,0,0.497,0.606,0,0.167,0.228,0,0.589,0.606
14/10/2015 12:00,0,0,0,1.4,0.6,1.7,0,0.216,0,0.492,0.59,0.042,0.113,0.035,0,0.475,0.689
14/10/2015 13:00,0,0,0,0,0,0,0,0.358,0,0.434,0.54,0.163,0.063,0,0,0.319,0.709
14/10/2015 14:00,0,0,0,0,0,0,0,0.472,0,0.395,0.443,0.23,0.014,0,0,0.131,0.677
14/10/2015 15:00,0,0,0,0,0,0,0,0.564,0,0.306,0.283,0.283,0,0,0,0.003,0.596
14/10/2015 16:00,0,0,0,0,0,0,0,0.623,0,0.205,0.151,0.327,0,0,0,0,0.457
14/10/2015 17:00,0,0,0,0,0,0,0,0.628,0,0.097,0.026,0.359,0,0,0,0,0.278
14/10/2015 18:00,0,0,0,0,0,0,0,0.588,0.014,0.008,0,0.339,0,0,0,0,0.092
14/10/2015 19:00,0,0,0,0,0,0,0,0.48,0.087,0,0,0.29,0,0,0,0,0
14/10/2015 20:00,0,0,0,0,0,0,0,0.332,0.175,0,0,0.206,0,0,0,0,0
14/10/2015 21:00,0,0,0,0,0,0,0,0.156,0.246,0,0,0.128,0,0,0,0,0
14/10/2015 22:00,0,0,0,0,0,0,0,0.013,0.309,0,0,0.048,0,0,0.043,0,0
14/10/2015 23:00,0,0,0,0,0,0,0,0,0.368,0,0,0,0,0,0.203,0,0
15/10/2015 00:00,3.6,0.3,1.4,0,0.3,0,0.021,0,0.39,0,0,0,0,0,0.379,0,0
15/10/2015 01:00,22.5,9.2,11.3,0.8,4.9,1.4,0.21,0,0.383,0,0,0,0,0,0.526,0,0
15/10/2015 02:00,38.6,22.9,22.3,11.9,17.1,10.9,0.415,0,0.326,0,0,0,0,0.133,0.611,0,0
15/10/2015 03:00,52.4,33.5,28.7,25.7,28.4,22.9,0.568,0,0.256,0,0,0,0.082,0.355,0.648,0,0
15/10/2015 04:00,59.4,40.4,34.8,35.7,36.7,32.8,0.666,0,0.142,0,0,0,0.28,0.53,0.639,0.1,0
15/10/2015 05:00,58.8,43.5,38.8,42,41.8,39.5,0.711,0,0.039,0,0,0,0.463,0.642,0.587,0.303,0
15/10/2015 06:00,53.7,43.5,38,44.6,44.2,42.4,0.696,0,0,0,0.027,0,0.604,0.671,0.482,0.471,0
15/10/2015 07:00,46.6,40.6,33.6,44.1,43,42.2,0.644,0,0,0.003,0.211,0,0.688,0.68,0.331,0.585,0
15/10/2015 08:00,35.8,34.4,27.5,40.5,38.8,38.9,0.541,0,0,0.078,0.403,0,0.718,0.641,0.149,0.654,0.073
15/10/2015 09:00,22,25.5,19.2,33.9,31.1,32.3,0.385,0,0,0.186,0.514,0,0.685,0.568,0.006,0.675,0.274
15/10/2015 10:00,9,13.9,8.8,23.9,21.1,22.7,0.186,0,0,0.307,0.576,0,0.623,0.427,0,0.653,0.469
15/10/2015 11:00,0.5,3.1,0.9,11.7,9.2,11.4,0.013,0.044,0,0.402,0.598,0,0.505,0.234,0,0.588,0.609
15/10/2015 12:00,0,0,0,1.4,0.6,1.7,0,0.193,0,0.455,0.587,0.021,0.331,0.035,0,0.477,0.704
15/10/2015 13:00,0,0,0,0,0,0,0,0.309,0,0.459,0.536,0.106,0.177,0,0,0.32,0.655
15/10/2015 14:00,0,0,0,0,0,0,0,0.386,0,0.415,0.433,0.205,0.029,0,0,0.13,0.65
15/10/2015 15:00,0,0,0,0,0,0,0,0.439,0,0.325,0.32,0.329,0,0,0,0.003,0.528
15/10/2015 16:00,0,0,0,0,0,0,0,0.493,0,0.231,0.144,0.431,0,0,0,0,0.405
15/10/2015 17:00,0,0,0,0,0,0,0,0.49,0,0.096,0.012,0.488,0,0,0,0,0.244
15/10/2015 18:00,0,0,0,0,0,0,0,0.443,0.049,0.007,0,0.492,0,0,0,0,0.07
15/10/2015 19:00,0,0,0,0,0,0,0,0.344,0.208,0,0,0.431,0,0,0,0,0
15/10/2015 20:00,0,0,0,0,0,0,0,0.22,0.374,0,0,0.329,0,0,0,0,0
15/10/2015 21:00,0,0,0,0,0,0,0,0.096,0.497,0,0,0.196,0,0,0,0,0
15/10/2015 22:00,0,0,0,0,0,0,0,0.005,0.544,0,0,0.069,0,0,0.068,0,0
15/10/2015 23:00,0,0,0,0,0,0,0,0,0.53,0,0,0,0,0,0.268,0,0
16/10/2015 00:00,0.7,0.3,1.6,0,0.3,0,0.011,0,0.424,0,0,0,0,0,0.446,0,0
16/10/2015 01:00,8.3,9,12.3,0.8,5.6,1.4,0.156,0,0.304,0,0,0,0,0,0.575,0,0
16/10/2015 02:00,21.4,22.6,23.4,12.1,18.6,11.6,0.358,0,0.216,0,0,0,0,0.12,0.634,0,0
16/10/2015 03:00,33.7,33.4,30.8,26.2,30.7,24.2,0.496,0,0.134,0,0,0,0.073,0.338,0.652,0,0
16/10/2015 04:00,40.1,40.6,34.8,36.1,39,34.2,0.591,0,0.066,0,0,0,0.253,0.514,0.572,0.1,0
16/10/2015 05:00,42.9,43.9,37.8,42.2,44,40.6,0.623,0,0.012,0,0,0,0.434,0.627,0.511,0.301,0
16/10/2015 06:00,38.7,43.9,37.3,45.2,45.4,44,0.621,0,0,0,0.009,0,0.563,0.679,0.395,0.461,0
16/10/2015 07:00,34.6,41,34.8,44.7,43.9,43.9,0.594,0,0,0.013,0.111,0,0.642,0.691,0.255,0.578,0
16/10/2015 08:00,29.7,34.9,28.3,41.1,38.5,40.6,0.494,0,0,0.144,0.233,0,0.639,0.654,0.12,0.645,0.067
16/10/2015 09:00,18.9,25.6,19.9,33.3,30.7,33.6,0.329,0,0,0.302,0.323,0,0.556,0.552,0.005,0.647,0.217
16/10/2015 10:00,8.3,13.5,9.3,23.1,20.2,23.8,0.146,0,0,0.45,0.392,0,0.519,0.409,0,0.616,0.358
16/10/2015 11:00,0.5,2.6,0.9,11,8.3,11.9,0.006,0.02,0,0.563,0.409,0,0.376,0.217,0,0.542,0.482
16/10/2015 12:00,0,0,0,1.2,0.5,1.8,0,0.11,0,0.61,0.374,0.08,0.302,0.029,0,0.43,0.58
16/10/2015 13:00,0,0,0,0,0,0,0,0.215,0,0.62,0.247,0.319,0.178,0,0,0.286,0.63
16/10/2015 14:00,0,0,0,0,0,0,0,0.314,0,0.582,0.192,0.519,0.035,0,0,0.117,0.625
16/10/2015 15:00,0,0,0,0,0,0,0,0.399,0,0.499,0.113,0.651,0,0,0,0.003,0.559
16/10/2015 16:00,0,0,0,0,0,0,0,0.457,0,0.352,0.048,0.732,0,0,0,0,0.435
16/10/2015 17:00,0,0,0,0,0,0,0,0.471,0,0.173,0.003,0.765,0,0,0,0,0.291
16/10/2015 18:00,0,0,0,0,0,0,0,0.444,0.032,0.02,0,0.751,0,0,0,0,0.115
16/10/2015 19:00,0,0,0,0,0,0,0,0.386,0.156,0,0,0.693,0,0,0,0,0
16/10/2015 20:00,0,0,0,0,0,0,0,0.282,0.302,0,0,0.587,0,0,0,0,0
16/10/2015 21:00,0,0,0,0,0,0,0,0.165,0.432,0,0,0.43,0,0,0,0,0
16/10/2015 22:00,0,0,0,0,0,0,0,0.019,0.504,0,0,0.223,0,0,0.059,0,0
16/10/2015 23:00,0,0,0,0,0,0,0,0,0.524,0,0,0.006,0,0,0.258,0,0
17/10/2015 00:00,0.6,0.3,1.5,0,0.4,0,0.012,0,0.493,0,0,0,0,0,0.444,0,0
17/10/2015 01:00,8.3,8.8,11.8,0.7,5.1,1.4,0.17,0,0.409,0,0,0,0,0,0.591,0,0
17/10/2015 02:00,19.8,22,23.7,10.7,17.6,11.9,0.37,0,0.337,0,0,0,0,0.123,0.673,0,0
17/10/2015 03:00,29.3,32.6,31.9,24.5,30.2,25.1,0.518,0,0.243,0,0,0,0.091,0.344,0.707,0,0
17/10/2015 04:00,36.4,39.7,37.8,34.7,38.8,35.5,0.603,0,0.142,0,0,0,0.302,0.521,0.695,0.102,0
17/10/2015 05:00,39.6,43.7,40.4,41,43.8,42.1,0.639,0,0.039,0,0,0,0.489,0.634,0.644,0.278,0
17/10/2015 06:00,39.3,44.6,40.2,43.8,45.3,43.9,0.639,0,0,0,0.014,0,0.626,0.673,0.54,0.438,0
17/10/2015 07:00,35.9,41.9,35.7,43.3,43.5,43.7,0.571,0,0,0.02,0.139,0,0.712,0.686,0.398,0.557,0
17/10/2015 08:00,27.5,35.8,28.9,39.3,38.4,40.4,0.46,0,0,0.185,0.279,0,0.75,0.649,0.201,0.625,0.036
17/10/2015 09:00,17.7,27,20.9,31.4,29.3,33.6,0.342,0,0,0.376,0.378,0,0.74,0.514,0.012,0.647,0.149
17/10/2015 10:00,7.8,14.9,9.9,21.2,19.6,23.9,0.163,0,0,0.516,0.46,0,0.665,0.376,0,0.613,0.31
17/10/2015 11:00,0.4,3.2,1,9.9,8.1,11.5,0.009,0.086,0,0.61,0.517,0,0.513,0.193,0,0.547,0.504
17/10/2015 12:00,0,0,0,1,0.5,1.6,0,0.301,0,0.649,0.539,0.073,0.304,0.024,0,0.402,0.616
17/10/2015 13:00,0,0,0,0,0,0,0,0.482,0,0.647,0.526,0.283,0.154,0,0,0.252,0.664
17/10/2015 14:00,0,0,0,0,0,0,0,0.601,0,0.576,0.458,0.522,0.027,0,0,0.112,0.651
17/10/2015 15:00,0,0,0,0,0,0,0,0.643,0,0.492,0.329,0.656,0,0,0,0.003,0.602
17/10/2015 16:00,0,0,0,0,0,0,0,0.658,0,0.352,0.171,0.732,0,0,0,0,0.494
17/10/2015 17:00,0,0,0,0,0,0,0,0.656,0,0.169,0.027,0.761,0,0,0,0,0.332
17/10/2015 18:00,0,0,0,0,0,0,0,0.627,0.046,0.018,0,0.743,0,0,0,0,0.131
17/10/2015 19:00,0,0,0,0,0,0,0,0.548,0.196,0,0,0.681,0,0,0,0,0
17/10/2015 20:00,0,0,0,0,0,0,0,0.412,0.353,0,0,0.572,0,0,0,0,0
17/10/2015 21:00,0,0,0,0,0,0,0,0.233,0.485,0,0,0.397,0,0,0,0,0
17/10/2015 22:00,0,0,0,0,0,0,0,0.03,0.587,0,0,0.174,0,0,0.046,0,0
17/10/2015 23:00,0,0,0,0,0,0,0,0,0.638,0,0,0.002,0,0,0.211,0,0
18/10/2015 00:00,1.1,0.3,1.9,0,0.2,0,0.014,0,0.65,0,0,0,0,0,0.372,0,0
18/10/2015 01:00,12.4,9.2,13,0.6,3.6,1.2,0.186,0,0.613,0,0,0,0,0,0.496,0,0
18/10/2015 02:00,29.1,23.1,26,10.3,14.4,10.7,0.386,0,0.53,0,0,0,0,0.083,0.57,0,0
18/10/2015 03:00,44.8,34.4,35.1,24,25.1,23.2,0.519,0,0.401,0,0,0,0.046,0.265,0.6,0,0
18/10/2015 04:00,58.2,41.4,41.4,34.2,32,33.3,0.613,0,0.233,0,0,0,0.196,0.436,0.575,0.092,0
18/10/2015 05:00,61.3,45,43.7,40.6,36.4,39.8,0.659,0,0.062,0,0,0,0.392,0.555,0.506,0.266,0
18/10/2015 06:00,58.6,44.5,42.1,43.3,37.3,43.3,0.668,0,0,0,0.014,0,0.57,0.582,0.408,0.419,0
18/10/2015 07:00,51.8,41.4,38,43,35.7,43,0.626,0,0,0.015,0.145,0,0.687,0.593,0.27,0.538,0
18/10/2015 08:00,41.3,35.3,30.7,39.3,31.4,39.5,0.527,0,0,0.154,0.308,0,0.734,0.553,0.114,0.613,0.066
18/10/2015 09:00,25.7,25.6,20.4,33.1,24.5,32.5,0.378,0,0,0.335,0.434,0,0.713,0.462,0.004,0.644,0.249
18/10/2015 10:00,10.8,13.6,9.6,23.3,15.9,22.9,0.184,0,0,0.444,0.504,0,0.66,0.311,0,0.628,0.437
18/10/2015 11:00,0.6,2.9,0.8,11.2,6.7,11.2,0.011,0.045,0,0.573,0.529,0,0.532,0.137,0,0.566,0.579
18/10/2015 12:00,0,0,0,1.2,0.4,1.6,0,0.206,0,0.59,0.498,0.042,0.395,0.012,0,0.457,0.696
18/10/2015 13:00,0,0,0,0,0,0,0,0.39,0,0.563,0.432,0.191,0.206,0,0,0.303,0.727
18/10/2015 14:00,0,0,0,0,0,0,0,0.481,0,0.511,0.328,0.381,0.032,0,0,0.124,0.706
18/10/2015 15:00,0,0,0,0,0,0,0,0.555,0,0.408,0.184,0.534,0,0,0,0.004,0.616
18/10/2015 16:00,0,0,0,0,0,0,0,0.599,0,0.277,0.092,0.643,0,0,0,0,0.487
18/10/2015 17:00,0,0,0,0,0,0,0,0.607,0,0.117,0.011,0.691,0,0,0,0,0.308
18/10/2015 18:00,0,0,0,0,0,0,0,0.567,0.058,0.01,0,0.677,0,0,0,0,0.108
18/10/2015 19:00,0,0,0,0,0,0,0,0.479,0.227,0,0,0.61,0,0,0,0,0
18/10/2015 20:00,0,0,0,0,0,0,0,0.344,0.41,0,0,0.482,0,0,0,0,0
18/10/2015 21:00,0,0,0,0,0,0,0,0.165,0.526,0,0,0.316,0,0,0,0,0
18/10/2015 22:00,0,0,0,0,0,0,0,0.013,0.656,0,0,0.12,0,0,0.019,0,0
18/10/2015 23:00,0,0,0,0,0,0,0,0,0.677,0,0,0,0,0,0.126,0,0
19/10/2015 00:00,1.6,0.2,1.9,0,0.3,0,0.012,0,0.714,0,0,0,0,0,0.262,0,0
19/10/2015 01:00,13.8,8.3,12.9,0.5,4.1,1.2,0.16,0,0.64,0,0,0,0,0,0.39,0,0
19/10/2015 02:00,31.6,22,25.9,9.1,14.8,10.8,0.348,0,0.566,0,0,0,0,0.077,0.47,0,0
19/10/2015 03:00,45.2,33.4,35,20.9,25.3,23.8,0.5,0,0.431,0,0,0,0.089,0.274,0.518,0,0
19/10/2015 04:00,51.2,40.7,41.4,30.1,33.1,34,0.6,0,0.247,0,0,0,0.296,0.459,0.508,0.097,0
19/10/2015 05:00,52,44.4,43.4,36.3,37.3,40.4,0.647,0,0.065,0,0,0,0.484,0.575,0.44,0.284,0
19/10/2015 06:00,51,45.1,42.9,38.6,38.6,42.9,0.649,0,0,0,0,0,0.622,0.676,0.353,0.451,0
19/10/2015 07:00,45.6,42.2,38.8,37.1,36.7,42.8,0.605,0,0,0.009,0.026,0,0.708,0.7,0.227,0.577,0
19/10/2015 08:00,37.4,36,31.2,30.9,32.8,39.3,0.509,0,0,0.122,0.087,0,0.745,0.667,0.095,0.648,0.062
19/10/2015 09:00,24,26.8,21.5,21.5,25.7,32.1,0.366,0,0,0.288,0.164,0,0.736,0.566,0.001,0.662,0.242
19/10/2015 10:00,10.8,14.5,9.6,13.8,16.5,22.2,0.177,0,0,0.414,0.227,0,0.68,0.422,0,0.642,0.425
19/10/2015 11:00,0.5,3.2,0.8,6.7,6.7,10.5,0.009,0.02,0,0.499,0.272,0,0.577,0.226,0,0.574,0.566
19/10/2015 12:00,0,0,0,0.8,0.4,1.4,0,0.113,0,0.485,0.284,0.045,0.421,0.027,0,0.459,0.659
19/10/2015 13:00,0,0,0,0,0,0,0,0.22,0,0.458,0.299,0.214,0.219,0,0,0.303,0.691
19/10/2015 14:00,0,0,0,0,0,0,0,0.319,0,0.416,0.333,0.399,0.029,0,0,0.116,0.662
19/10/2015 15:00,0,0,0,0,0,0,0,0.401,0,0.334,0.269,0.546,0,0,0,0.004,0.6
19/10/2015 16:00,0,0,0,0,0,0,0,0.465,0,0.221,0.159,0.632,0,0,0,0,0.445
19/10/2015 17:00,0,0,0,0,0,0,0,0.504,0,0.098,0.03,0.658,0,0,0,0,0.244
19/10/2015 18:00,0,0,0,0,0,0,0,0.483,0.058,0.006,0,0.633,0,0,0,0,0.072
19/10/2015 19:00,0,0,0,0,0,0,0,0.399,0.221,0,0,0.544,0,0,0,0,0
19/10/2015 20:00,0,0,0,0,0,0,0,0.286,0.373,0,0,0.409,0,0,0,0,0
19/10/2015 21:00,0,0,0,0,0,0,0,0.145,0.522,0,0,0.251,0,0,0,0,0
19/10/2015 22:00,0,0,0,0,0,0,0,0.012,0.621,0,0,0.103,0,0,0.03,0,0
19/10/2015 23:00,0,0,0,0,0,0,0,0,0.656,0,0,0,0,0,0.167,0,0
20/10/2015 00:00,0.9,0.2,1.7,0,0.3,0,0.005,0,0.665,0,0,0,0,0,0.327,0,0
20/10/2015 01:00,10.4,8.1,12.3,0.5,4.1,0.9,0.131,0,0.622,0,0,0,0,0,0.455,0,0
20/10/2015 02:00,27.3,21.8,25.3,9.6,15.1,9.1,0.318,0,0.524,0,0,0,0,0.027,0.545,0,0
20/10/2015 03:00,40.9,33,34.7,23.3,26.5,20.7,0.494,0,0.384,0,0,0,0.088,0.14,0.58,0,0
20/10/2015 04:00,50.6,40.4,40.7,33.8,35.2,30.7,0.595,0,0.221,0,0,0,0.289,0.414,0.561,0.1,0
20/10/2015 05:00,52,44.1,43.3,40.4,40.8,37.5,0.643,0,0.06,0,0,0,0.472,0.615,0.501,0.294,0
20/10/2015 06:00,50.7,43.9,41.7,41.8,43,41.3,0.64,0,0,0,0,0,0.611,0.665,0.388,0.459,0
20/10/2015 07:00,47.3,40.7,38,41.5,42.1,41.3,0.582,0,0,0.01,0.042,0,0.701,0.678,0.241,0.575,0
20/10/2015 08:00,35.8,34.4,30.4,38,38.1,38.6,0.474,0,0,0.12,0.111,0,0.74,0.639,0.083,0.642,0.025
20/10/2015 09:00,21.1,24.4,20.3,32.7,30.7,32,0.316,0,0,0.272,0.18,0,0.734,0.548,0,0.659,0.111
20/10/2015 10:00,7.9,12.9,9,22.8,20.3,22.5,0.134,0,0,0.423,0.244,0,0.678,0.402,0,0.626,0.218
20/10/2015 11:00,0.2,2.6,0.7,10.9,8.3,10.9,0.004,0.058,0,0.539,0.276,0,0.573,0.208,0,0.553,0.321
20/10/2015 12:00,0,0,0,1,0.5,1.5,0,0.229,0,0.628,0.281,0.051,0.416,0.023,0,0.437,0.415
20/10/2015 13:00,0,0,0,0,0,0,0,0.367,0,0.63,0.251,0.231,0.211,0,0,0.282,0.446
20/10/2015 14:00,0,0,0,0,0,0,0,0.484,0,0.57,0.203,0.428,0.029,0,0,0.109,0.428
20/10/2015 15:00,0,0,0,0,0,0,0,0.577,0,0.466,0.151,0.55,0,0,0,0.004,0.373
20/10/2015 16:00,0,0,0,0,0,0,0,0.61,0,0.306,0.082,0.627,0,0,0,0,0.282
20/10/2015 17:00,0,0,0,0,0,0,0,0.611,0,0.131,0.01,0.661,0,0,0,0,0.174
20/10/2015 18:00,0,0,0,0,0,0,0,0.577,0.058,0.012,0,0.648,0,0,0,0,0.063
20/10/2015 19:00,0,0,0,0,0,0,0,0.492,0.23,0,0,0.587,0,0,0,0,0
20/10/2015 20:00,0,0,0,0,0,0,0,0.367,0.407,0,0,0.47,0,0,0,0,0
20/10/2015 21:00,0,0,0,0,0,0,0,0.197,0.538,0,0,0.319,0,0,0,0,0
20/10/2015 22:00,0,0,0,0,0,0,0,0.022,0.655,0,0,0.141,0,0,0.035,0,0
20/10/2015 23:00,0,0,0,0,0,0,0,0,0.714,0,0,0,0,0,0.182,0,0
21/10/2015 00:00,0.8,0.1,1.6,0,0.3,0,0.006,0,0.723,0,0,0,0,0,0.352,0,0
21/10/2015 01:00,10.5,6.8,11.8,0.5,4.9,0.8,0.137,0,0.676,0,0,0,0,0,0.479,0,0
21/10/2015 02:00,26.7,19.5,24.2,10.2,17.5,8.7,0.324,0,0.572,0,0,0,0,0.115,0.548,0,0
21/10/2015 03:00,42.4,31,34.4,24.5,30,20.3,0.484,0,0.422,0,0,0,0.09,0.342,0.575,0,0
21/10/2015 04:00,54.7,38.7,40.5,35.3,38.8,30.6,0.591,0,0.246,0,0,0,0.293,0.524,0.568,0.099,0
21/10/2015 05:00,54.5,42.6,43.1,42.1,43.8,37.3,0.641,0,0.064,0,0,0,0.478,0.64,0.505,0.293,0
21/10/2015 06:00,52.9,43.7,41.9,45,45.2,40.4,0.637,0,0,0,0,0,0.606,0.68,0.414,0.46,0
21/10/2015 07:00,45.3,40.7,37.5,44.3,43.7,40.8,0.574,0,0,0.011,0.054,0,0.678,0.693,0.271,0.574,0
21/10/2015 08:00,38,34.5,30.4,40.5,39,38.2,0.45,0,0,0.133,0.138,0,0.715,0.655,0.123,0.641,0.086
21/10/2015 09:00,25.6,25,20.2,31.8,31.3,29.8,0.283,0,0,0.28,0.233,0,0.697,0.542,0.004,0.659,0.313
21/10/2015 10:00,10.1,13.3,8.7,21.9,20.7,20.8,0.115,0,0,0.395,0.315,0,0.636,0.398,0,0.636,0.514
21/10/2015 11:00,0.4,2.7,0.6,10.3,8.2,10.1,0.002,0.083,0,0.454,0.361,0,0.499,0.204,0,0.565,0.655
21/10/2015 12:00,0,0,0,0.9,0.5,1.4,0,0.288,0,0.479,0.397,0.035,0.357,0.021,0,0.448,0.732
21/10/2015 13:00,0,0,0,0,0,0,0,0.465,0,0.465,0.395,0.169,0.161,0,0,0.296,0.757
21/10/2015 14:00,0,0,0,0,0,0,0,0.588,0,0.419,0.367,0.347,0.031,0,0,0.115,0.732
21/10/2015 15:00,0,0,0,0,0,0,0,0.649,0,0.342,0.285,0.477,0,0,0,0.004,0.657
21/10/2015 16:00,0,0,0,0,0,0,0,0.652,0,0.237,0.161,0.559,0,0,0,0,0.536
21/10/2015 17:00,0,0,0,0,0,0,0,0.635,0,0.113,0.033,0.606,0,0,0,0,0.365
21/10/2015 18:00,0,0,0,0,0,0,0,0.584,0.057,0.012,0,0.598,0,0,0,0,0.148
21/10/2015 19:00,0,0,0,0,0,0,0,0.491,0.225,0,0,0.534,0,0,0,0,0
21/10/2015 20:00,0,0,0,0,0,0,0,0.352,0.402,0,0,0.409,0,0,0,0,0
21/10/2015 21:00,0,0,0,0,0,0,0,0.181,0.544,0,0,0.245,0,0,0,0,0
21/10/2015 22:00,0,0,0,0,0,0,0,0.019,0.64,0,0,0.088,0,0,0.028,0,0
21/10/2015 23:00,0,0,0,0,0,0,0,0,0.702,0,0,0,0,0,0.135,0,0
22/10/2015 00:00,1.1,0.1,1.6,0,0.3,0,0.007,0,0.704,0,0,0,0,0,0.237,0,0
22/10/2015 01:00,14.2,7.4,11.8,0.6,5.1,0.6,0.155,0,0.664,0,0,0,0,0,0.32,0,0
22/10/2015 02:00,36.6,20.7,24.9,11.6,18.5,8.5,0.364,0,0.531,0,0,0,0,0.132,0.4,0,0
22/10/2015 03:00,51.2,32,34.8,26.5,31.1,20.3,0.526,0,0.396,0,0,0,0.085,0.369,0.466,0,0
22/10/2015 04:00,60.8,39.5,40.8,37.1,39.5,30.7,0.633,0,0.228,0,0,0,0.283,0.549,0.476,0.099,0
22/10/2015 05:00,63.6,43.5,43.2,43.5,44.6,38.4,0.675,0,0.063,0,0,0,0.463,0.662,0.453,0.297,0
22/10/2015 06:00,60.7,43.2,40.1,46.3,46.8,42.5,0.672,0,0,0,0.032,0,0.603,0.708,0.388,0.452,0
22/10/2015 07:00,54.5,40.3,36.8,45.8,45.3,43,0.614,0,0,0.015,0.232,0,0.678,0.717,0.266,0.567,0
22/10/2015 08:00,42.5,34.1,29.3,42.1,40.8,39.8,0.494,0,0,0.165,0.431,0,0.712,0.678,0.126,0.635,0.092
22/10/2015 09:00,27.8,24.4,18.5,35.3,32.7,32.9,0.34,0,0,0.354,0.58,0,0.688,0.578,0.005,0.656,0.305
22/10/2015 10:00,11.7,12.8,7.9,25.1,21.9,22.8,0.14,0,0,0.509,0.663,0,0.596,0.434,0,0.631,0.507
22/10/2015 11:00,0.4,2.6,0.6,12.3,9,10.9,0.002,0.027,0,0.613,0.703,0,0.48,0.236,0,0.56,0.656
22/10/2015 12:00,0,0,0,1.1,0.5,1.5,0,0.162,0,0.683,0.678,0.056,0.285,0.026,0,0.438,0.749
22/10/2015 13:00,0,0,0,0,0,0,0,0.334,0,0.7,0.607,0.245,0.141,0,0,0.274,0.783
22/10/2015 14:00,0,0,0,0,0,0,0,0.485,0,0.674,0.512,0.456,0.02,0,0,0.106,0.766
22/10/2015 15:00,0,0,0,0,0,0,0,0.594,0,0.58,0.359,0.583,0,0,0,0.003,0.701
22/10/2015 16:00,0,0,0,0,0,0,0,0.649,0,0.438,0.179,0.657,0,0,0,0,0.584
22/10/2015 17:00,0,0,0,0,0,0,0,0.642,0,0.247,0.024,0.676,0,0,0,0,0.414
22/10/2015 18:00,0,0,0,0,0,0,0,0.579,0.028,0.033,0,0.65,0,0,0,0,0.196
22/10/2015 19:00,0,0,0,0,0,0,0,0.489,0.133,0,0,0.542,0,0,0,0,0
22/10/2015 20:00,0,0,0,0,0,0,0,0.348,0.267,0,0,0.412,0,0,0,0,0
22/10/2015 21:00,0,0,0,0,0,0,0,0.177,0.377,0,0,0.232,0,0,0,0,0
22/10/2015 22:00,0,0,0,0,0,0,0,0.016,0.456,0,0,0.077,0,0,0.049,0,0
22/10/2015 23:00,0,0,0,0,0,0,0,0,0.48,0,0,0,0,0,0.231,0,0
23/10/2015 00:00,0.6,0.1,1.3,0,0.5,0,0.008,0,0.458,0,0,0,0,0,0.403,0,0
23/10/2015 01:00,8.7,6.7,10.5,0.6,6,0.8,0.149,0,0.395,0,0,0,0,0,0.532,0,0
23/10/2015 02:00,22.3,19.9,22.4,13,19.5,10.7,0.316,0,0.315,0,0,0,0,0.127,0.621,0,0
23/10/2015 03:00,33.7,31.3,31.3,28,31.6,24.4,0.435,0,0.214,0,0,0,0.083,0.364,0.666,0,0
23/10/2015 04:00,42.1,38.8,37.5,38.3,40.2,34.9,0.577,0,0.113,0,0,0,0.279,0.546,0.662,0.094,0
23/10/2015 05:00,50.3,42.6,40,44.2,45.1,41.5,0.664,0,0.03,0,0,0,0.464,0.663,0.605,0.261,0
23/10/2015 06:00,49.4,43,40.7,47.2,45.9,44.4,0.64,0,0,0,0.003,0,0.599,0.693,0.514,0.396,0
23/10/2015 07:00,44.5,40.1,36.6,46.6,44.4,44.1,0.585,0,0,0.005,0.064,0,0.686,0.701,0.36,0.514,0
23/10/2015 08:00,36.2,34,29.2,42.7,39.4,40.3,0.49,0,0,0.1,0.144,0,0.724,0.66,0.17,0.581,0.112
23/10/2015 09:00,24,24.5,19,35.1,31.5,32.9,0.32,0,0,0.26,0.225,0,0.716,0.556,0.009,0.593,0.349
23/10/2015 10:00,10.5,12.9,8.3,24.2,20.8,22.7,0.136,0,0,0.424,0.268,0,0.633,0.407,0,0.569,0.538
23/10/2015 11:00,0.3,2.5,0.6,11.4,8.7,11.1,0.001,0.022,0,0.585,0.271,0,0.483,0.206,0,0.505,0.67
23/10/2015 12:00,0,0,0,0.9,0.5,1.5,0,0.122,0,0.635,0.248,0.042,0.333,0.018,0,0.388,0.752
23/10/2015 13:00,0,0,0,0,0,0,0,0.229,0,0.626,0.219,0.188,0.177,0,0,0.25,0.777
23/10/2015 14:00,0,0,0,0,0,0,0,0.291,0,0.577,0.174,0.343,0.034,0,0,0.1,0.748
23/10/2015 15:00,0,0,0,0,0,0,0,0.337,0,0.504,0.106,0.449,0,0,0,0.003,0.667
23/10/2015 16:00,0,0,0,0,0,0,0,0.339,0,0.363,0.048,0.512,0,0,0,0,0.521
23/10/2015 17:00,0,0,0,0,0,0,0,0.318,0,0.178,0.003,0.516,0,0,0,0,0.315
23/10/2015 18:00,0,0,0,0,0,0,0,0.263,0.038,0.019,0,0.491,0,0,0,0,0.102
23/10/2015 19:00,0,0,0,0,0,0,0,0.196,0.155,0,0,0.423,0,0,0,0,0
23/10/2015 20:00,0,0,0,0,0,0,0,0.126,0.261,0,0,0.317,0,0,0,0,0
23/10/2015 21:00,0,0,0,0,0,0,0,0.052,0.333,0,0,0.191,0,0,0,0,0
23/10/2015 22:00,0,0,0,0,0,0,0,0,0.381,0,0,0.074,0,0,0.063,0,0
23/10/2015 23:00,0,0,0,0,0,0,0,0,0.438,0,0,0,0,0,0.277,0,0
24/10/2015 00:00,2.2,0.1,1.3,0,0.6,0,0,0,0.454,0,0,0,0,0,0.464,0,0
24/10/2015 01:00,20.3,8.1,12,0.5,5.3,0.9,0.025,0,0.389,0,0,0,0,0,0.584,0,0
24/10/2015 02:00,38.3,22.3,25.1,9.9,17.3,11.2,0.072,0,0.268,0,0,0,0,0.091,0.673,0,0
24/10/2015 03:00,51.2,33.8,35.3,24.5,28.7,25,0.12,0,0.162,0,0,0,0.086,0.307,0.709,0,0
24/10/2015 04:00,58.8,41.3,41.8,35.2,36.8,35.3,0.156,0,0.076,0,0,0,0.287,0.492,0.698,0.085,0
24/10/2015 05:00,60.1,45,44.2,41.6,41,41.7,0.169,0,0.016,0,0,0,0.473,0.609,0.643,0.253,0
24/10/2015 06:00,56.8,45.5,43.3,44.6,42.3,44.3,0.161,0,0,0,0.007,0,0.605,0.581,0.546,0.394,0
24/10/2015 07:00,50.1,42.4,39.3,44.1,40.8,44,0.148,0,0,0,0.11,0,0.692,0.595,0.388,0.495,0
24/10/2015 08:00,37.2,36.3,32.5,40.2,35.7,40.2,0.139,0,0,0.055,0.225,0,0.73,0.557,0.19,0.563,0.072
24/10/2015 09:00,22,26.5,21.9,33.3,27.9,33.1,0.115,0,0,0.154,0.276,0,0.72,0.431,0.011,0.574,0.288
24/10/2015 10:00,8.8,14.3,9.4,23.1,18.3,22.9,0.049,0,0,0.249,0.308,0,0.666,0.289,0,0.517,0.503
24/10/2015 11:00,0.3,2.8,0.7,10.7,7.2,11.1,0,0.049,0,0.325,0.302,0,0.564,0.126,0,0.429,0.665
24/10/2015 12:00,0,0,0,0.8,0.3,1.4,0,0.215,0,0.359,0.274,0.047,0.412,0.007,0,0.323,0.754
24/10/2015 13:00,0,0,0,0,0,0,0,0.37,0,0.365,0.246,0.214,0.216,0,0,0.227,0.79
24/10/2015 14:00,0,0,0,0,0,0,0,0.477,0,0.326,0.195,0.372,0.022,0,0,0.111,0.778
24/10/2015 15:00,0,0,0,0,0,0,0,0.532,0,0.264,0.133,0.462,0,0,0,0.005,0.712
24/10/2015 16:00,0,0,0,0,0,0,0,0.575,0,0.175,0.059,0.562,0,0,0,0,0.595
24/10/2015 17:00,0,0,0,0,0,0,0,0.589,0,0.076,0.005,0.596,0,0,0,0,0.423
24/10/2015 18:00,0,0,0,0,0,0,0,0.568,0.026,0.004,0,0.585,0,0,0,0,0.203
24/10/2015 19:00,0,0,0,0,0,0,0,0.513,0.13,0,0,0.516,0,0,0,0,0
24/10/2015 20:00,0,0,0,0,0,0,0,0.409,0.256,0,0,0.402,0,0,0,0,0
24/10/2015 21:00,0,0,0,0,0,0,0,0.247,0.355,0,0,0.244,0,0,0,0,0
24/10/2015 22:00,0,0,0,0,0,0,0,0.034,0.428,0,0,0.078,0,0,0.029,0,0
24/10/2015 23:00,0,0,0,0,0,0,0,0,0.459,0,0,0,0,0,0.162,0,0
25/10/2015 00:00,1.7,0.1,1.4,0,0.3,0,0,0,0.455,0,0,0,0,0,0.324,0,0
25/10/2015 01:00,18.5,8.3,12.5,0.4,4.8,0.5,0.082,0,0.401,0,0,0,0,0,0.46,0,0
25/10/2015 02:00,39.3,22.7,26.2,10.3,16.9,8.1,0.201,0,0.346,0,0,0,0,0.066,0.535,0,0
25/10/2015 03:00,55.3,34.6,37.2,24.7,29.2,20.3,0.291,0,0.267,0,0,0,0.085,0.253,0.537,0,0
25/10/2015 04:00,62.9,41.9,43.3,35.1,38.2,30.9,0.321,0,0.152,0,0,0,0.277,0.438,0.499,0.095,0
25/10/2015 05:00,65,45.5,45.7,41.3,43.3,38.3,0.288,0,0.04,0,0,0,0.459,0.561,0.431,0.283,0
25/10/2015 06:00,62.2,45.3,44.8,43.9,44.5,41.7,0.266,0,0,0,0,0,0.596,0.584,0.332,0.445,0
25/10/2015 07:00,55.9,42.3,40.6,43.5,42.8,41.2,0.228,0,0,0.007,0.059,0,0.683,0.595,0.203,0.559,0
25/10/2015 08:00,45.6,36,33.3,39.9,37.7,37.2,0.183,0,0,0.134,0.162,0,0.722,0.555,0.086,0.623,0.079
25/10/2015 09:00,31.1,26.3,22.9,32.6,30.2,29.5,0.112,0,0,0.331,0.277,0,0.717,0.484,0.001,0.644,0.275
25/10/2015 10:00,13.3,14,10,22.5,20.3,20.4,0.044,0,0,0.511,0.362,0,0.663,0.338,0,0.621,0.424
25/10/2015 11:00,0.5,2.6,0.7,10.5,8.7,10,0,0.039,0,0.612,0.396,0,0.561,0.156,0,0.553,0.531
25/10/2015 12:00,0,0,0,0.8,0.5,1.4,0,0.171,0,0.646,0.37,0.032,0.407,0.01,0,0.438,0.614
25/10/2015 13:00,0,0,0,0,0,0,0,0.312,0,0.638,0.312,0.158,0.212,0,0,0.279,0.665
25/10/2015 14:00,0,0,0,0,0,0,0,0.435,0,0.583,0.248,0.319,0.024,0,0,0.108,0.651
25/10/2015 15:00,0,0,0,0,0,0,0,0.562,0,0.487,0.158,0.427,0,0,0,0.005,0.544
25/10/2015 16:00,0,0,0,0,0,0,0,0.646,0,0.332,0.074,0.519,0,0,0,0,0.366
25/10/2015 17:00,0,0,0,0,0,0,0,0.617,0,0.152,0.007,0.562,0,0,0,0,0.18
25/10/2015 18:00,0,0,0,0,0,0,0,0.55,0.018,0.012,0,0.563,0,0,0,0,0.047
25/10/2015 19:00,0,0,0,0,0,0,0,0.42,0.096,0,0,0.523,0,0,0,0,0
25/10/2015 20:00,0,0,0,0,0,0,0,0.305,0.186,0,0,0.443,0,0,0,0,0
25/10/2015 21:00,0,0,0,0,0,0,0,0.158,0.293,0,0,0.307,0,0,0,0,0
25/10/2015 22:00,0,0,0,0,0,0,0,0.013,0.39,0,0,0.135,0,0,0.052,0,0
25/10/2015 23:00,0,0,0,0,0,0,0,0,0.415,0,0,0,0,0,0.248,0,0
26/10/2015 00:00,1.9,0.1,1.7,0,0.2,0,0.003,0,0.388,0,0,0,0,0,0.431,0,0
26/10/2015 01:00,19.3,8.5,13.5,0.3,4.3,0.6,0.137,0,0.33,0,0,0,0,0,0.571,0,0
26/10/2015 02:00,39.3,23,27.1,10.1,17.3,9,0.345,0,0.261,0,0,0,0,0.069,0.652,0,0
26/10/2015 03:00,53.6,34.6,37,25,29.5,21.6,0.48,0,0.18,0,0,0,0.086,0.26,0.703,0,0
26/10/2015 04:00,62.6,41.7,43.1,35.8,37.7,31.3,0.524,0,0.098,0,0,0,0.277,0.443,0.689,0.095,0
26/10/2015 05:00,65.6,45.4,46.1,42.3,42.4,37.7,0.487,0,0.028,0,0,0,0.458,0.566,0.643,0.283,0
26/10/2015 06:00,64.7,46.4,46.4,44.7,43.1,40.1,0.446,0,0,0,0.006,0,0.589,0.573,0.557,0.458,0
26/10/2015 07:00,58.4,43.3,42.4,44.3,41.1,40.1,0.397,0,0,0.007,0.102,0,0.674,0.586,0.369,0.574,0
26/10/2015 08:00,46.1,36.9,34.3,40.5,36.3,37,0.311,0,0,0.125,0.243,0,0.712,0.547,0.16,0.642,0.052
26/10/2015 09:00,30.8,26.9,23,32.5,28.2,30.4,0.202,0,0,0.306,0.321,0,0.703,0.383,0.005,0.663,0.236
26/10/2015 10:00,12.9,14.5,10.9,22.2,18,21.2,0.073,0,0,0.452,0.378,0,0.647,0.25,0,0.639,0.429
26/10/2015 11:00,0.4,2.6,0.7,9.9,7.2,10.1,0,0.009,0,0.543,0.396,0,0.544,0.105,0,0.572,0.576
26/10/2015 12:00,0,0,0,0.7,0.3,1.3,0,0.086,0,0.533,0.382,0.054,0.388,0.005,0,0.457,0.685
26/10/2015 13:00,0,0,0,0,0,0,0,0.198,0,0.521,0.337,0.247,0.2,0,0,0.297,0.735
26/10/2015 14:00,0,0,0,0,0,0,0,0.337,0,0.476,0.253,0.461,0.032,0,0,0.103,0.723
26/10/2015 15:00,0,0,0,0,0,0,0,0.49,0,0.407,0.154,0.6,0,0,0,0.003,0.67
26/10/2015 16:00,0,0,0,0,0,0,0,0.601,0,0.259,0.065,0.685,0,0,0,0,0.561
26/10/2015 17:00,0,0,0,0,0,0,0,0.628,0,0.113,0.004,0.723,0,0,0,0,0.397
26/10/2015 18:00,0,0,0,0,0,0,0,0.591,0.039,0.01,0,0.709,0,0,0,0,0.18
26/10/2015 19:00,0,0,0,0,0,0,0,0.489,0.165,0,0,0.623,0,0,0,0,0
26/10/2015 20:00,0,0,0,0,0,0,0,0.314,0.293,0,0,0.474,0,0,0,0,0
26/10/2015 21:00,0,0,0,0,0,0,0,0.143,0.386,0,0,0.252,0,0,0,0,0
26/10/2015 22:00,0,0,0,0,0,0,0,0.011,0.452,0,0,0.095,0,0,0.008,0,0
26/10/2015 23:00,0,0,0,0,0,0,0,0,0.499,0,0,0,0,0,0.068,0,0
27/10/2015 00:00,0.6,0.1,1.2,0,0.2,0,0.005,0,0.503,0,0,0,0,0,0.13,0,0
27/10/2015 01:00,10.2,7.2,11.9,0.3,3.6,0.7,0.156,0,0.468,0,0,0,0,0,0.179,0,0
27/10/2015 02:00,26.7,20.3,24.6,9.1,14.3,9.9,0.356,0,0.396,0,0,0,0,0.053,0.21,0,0
27/10/2015 03:00,43.6,31.7,34,23.8,25.3,23.3,0.481,0,0.3,0,0,0,0.049,0.219,0.217,0,0
27/10/2015 04:00,54.1,39.5,39.7,34.9,32.7,33.5,0.63,0,0.19,0,0,0,0.192,0.397,0.21,0.093,0
27/10/2015 05:00,56.2,43.3,42,41.7,37,40,0.696,0,0.059,0,0,0,0.396,0.524,0.18,0.284,0
27/10/2015 06:00,53.4,43.1,40.3,44.9,38.1,42.8,0.697,0,0,0,0.009,0,0.551,0.474,0.142,0.445,0
27/10/2015 07:00,48.3,40,36,44.5,36.3,42.4,0.66,0,0,0.014,0.121,0,0.644,0.498,0.092,0.561,0
27/10/2015 08:00,38.7,33.9,29.1,40.7,31.5,39,0.561,0,0,0.168,0.262,0,0.686,0.473,0.035,0.629,0.062
27/10/2015 09:00,24.8,24.5,18.6,33.1,23.6,32,0.395,0,0,0.368,0.362,0,0.683,0.411,0,0.65,0.253
27/10/2015 10:00,10.4,13,7.5,22.5,14.3,22.3,0.18,0,0,0.524,0.432,0,0.624,0.273,0,0.628,0.432
27/10/2015 11:00,0.3,2.6,0.5,10,5.5,10.6,0.003,0.043,0,0.624,0.475,0,0.482,0.116,0,0.561,0.568
27/10/2015 12:00,0,0,0,0.6,0.2,1.2,0,0.203,0,0.68,0.476,0.031,0.323,0.005,0,0.447,0.699
27/10/2015 13:00,0,0,0,0,0,0,0,0.359,0,0.683,0.395,0.162,0.163,0,0,0.287,0.732
27/10/2015 14:00,0,0,0,0,0,0,0,0.441,0,0.635,0.304,0.318,0.021,0,0,0.102,0.712
27/10/2015 15:00,0,0,0,0,0,0,0,0.449,0,0.536,0.171,0.437,0,0,0,0.004,0.62
27/10/2015 16:00,0,0,0,0,0,0,0,0.464,0,0.369,0.067,0.499,0,0,0,0,0.483
27/10/2015 17:00,0,0,0,0,0,0,0,0.448,0,0.173,0.004,0.532,0,0,0,0,0.296
27/10/2015 18:00,0,0,0,0,0,0,0,0.404,0.04,0.018,0,0.518,0,0,0,0,0.097
27/10/2015 19:00,0,0,0,0,0,0,0,0.32,0.154,0,0,0.433,0,0,0,0,0
27/10/2015 20:00,0,0,0,0,0,0,0,0.204,0.266,0,0,0.305,0,0,0,0,0
27/10/2015 21:00,0,0,0,0,0,0,0,0.086,0.356,0,0,0.17,0,0,0,0,0
27/10/2015 22:00,0,0,0,0,0,0,0,0.001,0.417,0,0,0.058,0,0,0.014,0,0
27/10/2015 23:00,0,0,0,0,0,0,0,0,0.396,0,0,0,0,0,0.103,0,0
28/10/2015 00:00,0.8,0.1,0.8,0,0.1,0,0.004,0,0.398,0,0,0,0,0,0.22,0,0
28/10/2015 01:00,13.6,6.7,9.8,0.3,2.6,0.6,0.158,0,0.375,0,0,0,0,0,0.331,0,0
28/10/2015 02:00,33.5,20.1,22.4,10.8,11.1,9.7,0.425,0,0.33,0,0,0,0,0.065,0.404,0,0
28/10/2015 03:00,49,32.5,32.7,25.9,21.3,23.8,0.585,0,0.251,0,0,0,0.078,0.256,0.396,0,0
28/10/2015 04:00,59.9,40.2,38.7,36.6,29.8,34.4,0.673,0,0.158,0,0,0,0.249,0.44,0.345,0.094,0
28/10/2015 05:00,64.1,43.9,40.9,43,35.3,40.9,0.749,0,0.038,0,0,0,0.418,0.563,0.257,0.281,0
28/10/2015 06:00,65,44.5,40.8,46.3,36.9,43.6,0.755,0,0,0,0.013,0,0.498,0.601,0.176,0.441,0
28/10/2015 07:00,58.6,40.8,36.6,45.5,35.1,43.2,0.704,0,0,0.022,0.158,0,0.577,0.616,0.095,0.556,0
28/10/2015 08:00,47.1,33.7,29,41.5,30.7,39.4,0.604,0,0,0.221,0.328,0,0.601,0.579,0.035,0.623,0.084
28/10/2015 09:00,32.1,24,19.4,33.5,23.3,31.8,0.446,0,0,0.442,0.428,0,0.583,0.498,0,0.639,0.302
28/10/2015 10:00,13.8,12.7,8.5,23.4,14.7,21.8,0.218,0,0,0.591,0.458,0,0.5,0.349,0,0.62,0.484
28/10/2015 11:00,0.4,2.4,0.5,11.4,5.7,10.6,0.006,0.028,0,0.675,0.426,0,0.336,0.16,0,0.555,0.612
28/10/2015 12:00,0,0,0,0.8,0.3,1.3,0,0.159,0,0.692,0.386,0.044,0.152,0.008,0,0.441,0.654
28/10/2015 13:00,0,0,0,0,0,0,0,0.318,0,0.665,0.335,0.227,0.059,0,0,0.285,0.681
28/10/2015 14:00,0,0,0,0,0,0,0,0.427,0,0.593,0.27,0.421,0.006,0,0,0.099,0.657
28/10/2015 15:00,0,0,0,0,0,0,0,0.504,0,0.476,0.187,0.533,0,0,0,0.004,0.585
28/10/2015 16:00,0,0,0,0,0,0,0,0.519,0,0.315,0.084,0.63,0,0,0,0,0.453
28/10/2015 17:00,0,0,0,0,0,0,0,0.488,0,0.15,0.007,0.66,0,0,0,0,0.279
28/10/2015 18:00,0,0,0,0,0,0,0,0.418,0.013,0.015,0,0.632,0,0,0,0,0.1
28/10/2015 19:00,0,0,0,0,0,0,0,0.321,0.074,0,0,0.526,0,0,0,0,0
28/10/2015 20:00,0,0,0,0,0,0,0,0.206,0.143,0,0,0.355,0,0,0,0,0
28/10/2015 21:00,0,0,0,0,0,0,0,0.082,0.207,0,0,0.203,0,0,0,0,0
28/10/2015 22:00,0,0,0,0,0,0,0,0.003,0.275,0,0,0.075,0,0,0.006,0,0
28/10/2015 23:00,0,0,0,0,0,0,0,0,0.329,0,0,0,0,0,0.071,0,0
29/10/2015 00:00,0.8,0.1,0.5,0,0.3,0,0.01,0,0.369,0,0,0,0,0,0.145,0,0
29/10/2015 01:00,11.7,5.7,8.7,0.2,4.4,0.6,0.188,0,0.379,0,0,0,0,0,0.194,0,0
29/10/2015 02:00,27.3,16.3,20,10.3,16.5,11.3,0.381,0,0.346,0,0,0,0,0.071,0.227,0,0
29/10/2015 03:00,43.1,25,28.3,25.5,28,25.6,0.541,0,0.296,0,0,0,0.047,0.275,0.241,0,0
29/10/2015 04:00,51.6,31.7,33.7,36.6,35.9,36,0.638,0,0.188,0,0,0,0.238,0.462,0.229,0.094,0
29/10/2015 05:00,55.3,36.1,36.7,43.3,40.3,42.6,0.671,0,0.057,0,0,0,0.408,0.583,0.205,0.284,0
29/10/2015 06:00,54.8,37.6,36.2,45.8,41.5,45.6,0.689,0,0,0,0.012,0,0.555,0.618,0.159,0.444,0
29/10/2015 07:00,49.8,36.8,33,45.3,39.9,44.8,0.633,0,0,0.021,0.143,0,0.634,0.63,0.098,0.56,0
29/10/2015 08:00,40.7,28.8,27.7,41.4,35.1,41.2,0.549,0,0,0.216,0.299,0,0.653,0.578,0.035,0.628,0.046
29/10/2015 09:00,27.2,18.2,18.9,33.7,27.9,34.8,0.363,0,0,0.431,0.411,0,0.569,0.4,0,0.65,0.214
29/10/2015 10:00,12,8.7,8.4,23.3,18.2,24.9,0.163,0,0,0.586,0.476,0,0.485,0.225,0,0.629,0.396
29/10/2015 11:00,0.2,1.5,0.5,10.7,7.4,12.6,0,0.025,0,0.682,0.492,0,0.359,0.068,0,0.563,0.516
29/10/2015 12:00,0,0,0,0.6,0.4,1.6,0,0.141,0,0.759,0.478,0.039,0.143,0,0,0.448,0.599
29/10/2015 13:00,0,0,0,0,0,0,0,0.278,0,0.758,0.415,0.187,0.039,0,0,0.289,0.648
29/10/2015 14:00,0,0,0,0,0,0,0,0.369,0,0.714,0.314,0.355,0.001,0,0,0.095,0.684
29/10/2015 15:00,0,0,0,0,0,0,0,0.418,0,0.612,0.208,0.464,0,0,0,0.003,0.656
29/10/2015 16:00,0,0,0,0,0,0,0,0.447,0,0.469,0.094,0.543,0,0,0,0,0.554
29/10/2015 17:00,0,0,0,0,0,0,0,0.436,0,0.271,0.009,0.579,0,0,0,0,0.365
29/10/2015 18:00,0,0,0,0,0,0,0,0.359,0.066,0.029,0,0.596,0,0,0,0,0.153
29/10/2015 19:00,0,0,0,0,0,0,0,0.29,0.229,0,0,0.562,0,0,0,0,0
29/10/2015 20:00,0,0,0,0,0,0,0,0.195,0.379,0,0,0.477,0,0,0,0,0
29/10/2015 21:00,0,0,0,0,0,0,0,0.084,0.484,0,0,0.345,0,0,0,0,0
29/10/2015 22:00,0,0,0,0,0,0,0,0.003,0.563,0,0,0.16,0,0,0.02,0,0
29/10/2015 23:00,0,0,0,0,0,0,0,0,0.562,0,0,0,0,0,0.141,0,0
30/10/2015 00:00,0.6,0.1,0.5,0,0.1,0,0.009,0,0.578,0,0,0,0,0,0.264,0,0
30/10/2015 01:00,12.1,4.3,7.9,0.3,3,0.8,0.193,0,0.533,0,0,0,0,0,0.364,0,0
30/10/2015 02:00,31.6,13.8,19,8.5,12.8,12.1,0.414,0,0.508,0,0,0,0,0.07,0.422,0,0
30/10/2015 03:00,45.2,23.7,29.8,22.5,23.4,26.6,0.577,0,0.399,0,0,0,0.063,0.277,0.431,0,0
30/10/2015 04:00,52.9,31.3,35.3,34.1,31,36.8,0.66,0,0.239,0,0,0,0.221,0.464,0.406,0.091,0
30/10/2015 05:00,55.2,36.6,36.8,42.6,35,42.8,0.698,0,0.066,0,0,0,0.41,0.588,0.362,0.28,0
30/10/2015 06:00,53.4,37.9,35.5,45.9,36.6,45.4,0.704,0,0,0,0.004,0,0.554,0.646,0.283,0.44,0
30/10/2015 07:00,46.5,35.3,30.7,45.4,36,45,0.656,0,0,0.023,0.094,0,0.644,0.662,0.179,0.555,0
30/10/2015 08:00,34.2,28.9,23.8,41.7,31.3,41.7,0.545,0,0,0.217,0.218,0,0.684,0.627,0.075,0.623,0.034
30/10/2015 09:00,21.6,20,14.5,33.8,23.4,34.5,0.352,0,0,0.436,0.353,0,0.675,0.535,0,0.647,0.146
30/10/2015 10:00,8.8,10.3,6.1,23.3,14.7,24.5,0.149,0,0,0.594,0.436,0,0.618,0.39,0,0.625,0.286
30/10/2015 11:00,0.1,1.7,0.4,10.6,5.7,12.3,0,0.038,0,0.69,0.508,0,0.513,0.192,0,0.558,0.403
30/10/2015 12:00,0,0,0,0.6,0.3,1.4,0,0.161,0,0.718,0.532,0.034,0.363,0.01,0,0.442,0.479
30/10/2015 13:00,0,0,0,0,0,0,0,0.311,0,0.719,0.473,0.18,0.188,0,0,0.284,0.512
30/10/2015 14:00,0,0,0,0,0,0,0,0.42,0,0.675,0.38,0.38,0.04,0,0,0.094,0.517
30/10/2015 15:00,0,0,0,0,0,0,0,0.493,0,0.605,0.236,0.524,0,0,0,0.003,0.494
30/10/2015 16:00,0,0,0,0,0,0,0,0.526,0,0.461,0.129,0.629,0,0,0,0,0.422
30/10/2015 17:00,0,0,0,0,0,0,0,0.54,0,0.265,0.015,0.683,0,0,0,0,0.299
30/10/2015 18:00,0,0,0,0,0,0,0,0.502,0.059,0.032,0,0.672,0,0,0,0,0.132
30/10/2015 19:00,0,0,0,0,0,0,0,0.416,0.208,0,0,0.618,0,0,0,0,0
30/10/2015 20:00,0,0,0,0,0,0,0,0.301,0.366,0,0,0.494,0,0,0,0,0
30/10/2015 21:00,0,0,0,0,0,0,0,0.138,0.536,0,0,0.324,0,0,0,0,0
30/10/2015 22:00,0,0,0,0,0,0,0,0.011,0.688,0,0,0.132,0,0,0.019,0,0
30/10/2015 23:00,0,0,0,0,0,0,0,0,0.742,0,0,0,0,0,0.125,0,0
31/10/2015 00:00,0.3,0.1,0.5,0,0.3,0,0.007,0,0.742,0,0,0,0,0,0.238,0,0
31/10/2015 01:00,9.1,5.6,7.9,0.2,3,0.8,0.19,0,0.697,0,0,0,0,0,0.33,0,0
31/10/2015 02:00,23.7,16.9,19.7,9.6,12.2,11.6,0.41,0,0.598,0,0,0,0,0.088,0.382,0,0
31/10/2015 03:00,36,26.7,28.2,24.9,22.6,26.2,0.574,0,0.454,0,0,0,0.085,0.313,0.383,0,0
31/10/2015 04:00,41.4,33.7,32.4,36,29.6,36.7,0.668,0,0.262,0,0,0,0.257,0.499,0.358,0.09,0
31/10/2015 05:00,43.6,37.7,34,42.6,33.9,43.1,0.69,0,0.06,0,0,0,0.428,0.617,0.297,0.281,0
31/10/2015 06:00,42.5,38.6,32.7,45.3,34.9,45.9,0.627,0,0,0,0.003,0,0.558,0.622,0.232,0.439,0
31/10/2015 07:00,37.1,35.5,29.9,44.8,33.3,45.5,0.601,0,0,0.021,0.097,0,0.638,0.632,0.145,0.553,0
31/10/2015 08:00,29.9,29.6,24,41,28.9,42.1,0.451,0,0,0.218,0.243,0,0.672,0.589,0.057,0.62,0.09
31/10/2015 09:00,19.6,20.7,15.6,33.3,21.1,35.3,0.349,0,0,0.44,0.353,0,0.626,0.493,0,0.642,0.319
31/10/2015 10:00,7.2,10.7,6.3,22.8,12.1,25.3,0.14,0,0,0.6,0.428,0,0.564,0.341,0,0.62,0.51
31/10/2015 11:00,0.1,1.6,0.4,10.3,4.3,12.6,0,0.07,0,0.699,0.472,0,0.424,0.154,0,0.554,0.646
31/10/2015 12:00,0,0,0,0.6,0.1,1.4,0,0.292,0,0.751,0.458,0.032,0.267,0.006,0,0.44,0.754
31/10/2015 13:00,0,0,0,0,0,0,0,0.479,0,0.751,0.434,0.17,0.127,0,0,0.282,0.784
31/10/2015 14:00,0,0,0,0,0,0,0,0.604,0,0.705,0.394,0.321,0.023,0,0,0.092,0.767
31/10/2015 15:00,0,0,0,0,0,0,0,0.654,0,0.607,0.294,0.457,0,0,0,0.004,0.694
31/10/2015 16:00,0,0,0,0,0,0,0,0.68,0,0.46,0.124,0.532,0,0,0,0,0.575
31/10/2015 17:00,0,0,0,0,0,0,0,0.647,0,0.257,0.013,0.543,0,0,0,0,0.4
31/10/2015 18:00,0,0,0,0,0,0,0,0.543,0.058,0.028,0,0.496,0,0,0,0,0.172
31/10/2015 19:00,0,0,0,0,0,0,0,0.399,0.21,0,0,0.401,0,0,0,0,0
31/10/2015 20:00,0,0,0,0,0,0,0,0.245,0.369,0,0,0.274,0,0,0,0,0
31/10/2015 21:00,0,0,0,0,0,0,0,0.1,0.501,0,0,0.155,0,0,0,0,0
31/10/2015 22:00,0,0,0,0,0,0,0,0.006,0.598,0,0,0.046,0,0,0.008,0,0
31/10/2015 23:00,0,0,0,0,0,0,0,0,0.669,0,0,0,0,0,0.072,0,0
01/11/2015 00:00,1.4,0.1,0.5,0,0.1,0,0.001,0,0.679,0,0,0,0,0,0.158,0,0
01/11/2015 01:00,17.9,5.7,9.2,0.2,2.7,0.8,0.145,0,0.65,0,0,0,0,0,0.246,0,0
01/11/2015 02:00,37,18.3,20.7,8.7,12.2,11.7,0.367,0,0.56,0,0,0,0,0.032,0.323,0,0
01/11/2015 03:00,48.3,29.8,29.1,23.2,22.5,26.3,0.55,0,0.426,0,0,0,0.065,0.156,0.37,0,0
01/11/2015 04:00,61.3,36.6,36.4,34.2,30.3,36.5,0.635,0,0.25,0,0,0,0.213,0.282,0.368,0.091,0
01/11/2015 05:00,63.5,39.5,39.1,40.8,34.9,42.7,0.697,0,0.069,0,0,0,0.374,0.379,0.321,0.276,0
01/11/2015 06:00,59.4,38.9,38.2,43.1,35,45,0.69,0,0,0,0.014,0,0.512,0.471,0.235,0.434,0
01/11/2015 07:00,49.6,35.7,34.6,42.8,32.1,44.5,0.625,0,0,0.018,0.142,0,0.596,0.535,0.137,0.548,0
01/11/2015 08:00,37.1,29.3,27.9,39.2,26.6,40.8,0.546,0,0,0.211,0.275,0,0.603,0.595,0.051,0.615,0.059
01/11/2015 09:00,23.1,20.9,18.5,31.4,19.4,33,0.358,0,0,0.426,0.376,0,0.536,0.517,0,0.635,0.254
01/11/2015 10:00,8.2,10.8,7.7,21.3,12.4,23.3,0.154,0,0,0.581,0.423,0,0.362,0.364,0,0.613,0.451
01/11/2015 11:00,0.1,1.9,0.4,9.3,5,11.2,0,0.023,0,0.675,0.443,0,0.24,0.17,0,0.545,0.603
01/11/2015 12:00,0,0,0,0.5,0.2,1.2,0,0.128,0,0.692,0.488,0.029,0.131,0.007,0,0.428,0.725
01/11/2015 13:00,0,0,0,0,0,0,0,0.253,0,0.689,0.508,0.172,0.065,0,0,0.273,0.762
01/11/2015 14:00,0,0,0,0,0,0,0,0.361,0,0.641,0.434,0.346,0.011,0,0,0.094,0.746
01/11/2015 15:00,0,0,0,0,0,0,0,0.439,0,0.58,0.329,0.484,0,0,0,0.005,0.672
01/11/2015 16:00,0,0,0,0,0,0,0,0.482,0,0.435,0.158,0.57,0,0,0,0,0.545
01/11/2015 17:00,0,0,0,0,0,0,0,0.48,0,0.236,0.02,0.597,0,0,0,0,0.361
01/11/2015 18:00,0,0,0,0,0,0,0,0.44,0.043,0.023,0,0.585,0,0,0,0,0.138
01/11/2015 19:00,0,0,0,0,0,0,0,0.337,0.159,0,0,0.511,0,0,0,0,0
01/11/2015 20:00,0,0,0,0,0,0,0,0.234,0.28,0,0,0.399,0,0,0,0,0
01/11/2015 21:00,0,0,0,0,0,0,0,0.119,0.408,0,0,0.254,0,0,0,0,0
01/11/2015 22:00,0,0,0,0,0,0,0,0.008,0.481,0,0,0.096,0,0,0.014,0,0
01/11/2015 23:00,0,0,0,0,0,0,0,0,0.483,0,0,0,0,0,0.105,0,0
02/11/2015 00:00,1.1,0.1,0.4,0,0.2,0,0.006,0,0.466,0,0,0,0,0,0.196,0,0
02/11/2015 01:00,18.4,7.5,9,0.2,2.2,0.8,0.17,0,0.414,0,0,0,0,0,0.279,0,0
02/11/2015 02:00,40,21.2,20.7,8.5,8.7,10.7,0.392,0,0.338,0,0,0,0,0.06,0.321,0,0
02/11/2015 03:00,52.9,32.6,28.8,22.7,16.1,24.6,0.575,0,0.229,0,0,0,0.06,0.239,0.332,0,0
02/11/2015 04:00,58.5,39.9,34.7,33.7,22.5,35.5,0.682,0,0.11,0,0,0,0.202,0.391,0.323,0.091,0
02/11/2015 05:00,61.4,43.7,38.1,40.4,26.4,41.9,0.732,0,0.021,0,0,0,0.379,0.437,0.266,0.273,0
02/11/2015 06:00,57.2,44.4,38.3,42.2,27.9,43.5,0.734,0,0,0,0.015,0,0.555,0.373,0.183,0.433,0
02/11/2015 07:00,47.7,41.2,35.1,41.9,27,43.3,0.679,0,0,0.005,0.153,0,0.649,0.258,0.099,0.548,0
02/11/2015 08:00,34.1,34.8,28.9,38.2,23.2,39.9,0.574,0,0,0.111,0.313,0,0.661,0.218,0.031,0.616,0.086
02/11/2015 09:00,21.4,25.5,19.6,31.2,17.4,32.8,0.411,0,0,0.259,0.432,0,0.588,0.158,0,0.638,0.323
02/11/2015 10:00,8.5,13,8.3,21,10.7,22.7,0.161,0,0,0.417,0.561,0,0.506,0.106,0,0.615,0.52
02/11/2015 11:00,0.2,1.9,0.4,9.1,3.9,10.5,0,0.049,0,0.555,0.625,0,0.404,0.044,0,0.548,0.657
02/11/2015 12:00,0,0,0,0.5,0.1,1,0,0.223,0,0.601,0.633,0.054,0.247,0,0,0.434,0.75
02/11/2015 13:00,0,0,0,0,0,0,0,0.387,0,0.589,0.595,0.248,0.128,0,0,0.276,0.781
02/11/2015 14:00,0,0,0,0,0,0,0,0.494,0,0.538,0.509,0.466,0.02,0,0,0.089,0.763
02/11/2015 15:00,0,0,0,0,0,0,0,0.542,0,0.461,0.388,0.654,0,0,0,0.004,0.701
02/11/2015 16:00,0,0,0,0,0,0,0,0.547,0,0.338,0.19,0.734,0,0,0,0,0.58
02/11/2015 17:00,0,0,0,0,0,0,0,0.532,0,0.184,0.029,0.762,0,0,0,0,0.401
02/11/2015 18:00,0,0,0,0,0,0,0,0.465,0.019,0.017,0,0.727,0,0,0,0,0.172
02/11/2015 19:00,0,0,0,0,0,0,0,0.357,0.109,0,0,0.657,0,0,0,0,0
02/11/2015 20:00,0,0,0,0,0,0,0,0.234,0.242,0,0,0.514,0,0,0,0,0
02/11/2015 21:00,0,0,0,0,0,0,0,0.093,0.404,0,0,0.315,0,0,0,0,0
02/11/2015 22:00,0,0,0,0,0,0,0,0.002,0.479,0,0,0.128,0,0,0.001,0,0
02/11/2015 23:00,0,0,0,0,0,0,0,0,0.438,0,0,0,0,0,0.051,0,0
03/11/2015 00:00,0.4,0.1,1,0,0.3,0,0.003,0,0.446,0,0,0,0,0,0.131,0,0
03/11/2015 01:00,9.6,7.9,12.1,0.1,3,0.8,0.12,0,0.452,0,0,0,0,0,0.209,0,0
03/11/2015 02:00,24.5,22.5,25.3,8,12.1,9.7,0.268,0,0.372,0,0,0,0,0.062,0.27,0,0
03/11/2015 03:00,36.1,34.3,35.1,22.3,22.5,23.2,0.39,0,0.237,0,0,0,0.084,0.269,0.309,0,0
03/11/2015 04:00,42.6,41.5,40.6,33.4,31.4,33.6,0.486,0,0.115,0,0,0,0.253,0.462,0.322,0.09,0
03/11/2015 05:00,46,45.2,43.4,40.1,36.2,40,0.58,0,0.029,0,0,0,0.393,0.591,0.299,0.268,0
03/11/2015 06:00,43.1,44.8,42.4,40.8,36.9,43.2,0.664,0,0,0,0.008,0,0.5,0.649,0.243,0.426,0
03/11/2015 07:00,35.5,41.8,38.8,40.6,33.3,42.8,0.643,0,0,0.001,0.126,0,0.582,0.66,0.162,0.54,0
03/11/2015 08:00,27,35.3,31.3,36.9,27,39.2,0.538,0,0,0.064,0.292,0,0.607,0.624,0.071,0.608,0.084
03/11/2015 09:00,16.2,26,20.5,29.9,19.8,31.6,0.375,0,0,0.142,0.433,0,0.599,0.512,0,0.627,0.323
03/11/2015 10:00,5.3,13.3,8.7,19.8,11.9,21.8,0.168,0,0,0.231,0.55,0,0.504,0.365,0,0.604,0.522
03/11/2015 11:00,0.1,2.2,0.4,8.2,4.4,10.1,0,0.013,0,0.291,0.592,0,0.339,0.171,0,0.538,0.661
03/11/2015 12:00,0,0,0,0.4,0.1,1,0,0.114,0,0.311,0.565,0.037,0.225,0.006,0,0.426,0.756
03/11/2015 13:00,0,0,0,0,0,0,0,0.287,0,0.308,0.512,0.193,0.131,0,0,0.27,0.785
03/11/2015 14:00,0,0,0,0,0,0,0,0.434,0,0.269,0.401,0.38,0.034,0,0,0.091,0.765
03/11/2015 15:00,0,0,0,0,0,0,0,0.526,0,0.204,0.295,0.539,0,0,0,0.005,0.689
03/11/2015 16:00,0,0,0,0,0,0,0,0.544,0,0.134,0.144,0.651,0,0,0,0,0.566
03/11/2015 17:00,0,0,0,0,0,0,0,0.51,0,0.052,0.019,0.704,0,0,0,0,0.385
03/11/2015 18:00,0,0,0,0,0,0,0,0.457,0.05,0,0,0.695,0,0,0,0,0.156
03/11/2015 19:00,0,0,0,0,0,0,0,0.4,0.218,0,0,0.634,0,0,0,0,0
03/11/2015 20:00,0,0,0,0,0,0,0,0.281,0.396,0,0,0.523,0,0,0,0,0
03/11/2015 21:00,0,0,0,0,0,0,0,0.138,0.464,0,0,0.368,0,0,0,0,0
03/11/2015 22:00,0,0,0,0,0,0,0,0.013,0.505,0,0,0.134,0,0,0.012,0,0
03/11/2015 23:00,0,0,0,0,0,0,0,0,0.53,0,0,0,0,0,0.101,0,0
04/11/2015 00:00,0.4,0.1,0.9,0,0.1,0,0.004,0,0.518,0,0,0,0,0,0.209,0,0
04/11/2015 01:00,10,7.4,11.2,0.1,2.8,0.7,0.176,0,0.446,0,0,0,0,0,0.288,0,0
04/11/2015 02:00,25.9,21.7,24.6,7.2,12,9.4,0.403,0,0.327,0,0,0,0,0.085,0.337,0,0
04/11/2015 03:00,43.5,33.3,34.2,21.1,22.6,22.4,0.56,0,0.236,0,0,0,0.036,0.318,0.351,0,0
04/11/2015 04:00,54.6,40.7,38.9,32.2,31,32.6,0.654,0,0.169,0,0,0,0.137,0.507,0.336,0.09,0
04/11/2015 05:00,57.7,44.2,42.5,39,36.1,39,0.698,0,0.057,0,0,0,0.267,0.629,0.29,0.266,0
04/11/2015 06:00,53.4,44.3,42.4,42.2,37.2,41,0.678,0,0,0,0.009,0,0.405,0.663,0.222,0.425,0
04/11/2015 07:00,46.6,41.1,38.3,41.9,36.4,40.8,0.63,0,0,0,0.122,0,0.539,0.677,0.152,0.541,0
04/11/2015 08:00,33.8,34.5,31.6,38.2,32.3,37.4,0.527,0,0,0.077,0.261,0,0.572,0.642,0.066,0.61,0.07
04/11/2015 09:00,19.7,24.9,20.8,30.2,25.1,30.8,0.379,0,0,0.212,0.356,0,0.52,0.542,0,0.631,0.267
04/11/2015 10:00,6.7,12.5,8.8,20,15.9,21.3,0.159,0,0,0.335,0.414,0,0.456,0.398,0,0.608,0.454
04/11/2015 11:00,0.1,1.9,0.4,8.2,5.9,9.4,0,0.081,0,0.422,0.42,0,0.378,0.199,0,0.541,0.602
04/11/2015 12:00,0,0,0,0.3,0.2,0.8,0,0.311,0,0.503,0.433,0.069,0.273,0.008,0,0.427,0.694
04/11/2015 13:00,0,0,0,0,0,0,0,0.5,0,0.548,0.447,0.31,0.178,0,0,0.27,0.721
04/11/2015 14:00,0,0,0,0,0,0,0,0.629,0,0.509,0.396,0.544,0.04,0,0,0.087,0.713
04/11/2015 15:00,0,0,0,0,0,0,0,0.707,0,0.399,0.3,0.679,0,0,0,0.005,0.646
04/11/2015 16:00,0,0,0,0,0,0,0,0.735,0,0.269,0.177,0.757,0,0,0,0,0.524
04/11/2015 17:00,0,0,0,0,0,0,0,0.719,0,0.137,0.027,0.785,0,0,0,0,0.35
04/11/2015 18:00,0,0,0,0,0,0,0,0.665,0.052,0.01,0,0.767,0,0,0,0,0.142
04/11/2015 19:00,0,0,0,0,0,0,0,0.567,0.198,0,0,0.701,0,0,0,0,0
04/11/2015 20:00,0,0,0,0,0,0,0,0.408,0.377,0,0,0.588,0,0,0,0,0
04/11/2015 21:00,0,0,0,0,0,0,0,0.199,0.497,0,0,0.412,0,0,0,0,0
04/11/2015 22:00,0,0,0,0,0,0,0,0.014,0.614,0,0,0.192,0,0,0.005,0,0
04/11/2015 23:00,0,0,0,0,0,0,0,0,0.652,0,0,0,0,0,0.07,0,0
05/11/2015 00:00,0.2,0,0.8,0,0.1,0,0.005,0,0.642,0,0,0,0,0,0.145,0,0
05/11/2015 01:00,7.9,7,10.1,0.1,2.6,0.6,0.186,0,0.619,0,0,0,0,0,0.221,0,0
05/11/2015 02:00,22.7,20.8,22.5,5.6,12.1,9.4,0.408,0,0.518,0,0,0,0,0.098,0.28,0,0
05/11/2015 03:00,35.6,32,31.3,17.8,23.7,23.1,0.531,0,0.386,0,0,0,0.087,0.343,0.31,0,0
05/11/2015 04:00,44.4,39.5,36.3,29.1,31.8,33.7,0.629,0,0.226,0,0,0,0.267,0.531,0.312,0.091,0
05/11/2015 05:00,49.4,43.2,38.3,36.5,37,40.4,0.663,0,0.066,0,0,0,0.449,0.649,0.276,0.266,0
05/11/2015 06:00,50,42.7,35.3,38.6,38,43.6,0.685,0,0,0,0.02,0,0.585,0.686,0.209,0.421,0
05/11/2015 07:00,44.1,39.7,31.1,38.6,36.8,43.1,0.633,0,0,0.019,0.198,0,0.671,0.698,0.129,0.534,0
05/11/2015 08:00,33.9,33.3,23.7,35.1,33.2,39.5,0.525,0,0,0.214,0.413,0,0.704,0.662,0.045,0.598,0.017
05/11/2015 09:00,19.7,23.6,15.2,26.4,25.9,33,0.363,0,0,0.427,0.561,0,0.694,0.568,0,0.614,0.08
05/11/2015 10:00,6.7,11.8,5.9,16.5,16.4,22.6,0.142,0,0,0.575,0.647,0,0.635,0.423,0,0.586,0.164
05/11/2015 11:00,0.1,2,0.3,6.3,6.3,10.7,0,0.03,0,0.667,0.697,0,0.525,0.221,0,0.508,0.268
05/11/2015 12:00,0,0,0,0.3,0.3,1,0,0.182,0,0.704,0.718,0.036,0.369,0.009,0,0.373,0.342
05/11/2015 13:00,0,0,0,0,0,0,0,0.366,0,0.702,0.684,0.204,0.181,0,0,0.232,0.374
05/11/2015 14:00,0,0,0,0,0,0,0,0.518,0,0.655,0.602,0.435,0.042,0,0,0.094,0.418
05/11/2015 15:00,0,0,0,0,0,0,0,0.625,0,0.563,0.463,0.595,0,0,0,0.005,0.393
05/11/2015 16:00,0,0,0,0,0,0,0,0.675,0,0.414,0.26,0.723,0,0,0,0,0.304
05/11/2015 17:00,0,0,0,0,0,0,0,0.676,0,0.211,0.038,0.76,0,0,0,0,0.176
05/11/2015 18:00,0,0,0,0,0,0,0,0.627,0.07,0.017,0,0.746,0,0,0,0,0.054
05/11/2015 19:00,0,0,0,0,0,0,0,0.5,0.249,0,0,0.682,0,0,0,0,0
05/11/2015 20:00,0,0,0,0,0,0,0,0.348,0.427,0,0,0.562,0,0,0,0,0
05/11/2015 21:00,0,0,0,0,0,0,0,0.135,0.559,0,0,0.397,0,0,0,0,0
05/11/2015 22:00,0,0,0,0,0,0,0,0.007,0.666,0,0,0.182,0,0,0.004,0,0
05/11/2015 23:00,0,0,0,0,0,0,0,0,0.709,0,0,0,0,0,0.069,0,0
06/11/2015 00:00,0.2,0,0.7,0,0.1,0,0,0,0.694,0,0,0,0,0,0.157,0,0
06/11/2015 01:00,8.6,5.7,8.9,0.1,3.1,0.6,0.105,0,0.645,0,0,0,0,0,0.243,0,0
06/11/2015 02:00,26.2,18.8,21.4,6.7,13.8,9.8,0.296,0,0.542,0,0,0,0,0.11,0.315,0,0
06/11/2015 03:00,45.2,30.1,30.5,21.3,24.7,23.8,0.471,0,0.407,0,0,0,0.091,0.366,0.364,0,0
06/11/2015 04:00,53.7,37.5,36.8,33.3,32.2,34.4,0.592,0,0.232,0,0,0,0.28,0.556,0.362,0.088,0
06/11/2015 05:00,56.5,41.4,39.6,40.4,36.9,41,0.657,0,0.067,0,0,0,0.456,0.676,0.321,0.267,0
06/11/2015 06:00,55.8,42.4,39.5,42.5,38.3,43.7,0.643,0,0,0,0.026,0,0.587,0.732,0.242,0.427,0
06/11/2015 07:00,48.6,39.3,35.7,42.4,37.3,43.7,0.596,0,0,0.011,0.22,0,0.667,0.745,0.149,0.541,0
06/11/2015 08:00,35.9,32.7,28.2,38.6,32.9,40.2,0.493,0,0,0.171,0.418,0,0.695,0.707,0.052,0.607,0.068
06/11/2015 09:00,19.6,22.4,17.9,29.5,25.6,32.2,0.351,0,0,0.385,0.57,0,0.67,0.602,0,0.628,0.287
06/11/2015 10:00,5.7,11.4,7.1,19.1,16.1,22.2,0.145,0,0,0.545,0.661,0,0.597,0.454,0,0.603,0.48
06/11/2015 11:00,0,1.9,0.3,7.6,6.2,10.1,0,0.029,0,0.643,0.707,0,0.473,0.244,0,0.535,0.608
06/11/2015 12:00,0,0,0,0.3,0.2,0.8,0,0.16,0,0.666,0.714,0.06,0.31,0.01,0,0.417,0.681
06/11/2015 13:00,0,0,0,0,0,0,0,0.287,0,0.666,0.665,0.28,0.153,0,0,0.264,0.692
06/11/2015 14:00,0,0,0,0,0,0,0,0.34,0,0.615,0.58,0.522,0.026,0,0,0.087,0.665
06/11/2015 15:00,0,0,0,0,0,0,0,0.362,0,0.541,0.444,0.668,0,0,0,0.005,0.586
06/11/2015 16:00,0,0,0,0,0,0,0,0.394,0,0.394,0.239,0.75,0,0,0,0,0.458
06/11/2015 17:00,0,0,0,0,0,0,0,0.418,0,0.172,0.041,0.778,0,0,0,0,0.294
06/11/2015 18:00,0,0,0,0,0,0,0,0.407,0.068,0.012,0,0.761,0,0,0,0,0.111
06/11/2015 19:00,0,0,0,0,0,0,0,0.358,0.235,0,0,0.695,0,0,0,0,0
06/11/2015 20:00,0,0,0,0,0,0,0,0.218,0.412,0,0,0.587,0,0,0,0,0
06/11/2015 21:00,0,0,0,0,0,0,0,0.076,0.547,0,0,0.386,0,0,0,0,0
06/11/2015 22:00,0,0,0,0,0,0,0,0.001,0.622,0,0,0.176,0,0,0.012,0,0
06/11/2015 23:00,0,0,0,0,0,0,0,0,0.66,0,0,0,0,0,0.102,0,0
07/11/2015 00:00,0.1,0,0.6,0,0.3,0,0.001,0,0.629,0,0,0,0,0,0.207,0,0
07/11/2015 01:00,5.4,6.2,8.9,0.1,3.2,0.5,0.16,0,0.55,0,0,0,0,0,0.286,0,0
07/11/2015 02:00,17.6,20.3,20.9,5.4,13.8,8.8,0.388,0,0.453,0,0,0,0,0.071,0.345,0,0
07/11/2015 03:00,37.2,32.2,32.2,17.6,24.9,22.5,0.545,0,0.331,0,0,0,0.053,0.27,0.367,0,0
07/11/2015 04:00,49.6,39.7,38.2,28.7,32.9,33.4,0.656,0,0.193,0,0,0,0.181,0.453,0.402,0.089,0
07/11/2015 05:00,53.9,43.5,40.6,36.1,37.9,40.1,0.709,0,0.066,0,0,0,0.357,0.575,0.387,0.259,0
07/11/2015 06:00,51.3,43,38.6,39.7,40,43.7,0.731,0,0,0,0.03,0,0.517,0.61,0.326,0.416,0
07/11/2015 07:00,44.6,40,34.8,39.3,38.5,43.5,0.682,0,0,0.004,0.24,0,0.601,0.641,0.235,0.532,0
07/11/2015 08:00,33,33.7,28,35.5,33.7,39.9,0.581,0,0,0.088,0.444,0,0.609,0.63,0.102,0.599,0.065
07/11/2015 09:00,18.9,23.1,17.1,27.5,24.5,33.1,0.424,0,0,0.188,0.589,0,0.547,0.532,0,0.588,0.297
07/11/2015 10:00,5.6,11.3,6.3,17.3,15.4,22.8,0.213,0,0,0.282,0.681,0,0.501,0.393,0,0.584,0.471
07/11/2015 11:00,0,1.9,0.3,6.6,5.8,10.7,0,0.024,0,0.37,0.726,0,0.358,0.196,0,0.524,0.574
07/11/2015 12:00,0,0,0,0.3,0.2,1,0,0.139,0,0.498,0.725,0.049,0.245,0.006,0,0.409,0.679
07/11/2015 13:00,0,0,0,0,0,0,0,0.294,0,0.598,0.685,0.249,0.127,0,0,0.258,0.742
07/11/2015 14:00,0,0,0,0,0,0,0,0.461,0,0.633,0.597,0.485,0.032,0,0,0.084,0.737
07/11/2015 15:00,0,0,0,0,0,0,0,0.532,0,0.576,0.46,0.635,0,0,0,0.005,0.691
07/11/2015 16:00,0,0,0,0,0,0,0,0.639,0,0.447,0.253,0.716,0,0,0,0,0.583
07/11/2015 17:00,0,0,0,0,0,0,0,0.655,0,0.252,0.033,0.735,0,0,0,0,0.412
07/11/2015 18:00,0,0,0,0,0,0,0,0.633,0.063,0.025,0,0.706,0,0,0,0,0.188
07/11/2015 19:00,0,0,0,0,0,0,0,0.549,0.21,0,0,0.62,0,0,0,0,0
07/11/2015 20:00,0,0,0,0,0,0,0,0.411,0.361,0,0,0.432,0,0,0,0,0
07/11/2015 21:00,0,0,0,0,0,0,0,0.206,0.506,0,0,0.253,0,0,0,0,0
07/11/2015 22:00,0,0,0,0,0,0,0,0.02,0.607,0,0,0.104,0,0,0.018,0,0
07/11/2015 23:00,0,0,0,0,0,0,0,0,0.643,0,0,0,0,0,0.134,0,0
08/11/2015 00:00,0.2,0,0.9,0,0.3,0,0,0,0.657,0,0,0,0,0,0.29,0,0
08/11/2015 01:00,10.6,5.7,9.6,0.1,3.4,0.6,0.131,0,0.598,0,0,0,0,0,0.451,0,0
08/11/2015 02:00,30.6,19.3,22.4,5.4,12.4,9,0.283,0,0.534,0,0,0,0,0.088,0.573,0,0
08/11/2015 03:00,51.8,30.8,34.2,18.3,21.4,22.6,0.353,0,0.402,0,0,0,0.048,0.336,0.633,0,0
08/11/2015 04:00,60.5,38.6,40.7,29.6,27.9,33.2,0.386,0,0.235,0,0,0,0.208,0.531,0.612,0.087,0
08/11/2015 05:00,63.7,42.5,43.6,36.6,32.2,39.9,0.393,0,0.07,0,0,0,0.386,0.654,0.546,0.263,0
08/11/2015 06:00,62.9,42.8,43.6,39.1,33.1,41.7,0.326,0,0,0,0.028,0,0.526,0.708,0.444,0.422,0
08/11/2015 07:00,55.9,39.9,39.7,38.7,30.7,41.8,0.242,0,0,0.021,0.231,0,0.63,0.72,0.287,0.536,0
08/11/2015 08:00,43.4,33.5,32.5,35,24.4,38.1,0.133,0,0,0.202,0.431,0,0.694,0.681,0.124,0.602,0.031
08/11/2015 09:00,27.4,24,21.8,27.9,17.1,30.7,0.068,0,0,0.407,0.583,0,0.69,0.583,0.001,0.622,0.159
08/11/2015 10:00,11.1,12,9.2,17.9,10.1,20.2,0.023,0,0,0.565,0.671,0,0.63,0.43,0,0.599,0.251
08/11/2015 11:00,0,1.9,0.3,7,3.6,8.8,0,0.064,0,0.679,0.722,0,0.52,0.218,0,0.531,0.333
08/11/2015 12:00,0,0,0,0.3,0.1,0.7,0,0.235,0,0.718,0.735,0.044,0.323,0.006,0,0.418,0.412
08/11/2015 13:00,0,0,0,0,0,0,0,0.349,0,0.724,0.7,0.231,0.151,0,0,0.26,0.434
08/11/2015 14:00,0,0,0,0,0,0,0,0.42,0,0.679,0.613,0.447,0.033,0,0,0.08,0.51
08/11/2015 15:00,0,0,0,0,0,0,0,0.471,0,0.581,0.456,0.614,0,0,0,0.005,0.603
08/11/2015 16:00,0,0,0,0,0,0,0,0.536,0,0.432,0.213,0.706,0,0,0,0,0.568
08/11/2015 17:00,0,0,0,0,0,0,0,0.502,0,0.229,0.034,0.745,0,0,0,0,0.386
08/11/2015 18:00,0,0,0,0,0,0,0,0.44,0.063,0.019,0,0.735,0,0,0,0,0.12
08/11/2015 19:00,0,0,0,0,0,0,0,0.329,0.216,0,0,0.676,0,0,0,0,0
08/11/2015 20:00,0,0,0,0,0,0,0,0.204,0.375,0,0,0.575,0,0,0,0,0
08/11/2015 21:00,0,0,0,0,0,0,0,0.088,0.501,0,0,0.406,0,0,0,0,0
08/11/2015 22:00,0,0,0,0,0,0,0,0.003,0.598,0,0,0.191,0,0,0.014,0,0
08/11/2015 23:00,0,0,0,0,0,0,0,0,0.619,0,0,0,0,0,0.107,0,0
09/11/2015 00:00,0.8,0,1.1,0,0.1,0,0,0,0.622,0,0,0,0,0,0.203,0,0
09/11/2015 01:00,19.3,5.8,11.9,0.1,2.1,0.5,0.018,0,0.569,0,0,0,0,0,0.282,0,0
09/11/2015 02:00,41.1,19.1,25.8,5.4,10.3,8,0.073,0,0.489,0,0,0,0,0.092,0.364,0,0
09/11/2015 03:00,55.2,30.6,36,18.2,19.4,21.3,0.128,0,0.373,0,0,0,0.077,0.347,0.42,0,0
09/11/2015 04:00,63.1,38,42.1,29.7,25.5,32.4,0.167,0,0.224,0,0,0,0.246,0.542,0.402,0.084,0
09/11/2015 05:00,66.2,41.4,44.7,36.8,29.2,39.1,0.184,0,0.071,0,0,0,0.404,0.668,0.307,0.24,0
09/11/2015 06:00,65.6,40.3,43.7,40.1,30.4,41,0.181,0,0,0,0.029,0,0.529,0.733,0.206,0.393,0
09/11/2015 07:00,58.1,36.3,39.5,39.7,27.6,40.7,0.151,0,0,0.014,0.235,0,0.618,0.745,0.116,0.503,0
09/11/2015 08:00,46.5,29.7,32,35.6,22.7,37.1,0.106,0,0,0.188,0.447,0,0.64,0.707,0.043,0.57,0.05
09/11/2015 09:00,31.2,20.4,20.1,25.3,16.3,29.7,0.061,0,0,0.413,0.596,0,0.594,0.613,0,0.593,0.268
09/11/2015 10:00,12.5,9.8,8.8,15.9,9.4,19.8,0.018,0,0,0.578,0.694,0,0.519,0.464,0,0.569,0.502
09/11/2015 11:00,0.1,1.2,0.3,5.9,3.4,8.7,0,0.023,0,0.676,0.742,0,0.408,0.255,0,0.501,0.604
09/11/2015 12:00,0,0,0,0.2,0.1,0.6,0,0.108,0,0.709,0.745,0.058,0.245,0.009,0,0.39,0.636
09/11/2015 13:00,0,0,0,0,0,0,0,0.211,0,0.699,0.707,0.268,0.117,0,0,0.253,0.665
09/11/2015 14:00,0,0,0,0,0,0,0,0.267,0,0.653,0.623,0.49,0.034,0,0,0.088,0.653
09/11/2015 15:00,0,0,0,0,0,0,0,0.289,0,0.547,0.493,0.639,0,0,0,0.007,0.571
09/11/2015 16:00,0,0,0,0,0,0,0,0.292,0,0.42,0.309,0.725,0,0,0,0,0.466
09/11/2015 17:00,0,0,0,0,0,0,0,0.269,0,0.237,0.064,0.756,0,0,0,0,0.296
09/11/2015 18:00,0,0,0,0,0,0,0,0.226,0.067,0.021,0,0.747,0,0,0,0,0.1
09/11/2015 19:00,0,0,0,0,0,0,0,0.161,0.229,0,0,0.675,0,0,0,0,0
09/11/2015 20:00,0,0,0,0,0,0,0,0.093,0.395,0,0,0.578,0,0,0,0,0
09/11/2015 21:00,0,0,0,0,0,0,0,0.035,0.53,0,0,0.379,0,0,0,0,0
09/11/2015 22:00,0,0,0,0,0,0,0,0,0.619,0,0,0.173,0,0,0.02,0,0
09/11/2015 23:00,0,0,0,0,0,0,0,0,0.659,0,0,0,0,0,0.15,0,0
10/11/2015 00:00,0.9,0,0.8,0,0.1,0,0,0,0.64,0,0,0,0,0,0.321,0,0
10/11/2015 01:00,19.7,4.5,10.5,0.1,1.8,0.5,0.015,0,0.583,0,0,0,0,0,0.423,0,0
10/11/2015 02:00,37.3,15.9,24.1,5,9.4,7.4,0.055,0,0.505,0,0,0,0,0.098,0.485,0,0
10/11/2015 03:00,51.2,27.3,35.6,17.3,18.3,20,0.096,0,0.379,0,0,0,0.075,0.357,0.476,0,0
10/11/2015 04:00,60,34.9,41.4,28.7,25.1,30.7,0.139,0,0.226,0,0,0,0.244,0.552,0.432,0.088,0
10/11/2015 05:00,63.1,38.6,43.3,36,29.3,37.8,0.175,0,0.07,0,0,0,0.419,0.669,0.362,0.254,0
10/11/2015 06:00,60.9,37.9,42.6,37.7,31.2,40.3,0.195,0,0,0,0.033,0,0.545,0.724,0.247,0.407,0
10/11/2015 07:00,54.4,34.7,38.3,37.3,30.6,40.2,0.233,0,0,0.017,0.246,0,0.629,0.733,0.127,0.507,0
10/11/2015 08:00,44.3,28.5,30.9,33.7,26.9,36.8,0.285,0,0,0.215,0.446,0,0.653,0.673,0.039,0.55,0.022
10/11/2015 09:00,29.5,19.7,19.8,27.8,20.1,30.2,0.195,0,0,0.409,0.583,0,0.623,0.559,0,0.552,0.131
10/11/2015 10:00,13.4,9.4,8.2,17.8,12.5,20.2,0.08,0,0,0.506,0.66,0,0.553,0.401,0,0.551,0.278
10/11/2015 11:00,0.1,1.1,0.3,6.8,4.7,8.8,0,0.013,0,0.537,0.695,0,0.413,0.099,0,0.484,0.386
10/11/2015 12:00,0,0,0,0.2,0.1,0.6,0,0.088,0,0.488,0.667,0.055,0.232,0,0,0.375,0.413
10/11/2015 13:00,0,0,0,0,0,0,0,0.171,0,0.435,0.598,0.257,0.112,0,0,0.239,0.379
10/11/2015 14:00,0,0,0,0,0,0,0,0.243,0,0.368,0.474,0.493,0.022,0,0,0.096,0.325
10/11/2015 15:00,0,0,0,0,0,0,0,0.314,0,0.326,0.337,0.648,0,0,0,0.007,0.314
10/11/2015 16:00,0,0,0,0,0,0,0,0.413,0,0.285,0.175,0.73,0,0,0,0,0.282
10/11/2015 17:00,0,0,0,0,0,0,0,0.494,0,0.177,0.019,0.763,0,0,0,0,0.167
10/11/2015 18:00,0,0,0,0,0,0,0,0.503,0.068,0.019,0,0.751,0,0,0,0,0.041
10/11/2015 19:00,0,0,0,0,0,0,0,0.471,0.228,0,0,0.696,0,0,0,0,0
10/11/2015 20:00,0,0,0,0,0,0,0,0.332,0.385,0,0,0.59,0,0,0,0,0
10/11/2015 21:00,0,0,0,0,0,0,0,0.158,0.514,0,0,0.429,0,0,0,0,0
10/11/2015 22:00,0,0,0,0,0,0,0,0.009,0.588,0,0,0.196,0,0,0.005,0,0
10/11/2015 23:00,0,0,0,0,0,0,0,0,0.637,0,0,0,0,0,0.083,0,0
11/11/2015 00:00,0.2,0,0.6,0,0.1,0,0,0,0.63,0,0,0,0,0,0.198,0,0
11/11/2015 01:00,10.6,5.2,9.2,0.1,2.1,0.5,0.161,0,0.535,0,0,0,0,0,0.309,0,0
11/11/2015 02:00,26.4,18,22.3,6.5,10,8.3,0.382,0,0.445,0,0,0,0,0.041,0.347,0,0
11/11/2015 03:00,44.2,29.9,32.7,20.8,19.1,22,0.552,0,0.313,0,0,0,0.086,0.171,0.331,0,0
11/11/2015 04:00,54.6,37.8,38.8,32.5,25.6,32.8,0.683,0,0.161,0,0,0,0.247,0.296,0.328,0.085,0
11/11/2015 05:00,58.4,41.9,41.5,39.3,30.1,39.3,0.728,0,0.042,0,0,0,0.41,0.308,0.297,0.247,0
11/11/2015 06:00,58.5,43.4,41.7,41.7,30.8,40.6,0.716,0,0,0,0.008,0,0.541,0.319,0.232,0.404,0
11/11/2015 07:00,48.2,40.3,37.3,41.5,28.5,40.2,0.656,0,0,0.003,0.119,0,0.599,0.317,0.139,0.522,0
11/11/2015 08:00,36,33.8,29.1,37.7,24.4,36.6,0.526,0,0,0.183,0.263,0,0.58,0.278,0.047,0.589,0.07
11/11/2015 09:00,23,24.3,18.7,30.6,18.7,30,0.344,0,0,0.414,0.381,0,0.515,0.173,0,0.615,0.304
11/11/2015 10:00,7.9,12.4,7.8,20.2,11.4,20.2,0.132,0,0,0.553,0.452,0,0.425,0.092,0,0.591,0.503
11/11/2015 11:00,0,1.9,0.3,8.1,4.3,8.7,0,0.035,0,0.636,0.502,0,0.288,0.028,0,0.527,0.614
11/11/2015 12:00,0,0,0,0.2,0.1,0.6,0,0.184,0,0.679,0.521,0.063,0.182,0,0,0.412,0.611
11/11/2015 13:00,0,0,0,0,0,0,0,0.331,0,0.702,0.493,0.284,0.1,0,0,0.257,0.603
11/11/2015 14:00,0,0,0,0,0,0,0,0.431,0,0.663,0.399,0.526,0.035,0,0,0.075,0.639
11/11/2015 15:00,0,0,0,0,0,0,0,0.464,0,0.531,0.263,0.666,0,0,0,0.005,0.685
11/11/2015 16:00,0,0,0,0,0,0,0,0.484,0,0.379,0.112,0.752,0,0,0,0,0.572
11/11/2015 17:00,0,0,0,0,0,0,0,0.478,0,0.179,0.008,0.77,0,0,0,0,0.393
11/11/2015 18:00,0,0,0,0,0,0,0,0.425,0.044,0.011,0,0.741,0,0,0,0,0.161
11/11/2015 19:00,0,0,0,0,0,0,0,0.299,0.137,0,0,0.681,0,0,0,0,0
11/11/2015 20:00,0,0,0,0,0,0,0,0.155,0.236,0,0,0.551,0,0,0,0,0
11/11/2015 21:00,0,0,0,0,0,0,0,0.058,0.257,0,0,0.4,0,0,0,0,0
11/11/2015 22:00,0,0,0,0,0,0,0,0,0.323,0,0,0.204,0,0,0.016,0,0
11/11/2015 23:00,0,0,0,0,0,0,0,0,0.48,0,0,0,0,0,0.093,0,0
12/11/2015 00:00,0.4,0,0.6,0,0.1,0,0.001,0,0.56,0,0,0,0,0,0.172,0,0
12/11/2015 01:00,15.4,5,8.8,0.1,3.1,0.6,0.179,0,0.554,0,0,0,0,0,0.246,0,0
12/11/2015 02:00,34.8,18.3,22,7.4,13.8,8.8,0.408,0,0.455,0,0,0,0,0.055,0.318,0,0
12/11/2015 03:00,52.5,30.4,32.1,22.5,25.4,22.3,0.542,0,0.297,0,0,0,0.089,0.266,0.356,0,0
12/11/2015 04:00,61.2,38.4,38.7,34,34,33.1,0.646,0,0.162,0,0,0,0.263,0.449,0.363,0.083,0
12/11/2015 05:00,65.1,42.4,41.5,40.7,39.1,39.7,0.694,0,0.048,0,0,0,0.434,0.542,0.285,0.259,0
12/11/2015 06:00,65.2,42.4,40.2,42.2,41.1,42.8,0.702,0,0,0,0.011,0,0.567,0.562,0.191,0.418,0
12/11/2015 07:00,59.1,39.6,36.3,41.6,39.1,42.6,0.647,0,0,0.01,0.17,0,0.651,0.571,0.105,0.533,0
12/11/2015 08:00,48.2,33.3,29.1,37.7,34.4,39.1,0.535,0,0,0.182,0.369,0,0.68,0.521,0.033,0.601,0.067
12/11/2015 09:00,33.3,23.4,18.8,30.4,27.1,31.7,0.318,0,0,0.403,0.509,0,0.665,0.396,0,0.623,0.304
12/11/2015 10:00,15,11.8,7.1,20,17.6,21.8,0.127,0,0,0.559,0.578,0,0.583,0.242,0,0.6,0.503
12/11/2015 11:00,0.1,1.8,0.1,8.1,7,9.9,0,0.034,0,0.665,0.624,0,0.465,0.088,0,0.533,0.599
12/11/2015 12:00,0,0,0,0.3,0.3,0.7,0,0.153,0,0.707,0.626,0.065,0.317,0,0,0.418,0.575
12/11/2015 13:00,0,0,0,0,0,0,0,0.244,0,0.711,0.608,0.298,0.151,0,0,0.258,0.491
12/11/2015 14:00,0,0,0,0,0,0,0,0.313,0,0.67,0.538,0.529,0.04,0,0,0.069,0.512
12/11/2015 15:00,0,0,0,0,0,0,0,0.354,0,0.579,0.384,0.679,0,0,0,0.005,0.535
12/11/2015 16:00,0,0,0,0,0,0,0,0.383,0,0.431,0.178,0.759,0,0,0,0,0.396
12/11/2015 17:00,0,0,0,0,0,0,0,0.392,0,0.225,0.022,0.79,0,0,0,0,0.21
12/11/2015 18:00,0,0,0,0,0,0,0,0.341,0.07,0.017,0,0.775,0,0,0,0,0.066
12/11/2015 19:00,0,0,0,0,0,0,0,0.259,0.228,0,0,0.712,0,0,0,0,0
12/11/2015 20:00,0,0,0,0,0,0,0,0.164,0.38,0,0,0.599,0,0,0,0,0
12/11/2015 21:00,0,0,0,0,0,0,0,0.074,0.496,0,0,0.421,0,0,0,0,0
12/11/2015 22:00,0,0,0,0,0,0,0,0.003,0.579,0,0,0.216,0,0,0.011,0,0
12/11/2015 23:00,0,0,0,0,0,0,0,0,0.64,0,0,0,0,0,0.096,0,0
13/11/2015 00:00,0.6,0,0.8,0,0.1,0,0,0,0.642,0,0,0,0,0,0.191,0,0
13/11/2015 01:00,17.6,4.9,9.4,0.1,1.8,0.6,0.126,0,0.588,0,0,0,0,0,0.286,0,0
13/11/2015 02:00,36.7,18,21.4,6.3,9.6,9.1,0.327,0,0.503,0,0,0,0,0.003,0.355,0,0
13/11/2015 03:00,51.1,29.8,31.5,19.6,18.1,22.7,0.5,0,0.377,0,0,0,0.057,0.041,0.359,0,0
13/11/2015 04:00,60.6,37.6,38.2,30.6,24.4,33.3,0.624,0,0.224,0,0,0,0.186,0.08,0.325,0.082,0
13/11/2015 05:00,64.2,41.6,41.1,37.2,29.3,39.9,0.688,0,0.073,0,0,0,0.358,0.136,0.246,0.259,0
13/11/2015 06:00,63.8,43.3,42.1,40.9,31.8,42.5,0.716,0,0,0,0.004,0,0.529,0.17,0.167,0.418,0
13/11/2015 07:00,57.5,40.4,38.2,40.5,31.2,42.4,0.664,0,0,0.015,0.094,0,0.634,0.176,0.086,0.532,0
13/11/2015 08:00,47.3,34,30.9,36.6,28,39,0.559,0,0,0.212,0.222,0,0.67,0.176,0.023,0.599,0.068
13/11/2015 09:00,32.3,24.4,19.9,25.3,21.8,31,0.381,0,0,0.435,0.381,0,0.646,0.145,0,0.62,0.268
13/11/2015 10:00,14.4,12.5,7.2,15.5,13.8,21.1,0.164,0,0,0.589,0.528,0,0.566,0.095,0,0.596,0.448
13/11/2015 11:00,0.1,1.9,0.2,5.5,5.4,9.4,0,0.085,0,0.682,0.621,0,0.439,0.036,0,0.526,0.595
13/11/2015 12:00,0,0,0,0.1,0.1,0.6,0,0.32,0,0.692,0.598,0.07,0.22,0,0,0.411,0.637
13/11/2015 13:00,0,0,0,0,0,0,0,0.485,0,0.694,0.578,0.31,0.084,0,0,0.253,0.592
13/11/2015 14:00,0,0,0,0,0,0,0,0.603,0,0.648,0.518,0.523,0.015,0,0,0.068,0.527
13/11/2015 15:00,0,0,0,0,0,0,0,0.667,0,0.549,0.38,0.671,0,0,0,0.005,0.465
13/11/2015 16:00,0,0,0,0,0,0,0,0.685,0,0.396,0.188,0.752,0,0,0,0,0.463
13/11/2015 17:00,0,0,0,0,0,0,0,0.664,0,0.184,0.027,0.782,0,0,0,0,0.338
13/11/2015 18:00,0,0,0,0,0,0,0,0.593,0.064,0.009,0,0.76,0,0,0,0,0.134
13/11/2015 19:00,0,0,0,0,0,0,0,0.479,0.204,0,0,0.69,0,0,0,0,0
13/11/2015 20:00,0,0,0,0,0,0,0,0.307,0.365,0,0,0.583,0,0,0,0,0
13/11/2015 21:00,0,0,0,0,0,0,0,0.128,0.495,0,0,0.38,0,0,0,0,0
13/11/2015 22:00,0,0,0,0,0,0,0,0.006,0.586,0,0,0.182,0,0,0.001,0,0
13/11/2015 23:00,0,0,0,0,0,0,0,0,0.619,0,0,0,0,0,0.048,0,0
14/11/2015 00:00,0.1,0,0.5,0,0.1,0,0.001,0,0.631,0,0,0,0,0,0.093,0,0
14/11/2015 01:00,8.3,4.9,8,0.1,1.9,0.5,0.196,0,0.59,0,0,0,0,0,0.146,0,0
14/11/2015 02:00,20.7,17.7,20.5,4.5,8.9,7.8,0.431,0,0.496,0,0,0,0,0.001,0.192,0,0
14/11/2015 03:00,35.8,29.1,31.2,16.6,16.5,20.6,0.589,0,0.395,0,0,0,0.09,0.046,0.196,0,0
14/11/2015 04:00,45.6,36.8,37.5,28.2,22.6,31.3,0.692,0,0.226,0,0,0,0.256,0.15,0.145,0.084,0
14/11/2015 05:00,50.8,41.1,39.7,35.7,26.2,38,0.74,0,0.071,0,0,0,0.429,0.233,0.097,0.241,0
14/11/2015 06:00,49.2,41.1,38.7,39.6,27.8,41.1,0.741,0,0,0,0.021,0,0.563,0.215,0.085,0.389,0
14/11/2015 07:00,42.9,38.4,34.7,39.4,27.6,41.2,0.692,0,0,0.008,0.211,0,0.642,0.137,0.063,0.511,0
14/11/2015 08:00,33.7,32,26.9,35.7,24.6,38,0.592,0,0,0.163,0.409,0,0.662,0.104,0.016,0.583,0.039
14/11/2015 09:00,20.6,22.1,16.6,29.7,19.5,31.6,0.433,0,0,0.371,0.535,0,0.597,0.056,0,0.605,0.214
14/11/2015 10:00,6.5,10.7,6,19.3,12.7,21.8,0.205,0,0,0.528,0.614,0,0.513,0.038,0,0.569,0.406
14/11/2015 11:00,0,1.6,0.1,7.5,5,9.9,0,0.076,0,0.629,0.664,0,0.405,0.008,0,0.505,0.531
14/11/2015 12:00,0,0,0,0.2,0.1,0.6,0,0.297,0,0.681,0.655,0.067,0.235,0,0,0.387,0.534
14/11/2015 13:00,0,0,0,0,0,0,0,0.482,0,0.682,0.613,0.301,0.11,0,0,0.239,0.479
14/11/2015 14:00,0,0,0,0,0,0,0,0.599,0,0.638,0.534,0.514,0.019,0,0,0.083,0.424
14/11/2015 15:00,0,0,0,0,0,0,0,0.659,0,0.539,0.413,0.668,0,0,0,0.007,0.362
14/11/2015 16:00,0,0,0,0,0,0,0,0.645,0,0.387,0.227,0.746,0,0,0,0,0.237
14/11/2015 17:00,0,0,0,0,0,0,0,0.56,0,0.187,0.033,0.781,0,0,0,0,0.092
14/11/2015 18:00,0,0,0,0,0,0,0,0.469,0.071,0.011,0,0.768,0,0,0,0,0.021
14/11/2015 19:00,0,0,0,0,0,0,0,0.349,0.233,0,0,0.704,0,0,0,0,0
14/11/2015 20:00,0,0,0,0,0,0,0,0.195,0.401,0,0,0.59,0,0,0,0,0
14/11/2015 21:00,0,0,0,0,0,0,0,0.074,0.519,0,0,0.391,0,0,0,0,0
14/11/2015 22:00,0,0,0,0,0,0,0,0.001,0.599,0,0,0.206,0,0,0,0,0
14/11/2015 23:00,0,0,0,0,0,0,0,0,0.645,0,0,0,0,0,0.038,0,0
15/11/2015 00:00,0,0,0.5,0,0.1,0,0,0,0.642,0,0,0,0,0,0.092,0,0
15/11/2015 01:00,6.8,3.7,7.9,0.1,1.6,0.5,0.194,0,0.585,0,0,0,0,0,0.147,0,0
15/11/2015 02:00,22.5,14.9,20.9,5.4,8.3,9,0.43,0,0.506,0,0,0,0,0.025,0.211,0,0
15/11/2015 03:00,40.6,26.4,31.1,18.5,16,23.2,0.592,0,0.382,0,0,0,0.094,0.211,0.265,0,0
15/11/2015 04:00,52.5,34,37.5,30.2,22,34,0.694,0,0.225,0,0,0,0.256,0.431,0.291,0.086,0
15/11/2015 05:00,55,38,40.2,37.3,25.5,40.4,0.742,0,0.075,0,0,0,0.427,0.499,0.282,0.244,0
15/11/2015 06:00,50,37.7,39.4,41.1,26.8,43.6,0.738,0,0,0,0.021,0,0.55,0.527,0.244,0.375,0
15/11/2015 07:00,42.4,34.2,35.1,40.6,26,43.3,0.688,0,0,0.009,0.205,0,0.627,0.509,0.15,0.468,0
15/11/2015 08:00,29.1,27.9,27.6,36.7,23,39.9,0.586,0,0,0.175,0.406,0,0.628,0.417,0.054,0.515,0.042
15/11/2015 09:00,17.9,19.8,17.7,28.5,17.4,32.4,0.421,0,0,0.386,0.552,0,0.457,0.346,0,0.533,0.215
15/11/2015 10:00,5.3,9.2,6.4,17.8,11,22.5,0.193,0,0,0.533,0.642,0,0.286,0.108,0,0.507,0.351
15/11/2015 11:00,0,1.2,0.1,6.3,4.2,10.3,0,0.01,0,0.634,0.686,0,0.162,0.007,0,0.448,0.469
15/11/2015 12:00,0,0,0,0.1,0.1,0.7,0,0.082,0,0.651,0.698,0.043,0.095,0,0,0.348,0.581
15/11/2015 13:00,0,0,0,0,0,0,0,0.181,0,0.656,0.656,0.239,0.042,0,0,0.227,0.663
15/11/2015 14:00,0,0,0,0,0,0,0,0.272,0,0.613,0.565,0.444,0.006,0,0,0.095,0.668
15/11/2015 15:00,0,0,0,0,0,0,0,0.344,0,0.557,0.42,0.605,0,0,0,0.005,0.579
15/11/2015 16:00,0,0,0,0,0,0,0,0.354,0,0.411,0.233,0.699,0,0,0,0,0.438
15/11/2015 17:00,0,0,0,0,0,0,0,0.346,0,0.192,0.037,0.731,0,0,0,0,0.296
15/11/2015 18:00,0,0,0,0,0,0,0,0.312,0.062,0.008,0,0.696,0,0,0,0,0.127
15/11/2015 19:00,0,0,0,0,0,0,0,0.237,0.2,0,0,0.582,0,0,0,0,0
15/11/2015 20:00,0,0,0,0,0,0,0,0.175,0.348,0,0,0.429,0,0,0,0,0
15/11/2015 21:00,0,0,0,0,0,0,0,0.081,0.46,0,0,0.267,0,0,0,0,0
15/11/2015 22:00,0,0,0,0,0,0,0,0.002,0.538,0,0,0.116,0,0,0.006,0,0
15/11/2015 23:00,0,0,0,0,0,0,0,0,0.604,0,0,0,0,0,0.077,0,0
16/11/2015 00:00,0,0,0.5,0,0.1,0,0,0,0.625,0,0,0,0,0,0.185,0,0
16/11/2015 01:00,5.3,3.6,7.8,0.1,1.6,0.4,0.168,0,0.583,0,0,0,0,0,0.291,0,0
16/11/2015 02:00,16.6,14,19.9,6,7.4,8.1,0.4,0,0.52,0,0,0,0,0.059,0.388,0,0
16/11/2015 03:00,28.6,24.7,30.2,20.7,14.1,21.6,0.571,0,0.39,0,0,0,0.064,0.29,0.434,0,0
16/11/2015 04:00,36.7,31.8,36.6,32.9,20,31.8,0.676,0,0.229,0,0,0,0.202,0.491,0.392,0.084,0
16/11/2015 05:00,40,36,39.1,40.1,24.4,38.3,0.726,0,0.075,0,0,0,0.344,0.621,0.29,0.242,0
16/11/2015 06:00,39.8,36.5,36.8,44.1,25.8,41.5,0.712,0,0,0,0.016,0,0.455,0.653,0.2,0.384,0
16/11/2015 07:00,34,34,32.5,43.8,23.1,41.5,0.657,0,0,0,0.186,0,0.429,0.641,0.119,0.489,0
16/11/2015 08:00,24.8,27.8,25.3,40.1,19.1,38.3,0.523,0,0,0.066,0.392,0,0.42,0.581,0.037,0.56,0.045
16/11/2015 09:00,15.1,18.1,15.7,32.4,14,31.3,0.325,0,0,0.136,0.517,0,0.369,0.482,0,0.577,0.227
16/11/2015 10:00,4.5,7.9,5.2,22,8.1,21.4,0.107,0,0,0.19,0.604,0,0.349,0.31,0,0.543,0.444
16/11/2015 11:00,0,0.8,0.1,9.3,2.8,9.4,0,0.005,0,0.233,0.653,0,0.23,0.138,0,0.477,0.615
16/11/2015 12:00,0,0,0,0.2,0.1,0.6,0,0.066,0,0.282,0.663,0.052,0.131,0,0,0.317,0.709
16/11/2015 13:00,0,0,0,0,0,0,0,0.145,0,0.306,0.61,0.248,0.066,0,0,0.19,0.749
16/11/2015 14:00,0,0,0,0,0,0,0,0.201,0,0.29,0.532,0.483,0.014,0,0,0.079,0.745
16/11/2015 15:00,0,0,0,0,0,0,0,0.201,0,0.231,0.417,0.65,0,0,0,0.002,0.666
16/11/2015 16:00,0,0,0,0,0,0,0,0.235,0,0.157,0.242,0.737,0,0,0,0,0.497
16/11/2015 17:00,0,0,0,0,0,0,0,0.285,0,0.065,0.038,0.757,0,0,0,0,0.29
16/11/2015 18:00,0,0,0,0,0,0,0,0.293,0.066,0,0,0.717,0,0,0,0,0.114
16/11/2015 19:00,0,0,0,0,0,0,0,0.258,0.214,0,0,0.617,0,0,0,0,0
16/11/2015 20:00,0,0,0,0,0,0,0,0.174,0.364,0,0,0.481,0,0,0,0,0
16/11/2015 21:00,0,0,0,0,0,0,0,0.075,0.475,0,0,0.264,0,0,0,0,0
16/11/2015 22:00,0,0,0,0,0,0,0,0.002,0.615,0,0,0.085,0,0,0.009,0,0
16/11/2015 23:00,0,0,0,0,0,0,0,0,0.645,0,0,0,0,0,0.097,0,0
17/11/2015 00:00,0.1,0,0.6,0,0.4,0,0,0,0.656,0,0,0,0,0,0.163,0,0
17/11/2015 01:00,11.3,3,7.2,0.1,3.5,0.5,0.106,0,0.612,0,0,0,0,0,0.217,0,0
17/11/2015 02:00,32.1,12.4,18,10.2,13.3,9.4,0.306,0,0.526,0,0,0,0,0.051,0.256,0,0
17/11/2015 03:00,48.8,21.1,26.3,27.3,24.1,24,0.477,0,0.402,0,0,0,0.053,0.275,0.252,0,0
17/11/2015 04:00,58.1,27.6,32.9,38.8,32.6,34.9,0.604,0,0.238,0,0,0,0.219,0.48,0.227,0.087,0
17/11/2015 05:00,61.9,30.9,34.9,45,37.9,41.4,0.663,0,0.072,0,0,0,0.378,0.615,0.189,0.237,0
17/11/2015 06:00,61.6,31.2,32.4,47.7,39.1,44.4,0.655,0,0,0,0.016,0,0.483,0.704,0.126,0.39,0
17/11/2015 07:00,54.5,28.7,28.2,47.2,37.8,44.1,0.592,0,0,0,0.165,0,0.548,0.719,0.076,0.5,0
17/11/2015 08:00,40.3,23.3,21.8,43.5,32.8,40.6,0.431,0,0,0.055,0.333,0,0.56,0.681,0.023,0.545,0.04
17/11/2015 09:00,23.5,15.4,12.9,36.1,25,33.1,0.265,0,0,0.118,0.416,0,0.554,0.578,0,0.541,0.192
17/11/2015 10:00,7.8,6.7,4.1,25.4,15.1,23.1,0.091,0,0,0.182,0.542,0,0.535,0.426,0,0.466,0.29
17/11/2015 11:00,0,0.6,0.1,11.9,5.5,10.8,0,0.023,0,0.264,0.592,0,0.459,0.2,0,0.36,0.342
17/11/2015 12:00,0,0,0,0.3,0.2,0.7,0,0.129,0,0.325,0.591,0.042,0.324,0,0,0.256,0.39
17/11/2015 13:00,0,0,0,0,0,0,0,0.245,0,0.356,0.554,0.232,0.165,0,0,0.153,0.403
17/11/2015 14:00,0,0,0,0,0,0,0,0.342,0,0.322,0.476,0.472,0.045,0,0,0.067,0.387
17/11/2015 15:00,0,0,0,0,0,0,0,0.371,0,0.199,0.329,0.636,0,0,0,0.001,0.329
17/11/2015 16:00,0,0,0,0,0,0,0,0.41,0,0.115,0.156,0.725,0,0,0,0,0.232
17/11/2015 17:00,0,0,0,0,0,0,0,0.397,0,0.05,0.017,0.77,0,0,0,0,0.11
17/11/2015 18:00,0,0,0,0,0,0,0,0.339,0.065,0.001,0,0.755,0,0,0,0,0.031
17/11/2015 19:00,0,0,0,0,0,0,0,0.256,0.217,0,0,0.705,0,0,0,0,0
17/11/2015 20:00,0,0,0,0,0,0,0,0.151,0.384,0,0,0.599,0,0,0,0,0
17/11/2015 21:00,0,0,0,0,0,0,0,0.061,0.523,0,0,0.441,0,0,0,0,0
17/11/2015 22:00,0,0,0,0,0,0,0,0,0.61,0,0,0.214,0,0,0.003,0,0
17/11/2015 23:00,0,0,0,0,0,0,0,0,0.668,0,0,0,0,0,0.063,0,0
18/11/2015 00:00,0.1,0,0.1,0,0.3,0,0,0,0.68,0,0,0,0,0,0.135,0,0
18/11/2015 01:00,11.2,3.1,4.1,0.1,3,0.5,0.119,0,0.653,0,0,0,0,0,0.195,0,0
18/11/2015 02:00,30.5,13,13,10.3,11.9,9.8,0.337,0,0.542,0,0,0,0,0.039,0.232,0,0
18/11/2015 03:00,44.6,23.6,22,27.3,21.6,24.7,0.516,0,0.404,0,0,0,0.064,0.264,0.252,0,0
18/11/2015 04:00,52.7,31.7,28,38.6,29.7,35.5,0.633,0,0.236,0,0,0,0.193,0.523,0.274,0.084,0
18/11/2015 05:00,55.4,36.6,30.9,44.8,34,41.9,0.689,0,0.077,0,0,0,0.334,0.668,0.241,0.241,0
18/11/2015 06:00,52.3,38.9,30.9,47.3,34.3,43.6,0.675,0,0,0,0.016,0,0.429,0.727,0.185,0.39,0
18/11/2015 07:00,41.4,36.6,27.3,46.8,31.9,43.3,0.618,0,0,0,0.17,0,0.506,0.734,0.11,0.501,0
18/11/2015 08:00,27.8,30.5,20.9,43,27.7,39.7,0.502,0,0,0.032,0.324,0,0.528,0.694,0.041,0.567,0.042
18/11/2015 09:00,12.8,21.2,12,35.5,20.7,32.6,0.323,0,0,0.11,0.41,0,0.516,0.592,0,0.583,0.145
18/11/2015 10:00,3.6,10.5,4.2,24.9,12.5,22.5,0.117,0,0,0.238,0.479,0,0.466,0.439,0,0.509,0.186
18/11/2015 11:00,0,1.5,0.1,11.6,4.6,10.1,0,0.001,0,0.382,0.503,0,0.373,0.229,0,0.464,0.267
18/11/2015 12:00,0,0,0,0.3,0.1,0.6,0,0.039,0,0.471,0.491,0.071,0.243,0.001,0,0.307,0.367
18/11/2015 13:00,0,0,0,0,0,0,0,0.107,0,0.492,0.438,0.331,0.143,0,0,0.179,0.55
18/11/2015 14:00,0,0,0,0,0,0,0,0.214,0,0.418,0.342,0.55,0.045,0,0,0.075,0.633
18/11/2015 15:00,0,0,0,0,0,0,0,0.32,0,0.29,0.223,0.688,0,0,0,0.001,0.61
18/11/2015 16:00,0,0,0,0,0,0,0,0.389,0,0.164,0.093,0.769,0,0,0,0,0.47
18/11/2015 17:00,0,0,0,0,0,0,0,0.393,0,0.09,0.006,0.792,0,0,0,0,0.2
18/11/2015 18:00,0,0,0,0,0,0,0,0.335,0.052,0.003,0,0.76,0,0,0,0,0.037
18/11/2015 19:00,0,0,0,0,0,0,0,0.251,0.196,0,0,0.691,0,0,0,0,0
18/11/2015 20:00,0,0,0,0,0,0,0,0.163,0.36,0,0,0.564,0,0,0,0,0
18/11/2015 21:00,0,0,0,0,0,0,0,0.068,0.483,0,0,0.298,0,0,0,0,0
18/11/2015 22:00,0,0,0,0,0,0,0,0.001,0.537,0,0,0.125,0,0,0.013,0,0
18/11/2015 23:00,0,0,0,0,0,0,0,0,0.552,0,0,0,0,0,0.134,0,0
19/11/2015 00:00,0.2,0,0.3,0,0.1,0,0,0,0.531,0,0,0,0,0,0.34,0,0
19/11/2015 01:00,15.9,4.5,6.7,0.1,1.9,0.6,0.084,0,0.466,0,0,0,0,0,0.51,0,0
19/11/2015 02:00,36.3,17.4,18.6,9.9,9.9,9.6,0.26,0,0.408,0,0,0,0,0.074,0.599,0,0
19/11/2015 03:00,52.9,28.7,31.5,26.9,18.6,24,0.395,0,0.333,0,0,0,0.088,0.275,0.642,0,0
19/11/2015 04:00,61.8,36.3,38,38.4,26,34.9,0.505,0,0.214,0,0,0,0.265,0.474,0.647,0.077,0
19/11/2015 05:00,65.2,40,41,44.5,29.9,41.3,0.581,0,0.073,0,0,0,0.435,0.622,0.595,0.234,0
19/11/2015 06:00,64.7,38.8,39.1,46.4,30.3,44.1,0.622,0,0,0,0.026,0,0.563,0.68,0.493,0.397,0
19/11/2015 07:00,59.1,35.5,35.1,45.9,28.2,43.7,0.567,0,0,0.002,0.234,0,0.64,0.72,0.339,0.511,0
19/11/2015 08:00,48.8,28.9,28,42,23.9,40,0.455,0,0,0.118,0.443,0,0.661,0.678,0.15,0.579,0.047
19/11/2015 09:00,33.8,19.7,18,33.9,18.2,32.6,0.278,0,0,0.321,0.591,0,0.619,0.523,0,0.594,0.234
19/11/2015 10:00,15.1,9.3,6.5,23.3,11.3,22.4,0.099,0,0,0.491,0.685,0,0.525,0.325,0,0.572,0.424
19/11/2015 11:00,0,1.2,0.1,10.1,4.1,10.1,0,0.027,0,0.598,0.729,0,0.402,0.114,0,0.505,0.576
19/11/2015 12:00,0,0,0,0.2,0.1,0.6,0,0.148,0,0.614,0.729,0.038,0.292,0,0,0.393,0.681
19/11/2015 13:00,0,0,0,0,0,0,0,0.269,0,0.579,0.684,0.217,0.159,0,0,0.239,0.722
19/11/2015 14:00,0,0,0,0,0,0,0,0.343,0,0.504,0.588,0.403,0.045,0,0,0.074,0.706
19/11/2015 15:00,0,0,0,0,0,0,0,0.393,0,0.411,0.444,0.509,0,0,0,0.007,0.637
19/11/2015 16:00,0,0,0,0,0,0,0,0.428,0,0.295,0.211,0.619,0,0,0,0,0.513
19/11/2015 17:00,0,0,0,0,0,0,0,0.424,0,0.16,0.024,0.632,0,0,0,0,0.325
19/11/2015 18:00,0,0,0,0,0,0,0,0.377,0.064,0.009,0,0.64,0,0,0,0,0.103
19/11/2015 19:00,0,0,0,0,0,0,0,0.268,0.211,0,0,0.515,0,0,0,0,0
19/11/2015 20:00,0,0,0,0,0,0,0,0.159,0.372,0,0,0.349,0,0,0,0,0
19/11/2015 21:00,0,0,0,0,0,0,0,0.055,0.491,0,0,0.179,0,0,0,0,0
19/11/2015 22:00,0,0,0,0,0,0,0,0,0.557,0,0,0.077,0,0,0.013,0,0
19/11/2015 23:00,0,0,0,0,0,0,0,0,0.615,0,0,0,0,0,0.101,0,0
20/11/2015 00:00,0.4,0,0.8,0,0.1,0,0,0,0.606,0,0,0,0,0,0.19,0,0
20/11/2015 01:00,19.3,3.9,10.2,0.1,2,0.5,0.039,0,0.563,0,0,0,0,0,0.285,0,0
20/11/2015 02:00,39.7,16,23.5,8.1,10.1,9.5,0.117,0,0.491,0,0,0,0,0.029,0.359,0,0
20/11/2015 03:00,54.1,27.8,34,24.5,19.6,24.4,0.231,0,0.372,0,0,0,0.071,0.237,0.402,0,0
20/11/2015 04:00,62.2,35.8,40.6,36.3,28.2,35.3,0.343,0,0.226,0,0,0,0.211,0.485,0.408,0.078,0
20/11/2015 05:00,65.4,40,43.4,42.8,33.1,41.7,0.486,0,0.077,0,0,0,0.306,0.619,0.387,0.243,0
20/11/2015 06:00,65.2,42.4,43.6,44.7,34.7,43.7,0.563,0,0,0,0.025,0,0.383,0.66,0.326,0.397,0
20/11/2015 07:00,59.6,39.4,39.7,44.2,33.5,43.1,0.578,0,0,0.01,0.229,0,0.465,0.674,0.234,0.508,0
20/11/2015 08:00,49.4,33.1,32.3,40.4,29.1,39.5,0.48,0,0,0.189,0.433,0,0.549,0.622,0.105,0.576,0.047
20/11/2015 09:00,34.4,23.6,21.4,31,21.8,31.5,0.316,0,0,0.413,0.546,0,0.53,0.443,0,0.594,0.243
20/11/2015 10:00,15.6,11.6,8.3,20.3,12.7,21.3,0.112,0,0,0.572,0.64,0,0.452,0.291,0,0.563,0.448
20/11/2015 11:00,0,1.4,0.1,7.9,4.6,9.3,0,0.008,0,0.672,0.684,0,0.332,0.131,0,0.482,0.606
20/11/2015 12:00,0,0,0,0.1,0.1,0.5,0,0.081,0,0.694,0.686,0.047,0.202,0,0,0.364,0.714
20/11/2015 13:00,0,0,0,0,0,0,0,0.195,0,0.699,0.639,0.259,0.121,0,0,0.223,0.745
20/11/2015 14:00,0,0,0,0,0,0,0,0.298,0,0.663,0.53,0.447,0.037,0,0,0.091,0.721
20/11/2015 15:00,0,0,0,0,0,0,0,0.403,0,0.573,0.37,0.567,0,0,0,0.006,0.632
20/11/2015 16:00,0,0,0,0,0,0,0,0.444,0,0.429,0.193,0.659,0,0,0,0,0.486
20/11/2015 17:00,0,0,0,0,0,0,0,0.417,0,0.225,0.024,0.707,0,0,0,0,0.264
20/11/2015 18:00,0,0,0,0,0,0,0,0.349,0.061,0.015,0,0.646,0,0,0,0,0.06
20/11/2015 19:00,0,0,0,0,0,0,0,0.256,0.199,0,0,0.594,0,0,0,0,0
20/11/2015 20:00,0,0,0,0,0,0,0,0.134,0.322,0,0,0.497,0,0,0,0,0
20/11/2015 21:00,0,0,0,0,0,0,0,0.046,0.436,0,0,0.312,0,0,0,0,0
20/11/2015 22:00,0,0,0,0,0,0,0,0,0.503,0,0,0.118,0,0,0.013,0,0
20/11/2015 23:00,0,0,0,0,0,0,0,0,0.548,0,0,0,0,0,0.121,0,0
21/11/2015 00:00,0.3,0,0.8,0,0.3,0,0,0,0.554,0,0,0,0,0,0.233,0,0
21/11/2015 01:00,19.3,5.3,11,0.1,2.8,0.4,0.115,0,0.514,0,0,0,0,0,0.298,0,0
21/11/2015 02:00,39.3,19.4,24.9,5.7,11.6,8.5,0.335,0,0.448,0,0,0,0,0.002,0.336,0,0
21/11/2015 03:00,53.3,31.4,35.4,20.4,22.3,22.6,0.528,0,0.341,0,0,0,0.055,0.057,0.361,0,0
21/11/2015 04:00,61.3,39.1,41.7,32.6,30.4,33.4,0.648,0,0.213,0,0,0,0.191,0.133,0.353,0.078,0
21/11/2015 05:00,64.4,43,44.4,39.7,34.9,39.8,0.705,0,0.081,0,0,0,0.344,0.179,0.304,0.198,0
21/11/2015 06:00,62.6,42.8,43.5,42.7,36.3,42.3,0.701,0,0,0,0.002,0,0.483,0.184,0.23,0.314,0
21/11/2015 07:00,57.5,39.8,39.5,42.3,34.8,41.7,0.65,0,0,0.012,0.081,0,0.52,0.186,0.145,0.409,0
21/11/2015 08:00,46.5,33.5,32.2,38.6,30.5,37.9,0.542,0,0,0.209,0.19,0,0.551,0.206,0.057,0.49,0.066
21/11/2015 09:00,32.2,22.9,21.4,32.4,23.4,30.3,0.374,0,0,0.433,0.273,0,0.496,0.192,0,0.533,0.307
21/11/2015 10:00,14.3,11,8.3,21.8,14.6,20.1,0.147,0,0,0.587,0.315,0,0.433,0.112,0,0.531,0.513
21/11/2015 11:00,0,1.3,0.1,9.2,5.5,8.6,0,0.023,0,0.682,0.328,0,0.362,0.036,0,0.477,0.654
21/11/2015 12:00,0,0,0,0.1,0.1,0.5,0,0.126,0,0.736,0.308,0.038,0.245,0,0,0.367,0.752
21/11/2015 13:00,0,0,0,0,0,0,0,0.234,0,0.737,0.265,0.213,0.124,0,0,0.237,0.783
21/11/2015 14:00,0,0,0,0,0,0,0,0.333,0,0.693,0.199,0.417,0.03,0,0,0.097,0.758
21/11/2015 15:00,0,0,0,0,0,0,0,0.419,0,0.593,0.124,0.607,0,0,0,0.007,0.648
21/11/2015 16:00,0,0,0,0,0,0,0,0.456,0,0.449,0.051,0.688,0,0,0,0,0.382
21/11/2015 17:00,0,0,0,0,0,0,0,0.433,0,0.248,0.001,0.727,0,0,0,0,0.127
21/11/2015 18:00,0,0,0,0,0,0,0,0.365,0.041,0.019,0,0.677,0,0,0,0,0.021
21/11/2015 19:00,0,0,0,0,0,0,0,0.284,0.127,0,0,0.618,0,0,0,0,0
21/11/2015 20:00,0,0,0,0,0,0,0,0.162,0.205,0,0,0.512,0,0,0,0,0
21/11/2015 21:00,0,0,0,0,0,0,0,0.05,0.253,0,0,0.326,0,0,0,0,0
21/11/2015 22:00,0,0,0,0,0,0,0,0,0.33,0,0,0.125,0,0,0.008,0,0
21/11/2015 23:00,0,0,0,0,0,0,0,0,0.353,0,0,0,0,0,0.097,0,0
22/11/2015 00:00,0.3,0,0.8,0,0.3,0,0,0,0.371,0,0,0,0,0,0.213,0,0
22/11/2015 01:00,18.5,4.8,10.4,0,2.9,0.3,0.152,0,0.377,0,0,0,0,0,0.325,0,0
22/11/2015 02:00,38,18.1,23.6,5.6,10.9,5.6,0.39,0,0.369,0,0,0,0,0,0.384,0,0
22/11/2015 03:00,52.3,29.7,33.7,20,20.3,15.8,0.567,0,0.298,0,0,0,0.075,0.034,0.379,0,0
22/11/2015 04:00,61.1,37.3,40,32,27.3,25,0.671,0,0.181,0,0,0,0.212,0.078,0.373,0.082,0
22/11/2015 05:00,64.5,41.1,42.8,39.1,31.8,30.9,0.716,0,0.059,0,0,0,0.388,0.138,0.344,0.227,0
22/11/2015 06:00,62.6,43.1,43.5,43.3,33.8,33.1,0.694,0,0,0,0,0,0.56,0.167,0.293,0.372,0
22/11/2015 07:00,55.9,40.2,39.4,42.8,32.5,32.4,0.651,0,0,0.013,0.058,0,0.644,0.176,0.204,0.487,0
22/11/2015 08:00,42.9,33.8,32,38.8,28.5,28.7,0.539,0,0,0.214,0.158,0,0.65,0.119,0.09,0.559,0.084
22/11/2015 09:00,28.9,24,21.3,29.2,21.6,22,0.375,0,0,0.436,0.259,0,0.59,0.088,0,0.584,0.292
22/11/2015 10:00,11.7,11.8,8.2,18.7,13,13.8,0.133,0,0,0.59,0.33,0,0.512,0.049,0,0.56,0.49
22/11/2015 11:00,0,1.4,0.1,6.9,4.3,5.6,0,0.013,0,0.684,0.373,0,0.349,0.018,0,0.49,0.63
22/11/2015 12:00,0,0,0,0.1,0.1,0.3,0,0.093,0,0.729,0.373,0.054,0.227,0,0,0.376,0.693
22/11/2015 13:00,0,0,0,0,0,0,0,0.184,0,0.728,0.332,0.268,0.122,0,0,0.232,0.712
22/11/2015 14:00,0,0,0,0,0,0,0,0.24,0,0.683,0.262,0.499,0.033,0,0,0.087,0.678
22/11/2015 15:00,0,0,0,0,0,0,0,0.29,0,0.602,0.172,0.666,0,0,0,0.003,0.573
22/11/2015 16:00,0,0,0,0,0,0,0,0.327,0,0.459,0.085,0.755,0,0,0,0,0.423
22/11/2015 17:00,0,0,0,0,0,0,0,0.328,0,0.258,0.006,0.783,0,0,0,0,0.223
22/11/2015 18:00,0,0,0,0,0,0,0,0.297,0.073,0.02,0,0.765,0,0,0,0,0.059
22/11/2015 19:00,0,0,0,0,0,0,0,0.23,0.242,0,0,0.701,0,0,0,0,0
22/11/2015 20:00,0,0,0,0,0,0,0,0.151,0.416,0,0,0.557,0,0,0,0,0
22/11/2015 21:00,0,0,0,0,0,0,0,0.064,0.555,0,0,0.379,0,0,0,0,0
22/11/2015 22:00,0,0,0,0,0,0,0,0,0.628,0,0,0.156,0,0,0.011,0,0
22/11/2015 23:00,0,0,0,0,0,0,0,0,0.646,0,0,0,0,0,0.113,0,0
23/11/2015 00:00,0.2,0,0.7,0,0.3,0,0,0,0.635,0,0,0,0,0,0.245,0,0
23/11/2015 01:00,14.1,5,10,0,2.5,0.2,0.103,0,0.596,0,0,0,0,0,0.37,0,0
23/11/2015 02:00,32.2,18.3,23.9,4.2,10.1,5,0.321,0,0.499,0,0,0,0,0.032,0.466,0,0
23/11/2015 03:00,49,29.8,34,16.5,19.8,15.2,0.446,0,0.378,0,0,0,0.043,0.218,0.505,0,0
23/11/2015 04:00,57.6,37.7,40.9,27.2,27.6,25.1,0.587,0,0.227,0,0,0,0.136,0.429,0.496,0.083,0
23/11/2015 05:00,59,41.5,43.7,32.9,32.6,32,0.638,0,0.078,0,0,0,0.222,0.576,0.446,0.232,0
23/11/2015 06:00,55.7,41.4,42.8,34.5,33.8,35.7,0.637,0,0,0,0.029,0,0.279,0.698,0.368,0.372,0
23/11/2015 07:00,43.5,37.9,38.3,33.5,32,35.4,0.577,0,0,0.012,0.244,0,0.306,0.713,0.239,0.481,0
23/11/2015 08:00,29.5,30.9,30.2,30.6,27.5,31.9,0.459,0,0,0.21,0.452,0,0.295,0.674,0.102,0.544,0.036
23/11/2015 09:00,14.7,19.9,18.6,23.1,21,24.7,0.292,0,0,0.435,0.597,0,0.278,0.569,0,0.552,0.236
23/11/2015 10:00,4.7,9.3,6.7,14.2,13.1,16.1,0.103,0,0,0.593,0.689,0,0.272,0.414,0,0.506,0.48
23/11/2015 11:00,0,1.2,0.1,5,4.7,6.7,0,0.019,0,0.689,0.729,0,0.254,0.195,0,0.37,0.651
23/11/2015 12:00,0,0,0,0.1,0.1,0.4,0,0.124,0,0.746,0.731,0.042,0.205,0,0,0.297,0.758
23/11/2015 13:00,0,0,0,0,0,0,0,0.255,0,0.746,0.685,0.241,0.127,0,0,0.176,0.766
23/11/2015 14:00,0,0,0,0,0,0,0,0.368,0,0.704,0.595,0.476,0.04,0,0,0.071,0.72
23/11/2015 15:00,0,0,0,0,0,0,0,0.449,0,0.613,0.457,0.627,0,0,0,0.004,0.621
23/11/2015 16:00,0,0,0,0,0,0,0,0.474,0,0.474,0.276,0.714,0,0,0,0,0.411
23/11/2015 17:00,0,0,0,0,0,0,0,0.482,0,0.278,0.048,0.748,0,0,0,0,0.25
23/11/2015 18:00,0,0,0,0,0,0,0,0.447,0.067,0.024,0,0.717,0,0,0,0,0.086
23/11/2015 19:00,0,0,0,0,0,0,0,0.334,0.213,0,0,0.642,0,0,0,0,0
23/11/2015 20:00,0,0,0,0,0,0,0,0.186,0.384,0,0,0.505,0,0,0,0,0
23/11/2015 21:00,0,0,0,0,0,0,0,0.072,0.523,0,0,0.308,0,0,0,0,0
23/11/2015 22:00,0,0,0,0,0,0,0,0,0.617,0,0,0.138,0,0,0.006,0,0
23/11/2015 23:00,0,0,0,0,0,0,0,0,0.653,0,0,0,0,0,0.078,0,0
24/11/2015 00:00,0.1,0,0.6,0,0.2,0,0,0,0.626,0,0,0,0,0,0.159,0,0
24/11/2015 01:00,11,3.9,8.9,0,2.4,0.2,0.086,0,0.571,0,0,0,0,0,0.218,0,0
24/11/2015 02:00,31.3,16,21.8,4.9,11,5.1,0.279,0,0.492,0,0,0,0,0.071,0.266,0,0
24/11/2015 03:00,47,28.4,33.6,19,22.7,15.6,0.457,0,0.382,0,0,0,0.085,0.322,0.288,0,0
24/11/2015 04:00,60.1,36.2,40.5,31.1,31.3,25,0.572,0,0.222,0,0,0,0.243,0.528,0.275,0.079,0
24/11/2015 05:00,62.9,40.2,43.5,38.4,36.4,30.7,0.63,0,0.076,0,0,0,0.375,0.652,0.225,0.143,0
24/11/2015 06:00,59.2,39.5,43.1,43,37.6,31.5,0.65,0,0,0,0.018,0,0.467,0.713,0.163,0.207,0
24/11/2015 07:00,50.6,36.2,39.1,42.5,36.7,30.5,0.593,0,0,0.019,0.19,0,0.462,0.727,0.101,0.272,0
24/11/2015 08:00,39.5,29.9,31.7,38.6,32.2,27,0.472,0,0,0.245,0.403,0,0.385,0.688,0.044,0.319,0.079
24/11/2015 09:00,23.5,20.3,20.7,30.1,24.4,20.3,0.304,0,0,0.467,0.543,0,0.271,0.593,0,0.36,0.333
24/11/2015 10:00,8.3,9.5,7.5,19.5,14.5,12.7,0.099,0,0,0.616,0.624,0,0.24,0.437,0,0.363,0.536
24/11/2015 11:00,0,1,0.1,7.4,5.2,4.7,0,0.018,0,0.704,0.644,0,0.164,0.216,0,0.314,0.674
24/11/2015 12:00,0,0,0,0.1,0.1,0.2,0,0.111,0,0.736,0.621,0.046,0.107,0,0,0.24,0.769
24/11/2015 13:00,0,0,0,0,0,0,0,0.218,0,0.735,0.571,0.252,0.052,0,0,0.154,0.799
24/11/2015 14:00,0,0,0,0,0,0,0,0.314,0,0.691,0.456,0.447,0.012,0,0,0.072,0.781
24/11/2015 15:00,0,0,0,0,0,0,0,0.383,0,0.607,0.329,0.611,0,0,0,0.002,0.716
24/11/2015 16:00,0,0,0,0,0,0,0,0.427,0,0.468,0.151,0.689,0,0,0,0,0.598
24/11/2015 17:00,0,0,0,0,0,0,0,0.443,0,0.272,0.019,0.734,0,0,0,0,0.424
24/11/2015 18:00,0,0,0,0,0,0,0,0.41,0.067,0.023,0,0.713,0,0,0,0,0.193
24/11/2015 19:00,0,0,0,0,0,0,0,0.341,0.217,0,0,0.638,0,0,0,0,0
24/11/2015 20:00,0,0,0,0,0,0,0,0.231,0.379,0,0,0.492,0,0,0,0,0
24/11/2015 21:00,0,0,0,0,0,0,0,0.104,0.525,0,0,0.347,0,0,0,0,0
24/11/2015 22:00,0,0,0,0,0,0,0,0.005,0.632,0,0,0.141,0,0,0.013,0,0
24/11/2015 23:00,0,0,0,0,0,0,0,0,0.687,0,0,0,0,0,0.123,0,0
25/11/2015 00:00,0,0,0.6,0,0.1,0,0,0,0.693,0,0,0,0,0,0.233,0,0
25/11/2015 01:00,12.1,3.9,9.9,0,3.3,0.2,0.101,0,0.651,0,0,0,0,0,0.325,0,0
25/11/2015 02:00,29.5,16,23.4,4.7,14.6,4.3,0.264,0,0.559,0,0,0,0,0.058,0.384,0,0
25/11/2015 03:00,43.6,27.6,33.9,17.3,27.3,12.5,0.397,0,0.419,0,0,0,0.075,0.298,0.389,0,0
25/11/2015 04:00,52.4,35.8,40.2,28.6,36.8,20.4,0.547,0,0.242,0,0,0,0.225,0.508,0.341,0.077,0
25/11/2015 05:00,53.1,40,42.7,35.5,42.3,26.4,0.625,0,0.072,0,0,0,0.416,0.638,0.269,0.221,0
25/11/2015 06:00,51.6,40.7,41.1,39,44.8,29.5,0.563,0,0,0,0.03,0,0.553,0.702,0.169,0.354,0
25/11/2015 07:00,45.6,37.1,36.1,38,43.1,29.3,0.446,0,0,0.013,0.243,0,0.634,0.716,0.1,0.432,0
25/11/2015 08:00,36.4,30.2,28.6,33.5,38.4,26,0.368,0,0,0.219,0.452,0,0.661,0.678,0.034,0.494,0.081
25/11/2015 09:00,20.7,20.2,18.5,24.4,30.4,19.4,0.28,0,0,0.44,0.581,0,0.619,0.582,0,0.506,0.335
25/11/2015 10:00,6.2,9.4,6.7,14.5,19.8,11.7,0.083,0,0,0.592,0.652,0,0.445,0.428,0,0.482,0.536
25/11/2015 11:00,0,1.1,0.1,4.7,8.2,4.1,0,0.051,0,0.686,0.687,0,0.271,0.208,0,0.411,0.673
25/11/2015 12:00,0,0,0,0,0.2,0.1,0,0.254,0,0.738,0.692,0.053,0.125,0,0,0.309,0.762
25/11/2015 13:00,0,0,0,0,0,0,0,0.441,0,0.738,0.653,0.257,0.065,0,0,0.189,0.792
25/11/2015 14:00,0,0,0,0,0,0,0,0.57,0,0.696,0.562,0.516,0.015,0,0,0.084,0.775
25/11/2015 15:00,0,0,0,0,0,0,0,0.646,0,0.605,0.411,0.638,0,0,0,0.005,0.704
25/11/2015 16:00,0,0,0,0,0,0,0,0.682,0,0.467,0.213,0.74,0,0,0,0,0.585
25/11/2015 17:00,0,0,0,0,0,0,0,0.661,0,0.27,0.028,0.777,0,0,0,0,0.407
25/11/2015 18:00,0,0,0,0,0,0,0,0.593,0.059,0.022,0,0.763,0,0,0,0,0.172
25/11/2015 19:00,0,0,0,0,0,0,0,0.478,0.19,0,0,0.71,0,0,0,0,0
25/11/2015 20:00,0,0,0,0,0,0,0,0.298,0.341,0,0,0.604,0,0,0,0,0
25/11/2015 21:00,0,0,0,0,0,0,0,0.116,0.465,0,0,0.425,0,0,0,0,0
25/11/2015 22:00,0,0,0,0,0,0,0,0.007,0.617,0,0,0.205,0,0,0.004,0,0
25/11/2015 23:00,0,0,0,0,0,0,0,0,0.68,0,0,0,0,0,0.094,0,0
26/11/2015 00:00,0,0,0.3,0,0.2,0,0,0,0.682,0,0,0,0,0,0.256,0,0
26/11/2015 01:00,7.2,4,7.9,0.1,3.6,0.3,0.123,0,0.622,0,0,0,0,0,0.42,0,0
26/11/2015 02:00,23.5,16.2,20.3,3.4,16,5.6,0.351,0,0.513,0,0,0,0,0.017,0.489,0,0
26/11/2015 03:00,37.2,27.6,31.1,13.2,28.3,14.2,0.523,0,0.374,0,0,0,0.02,0.108,0.497,0,0
26/11/2015 04:00,50,35.7,38.1,24.5,36.6,22.2,0.636,0,0.229,0,0,0,0.072,0.225,0.5,0.081,0
26/11/2015 05:00,53.5,39.7,41,33.5,41.1,27.9,0.692,0,0.077,0,0,0,0.153,0.338,0.449,0.232,0
26/11/2015 06:00,47.3,39.4,39.4,39.3,42.4,31.8,0.694,0,0,0,0.033,0,0.235,0.391,0.38,0.377,0
26/11/2015 07:00,34.4,36.5,33.8,39.7,41.2,32.1,0.644,0,0,0.015,0.253,0,0.286,0.436,0.267,0.471,0
26/11/2015 08:00,22.7,30.3,27.7,36.4,36.5,28.4,0.538,0,0,0.23,0.46,0,0.312,0.43,0.116,0.511,0.079
26/11/2015 09:00,15.2,21.3,17.2,28.7,28.9,21.4,0.349,0,0,0.452,0.6,0,0.313,0.376,0,0.521,0.333
26/11/2015 10:00,4.7,10,5.7,18.5,18.5,13.3,0.134,0,0,0.602,0.69,0,0.285,0.316,0,0.486,0.534
26/11/2015 11:00,0,1.2,0.1,7.1,7.2,5.1,0,0.047,0,0.694,0.737,0,0.238,0.137,0,0.435,0.671
26/11/2015 12:00,0,0,0,0.1,0.2,0.2,0,0.228,0,0.736,0.741,0.049,0.17,0,0,0.313,0.75
26/11/2015 13:00,0,0,0,0,0,0,0,0.379,0,0.737,0.7,0.241,0.095,0,0,0.222,0.78
26/11/2015 14:00,0,0,0,0,0,0,0,0.429,0,0.694,0.617,0.414,0.028,0,0,0.092,0.761
26/11/2015 15:00,0,0,0,0,0,0,0,0.457,0,0.61,0.476,0.583,0,0,0,0.008,0.69
26/11/2015 16:00,0,0,0,0,0,0,0,0.47,0,0.472,0.286,0.707,0,0,0,0,0.57
26/11/2015 17:00,0,0,0,0,0,0,0,0.453,0,0.277,0.049,0.735,0,0,0,0,0.39
26/11/2015 18:00,0,0,0,0,0,0,0,0.407,0.072,0.024,0,0.729,0,0,0,0,0.153
26/11/2015 19:00,0,0,0,0,0,0,0,0.319,0.225,0,0,0.634,0,0,0,0,0
26/11/2015 20:00,0,0,0,0,0,0,0,0.219,0.387,0,0,0.524,0,0,0,0,0
26/11/2015 21:00,0,0,0,0,0,0,0,0.1,0.523,0,0,0.31,0,0,0,0,0
26/11/2015 22:00,0,0,0,0,0,0,0,0.004,0.625,0,0,0.119,0,0,0.026,0,0
26/11/2015 23:00,0,0,0,0,0,0,0,0,0.664,0,0,0,0,0,0.196,0,0
27/11/2015 00:00,0,0,0.4,0,0.1,0,0,0,0.659,0,0,0,0,0,0.393,0,0
27/11/2015 01:00,2.8,3.5,6.3,0,2.8,0.2,0.154,0,0.618,0,0,0,0,0,0.532,0,0
27/11/2015 02:00,10.1,14.7,18.3,5.4,13.4,5.7,0.396,0,0.537,0,0,0,0,0.029,0.622,0,0
27/11/2015 03:00,21.1,26.3,28.6,19.4,25.2,18.5,0.569,0,0.408,0,0,0,0.06,0.211,0.664,0,0
27/11/2015 04:00,34.6,34.5,34.5,29.9,33.1,30.9,0.675,0,0.24,0,0,0,0.173,0.416,0.639,0.07,0
27/11/2015 05:00,42.3,38.8,36.6,36.9,38.2,37.9,0.726,0,0.071,0,0,0,0.303,0.558,0.544,0.2,0
27/11/2015 06:00,45.8,40.3,36.4,41.2,40.2,41.3,0.718,0,0,0,0.03,0,0.426,0.598,0.414,0.325,0
27/11/2015 07:00,42.7,37.1,33.2,41.5,39.3,41.5,0.667,0,0,0.016,0.248,0,0.538,0.613,0.262,0.432,0
27/11/2015 08:00,34.2,30.6,24.1,38.5,35.2,37.9,0.562,0,0,0.238,0.458,0,0.583,0.573,0.105,0.492,0.08
27/11/2015 09:00,22.2,21.8,13.5,31.2,27.8,30.3,0.401,0,0,0.461,0.598,0,0.579,0.458,0,0.505,0.335
27/11/2015 10:00,7.7,10.3,4.5,20.3,17.7,19.4,0.176,0,0,0.613,0.691,0,0.532,0.301,0,0.479,0.537
27/11/2015 11:00,0,1.2,0.1,7.9,6.8,7.7,0,0.038,0,0.705,0.737,0,0.43,0.111,0,0.415,0.674
27/11/2015 12:00,0,0,0,0.1,0.2,0.3,0,0.2,0,0.746,0.738,0.04,0.279,0,0,0.277,0.752
27/11/2015 13:00,0,0,0,0,0,0,0,0.398,0,0.746,0.698,0.227,0.149,0,0,0.163,0.782
27/11/2015 14:00,0,0,0,0,0,0,0,0.556,0,0.703,0.612,0.411,0.049,0,0,0.076,0.765
27/11/2015 15:00,0,0,0,0,0,0,0,0.643,0,0.612,0.475,0.582,0,0,0,0.005,0.707
27/11/2015 16:00,0,0,0,0,0,0,0,0.66,0,0.473,0.286,0.615,0,0,0,0,0.59
27/11/2015 17:00,0,0,0,0,0,0,0,0.669,0,0.274,0.05,0.65,0,0,0,0,0.415
27/11/2015 18:00,0,0,0,0,0,0,0,0.599,0.071,0.022,0,0.607,0,0,0,0,0.174
27/11/2015 19:00,0,0,0,0,0,0,0,0.471,0.232,0,0,0.526,0,0,0,0,0
27/11/2015 20:00,0,0,0,0,0,0,0,0.275,0.381,0,0,0.447,0,0,0,0,0
27/11/2015 21:00,0,0,0,0,0,0,0,0.084,0.504,0,0,0.269,0,0,0,0,0
27/11/2015 22:00,0,0,0,0,0,0,0,0,0.564,0,0,0.088,0,0,0.032,0,0
27/11/2015 23:00,0,0,0,0,0,0,0,0,0.568,0,0,0,0,0,0.231,0,0
28/11/2015 00:00,0,0,0.5,0,0.2,0,0,0,0.534,0,0,0,0,0,0.444,0,0
28/11/2015 01:00,10.3,4.1,8.4,0,2.6,0.2,0.168,0,0.478,0,0,0,0,0,0.597,0,0
28/11/2015 02:00,27.3,16.6,21.1,5.4,12,5.6,0.411,0,0.403,0,0,0,0,0.037,0.69,0,0
28/11/2015 03:00,44.3,28.2,31.3,20.1,23.3,17,0.571,0,0.333,0,0,0,0.06,0.244,0.732,0,0
28/11/2015 04:00,52.8,35.5,38.1,32.1,31.9,27.4,0.676,0,0.202,0,0,0,0.186,0.453,0.707,0.081,0
28/11/2015 05:00,52.9,39.2,41.2,39,37.1,34.5,0.726,0,0.072,0,0,0,0.32,0.59,0.641,0.226,0
28/11/2015 06:00,47.8,37.9,39.1,40.7,38.8,37.4,0.723,0,0,0,0.028,0,0.435,0.612,0.541,0.36,0
28/11/2015 07:00,40.8,34.2,34.4,40,37.2,37.1,0.672,0,0,0.013,0.241,0,0.514,0.624,0.388,0.452,0
28/11/2015 08:00,29.5,27.1,27.2,36.2,32.6,33.5,0.568,0,0,0.223,0.452,0,0.55,0.58,0.179,0.504,0.083
28/11/2015 09:00,15.5,18.2,16,29.6,24.7,26.7,0.405,0,0,0.446,0.597,0,0.53,0.444,0,0.502,0.338
28/11/2015 10:00,4.1,8.2,5.2,19.3,14.9,17.4,0.18,0,0,0.599,0.689,0,0.458,0.28,0,0.487,0.537
28/11/2015 11:00,0,0.8,0.1,7.4,5.6,7.3,0,0.045,0,0.692,0.735,0,0.372,0.096,0,0.423,0.673
28/11/2015 12:00,0,0,0,0.1,0.1,0.4,0,0.255,0,0.745,0.74,0.014,0.266,0,0,0.328,0.764
28/11/2015 13:00,0,0,0,0,0,0,0,0.466,0,0.746,0.701,0.133,0.141,0,0,0.204,0.794
28/11/2015 14:00,0,0,0,0,0,0,0,0.595,0,0.705,0.618,0.404,0.046,0,0,0.095,0.776
28/11/2015 15:00,0,0,0,0,0,0,0,0.68,0,0.615,0.484,0.622,0,0,0,0.008,0.69
28/11/2015 16:00,0,0,0,0,0,0,0,0.725,0,0.478,0.294,0.72,0,0,0,0,0.57
28/11/2015 17:00,0,0,0,0,0,0,0,0.721,0,0.281,0.052,0.758,0,0,0,0,0.391
28/11/2015 18:00,0,0,0,0,0,0,0,0.672,0.073,0.024,0,0.748,0,0,0,0,0.155
28/11/2015 19:00,0,0,0,0,0,0,0,0.579,0.239,0,0,0.693,0,0,0,0,0
28/11/2015 20:00,0,0,0,0,0,0,0,0.392,0.41,0,0,0.585,0,0,0,0,0
28/11/2015 21:00,0,0,0,0,0,0,0,0.183,0.548,0,0,0.426,0,0,0,0,0
28/11/2015 22:00,0,0,0,0,0,0,0,0.015,0.645,0,0,0.191,0,0,0.036,0,0
28/11/2015 23:00,0,0,0,0,0,0,0,0,0.694,0,0,0,0,0,0.249,0,0
29/11/2015 00:00,0,0,0.5,0,0,0,0,0,0.689,0,0,0,0,0,0.448,0,0
29/11/2015 01:00,7,3.3,8.1,0,1.4,0.3,0.161,0,0.645,0,0,0,0,0,0.587,0,0
29/11/2015 02:00,21,14,20.4,4.5,9.2,7.7,0.404,0,0.555,0,0,0,0,0.029,0.67,0,0
29/11/2015 03:00,35.3,24.8,30.6,18.1,18.4,22.2,0.575,0,0.414,0,0,0,0.084,0.213,0.709,0,0
29/11/2015 04:00,45.6,32.6,36.8,30.3,26.3,33.7,0.679,0,0.238,0,0,0,0.258,0.423,0.683,0.073,0
29/11/2015 05:00,52,37.2,39.5,37.7,31.9,40.2,0.727,0,0.069,0,0,0,0.43,0.569,0.632,0.199,0
29/11/2015 06:00,53.9,38.3,38.6,40.6,33.1,42.3,0.717,0,0,0,0.025,0,0.563,0.68,0.529,0.317,0
29/11/2015 07:00,47.3,35.1,34.2,40.4,31.9,42.1,0.665,0,0,0.016,0.227,0,0.646,0.696,0.39,0.404,0
29/11/2015 08:00,33.9,28.6,27.7,36.6,28.6,38.7,0.56,0,0,0.243,0.444,0,0.68,0.656,0.188,0.468,0.078
29/11/2015 09:00,21,19.7,16.3,26.6,21.8,30.9,0.382,0,0,0.467,0.596,0,0.668,0.544,0.001,0.486,0.33
29/11/2015 10:00,6.9,8.7,5.5,16.1,13.3,20.9,0.158,0,0,0.616,0.692,0,0.605,0.38,0,0.466,0.523
29/11/2015 11:00,0,0.8,0.1,5.2,4.6,9.2,0,0.019,0,0.705,0.737,0,0.479,0.16,0,0.411,0.649
29/11/2015 12:00,0,0,0,0,0.1,0.5,0,0.132,0,0.741,0.738,0.034,0.319,0,0,0.315,0.728
29/11/2015 13:00,0,0,0,0,0,0,0,0.271,0,0.739,0.695,0.22,0.171,0,0,0.186,0.729
29/11/2015 14:00,0,0,0,0,0,0,0,0.387,0,0.693,0.605,0.474,0.052,0,0,0.073,0.697
29/11/2015 15:00,0,0,0,0,0,0,0,0.488,0,0.611,0.465,0.639,0,0,0,0.001,0.661
29/11/2015 16:00,0,0,0,0,0,0,0,0.544,0,0.47,0.269,0.723,0,0,0,0,0.579
29/11/2015 17:00,0,0,0,0,0,0,0,0.547,0,0.271,0.045,0.763,0,0,0,0,0.407
29/11/2015 18:00,0,0,0,0,0,0,0,0.505,0.068,0.021,0,0.757,0,0,0,0,0.17
29/11/2015 19:00,0,0,0,0,0,0,0,0.431,0.231,0,0,0.701,0,0,0,0,0
29/11/2015 20:00,0,0,0,0,0,0,0,0.299,0.4,0,0,0.605,0,0,0,0,0
29/11/2015 21:00,0,0,0,0,0,0,0,0.118,0.538,0,0,0.442,0,0,0,0,0
29/11/2015 22:00,0,0,0,0,0,0,0,0.007,0.624,0,0,0.202,0,0,0.046,0,0
29/11/2015 23:00,0,0,0,0,0,0,0,0,0.671,0,0,0,0,0,0.277,0,0
30/11/2015 00:00,0,0,0.4,0,0.1,0,0,0,0.668,0,0,0,0,0,0.483,0,0
30/11/2015 01:00,9.8,3.1,8.3,0,1.3,0.3,0.129,0,0.622,0,0,0,0,0,0.627,0,0
30/11/2015 02:00,25.4,13.2,20.7,3.7,7.6,7.3,0.358,0,0.534,0,0,0,0.001,0.06,0.713,0,0
30/11/2015 03:00,40.9,24,30.9,15.7,16,21.3,0.53,0,0.402,0,0,0,0.087,0.311,0.742,0,0
30/11/2015 04:00,49.8,32,37.5,27.4,23.3,32.3,0.638,0,0.236,0,0,0,0.263,0.526,0.734,0.065,0
30/11/2015 05:00,56.3,35.8,40.2,35.1,27.7,39,0.692,0,0.072,0,0,0,0.426,0.656,0.663,0.19,0
30/11/2015 06:00,54.6,35.4,39,38,29.5,41.6,0.674,0,0,0,0.027,0,0.493,0.711,0.539,0.299,0
30/11/2015 07:00,49.3,31.8,34.9,38.2,28.6,41.3,0.62,0,0,0.015,0.236,0,0.548,0.722,0.387,0.375,0
30/11/2015 08:00,38.7,25.2,27.3,34.6,24.5,37.7,0.506,0,0,0.234,0.442,0,0.577,0.679,0.156,0.421,0.073
30/11/2015 09:00,21.9,16.3,15.8,28.3,18.4,30.9,0.33,0,0,0.46,0.584,0,0.566,0.58,0,0.474,0.334
30/11/2015 10:00,7.9,7.1,5.1,17.8,11,20.9,0.115,0,0,0.612,0.673,0,0.474,0.416,0,0.457,0.519
30/11/2015 11:00,0,0.6,0,6.1,3.9,8.7,0,0.041,0,0.702,0.72,0,0.357,0.186,0,0.406,0.648
30/11/2015 12:00,0,0,0,0,0.1,0.4,0,0.207,0,0.748,0.727,0.063,0.245,0,0,0.33,0.742
30/11/2015 13:00,0,0,0,0,0,0,0,0.386,0,0.746,0.686,0.3,0.134,0,0,0.219,0.778
30/11/2015 14:00,0,0,0,0,0,0,0,0.537,0,0.702,0.586,0.547,0.039,0,0,0.09,0.752
30/11/2015 15:00,0,0,0,0,0,0,0,0.616,0,0.608,0.432,0.692,0,0,0,0.004,0.678
30/11/2015 16:00,0,0,0,0,0,0,0,0.649,0,0.468,0.244,0.773,0,0,0,0,0.548
30/11/2015 17:00,0,0,0,0,0,0,0,0.645,0,0.267,0.039,0.801,0,0,0,0,0.348
30/11/2015 18:00,0,0,0,0,0,0,0,0.568,0.07,0.016,0,0.787,0,0,0,0,0.107
30/11/2015 19:00,0,0,0,0,0,0,0,0.457,0.226,0,0,0.726,0,0,0,0,0
30/11/2015 20:00,0,0,0,0,0,0,0,0.302,0.385,0,0,0.623,0,0,0,0,0
30/11/2015 21:00,0,0,0,0,0,0,0,0.129,0.532,0,0,0.467,0,0,0,0,0
30/11/2015 22:00,0,0,0,0,0,0,0,0.007,0.618,0,0,0.231,0,0,0.03,0,0
30/11/2015 23:00,0,0,0,0,0,0,0,0,0.646,0,0,0,0,0,0.227,0,0
01/12/2015 00:00,0,0,0.3,0,0.1,0,0,0,0.652,0,0,0,0,0,0.437,0,0
01/12/2015 01:00,8.3,2.9,6.8,0,1.7,0.3,0.089,0,0.632,0,0,0,0,0,0.594,0,0
01/12/2015 02:00,24.8,13.8,19,4.1,9.4,7.6,0.302,0,0.547,0,0,0,0,0.064,0.678,0,0
01/12/2015 03:00,48.2,25.5,29.6,17.3,19.7,21.7,0.491,0,0.411,0,0,0,0.054,0.318,0.691,0,0
01/12/2015 04:00,57.1,32.9,36.1,29.8,27.4,32.6,0.609,0,0.236,0,0,0,0.151,0.53,0.659,0.077,0
01/12/2015 05:00,59.3,36.6,39.2,37.4,31.7,39.3,0.665,0,0.073,0,0,0,0.264,0.658,0.556,0.227,0
01/12/2015 06:00,58.3,36.7,38.7,42,33.4,42.3,0.667,0,0,0,0.012,0,0.393,0.71,0.424,0.373,0
01/12/2015 07:00,52.1,33.3,34.9,41.6,32,42.1,0.614,0,0,0.009,0.14,0,0.492,0.723,0.302,0.48,0
01/12/2015 08:00,40.5,26.9,27.6,37.7,27.8,38.5,0.504,0,0,0.143,0.301,0,0.538,0.683,0.111,0.535,0.043
01/12/2015 09:00,26.5,18.1,17.2,29.6,20.7,30.6,0.315,0,0,0.347,0.441,0,0.533,0.58,0,0.523,0.246
01/12/2015 10:00,9.1,7.9,5.6,18.9,11.8,20.2,0.111,0,0,0.577,0.576,0,0.473,0.42,0,0.486,0.462
01/12/2015 11:00,0,0.7,0.1,6.9,3.9,8.5,0,0.039,0,0.703,0.665,0,0.396,0.193,0,0.422,0.642
01/12/2015 12:00,0,0,0,0.1,0.1,0.4,0,0.224,0,0.716,0.661,0.054,0.29,0,0,0.333,0.74
01/12/2015 13:00,0,0,0,0,0,0,0,0.436,0,0.65,0.578,0.267,0.167,0,0,0.222,0.774
01/12/2015 14:00,0,0,0,0,0,0,0,0.565,0,0.576,0.433,0.504,0.057,0,0,0.091,0.74
01/12/2015 15:00,0,0,0,0,0,0,0,0.608,0,0.48,0.25,0.652,0,0,0,0.009,0.647
01/12/2015 16:00,0,0,0,0,0,0,0,0.639,0,0.315,0.089,0.742,0,0,0,0,0.514
01/12/2015 17:00,0,0,0,0,0,0,0,0.609,0,0.137,0.003,0.782,0,0,0,0,0.284
01/12/2015 18:00,0,0,0,0,0,0,0,0.452,0.067,0.006,0,0.767,0,0,0,0,0.095
01/12/2015 19:00,0,0,0,0,0,0,0,0.37,0.229,0,0,0.716,0,0,0,0,0.009
01/12/2015 20:00,0,0,0,0,0,0,0,0.258,0.399,0,0,0.592,0,0,0,0,0
01/12/2015 21:00,0,0,0,0,0,0,0,0.126,0.536,0,0,0.444,0,0,0,0,0
01/12/2015 22:00,0,0,0,0,0,0,0,0.007,0.63,0,0,0.201,0,0,0.012,0,0
01/12/2015 23:00,0,0,0,0,0,0,0,0,0.673,0,0,0,0,0,0.102,0,0
02/12/2015 00:00,0,0,0.2,0,0.1,0,0,0,0.666,0,0,0,0,0,0.209,0,0
02/12/2015 01:00,10.3,2.5,6.5,0,1.4,0.3,0.051,0,0.6,0,0,0,0,0,0.329,0,0
02/12/2015 02:00,27.7,11.7,18.3,5,8.3,7.6,0.168,0,0.525,0,0,0,0,0.052,0.422,0,0
02/12/2015 03:00,39.5,21.7,26.8,19.5,16,22.1,0.306,0,0.388,0,0,0,0.073,0.292,0.449,0,0
02/12/2015 04:00,51.5,29.1,31.8,31.8,21.5,33.2,0.47,0,0.232,0,0,0,0.195,0.507,0.356,0.067,0
02/12/2015 05:00,52.9,32.9,32.9,39,25,39.8,0.623,0,0.076,0,0,0,0.329,0.641,0.277,0.222,0
02/12/2015 06:00,54.2,34.4,30.9,43.3,27,42.9,0.662,0,0,0,0.018,0,0.45,0.689,0.187,0.377,0
02/12/2015 07:00,46.5,31.8,26.7,43,26.5,42.5,0.61,0,0,0.005,0.195,0,0.534,0.697,0.115,0.492,0
02/12/2015 08:00,34,25.9,20.3,39.1,23,39,0.495,0,0,0.119,0.395,0,0.566,0.654,0.031,0.56,0.064
02/12/2015 09:00,17.5,17.6,12.7,31.1,17.6,32.2,0.317,0,0,0.288,0.555,0,0.571,0.573,0,0.583,0.317
02/12/2015 10:00,5.3,7.8,4.3,20.5,9.7,21.9,0.106,0,0,0.544,0.66,0,0.555,0.414,0,0.555,0.531
02/12/2015 11:00,0,0.7,0,8,3.6,9.6,0,0.037,0,0.696,0.712,0,0.479,0.187,0,0.488,0.672
02/12/2015 12:00,0,0,0,0.1,0.1,0.5,0,0.165,0,0.757,0.715,0.054,0.355,0,0,0.378,0.747
02/12/2015 13:00,0,0,0,0,0,0,0,0.311,0,0.754,0.674,0.262,0.19,0,0,0.225,0.778
02/12/2015 14:00,0,0,0,0,0,0,0,0.42,0,0.71,0.583,0.498,0.052,0,0,0.071,0.76
02/12/2015 15:00,0,0,0,0,0,0,0,0.483,0,0.621,0.439,0.635,0,0,0,0.008,0.683
02/12/2015 16:00,0,0,0,0,0,0,0,0.527,0,0.482,0.237,0.732,0,0,0,0,0.559
02/12/2015 17:00,0,0,0,0,0,0,0,0.513,0,0.276,0.033,0.779,0,0,0,0,0.373
02/12/2015 18:00,0,0,0,0,0,0,0,0.443,0.07,0.019,0,0.743,0,0,0,0,0.134
02/12/2015 19:00,0,0,0,0,0,0,0,0.317,0.222,0,0,0.665,0,0,0,0,0
02/12/2015 20:00,0,0,0,0,0,0,0,0.19,0.375,0,0,0.529,0,0,0,0,0
02/12/2015 21:00,0,0,0,0,0,0,0,0.077,0.521,0,0,0.36,0,0,0,0,0
02/12/2015 22:00,0,0,0,0,0,0,0,0.001,0.608,0,0,0.127,0,0,0,0,0
02/12/2015 23:00,0,0,0,0,0,0,0,0,0.649,0,0,0,0,0,0.038,0,0
03/12/2015 00:00,0,0,0.1,0,0.2,0,0,0,0.652,0,0,0,0,0,0.1,0,0
03/12/2015 01:00,3.7,3.6,4.6,0,2.7,0.3,0.115,0,0.609,0,0,0,0,0,0.131,0,0
03/12/2015 02:00,15.7,15.1,15.5,5.7,12.1,9.6,0.345,0,0.519,0,0,0,0,0.068,0.189,0,0
03/12/2015 03:00,31.8,26.6,25.9,21.6,22.5,25.1,0.509,0,0.385,0,0,0,0.075,0.328,0.271,0,0
03/12/2015 04:00,45.3,34.6,32.7,34.1,29.7,36,0.625,0,0.23,0,0,0,0.26,0.54,0.375,0.065,0
03/12/2015 05:00,52.4,38,36,41.3,34.2,42.3,0.682,0,0.076,0,0,0,0.438,0.668,0.367,0.22,0
03/12/2015 06:00,49.9,38,36.8,45,36.2,45,0.677,0,0,0,0.017,0,0.573,0.713,0.319,0.375,0
03/12/2015 07:00,40.5,35.6,32.6,44.6,35.7,44.6,0.623,0,0,0.012,0.204,0,0.66,0.723,0.208,0.49,0
03/12/2015 08:00,28.2,30,24.9,40.8,32.3,41.1,0.502,0,0,0.161,0.415,0,0.697,0.684,0.079,0.561,0.06
03/12/2015 09:00,12.9,21,14.8,32.8,24.7,34.2,0.302,0,0,0.381,0.559,0,0.688,0.578,0,0.575,0.3
03/12/2015 10:00,2.9,9.9,4.4,21.9,15.4,24,0.08,0,0,0.626,0.639,0,0.633,0.42,0,0.562,0.522
03/12/2015 11:00,0,1.2,0.1,8.7,5.3,11.2,0,0.013,0,0.717,0.644,0,0.53,0.192,0,0.496,0.663
03/12/2015 12:00,0,0,0,0.1,0.1,0.6,0,0.102,0,0.754,0.643,0.046,0.379,0,0,0.383,0.749
03/12/2015 13:00,0,0,0,0,0,0,0,0.237,0,0.746,0.591,0.249,0.185,0,0,0.228,0.779
03/12/2015 14:00,0,0,0,0,0,0,0,0.342,0,0.661,0.502,0.497,0.034,0,0,0.052,0.762
03/12/2015 15:00,0,0,0,0,0,0,0,0.41,0,0.605,0.37,0.661,0,0,0,0.005,0.689
03/12/2015 16:00,0,0,0,0,0,0,0,0.485,0,0.375,0.189,0.747,0,0,0,0,0.558
03/12/2015 17:00,0,0,0,0,0,0,0,0.514,0,0.127,0.024,0.786,0,0,0,0,0.373
03/12/2015 18:00,0,0,0,0,0,0,0,0.498,0.069,0.012,0,0.771,0,0,0,0,0.134
03/12/2015 19:00,0,0,0,0,0,0,0,0.427,0.228,0,0,0.71,0,0,0,0,0
03/12/2015 20:00,0,0,0,0,0,0,0,0.285,0.394,0,0,0.587,0,0,0,0,0
03/12/2015 21:00,0,0,0,0,0,0,0,0.122,0.527,0,0,0.409,0,0,0,0,0
03/12/2015 22:00,0,0,0,0,0,0,0,0.008,0.618,0,0,0.192,0,0,0.003,0,0
03/12/2015 23:00,0,0,0,0,0,0,0,0,0.664,0,0,0,0,0,0.071,0,0
04/12/2015 00:00,0,0,0.1,0,0.2,0,0,0,0.668,0,0,0,0,0,0.161,0,0
04/12/2015 01:00,18.1,4.2,5.3,0,2.5,0.3,0.116,0,0.627,0,0,0,0,0,0.254,0,0
04/12/2015 02:00,39.7,17.7,17.7,6.8,11.6,10.1,0.348,0,0.539,0,0,0,0,0.045,0.337,0,0
04/12/2015 03:00,54.1,30,28.6,23.6,22.3,25.8,0.531,0,0.407,0,0,0,0.075,0.279,0.396,0,0
04/12/2015 04:00,62.6,37.9,35.6,35.9,30,36.7,0.641,0,0.238,0,0,0,0.258,0.504,0.428,0.065,0
04/12/2015 05:00,66,41.9,39.1,42.8,34.9,42.9,0.694,0,0.074,0,0,0,0.432,0.636,0.4,0.218,0
04/12/2015 06:00,64.3,41.5,37.9,45.5,37,45,0.707,0,0,0,0.02,0,0.564,0.71,0.318,0.374,0
04/12/2015 07:00,57.4,38.5,34.1,45,36.7,44.6,0.658,0,0,0.005,0.218,0,0.647,0.72,0.189,0.49,0
04/12/2015 08:00,45.9,32.2,26.9,41.1,32.5,41,0.553,0,0,0.15,0.435,0,0.683,0.676,0.066,0.559,0.074
04/12/2015 09:00,29.8,21.4,15.6,33.8,25.4,34.2,0.386,0,0,0.419,0.582,0,0.672,0.565,0,0.582,0.32
04/12/2015 10:00,10.8,9.6,4.8,22.9,16,24,0.159,0,0,0.602,0.676,0,0.612,0.402,0,0.561,0.536
04/12/2015 11:00,0,1,0.1,9.6,6.1,11,0,0.071,0,0.693,0.723,0,0.476,0.178,0,0.494,0.675
04/12/2015 12:00,0,0,0,0.1,0.1,0.5,0,0.297,0,0.728,0.721,0.04,0.32,0,0,0.381,0.75
04/12/2015 13:00,0,0,0,0,0,0,0,0.488,0,0.724,0.671,0.223,0.175,0,0,0.227,0.778
04/12/2015 14:00,0,0,0,0,0,0,0,0.618,0,0.67,0.564,0.431,0.053,0,0,0.051,0.754
04/12/2015 15:00,0,0,0,0,0,0,0,0.701,0,0.502,0.393,0.647,0,0,0,0.005,0.705
04/12/2015 16:00,0,0,0,0,0,0,0,0.741,0,0.296,0.192,0.689,0,0,0,0,0.59
04/12/2015 17:00,0,0,0,0,0,0,0,0.737,0,0.115,0.026,0.717,0,0,0,0,0.408
04/12/2015 18:00,0,0,0,0,0,0,0,0.692,0.069,0.009,0,0.718,0,0,0,0,0.165
04/12/2015 19:00,0,0,0,0,0,0,0,0.598,0.227,0,0,0.622,0,0,0,0,0
04/12/2015 20:00,0,0,0,0,0,0,0,0.454,0.388,0,0,0.505,0,0,0,0,0
04/12/2015 21:00,0,0,0,0,0,0,0,0.246,0.524,0,0,0.305,0,0,0,0,0
04/12/2015 22:00,0,0,0,0,0,0,0,0.032,0.615,0,0,0.105,0,0,0.007,0,0
04/12/2015 23:00,0,0,0,0,0,0,0,0,0.663,0,0,0,0,0,0.112,0,0
05/12/2015 00:00,0,0,0.1,0,0.2,0,0,0,0.665,0,0,0,0,0,0.287,0,0
05/12/2015 01:00,12.5,3.6,5.6,0,2.4,0.3,0.192,0,0.621,0,0,0,0,0,0.452,0,0
05/12/2015 02:00,29.2,15.8,17.8,7.8,11.6,9.8,0.44,0,0.529,0,0,0,0.001,0.063,0.572,0,0
05/12/2015 03:00,45.1,27.6,27.9,24.7,22.6,25.3,0.6,0,0.392,0,0,0,0.076,0.316,0.655,0,0
05/12/2015 04:00,53.1,35.4,34.6,36.8,29.4,36.2,0.7,0,0.217,0,0,0,0.252,0.529,0.672,0.074,0
05/12/2015 05:00,53.2,39.3,36.7,43.4,33.5,42.5,0.744,0,0.068,0,0,0,0.424,0.658,0.616,0.218,0
05/12/2015 06:00,51.1,38.2,36.8,46.2,34.5,45.2,0.736,0,0,0,0.008,0,0.556,0.704,0.508,0.367,0
05/12/2015 07:00,41.9,35.1,32.8,45.5,32.9,44.8,0.682,0,0,0.014,0.131,0,0.64,0.712,0.359,0.473,0
05/12/2015 08:00,28.2,28.7,24.8,41.5,28.4,41.1,0.576,0,0,0.241,0.32,0,0.675,0.671,0.169,0.531,0.058
05/12/2015 09:00,16,19.1,15.1,32.9,21.9,34,0.409,0,0,0.471,0.496,0,0.666,0.557,0,0.542,0.255
05/12/2015 10:00,4.3,8.3,4.4,22,13.8,23.8,0.18,0,0,0.628,0.613,0,0.612,0.393,0,0.513,0.416
05/12/2015 11:00,0,0.9,0,8.7,5.2,10.9,0,0.07,0,0.719,0.658,0,0.507,0.165,0,0.443,0.553
05/12/2015 12:00,0,0,0,0.1,0.1,0.5,0,0.3,0,0.759,0.676,0.043,0.35,0,0,0.333,0.616
05/12/2015 13:00,0,0,0,0,0,0,0,0.501,0,0.752,0.634,0.242,0.164,0,0,0.215,0.619
05/12/2015 14:00,0,0,0,0,0,0,0,0.634,0,0.708,0.548,0.506,0.052,0,0,0.092,0.584
05/12/2015 15:00,0,0,0,0,0,0,0,0.714,0,0.616,0.413,0.662,0,0,0,0.009,0.502
05/12/2015 16:00,0,0,0,0,0,0,0,0.741,0,0.473,0.213,0.752,0,0,0,0,0.385
05/12/2015 17:00,0,0,0,0,0,0,0,0.726,0,0.267,0.029,0.782,0,0,0,0,0.231
05/12/2015 18:00,0,0,0,0,0,0,0,0.659,0.06,0.019,0,0.768,0,0,0,0,0.076
05/12/2015 19:00,0,0,0,0,0,0,0,0.539,0.217,0,0,0.712,0,0,0,0,0
05/12/2015 20:00,0,0,0,0,0,0,0,0.341,0.372,0,0,0.603,0,0,0,0,0
05/12/2015 21:00,0,0,0,0,0,0,0,0.135,0.51,0,0,0.424,0,0,0,0,0
05/12/2015 22:00,0,0,0,0,0,0,0,0.008,0.586,0,0,0.201,0,0,0.03,0,0
05/12/2015 23:00,0,0,0,0,0,0,0,0,0.637,0,0,0,0,0,0.206,0,0
06/12/2015 00:00,0,0,0.2,0,0.1,0,0,0,0.649,0,0,0,0,0,0.384,0,0
06/12/2015 01:00,10.3,3.1,6.3,0,1.3,0.3,0.17,0,0.601,0,0,0,0,0,0.527,0,0
06/12/2015 02:00,29.2,14.4,17.7,7.1,8.1,10.2,0.417,0,0.516,0,0,0,0.001,0.041,0.612,0,0
06/12/2015 03:00,45.5,26.2,28.3,23.6,16.9,25.7,0.596,0,0.388,0,0,0,0.083,0.265,0.645,0,0
06/12/2015 04:00,57,34.2,35.1,35.7,24,36.5,0.693,0,0.232,0,0,0,0.236,0.483,0.634,0.068,0
06/12/2015 05:00,61.1,38.4,38,42.5,28.7,42.7,0.728,0,0.082,0,0,0,0.387,0.622,0.551,0.216,0
06/12/2015 06:00,60.9,39.1,37.6,44.2,30.2,45,0.72,0,0,0,0.012,0,0.514,0.678,0.441,0.367,0
06/12/2015 07:00,52.2,35.7,32.9,43.4,29.1,44.6,0.674,0,0,0.011,0.169,0,0.599,0.693,0.283,0.478,0
06/12/2015 08:00,40.5,29.5,24.6,39.5,25.2,41.1,0.569,0,0,0.23,0.346,0,0.648,0.656,0.113,0.552,0.089
06/12/2015 09:00,22.5,20.5,14.1,31.8,19.1,33.8,0.396,0,0,0.468,0.426,0,0.653,0.55,0,0.577,0.323
06/12/2015 10:00,5.6,9.4,4,21.3,11.8,23.6,0.162,0,0,0.622,0.506,0,0.603,0.388,0,0.556,0.485
06/12/2015 11:00,0,1.1,0,8.6,4.5,10.5,0,0.055,0,0.721,0.556,0,0.506,0.162,0,0.488,0.61
06/12/2015 12:00,0,0,0,0.1,0.1,0.4,0,0.252,0,0.748,0.571,0.044,0.363,0,0,0.374,0.694
06/12/2015 13:00,0,0,0,0,0,0,0,0.44,0,0.572,0.52,0.239,0.186,0,0,0.22,0.678
06/12/2015 14:00,0,0,0,0,0,0,0,0.562,0,0.425,0.402,0.488,0.054,0,0,0.066,0.668
06/12/2015 15:00,0,0,0,0,0,0,0,0.623,0,0.376,0.202,0.668,0,0,0,0.007,0.576
06/12/2015 16:00,0,0,0,0,0,0,0,0.652,0,0.247,0.079,0.749,0,0,0,0,0.538
06/12/2015 17:00,0,0,0,0,0,0,0,0.646,0,0.091,0.002,0.781,0,0,0,0,0.346
06/12/2015 18:00,0,0,0,0,0,0,0,0.596,0.06,0,0,0.767,0,0,0,0,0.164
06/12/2015 19:00,0,0,0,0,0,0,0,0.486,0.18,0,0,0.695,0,0,0,0,0
06/12/2015 20:00,0,0,0,0,0,0,0,0.301,0.346,0,0,0.577,0,0,0,0,0
06/12/2015 21:00,0,0,0,0,0,0,0,0.117,0.492,0,0,0.398,0,0,0,0,0
06/12/2015 22:00,0,0,0,0,0,0,0,0.006,0.58,0,0,0.164,0,0,0.025,0,0
06/12/2015 23:00,0,0,0,0,0,0,0,0,0.632,0,0,0,0,0,0.186,0,0
07/12/2015 00:00,0,0,0.1,0,0.1,0,0,0,0.644,0,0,0,0,0,0.36,0,0
07/12/2015 01:00,16.1,3.9,4.5,0,1.8,0.3,0.096,0,0.601,0,0,0,0,0,0.481,0,0
07/12/2015 02:00,37.6,16.5,14.9,6.5,10.7,9.8,0.372,0,0.51,0,0,0,0.002,0.049,0.549,0,0
07/12/2015 03:00,53,28,25.8,22.6,20.9,24.9,0.58,0,0.367,0,0,0,0.087,0.288,0.565,0,0
07/12/2015 04:00,60.8,35.8,33,34.4,28.9,35.8,0.689,0,0.208,0,0,0,0.239,0.505,0.517,0.071,0
07/12/2015 05:00,62.4,40.1,35.2,41,33.9,42.1,0.735,0,0.073,0,0,0,0.416,0.64,0.449,0.21,0
07/12/2015 06:00,60.5,40,34.2,43.7,35.4,44.6,0.731,0,0,0,0.001,0,0.533,0.697,0.352,0.353,0
07/12/2015 07:00,53.3,37.1,31.4,43.7,34.2,44.2,0.671,0,0,0.006,0.067,0,0.6,0.704,0.239,0.471,0
07/12/2015 08:00,41.4,31,22.9,39.7,30.4,40.7,0.511,0,0,0.171,0.153,0,0.623,0.663,0.097,0.547,0.037
07/12/2015 09:00,26.4,21.3,13.6,30.9,23.4,34,0.28,0,0,0.403,0.186,0,0.604,0.563,0,0.567,0.183
07/12/2015 10:00,9.2,9.9,4.1,20.4,14.5,23.8,0.083,0,0,0.58,0.275,0,0.56,0.398,0,0.55,0.367
07/12/2015 11:00,0,1.2,0,8.3,5.4,10.7,0,0.021,0,0.679,0.413,0,0.441,0.167,0,0.477,0.472
07/12/2015 12:00,0,0,0,0.1,0.1,0.5,0,0.13,0,0.719,0.526,0.02,0.245,0,0,0.368,0.601
07/12/2015 13:00,0,0,0,0,0,0,0,0.258,0,0.701,0.55,0.162,0.115,0,0,0.22,0.597
07/12/2015 14:00,0,0,0,0,0,0,0,0.355,0,0.643,0.507,0.403,0.023,0,0,0.086,0.608
07/12/2015 15:00,0,0,0,0,0,0,0,0.413,0,0.513,0.364,0.581,0,0,0,0.009,0.503
07/12/2015 16:00,0,0,0,0,0,0,0,0.455,0,0.403,0.181,0.688,0,0,0,0,0.4
07/12/2015 17:00,0,0,0,0,0,0,0,0.491,0,0.217,0.022,0.724,0,0,0,0,0.244
07/12/2015 18:00,0,0,0,0,0,0,0,0.483,0.068,0.015,0,0.687,0,0,0,0,0.062
07/12/2015 19:00,0,0,0,0,0,0,0,0.396,0.209,0,0,0.602,0,0,0,0,0
07/12/2015 20:00,0,0,0,0,0,0,0,0.256,0.353,0,0,0.447,0,0,0,0,0
07/12/2015 21:00,0,0,0,0,0,0,0,0.127,0.477,0,0,0.257,0,0,0,0,0
07/12/2015 22:00,0,0,0,0,0,0,0,0.01,0.558,0,0,0.086,0,0,0.027,0,0
07/12/2015 23:00,0,0,0,0,0,0,0,0,0.604,0,0,0,0,0,0.217,0,0
08/12/2015 00:00,0,0,0.1,0,0.2,0,0,0,0.601,0,0,0,0,0,0.424,0,0
08/12/2015 01:00,7.6,3.9,5.4,0,2.6,0.4,0.124,0,0.537,0,0,0,0,0,0.558,0,0
08/12/2015 02:00,21.8,16.7,18,6.5,11.6,10.3,0.287,0,0.418,0,0,0,0,0.048,0.639,0,0
08/12/2015 03:00,36.3,28.4,27.6,22.5,21.3,25.6,0.505,0,0.273,0,0,0,0.064,0.285,0.654,0,0
08/12/2015 04:00,47.7,36.2,33.3,34.7,28,36.4,0.65,0,0.176,0,0,0,0.212,0.502,0.635,0.069,0
08/12/2015 05:00,50.7,40.2,37.4,41.7,31.7,42.6,0.7,0,0.068,0,0,0,0.399,0.636,0.573,0.176,0
08/12/2015 06:00,49.2,40.5,34.9,44.6,32.4,44.9,0.682,0,0,0,0,0,0.539,0.693,0.488,0.304,0
08/12/2015 07:00,43,37.8,30.6,44.2,30.3,44.5,0.631,0,0,0,0.087,0,0.628,0.702,0.326,0.404,0
08/12/2015 08:00,33.3,31.5,23.8,40.6,26.4,40.9,0.526,0,0,0.091,0.288,0,0.665,0.625,0.141,0.453,0.067
08/12/2015 09:00,19.2,22,14.7,32.2,20.4,32.9,0.326,0,0,0.273,0.497,0,0.646,0.452,0,0.458,0.287
08/12/2015 10:00,5.7,10.3,4.8,21.5,13.1,22.3,0.11,0,0,0.511,0.589,0,0.571,0.209,0,0.425,0.461
08/12/2015 11:00,0,1.2,0,8.5,4.9,9.4,0,0.028,0,0.627,0.55,0,0.459,0.074,0,0.343,0.592
08/12/2015 12:00,0,0,0,0,0.1,0.3,0,0.147,0,0.579,0.432,0.032,0.33,0,0,0.27,0.705
08/12/2015 13:00,0,0,0,0,0,0,0,0.268,0,0.498,0.322,0.206,0.172,0,0,0.19,0.749
08/12/2015 14:00,0,0,0,0,0,0,0,0.354,0,0.416,0.242,0.463,0.058,0,0,0.092,0.733
08/12/2015 15:00,0,0,0,0,0,0,0,0.393,0,0.367,0.174,0.632,0,0,0,0.008,0.668
08/12/2015 16:00,0,0,0,0,0,0,0,0.367,0,0.295,0.091,0.73,0,0,0,0,0.547
08/12/2015 17:00,0,0,0,0,0,0,0,0.33,0,0.161,0.009,0.765,0,0,0,0,0.377
08/12/2015 18:00,0,0,0,0,0,0,0,0.264,0.052,0.007,0,0.742,0,0,0,0,0.115
08/12/2015 19:00,0,0,0,0,0,0,0,0.197,0.166,0,0,0.682,0,0,0,0,0
08/12/2015 20:00,0,0,0,0,0,0,0,0.123,0.297,0,0,0.545,0,0,0,0,0
08/12/2015 21:00,0,0,0,0,0,0,0,0.045,0.408,0,0,0.344,0,0,0,0,0
08/12/2015 22:00,0,0,0,0,0,0,0,0,0.475,0,0,0.126,0,0,0.03,0,0
08/12/2015 23:00,0,0,0,0,0,0,0,0,0.497,0,0,0,0,0,0.224,0,0
09/12/2015 00:00,0,0,0.1,0,0.3,0,0,0,0.476,0,0,0,0,0,0.424,0,0
09/12/2015 01:00,7.3,4.1,5.2,0,2.8,0.3,0.087,0,0.412,0,0,0,0,0,0.553,0,0
09/12/2015 02:00,21.4,17,17.4,5.1,11.9,7.6,0.293,0,0.292,0,0,0,0,0.023,0.616,0,0
09/12/2015 03:00,34.7,28.7,29.1,19.5,22.5,21.1,0.442,0,0.201,0,0,0,0.089,0.193,0.577,0,0
09/12/2015 04:00,43.6,36.6,35.1,30.5,30.2,31.6,0.568,0,0.106,0,0,0,0.236,0.379,0.57,0.083,0
09/12/2015 05:00,47.5,40.4,37.9,36.2,35.5,37.7,0.621,0,0.036,0,0,0,0.393,0.512,0.519,0.223,0
09/12/2015 06:00,51.7,40.4,36.2,37.9,38,40.3,0.608,0,0,0,0.01,0,0.488,0.586,0.457,0.357,0
09/12/2015 07:00,45.3,37.4,32.2,37.3,37.1,39.9,0.539,0,0,0.007,0.134,0,0.565,0.623,0.33,0.426,0
09/12/2015 08:00,34,31.1,24.9,33.7,33.1,36.2,0.406,0,0,0.206,0.29,0,0.592,0.602,0.146,0.449,0.093
09/12/2015 09:00,18.7,22.2,15.4,27.8,26.2,29.3,0.241,0,0,0.423,0.431,0,0.539,0.482,0,0.444,0.347
09/12/2015 10:00,5,10.9,4.7,17.5,16.1,19.4,0.077,0,0,0.557,0.542,0,0.391,0.315,0,0.381,0.529
09/12/2015 11:00,0,1.4,0,5.7,6.3,7.8,0,0.023,0,0.622,0.622,0,0.302,0.109,0,0.262,0.595
09/12/2015 12:00,0,0,0,0,0.1,0.3,0,0.144,0,0.655,0.661,0.047,0.226,0,0,0.185,0.684
09/12/2015 13:00,0,0,0,0,0,0,0,0.304,0,0.635,0.641,0.267,0.089,0,0,0.112,0.764
09/12/2015 14:00,0,0,0,0,0,0,0,0.467,0,0.551,0.573,0.499,0.012,0,0,0.048,0.762
09/12/2015 15:00,0,0,0,0,0,0,0,0.581,0,0.346,0.454,0.658,0,0,0,0,0.678
09/12/2015 16:00,0,0,0,0,0,0,0,0.661,0,0.183,0.264,0.74,0,0,0,0,0.508
09/12/2015 17:00,0,0,0,0,0,0,0,0.679,0,0.069,0.043,0.764,0,0,0,0,0.183
09/12/2015 18:00,0,0,0,0,0,0,0,0.632,0.04,0,0,0.74,0,0,0,0,0.018
09/12/2015 19:00,0,0,0,0,0,0,0,0.53,0.127,0,0,0.655,0,0,0,0,0
09/12/2015 20:00,0,0,0,0,0,0,0,0.386,0.25,0,0,0.523,0,0,0,0,0
09/12/2015 21:00,0,0,0,0,0,0,0,0.204,0.434,0,0,0.317,0,0,0,0,0
09/12/2015 22:00,0,0,0,0,0,0,0,0.019,0.531,0,0,0.15,0,0,0.038,0,0
09/12/2015 23:00,0,0,0,0,0,0,0,0,0.582,0,0,0,0,0,0.243,0,0
10/12/2015 00:00,0,0,0.1,0,0.3,0,0,0,0.609,0,0,0,0,0,0.44,0,0
10/12/2015 01:00,6.8,4.1,5.2,0,2.5,0.2,0.094,0,0.603,0,0,0,0,0,0.573,0,0
10/12/2015 02:00,20.8,17.4,16.9,3.7,10.6,7.3,0.305,0,0.531,0,0,0,0,0.029,0.641,0,0
10/12/2015 03:00,34.5,29.1,28,16.2,21.1,21.7,0.484,0,0.404,0,0,0,0.031,0.225,0.649,0,0
10/12/2015 04:00,43.9,36.6,34.8,28,30.3,33.1,0.596,0,0.243,0,0,0,0.089,0.439,0.626,0.021,0
10/12/2015 05:00,47.3,40,37.7,35.5,36.9,39.9,0.638,0,0.08,0,0,0,0.127,0.579,0.559,0.084,0
10/12/2015 06:00,44.1,40.1,38.6,41.3,39.1,42.6,0.623,0,0,0,0.016,0,0.169,0.631,0.455,0.182,0
10/12/2015 07:00,39.4,36.8,34.8,41.1,37.7,42.1,0.56,0,0,0,0.185,0,0.257,0.648,0.266,0.343,0
10/12/2015 08:00,26.9,31,27.1,37.5,32.7,38.4,0.427,0,0,0.109,0.378,0,0.25,0.607,0.08,0.475,0.012
10/12/2015 09:00,15.1,22,15.6,29.9,24.9,30.8,0.215,0,0,0.293,0.526,0,0.241,0.496,0,0.473,0.102
10/12/2015 10:00,3.8,10.3,4.6,19.1,15.1,20.7,0.054,0,0,0.457,0.626,0,0.223,0.323,0,0.441,0.199
10/12/2015 11:00,0,1.3,0,6.5,5.2,8.6,0,0.021,0,0.556,0.685,0,0.185,0.111,0,0.356,0.267
10/12/2015 12:00,0,0,0,0,0.1,0.3,0,0.139,0,0.567,0.704,0.045,0.13,0,0,0.227,0.306
10/12/2015 13:00,0,0,0,0,0,0,0,0.288,0,0.544,0.678,0.245,0.07,0,0,0.148,0.345
10/12/2015 14:00,0,0,0,0,0,0,0,0.412,0,0.495,0.599,0.496,0.022,0,0,0.062,0.347
10/12/2015 15:00,0,0,0,0,0,0,0,0.493,0,0.482,0.464,0.641,0,0,0,0.001,0.26
10/12/2015 16:00,0,0,0,0,0,0,0,0.524,0,0.37,0.268,0.72,0,0,0,0,0.179
10/12/2015 17:00,0,0,0,0,0,0,0,0.504,0,0.159,0.042,0.751,0,0,0,0,0.111
10/12/2015 18:00,0,0,0,0,0,0,0,0.429,0.067,0.003,0,0.737,0,0,0,0,0.03
10/12/2015 19:00,0,0,0,0,0,0,0,0.34,0.185,0,0,0.68,0,0,0,0,0
10/12/2015 20:00,0,0,0,0,0,0,0,0.211,0.309,0,0,0.558,0,0,0,0,0
10/12/2015 21:00,0,0,0,0,0,0,0,0.084,0.397,0,0,0.407,0,0,0,0,0
10/12/2015 22:00,0,0,0,0,0,0,0,0.002,0.449,0,0,0.197,0,0,0.012,0,0
10/12/2015 23:00,0,0,0,0,0,0,0,0,0.477,0,0,0,0,0,0.111,0,0
11/12/2015 00:00,0,0,0.3,0,0.4,0,0,0,0.464,0,0,0,0,0,0.233,0,0
11/12/2015 01:00,8.7,3.7,7.1,0,3.2,0.2,0.077,0,0.412,0,0,0,0,0,0.353,0,0
11/12/2015 02:00,27.6,15.7,18.8,7.6,12.4,7.5,0.265,0,0.328,0,0,0,0,0.032,0.447,0,0
11/12/2015 03:00,43.5,27.3,29.4,24.9,23.8,22.3,0.439,0,0.256,0,0,0,0.041,0.221,0.514,0,0
11/12/2015 04:00,53.4,34.7,36.6,37.3,32.6,33.8,0.553,0,0.174,0,0,0,0.124,0.409,0.527,0.049,0
11/12/2015 05:00,57.8,38,39.4,44.6,38.1,40.6,0.604,0,0.077,0,0,0,0.257,0.549,0.493,0.152,0
11/12/2015 06:00,55.6,37.7,36.9,47.1,39.3,42.8,0.605,0,0,0,0.017,0,0.373,0.408,0.417,0.266,0
11/12/2015 07:00,46.5,35.3,32.7,46.8,37.9,42.5,0.541,0,0,0.004,0.21,0,0.443,0.236,0.284,0.377,0
11/12/2015 08:00,35.1,29.6,25.9,42.8,33.1,38.3,0.417,0,0,0.17,0.433,0,0.476,0.168,0.12,0.467,0.011
11/12/2015 09:00,19.8,19.8,15.4,34.1,25.7,31.4,0.241,0,0,0.401,0.596,0,0.471,0.103,0,0.546,0.112
11/12/2015 10:00,5.7,8.3,4.5,22.7,15.6,21.4,0.065,0,0,0.57,0.69,0,0.413,0.056,0,0.533,0.236
11/12/2015 11:00,0,0.8,0,8.7,5.2,9.4,0,0.038,0,0.668,0.732,0,0.317,0.017,0,0.456,0.314
11/12/2015 12:00,0,0,0,0,0.1,0.4,0,0.217,0,0.717,0.728,0.042,0.2,0,0,0.35,0.342
11/12/2015 13:00,0,0,0,0,0,0,0,0.428,0,0.706,0.682,0.234,0.099,0,0,0.211,0.346
11/12/2015 14:00,0,0,0,0,0,0,0,0.571,0,0.648,0.586,0.438,0.03,0,0,0.096,0.322
11/12/2015 15:00,0,0,0,0,0,0,0,0.651,0,0.479,0.436,0.608,0,0,0,0.007,0.262
11/12/2015 16:00,0,0,0,0,0,0,0,0.686,0,0.274,0.229,0.714,0,0,0,0,0.14
11/12/2015 17:00,0,0,0,0,0,0,0,0.667,0,0.116,0.029,0.751,0,0,0,0,0.058
11/12/2015 18:00,0,0,0,0,0,0,0,0.595,0.075,0.007,0,0.733,0,0,0,0,0.007
11/12/2015 19:00,0,0,0,0,0,0,0,0.481,0.222,0,0,0.675,0,0,0,0,0
11/12/2015 20:00,0,0,0,0,0,0,0,0.314,0.367,0,0,0.557,0,0,0,0,0
11/12/2015 21:00,0,0,0,0,0,0,0,0.147,0.479,0,0,0.371,0,0,0,0,0
11/12/2015 22:00,0,0,0,0,0,0,0,0.012,0.542,0,0,0.126,0,0,0.033,0,0
11/12/2015 23:00,0,0,0,0,0,0,0,0,0.58,0,0,0,0,0,0.211,0,0
12/12/2015 00:00,0,0,0.1,0,0.5,0,0,0,0.58,0,0,0,0,0,0.411,0,0
12/12/2015 01:00,11,3.4,6.3,0,3.4,0.2,0.083,0,0.529,0,0,0,0,0,0.55,0,0
12/12/2015 02:00,31.7,15.5,18.2,7.4,13.2,9.4,0.248,0,0.456,0,0,0,0,0.005,0.632,0,0
12/12/2015 03:00,46.6,27.9,27.8,24.7,24.2,25.2,0.245,0,0.341,0,0,0,0.075,0.111,0.673,0,0
12/12/2015 04:00,55.6,36,34.6,37.3,32.2,36.4,0.345,0,0.203,0,0,0,0.204,0.309,0.671,0.071,0
12/12/2015 05:00,58.1,40,37.8,44.2,37.2,42.8,0.444,0,0.082,0,0,0,0.326,0.488,0.613,0.209,0
12/12/2015 06:00,59.2,38.2,36,46.8,39,45.6,0.478,0,0,0,0.009,0,0.4,0.571,0.514,0.355,0
12/12/2015 07:00,50.4,35.2,31.7,46.3,37.9,45.3,0.447,0,0,0,0.15,0,0.454,0.589,0.348,0.469,0
12/12/2015 08:00,37,28.6,24,42.4,33.7,41.7,0.403,0,0,0.075,0.352,0,0.474,0.55,0.147,0.537,0.018
12/12/2015 09:00,20.2,18.3,13.8,34.4,26.5,34.4,0.228,0,0,0.174,0.539,0,0.447,0.427,0,0.552,0.15
12/12/2015 10:00,5.3,7.9,3.9,23,16.7,24.2,0.062,0,0,0.272,0.649,0,0.406,0.245,0,0.521,0.321
12/12/2015 11:00,0,0.8,0,8.8,5.7,11,0,0.063,0,0.397,0.696,0,0.335,0.064,0,0.454,0.448
12/12/2015 12:00,0,0,0,0,0.1,0.5,0,0.269,0,0.497,0.707,0.04,0.247,0,0,0.358,0.496
12/12/2015 13:00,0,0,0,0,0,0,0,0.452,0,0.511,0.663,0.239,0.15,0,0,0.225,0.498
12/12/2015 14:00,0,0,0,0,0,0,0,0.572,0,0.446,0.564,0.497,0.054,0,0,0.085,0.51
12/12/2015 15:00,0,0,0,0,0,0,0,0.637,0,0.324,0.398,0.632,0,0,0,0.008,0.499
12/12/2015 16:00,0,0,0,0,0,0,0,0.664,0,0.189,0.199,0.72,0,0,0,0,0.38
12/12/2015 17:00,0,0,0,0,0,0,0,0.638,0,0.072,0.027,0.759,0,0,0,0,0.188
12/12/2015 18:00,0,0,0,0,0,0,0,0.581,0.073,0,0,0.744,0,0,0,0,0.044
12/12/2015 19:00,0,0,0,0,0,0,0,0.475,0.218,0,0,0.687,0,0,0,0,0
12/12/2015 20:00,0,0,0,0,0,0,0,0.332,0.375,0,0,0.578,0,0,0,0,0
12/12/2015 21:00,0,0,0,0,0,0,0,0.146,0.477,0,0,0.415,0,0,0,0,0
12/12/2015 22:00,0,0,0,0,0,0,0,0.009,0.549,0,0,0.168,0,0,0.042,0,0
12/12/2015 23:00,0,0,0,0,0,0,0,0,0.575,0,0,0,0,0,0.239,0,0
13/12/2015 00:00,0,0,0.1,0,0.5,0,0,0,0.534,0,0,0,0,0,0.442,0,0
13/12/2015 01:00,10.1,2.8,5.9,0,3.7,0.3,0.093,0,0.465,0,0,0,0,0,0.583,0,0
13/12/2015 02:00,28.4,13.8,17.4,8.3,15,10.2,0.309,0,0.376,0,0,0,0.001,0.018,0.671,0,0
13/12/2015 03:00,45.8,25.6,27.9,26,26.9,26.1,0.494,0,0.266,0,0,0,0.086,0.185,0.707,0,0
13/12/2015 04:00,56.7,33.8,34.8,38.4,35.7,37,0.61,0,0.145,0,0,0,0.226,0.405,0.696,0.069,0
13/12/2015 05:00,59.6,37.9,37.9,45.2,40.8,43.1,0.663,0,0.051,0,0,0,0.372,0.561,0.645,0.207,0
13/12/2015 06:00,59.6,37.8,36.8,48.1,42.4,45.2,0.673,0,0,0,0.014,0,0.484,0.628,0.52,0.326,0
13/12/2015 07:00,50.2,34.8,32.7,47.5,40.9,44.6,0.614,0,0,0.001,0.188,0,0.561,0.652,0.337,0.424,0
13/12/2015 08:00,36.8,28.4,25.1,43.5,35.8,40.8,0.497,0,0,0.154,0.393,0,0.582,0.615,0.145,0.485,0.027
13/12/2015 09:00,19.5,18.2,14.3,35.6,28,33.7,0.317,0,0,0.401,0.554,0,0.552,0.488,0,0.517,0.156
13/12/2015 10:00,4.7,7.4,4,24.2,17.5,23.3,0.102,0,0,0.59,0.652,0,0.495,0.327,0,0.49,0.332
13/12/2015 11:00,0,0.7,0,9.9,6.1,10.5,0,0.022,0,0.696,0.704,0,0.398,0.119,0,0.441,0.502
13/12/2015 12:00,0,0,0,0,0.1,0.5,0,0.146,0,0.744,0.71,0.055,0.256,0,0,0.352,0.614
13/12/2015 13:00,0,0,0,0,0,0,0,0.294,0,0.744,0.671,0.285,0.15,0,0,0.23,0.673
13/12/2015 14:00,0,0,0,0,0,0,0,0.425,0,0.696,0.583,0.538,0.052,0,0,0.093,0.503
13/12/2015 15:00,0,0,0,0,0,0,0,0.512,0,0.593,0.439,0.671,0,0,0,0.01,0.26
13/12/2015 16:00,0,0,0,0,0,0,0,0.534,0,0.433,0.24,0.748,0,0,0,0,0.128
13/12/2015 17:00,0,0,0,0,0,0,0,0.503,0,0.215,0.034,0.776,0,0,0,0,0.081
13/12/2015 18:00,0,0,0,0,0,0,0,0.439,0.061,0.012,0,0.749,0,0,0,0,0.034
13/12/2015 19:00,0,0,0,0,0,0,0,0.331,0.193,0,0,0.675,0,0,0,0,0
13/12/2015 20:00,0,0,0,0,0,0,0,0.202,0.353,0,0,0.56,0,0,0,0,0
13/12/2015 21:00,0,0,0,0,0,0,0,0.083,0.498,0,0,0.347,0,0,0,0,0
13/12/2015 22:00,0,0,0,0,0,0,0,0.002,0.595,0,0,0.125,0,0,0.042,0,0
13/12/2015 23:00,0,0,0,0,0,0,0,0,0.638,0,0,0,0,0,0.231,0,0
14/12/2015 00:00,0,0,0.1,0,0.2,0,0,0,0.625,0,0,0,0,0,0.405,0,0
14/12/2015 01:00,11.1,3,6.1,0,3.2,0.2,0.129,0,0.566,0,0,0,0,0,0.5,0,0
14/12/2015 02:00,30.7,14,18.8,9,15,8.8,0.37,0,0.477,0,0,0,0.001,0.05,0.553,0,0
14/12/2015 03:00,47.3,25.7,30,27.1,27.4,24,0.539,0,0.355,0,0,0,0.084,0.284,0.546,0,0
14/12/2015 04:00,57.6,33.9,36.9,39.3,36.1,35.4,0.645,0,0.221,0,0,0,0.235,0.516,0.495,0.074,0
14/12/2015 05:00,60.6,39,40,46.1,40.8,42.4,0.692,0,0.084,0,0,0,0.39,0.65,0.422,0.208,0
14/12/2015 06:00,57.2,38.4,39.8,48.4,41.5,45.3,0.668,0,0,0,0.016,0,0.524,0.681,0.311,0.331,0
14/12/2015 07:00,49.5,35.6,35.5,47.9,39.7,45,0.609,0,0,0.002,0.203,0,0.615,0.686,0.187,0.416,0
14/12/2015 08:00,36.2,28.9,27.6,43.9,34.4,41,0.491,0,0,0.137,0.4,0,0.653,0.633,0.067,0.475,0.008
14/12/2015 09:00,21,18.7,16.7,35.8,26.2,33.7,0.31,0,0,0.406,0.546,0,0.619,0.469,0,0.506,0.11
14/12/2015 10:00,6.1,7.4,4.8,24.4,15.8,23.4,0.097,0,0,0.604,0.636,0,0.526,0.247,0,0.513,0.301
14/12/2015 11:00,0,0.6,0,9.9,5.6,10.6,0,0.023,0,0.696,0.685,0,0.417,0.057,0,0.453,0.523
14/12/2015 12:00,0,0,0,0,0.1,0.5,0,0.142,0,0.729,0.692,0.062,0.279,0,0,0.36,0.677
14/12/2015 13:00,0,0,0,0,0,0,0,0.282,0,0.715,0.659,0.295,0.169,0,0,0.228,0.668
14/12/2015 14:00,0,0,0,0,0,0,0,0.395,0,0.656,0.577,0.543,0.057,0,0,0.085,0.505
14/12/2015 15:00,0,0,0,0,0,0,0,0.457,0,0.546,0.437,0.686,0,0,0,0.01,0.308
14/12/2015 16:00,0,0,0,0,0,0,0,0.504,0,0.391,0.238,0.762,0,0,0,0,0.19
14/12/2015 17:00,0,0,0,0,0,0,0,0.507,0,0.195,0.034,0.79,0,0,0,0,0.127
14/12/2015 18:00,0,0,0,0,0,0,0,0.485,0.071,0.01,0,0.777,0,0,0,0,0.044
14/12/2015 19:00,0,0,0,0,0,0,0,0.393,0.217,0,0,0.72,0,0,0,0,0
14/12/2015 20:00,0,0,0,0,0,0,0,0.263,0.357,0,0,0.615,0,0,0,0,0
14/12/2015 21:00,0,0,0,0,0,0,0,0.113,0.465,0,0,0.453,0,0,0,0,0
14/12/2015 22:00,0,0,0,0,0,0,0,0.002,0.522,0,0,0.225,0,0,0.013,0,0
14/12/2015 23:00,0,0,0,0,0,0,0,0,0.51,0,0,0,0,0,0.122,0,0
15/12/2015 00:00,0,0,0.1,0,0.4,0,0,0,0.435,0,0,0,0,0,0.261,0,0
15/12/2015 01:00,15.3,3.1,5.6,0,3.9,0.3,0.083,0,0.346,0,0,0,0,0,0.383,0,0
15/12/2015 02:00,39.1,14.7,19.1,9.5,16,11,0.301,0,0.255,0,0,0,0.001,0.018,0.431,0,0
15/12/2015 03:00,53.7,26.8,30.1,27.7,28.9,27.1,0.485,0,0.177,0,0,0,0.082,0.186,0.401,0,0
15/12/2015 04:00,62.3,35.1,37.3,39.8,37.8,38.1,0.604,0,0.097,0,0,0,0.24,0.393,0.386,0.065,0
15/12/2015 05:00,65.3,38.9,40.5,46.4,42.5,44.3,0.659,0,0.03,0,0,0,0.396,0.54,0.341,0.208,0
15/12/2015 06:00,63.5,39.4,39.2,48.7,43.9,46.2,0.665,0,0,0,0.008,0,0.524,0.643,0.264,0.359,0
15/12/2015 07:00,55.4,36.3,34.9,48,42.4,45.4,0.612,0,0,0.001,0.129,0,0.618,0.657,0.158,0.476,0
15/12/2015 08:00,42.7,30,26.9,43.8,37.7,41.6,0.5,0,0,0.1,0.294,0,0.665,0.613,0.057,0.548,0.015
15/12/2015 09:00,25.2,20,15.6,35.3,29,34,0.288,0,0,0.278,0.428,0,0.651,0.5,0,0.57,0.105
15/12/2015 10:00,7.4,8.5,4.5,24,16.8,23.3,0.087,0,0,0.528,0.534,0,0.576,0.329,0,0.549,0.207
15/12/2015 11:00,0,0.8,0,9.7,5.8,10.1,0,0.01,0,0.67,0.565,0,0.447,0.112,0,0.472,0.398
15/12/2015 12:00,0,0,0,0,0.1,0.5,0,0.089,0,0.71,0.556,0.061,0.262,0,0,0.367,0.612
15/12/2015 13:00,0,0,0,0,0,0,0,0.212,0,0.674,0.482,0.288,0.126,0,0,0.223,0.701
15/12/2015 14:00,0,0,0,0,0,0,0,0.349,0,0.636,0.355,0.525,0.034,0,0,0.084,0.678
15/12/2015 15:00,0,0,0,0,0,0,0,0.418,0,0.502,0.225,0.667,0,0,0,0.008,0.601
15/12/2015 16:00,0,0,0,0,0,0,0,0.395,0,0.328,0.113,0.748,0,0,0,0,0.476
15/12/2015 17:00,0,0,0,0,0,0,0,0.313,0,0.188,0.012,0.777,0,0,0,0,0.299
15/12/2015 18:00,0,0,0,0,0,0,0,0.24,0.022,0.012,0,0.76,0,0,0,0,0.098
15/12/2015 19:00,0,0,0,0,0,0,0,0.173,0.078,0,0,0.695,0,0,0,0,0
15/12/2015 20:00,0,0,0,0,0,0,0,0.106,0.14,0,0,0.566,0,0,0,0,0
15/12/2015 21:00,0,0,0,0,0,0,0,0.043,0.205,0,0,0.372,0,0,0,0,0
15/12/2015 22:00,0,0,0,0,0,0,0,0,0.252,0,0,0.132,0,0,0.03,0,0
15/12/2015 23:00,0,0,0,0,0,0,0,0,0.299,0,0,0,0,0,0.198,0,0
16/12/2015 00:00,0,0,0.2,0,0.3,0,0,0,0.335,0,0,0,0,0,0.408,0,0
16/12/2015 01:00,11.8,3.5,7.2,0,3.5,0.2,0.055,0,0.336,0,0,0,0,0,0.568,0,0
16/12/2015 02:00,33,15.8,20.4,8.5,15.3,10.1,0.258,0,0.302,0,0,0,0.001,0.028,0.671,0,0
16/12/2015 03:00,48.3,28,31.7,26.3,29.2,25.6,0.434,0,0.206,0,0,0,0.079,0.234,0.703,0,0
16/12/2015 04:00,57.2,36,38.6,38.4,38.7,36.5,0.546,0,0.119,0,0,0,0.238,0.454,0.639,0.068,0
16/12/2015 05:00,60.1,39.5,41.5,45,43.9,42.8,0.621,0,0.037,0,0,0,0.409,0.597,0.514,0.206,0
16/12/2015 06:00,57.9,39.4,40.2,47.5,45.7,45.6,0.598,0,0,0,0.009,0,0.543,0.631,0.411,0.352,0
16/12/2015 07:00,50.3,36.3,36,46.9,44.2,45.1,0.537,0,0,0,0.174,0,0.627,0.647,0.27,0.465,0
16/12/2015 08:00,37.2,29.6,28.3,43,39.5,41.5,0.442,0,0,0.113,0.398,0,0.665,0.605,0.11,0.537,0.034
16/12/2015 09:00,20.7,19.4,17.2,35.2,31.1,34.6,0.274,0,0,0.43,0.565,0,0.655,0.53,0,0.565,0.181
16/12/2015 10:00,5.3,8.3,5.1,24,20.3,24.3,0.079,0,0,0.608,0.661,0,0.597,0.362,0,0.545,0.278
16/12/2015 11:00,0,0.8,0,9.8,8,10.9,0,0.037,0,0.7,0.704,0,0.502,0.134,0,0.478,0.349
16/12/2015 12:00,0,0,0,0,0.1,0.5,0,0.2,0,0.728,0.725,0.057,0.357,0,0,0.365,0.441
16/12/2015 13:00,0,0,0,0,0,0,0,0.361,0,0.709,0.676,0.282,0.19,0,0,0.224,0.553
16/12/2015 14:00,0,0,0,0,0,0,0,0.461,0,0.642,0.579,0.511,0.053,0,0,0.088,0.645
16/12/2015 15:00,0,0,0,0,0,0,0,0.509,0,0.53,0.443,0.633,0,0,0,0.008,0.674
16/12/2015 16:00,0,0,0,0,0,0,0,0.524,0,0.399,0.239,0.696,0,0,0,0,0.57
16/12/2015 17:00,0,0,0,0,0,0,0,0.508,0,0.19,0.031,0.714,0,0,0,0,0.379
16/12/2015 18:00,0,0,0,0,0,0,0,0.426,0.027,0.008,0,0.659,0,0,0,0,0.122
16/12/2015 19:00,0,0,0,0,0,0,0,0.329,0.092,0,0,0.538,0,0,0,0,0
16/12/2015 20:00,0,0,0,0,0,0,0,0.218,0.172,0,0,0.379,0,0,0,0,0
16/12/2015 21:00,0,0,0,0,0,0,0,0.094,0.241,0,0,0.23,0,0,0,0,0
16/12/2015 22:00,0,0,0,0,0,0,0,0.004,0.285,0,0,0.081,0,0,0.034,0,0
16/12/2015 23:00,0,0,0,0,0,0,0,0,0.294,0,0,0,0,0,0.201,0,0
17/12/2015 00:00,0,0,0.1,0,0.3,0,0,0,0.301,0,0,0,0,0,0.376,0,0
17/12/2015 01:00,7.9,3.1,6.7,0,3.9,0.2,0.11,0,0.273,0,0,0,0,0,0.518,0,0
17/12/2015 02:00,25.3,14.4,19.1,7.2,16.7,9.5,0.336,0,0.225,0,0,0,0,0.045,0.61,0,0
17/12/2015 03:00,47.3,26.2,30.4,24.2,29.8,24.4,0.495,0,0.163,0,0,0,0.072,0.294,0.637,0,0
17/12/2015 04:00,59.1,34.2,37.9,36.8,38.1,35.1,0.607,0,0.109,0,0,0,0.212,0.511,0.61,0.072,0
17/12/2015 05:00,61.7,38.7,41.8,43.9,43.1,41.4,0.644,0,0.04,0,0,0,0.383,0.643,0.536,0.193,0
17/12/2015 06:00,59.1,39.2,41.1,45.9,44.5,43.9,0.607,0,0,0,0.013,0,0.496,0.709,0.414,0.297,0
17/12/2015 07:00,49.1,36.4,36.9,45.3,43.3,43.6,0.53,0,0,0,0.189,0,0.537,0.498,0.276,0.383,0
17/12/2015 08:00,38.5,29.8,28.6,41.2,38.4,40.2,0.434,0,0,0.099,0.39,0,0.447,0.298,0.117,0.42,0.057
17/12/2015 09:00,24.5,19.1,16.9,32.6,30.3,32.9,0.264,0,0,0.277,0.549,0,0.32,0.34,0,0.446,0.251
17/12/2015 10:00,7,7.7,5,21.2,19.6,22.8,0.076,0,0,0.487,0.649,0,0.281,0.382,0,0.426,0.493
17/12/2015 11:00,0,0.6,0,7.6,7.6,10,0,0.062,0,0.636,0.698,0,0.203,0.18,0,0.35,0.659
17/12/2015 12:00,0,0,0,0,0.1,0.4,0,0.259,0,0.69,0.701,0.055,0.129,0,0,0.249,0.759
17/12/2015 13:00,0,0,0,0,0,0,0,0.403,0,0.693,0.664,0.282,0.066,0,0,0.148,0.795
17/12/2015 14:00,0,0,0,0,0,0,0,0.447,0,0.651,0.581,0.532,0.011,0,0,0.066,0.777
17/12/2015 15:00,0,0,0,0,0,0,0,0.429,0,0.573,0.437,0.678,0,0,0,0.003,0.714
17/12/2015 16:00,0,0,0,0,0,0,0,0.45,0,0.412,0.235,0.753,0,0,0,0,0.592
17/12/2015 17:00,0,0,0,0,0,0,0,0.455,0,0.22,0.032,0.781,0,0,0,0,0.409
17/12/2015 18:00,0,0,0,0,0,0,0,0.41,0.039,0.015,0,0.765,0,0,0,0,0.157
17/12/2015 19:00,0,0,0,0,0,0,0,0.36,0.137,0,0,0.705,0,0,0,0,0
17/12/2015 20:00,0,0,0,0,0,0,0,0.243,0.242,0,0,0.594,0,0,0,0,0
17/12/2015 21:00,0,0,0,0,0,0,0,0.101,0.349,0,0,0.431,0,0,0,0,0
17/12/2015 22:00,0,0,0,0,0,0,0,0.003,0.425,0,0,0.177,0,0,0.017,0,0
17/12/2015 23:00,0,0,0,0,0,0,0,0,0.47,0,0,0,0,0,0.139,0,0
18/12/2015 00:00,0,0,0.1,0,0.3,0,0,0,0.457,0,0,0,0,0,0.306,0,0
18/12/2015 01:00,14,2.3,4.3,0,3.2,0.2,0.097,0,0.431,0,0,0,0,0,0.457,0,0
18/12/2015 02:00,33.9,12,14.3,5.8,14.3,10.2,0.324,0,0.367,0,0,0,0,0.041,0.56,0,0
18/12/2015 03:00,52.3,23.1,24.9,21.7,27.3,26,0.536,0,0.279,0,0,0,0.056,0.297,0.6,0,0
18/12/2015 04:00,61.7,31.1,31.8,34.8,35.7,36.9,0.657,0,0.179,0,0,0,0.18,0.513,0.594,0.072,0
18/12/2015 05:00,64.3,35.8,33.9,42.2,40.7,43.3,0.711,0,0.074,0,0,0,0.335,0.646,0.516,0.202,0
18/12/2015 06:00,61.8,37.3,35,44.2,42.3,45.6,0.669,0,0,0,0.016,0,0.456,0.699,0.388,0.33,0
18/12/2015 07:00,52.3,35.3,32.4,43.8,41,45.3,0.61,0,0,0.007,0.215,0,0.51,0.704,0.224,0.429,0
18/12/2015 08:00,39.7,29.3,26.3,39.7,36.2,41.7,0.489,0,0,0.208,0.43,0,0.502,0.659,0.08,0.496,0.096
18/12/2015 09:00,20,19.4,15.7,31.3,28.2,34.9,0.308,0,0,0.448,0.584,0,0.456,0.553,0,0.52,0.347
18/12/2015 10:00,4.3,8.8,4.4,19.8,17.7,24.5,0.097,0,0,0.61,0.676,0,0.377,0.383,0,0.516,0.544
18/12/2015 11:00,0,1,0,6.7,6.4,10.9,0,0.041,0,0.702,0.717,0,0.269,0.145,0,0.458,0.677
18/12/2015 12:00,0,0,0,0,0.1,0.5,0,0.191,0,0.74,0.715,0.04,0.154,0,0,0.352,0.748
18/12/2015 13:00,0,0,0,0,0,0,0,0.329,0,0.734,0.665,0.244,0.077,0,0,0.222,0.768
18/12/2015 14:00,0,0,0,0,0,0,0,0.439,0,0.687,0.566,0.507,0.017,0,0,0.092,0.744
18/12/2015 15:00,0,0,0,0,0,0,0,0.521,0,0.588,0.415,0.657,0,0,0,0.006,0.68
18/12/2015 16:00,0,0,0,0,0,0,0,0.574,0,0.441,0.211,0.733,0,0,0,0,0.554
18/12/2015 17:00,0,0,0,0,0,0,0,0.552,0,0.232,0.026,0.755,0,0,0,0,0.303
18/12/2015 18:00,0,0,0,0,0,0,0,0.484,0.07,0.014,0,0.725,0,0,0,0,0.042
18/12/2015 19:00,0,0,0,0,0,0,0,0.386,0.227,0,0,0.668,0,0,0,0,0
18/12/2015 20:00,0,0,0,0,0,0,0,0.276,0.39,0,0,0.539,0,0,0,0,0
18/12/2015 21:00,0,0,0,0,0,0,0,0.143,0.523,0,0,0.333,0,0,0,0,0
18/12/2015 22:00,0,0,0,0,0,0,0,0.01,0.615,0,0,0.106,0,0,0.049,0,0
18/12/2015 23:00,0,0,0,0,0,0,0,0,0.659,0,0,0,0,0,0.251,0,0
19/12/2015 00:00,0,0,0.1,0,0.3,0,0,0,0.661,0,0,0,0,0,0.448,0,0
19/12/2015 01:00,16.9,4.5,7,0,3.6,0.3,0.128,0,0.618,0,0,0,0,0,0.583,0,0
19/12/2015 02:00,38.8,18.7,21.4,6.5,15.3,10.5,0.38,0,0.528,0,0,0,0,0.011,0.664,0,0
19/12/2015 03:00,54.6,30.9,33.2,23,28.9,26.5,0.527,0,0.397,0,0,0,0.047,0.125,0.695,0,0
19/12/2015 04:00,63.2,38.9,40.1,35.8,38,37.4,0.647,0,0.239,0,0,0,0.194,0.28,0.668,0.059,0
19/12/2015 05:00,66,42.7,42.9,43,43.3,43.6,0.704,0,0.084,0,0,0,0.41,0.423,0.603,0.177,0
19/12/2015 06:00,65,42.4,41.7,47.2,44.7,45.8,0.706,0,0,0,0.007,0,0.552,0.497,0.504,0.306,0
19/12/2015 07:00,58.2,39.1,37.3,46.6,42.8,45.2,0.649,0,0,0,0.135,0,0.636,0.514,0.364,0.416,0
19/12/2015 08:00,44.9,32.7,29.5,42.6,38.3,41.5,0.529,0,0,0.131,0.311,0,0.676,0.477,0.161,0.471,0.057
19/12/2015 09:00,27.5,22.6,18,33.7,30,33.7,0.316,0,0,0.358,0.457,0,0.661,0.388,0,0.483,0.233
19/12/2015 10:00,8.5,10.3,5.6,22.2,19.4,23.2,0.095,0,0,0.609,0.551,0,0.599,0.252,0,0.466,0.441
19/12/2015 11:00,0,1,0,8,7.6,10.1,0,0.058,0,0.706,0.59,0,0.485,0.086,0,0.418,0.639
19/12/2015 12:00,0,0,0,0,0.1,0.5,0,0.263,0,0.74,0.656,0.03,0.348,0,0,0.332,0.759
19/12/2015 13:00,0,0,0,0,0,0,0,0.474,0,0.738,0.604,0.191,0.184,0,0,0.223,0.79
19/12/2015 14:00,0,0,0,0,0,0,0,0.619,0,0.693,0.502,0.35,0.052,0,0,0.094,0.76
19/12/2015 15:00,0,0,0,0,0,0,0,0.705,0,0.613,0.322,0.525,0,0,0,0.009,0.7
19/12/2015 16:00,0,0,0,0,0,0,0,0.736,0,0.469,0.145,0.617,0,0,0,0,0.582
19/12/2015 17:00,0,0,0,0,0,0,0,0.726,0,0.262,0.015,0.66,0,0,0,0,0.384
19/12/2015 18:00,0,0,0,0,0,0,0,0.665,0.059,0.019,0,0.536,0,0,0,0,0.099
19/12/2015 19:00,0,0,0,0,0,0,0,0.565,0.183,0,0,0.48,0,0,0,0,0
19/12/2015 20:00,0,0,0,0,0,0,0,0.398,0.322,0,0,0.369,0,0,0,0,0
19/12/2015 21:00,0,0,0,0,0,0,0,0.199,0.461,0,0,0.233,0,0,0,0,0
19/12/2015 22:00,0,0,0,0,0,0,0,0.017,0.573,0,0,0.08,0,0,0.043,0,0
19/12/2015 23:00,0,0,0,0,0,0,0,0,0.629,0,0,0,0,0,0.232,0,0
20/12/2015 00:00,0,0,0.2,0,0.3,0,0,0,0.633,0,0,0,0,0,0.424,0,0
20/12/2015 01:00,10.8,4.3,7.8,0,3.4,0.2,0.097,0,0.595,0,0,0,0,0,0.567,0,0
20/12/2015 02:00,30.2,18,22.3,6.3,14.8,8.9,0.32,0,0.509,0,0,0,0,0.015,0.658,0,0
20/12/2015 03:00,44.6,30.5,33.9,22.3,27.8,24.4,0.508,0,0.389,0,0,0,0.081,0.17,0.69,0,0
20/12/2015 04:00,53,38.6,40.6,34.9,37.1,35.6,0.636,0,0.234,0,0,0,0.224,0.371,0.682,0.07,0
20/12/2015 05:00,55.4,42.4,43.3,42.2,42.4,42,0.695,0,0.081,0,0,0,0.386,0.527,0.6,0.18,0
20/12/2015 06:00,56.6,41.7,41.9,43.3,44.4,44.1,0.685,0,0,0,0.008,0,0.497,0.593,0.413,0.293,0
20/12/2015 07:00,49.5,38.2,37.5,42.7,43.5,43.7,0.626,0,0,0.016,0.149,0,0.6,0.64,0.249,0.432,0
20/12/2015 08:00,36.3,30.9,29.5,38.7,38.8,40,0.504,0,0,0.276,0.353,0,0.638,0.607,0.102,0.465,0.035
20/12/2015 09:00,20.1,20.1,17.1,31.6,30.8,33.1,0.314,0,0,0.501,0.433,0,0.638,0.462,0,0.483,0.184
20/12/2015 10:00,4.9,8.7,5,20.2,20,22.8,0.093,0,0,0.645,0.535,0,0.589,0.296,0,0.448,0.326
20/12/2015 11:00,0,0.8,0,6.9,7.5,9.8,0,0.036,0,0.725,0.587,0,0.496,0.096,0,0.381,0.42
20/12/2015 12:00,0,0,0,0,0.1,0.4,0,0.195,0,0.759,0.633,0.031,0.357,0,0,0.293,0.465
20/12/2015 13:00,0,0,0,0,0,0,0,0.377,0,0.76,0.583,0.201,0.184,0,0,0.177,0.449
20/12/2015 14:00,0,0,0,0,0,0,0,0.486,0,0.718,0.481,0.41,0.059,0,0,0.086,0.405
20/12/2015 15:00,0,0,0,0,0,0,0,0.528,0,0.616,0.328,0.552,0,0,0,0.005,0.352
20/12/2015 16:00,0,0,0,0,0,0,0,0.524,0,0.466,0.148,0.631,0,0,0,0,0.337
20/12/2015 17:00,0,0,0,0,0,0,0,0.473,0,0.23,0.016,0.696,0,0,0,0,0.29
20/12/2015 18:00,0,0,0,0,0,0,0,0.432,0.055,0.012,0,0.602,0,0,0,0,0.092
20/12/2015 19:00,0,0,0,0,0,0,0,0.349,0.177,0,0,0.515,0,0,0,0,0
20/12/2015 20:00,0,0,0,0,0,0,0,0.25,0.326,0,0,0.403,0,0,0,0,0
20/12/2015 21:00,0,0,0,0,0,0,0,0.129,0.484,0,0,0.259,0,0,0,0,0
20/12/2015 22:00,0,0,0,0,0,0,0,0.008,0.6,0,0,0.092,0,0,0.033,0,0
20/12/2015 23:00,0,0,0,0,0,0,0,0,0.649,0,0,0,0,0,0.206,0,0
21/12/2015 00:00,0,0,0.3,0,0.3,0,0,0,0.646,0,0,0,0,0,0.397,0,0
21/12/2015 01:00,13.6,2.8,7.6,0,4.1,0.1,0.061,0,0.607,0,0,0,0,0,0.525,0,0
21/12/2015 02:00,34.5,13.4,19.9,6.7,16.7,9,0.2,0,0.521,0,0,0,0.003,0.034,0.607,0,0
21/12/2015 03:00,52.5,25.4,31.6,23.3,29.7,24.5,0.343,0,0.388,0,0,0,0.086,0.268,0.638,0,0
21/12/2015 04:00,60.5,33.5,38.2,36,37.7,35.9,0.433,0,0.233,0,0,0,0.236,0.491,0.63,0.021,0
21/12/2015 05:00,62.5,36.9,41,43.1,43.1,42.5,0.474,0,0.081,0,0,0,0.394,0.63,0.579,0.072,0
21/12/2015 06:00,59.9,35.8,40.3,44.9,45.2,44.7,0.431,0,0,0,0.007,0,0.528,0.653,0.465,0.133,0
21/12/2015 07:00,50.8,32.9,35.8,44.4,43.7,44.2,0.352,0,0,0.007,0.137,0,0.625,0.671,0.324,0.189,0
21/12/2015 08:00,38,26.1,27.9,40.4,39.3,40.5,0.316,0,0,0.196,0.331,0,0.664,0.634,0.126,0.215,0.034
21/12/2015 09:00,20.2,16.5,16.8,31.8,30.9,33.3,0.224,0,0,0.402,0.491,0,0.599,0.465,0,0.249,0.165
21/12/2015 10:00,4.6,6.7,4.8,20.5,19.9,22.8,0.043,0,0,0.537,0.595,0,0.458,0.299,0,0.26,0.329
21/12/2015 11:00,0,0.5,0,7,8.1,9.8,0,0.014,0,0.617,0.647,0,0.304,0.098,0,0.241,0.432
21/12/2015 12:00,0,0,0,0,0.2,0.4,0,0.121,0,0.651,0.64,0.029,0.186,0,0,0.199,0.443
21/12/2015 13:00,0,0,0,0,0,0,0,0.292,0,0.662,0.595,0.204,0.086,0,0,0.133,0.381
21/12/2015 14:00,0,0,0,0,0,0,0,0.482,0,0.655,0.497,0.391,0.017,0,0,0.057,0.309
21/12/2015 15:00,0,0,0,0,0,0,0,0.596,0,0.591,0.344,0.554,0,0,0,0,0.317
21/12/2015 16:00,0,0,0,0,0,0,0,0.645,0,0.44,0.158,0.673,0,0,0,0,0.397
21/12/2015 17:00,0,0,0,0,0,0,0,0.605,0,0.216,0.018,0.715,0,0,0,0,0.34
21/12/2015 18:00,0,0,0,0,0,0,0,0.487,0.061,0.011,0,0.705,0,0,0,0,0.078
21/12/2015 19:00,0,0,0,0,0,0,0,0.39,0.222,0,0,0.64,0,0,0,0,0
21/12/2015 20:00,0,0,0,0,0,0,0,0.266,0.393,0,0,0.53,0,0,0,0,0
21/12/2015 21:00,0,0,0,0,0,0,0,0.117,0.529,0,0,0.334,0,0,0,0,0
21/12/2015 22:00,0,0,0,0,0,0,0,0.005,0.618,0,0,0.11,0,0,0.036,0,0
21/12/2015 23:00,0,0,0,0,0,0,0,0,0.665,0,0,0,0,0,0.225,0,0
22/12/2015 00:00,0,0,0.3,0,0.2,0,0,0,0.667,0,0,0,0,0,0.43,0,0
22/12/2015 01:00,12.1,2.5,7.8,0,4.3,0.3,0.073,0,0.623,0,0,0,0,0,0.576,0,0
22/12/2015 02:00,35,12.3,19.2,5.9,18.3,9.2,0.269,0,0.533,0,0,0,0.001,0.029,0.669,0,0
22/12/2015 03:00,51.8,23.3,28.9,21,30.9,24.4,0.459,0,0.404,0,0,0,0.087,0.246,0.706,0,0
22/12/2015 04:00,60.9,30.6,34.8,33.5,39.4,35.6,0.59,0,0.239,0,0,0,0.24,0.467,0.702,0.056,0
22/12/2015 05:00,63.8,35.3,36.9,40.8,44.2,42.1,0.656,0,0.082,0,0,0,0.397,0.609,0.64,0.162,0
22/12/2015 06:00,63.1,35.7,37.8,43.7,45.7,44.3,0.669,0,0,0,0.007,0,0.519,0.663,0.519,0.256,0
22/12/2015 07:00,56,33.2,34.5,43.1,44.4,43.9,0.611,0,0,0.004,0.131,0,0.577,0.673,0.356,0.349,0
22/12/2015 08:00,44.5,26.9,28,38.9,39.7,40.2,0.464,0,0,0.163,0.306,0,0.595,0.63,0.162,0.418,0.052
22/12/2015 09:00,28.1,17.4,17.8,28.5,31.6,32.5,0.245,0,0,0.398,0.428,0,0.528,0.528,0,0.447,0.214
22/12/2015 10:00,8.9,7.4,5.5,17.2,21,22,0.069,0,0,0.573,0.524,0,0.405,0.354,0,0.431,0.412
22/12/2015 11:00,0,0.6,0,5.2,8.5,9,0,0.022,0,0.643,0.558,0,0.3,0.124,0,0.358,0.59
22/12/2015 12:00,0,0,0,0,0.2,0.3,0,0.105,0,0.661,0.556,0.036,0.213,0,0,0.28,0.647
22/12/2015 13:00,0,0,0,0,0,0,0,0.228,0,0.668,0.479,0.212,0.104,0,0,0.182,0.554
22/12/2015 14:00,0,0,0,0,0,0,0,0.433,0,0.627,0.379,0.429,0.023,0,0,0.086,0.442
22/12/2015 15:00,0,0,0,0,0,0,0,0.595,0,0.527,0.264,0.613,0,0,0,0.006,0.486
22/12/2015 16:00,0,0,0,0,0,0,0,0.677,0,0.364,0.139,0.694,0,0,0,0,0.529
22/12/2015 17:00,0,0,0,0,0,0,0,0.7,0,0.157,0.018,0.733,0,0,0,0,0.394
22/12/2015 18:00,0,0,0,0,0,0,0,0.656,0.068,0.007,0,0.72,0,0,0,0,0.111
22/12/2015 19:00,0,0,0,0,0,0,0,0.579,0.214,0,0,0.668,0,0,0,0,0
22/12/2015 20:00,0,0,0,0,0,0,0,0.448,0.369,0,0,0.538,0,0,0,0,0
22/12/2015 21:00,0,0,0,0,0,0,0,0.228,0.501,0,0,0.358,0,0,0,0,0
22/12/2015 22:00,0,0,0,0,0,0,0,0.018,0.585,0,0,0.106,0,0,0.013,0,0
22/12/2015 23:00,0,0,0,0,0,0,0,0,0.626,0,0,0,0,0,0.124,0,0
23/12/2015 00:00,0,0,0.3,0,0.3,0,0,0,0.631,0,0,0,0,0,0.272,0,0
23/12/2015 01:00,17.9,3.1,9,0,3.6,0.2,0.066,0,0.585,0,0,0,0,0,0.414,0,0
23/12/2015 02:00,40.6,14.2,22.6,4.3,15.7,8.3,0.239,0,0.502,0,0,0,0,0.037,0.567,0,0
23/12/2015 03:00,55,26.1,33.6,18.3,29.5,23,0.449,0,0.371,0,0,0,0.073,0.281,0.649,0,0
23/12/2015 04:00,63.2,33.9,40.2,31.4,38.7,34.3,0.567,0,0.225,0,0,0,0.225,0.494,0.631,0.041,0
23/12/2015 05:00,66.3,38.5,43,39.2,43.7,41,0.626,0,0.08,0,0,0,0.391,0.577,0.509,0.137,0
23/12/2015 06:00,65.1,36.3,40.8,41.5,45.4,43.5,0.668,0,0,0,0.022,0,0.532,0.606,0.381,0.263,0
23/12/2015 07:00,58.5,32.8,36.6,40.9,43.9,43,0.611,0,0,0,0.253,0,0.618,0.573,0.238,0.405,0
23/12/2015 08:00,46.7,26.2,28.8,36.6,39.3,39.2,0.494,0,0,0.169,0.479,0,0.656,0.513,0.093,0.486,0.035
23/12/2015 09:00,30.1,15.9,17.7,30.2,31.6,32.6,0.309,0,0,0.445,0.632,0,0.655,0.388,0,0.506,0.303
23/12/2015 10:00,10.5,6.5,5.3,19.1,20.3,22.1,0.089,0,0,0.607,0.716,0,0.605,0.235,0,0.487,0.518
23/12/2015 11:00,0,0.5,0,6.5,7.9,9.2,0,0.057,0,0.701,0.736,0,0.511,0.089,0,0.423,0.655
23/12/2015 12:00,0,0,0,0,0.2,0.3,0,0.266,0,0.743,0.776,0.018,0.37,0,0,0.322,0.748
23/12/2015 13:00,0,0,0,0,0,0,0,0.478,0,0.74,0.691,0.145,0.191,0,0,0.201,0.774
23/12/2015 14:00,0,0,0,0,0,0,0,0.623,0,0.691,0.546,0.273,0.057,0,0,0.089,0.751
23/12/2015 15:00,0,0,0,0,0,0,0,0.689,0,0.597,0.456,0.381,0,0,0,0.007,0.651
23/12/2015 16:00,0,0,0,0,0,0,0,0.721,0,0.452,0.231,0.455,0,0,0,0,0.401
23/12/2015 17:00,0,0,0,0,0,0,0,0.711,0,0.242,0.029,0.458,0,0,0,0,0.147
23/12/2015 18:00,0,0,0,0,0,0,0,0.644,0.07,0.015,0,0.406,0,0,0,0,0.023
23/12/2015 19:00,0,0,0,0,0,0,0,0.54,0.204,0,0,0.333,0,0,0,0,0
23/12/2015 20:00,0,0,0,0,0,0,0,0.38,0.359,0,0,0.255,0,0,0,0,0
23/12/2015 21:00,0,0,0,0,0,0,0,0.175,0.489,0,0,0.138,0,0,0,0,0
23/12/2015 22:00,0,0,0,0,0,0,0,0.011,0.566,0,0,0.043,0,0,0.041,0,0
23/12/2015 23:00,0,0,0,0,0,0,0,0,0.638,0,0,0,0,0,0.236,0,0
24/12/2015 00:00,0,0,0.3,0,0.2,0,0,0,0.607,0,0,0,0,0,0.421,0,0
24/12/2015 01:00,19.2,2.4,7.4,0,3.7,0.2,0.126,0,0.587,0,0,0,0,0,0.561,0,0
24/12/2015 02:00,41.8,11.4,17.3,7.5,16.3,10.2,0.371,0,0.511,0,0,0,0.003,0.04,0.626,0,0
24/12/2015 03:00,57.1,22.2,25.9,24.8,29.5,26.3,0.56,0,0.387,0,0,0,0.08,0.289,0.6,0,0
24/12/2015 04:00,65.2,29.8,32,37.5,38,37.5,0.674,0,0.238,0,0,0,0.242,0.511,0.528,0.045,0
24/12/2015 05:00,67.9,33.7,34.9,44.4,42.8,43.9,0.725,0,0.083,0,0,0,0.405,0.647,0.386,0.169,0
24/12/2015 06:00,66.4,32.9,34.9,47.3,43.9,45.5,0.683,0,0,0,0.023,0,0.524,0.699,0.251,0.327,0
24/12/2015 07:00,60.2,30.1,31.3,46.9,42.6,45.2,0.621,0,0,0.007,0.263,0,0.604,0.71,0.13,0.453,0
24/12/2015 08:00,49,24.6,24.5,43,38.2,41.4,0.498,0,0,0.219,0.488,0,0.619,0.664,0.036,0.532,0.029
24/12/2015 09:00,33.3,16.1,15.5,34.7,29.1,33.1,0.275,0,0,0.452,0.651,0,0.57,0.56,0,0.551,0.112
24/12/2015 10:00,12.1,6.5,4.7,23,18.5,22.4,0.076,0,0,0.606,0.743,0,0.496,0.384,0,0.519,0.255
24/12/2015 11:00,0,0.5,0,8.5,7,9.4,0,0.016,0,0.696,0.779,0,0.336,0.141,0,0.456,0.512
24/12/2015 12:00,0,0,0,0,0.1,0.4,0,0.112,0,0.735,0.773,0.029,0.196,0,0,0.342,0.661
24/12/2015 13:00,0,0,0,0,0,0,0,0.232,0,0.729,0.725,0.197,0.072,0,0,0.232,0.726
24/12/2015 14:00,0,0,0,0,0,0,0,0.343,0,0.68,0.63,0.434,0.013,0,0,0.099,0.739
24/12/2015 15:00,0,0,0,0,0,0,0,0.431,0,0.602,0.483,0.638,0,0,0,0.009,0.668
24/12/2015 16:00,0,0,0,0,0,0,0,0.466,0,0.453,0.275,0.695,0,0,0,0,0.54
24/12/2015 17:00,0,0,0,0,0,0,0,0.434,0,0.242,0.045,0.75,0,0,0,0,0.346
24/12/2015 18:00,0,0,0,0,0,0,0,0.357,0.068,0.016,0,0.687,0,0,0,0,0.101
24/12/2015 19:00,0,0,0,0,0,0,0,0.293,0.213,0,0,0.535,0,0,0,0,0
24/12/2015 20:00,0,0,0,0,0,0,0,0.206,0.372,0,0,0.373,0,0,0,0,0
24/12/2015 21:00,0,0,0,0,0,0,0,0.108,0.513,0,0,0.25,0,0,0,0,0
24/12/2015 22:00,0,0,0,0,0,0,0,0.009,0.608,0,0,0.092,0,0,0,0,0
24/12/2015 23:00,0,0,0,0,0,0,0,0,0.634,0,0,0,0,0,0.05,0,0
25/12/2015 00:00,0,0,0.2,0,0.2,0,0,0,0.617,0,0,0,0,0,0.105,0,0
25/12/2015 01:00,17.8,3.2,7.5,0,3.7,0.3,0.096,0,0.597,0,0,0,0,0,0.145,0,0
25/12/2015 02:00,39.7,14.9,18.5,8.2,16.3,9.9,0.318,0,0.495,0,0,0,0,0.047,0.156,0,0
25/12/2015 03:00,54.1,26.7,27.6,25.5,30,25.9,0.5,0,0.383,0,0,0,0.075,0.308,0.142,0,0
25/12/2015 04:00,60.5,35.3,34.4,37.8,38.5,37.1,0.618,0,0.226,0,0,0,0.214,0.529,0.119,0.062,0
25/12/2015 05:00,60,40,39.3,44.6,43.3,43.7,0.678,0,0.081,0,0,0,0.373,0.663,0.105,0.206,0
25/12/2015 06:00,57.6,40.5,38.8,47.5,44.6,45.6,0.651,0,0,0,0.022,0,0.512,0.733,0.091,0.342,0
25/12/2015 07:00,50.6,37.6,34.6,46.7,42.8,45,0.585,0,0,0.003,0.256,0,0.585,0.745,0.066,0.41,0
25/12/2015 08:00,41.4,31.3,26.4,41.6,37.5,41.2,0.458,0,0,0.139,0.481,0,0.629,0.702,0.024,0.417,0.081
25/12/2015 09:00,27,20.8,15.2,33.3,30.4,33.8,0.272,0,0,0.375,0.632,0,0.624,0.571,0,0.419,0.331
25/12/2015 10:00,9.1,9,4.6,20.2,19.7,23.1,0.073,0,0,0.586,0.723,0,0.587,0.399,0,0.383,0.539
25/12/2015 11:00,0,0.8,0,6.4,7.6,9.6,0,0.049,0,0.691,0.759,0,0.489,0.156,0,0.287,0.678
25/12/2015 12:00,0,0,0,0,0.1,0.3,0,0.192,0,0.746,0.754,0.057,0.35,0,0,0.198,0.758
25/12/2015 13:00,0,0,0,0,0,0,0,0.3,0,0.76,0.703,0.302,0.194,0,0,0.146,0.788
25/12/2015 14:00,0,0,0,0,0,0,0,0.416,0,0.722,0.604,0.547,0.056,0,0,0.071,0.768
25/12/2015 15:00,0,0,0,0,0,0,0,0.49,0,0.631,0.465,0.686,0,0,0,0.002,0.696
25/12/2015 16:00,0,0,0,0,0,0,0,0.51,0,0.432,0.257,0.767,0,0,0,0,0.572
25/12/2015 17:00,0,0,0,0,0,0,0,0.504,0,0.179,0.039,0.787,0,0,0,0,0.385
25/12/2015 18:00,0,0,0,0,0,0,0,0.431,0.062,0.018,0,0.776,0,0,0,0,0.13
25/12/2015 19:00,0,0,0,0,0,0,0,0.359,0.194,0,0,0.71,0,0,0,0,0
25/12/2015 20:00,0,0,0,0,0,0,0,0.258,0.329,0,0,0.583,0,0,0,0,0
25/12/2015 21:00,0,0,0,0,0,0,0,0.131,0.441,0,0,0.387,0,0,0,0,0
25/12/2015 22:00,0,0,0,0,0,0,0,0.012,0.515,0,0,0.14,0,0,0.007,0,0
25/12/2015 23:00,0,0,0,0,0,0,0,0,0.551,0,0,0,0,0,0.092,0,0
26/12/2015 00:00,0,0,0.3,0,0.1,0,0,0,0.544,0,0,0,0,0,0.207,0,0
26/12/2015 01:00,20.1,5.1,9.2,0.1,3,0.3,0.098,0,0.51,0,0,0,0,0,0.333,0,0
26/12/2015 02:00,41.8,20.2,24,7.2,15.6,9.5,0.326,0,0.442,0,0,0,0.003,0.054,0.413,0,0
26/12/2015 03:00,57.2,32.4,35.3,20.1,28,22.8,0.519,0,0.335,0,0,0,0.067,0.329,0.433,0,0
26/12/2015 04:00,64.9,40.4,42,29.6,37,32.2,0.638,0,0.207,0,0,0,0.244,0.547,0.421,0.018,0
26/12/2015 05:00,67.7,44.2,44.6,37.5,42.4,37.1,0.688,0,0.078,0,0,0,0.411,0.677,0.36,0.105,0
26/12/2015 06:00,66.4,44.4,44.1,41.9,43.9,39.3,0.729,0,0,0,0.019,0,0.541,0.706,0.269,0.251,0
26/12/2015 07:00,60.4,41.3,39.8,43.5,42.6,39.5,0.662,0,0,0.017,0.242,0,0.619,0.715,0.146,0.358,0
26/12/2015 08:00,49.8,34.7,32,39.3,37.5,36.3,0.504,0,0,0.295,0.462,0,0.648,0.671,0.043,0.416,0.117
26/12/2015 09:00,34.1,24.5,20.5,29.5,29.8,29.7,0.242,0,0,0.522,0.612,0,0.599,0.597,0,0.412,0.375
26/12/2015 10:00,13.2,11.4,6.7,18.9,19.4,20.6,0.053,0,0,0.667,0.701,0,0.47,0.427,0,0.379,0.572
26/12/2015 11:00,0,1.1,0.1,6.9,7.8,8.9,0,0.013,0,0.751,0.738,0,0.328,0.176,0,0.291,0.704
26/12/2015 12:00,0,0,0,0,0.2,0.3,0,0.096,0,0.777,0.732,0.051,0.202,0,0,0.157,0.779
26/12/2015 13:00,0,0,0,0,0,0,0,0.192,0,0.771,0.686,0.278,0.106,0,0,0.1,0.808
26/12/2015 14:00,0,0,0,0,0,0,0,0.287,0,0.725,0.593,0.499,0.021,0,0,0.048,0.788
26/12/2015 15:00,0,0,0,0,0,0,0,0.354,0,0.64,0.432,0.678,0,0,0,0.002,0.72
26/12/2015 16:00,0,0,0,0,0,0,0,0.4,0,0.497,0.223,0.762,0,0,0,0,0.598
26/12/2015 17:00,0,0,0,0,0,0,0,0.43,0,0.289,0.027,0.797,0,0,0,0,0.414
26/12/2015 18:00,0,0,0,0,0,0,0,0.4,0.028,0.027,0,0.783,0,0,0,0,0.156
26/12/2015 19:00,0,0,0,0,0,0,0,0.308,0.118,0,0,0.724,0,0,0,0,0
26/12/2015 20:00,0,0,0,0,0,0,0,0.21,0.216,0,0,0.616,0,0,0,0,0
26/12/2015 21:00,0,0,0,0,0,0,0,0.093,0.314,0,0,0.452,0,0,0,0,0
26/12/2015 22:00,0,0,0,0,0,0,0,0.003,0.397,0,0,0.214,0,0,0,0,0
26/12/2015 23:00,0,0,0,0,0,0,0,0,0.422,0,0,0,0,0,0.062,0,0
27/12/2015 00:00,0,0,0.3,0,0.2,0,0,0,0.42,0,0,0,0,0,0.172,0,0
27/12/2015 01:00,21.5,6.1,9.8,0,3.4,0.3,0.104,0,0.372,0,0,0,0,0,0.276,0,0
27/12/2015 02:00,42.4,21.6,24.5,4.6,15.4,10.3,0.265,0,0.267,0,0,0,0.002,0.05,0.387,0,0
27/12/2015 03:00,55.7,34,35.6,17.6,28.9,24.8,0.311,0,0.164,0,0,0,0.076,0.318,0.467,0,0
27/12/2015 04:00,63.2,41.5,42,30.5,38,35.6,0.395,0,0.09,0,0,0,0.235,0.537,0.507,0.036,0
27/12/2015 05:00,66,45,44.5,38.4,43.1,42,0.403,0,0.028,0,0,0,0.404,0.669,0.501,0.106,0
27/12/2015 06:00,64.9,44.6,42.4,41,43.7,44.3,0.341,0,0,0,0.017,0,0.536,0.763,0.415,0.178,0
27/12/2015 07:00,59.1,41.5,38.1,40.3,42.2,43.9,0.352,0,0,0.016,0.221,0,0.612,0.769,0.301,0.246,0
27/12/2015 08:00,48.2,34.9,30.2,36.9,37.3,40.3,0.299,0,0,0.283,0.436,0,0.628,0.722,0.125,0.317,0.122
27/12/2015 09:00,31.2,23.7,17.3,30.2,29.6,33.3,0.225,0,0,0.509,0.6,0,0.576,0.536,0,0.332,0.382
27/12/2015 10:00,10.6,11.2,5,19.1,19.6,22.8,0.073,0,0,0.653,0.686,0,0.499,0.355,0,0.265,0.58
27/12/2015 11:00,0,1.4,0,6.5,7.6,9.7,0,0.017,0,0.736,0.724,0,0.406,0.122,0,0.221,0.713
27/12/2015 12:00,0,0,0,0,0.1,0.4,0,0.111,0,0.769,0.717,0.039,0.283,0,0,0.165,0.793
27/12/2015 13:00,0,0,0,0,0,0,0,0.206,0,0.762,0.659,0.235,0.149,0,0,0.109,0.821
27/12/2015 14:00,0,0,0,0,0,0,0,0.287,0,0.716,0.574,0.521,0.044,0,0,0.048,0.802
27/12/2015 15:00,0,0,0,0,0,0,0,0.333,0,0.615,0.437,0.679,0,0,0,0,0.73
27/12/2015 16:00,0,0,0,0,0,0,0,0.361,0,0.468,0.236,0.766,0,0,0,0,0.609
27/12/2015 17:00,0,0,0,0,0,0,0,0.367,0,0.255,0.034,0.796,0,0,0,0,0.423
27/12/2015 18:00,0,0,0,0,0,0,0,0.327,0.031,0.019,0,0.778,0,0,0,0,0.145
27/12/2015 19:00,0,0,0,0,0,0,0,0.249,0.122,0,0,0.716,0,0,0,0,0
27/12/2015 20:00,0,0,0,0,0,0,0,0.165,0.226,0,0,0.611,0,0,0,0,0
27/12/2015 21:00,0,0,0,0,0,0,0,0.081,0.321,0,0,0.448,0,0,0,0,0
27/12/2015 22:00,0,0,0,0,0,0,0,0.002,0.426,0,0,0.213,0,0,0.059,0,0
27/12/2015 23:00,0,0,0,0,0,0,0,0,0.493,0,0,0,0,0,0.278,0,0
28/12/2015 00:00,0,0,0.2,0,0.4,0,0,0,0.523,0,0,0,0,0,0.483,0,0
28/12/2015 01:00,17.8,4.9,7.4,0,3.7,0.4,0.108,0,0.52,0,0,0,0,0,0.612,0,0
28/12/2015 02:00,38.8,18.7,20,5.7,16.1,11.2,0.352,0,0.38,0,0,0,0,0.036,0.694,0,0
28/12/2015 03:00,53.8,30.2,29.4,20.1,29,25.9,0.518,0,0.28,0,0,0,0.077,0.279,0.726,0,0
28/12/2015 04:00,62,37.9,36.1,31.9,36.9,36.4,0.642,0,0.173,0,0,0,0.217,0.505,0.707,0.048,0
28/12/2015 05:00,65.1,41.6,39,38.6,41.4,42.6,0.701,0,0.065,0,0,0,0.38,0.646,0.653,0.159,0
28/12/2015 06:00,64.3,41.8,40.3,41.6,42.8,45.2,0.702,0,0,0,0.006,0,0.524,0.679,0.533,0.275,0
28/12/2015 07:00,58.4,38.5,35.9,41.3,41.6,44.8,0.648,0,0,0.01,0.131,0,0.618,0.687,0.379,0.351,0
28/12/2015 08:00,47.9,31.8,27.6,37.6,37.1,41.3,0.534,0,0,0.248,0.307,0,0.655,0.637,0.176,0.389,0.099
28/12/2015 09:00,31.8,22,16.3,29.4,29.8,34.3,0.315,0,0,0.477,0.457,0,0.647,0.505,0,0.428,0.312
28/12/2015 10:00,10.1,10.1,4.7,18.7,19.2,24,0.098,0,0,0.628,0.554,0,0.586,0.323,0,0.449,0.537
28/12/2015 11:00,0,1.1,0,6.2,7.4,10.8,0,0.019,0,0.712,0.598,0,0.486,0.103,0,0.39,0.71
28/12/2015 12:00,0,0,0,0,0.2,0.5,0,0.121,0,0.742,0.646,0.05,0.335,0,0,0.295,0.799
28/12/2015 13:00,0,0,0,0,0,0,0,0.249,0,0.739,0.585,0.275,0.156,0,0,0.148,0.825
28/12/2015 14:00,0,0,0,0,0,0,0,0.405,0,0.693,0.468,0.515,0.042,0,0,0.054,0.805
28/12/2015 15:00,0,0,0,0,0,0,0,0.522,0,0.603,0.218,0.674,0,0,0,0,0.736
28/12/2015 16:00,0,0,0,0,0,0,0,0.467,0,0.454,0.087,0.764,0,0,0,0,0.616
28/12/2015 17:00,0,0,0,0,0,0,0,0.467,0,0.239,0.006,0.793,0,0,0,0,0.433
28/12/2015 18:00,0,0,0,0,0,0,0,0.453,0.067,0.016,0,0.772,0,0,0,0,0.173
28/12/2015 19:00,0,0,0,0,0,0,0,0.365,0.208,0,0,0.698,0,0,0,0,0
28/12/2015 20:00,0,0,0,0,0,0,0,0.219,0.358,0,0,0.557,0,0,0,0,0
28/12/2015 21:00,0,0,0,0,0,0,0,0.079,0.454,0,0,0.337,0,0,0,0,0
28/12/2015 22:00,0,0,0,0,0,0,0,0.001,0.503,0,0,0.093,0,0,0.067,0,0
28/12/2015 23:00,0,0,0,0,0,0,0,0,0.509,0,0,0,0,0,0.284,0,0
29/12/2015 00:00,0,0,0.2,0,0.3,0,0,0,0.497,0,0,0,0,0,0.49,0,0
29/12/2015 01:00,18,3.6,6.4,0,4.3,0.4,0.161,0,0.465,0,0,0,0,0,0.618,0,0
29/12/2015 02:00,37.6,15.2,17.6,6.1,17.8,11.5,0.418,0,0.405,0,0,0,0,0.024,0.709,0,0
29/12/2015 03:00,50.3,27.4,27.8,20.2,29.8,26.5,0.599,0,0.308,0,0,0,0.013,0.224,0.751,0,0
29/12/2015 04:00,58.2,35.6,34.4,32,38,36.9,0.706,0,0.184,0,0,0,0.056,0.443,0.715,0.014,0
29/12/2015 05:00,60.4,39.7,36.8,38.8,42.8,42.8,0.75,0,0.058,0,0,0,0.12,0.588,0.685,0.051,0
29/12/2015 06:00,58.8,39.9,35.9,41.4,43.9,44.8,0.737,0,0,0,0.002,0,0.188,0.675,0.57,0.086,0
29/12/2015 07:00,50.3,36.5,30.5,42.1,43.5,44.1,0.681,0,0,0.011,0.107,0,0.243,0.686,0.428,0.118,0
29/12/2015 08:00,37.1,29.7,23.1,37.7,39.1,40.4,0.568,0,0,0.262,0.288,0,0.311,0.636,0.217,0.144,0.092
29/12/2015 09:00,22.3,20.5,13.2,28.5,31.1,33.5,0.378,0,0,0.493,0.445,0,0.365,0.456,0.003,0.148,0.352
29/12/2015 10:00,7.1,9.6,3.7,18.2,20.3,23.1,0.135,0,0,0.642,0.565,0,0.399,0.279,0,0.169,0.579
29/12/2015 11:00,0,1.1,0,6.3,8.4,10.1,0,0.043,0,0.731,0.627,0,0.353,0.082,0,0.232,0.719
29/12/2015 12:00,0,0,0,0,0.2,0.5,0,0.216,0,0.762,0.644,0.05,0.28,0,0,0.202,0.791
29/12/2015 13:00,0,0,0,0,0,0,0,0.35,0,0.756,0.597,0.272,0.169,0,0,0.123,0.818
29/12/2015 14:00,0,0,0,0,0,0,0,0.433,0,0.709,0.5,0.514,0.056,0,0,0.049,0.795
29/12/2015 15:00,0,0,0,0,0,0,0,0.518,0,0.611,0.352,0.668,0,0,0,0,0.726
29/12/2015 16:00,0,0,0,0,0,0,0,0.571,0,0.46,0.167,0.752,0,0,0,0,0.596
29/12/2015 17:00,0,0,0,0,0,0,0,0.579,0,0.241,0.018,0.779,0,0,0,0,0.397
29/12/2015 18:00,0,0,0,0,0,0,0,0.539,0.074,0.017,0,0.756,0,0,0,0,0.14
29/12/2015 19:00,0,0,0,0,0,0,0,0.461,0.212,0,0,0.693,0,0,0,0,0
29/12/2015 20:00,0,0,0,0,0,0,0,0.346,0.332,0,0,0.57,0,0,0,0,0
29/12/2015 21:00,0,0,0,0,0,0,0,0.164,0.434,0,0,0.408,0,0,0,0,0
29/12/2015 22:00,0,0,0,0,0,0,0,0.011,0.539,0,0,0.16,0,0,0.062,0,0
29/12/2015 23:00,0,0,0,0,0,0,0,0,0.578,0,0,0,0,0,0.263,0,0
30/12/2015 00:00,0,0,0.1,0,0.3,0,0,0,0.549,0,0,0,0,0,0.43,0,0
30/12/2015 01:00,12.2,4.8,5.4,0,4.5,0.4,0.144,0,0.507,0,0,0,0,0,0.54,0,0
30/12/2015 02:00,30.3,17.9,15.4,7.6,19.1,11,0.37,0,0.441,0,0,0,0,0.028,0.601,0,0
30/12/2015 03:00,45.2,30.1,25.4,23.8,31.6,25.9,0.552,0,0.354,0,0,0,0.05,0.245,0.577,0,0
30/12/2015 04:00,54.5,37.9,33.3,35.8,39.9,36.3,0.633,0,0.231,0,0,0,0.116,0.467,0.501,0.028,0
30/12/2015 05:00,57.9,41.5,34.8,42.4,44.8,42.2,0.565,0,0.091,0,0,0,0.189,0.61,0.401,0.099,0
30/12/2015 06:00,56.3,40.2,33.4,45.2,46.3,45,0.62,0,0,0,0.011,0,0.273,0.706,0.283,0.206,0
30/12/2015 07:00,49.6,36.9,29.8,44.6,45.2,44.6,0.654,0,0,0.011,0.2,0,0.356,0.716,0.172,0.252,0
30/12/2015 08:00,36.6,30.7,22.6,40.6,40.8,41,0.542,0,0,0.25,0.438,0,0.417,0.668,0.065,0.26,0.079
30/12/2015 09:00,21.2,21.3,12.4,32.8,33.2,34.2,0.35,0,0,0.484,0.604,0,0.429,0.553,0,0.259,0.327
30/12/2015 10:00,5.3,10,3.4,21.6,22.4,23.9,0.114,0,0,0.637,0.701,0,0.419,0.37,0,0.259,0.533
30/12/2015 11:00,0,1.3,0,7.8,9.1,10.7,0,0.051,0,0.726,0.736,0,0.364,0.128,0,0.238,0.669
30/12/2015 12:00,0,0,0,0,0.2,0.5,0,0.232,0,0.761,0.701,0.049,0.275,0,0,0.187,0.756
30/12/2015 13:00,0,0,0,0,0,0,0,0.43,0,0.756,0.644,0.263,0.18,0,0,0.107,0.783
30/12/2015 14:00,0,0,0,0,0,0,0,0.587,0,0.709,0.533,0.54,0.064,0,0,0.036,0.751
30/12/2015 15:00,0,0,0,0,0,0,0,0.671,0,0.616,0.375,0.672,0,0,0,0,0.685
30/12/2015 16:00,0,0,0,0,0,0,0,0.701,0,0.466,0.176,0.749,0,0,0,0,0.577
30/12/2015 17:00,0,0,0,0,0,0,0,0.681,0,0.249,0.019,0.777,0,0,0,0,0.382
30/12/2015 18:00,0,0,0,0,0,0,0,0.628,0.066,0.012,0,0.759,0,0,0,0,0.129
30/12/2015 19:00,0,0,0,0,0,0,0,0.536,0.194,0,0,0.672,0,0,0,0,0
30/12/2015 20:00,0,0,0,0,0,0,0,0.371,0.308,0,0,0.545,0,0,0,0,0
30/12/2015 21:00,0,0,0,0,0,0,0,0.177,0.405,0,0,0.315,0,0,0,0,0
30/12/2015 22:00,0,0,0,0,0,0,0,0.015,0.483,0,0,0.13,0,0,0.065,0,0
30/12/2015 23:00,0,0,0,0,0,0,0,0,0.521,0,0,0,0,0,0.291,0,0
31/12/2015 00:00,0,0,0.1,0,0.3,0,0,0,0.551,0,0,0,0,0,0.492,0,0
31/12/2015 01:00,12.8,4.2,4.3,0,4.1,0.3,0.145,0,0.534,0,0,0,0,0,0.624,0,0
31/12/2015 02:00,27.9,16.9,12.8,8.4,17.9,11,0.392,0,0.473,0,0,0,0,0.017,0.692,0,0
31/12/2015 03:00,38.4,28.4,21.3,25.1,31.1,25.8,0.573,0,0.353,0,0,0,0.037,0.183,0.71,0,0
31/12/2015 04:00,51.8,35.9,27.3,36.9,40,36,0.681,0,0.214,0,0,0,0.109,0.386,0.697,0.049,0
31/12/2015 05:00,56.1,39.8,29,42.8,44.6,41.4,0.727,0,0.082,0,0,0,0.182,0.532,0.632,0.158,0
31/12/2015 06:00,54.9,41.1,30.7,41.4,45.9,43.4,0.723,0,0,0,0.019,0,0.246,0.629,0.543,0.294,0
31/12/2015 07:00,49.3,38,29.5,36,44.3,43.3,0.665,0,0,0,0.252,0,0.307,0.641,0.382,0.359,0
31/12/2015 08:00,39.3,31.6,24.2,28.7,40,39.7,0.547,0,0,0.109,0.479,0,0.336,0.589,0.173,0.373,0.006
31/12/2015 09:00,24.1,22.2,15.1,22.5,31.8,32.9,0.343,0,0,0.324,0.61,0,0.363,0.451,0,0.375,0.087
31/12/2015 10:00,6.7,10.5,4.3,14.8,21.2,23,0.101,0,0,0.52,0.704,0,0.375,0.267,0,0.334,0.208
31/12/2015 11:00,0,1.3,0,4.8,8.5,10.1,0,0.055,0,0.633,0.742,0,0.366,0.074,0,0.258,0.325
31/12/2015 12:00,0,0,0,0,0.2,0.5,0,0.217,0,0.685,0.728,0.054,0.303,0,0,0.227,0.569
31/12/2015 13:00,0,0,0,0,0,0,0,0.362,0,0.698,0.675,0.286,0.176,0,0,0.152,0.708
31/12/2015 14:00,0,0,0,0,0,0,0,0.451,0,0.662,0.572,0.54,0.036,0,0,0.073,0.651
31/12/2015 15:00,0,0,0,0,0,0,0,0.511,0,0.581,0.418,0.679,0,0,0,0.003,0.443
31/12/2015 16:00,0,0,0,0,0,0,0,0.579,0,0.44,0.214,0.758,0,0,0,0,0.321
31/12/2015 17:00,0,0,0,0,0,0,0,0.629,0,0.215,0.028,0.79,0,0,0,0,0.099
31/12/2015 18:00,0,0,0,0,0,0,0,0.66,0.069,0.015,0,0.776,0,0,0,0,0.017
31/12/2015 19:00,0,0,0,0,0,0,0,0.57,0.22,0,0,0.711,0,0,0,0,0
31/12/2015 20:00,0,0,0,0,0,0,0,0.432,0.378,0,0,0.606,0,0,0,0,0
31/12/2015 21:00,0,0,0,0,0,0,0,0.236,0.506,0,0,0.445,0,0,0,0,0
31/12/2015 22:00,0,0,0,0,0,0,0,0.028,0.595,0,0,0.207,0,0,0.092,0,0
31/12/2015 23:00,0,0,0,0,0,21.9,0,0,0.624,0,0,0,0,0,0.291,0,0