Datetime,BTNXX,INDEA,INDNE,INDNO,INDSO,INDWE,BGDXX,COLXX,FJIXX,GMBXX,GHAXX,HNDXX,MDGXX,PAKXX,PHLXX,TZAXX,CPVXX
01/01/2015 00:00,0.1,12.6,2.9,31.5,2.8,20.5,0.043,0.653,0.961,0.123,0.481,0.167,0.196,0,0.294,0.125,0.502
01/01/2015 01:00,0.2,12.3,3.4,31.3,2.3,19.3,0.048,0.798,0.916,0.167,0.467,0.203,0.194,0,0.272,0.111,0.565
01/01/2015 02:00,0.2,12.1,2.2,28.4,1.5,17.1,0.018,0.668,0.853,0.192,0.459,0.179,0.184,0,0.224,0.095,0.613
01/01/2015 03:00,0.2,14.2,0.7,17,1.9,14.8,0.007,0.58,0.8,0.21,0.433,0.143,0.158,0,0.158,0.079,0.64
01/01/2015 04:00,0.3,13.5,0.4,10.1,2.1,14,0.004,0.581,0.76,0.248,0.388,0.12,0.21,0,0.1,0.107,0.672
01/01/2015 05:00,0.7,14,0.4,15.2,2.5,13.8,0.001,0.652,0.72,0.329,0.323,0.114,0.187,0,0.06,0.189,0.698
01/01/2015 06:00,1.3,17.4,0.4,20.8,3.5,14.2,0,0.683,0.706,0.404,0.248,0.113,0.154,0,0.039,0.207,0.723
01/01/2015 07:00,2,19.7,0.4,18,5.1,14.5,0,0.66,0.718,0.467,0.101,0.114,0.119,0,0.025,0.161,0.756
01/01/2015 08:00,2.6,17.7,0.3,17.8,7.1,15.3,0,0.601,0.73,0.376,0.104,0.118,0.085,0,0.016,0.101,0.791
01/01/2015 09:00,1.8,15.4,0.1,21,9.8,17.3,0,0.613,0.734,0.231,0.336,0.12,0.051,0,0.015,0.066,0.822
01/01/2015 10:00,0.3,11.8,0.1,26.1,12,20.1,0,0.557,0.737,0.338,0.399,0.153,0.026,0.003,0.026,0.046,0.843
01/01/2015 11:00,0.1,10.5,0.1,29.7,12.4,22.8,0.002,0.507,0.741,0.503,0.372,0.17,0.011,0.023,0.045,0.038,0.848
01/01/2015 12:00,0,10.6,0.2,34.8,12.5,25.9,0.009,0.473,0.742,0.571,0.301,0.176,0.003,0.057,0.072,0.037,0.845
01/01/2015 13:00,0,11.3,0.6,36.7,12.7,29.2,0.027,0.302,0.726,0.559,0.253,0.112,0.001,0.07,0.109,0.046,0.835
01/01/2015 14:00,0.1,11.6,0.8,35.4,11.6,28.3,0.053,0.135,0.701,0.488,0.228,0.181,0.001,0.051,0.136,0.079,0.824
01/01/2015 15:00,0.1,12,0.9,33.4,9.8,27.1,0.08,0.111,0.72,0.38,0.21,0.28,0.014,0.031,0.147,0.152,0.811
01/01/2015 16:00,0.1,10.4,0.9,31.4,7.8,25.4,0.109,0.108,0.777,0.257,0.161,0.343,0.044,0.021,0.159,0.261,0.777
01/01/2015 17:00,0.1,9.3,1.1,30.3,6.3,23.1,0.118,0.127,0.831,0.169,0.116,0.344,0.046,0.011,0.174,0.344,0.734
01/01/2015 18:00,0.2,9.3,1.2,29.1,5.3,20.5,0.096,0.136,0.884,0.127,0.079,0.332,0.037,0.005,0.201,0.361,0.695
01/01/2015 19:00,0.2,9.5,1.5,27.9,4.5,18.5,0.067,0.114,0.914,0.101,0.07,0.311,0.046,0.003,0.255,0.32,0.663
01/01/2015 20:00,0.2,9.3,1.5,25.2,4,17.8,0.043,0.083,0.92,0.102,0.106,0.295,0.063,0.002,0.367,0.264,0.668
01/01/2015 21:00,0.3,9.4,1.5,22.6,3.4,16.9,0.029,0.061,0.913,0.16,0.214,0.212,0.082,0.001,0.476,0.237,0.702
01/01/2015 22:00,0.3,9.5,1.5,20.1,2.8,15.8,0.022,0.095,0.908,0.305,0.334,0.159,0.103,0.001,0.518,0.211,0.722
01/01/2015 23:00,0.3,10,1.5,18,2.4,15,0.017,0.123,0.913,0.494,0.37,0.185,0.137,0.001,0.507,0.189,0.708
02/01/2015 00:00,0.2,10,1.3,16.2,2,14.5,0.013,0.107,0.92,0.648,0.355,0.201,0.16,0.004,0.487,0.163,0.663
02/01/2015 01:00,0.1,9.1,1.2,15.2,1.5,14.1,0.008,0.077,0.93,0.684,0.334,0.187,0.15,0.01,0.452,0.153,0.607
02/01/2015 02:00,0,7.3,0.2,13.3,0.6,11.4,0.001,0.05,0.937,0.652,0.308,0.162,0.132,0.009,0.348,0.138,0.558
02/01/2015 03:00,0.2,6.4,0.2,7.5,0.6,10.6,0,0.035,0.94,0.654,0.284,0.153,0.118,0.004,0.229,0.107,0.535
02/01/2015 04:00,0.6,7.5,0.3,5.8,1,11.3,0,0.016,0.938,0.678,0.245,0.131,0.12,0,0.138,0.116,0.547
02/01/2015 05:00,1.2,8.3,0.5,9.6,2,12,0,0.003,0.93,0.682,0.213,0.122,0.095,0.001,0.081,0.211,0.583
02/01/2015 06:00,2.6,8.9,0.7,10.8,3.8,11.6,0,0.002,0.924,0.669,0.173,0.139,0.066,0.006,0.049,0.22,0.619
02/01/2015 07:00,4.1,9.5,0.8,9.5,5.6,10.9,0,0.002,0.92,0.653,0.061,0.15,0.038,0.01,0.029,0.184,0.661
02/01/2015 08:00,4.8,9.7,0.9,8,7,10.1,0,0.001,0.916,0.523,0.055,0.16,0.016,0.016,0.015,0.129,0.71
02/01/2015 09:00,3.7,9.1,1,7.3,7.5,9.4,0,0,0.901,0.481,0.092,0.166,0.005,0.017,0.01,0.087,0.752
02/01/2015 10:00,1.2,7.6,0.9,7.5,7.5,8.9,0.001,0,0.865,0.713,0.169,0.179,0.004,0.017,0.008,0.069,0.789
02/01/2015 11:00,0.2,8.3,0.8,9.5,7.3,8.6,0.001,0,0.808,0.735,0.229,0.165,0.007,0.026,0.016,0.068,0.819
02/01/2015 12:00,0.1,9,0.9,13,8.6,10.5,0.001,0.004,0.74,0.676,0.204,0.137,0.014,0.044,0.047,0.077,0.832
02/01/2015 13:00,0.2,9,1.3,15.7,10.7,13.6,0.003,0.008,0.689,0.563,0.168,0.129,0.017,0.06,0.071,0.094,0.827
02/01/2015 14:00,0.4,8.4,1.4,15.8,10.8,15.4,0.008,0.015,0.661,0.458,0.141,0.268,0.006,0.054,0.068,0.118,0.816
02/01/2015 15:00,0.6,7.1,1.3,14.5,9.1,15.7,0.021,0.005,0.689,0.374,0.116,0.394,0.001,0.031,0.045,0.175,0.798
02/01/2015 16:00,0.7,5.5,0.9,13.2,6.6,14.8,0.034,0,0.744,0.277,0.092,0.441,0.011,0.013,0.035,0.294,0.784
02/01/2015 17:00,0.7,3.9,0.6,12.5,4.4,13.8,0.029,0,0.784,0.209,0.064,0.397,0.017,0.005,0.031,0.389,0.774
02/01/2015 18:00,0.5,3.1,0.4,12.6,2.9,13.2,0.012,0.001,0.808,0.206,0.038,0.321,0.018,0.001,0.025,0.402,0.766
02/01/2015 19:00,0.4,2.6,0.4,13,2.3,12.3,0.003,0.003,0.823,0.225,0.03,0.243,0.061,0,0.023,0.345,0.756
02/01/2015 20:00,0.3,2.3,0.5,12.7,2,11.5,0.002,0.002,0.833,0.311,0.029,0.164,0.098,0,0.026,0.296,0.749
02/01/2015 21:00,0.3,2.4,0.6,11.5,2,10.6,0.004,0,0.826,0.488,0.023,0.117,0.132,0,0.042,0.234,0.744
02/01/2015 22:00,0.3,2.7,0.6,10.1,2.1,9.4,0.004,0,0.806,0.666,0.005,0.074,0.168,0.002,0.061,0.181,0.74
02/01/2015 23:00,0.3,3.2,0.6,8.7,1.9,8.1,0.004,0.006,0.794,0.778,0,0.063,0.199,0.027,0.068,0.144,0.728
03/01/2015 00:00,0.3,3.8,0.8,7.3,1.8,7,0.003,0.013,0.797,0.827,0.001,0.064,0.217,0.087,0.079,0.112,0.7
03/01/2015 01:00,0.6,3.9,0.8,5.9,1.4,5.9,0.002,0.017,0.806,0.838,0.017,0.045,0.238,0.142,0.094,0.082,0.672
03/01/2015 02:00,0.3,2.1,0.1,4.6,0.5,3.6,0,0.007,0.816,0.826,0.05,0.054,0.252,0.168,0.101,0.06,0.642
03/01/2015 03:00,0.3,2,0.2,2,0.3,1.2,0,0.005,0.824,0.782,0.065,0.061,0.182,0.093,0.09,0.045,0.593
03/01/2015 04:00,1.2,2.2,0.6,0.6,0.6,0.8,0,0.017,0.834,0.746,0.059,0.073,0.119,0.017,0.075,0.051,0.55
03/01/2015 05:00,4.3,1.4,1.2,0.3,1.3,1.1,0.002,0.076,0.845,0.733,0.036,0.083,0.041,0.001,0.066,0.129,0.506
03/01/2015 06:00,5.9,0.7,1.8,0.3,1.9,1.5,0.007,0.143,0.85,0.732,0.014,0.09,0.012,0,0.061,0.149,0.474
03/01/2015 07:00,5.9,0.4,2.1,0.1,2,2,0.02,0.155,0.855,0.707,0.002,0.113,0.005,0,0.055,0.132,0.466
03/01/2015 08:00,5.4,0.3,2.3,0.1,1.8,2.4,0.037,0.119,0.862,0.498,0,0.117,0.001,0.001,0.049,0.094,0.47
03/01/2015 09:00,3.9,0.4,2.3,0.1,1.6,2.8,0.053,0.179,0.875,0.379,0.007,0.092,0,0.003,0.046,0.073,0.492
03/01/2015 10:00,1.1,0.6,1.7,0.2,1.6,3,0.074,0.228,0.88,0.58,0.03,0.074,0,0.004,0.048,0.068,0.523
03/01/2015 11:00,0.2,0.9,1.2,0.3,1.9,3.6,0.096,0.211,0.852,0.539,0.037,0.097,0,0.005,0.065,0.072,0.53
03/01/2015 12:00,0.2,1.8,1.1,1,4.8,7.2,0.112,0.186,0.768,0.395,0.041,0.093,0.008,0.007,0.105,0.078,0.529
03/01/2015 13:00,0.4,2.8,1,2.1,8.9,11.6,0.117,0.113,0.633,0.208,0.05,0.088,0.042,0.009,0.155,0.097,0.514
03/01/2015 14:00,0.7,3.7,0.6,3.9,9.8,12.9,0.104,0.05,0.51,0.131,0.064,0.182,0.083,0.009,0.2,0.135,0.491
03/01/2015 15:00,0.7,4.4,0.4,5.8,8.5,12.3,0.113,0.043,0.457,0.108,0.074,0.272,0.099,0.01,0.211,0.209,0.468
03/01/2015 16:00,0.6,4.6,0.3,7.9,6.8,12,0.139,0.082,0.447,0.089,0.083,0.277,0.088,0.01,0.188,0.343,0.442
03/01/2015 17:00,0.4,5.1,0.2,10.7,5.4,12.6,0.148,0.095,0.477,0.082,0.095,0.237,0.053,0.006,0.152,0.398,0.42
03/01/2015 18:00,0.3,5.3,0.2,14.7,4.2,13.5,0.134,0.073,0.565,0.091,0.086,0.192,0.011,0.004,0.122,0.323,0.402
03/01/2015 19:00,0.2,4.9,0.1,19.2,3.3,13.9,0.118,0.017,0.667,0.14,0.056,0.159,0.008,0.007,0.11,0.253,0.394
03/01/2015 20:00,0.2,4.8,0.1,22.3,2.8,14.1,0.104,0.003,0.752,0.267,0.023,0.145,0.053,0.02,0.103,0.218,0.4
03/01/2015 21:00,0.2,4.9,0.1,22.7,2.4,14.2,0.089,0.013,0.8,0.471,0.006,0.131,0.114,0.043,0.104,0.179,0.421
03/01/2015 22:00,0.2,4.9,0.1,22,1.9,14.3,0.063,0.064,0.833,0.618,0.001,0.093,0.149,0.088,0.107,0.157,0.442
03/01/2015 23:00,0.2,4.9,0.2,21.7,1.6,14.3,0.038,0.093,0.865,0.686,0,0.085,0.183,0.145,0.11,0.154,0.448
04/01/2015 00:00,0.4,4.7,0.3,21.5,1.9,14.2,0.021,0.09,0.89,0.712,0.003,0.093,0.196,0.179,0.116,0.143,0.442
04/01/2015 01:00,0.5,4.5,0.4,20,2.2,14,0.009,0.09,0.906,0.726,0.029,0.099,0.192,0.176,0.115,0.134,0.435
04/01/2015 02:00,0.8,3.4,0.1,16.9,1.2,9.8,0.001,0.086,0.923,0.697,0.082,0.116,0.191,0.172,0.1,0.126,0.449
04/01/2015 03:00,2.4,4,0.1,8,1.6,6.7,0,0.092,0.924,0.617,0.129,0.101,0.176,0.142,0.073,0.095,0.475
04/01/2015 04:00,5,5.8,0.3,2.7,2,6.6,0,0.106,0.92,0.55,0.154,0.078,0.17,0.077,0.045,0.086,0.496
04/01/2015 05:00,6.1,6.1,0.8,0.7,2.2,6.3,0,0.095,0.918,0.525,0.167,0.069,0.092,0.055,0.027,0.152,0.507
04/01/2015 06:00,6.7,6.7,1.8,0.3,1.9,5.6,0.001,0.084,0.92,0.447,0.182,0.042,0.058,0.021,0.018,0.185,0.498
04/01/2015 07:00,9.1,7.6,3.8,0.4,1.4,5.1,0.003,0.066,0.932,0.355,0.1,0.028,0.021,0.001,0.014,0.145,0.487
04/01/2015 08:00,12.2,8.3,4.1,0.7,0.9,5.1,0.01,0.069,0.943,0.239,0.048,0.038,0.003,0.003,0.016,0.1,0.481
04/01/2015 09:00,8.9,9.9,3.6,1.1,0.6,5.1,0.011,0.089,0.945,0.112,0.143,0.037,0,0.002,0.032,0.086,0.494
04/01/2015 10:00,4.7,12.2,2.8,1.4,0.6,5.2,0.014,0.112,0.94,0.186,0.258,0.038,0,0,0.076,0.09,0.526
04/01/2015 11:00,2.9,14.9,2.4,2.5,0.9,6.1,0.015,0.164,0.933,0.32,0.272,0.038,0.003,0,0.138,0.104,0.552
04/01/2015 12:00,2.6,17.7,3.4,5.5,2.6,10.6,0.019,0.251,0.91,0.312,0.253,0.03,0.002,0.036,0.202,0.122,0.557
04/01/2015 13:00,2.1,18.3,4.8,9.5,5.2,17.3,0.036,0.252,0.88,0.223,0.219,0.009,0.002,0.152,0.27,0.149,0.547
04/01/2015 14:00,1.3,18,5.4,12.8,7.6,22.7,0.058,0.202,0.859,0.135,0.17,0.019,0.004,0.294,0.328,0.178,0.525
04/01/2015 15:00,0.9,17,5.3,15.3,9.1,26,0.066,0.327,0.886,0.088,0.124,0.025,0.008,0.354,0.327,0.22,0.507
04/01/2015 16:00,0.9,15.2,5.6,17.3,9.8,27.9,0.06,0.444,0.924,0.07,0.087,0.016,0.005,0.348,0.27,0.328,0.518
04/01/2015 17:00,0.9,14.8,6.9,18.8,10,28.9,0.059,0.507,0.924,0.017,0.067,0.008,0.002,0.334,0.207,0.434,0.538
04/01/2015 18:00,1.1,15.3,7.3,20,9.7,28.9,0.071,0.628,0.891,0,0.07,0.005,0.014,0.32,0.152,0.454,0.558
04/01/2015 19:00,1.2,16.6,7,21.1,9.6,28.4,0.075,0.679,0.876,0.005,0.079,0.009,0.035,0.328,0.113,0.38,0.571
04/01/2015 20:00,1.1,16.3,7.7,21.2,9.8,27.7,0.087,0.58,0.88,0.093,0.084,0.022,0.056,0.395,0.082,0.286,0.59
04/01/2015 21:00,0.8,14.9,8.1,19.3,9.8,26.5,0.101,0.635,0.875,0.241,0.117,0.046,0.093,0.506,0.089,0.206,0.615
04/01/2015 22:00,0.7,13.1,7.8,17,10.3,24.9,0.109,0.781,0.871,0.359,0.187,0.055,0.132,0.586,0.129,0.151,0.633
04/01/2015 23:00,0.9,12.4,6.5,15.4,10.1,23.6,0.111,0.86,0.881,0.468,0.238,0.054,0.155,0.584,0.172,0.124,0.636
05/01/2015 00:00,1.1,12,5.4,13.4,10.3,22.8,0.105,0.887,0.888,0.423,0.249,0.06,0.164,0.526,0.223,0.126,0.623
05/01/2015 01:00,1.4,9.8,3.7,11.5,9.5,21.9,0.077,0.866,0.884,0.432,0.269,0.058,0.183,0.466,0.268,0.13,0.607
05/01/2015 02:00,3.3,6.1,3.4,9.5,9.8,16.3,0.013,0.833,0.878,0.47,0.291,0.054,0.219,0.4,0.289,0.12,0.594
05/01/2015 03:00,5,9.1,6.7,4.4,16.7,14.7,0.006,0.801,0.888,0.431,0.294,0.054,0.187,0.195,0.245,0.085,0.587
05/01/2015 04:00,6.2,11.3,8.4,1.3,15.2,15.1,0.004,0.804,0.909,0.347,0.294,0.051,0.122,0.136,0.171,0.094,0.594
05/01/2015 05:00,8.1,12.4,9.1,0.3,11.1,12,0.002,0.845,0.921,0.35,0.285,0.044,0.042,0.123,0.118,0.208,0.606
05/01/2015 06:00,10.9,13.4,9.3,0.2,7.3,7.3,0,0.796,0.936,0.346,0.254,0.039,0.017,0.044,0.089,0.27,0.607
05/01/2015 07:00,12.7,13.9,9,0.1,4.6,4.4,0,0.718,0.948,0.329,0.109,0.037,0.007,0.013,0.077,0.245,0.609
05/01/2015 08:00,11.8,14,8,0.1,3,2.8,0,0.66,0.947,0.32,0.046,0.036,0.002,0.008,0.072,0.196,0.618
05/01/2015 09:00,9,13.7,6.1,0,2.3,1.8,0,0.658,0.916,0.238,0.169,0.026,0,0.005,0.08,0.16,0.63
05/01/2015 10:00,5.3,12.3,5.3,0.1,2.2,1.4,0,0.655,0.898,0.218,0.29,0.021,0,0.002,0.096,0.127,0.637
05/01/2015 11:00,2.5,13.2,5.7,0.3,2.6,1.8,0,0.609,0.865,0.337,0.374,0.023,0,0.005,0.112,0.093,0.644
05/01/2015 12:00,1.3,14,5.6,0.6,4.3,4.6,0,0.578,0.817,0.361,0.342,0.021,0.001,0.02,0.118,0.062,0.648
05/01/2015 13:00,0.8,12.8,5.2,0.9,7.3,8.7,0,0.543,0.81,0.367,0.278,0.018,0.006,0.039,0.112,0.046,0.648
05/01/2015 14:00,0.7,11.6,4.2,1.2,10.1,12.1,0,0.601,0.867,0.325,0.217,0.029,0.041,0.042,0.104,0.05,0.653
05/01/2015 15:00,0.5,10.8,2.8,1.6,12.1,14.2,0.001,0.574,0.916,0.245,0.155,0.043,0.122,0.027,0.093,0.094,0.666
05/01/2015 16:00,0.4,10,1.8,2.1,12.6,14.8,0.002,0.512,0.927,0.176,0.096,0.061,0.153,0.006,0.08,0.2,0.69
05/01/2015 17:00,0.3,9.3,1.1,3.3,11.8,14.5,0.004,0.445,0.936,0.129,0.064,0.082,0.078,0,0.076,0.342,0.718
05/01/2015 18:00,0.3,8.8,0.6,4.6,10.6,13.8,0.006,0.398,0.937,0.138,0.049,0.102,0.014,0.002,0.082,0.432,0.741
05/01/2015 19:00,0.3,9.2,0.3,5.3,10,13.1,0.01,0.359,0.948,0.153,0.036,0.117,0.005,0.068,0.09,0.391,0.759
05/01/2015 20:00,0.3,10,0.1,5.3,9.6,12.3,0.017,0.281,0.96,0.134,0.034,0.131,0.011,0.235,0.092,0.311,0.777
05/01/2015 21:00,0.3,10.5,0.1,3.8,9.4,11.8,0.025,0.333,0.97,0.132,0.045,0.141,0.018,0.362,0.094,0.245,0.791
05/01/2015 22:00,0.3,10.4,0.3,2.2,9.1,11.5,0.033,0.509,0.976,0.173,0.092,0.119,0.025,0.401,0.097,0.243,0.795
05/01/2015 23:00,0.3,9.6,0.5,1.4,9.1,11.4,0.042,0.57,0.978,0.239,0.176,0.097,0.035,0.424,0.093,0.249,0.787
06/01/2015 00:00,0.3,9,0.6,1.3,9.3,11.5,0.052,0.503,0.976,0.311,0.221,0.084,0.051,0.436,0.09,0.172,0.769
06/01/2015 01:00,0.4,7.6,0.6,1.8,8.9,11.5,0.047,0.448,0.974,0.388,0.225,0.083,0.076,0.444,0.088,0.127,0.75
06/01/2015 02:00,0.2,2.6,0.1,2.7,6.6,7.5,0.009,0.386,0.97,0.458,0.232,0.066,0.095,0.434,0.084,0.083,0.73
06/01/2015 03:00,0.6,0.7,0.1,2.8,10.1,4,0.001,0.37,0.962,0.498,0.268,0.045,0.062,0.264,0.083,0.048,0.705
06/01/2015 04:00,2.1,0.6,0.3,1.4,8.5,3.4,0,0.372,0.955,0.538,0.285,0.043,0.028,0.152,0.084,0.055,0.682
06/01/2015 05:00,4.7,0.6,0.3,1.8,4.8,0.9,0,0.372,0.958,0.571,0.241,0.036,0.012,0.071,0.088,0.138,0.668
06/01/2015 06:00,7.4,0.8,0.4,5.3,2.3,0.4,0,0.337,0.964,0.588,0.211,0.032,0.004,0.008,0.097,0.202,0.662
06/01/2015 07:00,8,0.9,0.6,7.1,1.1,0.6,0,0.3,0.968,0.586,0.105,0.036,0.001,0.001,0.117,0.201,0.663
06/01/2015 08:00,6.9,1,0.8,7.6,0.5,1,0,0.289,0.966,0.413,0.081,0.047,0,0.001,0.145,0.136,0.674
06/01/2015 09:00,5.3,1.4,1,6.8,0.3,1.7,0,0.247,0.947,0.242,0.201,0.052,0,0.003,0.204,0.079,0.697
06/01/2015 10:00,2.5,2.4,1.1,5.4,0.3,2.6,0,0.183,0.906,0.439,0.361,0.05,0,0.006,0.31,0.049,0.721
06/01/2015 11:00,0.4,3.9,1.5,5.4,0.5,4.1,0,0.21,0.834,0.503,0.374,0.041,0,0.015,0.432,0.039,0.737
06/01/2015 12:00,0.2,4.6,1.4,5,1.1,9,0,0.278,0.726,0.446,0.283,0.022,0,0.031,0.542,0.05,0.74
06/01/2015 13:00,0.1,4.6,1.1,3.9,1.9,14.8,0,0.149,0.599,0.337,0.207,0.012,0.003,0.031,0.618,0.082,0.732
06/01/2015 14:00,0.1,4.4,0.9,3.1,2.7,17.5,0,0.008,0.433,0.251,0.166,0.02,0.016,0.014,0.687,0.131,0.709
06/01/2015 15:00,0.1,4,0.6,2.7,3.4,17.4,0,0,0.351,0.192,0.135,0.039,0.061,0.002,0.72,0.237,0.674
06/01/2015 16:00,0.1,3.3,0.5,2.3,3.8,15.8,0.002,0,0.379,0.154,0.103,0.07,0.08,0.003,0.703,0.422,0.64
06/01/2015 17:00,0.1,2.9,0.6,2.2,3.6,14.1,0.006,0,0.419,0.117,0.073,0.101,0.043,0.026,0.657,0.544,0.616
06/01/2015 18:00,0,2.9,0.8,2.2,3,12.8,0.009,0.003,0.513,0.125,0.039,0.129,0.003,0.104,0.601,0.535,0.601
06/01/2015 19:00,0,3.5,1,2.1,2.4,11.1,0.012,0.016,0.728,0.157,0.013,0.149,0.012,0.202,0.55,0.4,0.586
06/01/2015 20:00,0,4.3,1.1,2.1,1.9,9.8,0.013,0.027,0.839,0.158,0.001,0.158,0.03,0.266,0.493,0.274,0.574
06/01/2015 21:00,0,4.5,1.3,2,1.6,9.3,0.014,0.041,0.868,0.09,0,0.139,0.039,0.294,0.461,0.185,0.554
06/01/2015 22:00,0,4.1,1.3,1.8,1.4,9.1,0.015,0.078,0.877,0.042,0.002,0.073,0.042,0.314,0.456,0.101,0.522
06/01/2015 23:00,0,3.8,1.2,1.4,1.4,8.5,0.021,0.137,0.857,0.06,0.07,0.042,0.044,0.326,0.466,0.051,0.479
07/01/2015 00:00,0,3.9,1.3,1,1.4,7.7,0.031,0.123,0.822,0.12,0.261,0.041,0.054,0.337,0.501,0.04,0.436
07/01/2015 01:00,0,4.5,1.4,0.7,1.4,7,0.037,0.069,0.783,0.178,0.403,0.035,0.074,0.338,0.54,0.053,0.406
07/01/2015 02:00,0.1,2.3,0.3,0.4,1.1,5.3,0.009,0.028,0.757,0.222,0.379,0.029,0.093,0.297,0.565,0.059,0.395
07/01/2015 03:00,0.6,0.4,0.3,0.1,1.4,2.7,0,0.016,0.761,0.27,0.299,0.027,0.093,0.154,0.555,0.054,0.395
07/01/2015 04:00,1.9,0.3,0.3,0,1.4,1.4,0,0.018,0.77,0.32,0.245,0.022,0.078,0.034,0.524,0.055,0.404
07/01/2015 05:00,4,0.4,0.3,0.1,1.3,0.4,0,0.012,0.765,0.329,0.212,0.017,0.051,0.001,0.501,0.063,0.421
07/01/2015 06:00,6.3,0.8,0.7,0.2,0.9,0.3,0,0.002,0.748,0.296,0.17,0.015,0.037,0,0.497,0.062,0.437
07/01/2015 07:00,7.5,1.3,1.2,0.3,0.6,0.4,0,0,0.722,0.319,0.072,0.015,0.03,0,0.501,0.045,0.442
07/01/2015 08:00,7.2,1.6,1.7,0.3,0.4,0.6,0,0,0.695,0.348,0.017,0.017,0.024,0,0.505,0.031,0.416
07/01/2015 09:00,5.9,1.8,2.3,0.4,0.3,0.9,0,0.003,0.617,0.282,0.058,0.015,0.022,0,0.527,0.027,0.403
07/01/2015 10:00,2.7,2.3,2.1,0.5,0.4,1.3,0,0.084,0.466,0.179,0.102,0.013,0.026,0,0.597,0.028,0.431
07/01/2015 11:00,0.5,2.4,1.8,1,0.6,2.3,0,0.289,0.334,0.195,0.111,0.012,0.029,0,0.65,0.035,0.467
07/01/2015 12:00,0.2,2.6,1.1,2.6,1.4,5.7,0,0.379,0.316,0.163,0.103,0.011,0.026,0.006,0.677,0.049,0.485
07/01/2015 13:00,0.2,2.5,0.8,4.8,3.3,9.8,0,0.203,0.364,0.148,0.062,0.006,0.023,0.012,0.704,0.072,0.492
07/01/2015 14:00,0.2,2.1,0.8,7,4.7,12,0,0.112,0.413,0.156,0.036,0.01,0.028,0.008,0.731,0.118,0.501
07/01/2015 15:00,0.2,1.6,0.8,9.5,4.9,12,0,0.168,0.435,0.157,0.027,0.025,0.041,0.002,0.739,0.251,0.489
07/01/2015 16:00,0.2,1.3,0.9,12.1,4.3,11,0,0.193,0.435,0.13,0.028,0.04,0.047,0,0.739,0.462,0.467
07/01/2015 17:00,0.2,1.2,1.1,15,3.3,9.6,0,0.18,0.415,0.123,0.031,0.048,0.031,0,0.741,0.559,0.465
07/01/2015 18:00,0.2,1.3,1.4,17.5,2.4,8.6,0.003,0.164,0.367,0.134,0.032,0.058,0.01,0,0.755,0.527,0.476
07/01/2015 19:00,0.2,1.5,1.6,19.2,1.8,8.3,0.013,0.131,0.29,0.157,0.035,0.075,0.011,0.001,0.784,0.432,0.482
07/01/2015 20:00,0.2,1.8,1.9,19.4,1.8,8.8,0.039,0.071,0.211,0.161,0.053,0.088,0.039,0.008,0.814,0.346,0.484
07/01/2015 21:00,0.2,1.9,2.3,18.8,2.1,10,0.061,0.079,0.166,0.152,0.118,0.085,0.068,0.034,0.844,0.28,0.477
07/01/2015 22:00,0.3,2.1,2.8,17.8,2.9,11.5,0.039,0.21,0.135,0.16,0.236,0.046,0.088,0.077,0.857,0.228,0.458
07/01/2015 23:00,0.4,2.3,3.4,16.9,3.5,12.8,0.021,0.272,0.1,0.187,0.348,0.053,0.102,0.118,0.859,0.161,0.429
08/01/2015 00:00,0.4,2.6,4.2,16.6,4.3,13.6,0.014,0.261,0.053,0.239,0.41,0.06,0.115,0.138,0.868,0.098,0.413
08/01/2015 01:00,0.5,3.1,3.9,16.2,4.8,13.8,0.006,0.237,0.028,0.255,0.425,0.051,0.128,0.128,0.891,0.058,0.4
08/01/2015 02:00,0.9,1.6,1.4,15.2,2.9,9.8,0.001,0.2,0.017,0.249,0.405,0.035,0.134,0.099,0.914,0.034,0.379
08/01/2015 03:00,2.1,0.4,1.1,7.8,2.7,4.4,0.001,0.155,0.009,0.245,0.341,0.031,0.148,0.048,0.918,0.021,0.388
08/01/2015 04:00,3.1,0.2,1.3,2.3,3.4,6.6,0.018,0.168,0.005,0.226,0.283,0.029,0.187,0.007,0.907,0.039,0.425
08/01/2015 05:00,4,0.2,1.7,0.1,2.3,4,0.033,0.192,0.004,0.233,0.241,0.028,0.17,0.011,0.886,0.077,0.479
08/01/2015 06:00,5,0.4,2.3,0,1.3,1.8,0.037,0.163,0.004,0.261,0.192,0.028,0.143,0.004,0.845,0.114,0.529
08/01/2015 07:00,5.3,0.8,2.5,0,0.6,0.9,0.049,0.155,0.002,0.266,0.07,0.025,0.114,0.002,0.791,0.103,0.573
08/01/2015 08:00,4.8,1.3,2.3,0,0.3,0.6,0.062,0.161,0.001,0.225,0.028,0.016,0.086,0.001,0.742,0.077,0.603
08/01/2015 09:00,3.1,2.1,2,0,0.3,0.6,0.072,0.184,0.001,0.101,0.113,0.011,0.061,0,0.707,0.051,0.615
08/01/2015 10:00,0.9,3.4,1.6,0.1,0.3,0.8,0.081,0.213,0,0.075,0.21,0.007,0.038,0,0.697,0.036,0.617
08/01/2015 11:00,0.1,6.1,1.9,0.3,0.7,1.5,0.093,0.228,0,0.115,0.194,0.005,0.022,0.001,0.703,0.035,0.606
08/01/2015 12:00,0,9.3,2.5,1.3,2.3,4.9,0.112,0.265,0.001,0.084,0.145,0.003,0.011,0.02,0.71,0.049,0.578
08/01/2015 13:00,0.1,10.7,3.3,3.6,4.9,9.6,0.13,0.172,0.004,0.056,0.114,0.003,0.013,0.03,0.703,0.079,0.535
08/01/2015 14:00,0.5,10.6,4.5,6.8,7,13.3,0.142,0.061,0.012,0.04,0.097,0.002,0.054,0.015,0.695,0.133,0.494
08/01/2015 15:00,0.7,10.2,4.6,11.4,8,15.3,0.151,0.21,0.023,0.028,0.083,0.005,0.141,0.002,0.683,0.261,0.482
08/01/2015 16:00,0.6,9.9,4.6,16.7,7.6,16.1,0.146,0.332,0.034,0.021,0.08,0.011,0.135,0,0.669,0.437,0.498
08/01/2015 17:00,0.4,9.9,4.7,21.1,6.6,16.3,0.126,0.41,0.044,0.017,0.115,0.022,0.058,0,0.659,0.519,0.516
08/01/2015 18:00,0.2,11,4.1,23.9,5.9,16.4,0.102,0.464,0.049,0.018,0.235,0.035,0.012,0.003,0.651,0.482,0.525
08/01/2015 19:00,0.2,12.8,3.8,25.3,5.8,16.8,0.076,0.49,0.042,0.015,0.449,0.053,0.001,0.012,0.644,0.381,0.533
08/01/2015 20:00,0.5,14.3,3.6,24.9,6.8,17.3,0.045,0.501,0.027,0.009,0.618,0.072,0.003,0.018,0.63,0.305,0.547
08/01/2015 21:00,0.9,14,3.3,22.8,8.5,17.8,0.021,0.562,0.009,0.012,0.634,0.078,0.01,0.021,0.636,0.253,0.559
08/01/2015 22:00,1.3,12.8,3.5,20.6,10.1,18,0.007,0.645,0.001,0.043,0.556,0.045,0.022,0.033,0.649,0.221,0.571
08/01/2015 23:00,1.9,11.8,4.2,18.6,11.1,18.2,0.002,0.694,0,0.104,0.454,0.037,0.041,0.065,0.663,0.155,0.578
09/01/2015 00:00,2.6,11.4,4.8,17.4,12,18.2,0.001,0.722,0,0.16,0.38,0.037,0.064,0.108,0.69,0.107,0.585
09/01/2015 01:00,3,10,3.9,16,11.6,18.3,0.001,0.713,0,0.197,0.343,0.032,0.096,0.147,0.714,0.078,0.594
09/01/2015 02:00,4.4,4.4,1.2,13,8.9,13.3,0,0.695,0,0.236,0.328,0.037,0.122,0.175,0.725,0.067,0.607
09/01/2015 03:00,3.8,2.4,1,4.9,9.5,7.2,0,0.645,0.001,0.292,0.304,0.033,0.078,0.128,0.699,0.066,0.63
09/01/2015 04:00,2.5,4.1,1.4,0.8,9.8,10,0,0.726,0.014,0.341,0.261,0.031,0.042,0.067,0.65,0.088,0.658
09/01/2015 05:00,2.9,6.3,1.8,0.1,6.7,5.3,0.001,0.7,0.036,0.366,0.207,0.032,0.045,0.035,0.612,0.108,0.676
09/01/2015 06:00,3.4,7.9,2.1,0,4.5,2.1,0.003,0.538,0.064,0.356,0.144,0.028,0.058,0.008,0.599,0.088,0.678
09/01/2015 07:00,3.4,9,2.8,0,3,1,0.009,0.494,0.088,0.328,0.04,0.025,0.074,0,0.597,0.074,0.672
09/01/2015 08:00,3.5,10,2.8,0,2.1,0.8,0.015,0.502,0.106,0.216,0.003,0.025,0.093,0,0.599,0.074,0.667
09/01/2015 09:00,3.4,10.6,2.1,0,2,0.9,0.024,0.495,0.104,0.105,0.042,0.021,0.112,0,0.642,0.082,0.661
09/01/2015 10:00,1.3,11,1.8,0.1,2.4,1.1,0.041,0.53,0.091,0.264,0.187,0.019,0.122,0,0.712,0.088,0.657
09/01/2015 11:00,0.2,12.8,2,0.3,3.4,2.1,0.055,0.522,0.082,0.366,0.201,0.02,0.118,0.004,0.748,0.096,0.65
09/01/2015 12:00,0.1,14,1.5,3.1,6.3,5.6,0.062,0.484,0.073,0.297,0.134,0.02,0.113,0.025,0.77,0.118,0.623
09/01/2015 13:00,0.1,13.7,1,9.7,10.3,9.7,0.058,0.345,0.064,0.193,0.074,0.015,0.112,0.076,0.778,0.163,0.581
09/01/2015 14:00,0.1,12.8,0.8,17.7,14,13.2,0.048,0.341,0.054,0.12,0.035,0.024,0.124,0.141,0.785,0.228,0.538
09/01/2015 15:00,0.2,12.3,0.8,23.9,16.3,15.8,0.056,0.526,0.056,0.078,0.02,0.039,0.157,0.177,0.774,0.376,0.514
09/01/2015 16:00,0.3,12.8,0.6,27.6,17,17.7,0.073,0.535,0.071,0.061,0.018,0.057,0.162,0.167,0.766,0.556,0.516
09/01/2015 17:00,0.6,13.7,0.7,28.8,16.5,18.7,0.076,0.564,0.094,0.044,0.027,0.072,0.133,0.167,0.76,0.534,0.527
09/01/2015 18:00,0.9,14.5,1.1,27.6,15.2,19.6,0.06,0.589,0.122,0.012,0.031,0.088,0.087,0.2,0.758,0.45,0.545
09/01/2015 19:00,1.3,14.9,1.6,25.3,13.9,20.5,0.045,0.565,0.159,0.007,0.034,0.114,0.054,0.256,0.765,0.41,0.568
09/01/2015 20:00,1.9,15.3,1.7,21.7,12.9,21.3,0.031,0.484,0.209,0.017,0.038,0.144,0.034,0.292,0.791,0.369,0.596
09/01/2015 21:00,2.9,15.1,1.8,17.6,12.9,21.4,0.02,0.447,0.239,0.059,0.037,0.161,0.027,0.291,0.83,0.316,0.613
09/01/2015 22:00,4.7,14.7,1.7,13.8,12.9,20.5,0.011,0.574,0.243,0.145,0.025,0.118,0.028,0.25,0.867,0.276,0.612
09/01/2015 23:00,7.1,14,1.6,10.5,12.8,19.8,0.005,0.565,0.235,0.255,0.013,0.067,0.037,0.212,0.894,0.225,0.605
10/01/2015 00:00,9.3,12.8,1.8,7.7,12.7,19.3,0.003,0.52,0.223,0.357,0.008,0.054,0.068,0.177,0.917,0.147,0.604
10/01/2015 01:00,8.5,10.5,2.1,5.4,12,19,0.002,0.476,0.201,0.384,0.007,0.041,0.124,0.139,0.934,0.07,0.61
10/01/2015 02:00,5.3,3.8,0.6,4,9.5,14.2,0,0.436,0.169,0.387,0.006,0.04,0.188,0.101,0.941,0.03,0.614
10/01/2015 03:00,5.7,2,0.6,1.8,12.5,7.5,0,0.393,0.157,0.36,0.006,0.043,0.155,0.046,0.928,0.013,0.617
10/01/2015 04:00,4.5,3.3,0.4,0.4,13.7,8.8,0.001,0.334,0.174,0.32,0.011,0.044,0.094,0.009,0.898,0.03,0.626
10/01/2015 05:00,3.4,3.9,0.3,0.6,10.1,5.5,0.002,0.324,0.194,0.28,0.018,0.051,0.071,0.002,0.861,0.068,0.644
10/01/2015 06:00,3.4,3.6,0.3,1.4,7.7,3.4,0.006,0.312,0.217,0.259,0.025,0.059,0.076,0.001,0.827,0.103,0.663
10/01/2015 07:00,4.4,3.4,0.6,1.3,5.9,2.6,0.016,0.346,0.235,0.264,0.016,0.071,0.086,0.001,0.803,0.12,0.678
10/01/2015 08:00,4.5,3.5,0.9,1.1,4.8,2.3,0.028,0.356,0.244,0.191,0.006,0.076,0.092,0.002,0.792,0.126,0.682
10/01/2015 09:00,3.5,3.9,1.3,1,4.9,2.4,0.034,0.345,0.241,0.065,0.019,0.072,0.093,0.01,0.815,0.133,0.674
10/01/2015 10:00,1.6,4.9,1.2,1.1,5.9,2.6,0.053,0.292,0.227,0.112,0.004,0.065,0.094,0.028,0.835,0.154,0.649
10/01/2015 11:00,0.2,6.3,1.3,1.6,7.3,3.5,0.078,0.291,0.213,0.172,0.001,0.061,0.098,0.071,0.82,0.193,0.605
10/01/2015 12:00,0.1,6.8,1.7,3.4,12,6.6,0.099,0.274,0.203,0.169,0,0.049,0.108,0.133,0.799,0.256,0.544
10/01/2015 13:00,0.2,6.7,2.4,5.6,17.8,10,0.108,0.114,0.192,0.118,0,0.031,0.116,0.191,0.788,0.336,0.494
10/01/2015 14:00,0.4,6.3,3.1,7.4,21.9,12.8,0.119,0.224,0.178,0.064,0.001,0.04,0.115,0.226,0.793,0.416,0.461
10/01/2015 15:00,0.5,5.6,3.2,7.8,22.4,14.6,0.127,0.143,0.171,0.031,0.002,0.056,0.122,0.24,0.791,0.485,0.44
10/01/2015 16:00,0.5,5.1,3.2,6.8,19.3,15.8,0.122,0.092,0.168,0.016,0.005,0.089,0.14,0.234,0.783,0.538,0.427
10/01/2015 17:00,0.5,5.3,3.4,5.6,16.7,16.5,0.105,0.078,0.162,0.004,0.014,0.118,0.156,0.225,0.773,0.464,0.413
10/01/2015 18:00,0.6,6.3,3.5,4.9,14.3,16.8,0.084,0.078,0.145,0,0.037,0.133,0.207,0.233,0.763,0.406,0.399
10/01/2015 19:00,0.8,8,3.3,4.2,12.7,17.1,0.068,0.103,0.127,0.005,0.062,0.145,0.212,0.261,0.748,0.344,0.397
10/01/2015 20:00,1.1,9.3,2.8,3.6,11.9,17.2,0.053,0.132,0.112,0.038,0.068,0.152,0.201,0.288,0.74,0.285,0.412
10/01/2015 21:00,1.4,10.4,2.4,3.5,11.2,17,0.047,0.121,0.082,0.116,0.054,0.144,0.266,0.289,0.735,0.235,0.433
10/01/2015 22:00,1.8,11,2.2,3.9,10.5,17,0.046,0.139,0.048,0.227,0.029,0.102,0.361,0.274,0.743,0.206,0.467
10/01/2015 23:00,2.1,10.5,2.4,4.4,10,17,0.043,0.14,0.024,0.325,0.011,0.083,0.407,0.247,0.756,0.194,0.511
11/01/2015 00:00,2.6,9.6,3.1,5,9.7,17.3,0.042,0.138,0.008,0.367,0.002,0.075,0.498,0.21,0.782,0.189,0.568
11/01/2015 01:00,3,8.6,2.8,5.2,9.3,17.6,0.036,0.14,0.002,0.38,0,0.063,0.618,0.169,0.808,0.182,0.61
11/01/2015 02:00,1.6,3.4,0.6,4.8,7,13.8,0.009,0.175,0.002,0.383,0,0.053,0.69,0.137,0.816,0.157,0.62
11/01/2015 03:00,2.7,1.4,0.3,1.9,12.8,6.1,0.003,0.238,0.003,0.349,0,0.043,0.682,0.082,0.808,0.101,0.598
11/01/2015 04:00,3.4,1.8,0.3,0.3,19.2,8.4,0.002,0.311,0.009,0.296,0,0.042,0.805,0.036,0.799,0.095,0.568
11/01/2015 05:00,2.8,1.8,0.6,0.2,18.6,7.5,0,0.325,0.026,0.264,0.001,0.038,0.819,0.032,0.798,0.1,0.556
11/01/2015 06:00,3.9,1.8,0.8,0.1,17.2,5.6,0,0.281,0.046,0.245,0.001,0.04,0.747,0.062,0.795,0.113,0.544
11/01/2015 07:00,5.2,1.6,0.9,0,15.5,4.3,0,0.241,0.06,0.223,0,0.036,0.651,0.11,0.788,0.114,0.505
11/01/2015 08:00,4.8,1.4,0.9,0.1,14.1,4,0,0.191,0.076,0.154,0,0.033,0.586,0.173,0.772,0.099,0.445
11/01/2015 09:00,3,1.6,0.9,0.1,13.3,4.7,0,0.16,0.105,0.058,0,0.043,0.544,0.238,0.766,0.1,0.432
11/01/2015 10:00,0.8,2,0.8,0.2,13.3,5.8,0,0.144,0.139,0.036,0,0.054,0.541,0.295,0.778,0.116,0.438
11/01/2015 11:00,0,2.9,0.6,0.3,13.5,7.1,0,0.152,0.17,0.059,0,0.078,0.58,0.363,0.783,0.135,0.412
11/01/2015 12:00,0.1,4.1,0.9,0.3,17.4,11.1,0,0.148,0.195,0.077,0.001,0.084,0.627,0.495,0.785,0.151,0.386
11/01/2015 13:00,0.3,4.6,1.4,0.4,23.1,15.2,0.001,0.062,0.22,0.062,0.003,0.058,0.645,0.541,0.792,0.166,0.364
11/01/2015 14:00,0.5,4.8,2.1,0.4,26.9,18.3,0.006,0.124,0.234,0.031,0.007,0.125,0.608,0.503,0.812,0.186,0.344
11/01/2015 15:00,0.3,4.8,2.9,0.7,26.3,20.1,0.02,0.079,0.247,0.024,0.013,0.167,0.556,0.417,0.815,0.241,0.355
11/01/2015 16:00,0.2,4,3.3,1.4,24,20.7,0.041,0.036,0.248,0.034,0.023,0.201,0.649,0.295,0.813,0.358,0.355
11/01/2015 17:00,0.2,3.3,3.7,2.3,22,20.7,0.05,0.016,0.246,0.038,0.022,0.212,0.649,0.174,0.816,0.407,0.323
11/01/2015 18:00,0.1,3.1,4.3,3.3,20.3,20.2,0.047,0.008,0.24,0.031,0.012,0.209,0.615,0.1,0.812,0.379,0.295
11/01/2015 19:00,0.1,3.4,4.9,4.6,18.2,19.1,0.037,0.004,0.234,0.009,0.005,0.201,0.615,0.064,0.8,0.284,0.289
11/01/2015 20:00,0.1,3.7,5.9,6.4,16.3,17.8,0.023,0.004,0.232,0.001,0.003,0.191,0.655,0.041,0.794,0.182,0.307
11/01/2015 21:00,0.1,4.7,6.6,6.8,14.2,16.8,0.009,0.014,0.227,0,0.002,0.165,0.693,0.027,0.805,0.111,0.349
11/01/2015 22:00,0.2,5.6,7.2,5.8,12.1,16.5,0.007,0.055,0.219,0,0.001,0.117,0.724,0.026,0.824,0.084,0.382
11/01/2015 23:00,0.2,6.1,6.9,4.6,10.8,16.8,0.013,0.108,0.206,0,0.002,0.077,0.755,0.035,0.839,0.074,0.382
12/01/2015 00:00,0.2,6.4,6.6,3.9,10,17.7,0.035,0.228,0.191,0.005,0.008,0.068,0.792,0.036,0.856,0.073,0.343
12/01/2015 01:00,0.2,6.1,4.6,3.6,9.1,17.7,0.054,0.403,0.168,0.041,0.017,0.056,0.827,0.024,0.863,0.074,0.288
12/01/2015 02:00,0.2,2.9,1.9,3.6,6.2,14.2,0.019,0.368,0.141,0.092,0.028,0.041,0.846,0.007,0.867,0.068,0.268
12/01/2015 03:00,0.7,0.8,1.9,3,11.3,7,0.005,0.337,0.111,0.132,0.042,0.028,0.88,0,0.849,0.054,0.277
12/01/2015 04:00,1.5,0.6,1.4,1.1,14.3,8.6,0.002,0.309,0.076,0.172,0.071,0.019,0.964,0,0.802,0.031,0.298
12/01/2015 05:00,3.1,0.6,1.3,0.1,11,7.1,0.001,0.313,0.046,0.21,0.115,0.012,0.975,0,0.744,0.03,0.34
12/01/2015 06:00,5.7,0.5,1.4,0,8.3,5.3,0.001,0.314,0.025,0.249,0.128,0.008,0.97,0,0.686,0.021,0.387
12/01/2015 07:00,6.6,0.4,1.5,0,6.4,4.3,0.001,0.287,0.013,0.233,0.057,0.007,0.956,0,0.635,0.008,0.437
12/01/2015 08:00,5.4,0.4,1.6,0,5.1,3.8,0.001,0.245,0.011,0.167,0.007,0.007,0.932,0,0.592,0.001,0.498
12/01/2015 09:00,3.8,0.5,1.5,0.1,5,3.9,0.001,0.234,0.011,0.067,0.009,0.006,0.903,0.001,0.59,0,0.555
12/01/2015 10:00,1.4,0.9,1.2,0.1,5.7,4.4,0,0.232,0.01,0.111,0.021,0.005,0.865,0.003,0.623,0,0.59
12/01/2015 11:00,0.3,1.8,1.3,0.2,6.7,5.6,0,0.231,0.008,0.103,0.063,0.004,0.812,0.01,0.666,0,0.601
12/01/2015 12:00,0.2,2.4,2.3,0.3,10,8.8,0,0.225,0.005,0.058,0.083,0.003,0.773,0.028,0.718,0.001,0.583
12/01/2015 13:00,0.7,2.5,3.1,0.4,14.2,11.7,0,0.174,0.003,0.025,0.094,0.003,0.757,0.054,0.774,0.002,0.552
12/01/2015 14:00,1,2.4,4,0.9,17.8,13.1,0,0.176,0.002,0.01,0.101,0.008,0.731,0.07,0.808,0.002,0.513
12/01/2015 15:00,0.9,2.4,5.1,1.7,20,14.5,0,0.155,0.003,0.004,0.084,0.019,0.603,0.069,0.809,0,0.494
12/01/2015 16:00,0.7,2.4,5.7,2.2,20.6,16.3,0,0.178,0.004,0.001,0.057,0.023,0.439,0.064,0.788,0,0.502
12/01/2015 17:00,0.4,2.3,6.2,2.3,19.1,18.5,0,0.207,0.005,0.001,0.027,0.025,0.38,0.066,0.768,0,0.519
12/01/2015 18:00,0.2,2.4,5.7,1.9,16.8,20,0,0.228,0.004,0.009,0.011,0.032,0.413,0.076,0.75,0.002,0.522
12/01/2015 19:00,0.2,2.3,4.5,1.6,14,21.4,0.001,0.224,0.005,0.027,0.007,0.044,0.486,0.092,0.729,0.003,0.523
12/01/2015 20:00,0.1,2.4,4,1.5,11.6,23.7,0.001,0.233,0.008,0.039,0.004,0.058,0.571,0.098,0.72,0.001,0.54
12/01/2015 21:00,0.1,3.6,4.1,1.4,10.2,22.8,0.001,0.267,0.011,0.053,0.001,0.068,0.633,0.093,0.745,0,0.566
12/01/2015 22:00,0.1,5.1,4.4,1.6,9.3,20.1,0.001,0.369,0.012,0.083,0,0.051,0.644,0.079,0.78,0,0.578
12/01/2015 23:00,0.1,5.7,4.9,2.5,8.6,19.3,0.001,0.42,0.009,0.138,0,0.053,0.625,0.055,0.805,0,0.566
13/01/2015 00:00,0.1,5.9,4.8,3.9,7.8,18.3,0.001,0.432,0.006,0.184,0,0.052,0.669,0.035,0.846,0,0.547
13/01/2015 01:00,0.1,5.8,3.9,5.3,6.8,18.4,0.001,0.413,0.004,0.204,0.001,0.045,0.644,0.022,0.88,0.004,0.555
13/01/2015 02:00,0.1,2.6,0.8,6.1,4.7,14.4,0,0.392,0.004,0.199,0.004,0.039,0.65,0.014,0.886,0.011,0.579
13/01/2015 03:00,0.7,0.6,0.6,2.6,6.3,6.4,0,0.379,0.004,0.201,0.005,0.039,0.746,0.003,0.853,0.017,0.612
13/01/2015 04:00,1.2,0.3,0.7,0.6,8,5.7,0,0.327,0.004,0.2,0.007,0.038,0.842,0,0.799,0.009,0.662
13/01/2015 05:00,2.4,0.2,0.9,1.3,7.6,3.4,0,0.328,0.005,0.176,0.02,0.045,0.878,0,0.749,0.009,0.712
13/01/2015 06:00,4.8,0.3,0.9,1.9,7.1,2.9,0,0.412,0.007,0.155,0.053,0.038,0.848,0,0.728,0.005,0.741
13/01/2015 07:00,7.1,0.3,1.1,1.5,6.2,3.1,0,0.424,0.011,0.153,0.05,0.035,0.739,0,0.711,0.001,0.758
13/01/2015 08:00,7.5,0.2,1.3,1.6,5.3,3.8,0,0.501,0.016,0.117,0.03,0.034,0.551,0,0.679,0,0.776
13/01/2015 09:00,6.1,0.3,1.6,3.1,4.9,4.4,0,0.422,0.018,0.049,0.034,0.028,0.362,0,0.676,0,0.781
13/01/2015 10:00,3,0.6,1.8,6.5,4.9,4.6,0.001,0.278,0.021,0.072,0.042,0.019,0.224,0,0.708,0,0.762
13/01/2015 11:00,0.7,1.5,1.8,13.6,5.8,4.8,0.004,0.047,0.029,0.139,0.069,0.014,0.133,0,0.744,0,0.714
13/01/2015 12:00,0.1,1.9,1.8,24.9,9.6,7,0.006,0.032,0.034,0.171,0.093,0.011,0.091,0.001,0.773,0,0.642
13/01/2015 13:00,0.1,2.1,2.1,29,14.8,10.1,0.007,0.181,0.038,0.151,0.097,0.007,0.072,0.001,0.8,0,0.552
13/01/2015 14:00,0.1,2.6,2.5,27.6,18.8,12,0.007,0.226,0.045,0.12,0.084,0.017,0.054,0,0.824,0,0.457
13/01/2015 15:00,0.1,3.5,2.9,24.2,20.8,12.6,0.011,0.147,0.057,0.089,0.062,0.04,0.052,0,0.834,0,0.354
13/01/2015 16:00,0,4.4,3.1,20.8,19.9,12.2,0.021,0.074,0.072,0.059,0.044,0.061,0.082,0,0.832,0.013,0.294
13/01/2015 17:00,0,4.9,3,17.8,17.7,11.3,0.033,0.044,0.074,0.038,0.034,0.079,0.135,0,0.822,0.059,0.289
13/01/2015 18:00,0,4.3,3,15,15.9,10.3,0.042,0.031,0.051,0.017,0.03,0.1,0.263,0.011,0.812,0.099,0.34
13/01/2015 19:00,0.1,3.6,3,12.6,14.2,9.5,0.046,0.036,0.027,0.005,0.031,0.127,0.407,0.03,0.812,0.107,0.385
13/01/2015 20:00,0.1,3.2,2.9,10.8,12.6,8.6,0.049,0.057,0.017,0,0.035,0.156,0.534,0.028,0.792,0.158,0.442
13/01/2015 21:00,0,2.9,2.9,10,11.1,7.9,0.041,0.065,0.012,0,0.032,0.161,0.597,0.018,0.781,0.253,0.456
13/01/2015 22:00,0,2.8,2.9,9.7,10.3,8,0.03,0.055,0.014,0.003,0.02,0.112,0.651,0.007,0.778,0.265,0.422
13/01/2015 23:00,0.1,2.5,3.1,9.5,9.7,8.7,0.019,0.057,0.038,0.046,0.011,0.078,0.656,0.002,0.79,0.205,0.377
14/01/2015 00:00,0.1,2.2,3.4,9.7,9.1,9.7,0.013,0.05,0.075,0.101,0.005,0.072,0.619,0.001,0.808,0.125,0.337
14/01/2015 01:00,0.1,1.8,3.1,11.1,8.5,11.1,0.012,0.05,0.088,0.117,0.002,0.07,0.624,0.001,0.814,0.051,0.312
14/01/2015 02:00,0.1,0.8,0.8,12.8,4.4,10.1,0.003,0.041,0.073,0.105,0.003,0.055,0.577,0.003,0.785,0.021,0.307
14/01/2015 03:00,0.4,0.3,0.8,7,4.3,4.4,0,0.039,0.046,0.097,0.008,0.05,0.479,0.006,0.704,0.013,0.325
14/01/2015 04:00,1.6,0.2,0.8,4.1,5.1,3.5,0,0.041,0.014,0.1,0.021,0.046,0.532,0.015,0.601,0.021,0.333
14/01/2015 05:00,4,0.2,0.8,3.5,3.9,2.1,0.001,0.033,0.002,0.116,0.04,0.033,0.622,0.104,0.515,0.076,0.321
14/01/2015 06:00,7.1,0.2,0.9,1.1,3,1,0.001,0.033,0.001,0.146,0.043,0.032,0.696,0.176,0.466,0.218,0.322
14/01/2015 07:00,8.5,0.1,0.9,1.1,2.2,0.7,0.001,0.045,0.003,0.192,0.017,0.031,0.722,0.168,0.446,0.361,0.352
14/01/2015 08:00,7.8,0.1,0.9,1.5,1.5,0.7,0.002,0.053,0.013,0.184,0.004,0.027,0.713,0.141,0.426,0.379,0.415
14/01/2015 09:00,5.8,0,0.9,3.1,1.2,0.9,0.004,0.059,0.039,0.097,0.002,0.027,0.694,0.102,0.448,0.328,0.495
14/01/2015 10:00,2.5,0.2,0.9,5.7,1.4,1.3,0.012,0.072,0.065,0.138,0,0.022,0.681,0.068,0.516,0.235,0.554
14/01/2015 11:00,0.5,1.1,0.9,11.1,2.2,2.3,0.037,0.077,0.074,0.231,0,0.024,0.663,0.068,0.55,0.164,0.586
14/01/2015 12:00,0.2,1.9,0.9,24.7,5,7.2,0.082,0.082,0.071,0.268,0,0.024,0.625,0.099,0.525,0.112,0.596
14/01/2015 13:00,0.2,2.6,1.6,34.2,9.1,14.2,0.127,0.036,0.062,0.208,0,0.027,0.565,0.105,0.51,0.072,0.593
14/01/2015 14:00,0.2,3.1,2.4,35.1,12.5,18.5,0.16,0.027,0.058,0.134,0,0.047,0.41,0.077,0.542,0.06,0.573
14/01/2015 15:00,0.2,3,3.1,32.6,15.1,20.2,0.158,0.018,0.052,0.083,0.001,0.082,0.332,0.036,0.594,0.114,0.527
14/01/2015 16:00,0.2,3,3.6,30.5,16.5,21.5,0.14,0.005,0.045,0.05,0.003,0.11,0.367,0.008,0.629,0.2,0.478
14/01/2015 17:00,0.2,2.9,3.8,29.1,15.9,22.1,0.126,0.001,0.037,0.032,0.015,0.129,0.429,0,0.654,0.234,0.438
14/01/2015 18:00,0.2,3.1,3.3,27.1,15.1,22,0.118,0,0.022,0.02,0.034,0.148,0.413,0,0.672,0.254,0.413
14/01/2015 19:00,0.2,3.1,3.2,25.1,14.4,22.4,0.113,0,0.006,0.009,0.043,0.167,0.348,0,0.676,0.275,0.404
14/01/2015 20:00,0.2,2.6,3.3,24.1,13.5,23.2,0.137,0,0.001,0.002,0.045,0.187,0.297,0.002,0.673,0.314,0.416
14/01/2015 21:00,0.1,1.8,3.3,24,12.5,23.5,0.204,0,0.003,0,0.039,0.181,0.272,0.011,0.651,0.308,0.451
14/01/2015 22:00,0.2,1.8,3.3,23,11.5,23.7,0.256,0,0.015,0.001,0.027,0.114,0.313,0.028,0.621,0.205,0.484
14/01/2015 23:00,0.2,2.4,3.4,20.7,11,23.8,0.264,0,0.041,0.062,0.017,0.078,0.346,0.054,0.593,0.157,0.494
15/01/2015 00:00,0.2,3.1,3.6,18.6,11,23.5,0.251,0,0.072,0.17,0.01,0.085,0.332,0.073,0.599,0.097,0.506
15/01/2015 01:00,0.2,3.6,3.2,16.7,10.4,23.4,0.2,0.002,0.088,0.22,0.005,0.09,0.328,0.077,0.615,0.062,0.484
15/01/2015 02:00,0.4,2,0.8,13.3,5.8,19.1,0.069,0.011,0.093,0.227,0.003,0.087,0.3,0.069,0.623,0.067,0.488
15/01/2015 03:00,1.5,0.6,0.5,5,9,12.3,0.028,0.02,0.089,0.243,0.005,0.082,0.295,0.034,0.594,0.085,0.497
15/01/2015 04:00,3.6,0.2,0.4,2.9,9.1,17.7,0.066,0.027,0.081,0.252,0.009,0.068,0.43,0.002,0.542,0.128,0.498
15/01/2015 05:00,6.5,0.1,0.8,5,6.2,17.3,0.05,0.025,0.069,0.27,0.011,0.058,0.424,0,0.494,0.318,0.49
15/01/2015 06:00,9,0.1,1.1,4.6,4.3,11.6,0.042,0.021,0.06,0.318,0.009,0.047,0.371,0,0.457,0.402,0.438
15/01/2015 07:00,9.6,0.1,1.1,4.8,3.1,8,0.036,0.008,0.05,0.365,0.003,0.041,0.343,0,0.422,0.374,0.406
15/01/2015 08:00,8.4,0.3,0.9,5.7,2.3,6.8,0.028,0.003,0.04,0.252,0,0.041,0.347,0,0.379,0.311,0.395
15/01/2015 09:00,5.9,0.7,0.9,7.3,1.8,7.1,0.031,0.001,0.037,0.088,0,0.038,0.366,0,0.37,0.238,0.368
15/01/2015 10:00,2.5,1.9,0.8,9.5,1.9,8.1,0.065,0,0.037,0.118,0,0.042,0.391,0,0.38,0.179,0.346
15/01/2015 11:00,0.4,4.5,0.8,12.1,2.4,10.1,0.122,0,0.033,0.19,0.001,0.044,0.406,0,0.423,0.154,0.321
15/01/2015 12:00,0.1,6.6,1,18.9,5.1,16.6,0.164,0,0.025,0.277,0.003,0.029,0.41,0,0.447,0.157,0.311
15/01/2015 13:00,0.1,7.6,1.7,25.4,9,23.6,0.176,0,0.016,0.242,0.005,0.027,0.407,0,0.466,0.195,0.318
15/01/2015 14:00,0.2,7.6,2.9,27.4,12.3,26.4,0.166,0,0.009,0.168,0.007,0.049,0.334,0,0.506,0.28,0.343
15/01/2015 15:00,0.2,7.6,4.3,25.9,13.9,26.9,0.152,0,0.005,0.119,0.008,0.067,0.294,0,0.508,0.466,0.364
15/01/2015 16:00,0.2,7.4,5.1,23,14.2,27.2,0.136,0,0.006,0.079,0.01,0.088,0.247,0,0.503,0.643,0.355
15/01/2015 17:00,0.2,7.2,5.2,19.8,13.7,27.2,0.139,0.001,0.013,0.041,0.018,0.114,0.172,0.016,0.519,0.604,0.349
15/01/2015 18:00,0.2,7.3,5.4,16.6,12.9,27.1,0.16,0,0.027,0.012,0.025,0.146,0.12,0.084,0.556,0.498,0.318
15/01/2015 19:00,0.4,7.6,5.6,13.3,12.1,27.1,0.145,0,0.048,0.009,0.026,0.177,0.106,0.143,0.595,0.419,0.316
15/01/2015 20:00,0.6,8.6,5.7,10.2,11.3,27.1,0.086,0.001,0.07,0.029,0.022,0.201,0.111,0.128,0.63,0.357,0.348
15/01/2015 21:00,0.7,10,5.6,8.8,11,27.1,0.086,0.001,0.083,0.116,0.016,0.186,0.126,0.088,0.679,0.289,0.362
15/01/2015 22:00,0.9,10.8,5.4,8.3,11,27.1,0.161,0,0.088,0.3,0.008,0.112,0.148,0.067,0.724,0.21,0.325
15/01/2015 23:00,1.1,10.7,5.3,7.4,11.1,27.1,0.218,0,0.091,0.454,0.003,0.08,0.119,0.068,0.765,0.132,0.289
16/01/2015 00:00,1.4,10.3,5.2,6.4,11.5,26.7,0.211,0.001,0.092,0.494,0.002,0.084,0.059,0.077,0.822,0.072,0.311
16/01/2015 01:00,1.5,8.6,4.4,5.8,10.6,25.9,0.155,0.008,0.088,0.461,0.001,0.078,0.046,0.092,0.851,0.051,0.325
16/01/2015 02:00,0.3,4.3,0.8,4.9,7.5,18.5,0.046,0.027,0.082,0.417,0,0.065,0.057,0.116,0.857,0.055,0.302
16/01/2015 03:00,0.6,2.7,0.4,2.3,9.3,10,0.032,0.053,0.075,0.386,0,0.054,0.057,0.076,0.83,0.072,0.254
16/01/2015 04:00,1.1,2.9,0.3,1.8,8.8,13.4,0.038,0.107,0.071,0.341,0,0.049,0.043,0.01,0.786,0.181,0.218
16/01/2015 05:00,2.5,2.9,0.1,2.9,6.1,14.7,0.011,0.13,0.071,0.274,0.001,0.056,0.027,0,0.748,0.355,0.196
16/01/2015 06:00,4.6,2.7,0.1,3.5,4.3,9.7,0.002,0.125,0.072,0.239,0.005,0.053,0.027,0,0.721,0.41,0.193
16/01/2015 07:00,6.2,2.7,0.1,4.7,3.1,6.7,0.001,0.136,0.074,0.234,0.007,0.048,0.037,0,0.694,0.365,0.204
16/01/2015 08:00,6.2,3,0.2,6.1,2.5,5.6,0.001,0.137,0.086,0.149,0.007,0.049,0.054,0,0.657,0.311,0.227
16/01/2015 09:00,4.6,3.6,0.2,7,2.3,5.6,0.001,0.122,0.129,0.043,0.002,0.051,0.073,0,0.658,0.277,0.255
16/01/2015 10:00,2,4.8,0.2,7.7,2.6,6.3,0.001,0.077,0.203,0.082,0,0.042,0.093,0,0.686,0.259,0.284
16/01/2015 11:00,0.3,7.6,0.1,8.6,3,7.8,0,0.033,0.282,0.064,0.002,0.037,0.12,0.002,0.71,0.254,0.312
16/01/2015 12:00,0.1,10.1,0.3,12.3,4.3,13,0.001,0.011,0.358,0.04,0.003,0.032,0.169,0.015,0.71,0.27,0.343
16/01/2015 13:00,0.1,11.5,0.9,15.1,6.9,19.8,0.001,0.004,0.402,0.019,0.005,0.029,0.22,0.056,0.703,0.316,0.375
16/01/2015 14:00,0.1,12,1.4,15.9,10,23.5,0.001,0.002,0.386,0.003,0.008,0.041,0.257,0.118,0.703,0.378,0.411
16/01/2015 15:00,0.1,12.4,1.8,15.1,13,25.2,0.001,0.005,0.305,0,0.009,0.06,0.332,0.167,0.683,0.433,0.459
16/01/2015 16:00,0.1,13.4,2.1,13.4,14.6,25.9,0.002,0.012,0.207,0,0.011,0.087,0.337,0.192,0.649,0.523,0.525
16/01/2015 17:00,0.1,15,2.7,11.9,14.5,26.1,0.008,0.012,0.142,0,0.018,0.119,0.259,0.165,0.612,0.441,0.587
16/01/2015 18:00,0,15.5,3.1,10.9,14.7,25.7,0.008,0.008,0.103,0.016,0.018,0.153,0.182,0.09,0.565,0.354,0.627
16/01/2015 19:00,0.1,15.2,3.3,9.7,14.8,25,0.005,0.003,0.099,0.092,0.016,0.181,0.135,0.024,0.521,0.281,0.638
16/01/2015 20:00,0.1,14.8,3.4,8.7,15.9,24.7,0.003,0.002,0.112,0.192,0.018,0.212,0.118,0.002,0.489,0.22,0.631
16/01/2015 21:00,0.2,13.8,3.4,8.5,15.8,23.7,0.003,0.005,0.105,0.294,0.027,0.206,0.125,0.001,0.501,0.167,0.61
16/01/2015 22:00,0.2,12.8,3.1,8,14.9,22.5,0.012,0.014,0.094,0.414,0.042,0.131,0.106,0.013,0.538,0.124,0.578
16/01/2015 23:00,0.5,12.5,2.6,7.8,14.2,22.4,0.034,0.032,0.092,0.491,0.058,0.082,0.069,0.072,0.585,0.093,0.539
17/01/2015 00:00,0.7,12.4,2.3,8,12.8,22.5,0.062,0.068,0.1,0.475,0.066,0.086,0.046,0.157,0.641,0.064,0.501
17/01/2015 01:00,0.8,11.2,2.1,7.9,12.2,22.7,0.069,0.111,0.119,0.401,0.061,0.089,0.042,0.206,0.668,0.045,0.466
17/01/2015 02:00,0.1,5.5,0.4,6.9,10,16.4,0.02,0.103,0.14,0.379,0.049,0.08,0.05,0.193,0.666,0.039,0.438
17/01/2015 03:00,0.3,3.8,0.1,2.8,12.5,9.3,0.014,0.054,0.167,0.382,0.042,0.061,0.024,0.093,0.623,0.031,0.421
17/01/2015 04:00,1,6.1,0.1,2.1,11.3,9.6,0.013,0.023,0.188,0.367,0.043,0.059,0.008,0.029,0.577,0.051,0.419
17/01/2015 05:00,2.1,5.3,0.4,2.1,8.6,8.3,0.006,0.008,0.197,0.328,0.047,0.048,0,0.008,0.553,0.076,0.441
17/01/2015 06:00,3.1,4.4,1.1,1,6.4,5,0.001,0.002,0.198,0.3,0.05,0.038,0,0.001,0.552,0.072,0.476
17/01/2015 07:00,3.4,4,1.6,0.4,4.9,3,0,0,0.176,0.298,0.02,0.045,0,0,0.547,0.048,0.513
17/01/2015 08:00,3,4.1,1.9,0.3,4,2.2,0,0,0.143,0.163,0.016,0.042,0.001,0,0.503,0.036,0.54
17/01/2015 09:00,2.5,4.6,2.3,0.3,3.6,1.6,0.001,0.009,0.123,0.069,0.012,0.034,0.014,0,0.472,0.041,0.56
17/01/2015 10:00,1.1,5.8,2.3,0.7,3.6,1.3,0.003,0.058,0.125,0.119,0.003,0.027,0.035,0,0.459,0.055,0.565
17/01/2015 11:00,0.2,8.5,2.3,1.6,4.1,1.4,0.007,0.141,0.126,0.121,0.001,0.026,0.048,0.001,0.457,0.072,0.544
17/01/2015 12:00,0.1,10.8,2.3,4.5,6.1,4.7,0.013,0.187,0.112,0.112,0.001,0.026,0.061,0.004,0.434,0.1,0.516
17/01/2015 13:00,0.2,12.5,2.9,7.9,9.1,10.6,0.022,0.108,0.087,0.059,0.003,0.026,0.073,0.017,0.402,0.144,0.506
17/01/2015 14:00,0.6,13.3,4.1,11.1,11,16.2,0.034,0.071,0.064,0.027,0.008,0.057,0.076,0.033,0.362,0.203,0.529
17/01/2015 15:00,0.6,13.8,3.5,13,12,19.7,0.042,0.058,0.051,0.016,0.019,0.1,0.066,0.032,0.311,0.282,0.571
17/01/2015 16:00,0.4,14.7,2.8,14.1,11.3,21.4,0.046,0.037,0.047,0.016,0.041,0.148,0.072,0.018,0.27,0.407,0.624
17/01/2015 17:00,0.2,15.6,3.3,13.8,10.6,21.5,0.045,0.011,0.048,0.03,0.097,0.193,0.105,0.005,0.241,0.439,0.679
17/01/2015 18:00,0.2,15.6,3.3,12.6,10.1,20.7,0.033,0.027,0.049,0.082,0.182,0.233,0.147,0.001,0.22,0.407,0.724
17/01/2015 19:00,0.2,15.5,2.7,11.9,9.3,20.9,0.015,0.054,0.044,0.21,0.274,0.259,0.161,0.001,0.201,0.325,0.757
17/01/2015 20:00,0.1,15,1.6,11.3,8.8,21.7,0.003,0.056,0.042,0.389,0.361,0.276,0.116,0.002,0.192,0.228,0.778
17/01/2015 21:00,0.1,14,0.8,10.5,8.6,21.9,0.001,0.03,0.032,0.538,0.436,0.237,0.059,0.005,0.201,0.146,0.785
17/01/2015 22:00,0.1,13,0.6,9.6,8.8,21.8,0,0.02,0.024,0.629,0.49,0.137,0.012,0.006,0.21,0.1,0.772
17/01/2015 23:00,0.2,12.3,0.8,9.1,10,21.5,0.002,0.003,0.018,0.651,0.523,0.083,0.001,0.005,0.215,0.082,0.741
18/01/2015 00:00,0.2,11.6,1.1,8.8,11.5,21.2,0.013,0.004,0.018,0.62,0.527,0.089,0.002,0.003,0.235,0.069,0.705
18/01/2015 01:00,0.3,9,1.1,8.4,11.6,20.3,0.025,0.046,0.021,0.574,0.505,0.087,0.008,0.001,0.241,0.058,0.68
18/01/2015 02:00,0,3.1,0.3,7.1,8.8,13.9,0.008,0.094,0.02,0.522,0.434,0.079,0.005,0.001,0.233,0.045,0.679
18/01/2015 03:00,0.1,1.8,0.1,3,10.8,6.3,0.006,0.119,0.031,0.481,0.39,0.076,0.001,0,0.223,0.029,0.712
18/01/2015 04:00,0.7,3.9,0.3,1.1,10.5,5.7,0.002,0.197,0.08,0.466,0.359,0.061,0.007,0,0.207,0.028,0.762
18/01/2015 05:00,2.1,4.2,0.7,1.3,8,4.3,0,0.253,0.151,0.476,0.336,0.047,0.019,0.004,0.191,0.045,0.8
18/01/2015 06:00,3.4,3.5,1.3,0.7,6.4,1.5,0,0.198,0.225,0.498,0.297,0.041,0.037,0.008,0.188,0.043,0.822
18/01/2015 07:00,4.1,3.6,1.8,0.4,5.4,0.4,0,0.186,0.298,0.496,0.214,0.035,0.07,0.009,0.196,0.029,0.831
18/01/2015 08:00,4,4,2.1,0.3,4.8,0.2,0,0.186,0.382,0.32,0.345,0.028,0.117,0.007,0.194,0.021,0.831
18/01/2015 09:00,3.4,4.5,2.3,0.3,4.6,0.3,0,0.155,0.51,0.343,0.286,0.023,0.147,0.004,0.189,0.025,0.826
18/01/2015 10:00,1.7,5,2.7,0.3,4.9,0.4,0,0.154,0.619,0.59,0.162,0.024,0.154,0.001,0.211,0.043,0.806
18/01/2015 11:00,0.7,6.7,2.6,0.8,5.1,1.1,0,0.138,0.668,0.579,0.087,0.026,0.161,0.001,0.263,0.077,0.774
18/01/2015 12:00,0.3,8.3,1.9,2.2,7.2,4.9,0,0.105,0.684,0.469,0.048,0.024,0.17,0.004,0.302,0.146,0.726
18/01/2015 13:00,0.2,9.3,1.2,4.2,11.6,10.1,0,0.046,0.692,0.388,0.029,0.013,0.174,0.018,0.289,0.242,0.672
18/01/2015 14:00,0.2,9.5,0.8,6.2,14.2,14.3,0,0.017,0.674,0.345,0.017,0.028,0.162,0.051,0.255,0.326,0.624
18/01/2015 15:00,0.2,8.9,0.5,8,13.9,16.4,0.001,0.009,0.63,0.31,0.012,0.067,0.136,0.077,0.218,0.341,0.585
18/01/2015 16:00,0.1,8.1,0.4,9.6,12.3,17.3,0.003,0.003,0.562,0.31,0.013,0.115,0.114,0.093,0.182,0.342,0.562
18/01/2015 17:00,0.1,7.6,0.4,10.8,10.5,17.4,0.006,0.002,0.473,0.331,0.023,0.16,0.09,0.088,0.151,0.309,0.56
18/01/2015 18:00,0.1,7.6,0.4,11.6,8.3,17.1,0.006,0.005,0.388,0.476,0.042,0.186,0.076,0.059,0.122,0.277,0.566
18/01/2015 19:00,0.1,8.2,0.6,12.3,7.2,16.7,0.005,0.01,0.334,0.692,0.067,0.201,0.077,0.02,0.1,0.217,0.577
18/01/2015 20:00,0.2,9.6,0.8,13.6,6.6,16.3,0.005,0.005,0.3,0.798,0.099,0.217,0.105,0.003,0.084,0.113,0.593
18/01/2015 21:00,0.2,10.5,0.9,14.9,6.2,15.7,0.006,0,0.265,0.816,0.129,0.192,0.141,0.004,0.08,0.047,0.62
18/01/2015 22:00,0.5,10.8,0.9,15.5,6.1,15.5,0.009,0,0.241,0.794,0.159,0.105,0.168,0.031,0.076,0.028,0.652
18/01/2015 23:00,0.7,10.1,0.8,17,6.3,15.5,0.011,0,0.236,0.793,0.197,0.082,0.177,0.123,0.07,0.031,0.681
19/01/2015 00:00,0.8,9.5,0.8,17.8,6.7,15.9,0.013,0.001,0.242,0.788,0.24,0.101,0.193,0.253,0.073,0.051,0.7
19/01/2015 01:00,0.7,7.7,0.8,19.3,6.6,16.5,0.012,0.011,0.26,0.774,0.267,0.092,0.2,0.339,0.068,0.078,0.704
19/01/2015 02:00,0.1,2.4,0,19.7,5.8,12.5,0.002,0.026,0.278,0.746,0.27,0.08,0.123,0.361,0.057,0.084,0.697
19/01/2015 03:00,0.2,0.9,0,10,10.3,5.9,0,0.045,0.305,0.718,0.261,0.063,0.053,0.195,0.037,0.047,0.683
19/01/2015 04:00,0.6,2,0.1,3.8,10,5.4,0.001,0.068,0.341,0.697,0.255,0.057,0.03,0.093,0.018,0.027,0.676
19/01/2015 05:00,1.6,2.2,0.3,5.2,8.1,4.8,0.001,0.106,0.376,0.677,0.253,0.064,0.023,0.089,0.007,0.037,0.677
19/01/2015 06:00,2.7,2,0.8,4.8,6.6,2.6,0.001,0.134,0.395,0.654,0.231,0.064,0.037,0.058,0.003,0.039,0.682
19/01/2015 07:00,3.4,2.1,1.3,3.6,5.4,1.4,0.001,0.146,0.398,0.63,0.125,0.054,0.07,0.021,0.001,0.034,0.69
19/01/2015 08:00,3.6,2.3,1.9,2.7,4.7,0.9,0.002,0.159,0.402,0.536,0.128,0.035,0.087,0.005,0.001,0.021,0.69
19/01/2015 09:00,3.1,2.6,2.1,1.8,4.4,0.8,0.002,0.182,0.405,0.824,0.08,0.016,0.093,0.001,0.001,0.015,0.678
19/01/2015 10:00,1.6,3.1,2.1,1.4,4.7,1,0.009,0.194,0.42,0.808,0.035,0.007,0.099,0.001,0.002,0.011,0.648
19/01/2015 11:00,0.4,4.5,1.9,2.6,5.2,1.4,0.041,0.195,0.442,0.667,0.022,0.005,0.122,0.004,0.007,0.011,0.61
19/01/2015 12:00,0.1,5.9,1.5,5.5,8.8,3.7,0.094,0.201,0.444,0.498,0.017,0.004,0.182,0.018,0.018,0.013,0.583
19/01/2015 13:00,0.1,6.9,1.3,10.1,15.3,7.3,0.165,0.155,0.448,0.376,0.013,0.001,0.289,0.034,0.031,0.025,0.569
19/01/2015 14:00,0.2,7.5,1.1,14.5,19.2,9.7,0.233,0.12,0.432,0.3,0.007,0.004,0.312,0.025,0.044,0.066,0.568
19/01/2015 15:00,0.2,8,1.3,16.7,19.5,10.8,0.27,0.187,0.386,0.229,0.002,0.008,0.268,0.011,0.047,0.16,0.557
19/01/2015 16:00,0.1,8.3,1.2,17.5,17.9,11.5,0.278,0.305,0.315,0.192,0.001,0.008,0.228,0.004,0.049,0.253,0.54
19/01/2015 17:00,0,8.1,1.3,18.8,15.2,12,0.289,0.454,0.248,0.167,0,0.009,0.132,0,0.056,0.253,0.537
19/01/2015 18:00,0,8,1.3,19.8,12.7,12,0.296,0.638,0.182,0.201,0,0.013,0.07,0,0.067,0.228,0.549
19/01/2015 19:00,0,7.8,1.3,20.2,10.9,11.8,0.275,0.697,0.11,0.351,0.003,0.022,0.038,0,0.074,0.19,0.568
19/01/2015 20:00,0.1,7.8,1.2,19.9,9.5,11.6,0.218,0.732,0.051,0.568,0.006,0.037,0.01,0.017,0.079,0.109,0.585
19/01/2015 21:00,0.1,7.4,1,19.9,8.5,11,0.133,0.792,0.016,0.719,0.006,0.047,0.002,0.112,0.082,0.059,0.578
19/01/2015 22:00,0.2,7.1,1,19.4,8,10.1,0.06,0.867,0.01,0.768,0.001,0.039,0.001,0.237,0.079,0.032,0.539
19/01/2015 23:00,0.5,7.3,1.3,18.2,8.1,8.8,0.017,0.876,0.025,0.768,0,0.051,0.007,0.334,0.068,0.014,0.498
20/01/2015 00:00,0.7,7.9,1.9,17.7,8.3,7.6,0.003,0.884,0.07,0.731,0.001,0.071,0.035,0.386,0.051,0.006,0.476
20/01/2015 01:00,0.8,7.5,2.2,18.3,7.7,6.3,0.001,0.91,0.12,0.702,0.004,0.083,0.069,0.388,0.036,0.001,0.488
20/01/2015 02:00,0.3,2.9,0.6,17.5,7.1,3.9,0,0.941,0.157,0.635,0.017,0.071,0.088,0.351,0.03,0,0.513
20/01/2015 03:00,0.6,0.9,0.3,8.7,9.1,1.7,0.001,0.952,0.158,0.619,0.045,0.054,0.064,0.16,0.031,0,0.516
20/01/2015 04:00,1.4,1.1,0.1,3.9,7.1,2.1,0.01,0.959,0.135,0.633,0.086,0.038,0.094,0.058,0.033,0,0.503
20/01/2015 05:00,4.1,1.3,0.3,5.2,4.8,2.8,0.008,0.962,0.112,0.642,0.131,0.029,0.159,0.017,0.032,0,0.498
20/01/2015 06:00,7.1,1.4,0.6,7.6,3.6,3.3,0.003,0.924,0.093,0.635,0.162,0.022,0.182,0,0.031,0,0.507
20/01/2015 07:00,7.5,1.5,1.5,8,3.1,4.3,0.001,0.789,0.087,0.618,0.109,0.017,0.209,0,0.035,0.002,0.535
20/01/2015 08:00,6.5,1.8,2.9,8.8,2.6,5.8,0,0.806,0.097,0.42,0.165,0.011,0.255,0,0.047,0.022,0.57
20/01/2015 09:00,4.8,2.1,3.4,8.6,2.8,7.6,0,0.81,0.122,0.518,0.254,0.002,0.311,0,0.077,0.077,0.585
20/01/2015 10:00,2.2,2.8,2.6,7.5,3.4,9.1,0,0.806,0.132,0.758,0.248,0,0.355,0,0.133,0.157,0.566
20/01/2015 11:00,0.3,3.8,1.7,5.8,4.4,10.9,0.002,0.8,0.105,0.668,0.212,0,0.361,0,0.202,0.223,0.525
20/01/2015 12:00,0.2,4.4,1.1,4.1,7.2,15.4,0.019,0.819,0.069,0.481,0.18,0,0.294,0.018,0.264,0.211,0.477
20/01/2015 13:00,0.3,5.1,1,2.8,11.8,19.5,0.06,0.783,0.04,0.305,0.154,0.001,0.181,0.084,0.328,0.164,0.418
20/01/2015 14:00,0.4,5.7,1.1,2.4,14.5,19.7,0.103,0.859,0.016,0.195,0.135,0.009,0.089,0.193,0.398,0.087,0.381
20/01/2015 15:00,0.6,5.9,1.2,2.6,14.7,18.5,0.104,0.899,0.003,0.138,0.115,0.074,0.058,0.32,0.42,0.033,0.35
20/01/2015 16:00,0.4,5.9,1.4,2,12.9,17,0.078,0.898,0,0.114,0.082,0.17,0.055,0.41,0.409,0.01,0.302
20/01/2015 17:00,0.4,6.3,1.9,1.2,10.6,14.8,0.06,0.877,0,0.103,0.043,0.245,0.081,0.444,0.401,0.003,0.274
20/01/2015 18:00,0.5,6.8,2.2,0.7,9,11.8,0.045,0.855,0,0.107,0.008,0.309,0.133,0.436,0.383,0.001,0.278
20/01/2015 19:00,0.7,7.3,2.4,0.5,7.4,9.1,0.028,0.854,0,0.194,0.001,0.367,0.221,0.432,0.364,0,0.295
20/01/2015 20:00,0.8,8,2.6,0.5,6.6,7.3,0.015,0.833,0,0.407,0.001,0.42,0.314,0.416,0.352,0,0.32
20/01/2015 21:00,1,8.8,2.9,0.6,6.8,5.6,0.009,0.774,0,0.644,0.001,0.371,0.353,0.369,0.362,0,0.315
20/01/2015 22:00,1.1,9.5,3.3,0.8,7.5,4.2,0.007,0.72,0,0.757,0.003,0.243,0.337,0.312,0.391,0.001,0.285
20/01/2015 23:00,1.1,9,3.9,1.9,8.1,3.3,0.008,0.664,0,0.772,0.002,0.155,0.327,0.259,0.431,0.001,0.255
21/01/2015 00:00,1.1,8.8,5.1,3.9,8.8,3.2,0.015,0.578,0,0.73,0.001,0.211,0.338,0.204,0.481,0,0.241
21/01/2015 01:00,1.1,7.6,4.1,5.6,9.3,3.9,0.025,0.527,0,0.661,0.001,0.173,0.341,0.159,0.51,0,0.231
21/01/2015 02:00,0.6,3.6,1.4,5.7,12.3,3.1,0.012,0.445,0,0.594,0.01,0.143,0.358,0.125,0.525,0,0.225
21/01/2015 03:00,0.9,2.3,1.4,2.4,16.1,2.1,0.007,0.349,0,0.539,0.075,0.149,0.347,0.054,0.535,0.004,0.248
21/01/2015 04:00,1.3,2.1,0.9,1.5,14.9,2.2,0.005,0.259,0,0.502,0.214,0.162,0.311,0.011,0.535,0.017,0.31
21/01/2015 05:00,2.1,1.9,0.6,3.8,12.7,2.7,0.001,0.243,0,0.482,0.335,0.167,0.274,0,0.529,0.018,0.39
21/01/2015 06:00,3.4,1.8,0.6,5.3,10.7,3.4,0,0.22,0,0.48,0.345,0.195,0.181,0,0.539,0.007,0.457
21/01/2015 07:00,4,1.6,0.8,6.1,9.1,4.3,0,0.213,0,0.438,0.153,0.192,0.098,0,0.551,0.004,0.476
21/01/2015 08:00,3.5,1.6,0.9,7,8.1,5.1,0,0.241,0,0.289,0.146,0.245,0.037,0.001,0.521,0.006,0.463
21/01/2015 09:00,2.6,1.6,1.2,7.3,7.6,5.6,0,0.284,0,0.261,0.268,0.243,0.006,0,0.494,0.007,0.43
21/01/2015 10:00,1.1,1.9,1.4,6.9,7.9,5.7,0.001,0.259,0,0.51,0.247,0.235,0,0,0.476,0.006,0.386
21/01/2015 11:00,0.1,2.9,1.1,6.5,7.8,5.6,0.002,0.24,0.001,0.426,0.18,0.242,0,0.001,0.493,0.006,0.347
21/01/2015 12:00,0,4.2,0.6,9,10.3,6.7,0.003,0.219,0.002,0.241,0.133,0.22,0,0.009,0.521,0.007,0.31
21/01/2015 13:00,0.1,4.8,0.3,13.7,15.4,8.2,0.001,0.243,0.007,0.124,0.1,0.197,0,0.023,0.55,0.011,0.264
21/01/2015 14:00,0.2,4.8,0.4,19,18.7,8.3,0.001,0.279,0.023,0.075,0.073,0.272,0.001,0.032,0.563,0.018,0.233
21/01/2015 15:00,0.2,4.8,0.8,21,19.5,8.3,0,0.208,0.054,0.054,0.058,0.37,0.003,0.023,0.561,0.037,0.233
21/01/2015 16:00,0.2,4.5,1.2,21,18.4,8.6,0,0.152,0.088,0.064,0.048,0.395,0.003,0.008,0.556,0.056,0.264
21/01/2015 17:00,0.2,4.4,1.4,20.5,15.3,8.8,0.001,0.114,0.117,0.093,0.041,0.374,0.007,0.002,0.543,0.051,0.305
21/01/2015 18:00,0.3,4.1,1.8,19.9,12,8.5,0.002,0.076,0.133,0.17,0.023,0.337,0.02,0,0.538,0.041,0.336
21/01/2015 19:00,0.3,4.1,1.9,18.9,10.3,7.7,0.005,0.048,0.134,0.368,0.008,0.297,0.045,0,0.545,0.043,0.358
21/01/2015 20:00,0.4,4.6,2,18,9.5,6.4,0.008,0.021,0.125,0.632,0.003,0.255,0.089,0,0.556,0.057,0.371
21/01/2015 21:00,0.5,4.9,2.2,18,8.8,5.4,0.012,0.018,0.121,0.785,0,0.211,0.138,0.003,0.564,0.077,0.366
21/01/2015 22:00,0.4,4.9,2.2,18.4,8.4,4.7,0.015,0.041,0.13,0.818,0,0.159,0.155,0.038,0.586,0.085,0.348
21/01/2015 23:00,0.3,4.6,1.9,18.5,8.5,4.1,0.019,0.112,0.148,0.798,0,0.113,0.135,0.099,0.632,0.073,0.32
22/01/2015 00:00,0.2,4.6,1.9,18.5,8.7,3.5,0.03,0.234,0.18,0.722,0,0.107,0.127,0.14,0.713,0.048,0.285
22/01/2015 01:00,0.2,4.8,1.5,18.3,8.1,3.1,0.034,0.355,0.227,0.672,0.006,0.114,0.157,0.148,0.772,0.025,0.27
22/01/2015 02:00,0.1,2.1,0.2,14.8,6.8,2.2,0.007,0.407,0.284,0.664,0.045,0.111,0.218,0.138,0.785,0.023,0.275
22/01/2015 03:00,0.3,0.3,0.1,7.6,10,2.1,0,0.374,0.294,0.661,0.098,0.117,0.178,0.054,0.768,0.027,0.313
22/01/2015 04:00,2,0.2,0.3,8.3,8.5,2.5,0,0.32,0.283,0.653,0.101,0.112,0.161,0.004,0.737,0.009,0.376
22/01/2015 05:00,4.6,0.3,0.5,6.6,5.7,2.5,0,0.284,0.287,0.635,0.068,0.107,0.164,0,0.711,0.001,0.443
22/01/2015 06:00,6.6,0.3,0.9,2.6,3.9,3,0,0.256,0.283,0.598,0.057,0.088,0.153,0,0.683,0,0.502
22/01/2015 07:00,6.8,0.2,1.3,0.7,2.9,4.1,0,0.229,0.272,0.568,0.043,0.077,0.145,0.001,0.644,0,0.549
22/01/2015 08:00,5.7,0.2,1.5,0.3,2.3,5.8,0,0.201,0.261,0.337,0.035,0.071,0.132,0.003,0.607,0,0.578
22/01/2015 09:00,4.1,0.3,1.7,0.4,2.2,7.4,0,0.174,0.245,0.217,0.045,0.074,0.114,0.001,0.573,0,0.587
22/01/2015 10:00,1.9,0.6,1.6,1,2.7,8.7,0,0.167,0.229,0.619,0.05,0.086,0.087,0,0.56,0,0.58
22/01/2015 11:00,0.3,1.9,1.4,2.3,3.3,9.6,0,0.184,0.219,0.592,0.052,0.098,0.065,0,0.583,0,0.561
22/01/2015 12:00,0,2.8,1,8.3,4.2,11.4,0,0.185,0.202,0.444,0.051,0.092,0.06,0,0.578,0,0.548
22/01/2015 13:00,0,2.9,1,18.1,6.5,14.1,0,0.196,0.187,0.339,0.052,0.064,0.065,0.005,0.575,0.002,0.552
22/01/2015 14:00,0,2.8,1,25.8,9.4,14.2,0,0.311,0.174,0.3,0.051,0.113,0.075,0.014,0.566,0.01,0.575
22/01/2015 15:00,0.1,2.6,1.3,28.1,12.7,13.4,0,0.26,0.169,0.278,0.044,0.251,0.089,0.009,0.534,0.014,0.61
22/01/2015 16:00,0.1,2.7,1.7,27.1,14.1,12.6,0,0.195,0.182,0.281,0.027,0.295,0.101,0.001,0.494,0.008,0.655
22/01/2015 17:00,0.1,3.1,1.9,25.3,13,12.2,0,0.155,0.206,0.235,0.008,0.282,0.098,0,0.454,0.003,0.69
22/01/2015 18:00,0.1,3.7,2,23.4,12.5,11.9,0.001,0.143,0.236,0.274,0,0.256,0.077,0.001,0.42,0.001,0.697
22/01/2015 19:00,0.1,4.4,1.9,21.3,11,11.2,0.008,0.138,0.259,0.448,0,0.241,0.066,0.057,0.396,0.005,0.688
22/01/2015 20:00,0.1,5,1.8,19.1,10.5,10.7,0.024,0.142,0.277,0.633,0,0.223,0.068,0.259,0.376,0.02,0.686
22/01/2015 21:00,0.1,5.2,1.6,18.4,9.3,10.6,0.047,0.188,0.269,0.721,0.001,0.189,0.065,0.461,0.386,0.037,0.68
22/01/2015 22:00,0.1,5.1,1.1,18.7,8.2,10.7,0.07,0.424,0.248,0.716,0.002,0.122,0.041,0.528,0.411,0.046,0.652
22/01/2015 23:00,0.1,5.2,0.9,18.4,7.6,11.1,0.087,0.55,0.231,0.701,0.001,0.097,0.014,0.498,0.426,0.038,0.621
23/01/2015 00:00,0.2,5.1,0.8,17.7,7.8,11.8,0.089,0.501,0.225,0.666,0,0.092,0.011,0.428,0.453,0.012,0.601
23/01/2015 01:00,0.2,4.5,0.3,17,7.5,12.1,0.058,0.459,0.241,0.621,0,0.081,0.017,0.355,0.459,0.001,0.628
23/01/2015 02:00,0.1,2,0,13,8.5,8.8,0.012,0.454,0.27,0.591,0.001,0.079,0.022,0.294,0.437,0.001,0.685
23/01/2015 03:00,1.1,0.8,0.1,4.9,10.3,6,0.004,0.385,0.316,0.539,0.041,0.086,0.04,0.183,0.371,0.009,0.709
23/01/2015 04:00,4.4,1.8,0.3,4.4,9.5,5.5,0.001,0.295,0.362,0.538,0.121,0.092,0.136,0.19,0.291,0.015,0.729
23/01/2015 05:00,7.7,3.8,0.8,3.8,7.6,3.5,0,0.214,0.403,0.544,0.157,0.078,0.228,0.112,0.223,0.018,0.776
23/01/2015 06:00,10.7,4.8,2.1,3.1,5.6,1.9,0,0.192,0.437,0.501,0.145,0.05,0.238,0.041,0.175,0.03,0.826
23/01/2015 07:00,11.8,5.3,3.3,3.3,4.1,1.1,0,0.196,0.464,0.437,0.072,0.026,0.186,0.025,0.14,0.048,0.858
23/01/2015 08:00,10.7,5.7,4,4.3,3.1,0.8,0,0.16,0.47,0.32,0.085,0.03,0.141,0.028,0.106,0.054,0.866
23/01/2015 09:00,8.6,6.4,4.3,5.4,2.9,0.8,0,0.152,0.448,0.181,0.192,0.059,0.112,0.035,0.092,0.053,0.866
23/01/2015 10:00,4.8,7.3,3.9,6.5,3.2,1.3,0,0.168,0.403,0.251,0.292,0.09,0.11,0.04,0.1,0.048,0.872
23/01/2015 11:00,1.5,8.8,4.2,7.5,4.1,2.4,0,0.192,0.344,0.437,0.203,0.124,0.141,0.045,0.118,0.035,0.868
23/01/2015 12:00,0.3,10.4,4.3,11.3,6.9,7.2,0,0.239,0.287,0.43,0.112,0.126,0.172,0.053,0.137,0.019,0.841
23/01/2015 13:00,0.2,11,4.6,15.2,11,15.3,0,0.245,0.245,0.328,0.059,0.121,0.181,0.039,0.164,0.011,0.794
23/01/2015 14:00,0.3,10.8,5.1,16.7,13.8,20.1,0,0.21,0.223,0.241,0.03,0.241,0.155,0.015,0.192,0.011,0.762
23/01/2015 15:00,0.4,10.1,4.9,17.2,15.1,21.9,0,0.177,0.221,0.191,0.017,0.337,0.142,0.003,0.223,0.014,0.755
23/01/2015 16:00,0.3,9.6,4.8,17.5,14.9,22,0,0.256,0.231,0.17,0.012,0.347,0.17,0.006,0.229,0.017,0.769
23/01/2015 17:00,0.2,9.3,4.4,17.5,14.8,21.6,0.001,0.364,0.231,0.157,0.007,0.319,0.18,0.046,0.214,0.018,0.792
23/01/2015 18:00,0.2,8.9,3.6,16.9,14.8,21.1,0.003,0.473,0.218,0.207,0.001,0.258,0.215,0.154,0.192,0.016,0.8
23/01/2015 19:00,0.1,9,2.8,15.9,14.5,20.7,0.007,0.599,0.196,0.305,0,0.204,0.289,0.274,0.168,0.009,0.793
23/01/2015 20:00,0.1,9.5,2.1,14.6,13.8,20.7,0.013,0.633,0.177,0.395,0,0.152,0.34,0.348,0.142,0.003,0.785
23/01/2015 21:00,0.1,10.1,1.4,12.8,13,20.1,0.016,0.688,0.144,0.457,0,0.112,0.347,0.382,0.135,0.001,0.783
23/01/2015 22:00,0.1,10.5,0.7,11.8,12.3,19.2,0.013,0.766,0.112,0.476,0,0.082,0.325,0.376,0.141,0,0.765
23/01/2015 23:00,0.1,10.6,0.5,11.3,12.1,18.3,0.013,0.85,0.092,0.433,0,0.087,0.22,0.345,0.144,0,0.758
24/01/2015 00:00,0.2,10.6,0.5,11.3,11.6,17.6,0.018,0.831,0.079,0.379,0.001,0.118,0.157,0.315,0.148,0,0.773
24/01/2015 01:00,0.2,8.5,0.4,10.7,10.4,17.2,0.021,0.8,0.078,0.341,0.002,0.113,0.115,0.332,0.147,0.001,0.798
24/01/2015 02:00,0.1,3.3,0.1,8.5,11,13.3,0.004,0.778,0.084,0.31,0.006,0.112,0.088,0.36,0.145,0.014,0.821
24/01/2015 03:00,0.7,3.5,1.1,3.3,13,11.2,0.001,0.802,0.101,0.248,0.019,0.133,0.07,0.225,0.118,0.041,0.836
24/01/2015 04:00,3.7,7.5,2.3,2.4,12.5,14.7,0.015,0.857,0.13,0.193,0.044,0.085,0.102,0.114,0.082,0.028,0.844
24/01/2015 05:00,8.1,7.6,3.1,1.8,10.3,10.5,0.018,0.92,0.162,0.165,0.067,0.069,0.201,0.076,0.059,0.019,0.847
24/01/2015 06:00,11.9,7.7,3.6,0.6,8.1,6.3,0.017,0.932,0.2,0.141,0.081,0.056,0.323,0.06,0.047,0.02,0.849
24/01/2015 07:00,12.6,8.6,4.2,0.2,6.6,4.1,0.015,0.963,0.225,0.14,0.073,0.051,0.398,0.045,0.042,0.017,0.842
24/01/2015 08:00,10.8,9.6,4.5,0.1,5.5,2.9,0.014,0.989,0.235,0.082,0.041,0.039,0.407,0.046,0.041,0.017,0.832
24/01/2015 09:00,7.2,10.6,4.6,0.1,5.6,2.4,0.012,0.916,0.232,0.041,0.027,0.021,0.381,0.067,0.055,0.021,0.839
24/01/2015 10:00,3,10.8,3.9,0.3,6.6,2.1,0.02,0.895,0.225,0.184,0.015,0.015,0.361,0.084,0.091,0.026,0.858
24/01/2015 11:00,0.7,11.6,3.8,0.7,8,2.4,0.039,0.878,0.22,0.161,0.008,0.011,0.334,0.095,0.135,0.027,0.866
24/01/2015 12:00,0.1,12.2,3.3,2.7,11,6.9,0.064,0.578,0.22,0.104,0.002,0.005,0.309,0.082,0.168,0.019,0.873
24/01/2015 13:00,0.1,12,2.7,6.3,15,15.7,0.095,0.476,0.214,0.075,0,0.001,0.272,0.038,0.185,0.011,0.882
24/01/2015 14:00,0.2,11.2,2.4,10.7,17,20.7,0.124,0.816,0.196,0.061,0,0.001,0.176,0.008,0.199,0.005,0.875
24/01/2015 15:00,0.2,11,1.9,13.8,18.2,21.7,0.135,0.85,0.181,0.068,0,0,0.127,0.008,0.185,0.001,0.862
24/01/2015 16:00,0.2,11.3,1.6,14.2,18.7,21.5,0.141,0.822,0.189,0.076,0,0.001,0.112,0.043,0.16,0,0.856
24/01/2015 17:00,0.1,11.4,1.6,13.2,18.3,21.5,0.144,0.842,0.214,0.088,0.007,0.004,0.085,0.142,0.137,0,0.855
24/01/2015 18:00,0.1,12,1.5,12.1,16.7,21.4,0.142,0.831,0.253,0.102,0.066,0.014,0.059,0.274,0.115,0,0.869
24/01/2015 19:00,0.1,13.2,1.4,12.2,16.6,20.5,0.142,0.797,0.291,0.119,0.113,0.03,0.044,0.323,0.098,0,0.885
24/01/2015 20:00,0.1,14.1,1.4,12.3,16.2,19,0.133,0.718,0.311,0.144,0.131,0.053,0.037,0.295,0.084,0.001,0.906
24/01/2015 21:00,0.1,13.5,1.2,12.8,15.4,17.5,0.123,0.633,0.294,0.162,0.139,0.076,0.037,0.234,0.077,0.018,0.921
24/01/2015 22:00,0.1,11.2,1.1,13.7,15,16.3,0.108,0.599,0.249,0.154,0.177,0.083,0.031,0.193,0.075,0.062,0.928
24/01/2015 23:00,0.1,8.8,0.9,14.9,14.8,15.5,0.09,0.523,0.209,0.131,0.239,0.076,0.021,0.187,0.076,0.088,0.929
25/01/2015 00:00,0.1,6.9,0.8,15.6,14.9,14.5,0.074,0.451,0.183,0.122,0.268,0.078,0.012,0.194,0.083,0.072,0.919
25/01/2015 01:00,0.2,4.9,0.5,15.8,14.1,14.3,0.054,0.386,0.163,0.132,0.258,0.058,0.007,0.188,0.088,0.05,0.899
25/01/2015 02:00,0.1,1.8,0.1,13.7,14.3,11.3,0.015,0.344,0.155,0.167,0.243,0.043,0.008,0.16,0.089,0.04,0.876
25/01/2015 03:00,0.2,1.4,0.3,6.3,18.7,8.6,0.015,0.311,0.172,0.227,0.213,0.037,0.01,0.075,0.084,0.037,0.852
25/01/2015 04:00,1.1,2.4,0.6,4.4,18.7,10.6,0.018,0.257,0.207,0.269,0.179,0.032,0.021,0.007,0.074,0.025,0.829
25/01/2015 05:00,3,2.8,0.9,5.4,15.4,10.7,0.009,0.228,0.242,0.278,0.134,0.037,0.053,0,0.067,0.031,0.817
25/01/2015 06:00,4.9,3.3,1.6,3.2,12.2,8.4,0.003,0.226,0.281,0.233,0.09,0.039,0.101,0,0.067,0.02,0.814
25/01/2015 07:00,5.8,3.4,2.6,1.8,9.8,7.5,0,0.233,0.31,0.155,0.022,0.037,0.165,0,0.074,0.008,0.806
25/01/2015 08:00,5.1,3.9,3.2,1.2,8.2,6.8,0,0.245,0.328,0.044,0.058,0.037,0.239,0,0.081,0.007,0.803
25/01/2015 09:00,4.1,4.9,3.5,1.3,7.6,6.8,0,0.229,0.327,0.009,0.082,0.04,0.32,0,0.105,0.016,0.813
25/01/2015 10:00,2.3,5.7,3.1,2.6,8.1,6.8,0,0.193,0.3,0.015,0.059,0.042,0.392,0,0.163,0.031,0.821
25/01/2015 11:00,0.4,7.6,2.4,5.3,9.5,7.6,0,0.164,0.269,0.014,0.038,0.042,0.44,0,0.236,0.039,0.819
25/01/2015 12:00,0.1,8.2,2,13.3,14,12,0,0.165,0.238,0.008,0.023,0.046,0.445,0.011,0.286,0.034,0.806
25/01/2015 13:00,0.1,7.8,1.4,20,21.9,18.2,0,0.046,0.219,0.002,0.01,0.038,0.349,0.035,0.314,0.021,0.797
25/01/2015 14:00,0.1,8.2,1.1,22.7,25.6,21.2,0.005,0.029,0.216,0,0.007,0.045,0.194,0.043,0.328,0.013,0.804
25/01/2015 15:00,0.1,8.8,1.1,22.5,25.9,21.3,0.036,0.015,0.231,0,0.012,0.045,0.145,0.054,0.31,0.008,0.799
25/01/2015 16:00,0.1,9.3,1.4,21.1,24.3,20.9,0.089,0.011,0.259,0,0.022,0.04,0.155,0.093,0.291,0.008,0.785
25/01/2015 17:00,0.1,9.8,1.6,18.8,21.4,20.3,0.131,0.027,0.295,0,0.04,0.047,0.168,0.149,0.3,0.015,0.784
25/01/2015 18:00,0.1,8.9,1.6,14.9,19.5,19.8,0.138,0.049,0.323,0.001,0.058,0.059,0.196,0.202,0.32,0.029,0.784
25/01/2015 19:00,0.1,7.3,1.3,11.6,18.1,19.3,0.126,0.069,0.335,0.026,0.073,0.07,0.2,0.226,0.342,0.039,0.788
25/01/2015 20:00,0.2,5.8,1.1,9.2,17.3,18.8,0.109,0.087,0.353,0.114,0.079,0.084,0.179,0.176,0.358,0.042,0.812
25/01/2015 21:00,0.2,4.8,1.1,7.3,16.1,18,0.079,0.105,0.362,0.211,0.064,0.104,0.192,0.082,0.368,0.047,0.842
25/01/2015 22:00,0.1,4.3,0.9,6.4,14.3,16.6,0.045,0.093,0.358,0.286,0.044,0.112,0.149,0.027,0.372,0.046,0.861
25/01/2015 23:00,0.1,4.6,0.8,6,13.2,15.2,0.041,0.042,0.355,0.343,0.027,0.091,0.122,0.033,0.388,0.046,0.867
26/01/2015 00:00,0.1,5.1,0.8,5.6,13.2,14.5,0.08,0.008,0.352,0.392,0.012,0.081,0.148,0.087,0.414,0.055,0.867
26/01/2015 01:00,0.1,4.4,0.7,4.9,12.3,14.3,0.085,0,0.361,0.416,0.005,0.071,0.227,0.156,0.425,0.061,0.865
26/01/2015 02:00,0.1,1.3,0.1,3.6,14,10.1,0.023,0,0.367,0.442,0.003,0.071,0.294,0.188,0.423,0.038,0.857
26/01/2015 03:00,0.5,0.2,0.1,1.1,22,4.8,0.009,0.007,0.376,0.493,0.01,0.059,0.294,0.103,0.402,0.028,0.849
26/01/2015 04:00,2.1,0.1,0.3,0.9,20.1,8.1,0.005,0.047,0.387,0.531,0.037,0.052,0.448,0.015,0.386,0.03,0.828
26/01/2015 05:00,4.8,0.3,0.7,2.8,15.3,10.1,0.001,0.111,0.392,0.504,0.064,0.045,0.562,0,0.386,0.032,0.794
26/01/2015 06:00,6.7,0.6,1.4,3.8,11.3,8.1,0,0.188,0.387,0.438,0.066,0.036,0.621,0,0.376,0.043,0.765
26/01/2015 07:00,7.6,0.9,2.2,4.3,8.4,6,0,0.243,0.376,0.356,0.03,0.03,0.642,0,0.31,0.095,0.746
26/01/2015 08:00,7.4,1.3,2.6,4.5,6.4,4.4,0.002,0.223,0.371,0.188,0.011,0.036,0.65,0.004,0.241,0.194,0.744
26/01/2015 09:00,5.5,1.7,2.8,4.9,6.1,3.9,0.005,0.188,0.346,0.104,0.003,0.025,0.648,0.004,0.28,0.322,0.756
26/01/2015 10:00,2.5,2.8,2.6,5.4,7,4.1,0.011,0.174,0.286,0.273,0.007,0.02,0.625,0.003,0.438,0.414,0.772
26/01/2015 11:00,0.4,4.9,2.5,6.2,9.1,4.7,0.023,0.166,0.218,0.395,0.019,0.017,0.593,0.003,0.59,0.367,0.779
26/01/2015 12:00,0.2,6.7,1.7,11.2,14.8,7.1,0.041,0.159,0.159,0.358,0.034,0.011,0.541,0.005,0.677,0.245,0.77
26/01/2015 13:00,0.2,6.6,1.1,18.2,24.2,10.3,0.076,0.045,0.121,0.301,0.044,0.004,0.466,0.011,0.724,0.146,0.754
26/01/2015 14:00,0.1,5.2,0.9,23.9,27.6,11.8,0.127,0.015,0.101,0.232,0.048,0.005,0.373,0.012,0.752,0.077,0.746
26/01/2015 15:00,0.1,3.9,0.9,25.9,28.1,12.1,0.17,0.033,0.105,0.204,0.047,0.011,0.382,0.02,0.746,0.068,0.75
26/01/2015 16:00,0.1,3.5,0.8,25.5,26.4,12.1,0.22,0.018,0.132,0.2,0.046,0.015,0.323,0.043,0.737,0.1,0.765
26/01/2015 17:00,0.1,3.6,0.6,24.6,22.9,11.7,0.282,0.014,0.152,0.22,0.055,0.02,0.27,0.064,0.739,0.14,0.785
26/01/2015 18:00,0.1,3.8,0.5,23.5,20.8,11.2,0.332,0.026,0.147,0.332,0.051,0.026,0.279,0.062,0.744,0.176,0.8
26/01/2015 19:00,0.2,3.9,0.4,21.9,19.7,11,0.346,0.046,0.137,0.428,0.038,0.032,0.398,0.039,0.754,0.193,0.804
26/01/2015 20:00,0.2,3.7,0.4,19.6,17.2,11.5,0.328,0.064,0.14,0.474,0.03,0.046,0.405,0.014,0.763,0.185,0.804
26/01/2015 21:00,0.2,3.1,0.6,15.8,15,12.1,0.289,0.08,0.142,0.513,0.018,0.062,0.334,0.002,0.792,0.164,0.802
26/01/2015 22:00,0.2,2.6,0.8,11.8,14.4,12.7,0.234,0.083,0.143,0.555,0.006,0.067,0.259,0.001,0.822,0.131,0.802
26/01/2015 23:00,0.2,2.4,0.8,8.9,13.8,13,0.167,0.081,0.138,0.602,0.001,0.058,0.232,0.01,0.828,0.073,0.808
27/01/2015 00:00,0.1,2.8,0.8,6.8,13.4,12.8,0.098,0.079,0.128,0.608,0.001,0.048,0.216,0.043,0.813,0.023,0.814
27/01/2015 01:00,0.1,2.7,0.6,5.1,11.7,12.7,0.03,0.087,0.118,0.59,0.001,0.038,0.278,0.123,0.787,0.021,0.824
27/01/2015 02:00,0.2,0.8,0.1,3.4,15.7,9.2,0.006,0.101,0.119,0.58,0.007,0.034,0.243,0.205,0.765,0.044,0.834
27/01/2015 03:00,1,0.5,0.3,1.4,20.2,6.2,0.022,0.125,0.135,0.594,0.03,0.031,0.219,0.151,0.726,0.042,0.848
27/01/2015 04:00,4,0.8,0.8,0.7,18.3,7.6,0.021,0.156,0.16,0.613,0.059,0.033,0.432,0.066,0.683,0.02,0.862
27/01/2015 05:00,8.2,1.3,1.6,0.4,14.9,9,0.007,0.177,0.186,0.587,0.072,0.031,0.588,0.027,0.651,0.029,0.871
27/01/2015 06:00,12,2.4,2.6,0.6,12.1,8.3,0.001,0.139,0.206,0.545,0.061,0.033,0.645,0.007,0.624,0.039,0.873
27/01/2015 07:00,13.9,3.7,3.2,0.9,10.1,8,0.001,0.148,0.212,0.539,0.018,0.045,0.586,0.001,0.603,0.042,0.872
27/01/2015 08:00,13.9,5.1,3.5,1.6,8.7,7.7,0.001,0.228,0.227,0.342,0.005,0.042,0.519,0.001,0.586,0.038,0.871
27/01/2015 09:00,10.8,6.4,3.6,2.3,8,8,0.001,0.191,0.235,0.168,0.008,0.039,0.53,0.001,0.605,0.025,0.869
27/01/2015 10:00,6.1,6.8,3.1,3.6,8.1,9.4,0.006,0.11,0.202,0.412,0.019,0.057,0.563,0,0.642,0.015,0.869
27/01/2015 11:00,2.2,8.3,3.1,6,9.1,11.3,0.046,0.051,0.153,0.546,0.039,0.056,0.562,0.001,0.66,0.011,0.872
27/01/2015 12:00,0.7,9.5,3.3,12.9,12.7,16.3,0.112,0.055,0.118,0.585,0.035,0.046,0.537,0.002,0.661,0.01,0.875
27/01/2015 13:00,0.2,9.3,2.8,20.3,19,22.5,0.179,0.01,0.097,0.656,0.025,0.048,0.448,0.002,0.668,0.01,0.877
27/01/2015 14:00,0.3,8.9,2.3,24,22.9,24.3,0.26,0,0.082,0.704,0.018,0.068,0.311,0.002,0.691,0.012,0.876
27/01/2015 15:00,0.3,8.6,2.1,24.9,23.2,23.8,0.3,0,0.074,0.72,0.009,0.089,0.243,0.004,0.69,0.005,0.869
27/01/2015 16:00,0.2,8.1,1.9,24.7,22.8,22.7,0.323,0,0.079,0.73,0.004,0.076,0.203,0.015,0.672,0.001,0.866
27/01/2015 17:00,0.2,7.3,1.9,24.7,21.7,21.9,0.315,0,0.097,0.748,0.001,0.045,0.17,0.044,0.644,0.001,0.866
27/01/2015 18:00,0.2,6.8,2.2,24.5,19.2,21.5,0.259,0.001,0.134,0.795,0.003,0.02,0.137,0.074,0.618,0.003,0.872
27/01/2015 19:00,0.3,6.5,2.1,24.5,17.2,21.4,0.201,0,0.178,0.81,0.033,0.011,0.166,0.091,0.609,0.015,0.875
27/01/2015 20:00,0.4,6.3,1.9,24,16.2,21.3,0.151,0,0.208,0.74,0.079,0.009,0.201,0.096,0.615,0.043,0.877
27/01/2015 21:00,0.4,6.1,1.1,21.8,15.2,20.7,0.107,0.001,0.197,0.737,0.103,0.015,0.202,0.103,0.658,0.066,0.881
27/01/2015 22:00,0.3,5.8,0.5,18.6,14,20.2,0.084,0,0.17,0.812,0.101,0.025,0.17,0.131,0.713,0.065,0.88
27/01/2015 23:00,0.2,5.6,0.4,16.3,13.7,20.2,0.086,0,0.159,0.785,0.09,0.063,0.163,0.173,0.753,0.041,0.868
28/01/2015 00:00,0.2,5.9,0.4,15.5,13.5,21,0.1,0,0.164,0.762,0.079,0.086,0.155,0.207,0.787,0.018,0.853
28/01/2015 01:00,0.4,4.6,0.3,14.3,12.1,21.5,0.079,0.001,0.171,0.738,0.071,0.085,0.169,0.203,0.799,0.008,0.837
28/01/2015 02:00,0.8,1.7,0.3,11.5,13.8,16.7,0.048,0.003,0.18,0.684,0.083,0.055,0.214,0.165,0.788,0.008,0.821
28/01/2015 03:00,3.8,1.4,1.6,5.1,17.5,15.7,0.165,0.02,0.204,0.656,0.131,0.05,0.294,0.059,0.758,0.01,0.799
28/01/2015 04:00,8.4,2.3,3.6,5.1,15.7,23.9,0.155,0.061,0.235,0.658,0.206,0.043,0.425,0.004,0.718,0.005,0.779
28/01/2015 05:00,12.1,2.7,6.3,6.6,12.3,20.1,0.104,0.099,0.27,0.655,0.266,0.036,0.374,0,0.684,0.008,0.763
28/01/2015 06:00,14.3,3.4,9,5,9.4,14.5,0.083,0.131,0.315,0.597,0.259,0.074,0.278,0,0.668,0.031,0.752
28/01/2015 07:00,15.3,4.4,11,3.9,7.1,11.3,0.076,0.202,0.349,0.575,0.107,0.114,0.322,0.005,0.666,0.061,0.743
28/01/2015 08:00,14.9,5.5,11.4,2.8,5.6,9.8,0.077,0.204,0.352,0.407,0.084,0.122,0.395,0.03,0.668,0.079,0.734
28/01/2015 09:00,11.5,6.1,9,2.1,5.1,8.9,0.076,0.186,0.345,0.259,0.108,0.158,0.446,0.051,0.674,0.073,0.731
28/01/2015 10:00,5.3,5.8,7.3,1.6,5.2,8.7,0.091,0.159,0.322,0.497,0.067,0.183,0.464,0.076,0.695,0.058,0.724
28/01/2015 11:00,1.6,7.1,7.6,1.7,5.9,9.2,0.154,0.124,0.278,0.689,0.026,0.204,0.433,0.128,0.718,0.045,0.715
28/01/2015 12:00,0.4,8.6,6.6,3.8,8.3,14.3,0.231,0.119,0.24,0.668,0.006,0.162,0.398,0.244,0.724,0.041,0.701
28/01/2015 13:00,0.2,8.7,5.4,7.1,12.7,20.7,0.31,0.031,0.211,0.63,0,0.192,0.323,0.374,0.719,0.032,0.688
28/01/2015 14:00,0.2,8.3,4.6,10.5,15.5,22.6,0.388,0.011,0.209,0.546,0,0.223,0.213,0.475,0.712,0.027,0.682
28/01/2015 15:00,0.4,7.8,3.5,12,15.4,22.7,0.478,0.025,0.245,0.432,0,0.22,0.163,0.55,0.723,0.03,0.674
28/01/2015 16:00,0.6,7.9,2.4,12,14.9,22,0.553,0.01,0.311,0.349,0,0.187,0.138,0.574,0.75,0.059,0.668
28/01/2015 17:00,0.5,8.2,1.3,11.1,13.3,21.1,0.59,0.002,0.374,0.41,0.035,0.151,0.082,0.519,0.783,0.099,0.674
28/01/2015 18:00,0.3,7.8,0.8,9.6,10.8,20.4,0.59,0.002,0.38,0.54,0.157,0.116,0.066,0.413,0.816,0.137,0.676
28/01/2015 19:00,0.2,7.1,0.6,7.9,8.8,19.5,0.586,0.005,0.323,0.633,0.249,0.085,0.063,0.294,0.839,0.166,0.678
28/01/2015 20:00,0.2,7.1,0.5,6.3,7.6,18.4,0.575,0.014,0.276,0.701,0.294,0.062,0.054,0.205,0.852,0.179,0.692
28/01/2015 21:00,0.3,7.5,0.5,4.9,7.3,16.6,0.566,0.042,0.233,0.736,0.312,0.063,0.054,0.13,0.857,0.186,0.7
28/01/2015 22:00,0.4,7.4,0.4,4.2,7.5,15.5,0.566,0.136,0.174,0.74,0.313,0.076,0.046,0.062,0.861,0.2,0.706
28/01/2015 23:00,0.4,7,0.2,3.9,7.6,15.2,0.51,0.273,0.137,0.711,0.3,0.084,0.041,0.023,0.873,0.192,0.712
29/01/2015 00:00,0.4,5.5,0.1,4.1,7.8,15,0.453,0.422,0.127,0.633,0.233,0.084,0.05,0.008,0.89,0.164,0.727
29/01/2015 01:00,0.5,3.3,0.1,4.6,7.5,14.2,0.32,0.513,0.125,0.642,0.138,0.055,0.054,0.005,0.901,0.12,0.746
29/01/2015 02:00,0.2,0.8,0.2,4.3,9.3,9.2,0.215,0.537,0.125,0.666,0.092,0.024,0.036,0.004,0.899,0.093,0.772
29/01/2015 03:00,2,0.2,0.9,1.9,9.8,5.4,0.294,0.538,0.141,0.631,0.133,0.004,0.015,0.002,0.877,0.067,0.798
29/01/2015 04:00,5,0.2,1.6,0.3,6.6,6.3,0.292,0.442,0.187,0.581,0.195,0.001,0.042,0.005,0.847,0.027,0.82
29/01/2015 05:00,8.5,0.4,2.3,0.4,3.8,7,0.241,0.39,0.261,0.513,0.22,0.001,0.099,0.026,0.826,0.028,0.84
29/01/2015 06:00,11.9,0.9,2.9,0.7,1.9,6.4,0.195,0.398,0.348,0.464,0.234,0,0.165,0.042,0.812,0.061,0.855
29/01/2015 07:00,13.8,0.9,3.3,1.1,0.9,6.2,0.192,0.38,0.432,0.432,0.194,0,0.255,0.031,0.803,0.089,0.868
29/01/2015 08:00,11.9,1.4,3.2,1.6,0.4,6.2,0.197,0.381,0.512,0.249,0.179,0,0.362,0.014,0.8,0.093,0.883
29/01/2015 09:00,9.5,5.5,3,1.7,0.3,6.4,0.185,0.358,0.563,0.122,0.071,0.001,0.46,0.008,0.799,0.082,0.899
29/01/2015 10:00,6.5,8.2,2.3,1.6,0.4,6.6,0.168,0.411,0.578,0.327,0.013,0.002,0.513,0.012,0.793,0.058,0.9
29/01/2015 11:00,1.8,8.6,2.6,2.3,0.8,6.8,0.213,0.381,0.578,0.472,0.001,0.003,0.472,0.062,0.782,0.031,0.893
29/01/2015 12:00,0.7,9.1,3.8,6.1,3.3,9.8,0.294,0.447,0.583,0.415,0,0.005,0.379,0.228,0.762,0.014,0.874
29/01/2015 13:00,0.7,8.9,3.8,10.5,7.6,14.9,0.377,0.343,0.613,0.309,0,0,0.302,0.413,0.743,0.005,0.831
29/01/2015 14:00,0.6,8.3,3.3,14.4,11.3,19.5,0.461,0.227,0.662,0.213,0,0,0.192,0.538,0.727,0.001,0.797
29/01/2015 15:00,0.6,8.3,2.4,18.3,13.3,22.5,0.532,0.213,0.716,0.135,0.001,0,0.13,0.582,0.712,0,0.762
29/01/2015 16:00,0.6,8.6,1.9,21.4,13.1,24.2,0.544,0.337,0.763,0.076,0.008,0,0.104,0.559,0.711,0,0.736
29/01/2015 17:00,0.5,9.3,1.8,23.7,13.1,25.5,0.524,0.503,0.792,0.032,0.069,0,0.091,0.532,0.729,0,0.736
29/01/2015 18:00,0.6,9.9,1.7,24.9,13.3,26.7,0.472,0.68,0.804,0.002,0.199,0,0.079,0.535,0.761,0,0.786
29/01/2015 19:00,1.3,9.2,1.8,24.7,13.2,27.5,0.435,0.722,0.808,0.001,0.268,0,0.077,0.617,0.775,0,0.845
29/01/2015 20:00,1.6,7.7,2,23.9,12.8,28.1,0.431,0.729,0.812,0.024,0.225,0.004,0.084,0.663,0.748,0.001,0.882
29/01/2015 21:00,1.6,7.3,1.6,23.5,12.1,27.9,0.411,0.566,0.786,0.091,0.139,0.021,0.094,0.648,0.713,0.015,0.915
29/01/2015 22:00,1.5,7.8,0.7,22,11.6,27.2,0.337,0.305,0.735,0.209,0.081,0.055,0.101,0.644,0.672,0.067,0.935
29/01/2015 23:00,1.1,8.9,0.3,19.7,11.3,26.6,0.189,0.268,0.682,0.334,0.05,0.077,0.11,0.625,0.624,0.077,0.946
30/01/2015 00:00,0.6,9.7,0.3,18.3,11.4,26.1,0.056,0.291,0.633,0.445,0.031,0.092,0.118,0.61,0.615,0.018,0.947
30/01/2015 01:00,0.6,7.6,0.3,17.2,11.1,25.5,0.002,0.3,0.593,0.403,0.019,0.082,0.119,0.602,0.627,0.005,0.944
30/01/2015 02:00,1.4,4.3,2,14.3,11.8,17.3,0,0.343,0.574,0.341,0.012,0.045,0.104,0.549,0.607,0.01,0.938
30/01/2015 03:00,5.6,4.6,5.5,5.3,13.2,12.3,0.005,0.341,0.596,0.355,0.011,0.021,0.08,0.428,0.542,0.018,0.925
30/01/2015 04:00,9.1,5.9,7.3,1.9,10.8,14,0.023,0.313,0.628,0.344,0.012,0.013,0.118,0.544,0.466,0.006,0.911
30/01/2015 05:00,12,5.9,8.4,2.5,8.2,13.3,0.011,0.435,0.653,0.297,0.018,0.008,0.174,0.494,0.41,0,0.902
30/01/2015 06:00,14.3,6.7,9.9,1.4,5.9,8,0.004,0.349,0.668,0.273,0.036,0.006,0.217,0.41,0.378,0,0.901
30/01/2015 07:00,15.8,7.6,11.3,0.6,3.9,5,0.002,0.264,0.667,0.28,0.09,0.005,0.226,0.273,0.365,0.003,0.91
30/01/2015 08:00,15.9,8.3,11.6,0.6,2.5,3.8,0.005,0.193,0.666,0.195,0.121,0.009,0.218,0.147,0.341,0.009,0.922
30/01/2015 09:00,14.4,9,10.1,1,2.1,3.5,0.008,0.153,0.647,0.112,0.033,0.012,0.195,0.083,0.356,0.011,0.937
30/01/2015 10:00,8.4,9.3,8.6,1.4,2.3,3.7,0.009,0.148,0.6,0.266,0.001,0.015,0.167,0.054,0.415,0.006,0.95
30/01/2015 11:00,3.7,11.1,8.9,2.4,3.1,4.6,0.008,0.121,0.534,0.355,0,0.016,0.137,0.05,0.473,0.003,0.955
30/01/2015 12:00,1.8,13.2,7.9,5.6,6.2,9.1,0.009,0.091,0.47,0.253,0,0.014,0.115,0.062,0.51,0.001,0.953
30/01/2015 13:00,0.8,13,6.6,9.5,11,16.2,0.009,0.026,0.433,0.133,0,0.028,0.093,0.058,0.513,0.001,0.946
30/01/2015 14:00,0.3,12.3,5.8,13.1,14.8,22.7,0.011,0.037,0.414,0.038,0.001,0.058,0.073,0.041,0.538,0,0.935
30/01/2015 15:00,0.2,12,5.1,16.9,17.6,26.9,0.025,0.136,0.428,0.005,0.001,0.084,0.084,0.034,0.546,0,0.929
30/01/2015 16:00,0.2,11.6,4.3,20,19.5,28.7,0.065,0.309,0.457,0.003,0.002,0.103,0.079,0.043,0.56,0.001,0.927
30/01/2015 17:00,0.3,11.4,2.8,21.8,20,29.6,0.118,0.494,0.481,0.001,0.023,0.122,0.068,0.079,0.583,0.004,0.925
30/01/2015 18:00,0.3,12.1,2.1,22,18.2,29.7,0.141,0.603,0.495,0.002,0.104,0.136,0.054,0.147,0.593,0.019,0.919
30/01/2015 19:00,0.3,13,1.6,20.6,15.6,29.4,0.131,0.629,0.494,0.037,0.228,0.147,0.042,0.258,0.584,0.027,0.915
30/01/2015 20:00,0.5,12.9,1.3,17.8,14,28.2,0.106,0.59,0.479,0.193,0.367,0.154,0.034,0.386,0.552,0.022,0.914
30/01/2015 21:00,0.7,11.1,1,15.5,13.2,26.6,0.1,0.48,0.435,0.417,0.436,0.157,0.035,0.481,0.492,0.029,0.917
30/01/2015 22:00,0.9,9.1,0.9,14.4,12.8,24.7,0.105,0.501,0.394,0.539,0.431,0.136,0.037,0.525,0.423,0.051,0.923
30/01/2015 23:00,0.8,7.4,0.5,14,12.5,22.9,0.108,0.558,0.376,0.555,0.402,0.12,0.044,0.532,0.364,0.053,0.929
31/01/2015 00:00,0.8,6.1,0.3,14.2,12.3,21.4,0.11,0.528,0.367,0.589,0.396,0.101,0.054,0.529,0.343,0.037,0.934
31/01/2015 01:00,0.8,4,0.5,14.8,11,20.2,0.077,0.42,0.36,0.624,0.391,0.065,0.061,0.526,0.352,0.009,0.939
31/01/2015 02:00,0.7,1,0.4,14.1,13,13.5,0.021,0.33,0.355,0.544,0.352,0.058,0.07,0.501,0.358,0.001,0.944
31/01/2015 03:00,0.5,0.5,0.4,6.7,18.8,9.6,0.027,0.27,0.371,0.571,0.279,0.054,0.054,0.281,0.361,0.001,0.949
31/01/2015 04:00,0.9,1.4,0.6,1.9,19.9,9.3,0.031,0.292,0.388,0.612,0.185,0.056,0.06,0.226,0.349,0.002,0.955
31/01/2015 05:00,2.2,2.2,1.2,0.1,17.9,5.6,0.017,0.331,0.386,0.535,0.114,0.038,0.076,0.115,0.317,0.002,0.959
31/01/2015 06:00,3.8,2.1,1.8,0,15,3.4,0.005,0.322,0.369,0.407,0.063,0.037,0.086,0.025,0.281,0.005,0.959
31/01/2015 07:00,4.8,2,2,0,12.4,2.8,0.001,0.272,0.333,0.305,0.05,0.049,0.09,0.004,0.245,0.015,0.958
31/01/2015 08:00,4.8,2,2,0.1,10.2,2.5,0,0.211,0.309,0.155,0.028,0.043,0.093,0.001,0.202,0.021,0.96
31/01/2015 09:00,4.6,2.1,2,0.1,9.7,2.4,0,0.157,0.296,0.031,0.001,0.036,0.095,0.001,0.167,0.014,0.964
31/01/2015 10:00,2.8,2.6,2.1,0.1,10.5,2.5,0,0.12,0.278,0.04,0,0.046,0.106,0.002,0.172,0.008,0.966
31/01/2015 11:00,0.8,5.2,2,0.1,11.8,2.9,0,0.095,0.248,0.144,0.004,0.053,0.118,0.011,0.187,0.005,0.964
31/01/2015 12:00,0.2,7,1.8,0.1,16.4,5.5,0,0.062,0.191,0.117,0.021,0.054,0.139,0.046,0.203,0.004,0.959
31/01/2015 13:00,0.2,7,1.1,0.1,23.9,9.4,0.002,0.008,0.137,0.035,0.045,0.071,0.169,0.093,0.237,0.003,0.956
31/01/2015 14:00,0.4,6.1,0.9,0.1,26.4,12,0.017,0.004,0.114,0.001,0.058,0.135,0.192,0.128,0.269,0.002,0.952
31/01/2015 15:00,0.6,5.1,0.9,0.2,25.4,13.8,0.043,0.001,0.121,0,0.06,0.192,0.237,0.141,0.285,0.001,0.952
31/01/2015 16:00,0.4,4.2,1,0.4,23.5,15.6,0.057,0.001,0.122,0,0.063,0.198,0.252,0.128,0.289,0.001,0.956
31/01/2015 17:00,0.2,3.9,1.2,1.9,20,16.9,0.062,0.001,0.121,0.006,0.1,0.183,0.207,0.096,0.294,0.001,0.96
31/01/2015 18:00,0.1,4.4,1.2,5.3,17.4,17.8,0.061,0.001,0.13,0.041,0.176,0.157,0.175,0.064,0.308,0.003,0.963
31/01/2015 19:00,0.1,5.8,1.1,10.3,15.8,17.3,0.046,0.001,0.14,0.069,0.219,0.141,0.165,0.043,0.325,0.011,0.964
31/01/2015 20:00,0.2,7.5,1,15.2,14.5,16,0.029,0.001,0.142,0.12,0.227,0.14,0.142,0.045,0.323,0.027,0.964
31/01/2015 21:00,0.2,8.4,0.8,18,13.5,14,0.033,0,0.12,0.201,0.21,0.14,0.111,0.068,0.294,0.035,0.964
31/01/2015 22:00,0.3,8.1,0.9,18.7,12.6,12.3,0.055,0,0.09,0.294,0.192,0.12,0.107,0.113,0.245,0.024,0.963
31/01/2015 23:00,0.5,7.2,1.1,18.3,12.2,11.5,0.1,0,0.068,0.35,0.195,0.094,0.106,0.192,0.206,0.008,0.959
01/02/2015 00:00,0.6,6.2,1.4,18.2,12.3,11.6,0.149,0.017,0.046,0.302,0.21,0.064,0.076,0.297,0.193,0.001,0.955
01/02/2015 01:00,0.7,4.7,1.6,18.8,11,12.1,0.127,0.077,0.025,0.245,0.22,0.045,0.044,0.38,0.169,0,0.955
01/02/2015 02:00,0.2,1.4,0.3,18,11.1,7.6,0.045,0.18,0.017,0.212,0.205,0.036,0.037,0.377,0.144,0,0.958
01/02/2015 03:00,0.2,0.3,0.2,8.5,14,3.9,0.035,0.32,0.02,0.192,0.175,0.024,0.018,0.183,0.121,0,0.959
01/02/2015 04:00,0.7,0.2,0.3,2.8,11.3,5.7,0.014,0.409,0.032,0.201,0.132,0.02,0.003,0.092,0.099,0,0.959
01/02/2015 05:00,2.1,0.3,0.6,2.2,8.5,4.5,0.002,0.384,0.048,0.249,0.093,0.028,0.007,0.035,0.073,0,0.957
01/02/2015 06:00,3.5,0.3,1.4,1.6,6.1,3.9,0,0.286,0.057,0.288,0.068,0.035,0.017,0.002,0.048,0,0.955
01/02/2015 07:00,4.3,0.3,2.1,1.8,4.4,4.6,0,0.205,0.058,0.32,0.079,0.039,0.028,0,0.024,0,0.956
01/02/2015 08:00,3.9,0.3,2.6,1.9,3.4,5.8,0,0.136,0.059,0.233,0.134,0.045,0.029,0.001,0.011,0,0.959
01/02/2015 09:00,2.6,0.6,2.6,2.1,3.4,7,0,0.042,0.064,0.101,0.072,0.038,0.026,0.001,0.01,0,0.961
01/02/2015 10:00,1.3,1.4,2.4,2.3,4.1,8.1,0,0.001,0.069,0.218,0.011,0.032,0.024,0.005,0.024,0,0.958
01/02/2015 11:00,0.2,3.4,1.9,2.4,5.3,9.5,0.001,0,0.067,0.292,0,0.027,0.024,0.022,0.058,0,0.949
01/02/2015 12:00,0.1,5.3,1.1,3.9,8.6,12.5,0.006,0,0.06,0.19,0,0.019,0.032,0.069,0.092,0,0.943
01/02/2015 13:00,0.2,6.3,0.6,6.1,14.8,15.4,0.018,0,0.051,0.103,0,0.015,0.064,0.119,0.118,0,0.941
01/02/2015 14:00,0.5,7,0.7,8.8,20,15.3,0.029,0,0.049,0.059,0,0.036,0.107,0.15,0.138,0,0.94
01/02/2015 15:00,0.6,6.6,1.1,10.7,21.4,13.5,0.032,0.003,0.05,0.034,0,0.064,0.158,0.146,0.142,0.001,0.944
01/02/2015 16:00,0.4,5.8,1.4,11.4,20.7,11.6,0.027,0.009,0.056,0.02,0,0.069,0.179,0.114,0.145,0.003,0.95
01/02/2015 17:00,0.3,4.9,1.7,11.5,19,10.7,0.015,0.006,0.068,0.012,0,0.062,0.162,0.08,0.155,0.008,0.954
01/02/2015 18:00,0.4,4.3,1.9,11.3,17.5,10,0.006,0.009,0.09,0.011,0,0.054,0.11,0.072,0.178,0.015,0.958
01/02/2015 19:00,0.5,4.3,2.1,10.8,16.6,9.2,0.002,0.015,0.108,0.041,0,0.055,0.054,0.104,0.201,0.024,0.964
01/02/2015 20:00,0.7,4.6,2.1,9.5,16.2,8.1,0.001,0.02,0.111,0.123,0,0.062,0.029,0.178,0.22,0.024,0.969
01/02/2015 21:00,1,5.2,2.3,8,15.4,6.6,0.002,0.021,0.095,0.249,0.005,0.08,0.019,0.272,0.235,0.02,0.967
01/02/2015 22:00,1.3,5.6,2.4,6.4,15.3,5.3,0.013,0.007,0.084,0.4,0.023,0.098,0.017,0.353,0.235,0.02,0.959
01/02/2015 23:00,1.4,5.8,2.9,5,16.6,4.4,0.033,0.001,0.088,0.542,0.062,0.09,0.015,0.41,0.231,0.022,0.948
02/02/2015 00:00,1.5,5.9,3.8,4.4,17.7,4.6,0.059,0,0.09,0.633,0.111,0.079,0.014,0.438,0.23,0.027,0.939
02/02/2015 01:00,1.6,5.1,4.4,5,16.3,5.4,0.049,0,0.092,0.675,0.152,0.082,0.013,0.447,0.201,0.03,0.935
02/02/2015 02:00,0.5,2.1,1.4,5.2,17.1,4.1,0.008,0.003,0.11,0.701,0.173,0.083,0.023,0.41,0.144,0.033,0.935
02/02/2015 03:00,0.7,0.4,1.2,2.6,20.4,2.6,0,0.006,0.148,0.717,0.197,0.09,0.025,0.185,0.107,0.049,0.937
02/02/2015 04:00,1.4,0.2,0.9,1.1,18.8,4.2,0,0.003,0.198,0.69,0.213,0.077,0.022,0.078,0.084,0.057,0.938
02/02/2015 05:00,2.6,0.3,0.9,1.2,15.6,5.1,0,0,0.251,0.618,0.208,0.058,0.017,0.044,0.065,0.06,0.936
02/02/2015 06:00,3.8,0.3,1.1,1.3,13.1,5.2,0,0,0.3,0.528,0.182,0.051,0.014,0.029,0.051,0.067,0.935
02/02/2015 07:00,4.3,0.2,1.3,1.6,11.3,5.2,0.002,0,0.33,0.436,0.21,0.047,0.01,0.028,0.045,0.063,0.936
02/02/2015 08:00,4,0.1,1.6,1.7,10,5.5,0.003,0.019,0.344,0.211,0.302,0.036,0.005,0.032,0.041,0.054,0.933
02/02/2015 09:00,3.8,0.2,1.9,2.3,11,5.9,0.004,0.109,0.35,0.075,0.177,0.026,0.001,0.034,0.035,0.058,0.932
02/02/2015 10:00,2.5,0.6,1.6,4.9,13.7,6.3,0.008,0.249,0.344,0.171,0.07,0.027,0,0.034,0.045,0.068,0.936
02/02/2015 11:00,0.6,1.8,1.4,11.2,16.7,6.6,0.01,0.323,0.315,0.258,0.027,0.031,0.001,0.042,0.076,0.068,0.943
02/02/2015 12:00,0.1,3.3,1.4,24.4,22.1,10,0.013,0.305,0.275,0.2,0.008,0.03,0.016,0.067,0.125,0.056,0.947
02/02/2015 13:00,0.1,4.2,2,34.3,28.6,14,0.017,0.069,0.239,0.086,0.001,0.027,0.067,0.084,0.178,0.033,0.947
02/02/2015 14:00,0.2,4.5,2.7,37.2,31.7,14.2,0.027,0.003,0.214,0.028,0,0.054,0.075,0.076,0.228,0.017,0.946
02/02/2015 15:00,0.2,4.5,3.4,35.1,32.5,12.9,0.015,0.004,0.178,0.006,0.003,0.074,0.042,0.051,0.27,0.007,0.938
02/02/2015 16:00,0.2,3.9,3.8,30,33,11.1,0.003,0.019,0.144,0.001,0.023,0.072,0.038,0.019,0.294,0.003,0.929
02/02/2015 17:00,0.2,3.3,3.9,25.2,30,9.6,0,0.016,0.134,0.001,0.076,0.069,0.049,0.002,0.315,0.004,0.921
02/02/2015 18:00,0.1,3.1,3.5,21.6,27.9,9.1,0,0.017,0.138,0.002,0.179,0.077,0.053,0.002,0.328,0.008,0.917
02/02/2015 19:00,0.2,3,3.2,20,26.4,9.9,0,0.025,0.146,0.02,0.289,0.088,0.088,0.028,0.335,0.016,0.919
02/02/2015 20:00,0.2,3.4,3.1,20.4,24.3,11.6,0,0.036,0.161,0.088,0.323,0.097,0.212,0.134,0.341,0.039,0.923
02/02/2015 21:00,0.5,4,3.3,21.7,21.9,13.5,0,0.058,0.179,0.171,0.243,0.094,0.207,0.251,0.323,0.052,0.933
02/02/2015 22:00,0.6,4.7,3.7,22.5,20.7,15,0,0.118,0.177,0.251,0.164,0.075,0.171,0.308,0.284,0.03,0.943
02/02/2015 23:00,0.6,5.1,3.8,21.9,19.3,16.4,0,0.211,0.17,0.312,0.14,0.076,0.125,0.303,0.247,0.017,0.949
03/02/2015 00:00,0.5,5.7,3.8,20,18,17.5,0.001,0.311,0.181,0.354,0.132,0.077,0.158,0.255,0.231,0.018,0.956
03/02/2015 01:00,0.3,5.4,3.2,17.7,16,17.9,0.002,0.379,0.201,0.379,0.126,0.072,0.153,0.201,0.212,0.028,0.958
03/02/2015 02:00,0.1,2.1,0.3,11.8,20.9,13,0,0.372,0.222,0.392,0.12,0.06,0.126,0.141,0.191,0.042,0.955
03/02/2015 03:00,0.2,0.7,0.1,4,24.4,9.5,0,0.296,0.24,0.401,0.138,0.064,0.104,0.026,0.164,0.054,0.952
03/02/2015 04:00,0.9,0.4,0.3,3.5,22.4,10.2,0,0.222,0.27,0.398,0.178,0.051,0.161,0,0.141,0.028,0.942
03/02/2015 05:00,2.5,0.4,0.7,2.1,18,6.8,0.001,0.174,0.325,0.379,0.201,0.048,0.148,0,0.123,0.038,0.925
03/02/2015 06:00,4.7,0.3,1.2,0.6,14.8,3.5,0.003,0.156,0.395,0.32,0.186,0.059,0.086,0.001,0.112,0.091,0.903
03/02/2015 07:00,6.1,0.3,1.4,0.3,12.6,1.8,0.004,0.15,0.45,0.262,0.279,0.062,0.044,0.009,0.106,0.139,0.89
03/02/2015 08:00,6.4,0.3,1.4,0.3,11.5,0.9,0.005,0.188,0.487,0.172,0.325,0.055,0.02,0.031,0.106,0.17,0.893
03/02/2015 09:00,5.2,0.4,1.5,0.4,12.6,0.8,0.009,0.254,0.495,0.096,0.114,0.053,0.01,0.063,0.134,0.183,0.902
03/02/2015 10:00,2.5,1.1,1.3,0.6,15.2,0.9,0.013,0.231,0.481,0.144,0.013,0.046,0.004,0.094,0.184,0.168,0.912
03/02/2015 11:00,0.3,2.8,1.2,0.8,17.9,1.4,0.015,0.165,0.46,0.179,0.001,0.044,0.003,0.135,0.252,0.128,0.914
03/02/2015 12:00,0.1,4.4,0.9,2.3,22.4,4.8,0.016,0.117,0.436,0.162,0,0.035,0.006,0.252,0.316,0.075,0.91
03/02/2015 13:00,0.1,5.1,1.1,5.8,28.6,12.3,0.015,0.068,0.416,0.074,0,0.017,0.01,0.398,0.341,0.033,0.91
03/02/2015 14:00,0.2,5,1.5,11.5,31.3,18,0.013,0.068,0.404,0.014,0,0.045,0.006,0.505,0.34,0.015,0.916
03/02/2015 15:00,0.2,4.1,1.8,17.7,32.1,21,0.009,0.094,0.41,0,0,0.096,0,0.599,0.303,0.01,0.93
03/02/2015 16:00,0.1,3.1,1.8,23.2,31.2,22.7,0.004,0.152,0.409,0,0.005,0.113,0,0.616,0.254,0.022,0.944
03/02/2015 17:00,0.2,2.2,1.8,27.1,29.7,23.6,0.002,0.176,0.394,0,0.042,0.1,0,0.56,0.212,0.057,0.949
03/02/2015 18:00,0.2,2.2,1.6,28.8,27.3,24.4,0.005,0.172,0.38,0,0.139,0.085,0,0.498,0.179,0.115,0.947
03/02/2015 19:00,0.3,3.3,1.3,28.6,25.1,25,0.012,0.155,0.386,0.011,0.209,0.076,0,0.437,0.164,0.16,0.944
03/02/2015 20:00,0.3,4.8,1.1,27.4,23.2,25.5,0.014,0.117,0.413,0.094,0.209,0.067,0,0.372,0.164,0.167,0.936
03/02/2015 21:00,0.3,5.6,0.8,27.1,21.2,26,0.009,0.085,0.441,0.216,0.181,0.058,0.003,0.3,0.167,0.148,0.914
03/02/2015 22:00,0.2,5.7,0.7,27.6,19,26.3,0.004,0.082,0.488,0.341,0.165,0.056,0.006,0.224,0.164,0.141,0.891
03/02/2015 23:00,0.2,5.7,0.6,28.2,17.4,26.4,0.002,0.085,0.547,0.484,0.163,0.076,0.002,0.167,0.164,0.139,0.88
04/02/2015 00:00,0.1,5.8,0.7,29,15.7,26.7,0.002,0.086,0.599,0.561,0.167,0.087,0,0.111,0.158,0.132,0.894
04/02/2015 01:00,0.1,5.9,0.8,29.5,13.7,26.7,0.002,0.064,0.635,0.553,0.17,0.077,0.009,0.066,0.142,0.132,0.892
04/02/2015 02:00,0.2,2.3,0.3,23.9,14.5,18.8,0,0.032,0.66,0.502,0.178,0.074,0.039,0.046,0.121,0.108,0.872
04/02/2015 03:00,2.2,0.8,1.4,10.6,20.4,13.5,0.001,0.012,0.69,0.423,0.192,0.071,0.058,0.021,0.087,0.09,0.867
04/02/2015 04:00,6.2,1.8,2.8,9.1,23.1,19.1,0.045,0.006,0.723,0.328,0.207,0.064,0.062,0.008,0.054,0.074,0.863
04/02/2015 05:00,10.2,3.6,4.4,10.6,22.2,19.2,0.064,0.01,0.753,0.254,0.206,0.05,0.039,0,0.033,0.17,0.863
04/02/2015 06:00,12.9,5.9,6.1,8,20.9,12.7,0.068,0.028,0.779,0.212,0.18,0.041,0.016,0.003,0.023,0.234,0.872
04/02/2015 07:00,13.6,8.1,7.3,6,19.7,7.7,0.079,0.065,0.797,0.188,0.1,0.032,0.013,0.013,0.022,0.227,0.883
04/02/2015 08:00,12.6,9.6,7.8,5.1,18.9,4.8,0.08,0.116,0.806,0.098,0.149,0.05,0.025,0.013,0.028,0.151,0.888
04/02/2015 09:00,10.2,10.6,7.2,5.3,19.7,3.4,0.077,0.179,0.796,0.057,0.069,0.056,0.047,0.004,0.045,0.084,0.897
04/02/2015 10:00,5.1,10.3,5.5,6.1,21.5,2.9,0.079,0.243,0.765,0.196,0.017,0.061,0.063,0,0.08,0.051,0.906
04/02/2015 11:00,1.4,12,4.4,7.6,22.4,3.4,0.088,0.272,0.711,0.225,0.002,0.058,0.078,0,0.128,0.031,0.901
04/02/2015 12:00,0.3,13.7,4.1,15,22.1,8.7,0.097,0.254,0.635,0.111,0,0.049,0.098,0.001,0.178,0.016,0.891
04/02/2015 13:00,0.2,13.7,3.8,25.2,21.7,19.2,0.073,0.068,0.552,0.037,0,0.054,0.114,0.021,0.219,0.007,0.89
04/02/2015 14:00,0.2,13.1,4.2,31.9,21.2,26.6,0.064,0.001,0.483,0.009,0,0.095,0.113,0.045,0.251,0.005,0.896
04/02/2015 15:00,0.3,12.1,4.3,33.2,21.2,29.3,0.054,0.001,0.453,0.003,0,0.103,0.088,0.042,0.267,0.009,0.884
04/02/2015 16:00,0.3,11.4,3.3,31.6,21.3,30.1,0.041,0.006,0.444,0.004,0,0.076,0.048,0.024,0.27,0.028,0.845
04/02/2015 17:00,0.2,11.2,2.1,28.9,20.5,30.4,0.04,0.01,0.447,0.011,0.003,0.047,0.028,0.011,0.267,0.074,0.8
04/02/2015 18:00,0.3,11.2,1.3,25.5,20.2,30.1,0.039,0.012,0.461,0.052,0.034,0.035,0.014,0.003,0.257,0.127,0.79
04/02/2015 19:00,0.2,11.3,0.9,21.4,19.7,29.6,0.039,0.01,0.483,0.153,0.087,0.035,0.007,0.002,0.245,0.157,0.796
04/02/2015 20:00,0.3,11.5,0.8,17.2,18.9,29.3,0.038,0.012,0.505,0.289,0.145,0.045,0.017,0.007,0.248,0.139,0.792
04/02/2015 21:00,0.4,11.5,0.6,13.7,18,28.9,0.048,0.026,0.513,0.457,0.22,0.064,0.061,0.051,0.255,0.086,0.794
04/02/2015 22:00,0.2,10.7,0.4,11.5,16.2,28,0.058,0.064,0.52,0.586,0.321,0.075,0.159,0.149,0.265,0.048,0.795
04/02/2015 23:00,0.2,9.3,0.6,10.4,14.2,27.1,0.043,0.105,0.518,0.623,0.422,0.106,0.272,0.265,0.271,0.035,0.791
05/02/2015 00:00,0.1,7.9,0.6,9.9,13,26.5,0.02,0.135,0.51,0.615,0.472,0.119,0.311,0.332,0.277,0.031,0.785
05/02/2015 01:00,0.1,5.3,0.4,8.9,12,25.2,0.007,0.191,0.513,0.6,0.441,0.131,0.338,0.337,0.265,0.029,0.783
05/02/2015 02:00,0,1.4,0.4,5.5,11.4,16.6,0.001,0.264,0.535,0.578,0.35,0.137,0.376,0.289,0.23,0.032,0.792
05/02/2015 03:00,0.2,0.9,1.7,1.4,16.2,10.8,0.001,0.344,0.59,0.544,0.258,0.123,0.422,0.101,0.193,0.039,0.799
05/02/2015 04:00,1.1,2.4,2.3,0.4,20,14.2,0.002,0.391,0.654,0.497,0.183,0.104,0.593,0.034,0.162,0.044,0.808
05/02/2015 05:00,3,3,2.8,0.1,17.7,12.5,0.003,0.384,0.708,0.428,0.131,0.082,0.678,0,0.133,0.125,0.815
05/02/2015 06:00,5,3.1,3.3,0.1,14.8,7.6,0.004,0.337,0.742,0.327,0.081,0.072,0.723,0,0.112,0.187,0.819
05/02/2015 07:00,5.8,3.3,3.6,0,12.5,3.9,0.006,0.307,0.75,0.237,0.034,0.063,0.763,0.007,0.099,0.179,0.827
05/02/2015 08:00,5.6,3.4,3.5,0,11.1,1.9,0.018,0.272,0.75,0.107,0.061,0.064,0.791,0.025,0.103,0.14,0.832
05/02/2015 09:00,4.8,3.9,3.7,0.1,11.3,1.1,0.042,0.245,0.715,0.031,0.015,0.057,0.844,0.038,0.126,0.112,0.845
05/02/2015 10:00,2.7,4.9,3.2,0.1,12.6,0.9,0.058,0.245,0.637,0.025,0.001,0.054,0.869,0.037,0.179,0.088,0.859
05/02/2015 11:00,0.6,6.8,2.3,0,14.5,1.2,0.068,0.238,0.57,0.072,0,0.058,0.873,0.026,0.241,0.067,0.861
05/02/2015 12:00,0.1,7.6,1.5,0.3,17.8,4.1,0.052,0.202,0.513,0.069,0,0.047,0.857,0.046,0.279,0.046,0.852
05/02/2015 13:00,0,7.3,0.8,1.3,22.7,10.8,0.035,0.045,0.458,0.037,0,0.035,0.794,0.094,0.284,0.034,0.833
05/02/2015 14:00,0.1,6.8,0.5,2.8,24.5,16.5,0.022,0.004,0.407,0.016,0,0.051,0.666,0.14,0.282,0.04,0.808
05/02/2015 15:00,0.1,6.4,0.7,4.3,25.4,19.5,0.011,0.013,0.383,0.005,0,0.05,0.582,0.168,0.267,0.054,0.786
05/02/2015 16:00,0,6.4,0.9,6,27.1,20.9,0.005,0.013,0.38,0.001,0,0.047,0.477,0.151,0.239,0.079,0.775
05/02/2015 17:00,0,6.5,1.1,7.5,24.9,21.2,0.004,0.002,0.413,0.001,0.001,0.047,0.395,0.079,0.22,0.127,0.768
05/02/2015 18:00,0,6.6,1.3,8.7,22.2,20.4,0.006,0.001,0.444,0.001,0.021,0.055,0.325,0.017,0.218,0.164,0.769
05/02/2015 19:00,0.1,7.1,1.1,10.4,20.4,18.8,0.009,0.003,0.433,0.005,0.064,0.075,0.302,0,0.242,0.155,0.782
05/02/2015 20:00,0.1,8.3,1.1,12,18.3,17.5,0.012,0.006,0.407,0.032,0.112,0.101,0.32,0.001,0.282,0.121,0.803
05/02/2015 21:00,0.1,8.9,1.2,13.2,16,16.9,0.012,0.027,0.364,0.106,0.155,0.13,0.334,0.044,0.328,0.095,0.824
05/02/2015 22:00,0.1,8.6,0.8,14.5,14,17.3,0.005,0.072,0.311,0.22,0.187,0.139,0.307,0.192,0.386,0.076,0.833
05/02/2015 23:00,0.1,8.7,0.7,15.4,13,18.8,0.002,0.157,0.279,0.337,0.212,0.134,0.281,0.385,0.476,0.049,0.835
06/02/2015 00:00,0.1,8.6,0.8,16.2,12.3,20.5,0,0.274,0.274,0.424,0.228,0.125,0.259,0.504,0.586,0.032,0.835
06/02/2015 01:00,0.1,6.6,0.4,16.8,11.1,21.3,0,0.385,0.286,0.469,0.212,0.105,0.256,0.57,0.676,0.028,0.835
06/02/2015 02:00,0,2.2,0.1,15,10.8,14.4,0,0.422,0.295,0.432,0.179,0.076,0.249,0.524,0.733,0.031,0.832
06/02/2015 03:00,0.2,1.3,0.3,5.8,14.8,9.5,0,0.358,0.327,0.376,0.147,0.079,0.235,0.256,0.76,0.035,0.827
06/02/2015 04:00,1.5,1.3,0.8,1.3,16.1,13.7,0,0.302,0.404,0.355,0.115,0.086,0.255,0.148,0.758,0.031,0.829
06/02/2015 05:00,3.5,1,1.4,1,12.6,12.6,0,0.265,0.496,0.363,0.087,0.079,0.278,0.067,0.736,0.063,0.831
06/02/2015 06:00,5.6,1,1.8,1.4,8.9,10,0,0.183,0.601,0.369,0.055,0.07,0.347,0.03,0.727,0.112,0.836
06/02/2015 07:00,7.1,1.1,2.3,1.6,6.3,8.3,0,0.238,0.667,0.369,0.021,0.059,0.407,0.012,0.759,0.144,0.848
06/02/2015 08:00,7.6,1.2,2.8,1.9,4.9,7.6,0,0.265,0.538,0.28,0.014,0.057,0.425,0.007,0.803,0.103,0.861
06/02/2015 09:00,6.5,1.5,3.6,1.8,5.1,7.2,0,0.217,0.469,0.283,0.003,0.057,0.422,0.004,0.83,0.048,0.867
06/02/2015 10:00,3.3,2.8,3.8,1.6,6.4,6.6,0,0.182,0.537,0.368,0.001,0.061,0.411,0.005,0.827,0.019,0.865
06/02/2015 11:00,0.7,6,3.1,1.6,8.5,6.2,0.001,0.167,0.493,0.348,0,0.058,0.395,0.012,0.787,0.006,0.849
06/02/2015 12:00,0.1,7.4,2.7,3.9,13.3,8.4,0,0.136,0.459,0.261,0,0.045,0.382,0.02,0.726,0.001,0.829
06/02/2015 13:00,0,7,1.9,8.1,18.3,12.3,0,0.024,0.479,0.141,0,0.034,0.416,0.018,0.678,0,0.813
06/02/2015 14:00,0.1,6,1.4,13.3,18.9,13.8,0,0.001,0.449,0.069,0,0.07,0.359,0.015,0.674,0,0.797
06/02/2015 15:00,0.1,5.4,1.4,19.5,17,13.7,0,0.038,0.418,0.042,0.001,0.084,0.332,0.013,0.695,0,0.773
06/02/2015 16:00,0,4.8,1.3,26.2,14.9,12.7,0,0.136,0.428,0.026,0.002,0.084,0.333,0.009,0.711,0,0.752
06/02/2015 17:00,0,4.5,1.3,30.4,12.6,11,0,0.206,0.42,0.016,0.009,0.094,0.286,0.014,0.718,0.001,0.744
06/02/2015 18:00,0,4.7,1.1,31.4,11.1,9.7,0.001,0.25,0.407,0.028,0.049,0.114,0.243,0.038,0.717,0.001,0.75
06/02/2015 19:00,0.1,5.4,0.8,31.7,11,8.8,0.009,0.278,0.394,0.108,0.109,0.134,0.183,0.061,0.705,0.002,0.762
06/02/2015 20:00,0,5.9,0.5,32.4,11.3,8.2,0.036,0.274,0.343,0.294,0.154,0.152,0.127,0.085,0.702,0.001,0.765
06/02/2015 21:00,0,6,0.4,31.2,11.4,7.9,0.082,0.231,0.298,0.501,0.162,0.159,0.096,0.101,0.693,0.002,0.758
06/02/2015 22:00,0,6.1,0.4,28.2,12,7.5,0.138,0.32,0.302,0.603,0.134,0.14,0.087,0.097,0.712,0.005,0.751
06/02/2015 23:00,0,6.2,0.3,24.5,11.8,7.4,0.187,0.414,0.367,0.633,0.09,0.105,0.085,0.129,0.698,0.013,0.746
07/02/2015 00:00,0,6.2,0.3,20.7,11.9,7.8,0.21,0.418,0.471,0.626,0.048,0.104,0.089,0.164,0.604,0.026,0.745
07/02/2015 01:00,0,5.4,0.3,17.4,10.6,8.8,0.143,0.435,0.599,0.586,0.018,0.094,0.085,0.158,0.535,0.061,0.739
07/02/2015 02:00,0,2.1,0,12.3,10,6.1,0.035,0.391,0.724,0.585,0.003,0.08,0.069,0.134,0.556,0.109,0.726
07/02/2015 03:00,0.3,0.8,0.1,3.4,12.7,7.1,0.012,0.4,0.803,0.584,0,0.071,0.03,0.053,0.545,0.141,0.713
07/02/2015 04:00,2,0.9,0.6,0.4,10.4,7.4,0,0.43,0.829,0.585,0,0.061,0.03,0.002,0.532,0.103,0.703
07/02/2015 05:00,4.8,1.4,1.2,0.2,6.8,4.9,0,0.438,0.821,0.566,0.002,0.061,0.056,0,0.538,0.078,0.695
07/02/2015 06:00,7.2,2.3,1.8,0.4,4.3,3.4,0,0.44,0.808,0.532,0.01,0.06,0.047,0,0.532,0.077,0.696
07/02/2015 07:00,8,3.1,2.3,0.7,2.8,3,0,0.425,0.796,0.535,0.008,0.049,0.026,0,0.491,0.046,0.707
07/02/2015 08:00,7.5,3.7,2.4,0.9,2.1,3.3,0,0.397,0.758,0.364,0.008,0.046,0.013,0,0.42,0.019,0.72
07/02/2015 09:00,5.5,4.3,2.3,1.1,2.4,4.3,0.001,0.362,0.687,0.31,0.025,0.053,0.006,0,0.395,0.005,0.736
07/02/2015 10:00,2.6,4.9,2.1,1.4,3.5,5.8,0.001,0.347,0.601,0.464,0.058,0.058,0.002,0,0.398,0.001,0.759
07/02/2015 11:00,0.7,5.9,1.4,2.3,5.4,7.4,0.002,0.344,0.514,0.447,0.093,0.061,0.001,0,0.408,0,0.767
07/02/2015 12:00,0.1,4.8,0.8,7.4,10.5,11.9,0.006,0.323,0.468,0.355,0.12,0.051,0.001,0.008,0.447,0,0.753
07/02/2015 13:00,0,3.5,0.6,17.1,17.5,18.5,0.02,0.152,0.454,0.223,0.138,0.052,0.003,0.022,0.507,0,0.724
07/02/2015 14:00,0,2.8,0.7,27.2,19.2,21.1,0.049,0.083,0.449,0.12,0.138,0.103,0.01,0.019,0.541,0,0.683
07/02/2015 15:00,0.1,2.6,0.8,32.6,16.5,21.6,0.09,0.281,0.431,0.062,0.117,0.122,0.023,0.021,0.481,0.004,0.642
07/02/2015 16:00,0.1,2.5,1.1,33.6,13.4,21.2,0.123,0.355,0.41,0.044,0.096,0.118,0.029,0.036,0.388,0.025,0.594
07/02/2015 17:00,0,2.4,1.3,32.4,11,20,0.134,0.339,0.399,0.053,0.091,0.109,0.02,0.063,0.343,0.061,0.547
07/02/2015 18:00,0,2.8,1.6,30.6,10.1,18.9,0.14,0.345,0.376,0.092,0.095,0.105,0.008,0.061,0.337,0.099,0.507
07/02/2015 19:00,0.1,3.3,1.9,28.7,8.7,17.7,0.148,0.364,0.306,0.198,0.093,0.112,0.003,0.029,0.362,0.123,0.501
07/02/2015 20:00,0.1,3.4,2,26.8,8,16.2,0.152,0.325,0.217,0.425,0.094,0.13,0.004,0.012,0.401,0.13,0.525
07/02/2015 21:00,0,3.6,2.2,26.8,7.1,14.8,0.135,0.31,0.133,0.635,0.096,0.152,0.017,0.004,0.464,0.125,0.566
07/02/2015 22:00,0.1,3.7,1.9,27.3,6.6,13.4,0.09,0.41,0.083,0.7,0.092,0.154,0.048,0,0.523,0.12,0.598
07/02/2015 23:00,0.2,3.7,1.4,27.1,6.6,12.2,0.043,0.482,0.054,0.663,0.095,0.133,0.108,0,0.544,0.122,0.58
08/02/2015 00:00,0.1,3.2,0.7,26.9,6.8,11,0.011,0.481,0.038,0.652,0.112,0.119,0.175,0.002,0.538,0.122,0.557
08/02/2015 01:00,0.1,2.8,0.3,26.4,6.4,9.8,0.001,0.494,0.023,0.619,0.121,0.104,0.221,0.013,0.504,0.113,0.562
08/02/2015 02:00,0.1,1.4,0,19.6,7.6,5.8,0.001,0.497,0.01,0.574,0.107,0.087,0.238,0.053,0.46,0.098,0.587
08/02/2015 03:00,0.3,0.6,0.2,9.7,7.8,3.6,0,0.482,0.007,0.598,0.078,0.08,0.168,0.038,0.368,0.087,0.661
08/02/2015 04:00,1.6,1.4,0.3,11.5,5.1,3.8,0.001,0.471,0.011,0.609,0.051,0.082,0.119,0.016,0.264,0.078,0.731
08/02/2015 05:00,5.3,2.6,0.6,9.9,3.6,3.9,0.003,0.486,0.028,0.602,0.036,0.076,0.067,0.001,0.21,0.091,0.781
08/02/2015 06:00,9.3,3.3,1,8,2.7,4.1,0.003,0.513,0.089,0.619,0.023,0.065,0.021,0,0.179,0.11,0.81
08/02/2015 07:00,11,3.8,1.7,8.5,1.8,4.4,0.001,0.525,0.187,0.634,0.005,0.058,0.002,0.001,0.149,0.097,0.831
08/02/2015 08:00,10.3,4.3,2.7,10.3,1.1,4.6,0,0.531,0.27,0.538,0.005,0.059,0,0.001,0.121,0.074,0.849
08/02/2015 09:00,7.5,5.1,3.8,12.3,0.9,4.6,0,0.552,0.311,0.547,0.021,0.058,0,0,0.122,0.053,0.859
08/02/2015 10:00,3.4,6,3.4,14.3,1.3,4.7,0,0.556,0.285,0.69,0.038,0.063,0,0,0.18,0.034,0.859
08/02/2015 11:00,0.7,8.5,2.3,16.8,2.4,5.4,0,0.547,0.258,0.68,0.047,0.059,0,0,0.292,0.024,0.845
08/02/2015 12:00,0,11.4,1,23,6.9,10,0,0.464,0.267,0.58,0.059,0.046,0.004,0.007,0.386,0.022,0.812
08/02/2015 13:00,0,11.6,0.6,30.8,13.6,18.1,0,0.268,0.2,0.444,0.071,0.048,0.029,0.067,0.437,0.027,0.785
08/02/2015 14:00,0.2,10.6,0.9,34.7,17.5,24,0,0.415,0.243,0.334,0.083,0.099,0.06,0.14,0.431,0.039,0.741
08/02/2015 15:00,0.2,9.3,1.1,36.1,17.8,26.9,0.001,0.481,0.313,0.182,0.101,0.138,0.067,0.184,0.386,0.07,0.713
08/02/2015 16:00,0.2,7.9,1.1,36.9,16.5,27.4,0.082,0.429,0.341,0.085,0.138,0.167,0.047,0.202,0.364,0.139,0.7
08/02/2015 17:00,0.1,6.5,1.1,37.1,15.9,26.9,0.329,0.432,0.367,0.078,0.22,0.192,0.027,0.216,0.379,0.245,0.692
08/02/2015 18:00,0,5.5,1.1,36.5,14.5,26.4,0.503,0.493,0.358,0.086,0.316,0.215,0.017,0.24,0.423,0.33,0.696
08/02/2015 19:00,0,5.2,1.3,35.1,13.9,25.8,0.583,0.488,0.294,0.084,0.343,0.246,0.017,0.278,0.479,0.353,0.705
08/02/2015 20:00,0,6.1,1.2,32.9,13.1,25.5,0.574,0.459,0.231,0.088,0.314,0.278,0.023,0.326,0.538,0.31,0.736
08/02/2015 21:00,0.1,7,1.1,30.9,12.3,25.2,0.529,0.516,0.146,0.177,0.236,0.285,0.029,0.36,0.613,0.236,0.771
08/02/2015 22:00,0.1,7.2,0.9,29.5,12.3,24.9,0.52,0.5,0.053,0.294,0.142,0.239,0.026,0.366,0.664,0.164,0.78
08/02/2015 23:00,0.1,7.3,0.9,28.7,12.8,24.8,0.519,0.519,0.03,0.373,0.07,0.182,0.024,0.349,0.715,0.101,0.775
09/02/2015 00:00,0.1,7.1,0.7,28.2,13,25.4,0.46,0.496,0.015,0.388,0.037,0.14,0.021,0.314,0.778,0.058,0.754
09/02/2015 01:00,0,5.1,0.3,28.5,11.8,25.4,0.276,0.517,0.017,0.358,0.048,0.116,0.018,0.275,0.821,0.036,0.721
09/02/2015 02:00,0.1,2.1,0.1,22.5,15,18.7,0.233,0.503,0.051,0.332,0.095,0.102,0.017,0.22,0.844,0.03,0.685
09/02/2015 03:00,0.7,2.6,0.4,14.7,18,15.7,0.164,0.435,0.137,0.332,0.133,0.106,0.002,0.098,0.831,0.026,0.683
09/02/2015 04:00,2.7,3.6,1.1,17.5,15.1,17.6,0.057,0.423,0.273,0.327,0.151,0.106,0,0.068,0.812,0.017,0.684
09/02/2015 05:00,5.3,3.8,1.8,21.2,11.1,15,0.038,0.395,0.382,0.325,0.144,0.106,0,0.031,0.811,0.021,0.668
09/02/2015 06:00,7.1,3.9,2.4,15.2,8.1,10.1,0.064,0.407,0.431,0.363,0.11,0.092,0,0.01,0.826,0.021,0.648
09/02/2015 07:00,8.1,4.3,3.1,9.7,6.4,6.5,0.085,0.423,0.459,0.443,0.045,0.099,0,0.004,0.845,0.017,0.65
09/02/2015 08:00,8.3,5,3.4,6.6,5.4,4.3,0.109,0.376,0.466,0.348,0.057,0.115,0,0.003,0.856,0.013,0.664
09/02/2015 09:00,7.2,6.2,3.6,5.4,5.1,3.2,0.117,0.355,0.454,0.207,0.134,0.126,0,0.003,0.867,0.01,0.675
09/02/2015 10:00,4.1,7.5,3.4,5.6,5.7,2.8,0.089,0.362,0.479,0.379,0.214,0.154,0,0.002,0.884,0.008,0.681
09/02/2015 11:00,1.2,9.8,3.5,7.3,7.2,2.9,0.074,0.344,0.475,0.578,0.231,0.153,0.009,0,0.893,0.008,0.685
09/02/2015 12:00,0.2,11.2,3.1,15.8,11.6,5.4,0.115,0.301,0.5,0.491,0.208,0.123,0.034,0,0.893,0.009,0.673
09/02/2015 13:00,0.1,11.1,2.4,30.5,17.8,11.1,0.302,0.266,0.642,0.364,0.187,0.166,0.045,0,0.883,0.011,0.678
09/02/2015 14:00,0.1,10.8,2,39.5,20.8,17,0.594,0.568,0.748,0.264,0.167,0.261,0.028,0,0.86,0.018,0.686
09/02/2015 15:00,0.2,9.3,1.6,41.1,21.4,21.4,0.661,0.568,0.773,0.205,0.137,0.359,0.006,0.001,0.823,0.041,0.687
09/02/2015 16:00,0.4,7.3,1.1,39.4,20.7,24,0.523,0.519,0.77,0.161,0.1,0.404,0.001,0.002,0.777,0.094,0.69
09/02/2015 17:00,0.2,6.1,0.6,36.8,20,25.1,0.343,0.459,0.756,0.118,0.068,0.395,0.005,0.004,0.752,0.181,0.71
09/02/2015 18:00,0.2,5.6,0.4,33.9,19.2,25.4,0.244,0.414,0.726,0.077,0.056,0.386,0.026,0.008,0.748,0.284,0.74
09/02/2015 19:00,0.3,5.6,0.5,30.9,16.5,25.4,0.225,0.398,0.676,0.045,0.052,0.365,0.042,0.018,0.755,0.348,0.757
09/02/2015 20:00,0.4,6.5,0.6,27.2,13.8,25.7,0.241,0.382,0.615,0.015,0.041,0.349,0.035,0.035,0.765,0.337,0.763
09/02/2015 21:00,0.6,7.2,0.6,23.4,12.3,27.4,0.311,0.335,0.523,0.002,0.027,0.302,0.022,0.049,0.761,0.264,0.769
09/02/2015 22:00,0.6,7.6,0.9,20.1,11.7,29.8,0.379,0.352,0.436,0,0.025,0.223,0.035,0.014,0.74,0.224,0.791
09/02/2015 23:00,0.5,7.8,0.8,17.8,11,31.9,0.398,0.467,0.391,0.011,0.052,0.165,0.112,0.045,0.707,0.178,0.792
10/02/2015 00:00,0.5,7.9,0.8,16.2,10.9,32.6,0.386,0.501,0.374,0.071,0.128,0.121,0.17,0.179,0.678,0.133,0.8
10/02/2015 01:00,0.3,6.2,0.8,14.6,10.1,31.5,0.231,0.438,0.337,0.162,0.227,0.087,0.2,0.195,0.633,0.126,0.801
10/02/2015 02:00,0.1,2.3,0.3,10,14.6,25.8,0.272,0.397,0.231,0.233,0.261,0.069,0.196,0.108,0.559,0.103,0.791
10/02/2015 03:00,0.2,1.7,1.9,4,18.5,25,0.235,0.38,0.197,0.259,0.249,0.062,0.145,0.027,0.48,0.094,0.788
10/02/2015 04:00,1.1,2.3,3,2.3,18.5,25.8,0.132,0.386,0.214,0.266,0.243,0.055,0.111,0,0.42,0.049,0.809
10/02/2015 05:00,2.9,3.5,4.1,0.7,16.5,22.9,0.094,0.387,0.2,0.278,0.259,0.064,0.102,0,0.383,0.045,0.832
10/02/2015 06:00,4.8,4.2,5.1,0.3,13.8,15.9,0.072,0.379,0.196,0.352,0.269,0.062,0.102,0.034,0.363,0.034,0.845
10/02/2015 07:00,5.7,5,5.8,0.1,11,9.8,0.061,0.348,0.187,0.368,0.138,0.059,0.109,0.086,0.364,0.029,0.847
10/02/2015 08:00,5.9,5.8,5.8,0.1,8.8,5.6,0.056,0.323,0.155,0.243,0.171,0.068,0.124,0.134,0.399,0.036,0.843
10/02/2015 09:00,5.5,6.7,5.1,0.3,8.1,3.6,0.059,0.281,0.122,0.207,0.441,0.064,0.148,0.155,0.476,0.051,0.831
10/02/2015 10:00,3.2,7.8,3.5,0.8,8.8,2.8,0.073,0.291,0.09,0.362,0.553,0.055,0.168,0.146,0.559,0.07,0.813
10/02/2015 11:00,1,10.9,2.5,1.7,10.2,3.1,0.112,0.309,0.057,0.47,0.464,0.053,0.181,0.141,0.576,0.093,0.791
10/02/2015 12:00,0.1,12.8,1.6,6.5,14,7,0.158,0.247,0.029,0.526,0.346,0.038,0.206,0.171,0.556,0.119,0.768
10/02/2015 13:00,0,11.9,0.9,15.3,18.7,14.7,0.191,0.352,0.021,0.538,0.278,0.071,0.224,0.191,0.577,0.146,0.746
10/02/2015 14:00,0.1,11.4,0.6,22.6,19.9,20.2,0.192,0.309,0.031,0.468,0.252,0.154,0.235,0.18,0.619,0.179,0.722
10/02/2015 15:00,0.1,10.7,0.4,25.5,19.9,22.7,0.191,0.224,0.052,0.305,0.22,0.199,0.311,0.167,0.676,0.264,0.715
10/02/2015 16:00,0.1,9.8,0.4,25.3,20,23.2,0.204,0.179,0.069,0.161,0.164,0.194,0.315,0.141,0.72,0.413,0.718
10/02/2015 17:00,0.1,8.8,0.3,23.2,19.7,22.6,0.216,0.152,0.094,0.065,0.14,0.184,0.306,0.09,0.718,0.459,0.722
10/02/2015 18:00,0.1,8.1,0.4,20.9,17.7,21.8,0.201,0.14,0.13,0.025,0.186,0.171,0.245,0.04,0.675,0.402,0.731
10/02/2015 19:00,0,8.2,0.6,19.3,15.6,20.8,0.162,0.129,0.153,0.013,0.251,0.169,0.184,0.014,0.652,0.348,0.734
10/02/2015 20:00,0.1,8.8,0.6,18.3,14.3,19.9,0.123,0.1,0.159,0.003,0.215,0.175,0.171,0.019,0.682,0.291,0.762
10/02/2015 21:00,0.1,9.1,0.4,16.1,13.2,19,0.104,0.051,0.179,0,0.092,0.183,0.11,0.079,0.677,0.231,0.765
10/02/2015 22:00,0.3,9,0.4,13.3,12.1,18.6,0.084,0.046,0.221,0.002,0.011,0.156,0.086,0.261,0.624,0.187,0.74
10/02/2015 23:00,0.4,8.6,0.5,10.8,11.3,18.8,0.053,0.088,0.29,0.027,0.002,0.107,0.131,0.454,0.574,0.146,0.737
11/02/2015 00:00,0.4,7.7,0.5,8.1,10.8,18.7,0.029,0.074,0.362,0.069,0.014,0.078,0.221,0.525,0.56,0.116,0.731
11/02/2015 01:00,0.2,5.2,0.3,5.9,9.3,18.5,0.009,0.039,0.398,0.098,0.034,0.067,0.181,0.543,0.552,0.093,0.732
11/02/2015 02:00,0.2,1.8,0.1,3.3,8.8,12,0.001,0.025,0.422,0.106,0.055,0.054,0.078,0.451,0.547,0.077,0.737
11/02/2015 03:00,0.3,1.1,0.2,0.7,10.6,8.5,0.005,0.027,0.475,0.097,0.096,0.055,0.011,0.303,0.538,0.064,0.754
11/02/2015 04:00,1,2.6,0.3,0.1,12.7,12.2,0.002,0.014,0.528,0.107,0.156,0.084,0.001,0.266,0.523,0.072,0.78
11/02/2015 05:00,2.1,3,0.6,0.2,11.6,9.5,0.001,0.011,0.531,0.145,0.209,0.081,0,0.201,0.505,0.118,0.785
11/02/2015 06:00,3.1,2.7,1.2,0.3,9.5,5.8,0.001,0.01,0.523,0.223,0.219,0.07,0,0.102,0.508,0.138,0.783
11/02/2015 07:00,3.7,2.3,2.1,0.3,7.3,4.3,0.001,0.024,0.544,0.368,0.09,0.058,0,0.031,0.514,0.162,0.783
11/02/2015 08:00,3.8,1.9,3.4,0.6,5.4,4.2,0.001,0.033,0.602,0.343,0.112,0.049,0.002,0.003,0.491,0.182,0.787
11/02/2015 09:00,3.7,1.9,4.4,1,4.4,4.8,0.001,0.014,0.645,0.332,0.252,0.035,0.009,0,0.477,0.195,0.792
11/02/2015 10:00,2,2.6,4.1,1.8,4.3,5.8,0.001,0.003,0.641,0.61,0.355,0.027,0.024,0,0.465,0.201,0.791
11/02/2015 11:00,0.3,4.8,2.8,2.8,4.9,7.4,0.001,0.002,0.592,0.693,0.332,0.028,0.044,0,0.471,0.202,0.797
11/02/2015 12:00,0.1,6.8,1.4,5.1,8.4,11.3,0.001,0.001,0.513,0.663,0.265,0.026,0.062,0.006,0.466,0.197,0.809
11/02/2015 13:00,0.1,7.5,0.4,7.3,14.4,15.8,0.003,0,0.433,0.532,0.223,0.033,0.082,0.014,0.434,0.186,0.815
11/02/2015 14:00,0.2,8,0.3,8.4,17.5,17.1,0.014,0,0.379,0.368,0.196,0.089,0.107,0.017,0.398,0.174,0.814
11/02/2015 15:00,0.2,7.8,0.4,8.2,19,17.8,0.056,0,0.364,0.27,0.175,0.164,0.154,0.016,0.332,0.203,0.802
11/02/2015 16:00,0.1,6.8,0.6,7.8,18.8,17.9,0.1,0,0.369,0.165,0.153,0.192,0.174,0.017,0.279,0.312,0.794
11/02/2015 17:00,0.1,5.6,0.8,8.1,17.3,17.2,0.106,0.001,0.374,0.099,0.138,0.188,0.158,0.025,0.239,0.407,0.806
11/02/2015 18:00,0.2,4.8,0.9,9.1,17,16.1,0.088,0.003,0.348,0.076,0.131,0.182,0.121,0.041,0.227,0.407,0.81
11/02/2015 19:00,0.2,4.4,1,9.1,16.9,14.7,0.094,0.006,0.297,0.121,0.093,0.174,0.087,0.092,0.227,0.355,0.8
11/02/2015 20:00,0.2,4.3,1.1,8.1,16.1,13.5,0.125,0.008,0.231,0.291,0.047,0.159,0.071,0.185,0.22,0.288,0.772
11/02/2015 21:00,0.2,3.9,0.9,6.8,14.8,12.8,0.171,0.004,0.153,0.57,0.019,0.141,0.076,0.256,0.203,0.238,0.765
11/02/2015 22:00,0.2,3.6,0.7,5.9,14.4,12.3,0.195,0.001,0.093,0.744,0.014,0.102,0.096,0.259,0.179,0.182,0.768
11/02/2015 23:00,0.2,3.4,0.6,4.6,14.4,11.4,0.197,0,0.045,0.811,0.025,0.084,0.095,0.239,0.163,0.136,0.728
12/02/2015 00:00,0.2,3.4,0.4,3.3,14.3,10,0.201,0.004,0.014,0.838,0.077,0.065,0.054,0.251,0.179,0.108,0.695
12/02/2015 01:00,0.1,2.7,0.2,3.5,13.6,8.6,0.103,0.059,0.002,0.81,0.171,0.057,0.019,0.288,0.197,0.092,0.69
12/02/2015 02:00,0.1,0.8,0,5.2,12.8,4.6,0.041,0.179,0,0.772,0.251,0.064,0.006,0.28,0.201,0.083,0.713
12/02/2015 03:00,0.3,0.3,0.1,3.6,14.4,1.8,0.072,0.21,0,0.722,0.294,0.069,0.005,0.183,0.191,0.076,0.758
12/02/2015 04:00,1.8,1.1,0.4,1.3,12.4,1.6,0.022,0.169,0.005,0.672,0.305,0.078,0.012,0.26,0.183,0.139,0.798
12/02/2015 05:00,5,1.8,1,0.5,9.8,3,0.005,0.168,0.045,0.615,0.302,0.084,0.016,0.161,0.17,0.27,0.827
12/02/2015 06:00,7.8,2.4,1.7,0.4,7.8,2.6,0,0.208,0.095,0.574,0.291,0.094,0.007,0.083,0.15,0.326,0.838
12/02/2015 07:00,8.4,3.1,2.3,0.4,6.4,2,0,0.159,0.117,0.562,0.139,0.081,0.002,0.063,0.127,0.281,0.843
12/02/2015 08:00,7.9,3.6,2.6,0.8,5.3,1.6,0,0.115,0.123,0.407,0.163,0.068,0.003,0.054,0.102,0.227,0.845
12/02/2015 09:00,7.1,4.3,3,1.3,4.8,1.8,0,0.112,0.117,0.37,0.294,0.055,0.012,0.034,0.077,0.214,0.841
12/02/2015 10:00,4.2,5.4,2.9,1.5,4.8,2.4,0.001,0.125,0.102,0.667,0.418,0.046,0.026,0.009,0.067,0.217,0.834
12/02/2015 11:00,1.3,7.7,2.8,1.6,5.3,3.6,0.012,0.164,0.094,0.762,0.354,0.044,0.04,0.001,0.068,0.21,0.827
12/02/2015 12:00,0.2,11.1,2.8,2.1,7.5,8.1,0.043,0.179,0.091,0.697,0.251,0.032,0.061,0.011,0.082,0.205,0.818
12/02/2015 13:00,0.2,12.5,2.8,3,12.2,15.2,0.088,0.164,0.085,0.586,0.194,0.055,0.078,0.027,0.089,0.209,0.809
12/02/2015 14:00,0.2,12,2.6,3.9,14.7,18.9,0.13,0.196,0.083,0.495,0.168,0.105,0.079,0.025,0.082,0.227,0.809
12/02/2015 15:00,0.2,10.5,2.1,4.3,15.1,19.7,0.16,0.258,0.088,0.427,0.155,0.115,0.073,0.018,0.07,0.31,0.814
12/02/2015 16:00,0.2,9.5,1.5,4.6,13.6,18.8,0.177,0.398,0.092,0.355,0.133,0.082,0.055,0.021,0.069,0.46,0.826
12/02/2015 17:00,0.2,9,1.1,5.3,11,16.8,0.172,0.556,0.092,0.282,0.123,0.044,0.039,0.036,0.082,0.51,0.841
12/02/2015 18:00,0.1,8.8,0.9,5.7,9.6,14.4,0.155,0.682,0.098,0.344,0.12,0.021,0.041,0.068,0.103,0.479,0.856
12/02/2015 19:00,0.2,9.2,0.6,5.4,8.1,12,0.141,0.754,0.079,0.538,0.131,0.013,0.051,0.118,0.148,0.367,0.866
12/02/2015 20:00,0.2,9.6,0.6,4.8,7.8,11,0.114,0.749,0.027,0.726,0.163,0.014,0.061,0.175,0.185,0.286,0.869
12/02/2015 21:00,0.3,9.2,0.8,5.1,7.5,11,0.098,0.772,0.001,0.831,0.208,0.023,0.07,0.218,0.218,0.211,0.868
12/02/2015 22:00,0.4,8.1,1,6.6,7.5,11.2,0.088,0.841,0,0.863,0.251,0.039,0.093,0.242,0.233,0.148,0.866
12/02/2015 23:00,0.3,7,1.6,8.6,7.9,11.8,0.073,0.869,0,0.857,0.288,0.058,0.102,0.269,0.27,0.099,0.864
13/02/2015 00:00,0.2,6.3,1.8,10.6,8.5,12.8,0.06,0.84,0,0.84,0.307,0.061,0.061,0.291,0.328,0.067,0.857
13/02/2015 01:00,0.1,4.4,1.5,12.6,7.8,13.2,0.028,0.758,0.001,0.803,0.311,0.045,0.029,0.256,0.274,0.049,0.851
13/02/2015 02:00,0.6,1.7,1,13.7,5.9,7.6,0.008,0.677,0.025,0.777,0.311,0.032,0.019,0.176,0.156,0.04,0.85
13/02/2015 03:00,1.7,1.8,1.8,7.5,5.3,4.8,0.025,0.358,0.094,0.753,0.306,0.045,0.018,0.063,0.065,0.029,0.849
13/02/2015 04:00,3.3,4.6,2.7,5.3,4.4,3.3,0.006,0.344,0.12,0.763,0.288,0.053,0.045,0.061,0.02,0.064,0.846
13/02/2015 05:00,5.1,6.8,4,9.3,3.6,1.2,0.001,0.526,0.088,0.791,0.259,0.043,0.13,0.023,0.005,0.137,0.847
13/02/2015 06:00,6.5,9.1,5.6,12.3,2.9,0.4,0,0.379,0.044,0.791,0.223,0.032,0.225,0.009,0.001,0.139,0.85
13/02/2015 07:00,7.2,11.1,7,15.5,2.3,0.4,0.001,0.392,0.018,0.756,0.105,0.021,0.278,0.004,0.001,0.134,0.855
13/02/2015 08:00,6.6,12.3,7.3,18.3,1.8,0.5,0.006,0.51,0.02,0.657,0.065,0.017,0.254,0.002,0,0.137,0.853
13/02/2015 09:00,5.3,12.6,6.7,19.2,1.5,0.8,0.012,0.577,0.035,0.715,0.135,0.01,0.179,0.006,0.001,0.148,0.844
13/02/2015 10:00,2.5,11.6,5.4,17.8,1.5,1.3,0.02,0.481,0.096,0.863,0.228,0.009,0.106,0.009,0.002,0.155,0.829
13/02/2015 11:00,1,11.3,4.8,15,1.9,2.4,0.036,0.43,0.192,0.858,0.243,0.008,0.058,0.01,0.003,0.155,0.813
13/02/2015 12:00,0.3,10.9,4.4,12.6,3.4,6.1,0.057,0.362,0.302,0.817,0.219,0.004,0.025,0.041,0.005,0.168,0.803
13/02/2015 13:00,0.1,9.3,3.1,10,5.7,12.7,0.065,0.251,0.371,0.767,0.194,0.001,0.012,0.041,0.01,0.203,0.795
13/02/2015 14:00,0.1,7.8,1.8,8.8,7,16.5,0.064,0.341,0.382,0.62,0.177,0.03,0.006,0.017,0.023,0.217,0.795
13/02/2015 15:00,0.2,7.3,1.3,9.7,7.1,17,0.06,0.296,0.336,0.467,0.16,0.093,0.003,0.006,0.035,0.231,0.811
13/02/2015 16:00,0.2,7,1.3,12.9,5.8,15.7,0.057,0.241,0.255,0.302,0.137,0.131,0.002,0.002,0.047,0.32,0.827
13/02/2015 17:00,0.2,6.6,1.2,17.8,4.1,14,0.046,0.249,0.19,0.228,0.126,0.148,0.005,0,0.063,0.383,0.833
13/02/2015 18:00,0.2,6.6,0.9,23.3,2.8,12.7,0.035,0.258,0.16,0.239,0.103,0.177,0.01,0.001,0.078,0.384,0.829
13/02/2015 19:00,0.2,7.2,0.6,27.6,2.1,11.9,0.045,0.245,0.15,0.335,0.065,0.212,0.02,0.001,0.09,0.326,0.819
13/02/2015 20:00,0.2,8.5,0.4,30.1,2.4,11.6,0.06,0.235,0.169,0.455,0.035,0.24,0.03,0.002,0.096,0.291,0.801
13/02/2015 21:00,0.2,9,0.3,30.1,2.9,11.3,0.06,0.237,0.225,0.574,0.018,0.25,0.042,0.001,0.111,0.241,0.773
13/02/2015 22:00,0.2,8.3,0.3,26.5,3.6,10.6,0.041,0.351,0.291,0.668,0.006,0.215,0.061,0,0.13,0.201,0.742
13/02/2015 23:00,0.1,7.1,0.3,21.2,4.1,9.5,0.025,0.444,0.332,0.735,0.001,0.119,0.093,0,0.144,0.16,0.713
14/02/2015 00:00,0.1,6.3,0.4,16.2,4.6,7.8,0.016,0.434,0.328,0.748,0,0.071,0.154,0,0.161,0.141,0.691
14/02/2015 01:00,0,4.1,0.2,12.1,4.8,6.6,0.005,0.472,0.31,0.737,0,0.045,0.218,0.001,0.178,0.122,0.674
14/02/2015 02:00,0,1.1,0.1,7,3.6,3.8,0.001,0.463,0.28,0.71,0,0.037,0.216,0.002,0.187,0.061,0.678
14/02/2015 03:00,0.2,1,0.4,1.8,3.8,2.5,0.007,0.391,0.258,0.663,0,0.039,0.141,0,0.167,0.018,0.712
14/02/2015 04:00,1.1,0.8,0.9,1.3,4.4,1.6,0.006,0.332,0.243,0.625,0,0.05,0.095,0,0.133,0.061,0.748
14/02/2015 05:00,2.9,0.9,1.3,2.1,4.1,0.8,0.005,0.294,0.246,0.598,0.001,0.05,0.046,0,0.108,0.133,0.774
14/02/2015 06:00,4.6,1,1.6,1.8,3.4,0.9,0.009,0.261,0.263,0.55,0.001,0.059,0.016,0,0.094,0.137,0.789
14/02/2015 07:00,5.7,1,2.1,2,2.6,1.5,0.018,0.188,0.283,0.505,0,0.059,0.004,0,0.089,0.127,0.792
14/02/2015 08:00,6.5,1,2.5,2.4,2,2,0.029,0.146,0.302,0.37,0.002,0.063,0.001,0,0.088,0.138,0.779
14/02/2015 09:00,5.7,1.2,3.1,2.9,1.9,2.6,0.039,0.113,0.323,0.307,0.017,0.05,0,0,0.106,0.166,0.75
14/02/2015 10:00,3.6,1.8,3.1,3.3,2.1,3.4,0.046,0.073,0.344,0.454,0.017,0.035,0,0,0.137,0.19,0.697
14/02/2015 11:00,1.3,3.9,2.3,3.5,2.9,4.6,0.054,0.038,0.369,0.564,0.013,0.028,0,0.001,0.171,0.195,0.618
14/02/2015 12:00,0.2,6.1,1.8,4.8,5.5,8.5,0.055,0.012,0.404,0.449,0.011,0.02,0,0.024,0.201,0.196,0.556
14/02/2015 13:00,0.1,6.3,1.1,5.6,8.8,14.1,0.039,0,0.436,0.323,0.007,0.06,0,0.057,0.218,0.223,0.525
14/02/2015 14:00,0.1,5.6,0.9,5.9,10.7,16.1,0.015,0,0.459,0.197,0.005,0.143,0,0.063,0.231,0.27,0.506
14/02/2015 15:00,0.1,4.5,1,5.7,10.5,16.2,0.007,0.026,0.464,0.096,0.004,0.175,0.001,0.049,0.225,0.352,0.513
14/02/2015 16:00,0.1,3.5,1.2,5.7,8.6,15.5,0.015,0.037,0.454,0.042,0.007,0.18,0.001,0.05,0.212,0.464,0.553
14/02/2015 17:00,0.1,3,1.4,6.1,6,14.3,0.03,0.063,0.416,0.021,0.012,0.185,0.002,0.077,0.212,0.442,0.592
14/02/2015 18:00,0.1,3.1,1.5,6.4,3.8,13,0.049,0.088,0.367,0.008,0.015,0.195,0.002,0.091,0.214,0.379,0.62
14/02/2015 19:00,0.1,3.6,1.6,5.9,2.4,11.3,0.068,0.114,0.307,0.008,0.018,0.196,0.001,0.117,0.219,0.328,0.622
14/02/2015 20:00,0.1,4,1.6,5.1,1.7,9.7,0.071,0.117,0.264,0.019,0.023,0.184,0,0.119,0.213,0.284,0.601
14/02/2015 21:00,0.2,4.5,1.3,4.6,1.7,8.5,0.058,0.127,0.238,0.055,0.025,0.169,0,0.073,0.203,0.248,0.581
14/02/2015 22:00,0.2,4.8,1.1,4.6,2.3,8,0.035,0.163,0.234,0.136,0.027,0.14,0.001,0.023,0.194,0.2,0.561
14/02/2015 23:00,0.2,4.8,1,5.3,2.7,8,0.011,0.32,0.237,0.241,0.039,0.087,0.011,0.031,0.186,0.133,0.574
15/02/2015 00:00,0.2,4.7,1,7.1,2.9,7.6,0.002,0.58,0.238,0.294,0.068,0.063,0.013,0.07,0.176,0.078,0.583
15/02/2015 01:00,0.2,4.1,0.5,9.4,2.6,6.6,0.002,0.529,0.233,0.305,0.086,0.041,0.008,0.055,0.141,0.051,0.586
15/02/2015 02:00,0,1.2,0.1,10.8,1.9,3.3,0,0.484,0.227,0.381,0.069,0.017,0.005,0.01,0.095,0.041,0.57
15/02/2015 03:00,0.2,0.5,0.1,6.3,2.5,1.6,0,0.41,0.22,0.479,0.051,0.008,0.002,0.001,0.06,0.027,0.525
15/02/2015 04:00,0.7,1.5,0.4,3.3,3.4,0.7,0,0.338,0.21,0.512,0.054,0.006,0.002,0.008,0.038,0.013,0.492
15/02/2015 05:00,1.6,1.1,1,1.9,3.9,0.4,0.009,0.297,0.224,0.449,0.084,0.015,0.005,0.005,0.026,0.035,0.447
15/02/2015 06:00,2.6,1,1.8,2.2,4.4,0.8,0.057,0.276,0.266,0.333,0.118,0.045,0.015,0.002,0.019,0.074,0.421
15/02/2015 07:00,3.9,1.1,2.6,3.9,4.9,1.7,0.114,0.256,0.32,0.199,0.08,0.051,0.034,0.001,0.014,0.1,0.42
15/02/2015 08:00,4,1.1,3.1,6.2,5.3,3.1,0.132,0.277,0.374,0.056,0.118,0.029,0.045,0,0.012,0.112,0.371
15/02/2015 09:00,3,1.3,2.7,7.8,5.7,5.1,0.11,0.308,0.41,0.012,0.223,0.012,0.06,0,0.013,0.119,0.407
15/02/2015 10:00,1.2,1.8,1.7,8.3,6.3,7.2,0.066,0.331,0.42,0.068,0.286,0.005,0.111,0,0.025,0.137,0.472
15/02/2015 11:00,0.3,4.3,0.8,8.4,7.2,9.5,0.027,0.371,0.398,0.13,0.261,0.005,0.18,0,0.049,0.165,0.497
15/02/2015 12:00,0.2,7.5,0.4,9.2,10.4,14.5,0.008,0.323,0.364,0.1,0.201,0.005,0.237,0,0.083,0.186,0.501
15/02/2015 13:00,0.2,8.1,0.4,10.8,14.7,20.4,0.003,0.128,0.32,0.035,0.16,0.001,0.265,0.005,0.12,0.205,0.535
15/02/2015 14:00,0.2,7.3,0.8,15.1,15.7,20.5,0.004,0.078,0.28,0.009,0.141,0,0.257,0.023,0.154,0.227,0.564
15/02/2015 15:00,0.2,6.8,1,21.7,15.3,18.5,0.002,0.163,0.251,0.002,0.127,0,0.302,0.038,0.167,0.292,0.528
15/02/2015 16:00,0.4,6.8,1.2,25.4,13.2,16.5,0.001,0.223,0.23,0,0.107,0,0.283,0.043,0.168,0.41,0.51
15/02/2015 17:00,0.4,6.8,1.3,28.2,11.1,15.2,0.004,0.257,0.211,0,0.086,0.002,0.205,0.062,0.176,0.391,0.528
15/02/2015 18:00,0.3,6.3,1.3,30.2,9.5,15.6,0.013,0.323,0.211,0,0.058,0.004,0.127,0.062,0.192,0.334,0.579
15/02/2015 19:00,0.2,5.6,1.4,31.9,8.2,16.6,0.015,0.345,0.205,0.007,0.033,0.005,0.099,0.04,0.217,0.294,0.613
15/02/2015 20:00,0.2,5.1,1.8,31.7,7.9,16.8,0.006,0.357,0.196,0.091,0.015,0.009,0.089,0.017,0.234,0.249,0.59
15/02/2015 21:00,0.2,4.9,2,31.9,8,16.4,0.002,0.37,0.193,0.282,0.008,0.018,0.1,0.001,0.248,0.21,0.56
15/02/2015 22:00,0.2,4.3,1.9,31.1,8.2,15.8,0.001,0.376,0.191,0.479,0.016,0.03,0.1,0,0.243,0.181,0.562
15/02/2015 23:00,0.2,3.9,2,28.4,8.4,15.5,0.001,0.405,0.197,0.578,0.039,0.051,0.073,0,0.221,0.157,0.574
16/02/2015 00:00,0.2,3.4,2.1,27.1,8.3,15.7,0.002,0.41,0.211,0.613,0.071,0.05,0.057,0,0.202,0.136,0.576
16/02/2015 01:00,0.1,2.6,0.9,27.2,7,15.3,0.002,0.42,0.218,0.618,0.096,0.034,0.06,0,0.171,0.123,0.597
16/02/2015 02:00,0,0.7,0.3,20.3,4.1,9.8,0.002,0.391,0.211,0.606,0.107,0.026,0.07,0,0.128,0.104,0.6
16/02/2015 03:00,0.1,0.3,0.1,9,5.3,8,0.068,0.375,0.2,0.568,0.1,0.025,0.049,0,0.091,0.071,0.574
16/02/2015 04:00,0.7,0.7,0.2,6.6,6.2,7.3,0.144,0.381,0.186,0.519,0.083,0.034,0.025,0,0.061,0.04,0.544
16/02/2015 05:00,2,0.9,0.3,5,7,6.7,0.181,0.294,0.178,0.456,0.077,0.036,0.007,0,0.035,0.04,0.498
16/02/2015 06:00,3,0.8,0.8,4.1,7.5,7.3,0.231,0.294,0.182,0.383,0.084,0.029,0.002,0.014,0.015,0.051,0.464
16/02/2015 07:00,3.6,0.9,1.6,4.1,7.5,8,0.301,0.398,0.193,0.337,0.041,0.031,0.002,0.013,0.012,0.058,0.459
16/02/2015 08:00,4.2,0.9,2.5,5.1,7.3,8.6,0.343,0.502,0.204,0.233,0.046,0.035,0.011,0.007,0.027,0.074,0.493
16/02/2015 09:00,3.5,1.1,3,5.8,7.4,10.3,0.265,0.547,0.212,0.178,0.169,0.031,0.035,0.001,0.041,0.11,0.552
16/02/2015 10:00,1.7,1.3,2.7,5.5,7.8,12.8,0.179,0.683,0.225,0.294,0.273,0.028,0.067,0,0.044,0.171,0.585
16/02/2015 11:00,0.4,3,1.6,4.9,8.4,15.5,0.187,0.715,0.237,0.43,0.237,0.029,0.097,0,0.046,0.245,0.561
16/02/2015 12:00,0.1,4.9,1.1,6.3,10.6,19.9,0.224,0.745,0.245,0.489,0.179,0.038,0.126,0.002,0.06,0.289,0.526
16/02/2015 13:00,0.1,5.4,0.9,9.1,14.9,24.5,0.217,0.633,0.248,0.421,0.132,0.076,0.155,0.008,0.085,0.312,0.532
16/02/2015 14:00,0.2,4.6,0.9,15,15.9,23.5,0.185,0.547,0.249,0.313,0.097,0.072,0.172,0.016,0.121,0.355,0.556
16/02/2015 15:00,0.2,3.2,1.6,22,14.3,20.7,0.137,0.562,0.243,0.237,0.068,0.053,0.223,0.015,0.159,0.394,0.569
16/02/2015 16:00,0.2,2.3,2.1,26.4,11.3,18.5,0.093,0.433,0.236,0.233,0.045,0.023,0.255,0.015,0.185,0.395,0.579
16/02/2015 17:00,0.1,1.8,2.4,28,8.5,16.9,0.058,0.323,0.227,0.302,0.066,0.005,0.245,0.025,0.207,0.324,0.599
16/02/2015 18:00,0.1,1.2,2.4,26.9,6.1,15.5,0.019,0.294,0.214,0.529,0.126,0.001,0.212,0.022,0.227,0.278,0.62
16/02/2015 19:00,0.1,0.7,2.1,24.4,4.6,14.4,0.001,0.272,0.199,0.721,0.19,0,0.16,0.003,0.252,0.263,0.629
16/02/2015 20:00,0.1,0.4,1.9,22.9,3.9,13.7,0,0.273,0.187,0.759,0.223,0,0.136,0,0.285,0.213,0.629
16/02/2015 21:00,0.1,0.4,2.1,23.5,4.1,13.1,0.004,0.291,0.18,0.732,0.231,0.003,0.133,0.003,0.323,0.159,0.63
16/02/2015 22:00,0.1,0.6,2.4,24.9,4.5,12.3,0.018,0.322,0.18,0.708,0.236,0.013,0.125,0.019,0.347,0.122,0.622
16/02/2015 23:00,0.1,0.7,2.6,25.2,5.1,11.4,0.037,0.345,0.185,0.692,0.264,0.042,0.093,0.041,0.367,0.117,0.611
17/02/2015 00:00,0.1,1,2.9,24.2,5.6,10.6,0.052,0.315,0.187,0.668,0.294,0.086,0.048,0.059,0.397,0.113,0.593
17/02/2015 01:00,0.1,1.3,1.4,22.5,5.1,9.7,0.035,0.332,0.192,0.63,0.305,0.094,0.015,0.083,0.399,0.097,0.574
17/02/2015 02:00,0.1,0.3,0.4,14.3,2.3,5.7,0.038,0.325,0.196,0.59,0.279,0.112,0.002,0.094,0.367,0.084,0.562
17/02/2015 03:00,0.4,0.3,0.1,5.3,1.8,4.3,0.068,0.319,0.201,0.556,0.193,0.13,0,0.046,0.327,0.062,0.574
17/02/2015 04:00,1.6,1.2,0.1,5.8,1.4,5.4,0.097,0.3,0.204,0.535,0.096,0.118,0.007,0.026,0.285,0.048,0.596
17/02/2015 05:00,3,1.3,0.6,4.4,1.4,5.3,0.135,0.264,0.201,0.501,0.029,0.117,0.033,0.009,0.254,0.066,0.613
17/02/2015 06:00,4.4,1.5,1.4,2.5,1.6,5.8,0.194,0.281,0.195,0.447,0.002,0.115,0.059,0,0.232,0.077,0.603
17/02/2015 07:00,5.3,1.7,1.9,2.6,1.8,7.5,0.254,0.22,0.184,0.398,0,0.093,0.093,0,0.218,0.077,0.578
17/02/2015 08:00,5.3,1.9,2.2,4,1.9,9.8,0.286,0.195,0.169,0.302,0.009,0.084,0.134,0,0.211,0.071,0.544
17/02/2015 09:00,4.3,2.4,2.7,5.6,2.4,12.3,0.318,0.184,0.157,0.517,0.001,0.079,0.179,0,0.239,0.07,0.514
17/02/2015 10:00,1.9,3.1,2.6,6.6,3.2,14.3,0.318,0.192,0.146,0.541,0,0.074,0.231,0,0.312,0.08,0.501
17/02/2015 11:00,0.4,6.1,1.6,6.8,4,15.7,0.337,0.172,0.137,0.407,0,0.07,0.28,0,0.364,0.092,0.52
17/02/2015 12:00,0.2,8.3,1.3,8.8,6.3,18.2,0.388,0.186,0.128,0.256,0.001,0.056,0.302,0.002,0.393,0.101,0.574
17/02/2015 13:00,0.2,7.5,1.1,10.6,9.1,21.7,0.428,0.22,0.119,0.136,0.004,0.127,0.289,0.011,0.391,0.11,0.635
17/02/2015 14:00,0.1,5.9,1,11,10,21.6,0.422,0.189,0.111,0.052,0.011,0.194,0.231,0.022,0.367,0.134,0.679
17/02/2015 15:00,0.1,4.7,1.3,9.8,9.6,20.7,0.331,0.111,0.101,0.016,0.018,0.179,0.228,0.034,0.334,0.192,0.719
17/02/2015 16:00,0.2,4.1,1.5,8.6,7.8,19.7,0.215,0.05,0.091,0.01,0.024,0.146,0.229,0.034,0.317,0.32,0.749
17/02/2015 17:00,0.2,3.7,1.6,8.3,5.4,19.1,0.128,0.021,0.09,0.016,0.047,0.132,0.256,0.031,0.325,0.36,0.753
17/02/2015 18:00,0.2,3.4,1.6,8.3,3.6,18.7,0.079,0.011,0.084,0.053,0.088,0.129,0.259,0.036,0.347,0.328,0.748
17/02/2015 19:00,0.3,3.2,1.6,8.4,2.7,17.5,0.048,0.004,0.073,0.14,0.136,0.122,0.217,0.089,0.386,0.311,0.739
17/02/2015 20:00,0.4,3.1,1.5,8.2,2.2,16.2,0.022,0.005,0.061,0.311,0.186,0.118,0.227,0.179,0.397,0.252,0.73
17/02/2015 21:00,0.4,3.1,1.5,7.8,2.1,15.5,0.004,0.015,0.051,0.524,0.209,0.108,0.274,0.264,0.398,0.185,0.726
17/02/2015 22:00,0.4,3.4,1.5,7,2.3,15.2,0,0.043,0.042,0.65,0.201,0.089,0.241,0.349,0.391,0.127,0.723
17/02/2015 23:00,0.5,3.8,1.4,6.4,2.6,14.8,0,0.093,0.032,0.67,0.174,0.104,0.206,0.431,0.386,0.091,0.726
18/02/2015 00:00,0.4,4.1,1.4,6.1,2.8,13.8,0,0.085,0.021,0.621,0.137,0.128,0.179,0.45,0.401,0.062,0.729
18/02/2015 01:00,0.7,3.5,0.8,5.6,2.6,12.4,0,0.124,0.012,0.571,0.096,0.114,0.142,0.429,0.442,0.042,0.734
18/02/2015 02:00,2.1,1.4,0,3.8,1.5,7.1,0,0.279,0.007,0.534,0.061,0.133,0.102,0.312,0.445,0.03,0.729
18/02/2015 03:00,4.4,1.4,0.1,0.6,1.3,4.2,0,0.502,0.003,0.442,0.045,0.155,0.067,0.131,0.376,0.023,0.727
18/02/2015 04:00,6.9,1.7,0.3,0,1.3,3.2,0.008,0.657,0.002,0.309,0.038,0.171,0.069,0.058,0.316,0.037,0.72
18/02/2015 05:00,9.7,1.5,0.8,0.1,1.5,3,0.042,0.715,0.005,0.201,0.031,0.158,0.108,0.004,0.27,0.072,0.696
18/02/2015 06:00,12.2,1.6,1.8,0.2,1.6,2.9,0.069,0.674,0.011,0.14,0.028,0.112,0.116,0,0.24,0.1,0.676
18/02/2015 07:00,14,1.9,2.8,0.2,1.5,3.1,0.103,0.63,0.02,0.104,0.02,0.086,0.118,0,0.233,0.106,0.685
18/02/2015 08:00,13.8,2.2,3.4,0.3,1.4,3.6,0.132,0.583,0.03,0.071,0.025,0.083,0.121,0,0.238,0.104,0.719
18/02/2015 09:00,11.3,2.6,3.8,0.3,1.6,4.6,0.107,0.508,0.044,0.101,0.007,0.083,0.14,0,0.274,0.101,0.744
18/02/2015 10:00,6.6,3.3,3.6,0.3,2.3,5.9,0.051,0.454,0.058,0.112,0.001,0.104,0.189,0,0.355,0.09,0.755
18/02/2015 11:00,3.1,6.5,3.5,0.3,3.3,7.6,0.007,0.362,0.068,0.086,0,0.101,0.249,0,0.423,0.076,0.765
18/02/2015 12:00,2.9,10,3.6,0.8,5.9,11.8,0.002,0.22,0.068,0.029,0,0.094,0.299,0,0.462,0.061,0.778
18/02/2015 13:00,3.1,10,3.1,2.7,9.6,17.7,0.002,0.094,0.061,0.01,0,0.185,0.316,0,0.476,0.058,0.789
18/02/2015 14:00,2.5,9.5,2.8,4.4,11.4,18.9,0.001,0.087,0.047,0.016,0,0.204,0.263,0,0.482,0.073,0.795
18/02/2015 15:00,1.5,9.1,2.3,5.3,12.4,18.9,0.002,0.123,0.032,0.028,0,0.163,0.268,0.002,0.467,0.158,0.802
18/02/2015 16:00,1.1,9.3,1.8,5.6,13.1,18.6,0.001,0.176,0.02,0.042,0,0.11,0.292,0.003,0.438,0.31,0.814
18/02/2015 17:00,0.9,9.6,1.3,5.4,11.6,18,0,0.243,0.011,0.068,0.012,0.068,0.258,0.002,0.425,0.39,0.83
18/02/2015 18:00,0.7,9,1.4,5.5,8.5,17,0,0.269,0.005,0.144,0.119,0.046,0.197,0.007,0.43,0.358,0.852
18/02/2015 19:00,0.7,7.7,2.2,6,6.1,15.7,0.001,0.262,0.001,0.291,0.249,0.041,0.168,0.04,0.44,0.291,0.861
18/02/2015 20:00,0.7,7,3.5,6.6,4.9,13.7,0.003,0.217,0,0.428,0.289,0.049,0.171,0.097,0.451,0.234,0.854
18/02/2015 21:00,0.5,6.3,4.4,8.4,4.2,12.3,0.009,0.156,0,0.492,0.278,0.076,0.193,0.14,0.479,0.203,0.835
18/02/2015 22:00,0.3,5.4,5,11.1,3.6,11,0.023,0.15,0,0.497,0.305,0.104,0.225,0.168,0.528,0.191,0.813
18/02/2015 23:00,0.2,4.8,5.6,13.8,3.1,9.5,0.043,0.17,0,0.483,0.345,0.139,0.209,0.165,0.59,0.156,0.789
19/02/2015 00:00,0.2,4.1,5.6,16.3,2.7,7.5,0.06,0.233,0,0.446,0.356,0.192,0.169,0.145,0.663,0.077,0.762
19/02/2015 01:00,0.2,2.2,2.9,17.8,2,5.8,0.044,0.355,0,0.405,0.353,0.237,0.157,0.145,0.703,0.033,0.746
19/02/2015 02:00,0.7,1.9,0.9,14.5,1,3.3,0.017,0.479,0,0.376,0.355,0.294,0.138,0.118,0.711,0.019,0.763
19/02/2015 03:00,2.4,1.7,1.4,5.4,1.1,3.1,0.001,0.533,0,0.364,0.308,0.28,0.085,0.025,0.687,0.01,0.794
19/02/2015 04:00,5,1.1,2.5,3.1,1.4,2.7,0.001,0.552,0,0.343,0.217,0.249,0.052,0.014,0.644,0.022,0.825
19/02/2015 05:00,9.6,0.8,3.2,3.6,1.9,2.7,0.012,0.46,0,0.325,0.122,0.196,0.022,0.048,0.596,0.065,0.839
19/02/2015 06:00,14.5,0.8,3.6,4.6,2.3,3.5,0.043,0.414,0,0.3,0.07,0.155,0.005,0.147,0.55,0.105,0.837
19/02/2015 07:00,17.3,1.1,3.9,6.2,2.5,4.8,0.076,0.431,0.001,0.264,0.043,0.139,0.003,0.353,0.509,0.111,0.829
19/02/2015 08:00,16.3,1.5,3.8,7.6,2.3,6.5,0.093,0.494,0.004,0.109,0.083,0.119,0.011,0.504,0.479,0.079,0.822
19/02/2015 09:00,12.9,1.9,3.3,7.3,2.4,8.8,0.071,0.586,0.011,0.105,0.053,0.1,0.026,0.371,0.488,0.048,0.823
19/02/2015 10:00,5.8,2.6,2.4,6.1,2.8,11.3,0.021,0.608,0.013,0.144,0.013,0.09,0.036,0.132,0.55,0.027,0.831
19/02/2015 11:00,3.2,5.6,2.4,5,3.4,13.7,0.001,0.522,0.011,0.071,0.002,0.087,0.042,0.024,0.614,0.016,0.837
19/02/2015 12:00,3.1,9.3,2.8,4.3,5.7,16.8,0.002,0.447,0.009,0.031,0.001,0.082,0.041,0.003,0.649,0.009,0.831
19/02/2015 13:00,2.1,9.3,2.6,3.3,9,20.3,0.013,0.464,0.007,0.018,0.002,0.104,0.037,0.001,0.673,0.003,0.815
19/02/2015 14:00,2,8.3,2.7,2.6,10.8,20,0.041,0.479,0.007,0.021,0.001,0.14,0.029,0,0.662,0.001,0.792
19/02/2015 15:00,1.7,7.1,2.8,2.3,12.1,18.2,0.084,0.402,0.01,0.037,0,0.148,0.022,0,0.59,0.047,0.762
19/02/2015 16:00,1.9,5.8,3.2,2.1,11.3,16.2,0.128,0.352,0.014,0.057,0,0.137,0.01,0.005,0.523,0.186,0.739
19/02/2015 17:00,1.6,4.2,3.4,1.9,10,14.7,0.189,0.314,0.019,0.105,0,0.125,0.002,0.095,0.527,0.227,0.725
19/02/2015 18:00,1.3,3.4,2.9,2,7.6,13.9,0.267,0.297,0.022,0.237,0.002,0.127,0,0.206,0.586,0.194,0.73
19/02/2015 19:00,0.7,2.8,3.5,2,5.5,13.5,0.337,0.305,0.017,0.328,0.049,0.14,0,0.202,0.654,0.145,0.751
19/02/2015 20:00,0.4,2.3,3.9,1.9,4.2,12.9,0.364,0.327,0.012,0.323,0.092,0.156,0,0.144,0.702,0.085,0.76
19/02/2015 21:00,0.3,1.9,3.9,2.1,3.6,12.5,0.328,0.374,0.007,0.264,0.053,0.181,0,0.087,0.722,0.036,0.757
19/02/2015 22:00,0.2,1.7,4.1,2.5,3.4,12.3,0.259,0.325,0.002,0.212,0.008,0.192,0.001,0.048,0.728,0.011,0.758
19/02/2015 23:00,0.2,1.9,4.1,3,3.8,11.7,0.192,0.296,0.001,0.162,0.007,0.21,0.013,0.018,0.779,0.007,0.748
20/02/2015 00:00,0.3,3.1,3.8,2.9,4.3,10.9,0.139,0.315,0,0.138,0.074,0.231,0.033,0.004,0.82,0.01,0.722
20/02/2015 01:00,0.2,3.2,1.5,2.3,3.9,10,0.064,0.384,0,0.161,0.21,0.266,0.045,0,0.812,0.012,0.695
20/02/2015 02:00,0.1,1.4,0.9,1.2,5,5.7,0.035,0.526,0,0.234,0.243,0.257,0.056,0,0.768,0.017,0.686
20/02/2015 03:00,0.6,0.9,0.8,0.3,7.6,5,0.043,0.655,0,0.284,0.261,0.266,0.043,0.008,0.716,0.015,0.704
20/02/2015 04:00,1.7,0.7,1.1,0.4,9.5,4.4,0.055,0.706,0,0.28,0.302,0.207,0.012,0.013,0.661,0.01,0.738
20/02/2015 05:00,2.7,0.4,1.3,0.4,11.3,2.3,0.092,0.7,0.005,0.232,0.309,0.156,0.002,0.002,0.618,0.019,0.776
20/02/2015 06:00,3,0.3,1.6,0.1,12.6,1.1,0.138,0.663,0.018,0.189,0.249,0.112,0.002,0.003,0.584,0.025,0.813
20/02/2015 07:00,3.1,0.4,1.9,0.1,13.3,0.6,0.183,0.599,0.025,0.155,0.135,0.084,0.013,0.015,0.556,0.014,0.832
20/02/2015 08:00,3.4,0.4,2.3,0.1,13.2,0.3,0.201,0.545,0.028,0.049,0.201,0.077,0.031,0.041,0.555,0.005,0.832
20/02/2015 09:00,3.8,0.6,2.6,0.1,12.7,0.4,0.161,0.491,0.036,0.009,0.201,0.063,0.05,0.069,0.601,0.004,0.823
20/02/2015 10:00,2.6,0.8,2.8,0.1,12.5,0.8,0.084,0.525,0.045,0.028,0.138,0.047,0.071,0.09,0.678,0.003,0.812
20/02/2015 11:00,0.8,1.8,2.1,0.3,12.6,1.4,0.031,0.519,0.054,0.008,0.077,0.067,0.1,0.109,0.74,0.002,0.799
20/02/2015 12:00,0.1,3.7,1.4,2.7,14.6,3.5,0.036,0.481,0.061,0,0.045,0.071,0.151,0.182,0.777,0.001,0.78
20/02/2015 13:00,0,4.1,0.9,10.5,20.2,6.6,0.089,0.432,0.068,0,0.028,0.147,0.211,0.334,0.786,0.002,0.765
20/02/2015 14:00,0,3.5,0.6,20.5,22.5,7.6,0.155,0.332,0.07,0,0.019,0.243,0.258,0.41,0.789,0.013,0.75
20/02/2015 15:00,0,2.9,0.4,27,21.9,7.9,0.167,0.264,0.069,0,0.013,0.223,0.343,0.395,0.795,0.089,0.737
20/02/2015 16:00,0,2.6,0.5,29.4,20.7,8.5,0.149,0.196,0.068,0.001,0.012,0.181,0.332,0.337,0.794,0.214,0.722
20/02/2015 17:00,0.1,2.4,0.6,29.9,17.5,9.4,0.146,0.147,0.069,0.001,0.025,0.141,0.24,0.261,0.788,0.247,0.704
20/02/2015 18:00,0.1,2.4,0.7,30,14.5,10.3,0.136,0.059,0.076,0.01,0.064,0.111,0.133,0.213,0.788,0.22,0.686
20/02/2015 19:00,0.1,2.5,0.7,30.6,12.5,11,0.136,0.03,0.08,0.04,0.139,0.091,0.083,0.183,0.791,0.209,0.672
20/02/2015 20:00,0.1,2.6,0.8,30.7,11.6,12,0.167,0.045,0.078,0.096,0.241,0.076,0.084,0.18,0.79,0.201,0.693
20/02/2015 21:00,0,2.8,0.8,30.5,11.5,12.8,0.22,0.045,0.069,0.147,0.322,0.073,0.09,0.182,0.779,0.147,0.746
20/02/2015 22:00,0,3,0.8,29.9,12.1,13.2,0.274,0.07,0.053,0.186,0.347,0.078,0.087,0.181,0.769,0.088,0.762
20/02/2015 23:00,0,3.1,0.8,28.6,13.3,13.6,0.308,0.064,0.036,0.3,0.317,0.106,0.08,0.172,0.756,0.049,0.737
21/02/2015 00:00,0,3.3,0.8,26.5,13.8,14,0.318,0.016,0.026,0.384,0.274,0.141,0.061,0.124,0.762,0.02,0.718
21/02/2015 01:00,0,2.6,0.2,24.1,12.7,14,0.175,0.006,0.02,0.361,0.237,0.185,0.03,0.065,0.766,0.005,0.724
21/02/2015 02:00,0.1,0.9,0.1,15.5,12.9,8.4,0.068,0.008,0.017,0.338,0.234,0.188,0.01,0.017,0.752,0.001,0.759
21/02/2015 03:00,0.2,1,0.3,7.5,16.8,7.3,0.008,0.014,0.017,0.314,0.325,0.226,0.005,0,0.716,0.001,0.803
21/02/2015 04:00,1,1.2,0.8,9,17.9,9.6,0,0.028,0.021,0.29,0.355,0.214,0.001,0.001,0.663,0.002,0.833
21/02/2015 05:00,2.5,1.6,1.4,5.8,17.5,7.6,0.001,0.019,0.031,0.264,0.345,0.219,0,0,0.618,0.002,0.845
21/02/2015 06:00,4.1,2.4,2.3,2.3,16.5,5.4,0.016,0.009,0.044,0.243,0.296,0.174,0,0,0.582,0.001,0.847
21/02/2015 07:00,5.7,3.4,3.6,1,15.3,4.1,0.054,0.004,0.053,0.227,0.194,0.139,0.002,0,0.559,0.001,0.845
21/02/2015 08:00,6.1,4.4,4.6,0.8,14.1,3.3,0.084,0.001,0.065,0.114,0.183,0.112,0.009,0.001,0.556,0.001,0.845
21/02/2015 09:00,4.8,5.5,4.9,0.8,14.6,2.8,0.079,0,0.077,0.047,0.153,0.099,0.025,0,0.575,0.001,0.846
21/02/2015 10:00,2.6,5.9,4.5,0.8,16.5,2.6,0.051,0.001,0.085,0.182,0.1,0.088,0.045,0,0.615,0.001,0.854
21/02/2015 11:00,1.7,6.7,4.1,0.9,18.3,2.6,0.039,0.002,0.088,0.153,0.052,0.076,0.069,0,0.668,0,0.864
21/02/2015 12:00,1.5,8.2,4.1,3.7,20.7,4.1,0.059,0.005,0.095,0.07,0.017,0.058,0.099,0,0.711,0,0.865
21/02/2015 13:00,1.5,8.8,3.6,10.8,26.1,6.8,0.1,0.001,0.112,0.031,0.002,0.093,0.12,0.035,0.735,0,0.847
21/02/2015 14:00,1.4,8.8,2.9,19.4,27.4,9,0.132,0,0.138,0.017,0,0.151,0.132,0.09,0.752,0.003,0.804
21/02/2015 15:00,1.2,8.8,2.6,27.2,26.9,10.5,0.101,0.026,0.168,0.013,0,0.14,0.142,0.15,0.772,0.05,0.739
21/02/2015 16:00,1.1,8.3,2.9,32.2,24.7,11.7,0.05,0.174,0.196,0.009,0,0.098,0.104,0.186,0.788,0.18,0.682
21/02/2015 17:00,0.9,7.5,3.7,33.1,21.4,12.4,0.021,0.302,0.224,0.005,0.011,0.063,0.063,0.21,0.803,0.262,0.662
21/02/2015 18:00,0.7,7,4.9,31.4,18.7,12.7,0.008,0.312,0.247,0,0.102,0.047,0.069,0.235,0.819,0.272,0.683
21/02/2015 19:00,0.4,6.5,6.5,29.3,16.4,13.2,0.003,0.248,0.278,0,0.222,0.043,0.095,0.252,0.824,0.219,0.721
21/02/2015 20:00,0.4,6.6,6.1,26.9,14.5,13.4,0.001,0.183,0.311,0,0.32,0.05,0.133,0.289,0.818,0.154,0.748
21/02/2015 21:00,0.7,7,5.1,22.7,13.2,13.2,0.001,0.104,0.325,0.007,0.374,0.076,0.147,0.303,0.809,0.112,0.75
21/02/2015 22:00,0.9,7.5,4,18.5,12.5,13.5,0.001,0.067,0.324,0.052,0.391,0.097,0.135,0.248,0.805,0.098,0.741
21/02/2015 23:00,1,7.4,3.9,15.9,12.5,14.5,0.002,0.031,0.325,0.134,0.39,0.096,0.133,0.175,0.821,0.11,0.724
22/02/2015 00:00,1,6.7,3.8,14.1,12.8,16.1,0.009,0.01,0.33,0.218,0.354,0.112,0.111,0.144,0.858,0.126,0.718
22/02/2015 01:00,0.8,4.1,2.3,13,11.6,17.5,0.008,0.001,0.345,0.279,0.301,0.116,0.119,0.144,0.88,0.135,0.722
22/02/2015 02:00,2.1,1.3,1.3,8.2,11.8,11.1,0,0,0.376,0.348,0.26,0.108,0.143,0.117,0.886,0.13,0.722
22/02/2015 03:00,3.1,1.4,1.9,3.2,19.8,7.5,0,0,0.425,0.41,0.22,0.11,0.125,0.046,0.874,0.101,0.706
22/02/2015 04:00,4,4.1,1.8,1.9,23,7,0,0,0.491,0.454,0.18,0.112,0.109,0.017,0.857,0.104,0.7
22/02/2015 05:00,4.8,4.6,1.3,0.2,22.2,4.9,0.003,0.006,0.528,0.482,0.163,0.13,0.093,0.006,0.845,0.126,0.702
22/02/2015 06:00,5.7,3.8,1.3,0,20.2,3.3,0.018,0.049,0.54,0.495,0.142,0.114,0.082,0.003,0.831,0.137,0.698
22/02/2015 07:00,5.7,3,2,0.1,17.7,2.6,0.046,0.131,0.539,0.487,0.113,0.09,0.076,0.004,0.819,0.137,0.689
22/02/2015 08:00,5.6,2.4,2.6,0.1,15.3,2.4,0.068,0.159,0.544,0.261,0.16,0.077,0.068,0.002,0.797,0.115,0.682
22/02/2015 09:00,4.8,2.6,3.2,0.1,15.2,2.6,0.064,0.137,0.535,0.132,0.184,0.063,0.066,0.001,0.786,0.093,0.695
22/02/2015 10:00,2.5,3.1,3.1,0.2,17,3,0.031,0.101,0.502,0.303,0.166,0.047,0.068,0,0.782,0.08,0.724
22/02/2015 11:00,0.7,4.5,2.1,0.1,19.2,3.4,0.001,0.069,0.466,0.507,0.126,0.044,0.074,0,0.771,0.063,0.752
22/02/2015 12:00,0.2,5.4,1.1,0.3,22.3,4.9,0,0.042,0.429,0.479,0.076,0.033,0.072,0.033,0.757,0.048,0.768
22/02/2015 13:00,0.1,4.7,0.7,1.8,28.1,7.3,0.001,0.023,0.391,0.404,0.033,0.086,0.061,0.112,0.752,0.045,0.759
22/02/2015 14:00,0.2,3.8,0.6,4.3,29.7,8.8,0.016,0.059,0.362,0.323,0.008,0.142,0.045,0.133,0.755,0.064,0.739
22/02/2015 15:00,0.3,2.7,0.8,6.4,28.4,9.5,0.038,0.127,0.352,0.266,0.001,0.13,0.041,0.115,0.763,0.178,0.7
22/02/2015 16:00,0.4,1.8,1.1,7.5,26.9,10,0.051,0.124,0.369,0.239,0.007,0.093,0.046,0.101,0.772,0.421,0.654
22/02/2015 17:00,0.3,1.2,1.4,7.1,24.5,10.6,0.083,0.119,0.409,0.216,0.122,0.077,0.058,0.082,0.748,0.496,0.633
22/02/2015 18:00,0.2,0.9,1.4,7.3,22.2,11.3,0.132,0.142,0.443,0.229,0.373,0.083,0.095,0.061,0.697,0.47,0.624
22/02/2015 19:00,0.2,0.8,1.8,7.8,20.2,11.5,0.169,0.192,0.457,0.391,0.513,0.105,0.172,0.043,0.63,0.38,0.624
22/02/2015 20:00,0.2,1,2.1,8.4,19.1,11.2,0.174,0.265,0.444,0.674,0.527,0.133,0.195,0.028,0.583,0.271,0.626
22/02/2015 21:00,0.2,1.5,2.6,10.5,17.7,10.7,0.136,0.334,0.395,0.837,0.49,0.16,0.193,0.011,0.583,0.22,0.641
22/02/2015 22:00,0.2,1.7,2.9,14,17.2,10.6,0.093,0.338,0.332,0.864,0.47,0.169,0.149,0.002,0.601,0.184,0.669
22/02/2015 23:00,0.2,1.4,2.9,17.6,17.2,11.3,0.068,0.375,0.284,0.856,0.444,0.137,0.099,0,0.616,0.132,0.711
23/02/2015 00:00,0.2,1.1,3.2,20.9,17,12,0.05,0.351,0.266,0.844,0.42,0.131,0.076,0.001,0.645,0.09,0.725
23/02/2015 01:00,0.1,0.6,1.2,24.5,14.7,11.7,0.013,0.425,0.261,0.826,0.388,0.12,0.054,0.004,0.673,0.068,0.718
23/02/2015 02:00,0.1,0.1,0.3,22.9,13.3,5.9,0.003,0.43,0.251,0.794,0.355,0.115,0.036,0.003,0.672,0.061,0.694
23/02/2015 03:00,1.3,0.1,0.3,12.8,18.6,5.2,0.004,0.359,0.251,0.763,0.334,0.123,0.022,0,0.639,0.061,0.674
23/02/2015 04:00,2.8,0.5,0.6,7.5,17,5.6,0.013,0.291,0.259,0.727,0.322,0.112,0.03,0.001,0.599,0.104,0.674
23/02/2015 05:00,4.5,0.7,1.4,12.5,13.3,3.3,0.043,0.225,0.266,0.697,0.301,0.087,0.064,0.006,0.571,0.184,0.704
23/02/2015 06:00,5.8,0.8,2.4,12.3,9.8,2.2,0.087,0.184,0.289,0.671,0.253,0.069,0.093,0.017,0.563,0.243,0.78
23/02/2015 07:00,6.9,0.9,3.3,12.3,6.9,1.9,0.15,0.162,0.31,0.623,0.257,0.054,0.107,0.019,0.58,0.215,0.843
23/02/2015 08:00,7.3,0.9,4,14.3,4.8,2.3,0.22,0.151,0.321,0.434,0.355,0.043,0.145,0.014,0.595,0.163,0.868
23/02/2015 09:00,6.7,0.9,4.6,14.7,4.4,3.2,0.249,0.156,0.32,0.695,0.318,0.036,0.237,0.008,0.626,0.12,0.871
23/02/2015 10:00,4.1,1.1,4.1,13.2,5.1,4.1,0.145,0.149,0.311,0.844,0.209,0.032,0.334,0.003,0.695,0.102,0.863
23/02/2015 11:00,1.4,3.1,2.6,10.6,6.6,5.1,0.069,0.146,0.304,0.833,0.104,0.028,0.402,0.002,0.737,0.1,0.849
23/02/2015 12:00,0.2,6.1,1.7,7.6,10.6,7.8,0.043,0.182,0.306,0.802,0.038,0.018,0.46,0.007,0.745,0.107,0.824
23/02/2015 13:00,0.1,6.6,1.1,4.8,16.6,11.8,0.041,0.197,0.315,0.782,0.008,0.062,0.432,0.018,0.739,0.123,0.788
23/02/2015 14:00,0.1,5.4,1,3,18.9,13.2,0.044,0.131,0.329,0.774,0.001,0.091,0.303,0.019,0.732,0.16,0.732
23/02/2015 15:00,0.2,4.3,1.1,2.6,18.5,12.8,0.06,0.074,0.336,0.758,0,0.074,0.251,0.025,0.733,0.3,0.679
23/02/2015 16:00,0.2,3.6,1.1,4,17.2,11.3,0.079,0.047,0.325,0.75,0.001,0.045,0.22,0.03,0.748,0.507,0.618
23/02/2015 17:00,0.2,3.1,1.1,6.9,15.3,9.5,0.075,0.02,0.304,0.722,0.046,0.022,0.155,0.023,0.772,0.547,0.566
23/02/2015 18:00,0.2,2.6,0.8,10.9,13,8.3,0.07,0.003,0.27,0.676,0.291,0.013,0.111,0.007,0.789,0.522,0.524
23/02/2015 19:00,0.2,1.9,0.7,14,11,7.6,0.054,0,0.227,0.732,0.547,0.014,0.074,0,0.802,0.445,0.525
23/02/2015 20:00,0.3,1.1,0.6,14.4,9.7,7.1,0.018,0,0.187,0.769,0.58,0.022,0.059,0,0.815,0.382,0.579
23/02/2015 21:00,0.3,0.9,0.5,15.1,9.2,7.2,0.004,0.002,0.145,0.772,0.494,0.048,0.041,0,0.829,0.309,0.658
23/02/2015 22:00,0.2,1,0.4,17.5,9.3,8.4,0.002,0.046,0.113,0.762,0.438,0.082,0.027,0,0.841,0.223,0.709
23/02/2015 23:00,0.2,1.1,0.4,18.8,9.9,9.8,0.001,0.09,0.093,0.745,0.422,0.086,0.026,0.002,0.866,0.157,0.74
24/02/2015 00:00,0.2,1,0.5,18,10.6,10.7,0.001,0.076,0.085,0.74,0.389,0.101,0.027,0.007,0.897,0.105,0.759
24/02/2015 01:00,0.1,0.7,0.4,16.2,9.5,10.8,0,0.048,0.094,0.743,0.346,0.096,0.03,0.008,0.919,0.068,0.77
24/02/2015 02:00,0.3,0.1,0.4,12,7.4,7.2,0.003,0.022,0.12,0.748,0.314,0.076,0.034,0.006,0.927,0.042,0.78
24/02/2015 03:00,1.9,0.1,1.1,7.8,10.2,6.2,0.04,0.005,0.16,0.742,0.267,0.053,0.03,0,0.921,0.027,0.801
24/02/2015 04:00,3.4,0.6,1.6,7.8,9.9,5.9,0.086,0.002,0.185,0.737,0.227,0.053,0.058,0,0.917,0.024,0.824
24/02/2015 05:00,5.9,0.8,2.4,8.5,8.5,5.7,0.127,0.01,0.188,0.714,0.204,0.041,0.118,0.005,0.917,0.055,0.843
24/02/2015 06:00,8.1,0.8,3.3,11.4,7.6,8,0.108,0.032,0.196,0.677,0.176,0.031,0.134,0.007,0.917,0.12,0.858
24/02/2015 07:00,9.4,0.9,4.1,17.2,7.2,11.5,0.077,0.084,0.219,0.635,0.249,0.027,0.138,0.007,0.919,0.082,0.873
24/02/2015 08:00,9.1,1.1,4.7,25.7,6.8,15.4,0.07,0.134,0.249,0.528,0.318,0.027,0.169,0.005,0.916,0.053,0.88
24/02/2015 09:00,7.9,1.2,5,33.2,6.7,18.7,0.067,0.199,0.261,0.852,0.269,0.029,0.214,0.002,0.91,0.046,0.876
24/02/2015 10:00,5,1.6,4.4,38.9,6.9,20.9,0.043,0.487,0.254,0.839,0.199,0.027,0.254,0,0.904,0.054,0.858
24/02/2015 11:00,2.4,4.3,3.8,41.7,7.4,22.5,0.01,0.616,0.237,0.669,0.123,0.027,0.254,0,0.895,0.069,0.831
24/02/2015 12:00,1.1,6.8,3.2,40.1,9.7,24.4,0.001,0.718,0.229,0.466,0.062,0.029,0.196,0,0.895,0.095,0.804
24/02/2015 13:00,0.7,6.8,2.5,38.6,13.5,24.6,0,0.754,0.233,0.301,0.023,0.064,0.111,0,0.899,0.133,0.772
24/02/2015 14:00,0.5,5.8,2.1,37.6,14.6,23.5,0.002,0.801,0.228,0.203,0.006,0.055,0.057,0,0.906,0.207,0.739
24/02/2015 15:00,0.4,4.6,1.8,41.6,13.8,21.6,0.022,0.822,0.21,0.148,0.001,0.045,0.036,0.033,0.906,0.399,0.697
24/02/2015 16:00,0.3,3.4,1.4,46,12.6,18.8,0.073,0.914,0.188,0.115,0,0.051,0.032,0.094,0.905,0.586,0.645
24/02/2015 17:00,0.2,2.4,1.4,46.2,11,17.4,0.142,0.962,0.152,0.107,0,0.071,0.034,0.273,0.9,0.567,0.635
24/02/2015 18:00,0.2,1.8,1.1,44.9,9.6,17.2,0.182,0.969,0.113,0.144,0,0.102,0.06,0.273,0.896,0.517,0.642
24/02/2015 19:00,0.2,1.1,0.6,41.6,8.9,17.7,0.172,0.952,0.09,0.27,0.015,0.141,0.134,0.185,0.894,0.417,0.662
24/02/2015 20:00,0.1,0.7,0.4,37.6,9,18.3,0.172,0.934,0.074,0.476,0.088,0.182,0.229,0.174,0.89,0.357,0.725
24/02/2015 21:00,0.1,0.6,0.5,34.4,9.1,18.5,0.162,0.898,0.062,0.661,0.171,0.22,0.235,0.214,0.893,0.299,0.75
24/02/2015 22:00,0.1,0.6,0.6,31.7,9.5,18.5,0.118,0.866,0.062,0.751,0.225,0.236,0.2,0.225,0.89,0.225,0.751
24/02/2015 23:00,0.1,1.1,0.8,28.7,9.8,18.9,0.068,0.83,0.075,0.77,0.258,0.186,0.168,0.274,0.892,0.164,0.744
25/02/2015 00:00,0.1,1.4,1.1,27.6,9.7,19.5,0.063,0.794,0.084,0.773,0.28,0.171,0.134,0.352,0.905,0.107,0.744
25/02/2015 01:00,0.1,1.2,0.8,27.6,8.2,19.1,0.073,0.768,0.084,0.777,0.266,0.192,0.105,0.352,0.912,0.067,0.751
25/02/2015 02:00,0.1,0.3,0.3,20.5,3.6,16.8,0.022,0.668,0.079,0.723,0.237,0.183,0.086,0.213,0.906,0.044,0.766
25/02/2015 03:00,0.7,0.2,0.8,20.2,4.7,22,0.001,0.507,0.072,0.695,0.22,0.166,0.062,0.118,0.893,0.028,0.793
25/02/2015 04:00,2.1,0.3,1.4,20.4,3.9,18.7,0,0.506,0.069,0.663,0.207,0.136,0.098,0.045,0.877,0.068,0.823
25/02/2015 05:00,4.4,0.4,1.9,20.4,2.2,15.3,0,0.507,0.073,0.635,0.21,0.1,0.144,0.017,0.863,0.159,0.847
25/02/2015 06:00,6.7,0.6,2.2,26.2,1.2,13.3,0,0.491,0.089,0.592,0.206,0.083,0.172,0.009,0.848,0.237,0.868
25/02/2015 07:00,7.9,1.4,2.4,32.2,0.8,13.2,0,0.463,0.113,0.547,0.294,0.065,0.2,0.004,0.838,0.188,0.888
25/02/2015 08:00,7.6,2.3,2.9,35.6,0.6,13.9,0.007,0.421,0.14,0.311,0.468,0.053,0.251,0.005,0.823,0.124,0.901
25/02/2015 09:00,6.4,2.5,3.8,38.4,0.7,16.2,0.025,0.395,0.158,0.391,0.432,0.053,0.325,0.006,0.812,0.084,0.907
25/02/2015 10:00,3.6,2.2,3.9,38.8,1.1,19.2,0.036,0.378,0.158,0.753,0.341,0.062,0.379,0.045,0.802,0.062,0.91
25/02/2015 11:00,1.6,3.6,3.3,36.3,1.8,22.5,0.025,0.363,0.151,0.686,0.25,0.054,0.398,0.073,0.785,0.055,0.906
25/02/2015 12:00,0.9,6.3,2.7,30.5,4,26.5,0.008,0.238,0.144,0.515,0.175,0.037,0.383,0.018,0.763,0.062,0.886
25/02/2015 13:00,0.7,6.6,2.8,24,6.7,29.5,0.002,0.071,0.141,0.374,0.121,0.158,0.32,0.003,0.75,0.078,0.849
25/02/2015 14:00,0.7,5.6,3.3,14.8,7.9,28,0,0.284,0.131,0.272,0.083,0.309,0.195,0.006,0.76,0.118,0.792
25/02/2015 15:00,0.5,4.3,3.5,8.2,8.1,25.1,0,0.312,0.124,0.197,0.058,0.377,0.118,0.006,0.785,0.3,0.734
25/02/2015 16:00,0.3,3.7,3.9,5.1,8.1,22.5,0,0.278,0.146,0.154,0.037,0.424,0.053,0,0.804,0.547,0.7
25/02/2015 17:00,0.2,3.3,3.9,3.5,6.9,21,0.098,0.211,0.18,0.138,0.02,0.472,0.018,0,0.807,0.581,0.679
25/02/2015 18:00,0.2,3.1,3.5,2.6,5.9,20,0.145,0.144,0.2,0.176,0.032,0.506,0.019,0,0.786,0.533,0.648
25/02/2015 19:00,0.3,2.8,3.1,2.6,5.1,18.4,0.133,0.093,0.223,0.291,0.125,0.519,0.03,0,0.756,0.523,0.628
25/02/2015 20:00,0.3,2.8,3.1,3.9,4.1,17,0.102,0.058,0.251,0.466,0.305,0.528,0.042,0,0.739,0.501,0.642
25/02/2015 21:00,0.2,3.8,3.3,7.2,3.1,16.6,0.037,0.04,0.236,0.626,0.416,0.501,0.052,0,0.739,0.379,0.682
25/02/2015 22:00,0.1,5.7,3.4,10.9,2.3,16.4,0.004,0.022,0.204,0.715,0.425,0.431,0.051,0.005,0.746,0.218,0.679
25/02/2015 23:00,0.1,8,4.1,11.6,1.9,15.8,0,0.009,0.2,0.743,0.401,0.311,0.051,0.013,0.768,0.135,0.661
26/02/2015 00:00,0.2,10.1,4.8,10,1.6,15.4,0.001,0.001,0.219,0.74,0.364,0.252,0.059,0.018,0.796,0.096,0.633
26/02/2015 01:00,0.1,8.6,2.4,7,1.2,14.8,0.002,0,0.253,0.734,0.307,0.194,0.07,0.02,0.805,0.07,0.612
26/02/2015 02:00,0.6,2.7,3.1,2.4,0.6,9.8,0.003,0,0.282,0.724,0.262,0.15,0.084,0.008,0.797,0.085,0.613
26/02/2015 03:00,3.1,1.8,5.8,0.3,0.5,9.9,0.008,0,0.341,0.708,0.233,0.133,0.087,0.002,0.77,0.087,0.636
26/02/2015 04:00,7.1,2.3,8.5,0.3,0.1,7.1,0.012,0,0.412,0.689,0.212,0.107,0.167,0.027,0.73,0.105,0.661
26/02/2015 05:00,12.8,1.8,9.3,0.3,0.1,6,0.011,0,0.479,0.673,0.198,0.076,0.241,0.09,0.697,0.22,0.675
26/02/2015 06:00,16.8,1.7,10.1,0.6,0.1,5.9,0.012,0,0.526,0.651,0.19,0.065,0.267,0.142,0.682,0.346,0.692
26/02/2015 07:00,18.3,1.8,11,1,0.1,7.1,0.014,0.001,0.548,0.615,0.337,0.085,0.277,0.175,0.692,0.313,0.722
26/02/2015 08:00,18.4,1.9,11,1.6,0.2,8.8,0.015,0.005,0.551,0.344,0.594,0.086,0.279,0.225,0.715,0.208,0.741
26/02/2015 09:00,17.8,2,9.8,2.4,0.4,12,0.007,0.011,0.544,0.372,0.544,0.084,0.281,0.22,0.746,0.127,0.757
26/02/2015 10:00,12.2,2.2,10,3.3,0.8,16.3,0.001,0.021,0.544,0.658,0.369,0.097,0.282,0.179,0.769,0.076,0.762
26/02/2015 11:00,5.6,5.5,11.3,4.3,1.8,20.5,0.001,0.059,0.556,0.627,0.221,0.094,0.311,0.137,0.777,0.048,0.746
26/02/2015 12:00,5.2,8.9,12,7.3,4.1,25,0.002,0.121,0.552,0.447,0.132,0.064,0.354,0.085,0.771,0.042,0.712
26/02/2015 13:00,4.2,9.2,12.1,12.6,8,30.4,0.001,0.049,0.527,0.298,0.083,0.105,0.32,0.061,0.756,0.054,0.668
26/02/2015 14:00,2.5,9.9,11.5,16.6,11.5,30.1,0.003,0.017,0.488,0.183,0.061,0.274,0.227,0.15,0.739,0.103,0.615
26/02/2015 15:00,1.9,12.8,11.9,18.4,13.9,27.3,0.048,0.066,0.464,0.119,0.051,0.301,0.251,0.314,0.71,0.291,0.575
26/02/2015 16:00,1.7,14.9,13.7,18.6,12.5,24.4,0.114,0.079,0.459,0.099,0.049,0.305,0.228,0.352,0.678,0.524,0.572
26/02/2015 17:00,2.1,15.2,14.8,18,9.3,22.5,0.127,0.082,0.454,0.107,0.072,0.313,0.176,0.294,0.648,0.532,0.567
26/02/2015 18:00,1.8,14.8,14,16.7,6.5,20.7,0.084,0.077,0.461,0.172,0.11,0.32,0.169,0.172,0.621,0.484,0.527
26/02/2015 19:00,1.6,13.8,12.3,15.6,4.6,19.2,0.066,0.071,0.475,0.349,0.146,0.332,0.164,0.044,0.601,0.45,0.492
26/02/2015 20:00,1.6,13.3,11.1,14.5,3.2,17.4,0.073,0.081,0.488,0.594,0.177,0.338,0.167,0,0.59,0.402,0.488
26/02/2015 21:00,2.1,12.8,10.3,13.5,2.3,15,0.069,0.119,0.496,0.772,0.208,0.32,0.192,0.004,0.596,0.262,0.54
26/02/2015 22:00,2.1,11.8,8.8,12.8,1.7,12.6,0.066,0.194,0.507,0.835,0.232,0.278,0.192,0.101,0.605,0.16,0.579
26/02/2015 23:00,1.7,10.6,7.1,12.1,1.3,9.9,0.089,0.283,0.528,0.846,0.228,0.194,0.204,0.114,0.605,0.137,0.615
27/02/2015 00:00,1.6,8.8,5.7,11.3,0.9,7.3,0.127,0.364,0.549,0.841,0.208,0.14,0.234,0.264,0.594,0.145,0.629
27/02/2015 01:00,1.1,5.3,2.9,10.9,0.4,5.1,0.101,0.425,0.571,0.835,0.163,0.111,0.271,0.453,0.563,0.112,0.618
27/02/2015 02:00,0.9,1.9,3.9,8,0.3,2.1,0.07,0.4,0.58,0.827,0.097,0.105,0.321,0.46,0.508,0.077,0.625
27/02/2015 03:00,1.9,0.8,6.3,2.7,0.3,1.2,0.039,0.361,0.592,0.809,0.039,0.118,0.355,0.302,0.435,0.055,0.635
27/02/2015 04:00,5.3,0.3,8.9,2.5,0.1,0.4,0.023,0.33,0.605,0.795,0.011,0.126,0.491,0.167,0.369,0.079,0.626
27/02/2015 05:00,10.3,0.5,11.5,1.4,0.1,0.3,0.017,0.305,0.615,0.791,0.004,0.118,0.656,0.22,0.32,0.157,0.603
27/02/2015 06:00,15.4,1.3,14,0.5,0.1,0.9,0.014,0.239,0.623,0.788,0.005,0.092,0.752,0.139,0.301,0.295,0.59
27/02/2015 07:00,19.2,2.3,15.7,0.3,0.3,2.1,0.019,0.172,0.635,0.73,0.005,0.059,0.799,0.042,0.323,0.263,0.605
27/02/2015 08:00,20.4,3.6,16.7,0.3,0.8,3.7,0.031,0.113,0.655,0.636,0.003,0.045,0.831,0.008,0.376,0.187,0.632
27/02/2015 09:00,19.8,5.4,16.5,0.4,1.5,5.9,0.043,0.102,0.668,0.866,0.001,0.037,0.85,0.005,0.44,0.141,0.655
27/02/2015 10:00,12.1,7.1,15.7,0.7,2.4,8.3,0.03,0.09,0.666,0.88,0,0.027,0.849,0.01,0.494,0.12,0.69
27/02/2015 11:00,4.7,11.1,16.2,1.3,3.4,10.1,0.02,0.061,0.664,0.802,0,0.032,0.847,0.023,0.51,0.118,0.72
27/02/2015 12:00,3,15,16.5,4.3,5.8,13,0.109,0.019,0.668,0.695,0.001,0.033,0.824,0.039,0.487,0.125,0.742
27/02/2015 13:00,2.5,14.4,15.2,11.8,9.9,18.2,0.251,0,0.672,0.598,0.004,0.105,0.695,0.067,0.447,0.142,0.74
27/02/2015 14:00,2.4,13.9,13.3,19.9,12,19.9,0.194,0,0.65,0.495,0.009,0.22,0.527,0.088,0.416,0.198,0.72
27/02/2015 15:00,1.8,13.8,11.8,26.3,11.6,18.1,0.201,0,0.62,0.422,0.013,0.225,0.494,0.064,0.4,0.402,0.674
27/02/2015 16:00,1.3,13.5,10.5,29.5,10.2,15,0.139,0.001,0.593,0.378,0.019,0.182,0.601,0.028,0.401,0.583,0.636
27/02/2015 17:00,1,13.5,9.5,30.2,8.6,12.2,0.11,0.007,0.571,0.352,0.029,0.146,0.732,0.008,0.407,0.543,0.638
27/02/2015 18:00,1,13.8,8.4,29.6,6.9,9.7,0.094,0.019,0.54,0.448,0.037,0.132,0.747,0.001,0.413,0.483,0.656
27/02/2015 19:00,0.9,12.8,5.4,28.2,5.1,8,0.093,0.03,0.501,0.666,0.042,0.128,0.741,0,0.423,0.46,0.661
27/02/2015 20:00,1,10.9,3.9,26.5,3.3,7.3,0.076,0.026,0.462,0.812,0.047,0.133,0.728,0,0.437,0.449,0.646
27/02/2015 21:00,1,9.1,3.4,25.4,1.8,7.7,0.031,0.014,0.42,0.866,0.057,0.145,0.622,0,0.459,0.388,0.625
27/02/2015 22:00,0.8,7.9,3.5,23.9,1,8.3,0.022,0.015,0.378,0.878,0.072,0.152,0.536,0,0.472,0.264,0.601
27/02/2015 23:00,0.8,6.8,4.3,22.5,0.6,8.3,0.029,0.024,0.336,0.879,0.089,0.112,0.556,0,0.479,0.155,0.586
28/02/2015 00:00,0.9,6.1,5.1,23.6,0.5,7.9,0.035,0.03,0.281,0.877,0.095,0.076,0.538,0.003,0.498,0.084,0.574
28/02/2015 01:00,0.3,3.5,2.7,27,0.4,6.7,0.03,0.036,0.218,0.866,0.072,0.064,0.545,0,0.498,0.044,0.556
28/02/2015 02:00,0.2,2.6,2.4,21.4,0.6,3.9,0.075,0.058,0.152,0.815,0.036,0.054,0.57,0,0.454,0.022,0.535
28/02/2015 03:00,2.4,1.8,2.7,12,0.8,3.5,0.184,0.103,0.1,0.752,0.016,0.044,0.532,0,0.391,0.01,0.523
28/02/2015 04:00,5.4,1.8,3.3,13.1,1.2,5.6,0.212,0.162,0.068,0.744,0.008,0.046,0.62,0,0.343,0.008,0.53
28/02/2015 05:00,8.8,2.1,3.9,10.3,1.4,6.6,0.198,0.189,0.048,0.745,0.004,0.046,0.866,0,0.329,0.014,0.541
28/02/2015 06:00,11.2,2.4,4.3,6.2,1.4,8,0.187,0.258,0.034,0.746,0.006,0.052,0.919,0,0.332,0.02,0.566
28/02/2015 07:00,11.7,2.6,4.6,4.3,1.6,9.8,0.238,0.279,0.02,0.72,0.001,0.059,0.93,0.002,0.35,0.011,0.592
28/02/2015 08:00,10.6,2.9,4.8,3.9,1.8,11.6,0.398,0.264,0.011,0.672,0,0.062,0.932,0.008,0.349,0.005,0.613
28/02/2015 09:00,8.8,3.5,5.3,4.9,2.2,13.8,0.552,0.264,0.006,0.929,0,0.059,0.939,0.017,0.345,0.003,0.642
28/02/2015 10:00,5.3,4.9,4.6,5.7,2.7,18.5,0.516,0.233,0.004,0.911,0,0.053,0.942,0.017,0.395,0.004,0.676
28/02/2015 11:00,1.7,9.5,4.1,6,3.3,26.2,0.294,0.168,0.004,0.824,0,0.041,0.937,0.015,0.494,0.007,0.71
28/02/2015 12:00,0.2,15,5.1,7.9,4.1,32.2,0.095,0.103,0.007,0.701,0,0.025,0.904,0.047,0.55,0.016,0.737
28/02/2015 13:00,0.1,15.8,5.1,9.4,5.5,30.7,0.018,0.008,0.014,0.574,0,0.066,0.8,0.115,0.529,0.045,0.746
28/02/2015 14:00,0.3,14.3,4.4,9.7,6,25.9,0.005,0,0.023,0.467,0.002,0.123,0.598,0.163,0.452,0.126,0.753
28/02/2015 15:00,0.6,15.9,3.6,10,5.1,19.7,0.015,0.001,0.029,0.391,0.006,0.131,0.503,0.175,0.424,0.316,0.766
28/02/2015 16:00,0.4,18,2.6,12.4,3.1,12.8,0.032,0.005,0.03,0.349,0.02,0.128,0.485,0.159,0.451,0.46,0.772
28/02/2015 17:00,0.2,17.7,1.8,16.7,1.6,8.6,0.054,0.025,0.029,0.341,0.09,0.125,0.488,0.117,0.486,0.436,0.759
28/02/2015 18:00,0.2,16.1,1.2,19.2,0.8,6.8,0.1,0.019,0.029,0.443,0.249,0.124,0.435,0.067,0.535,0.344,0.748
28/02/2015 19:00,0.1,14.4,0.8,18.8,0.6,6.1,0.158,0.013,0.03,0.68,0.361,0.13,0.479,0.021,0.566,0.188,0.73
28/02/2015 20:00,0.1,12,0.7,18.4,0.7,6,0.233,0.02,0.038,0.845,0.379,0.139,0.534,0,0.581,0.127,0.7
28/02/2015 21:00,0.1,9.7,0.9,19.4,1,5.8,0.279,0.037,0.045,0.906,0.349,0.156,0.524,0,0.588,0.126,0.671
28/02/2015 22:00,0.1,8.3,1.4,23.2,1.2,6.4,0.276,0.035,0.047,0.919,0.314,0.162,0.527,0.056,0.594,0.121,0.648
28/02/2015 23:00,0.1,7.3,2,27.2,1.4,8.5,0.225,0.021,0.042,0.92,0.277,0.133,0.513,0.227,0.623,0.113,0.642
01/03/2015 00:00,0.1,6.4,2.6,29.4,1.6,10.1,0.154,0.029,0.034,0.915,0.22,0.111,0.477,0.388,0.672,0.093,0.65
01/03/2015 01:00,0.1,4.6,1.8,30.4,1.4,11.3,0.028,0.068,0.024,0.893,0.133,0.101,0.451,0.47,0.697,0.087,0.666
01/03/2015 02:00,0,4.1,0.6,32.1,1.3,11.6,0.008,0.118,0.013,0.84,0.058,0.088,0.43,0.362,0.68,0.085,0.682
01/03/2015 03:00,0.6,3.9,0.6,39.5,2.1,18.3,0.046,0.16,0.007,0.821,0.031,0.072,0.357,0.269,0.605,0.068,0.694
01/03/2015 04:00,2.2,4.4,1.1,34.8,3.3,22.7,0.07,0.166,0.005,0.827,0.018,0.056,0.357,0.142,0.544,0.063,0.703
01/03/2015 05:00,4.9,5.1,1.1,22,5,24.3,0.107,0.16,0.006,0.824,0.011,0.039,0.528,0.092,0.52,0.053,0.71
01/03/2015 06:00,7.5,5.8,1.4,12.8,7.4,25.6,0.158,0.164,0.007,0.817,0.008,0.034,0.695,0.041,0.485,0.041,0.711
01/03/2015 07:00,9,7,2.1,9.6,10.1,26.9,0.191,0.16,0.011,0.787,0.037,0.035,0.745,0.014,0.44,0.041,0.712
01/03/2015 08:00,9,7.8,3,9.7,12.7,27.6,0.201,0.136,0.015,0.739,0.098,0.04,0.763,0.008,0.425,0.043,0.711
01/03/2015 09:00,7.7,8.1,3.5,10.8,14.5,27.4,0.178,0.136,0.02,0.947,0.084,0.034,0.779,0.009,0.51,0.047,0.7
01/03/2015 10:00,4.8,8.2,3.1,11.8,15.6,27.2,0.133,0.152,0.027,0.935,0.039,0.022,0.768,0.018,0.677,0.048,0.686
01/03/2015 11:00,1.3,10.7,1.9,12.7,16.7,26.3,0.073,0.167,0.03,0.861,0.012,0.017,0.73,0.027,0.731,0.048,0.665
01/03/2015 12:00,0.2,14.5,1.4,15.5,17.3,23.5,0.035,0.146,0.026,0.712,0.002,0.012,0.65,0.056,0.687,0.059,0.635
01/03/2015 13:00,0.2,15.5,1.2,19.8,15.6,21.2,0.018,0.074,0.019,0.538,0,0.016,0.495,0.108,0.636,0.086,0.612
01/03/2015 14:00,0.5,15,1,21.5,12.3,20.5,0.015,0.046,0.013,0.395,0,0.039,0.398,0.158,0.602,0.152,0.601
01/03/2015 15:00,0.6,14.4,1,20.4,9.1,20.2,0.013,0.055,0.01,0.3,0,0.041,0.376,0.187,0.532,0.305,0.58
01/03/2015 16:00,0.6,13.7,0.9,18.1,6.7,20.3,0.011,0.088,0.008,0.261,0,0.031,0.305,0.199,0.452,0.473,0.552
01/03/2015 17:00,0.6,13.8,0.6,15.2,5.1,20.1,0.012,0.139,0.005,0.283,0,0.025,0.217,0.18,0.379,0.496,0.543
01/03/2015 18:00,0.5,14.8,0.4,12.5,3.7,20.3,0.024,0.179,0.003,0.399,0.001,0.028,0.18,0.144,0.311,0.353,0.557
01/03/2015 19:00,0.5,16.5,0.3,10,2.6,19.9,0.051,0.235,0.001,0.601,0.006,0.039,0.144,0.124,0.264,0.24,0.595
01/03/2015 20:00,0.4,17.2,0.3,7.9,1.9,19.2,0.101,0.325,0,0.75,0.015,0.058,0.139,0.133,0.251,0.179,0.642
01/03/2015 21:00,0.3,16.6,0.4,6.4,1.4,17.1,0.135,0.332,0,0.815,0.034,0.093,0.151,0.159,0.246,0.154,0.663
01/03/2015 22:00,0.4,15.2,0.6,5.3,1,14.5,0.139,0.218,0,0.827,0.07,0.137,0.172,0.188,0.247,0.158,0.65
01/03/2015 23:00,0.4,12.8,0.7,4.4,1.1,12,0.15,0.259,0.001,0.817,0.111,0.142,0.177,0.22,0.278,0.113,0.61
02/03/2015 00:00,0.3,10.9,0.7,4.4,1,9.7,0.169,0.266,0.003,0.791,0.136,0.11,0.164,0.227,0.381,0.094,0.558
02/03/2015 01:00,0.1,6.6,0.5,4.9,0.8,7.3,0.097,0.266,0.007,0.761,0.136,0.076,0.158,0.186,0.499,0.104,0.517
02/03/2015 02:00,0.4,6.5,0.3,3.4,1,6.1,0.035,0.261,0.009,0.728,0.112,0.051,0.176,0.082,0.58,0.088,0.485
02/03/2015 03:00,2.8,5.9,0.4,1.6,1.2,10.1,0.01,0.309,0.008,0.688,0.065,0.038,0.146,0.009,0.615,0.069,0.479
02/03/2015 04:00,5.6,5.1,1,0.9,1.8,11.2,0.003,0.347,0.006,0.683,0.021,0.041,0.193,0,0.613,0.074,0.5
02/03/2015 05:00,8.5,4.7,2.2,0.9,3,12.2,0.004,0.364,0.012,0.669,0.004,0.044,0.22,0,0.596,0.104,0.525
02/03/2015 06:00,11.4,4.9,3.6,1.2,4.3,14,0.011,0.362,0.025,0.697,0.001,0.037,0.233,0,0.566,0.104,0.552
02/03/2015 07:00,13.4,6.3,5,1.6,5.7,16.2,0.015,0.412,0.049,0.661,0,0.027,0.226,0,0.526,0.097,0.58
02/03/2015 08:00,13.5,7.9,5.8,2.4,7.1,18.5,0.015,0.313,0.084,0.444,0.006,0.039,0.208,0.001,0.453,0.087,0.592
02/03/2015 09:00,11.6,10.3,7.3,3.4,8.6,20.7,0.02,0.286,0.11,0.391,0.041,0.035,0.21,0.005,0.377,0.08,0.594
02/03/2015 10:00,6.2,11.4,7.9,4.1,10,22,0.044,0.349,0.107,0.488,0.07,0.028,0.228,0.013,0.385,0.083,0.583
02/03/2015 11:00,2.1,12.1,8.8,4.2,10.8,22,0.055,0.302,0.083,0.445,0.081,0.026,0.243,0.031,0.422,0.09,0.552
02/03/2015 12:00,1.2,14.3,10.5,3.8,11.5,21.2,0.046,0.192,0.054,0.297,0.083,0.022,0.245,0.071,0.429,0.102,0.523
02/03/2015 13:00,0.8,14,10.1,3.5,12.2,22.4,0.032,0.078,0.031,0.19,0.086,0.025,0.22,0.142,0.425,0.122,0.498
02/03/2015 14:00,0.8,12.6,8.9,3.6,11.5,21.9,0.012,0.049,0.017,0.127,0.099,0.049,0.2,0.214,0.419,0.137,0.481
02/03/2015 15:00,0.9,11.5,6.8,3.8,10.1,21,0.005,0.054,0.013,0.095,0.124,0.069,0.213,0.289,0.411,0.176,0.466
02/03/2015 16:00,1.1,9,5.5,4.8,8.1,20.2,0.003,0.07,0.016,0.086,0.167,0.084,0.182,0.355,0.416,0.249,0.46
02/03/2015 17:00,1.3,6.3,5.4,7.6,6.3,18.6,0.003,0.1,0.018,0.097,0.262,0.093,0.133,0.382,0.435,0.312,0.469
02/03/2015 18:00,1.1,4.4,4.9,11.6,5,17,0.003,0.097,0.022,0.152,0.401,0.106,0.086,0.376,0.443,0.347,0.491
02/03/2015 19:00,0.7,3.4,4.1,15.8,4.2,15.5,0.003,0.069,0.026,0.281,0.407,0.128,0.054,0.336,0.444,0.341,0.522
02/03/2015 20:00,0.6,3.3,2.6,18.8,3.6,14.3,0.003,0.055,0.033,0.466,0.334,0.147,0.042,0.298,0.447,0.302,0.557
02/03/2015 21:00,0.5,4,1.5,20.7,3.3,13,0.007,0.063,0.029,0.636,0.278,0.161,0.047,0.214,0.457,0.225,0.586
02/03/2015 22:00,0.3,4.3,0.8,21.5,2.9,11.5,0.008,0.078,0.018,0.734,0.243,0.155,0.043,0.109,0.464,0.141,0.59
02/03/2015 23:00,0.2,4.5,0.6,21.4,2.6,9.8,0.008,0.079,0.01,0.768,0.201,0.112,0.037,0.028,0.485,0.088,0.575
03/03/2015 00:00,0.3,4.8,0.5,20.7,2.1,8,0.008,0.056,0.006,0.777,0.155,0.082,0.035,0.002,0.544,0.063,0.543
03/03/2015 01:00,0.1,3.8,1.3,19.7,2,5.9,0.002,0.045,0.007,0.777,0.109,0.074,0.03,0.011,0.56,0.063,0.503
03/03/2015 02:00,1.7,5.5,6.4,11.5,2.9,3.5,0,0.021,0.012,0.767,0.069,0.065,0.025,0.06,0.543,0.064,0.479
03/03/2015 03:00,6.4,6.8,10.6,3.8,1.8,3.6,0.013,0.003,0.031,0.748,0.04,0.059,0.012,0.117,0.516,0.058,0.466
03/03/2015 04:00,12.7,7.3,14,1.4,0.8,2.3,0.017,0,0.057,0.718,0.021,0.048,0.002,0.287,0.499,0.09,0.441
03/03/2015 05:00,19.6,8,16.8,0.6,0.6,1.6,0.027,0.001,0.075,0.691,0.009,0.043,0,0.467,0.497,0.124,0.393
03/03/2015 06:00,25.1,9.2,18.7,0.5,0.9,1.8,0.049,0.001,0.085,0.663,0.002,0.041,0.001,0.454,0.506,0.12,0.358
03/03/2015 07:00,28.1,10.4,20,0.5,1.6,2.5,0.074,0.002,0.086,0.603,0,0.035,0.007,0.329,0.508,0.118,0.346
03/03/2015 08:00,27.4,11.5,20,0.6,2.6,3.6,0.101,0.004,0.081,0.316,0,0.026,0.028,0.223,0.444,0.116,0.341
03/03/2015 09:00,26.2,13.3,20.2,0.6,3.8,5.3,0.134,0.007,0.074,0.138,0.008,0.022,0.059,0.145,0.303,0.114,0.322
03/03/2015 10:00,19.1,14.9,19.5,0.9,4.8,7.3,0.191,0.008,0.06,0.413,0.029,0.025,0.092,0.093,0.21,0.118,0.295
03/03/2015 11:00,8.5,14.9,17.9,1.1,5.9,9.1,0.234,0.008,0.039,0.282,0.053,0.027,0.12,0.067,0.179,0.128,0.278
03/03/2015 12:00,7,16.9,18.2,1.6,8.1,12.8,0.205,0.003,0.022,0.126,0.07,0.028,0.138,0.11,0.181,0.156,0.271
03/03/2015 13:00,7.9,16.5,17.8,2.3,12.1,19.9,0.333,0.001,0.012,0.055,0.078,0.043,0.156,0.201,0.187,0.201,0.274
03/03/2015 14:00,9.1,15.2,17,2.9,13,23.4,0.447,0.001,0.007,0.035,0.083,0.055,0.179,0.238,0.203,0.259,0.291
03/03/2015 15:00,8.4,13.4,17.1,3.8,11.7,23.7,0.369,0.003,0.005,0.038,0.076,0.052,0.2,0.182,0.231,0.361,0.322
03/03/2015 16:00,6.2,11.8,16.8,5.1,9.5,22.8,0.291,0.006,0.007,0.05,0.076,0.041,0.155,0.085,0.254,0.469,0.361
03/03/2015 17:00,3.4,10.7,17.2,6.6,7.7,21.6,0.244,0.007,0.011,0.073,0.115,0.035,0.094,0.058,0.285,0.428,0.402
03/03/2015 18:00,1.8,10,15.6,8,6.1,20.1,0.202,0.03,0.017,0.142,0.206,0.04,0.046,0.295,0.298,0.368,0.426
03/03/2015 19:00,1.1,9.1,13.4,9.7,5.4,18.3,0.156,0.153,0.02,0.287,0.258,0.051,0.015,0.552,0.289,0.315,0.434
03/03/2015 20:00,0.7,8.8,12.7,11.3,4.8,16.7,0.085,0.129,0.024,0.469,0.249,0.067,0.003,0.587,0.278,0.271,0.422
03/03/2015 21:00,0.5,8.8,12.6,11.7,4.6,15.6,0.03,0.221,0.027,0.644,0.233,0.088,0.001,0.517,0.274,0.225,0.393
03/03/2015 22:00,0.4,10.1,12,11.1,4.3,14.2,0.005,0.662,0.029,0.763,0.233,0.108,0,0.497,0.266,0.188,0.364
03/03/2015 23:00,0.4,10.3,10.6,10.3,3.9,12.3,0,0.951,0.032,0.814,0.253,0.11,0,0.56,0.262,0.167,0.327
04/03/2015 00:00,0.6,8.7,7.1,9.8,3.5,10.3,0,0.95,0.036,0.827,0.272,0.115,0,0.713,0.294,0.155,0.281
04/03/2015 01:00,0.2,5.5,6.7,10,2.4,7.9,0.001,0.632,0.036,0.816,0.261,0.117,0,0.672,0.304,0.147,0.244
04/03/2015 02:00,1.6,8.1,15.4,7.2,1.8,3,0.042,0.474,0.029,0.799,0.218,0.125,0,0.449,0.28,0.147,0.222
04/03/2015 03:00,6.6,9.8,17.8,2.9,1.3,2.6,0.078,0.384,0.014,0.768,0.153,0.141,0,0.544,0.241,0.137,0.233
04/03/2015 04:00,14.2,10.5,19.1,1.1,0.8,0.9,0.118,0.409,0.004,0.737,0.094,0.124,0,0.7,0.211,0.123,0.255
04/03/2015 05:00,22.9,13.1,21,0.2,0.9,0.3,0.14,0.429,0.002,0.697,0.052,0.083,0.004,0.59,0.197,0.168,0.254
04/03/2015 06:00,28.9,16,22.5,0.1,1.1,0.3,0.152,0.457,0.005,0.648,0.031,0.057,0.013,0.509,0.187,0.177,0.245
04/03/2015 07:00,31.4,18.6,23.7,0.1,1.4,0.5,0.161,0.304,0.015,0.576,0.101,0.058,0.023,0.439,0.17,0.182,0.249
04/03/2015 08:00,31.4,20.3,23.8,0.1,1.6,0.9,0.165,0.241,0.034,0.279,0.106,0.041,0.034,0.347,0.138,0.182,0.252
04/03/2015 09:00,31.3,21.2,22.9,0.1,1.9,1.6,0.151,0.213,0.057,0.118,0.023,0.037,0.043,0.231,0.1,0.18,0.233
04/03/2015 10:00,24,21.3,20,0.2,2.4,2.3,0.127,0.215,0.079,0.553,0.001,0.043,0.051,0.127,0.091,0.183,0.21
04/03/2015 11:00,11.9,20.2,17.7,0.2,3.1,3.1,0.101,0.227,0.101,0.535,0,0.041,0.053,0.064,0.101,0.206,0.193
04/03/2015 12:00,9.2,22.7,17.2,0.2,5.2,5.9,0.123,0.185,0.113,0.332,0,0.041,0.05,0.076,0.118,0.252,0.188
04/03/2015 13:00,8,24.1,15.4,0.3,9.3,11.5,0.169,0.318,0.12,0.184,0.001,0.053,0.052,0.124,0.136,0.321,0.197
04/03/2015 14:00,6.2,23.5,14.2,0.4,11.3,14.4,0.237,0.245,0.126,0.105,0.003,0.028,0.065,0.056,0.16,0.429,0.212
04/03/2015 15:00,4.4,22.4,13.8,1,10.8,15.2,0.323,0.155,0.136,0.067,0.009,0.002,0.099,0.008,0.182,0.538,0.22
04/03/2015 16:00,3.2,21,13.4,2.8,9.2,14.9,0.411,0.093,0.147,0.055,0.024,0,0.111,0.004,0.192,0.55,0.225
04/03/2015 17:00,2,19.7,12.5,5.5,7.3,14.3,0.46,0.063,0.154,0.068,0.096,0,0.089,0.002,0.185,0.447,0.223
04/03/2015 18:00,1.1,18.2,11,8.6,5.6,13.4,0.464,0.054,0.152,0.134,0.251,0.008,0.054,0.006,0.186,0.378,0.224
04/03/2015 19:00,0.7,16.9,10.5,11.6,4.4,12.1,0.431,0.048,0.137,0.3,0.358,0.028,0.023,0.025,0.201,0.337,0.234
04/03/2015 20:00,0.6,16.5,9.4,12.6,3.4,10.3,0.379,0.042,0.118,0.527,0.384,0.048,0.005,0.082,0.211,0.31,0.251
04/03/2015 21:00,0.5,16.3,8.1,12.1,2.8,8.3,0.267,0.029,0.094,0.726,0.357,0.076,0.001,0.153,0.201,0.287,0.27
04/03/2015 22:00,0.3,16.5,6.4,11.2,2.3,6.5,0.138,0.022,0.073,0.831,0.317,0.107,0.001,0.227,0.169,0.274,0.278
04/03/2015 23:00,0.2,15.9,5.6,10.5,1.8,5.3,0.049,0.017,0.054,0.859,0.282,0.113,0.001,0.316,0.155,0.254,0.259
05/03/2015 00:00,0.1,14.3,4.3,10,1.3,4.3,0.011,0.023,0.034,0.856,0.267,0.1,0.002,0.358,0.155,0.222,0.237
05/03/2015 01:00,0,7.5,3.1,9.2,0.7,3.5,0.003,0.049,0.019,0.835,0.285,0.078,0.001,0.358,0.142,0.184,0.225
05/03/2015 02:00,0.7,6,7.8,4.6,0.2,1.3,0.009,0.11,0.011,0.797,0.306,0.068,0.002,0.264,0.112,0.146,0.227
05/03/2015 03:00,3,8.5,11.5,1.6,0.2,0.6,0.027,0.146,0.01,0.75,0.308,0.049,0.001,0.108,0.087,0.112,0.243
05/03/2015 04:00,7.5,7.2,12.5,2.5,0.8,0.6,0.054,0.131,0.016,0.713,0.287,0.034,0,0.045,0.077,0.113,0.243
05/03/2015 05:00,13.1,6.6,12.6,2.2,1.8,0.9,0.066,0.055,0.025,0.682,0.252,0.025,0,0.017,0.076,0.201,0.223
05/03/2015 06:00,18.1,7,13,2.6,2.4,1.4,0.06,0.026,0.037,0.638,0.182,0.016,0.002,0.02,0.08,0.293,0.219
05/03/2015 07:00,21,7.9,13.1,2.8,2.6,2.1,0.072,0.09,0.045,0.501,0.278,0.012,0.006,0.023,0.093,0.314,0.229
05/03/2015 08:00,21.6,8.8,12.8,2.5,2.9,2.9,0.111,0.176,0.058,0.163,0.237,0.008,0.012,0.03,0.108,0.311,0.257
05/03/2015 09:00,19.1,10,12.6,2.1,3.1,3.7,0.155,0.261,0.066,0.042,0.09,0.008,0.015,0.02,0.129,0.309,0.289
05/03/2015 10:00,12.2,10.9,11,1.6,3.4,4.4,0.179,0.291,0.073,0.252,0.02,0.011,0.012,0.002,0.177,0.324,0.327
05/03/2015 11:00,5.5,11.1,10.6,1.2,4.3,5.2,0.186,0.274,0.085,0.484,0.004,0.014,0.007,0,0.232,0.361,0.362
05/03/2015 12:00,2.2,12.3,11,1.3,7,8.1,0.201,0.259,0.088,0.351,0.001,0.022,0.006,0,0.28,0.412,0.387
05/03/2015 13:00,0.7,13,10,2.3,11.7,13.4,0.197,0.205,0.067,0.181,0.002,0.024,0.01,0.011,0.294,0.47,0.397
05/03/2015 14:00,0.4,13.5,7.8,5.9,12.6,15.2,0.233,0.085,0.053,0.083,0.007,0.018,0.018,0.087,0.278,0.532,0.41
05/03/2015 15:00,0.4,13.8,5.6,12.3,11.3,14.7,0.237,0.014,0.063,0.054,0.015,0.017,0.036,0.237,0.265,0.544,0.454
05/03/2015 16:00,0.4,13.2,4.4,19.2,9.8,13.8,0.201,0.003,0.086,0.051,0.037,0.028,0.039,0.401,0.243,0.473,0.491
05/03/2015 17:00,0.3,11.8,5.1,24.2,7.8,13.4,0.167,0.012,0.108,0.058,0.144,0.054,0.035,0.522,0.229,0.378,0.491
05/03/2015 18:00,0.3,10.6,4.7,26.8,5.5,12.8,0.136,0.054,0.127,0.113,0.32,0.094,0.041,0.609,0.223,0.31,0.488
05/03/2015 19:00,0.3,10.5,4.3,28.2,3.8,12,0.115,0.155,0.149,0.237,0.374,0.14,0.021,0.583,0.205,0.26,0.503
05/03/2015 20:00,0.3,10.9,3.3,28.3,2.5,11.5,0.107,0.251,0.17,0.4,0.325,0.185,0.007,0.504,0.171,0.225,0.522
05/03/2015 21:00,0.3,10.5,1.9,27.2,1.8,11.1,0.128,0.315,0.171,0.562,0.253,0.23,0.005,0.458,0.134,0.207,0.531
05/03/2015 22:00,0.3,9.6,1,25.9,1.3,10.7,0.181,0.363,0.159,0.676,0.206,0.25,0.004,0.401,0.103,0.199,0.538
05/03/2015 23:00,0.2,8.5,0.6,24.3,1,10.1,0.236,0.571,0.143,0.734,0.186,0.214,0.002,0.366,0.087,0.192,0.521
06/03/2015 00:00,0.2,7.5,0.7,22.9,0.9,9.6,0.255,0.682,0.131,0.747,0.187,0.161,0.002,0.346,0.091,0.178,0.488
06/03/2015 01:00,0.1,3.4,0.1,21.4,0.6,9.1,0.133,0.659,0.127,0.731,0.196,0.128,0.009,0.323,0.09,0.155,0.464
06/03/2015 02:00,0.2,0.9,0.4,12.8,0.7,5.1,0.05,0.617,0.14,0.724,0.197,0.099,0.018,0.218,0.091,0.132,0.456
06/03/2015 03:00,1.5,2.1,0.6,9,0.8,4.1,0.001,0.529,0.176,0.706,0.181,0.075,0.019,0.137,0.084,0.101,0.468
06/03/2015 04:00,4.6,3.6,1.3,9.1,1,2.3,0,0.461,0.232,0.668,0.154,0.056,0.014,0.334,0.075,0.094,0.495
06/03/2015 05:00,8.5,3.9,2.1,1.9,1.1,0.7,0.001,0.447,0.3,0.627,0.107,0.052,0.017,0.278,0.064,0.162,0.531
06/03/2015 06:00,12.3,4.9,3.1,0,1,0.2,0.001,0.398,0.398,0.59,0.042,0.045,0.019,0.211,0.051,0.2,0.567
06/03/2015 07:00,15,6.1,3.7,0.1,0.8,0.1,0.003,0.367,0.489,0.513,0.019,0.041,0.012,0.202,0.042,0.233,0.6
06/03/2015 08:00,15.8,7.1,4.1,0.2,0.6,0.3,0.005,0.317,0.574,0.251,0.013,0.042,0.005,0.174,0.037,0.264,0.619
06/03/2015 09:00,13.7,8.1,4.6,0.4,0.6,0.7,0.003,0.258,0.618,0.155,0,0.033,0.003,0.093,0.039,0.297,0.622
06/03/2015 10:00,9,9.1,4.8,2,0.6,1.7,0.002,0.206,0.61,0.379,0,0.029,0.005,0.02,0.054,0.341,0.62
06/03/2015 11:00,3.7,10.2,4.2,4.1,0.7,2.8,0.001,0.183,0.574,0.512,0,0.031,0.005,0.003,0.076,0.394,0.619
06/03/2015 12:00,1.6,13.2,4.1,10.8,1.4,6.3,0,0.084,0.525,0.38,0,0.027,0.007,0.012,0.099,0.451,0.615
06/03/2015 13:00,0.6,14.2,3.9,22.9,3.3,12,0,0.166,0.432,0.233,0.003,0.111,0.011,0.045,0.111,0.5,0.592
06/03/2015 14:00,0.2,13.6,3.4,24.9,4.7,14.9,0,0.139,0.329,0.144,0.014,0.206,0.018,0.091,0.119,0.538,0.552
06/03/2015 15:00,0.2,13.1,3.1,20.9,5.3,15.5,0,0.107,0.286,0.105,0.058,0.288,0.022,0.108,0.126,0.526,0.522
06/03/2015 16:00,0.2,12.6,3.2,16.8,5,14.3,0,0.082,0.286,0.101,0.168,0.348,0.038,0.098,0.137,0.498,0.508
06/03/2015 17:00,0.2,11.5,3.3,13.8,4.4,12.1,0.001,0.076,0.3,0.119,0.364,0.4,0.127,0.094,0.155,0.371,0.522
06/03/2015 18:00,0.2,10.6,3.3,11.3,3.7,10.8,0.001,0.098,0.31,0.189,0.522,0.442,0.231,0.083,0.17,0.294,0.552
06/03/2015 19:00,0.2,10.5,3.3,9,3.1,9.7,0.004,0.115,0.322,0.379,0.539,0.468,0.32,0.058,0.189,0.248,0.59
06/03/2015 20:00,0.2,10.8,3.2,7,3.1,8.5,0.011,0.094,0.34,0.594,0.487,0.476,0.38,0.03,0.208,0.217,0.625
06/03/2015 21:00,0.2,10.6,2.6,5.3,3,7.6,0.019,0.059,0.337,0.739,0.41,0.469,0.419,0.03,0.229,0.19,0.661
06/03/2015 22:00,0.2,10.2,1.9,4.4,2.8,7.7,0.026,0.027,0.323,0.814,0.364,0.434,0.438,0.042,0.231,0.167,0.693
06/03/2015 23:00,0.2,9.5,1.4,3.6,2.8,7.8,0.03,0.007,0.317,0.837,0.323,0.323,0.401,0.071,0.233,0.133,0.703
07/03/2015 00:00,0.4,8.5,1.3,3.2,2.7,7.5,0.026,0.009,0.32,0.823,0.282,0.228,0.366,0.116,0.251,0.096,0.696
07/03/2015 01:00,0.1,3.8,0.4,2.6,2.1,7.1,0.006,0.029,0.327,0.762,0.217,0.186,0.358,0.122,0.254,0.071,0.674
07/03/2015 02:00,0.1,1.1,0.8,0.6,2.2,3.8,0.002,0.055,0.326,0.698,0.155,0.133,0.394,0.101,0.243,0.063,0.656
07/03/2015 03:00,1.1,4,1.2,0,2,2.5,0.002,0.09,0.346,0.642,0.113,0.102,0.359,0.096,0.202,0.064,0.647
07/03/2015 04:00,3.7,5.1,1.7,0.4,2,1.9,0.001,0.14,0.382,0.581,0.096,0.092,0.27,0.079,0.143,0.093,0.645
07/03/2015 05:00,6.6,4.9,2.4,2.1,1.9,2.3,0.001,0.17,0.417,0.526,0.093,0.072,0.421,0.035,0.099,0.245,0.639
07/03/2015 06:00,8.7,5.3,3,5.1,1.8,4.3,0.005,0.157,0.456,0.481,0.085,0.061,0.355,0.017,0.076,0.271,0.637
07/03/2015 07:00,10.1,5.7,3.4,8.5,1.6,7.1,0.016,0.132,0.484,0.403,0.155,0.059,0.251,0.03,0.073,0.243,0.636
07/03/2015 08:00,9.9,6.4,3.8,10.8,1.4,10.5,0.025,0.102,0.519,0.178,0.251,0.067,0.18,0.031,0.084,0.217,0.615
07/03/2015 09:00,8.6,6.8,4.1,10.3,1.4,13.6,0.035,0.117,0.538,0.124,0.213,0.071,0.124,0.017,0.113,0.201,0.576
07/03/2015 10:00,6,6.9,3.6,9.2,1.4,15.6,0.037,0.146,0.528,0.386,0.134,0.063,0.086,0.008,0.167,0.188,0.53
07/03/2015 11:00,2.2,8,3.1,7.3,1.6,16.4,0.019,0.169,0.514,0.51,0.078,0.079,0.068,0.005,0.251,0.176,0.485
07/03/2015 12:00,0.7,10.6,3.3,6.6,2.4,18.5,0.002,0.084,0.487,0.351,0.042,0.06,0.064,0.017,0.367,0.167,0.468
07/03/2015 13:00,0.2,11.1,2.9,7.3,4.2,21.7,0,0.021,0.454,0.228,0.023,0.106,0.065,0.066,0.424,0.169,0.494
07/03/2015 14:00,0.1,10.2,2.4,7.8,5.2,21.7,0,0.036,0.415,0.166,0.017,0.194,0.055,0.109,0.432,0.175,0.536
07/03/2015 15:00,0.1,10.6,2.3,6.9,6,18.9,0,0.019,0.391,0.147,0.013,0.233,0.054,0.114,0.39,0.204,0.559
07/03/2015 16:00,0.2,11.3,2.4,5.2,6.3,15.6,0,0.01,0.388,0.163,0.012,0.261,0.069,0.084,0.355,0.272,0.566
07/03/2015 17:00,0.2,11.4,2.8,4.3,6.9,13.7,0,0.003,0.401,0.194,0.017,0.29,0.133,0.027,0.355,0.269,0.566
07/03/2015 18:00,0.2,10.7,3.1,3.4,7,13,0.001,0,0.42,0.28,0.034,0.319,0.223,0.006,0.379,0.226,0.566
07/03/2015 19:00,0.2,8.9,3.6,2.9,5.9,12.7,0.005,0,0.437,0.469,0.053,0.348,0.297,0.027,0.406,0.2,0.571
07/03/2015 20:00,0.3,7.5,3.4,2.6,4.9,12.5,0.02,0,0.459,0.646,0.071,0.376,0.322,0.097,0.436,0.192,0.586
07/03/2015 21:00,0.4,6.1,3.3,2.4,4,13.2,0.043,0,0.453,0.75,0.079,0.388,0.345,0.249,0.468,0.159,0.601
07/03/2015 22:00,0.5,4.8,3.3,2.7,3.6,14,0.054,0,0.432,0.805,0.087,0.346,0.397,0.457,0.486,0.118,0.596
07/03/2015 23:00,0.4,3.9,3.4,3.6,3.3,13.2,0.043,0.008,0.415,0.829,0.112,0.228,0.454,0.58,0.507,0.097,0.572
08/03/2015 00:00,0.2,2.9,3.7,4.9,3.4,11.1,0.026,0.099,0.398,0.832,0.144,0.145,0.503,0.593,0.56,0.087,0.528
08/03/2015 01:00,0.1,1.3,1.3,5.3,3.6,9.3,0.004,0.214,0.379,0.803,0.168,0.114,0.532,0.537,0.591,0.078,0.487
08/03/2015 02:00,0.1,0.1,0.8,5.3,3.6,9.3,0.001,0.268,0.362,0.763,0.178,0.074,0.544,0.302,0.585,0.076,0.45
08/03/2015 03:00,1.1,0.1,0.4,1.4,5.8,3.9,0.047,0.272,0.376,0.734,0.188,0.065,0.478,0.169,0.547,0.071,0.422
08/03/2015 04:00,4.2,0.6,0.4,6,6.2,2.4,0.089,0.255,0.401,0.704,0.192,0.074,0.63,0.142,0.505,0.106,0.407
08/03/2015 05:00,7.1,0.8,1.1,10.2,5.9,1.6,0.138,0.233,0.403,0.679,0.189,0.063,0.887,0.029,0.462,0.217,0.402
08/03/2015 06:00,8.8,1.1,1.8,14.5,5.4,1.6,0.18,0.196,0.404,0.663,0.158,0.057,0.938,0,0.431,0.249,0.415
08/03/2015 07:00,9.9,1.4,2.1,20.5,5.1,2.1,0.21,0.166,0.425,0.607,0.201,0.048,0.956,0,0.412,0.21,0.435
08/03/2015 08:00,9.9,1.8,2.3,24.4,5.1,2.4,0.231,0.155,0.45,0.371,0.203,0.039,0.961,0,0.386,0.156,0.457
08/03/2015 09:00,7.7,2.3,2.6,29.6,5.1,2.9,0.233,0.165,0.435,0.435,0.103,0.04,0.956,0,0.365,0.118,0.49
08/03/2015 10:00,4.6,3.3,2.9,33.9,5.3,3.6,0.228,0.2,0.391,0.675,0.049,0.054,0.944,0,0.404,0.103,0.538
08/03/2015 11:00,1.6,5.1,2.9,35.4,5.8,4.8,0.168,0.164,0.349,0.601,0.025,0.074,0.924,0,0.481,0.104,0.576
08/03/2015 12:00,0.2,7.5,3.1,34.9,6.6,8.8,0.12,0.105,0.317,0.397,0.012,0.075,0.898,0.008,0.574,0.122,0.597
08/03/2015 13:00,0.1,7.9,2.9,35.4,8.4,15.7,0.093,0.023,0.296,0.241,0.004,0.172,0.877,0.069,0.597,0.144,0.603
08/03/2015 14:00,0.2,7.3,2.6,31.8,9.3,18.8,0.088,0.041,0.288,0.151,0.001,0.256,0.872,0.11,0.59,0.163,0.621
08/03/2015 15:00,0.4,6.4,2,24.8,9.5,19.4,0.09,0.153,0.31,0.108,0.001,0.259,0.885,0.097,0.542,0.193,0.644
08/03/2015 16:00,0.5,5.5,1.6,17,8.4,19.2,0.088,0.267,0.345,0.113,0.002,0.261,0.913,0.093,0.487,0.242,0.663
08/03/2015 17:00,0.5,4.8,1.3,11,6.9,18.8,0.077,0.409,0.368,0.158,0.019,0.256,0.94,0.069,0.454,0.253,0.668
08/03/2015 18:00,0.4,4.7,1.2,7.1,5.4,18.3,0.048,0.394,0.381,0.282,0.099,0.251,0.95,0.041,0.43,0.227,0.651
08/03/2015 19:00,0.5,5.1,1.3,4.9,3.9,18.1,0.018,0.327,0.394,0.519,0.223,0.251,0.947,0.029,0.404,0.19,0.623
08/03/2015 20:00,0.6,5.9,1.6,4.3,2.8,18.5,0.002,0.198,0.412,0.686,0.356,0.262,0.932,0.01,0.367,0.155,0.603
08/03/2015 21:00,0.7,6.3,1.8,4.3,2.3,19.7,0,0.147,0.399,0.755,0.43,0.28,0.927,0,0.337,0.121,0.603
08/03/2015 22:00,0.7,6.1,1.9,4.4,2.1,20.7,0,0.188,0.358,0.783,0.416,0.285,0.928,0,0.32,0.101,0.608
08/03/2015 23:00,0.8,5.3,2.1,5.3,1.9,21.3,0.001,0.157,0.304,0.784,0.37,0.243,0.927,0,0.355,0.091,0.601
09/03/2015 00:00,1,4.1,2.3,6.9,2,21.9,0.001,0.121,0.248,0.764,0.314,0.181,0.926,0.004,0.459,0.076,0.586
09/03/2015 01:00,0.3,1.8,0.8,8.3,1.9,22.2,0,0.172,0.219,0.737,0.255,0.15,0.92,0.007,0.546,0.051,0.566
09/03/2015 02:00,0.2,0.2,0.4,5.1,3.6,11.6,0,0.006,0.225,0.721,0.207,0.111,0.913,0.006,0.59,0.033,0.547
09/03/2015 03:00,2,0.2,0.6,5.6,2.9,18.9,0,0.006,0.274,0.712,0.187,0.071,0.911,0.001,0.598,0.03,0.536
09/03/2015 04:00,6.3,1,0.9,4.8,3,19.9,0.001,0.032,0.343,0.658,0.193,0.045,0.938,0,0.58,0.04,0.536
09/03/2015 05:00,10.9,1.4,1.4,3.9,2.9,15.2,0.017,0.05,0.413,0.602,0.201,0.042,0.977,0,0.568,0.082,0.527
09/03/2015 06:00,14.3,2.1,2,3.4,2.8,9.7,0.046,0.112,0.482,0.569,0.202,0.03,0.984,0.017,0.566,0.073,0.504
09/03/2015 07:00,15.8,2.8,2.7,3.3,2.6,5.9,0.076,0.127,0.498,0.499,0.239,0.035,0.982,0.072,0.556,0.054,0.484
09/03/2015 08:00,15.3,3.5,3.4,3.5,2.6,4,0.089,0.123,0.472,0.257,0.279,0.036,0.975,0.092,0.52,0.045,0.485
09/03/2015 09:00,12,4.4,3.9,4.3,2.6,3.4,0.083,0.059,0.416,0.294,0.134,0.032,0.961,0.075,0.457,0.032,0.505
09/03/2015 10:00,6.7,5.6,4,5.8,3,3.6,0.058,0.008,0.362,0.535,0.057,0.038,0.939,0.039,0.419,0.018,0.532
09/03/2015 11:00,2.4,7.9,3.3,9.1,3.3,4.8,0.008,0.014,0.316,0.372,0.025,0.044,0.913,0.022,0.432,0.006,0.547
09/03/2015 12:00,0.4,10.5,3.1,19.5,3.8,9.8,0.003,0.025,0.283,0.177,0.008,0.036,0.881,0.041,0.457,0.001,0.544
09/03/2015 13:00,0.2,10.8,1.9,36.8,4.3,20,0.025,0.007,0.264,0.071,0.002,0.09,0.824,0.098,0.476,0,0.535
09/03/2015 14:00,0.4,10.5,1.2,45.3,4.8,27.1,0.079,0.002,0.259,0.022,0.001,0.157,0.735,0.147,0.481,0,0.521
09/03/2015 15:00,0.6,10,0.9,46.2,5.9,30,0.122,0.002,0.3,0.006,0.001,0.188,0.653,0.136,0.538,0.001,0.483
09/03/2015 16:00,0.7,9.5,0.7,44,7.8,31.4,0.155,0.003,0.344,0.002,0.002,0.186,0.538,0.154,0.626,0.014,0.436
09/03/2015 17:00,0.8,9.8,0.8,39.9,8.5,32.1,0.179,0.004,0.342,0.002,0.006,0.179,0.518,0.157,0.696,0.046,0.4
09/03/2015 18:00,0.9,11,1.4,34.9,6.8,32.1,0.177,0.008,0.317,0.004,0.017,0.177,0.528,0.141,0.739,0.09,0.364
09/03/2015 19:00,1.1,12.1,2.1,30.5,4.7,32.2,0.148,0.015,0.292,0.013,0.033,0.178,0.552,0.132,0.755,0.076,0.325
09/03/2015 20:00,1.1,12.3,2.3,27.3,3.9,32.4,0.113,0.033,0.264,0.042,0.059,0.186,0.574,0.108,0.758,0.03,0.283
09/03/2015 21:00,1.1,11.7,1.8,26.9,4,32.4,0.1,0.045,0.201,0.102,0.099,0.204,0.592,0.087,0.739,0.032,0.259
09/03/2015 22:00,1.2,10.6,1.1,28.4,4.2,32.8,0.104,0.045,0.138,0.2,0.156,0.208,0.595,0.087,0.711,0.051,0.249
09/03/2015 23:00,1.4,9.6,0.9,29.6,4.6,33.3,0.104,0.106,0.096,0.317,0.231,0.171,0.59,0.081,0.737,0.096,0.233
10/03/2015 00:00,1.4,8.7,1.1,29.2,4.9,33.3,0.092,0.201,0.076,0.425,0.294,0.155,0.638,0.067,0.786,0.154,0.22
10/03/2015 01:00,0.7,4.8,0.3,27.2,4.7,31.2,0.041,0.277,0.065,0.507,0.316,0.161,0.668,0.041,0.799,0.148,0.213
10/03/2015 02:00,0.2,1.9,0.6,15.8,6.3,26,0.03,0.358,0.054,0.566,0.298,0.183,0.695,0.015,0.785,0.084,0.225
10/03/2015 03:00,1.8,3.7,1.8,8.1,8.9,25.3,0.045,0.366,0.053,0.584,0.255,0.151,0.658,0.003,0.751,0.073,0.252
10/03/2015 04:00,5.4,5.9,2.6,19.6,10.3,30.4,0.05,0.371,0.065,0.566,0.204,0.114,0.777,0.002,0.695,0.062,0.283
10/03/2015 05:00,9.4,7.3,3.8,18.2,10.3,25.9,0.046,0.434,0.085,0.51,0.16,0.103,0.875,0.022,0.63,0.099,0.315
10/03/2015 06:00,12.3,9.3,5.1,15,9.6,17.8,0.046,0.511,0.109,0.433,0.112,0.094,0.858,0.02,0.583,0.091,0.352
10/03/2015 07:00,14,12,6.3,11.3,8.6,11,0.046,0.372,0.137,0.349,0.069,0.077,0.793,0.009,0.554,0.05,0.388
10/03/2015 08:00,14.2,14.2,7.3,8,7.4,6.6,0.04,0.334,0.171,0.164,0.059,0.076,0.683,0.008,0.521,0.041,0.417
10/03/2015 09:00,12.1,16.8,8.5,6.4,7.3,4.9,0.028,0.327,0.206,0.119,0.001,0.076,0.536,0.007,0.48,0.047,0.432
10/03/2015 10:00,7.2,18.3,7.8,7,7.9,4.6,0.02,0.362,0.217,0.155,0,0.068,0.386,0.002,0.451,0.051,0.434
10/03/2015 11:00,2.4,18.8,8,8.5,8.8,5.6,0.016,0.484,0.223,0.227,0,0.061,0.274,0.001,0.457,0.051,0.427
10/03/2015 12:00,0.2,21.3,9.3,12.2,11,9.8,0.064,0.404,0.241,0.155,0.001,0.026,0.207,0.017,0.472,0.054,0.401
10/03/2015 13:00,0.2,21.3,9.6,17.9,15.5,18.8,0.195,0.244,0.274,0.075,0.004,0.111,0.169,0.147,0.454,0.068,0.37
10/03/2015 14:00,0.6,19.7,9.3,21.4,18.7,23.1,0.367,0.334,0.309,0.031,0.01,0.249,0.144,0.334,0.423,0.09,0.348
10/03/2015 15:00,0.9,18,8.9,22.4,19.1,24.4,0.461,0.444,0.352,0.014,0.013,0.294,0.183,0.425,0.386,0.112,0.337
10/03/2015 16:00,1.2,16.4,8.9,22,18.2,24.3,0.464,0.516,0.388,0.01,0.021,0.283,0.227,0.439,0.341,0.126,0.326
10/03/2015 17:00,1.7,15.2,8.9,21.2,16.7,23.9,0.407,0.539,0.4,0.012,0.052,0.258,0.251,0.444,0.299,0.112,0.311
10/03/2015 18:00,2.1,14.1,9.1,20.2,14.6,23,0.317,0.574,0.395,0.017,0.118,0.237,0.284,0.431,0.277,0.108,0.305
10/03/2015 19:00,2.4,13.6,9,19.3,13,22.4,0.198,0.556,0.4,0.025,0.18,0.242,0.328,0.415,0.26,0.155,0.312
10/03/2015 20:00,2.4,13.2,8.6,19,11,21.6,0.101,0.379,0.411,0.047,0.208,0.257,0.325,0.398,0.254,0.22,0.328
10/03/2015 21:00,2.2,12.6,7.4,18.7,9.1,20.7,0.047,0.248,0.383,0.098,0.192,0.27,0.295,0.425,0.265,0.244,0.352
10/03/2015 22:00,2,11.7,5.8,17.6,8,19.7,0.039,0.296,0.332,0.184,0.146,0.26,0.272,0.481,0.278,0.202,0.358
10/03/2015 23:00,1.6,10.7,4,15.8,7.3,19.7,0.067,0.394,0.281,0.311,0.104,0.194,0.234,0.51,0.341,0.087,0.339
11/03/2015 00:00,1.4,9.8,3.1,14.4,7.4,20.1,0.101,0.362,0.233,0.464,0.074,0.196,0.218,0.466,0.45,0.025,0.31
11/03/2015 01:00,0.7,4.6,1.1,13.4,6.8,19.2,0.029,0.285,0.192,0.568,0.061,0.167,0.266,0.421,0.529,0.027,0.285
11/03/2015 02:00,0.4,3.3,1.7,7.3,6.1,13,0.006,0.241,0.155,0.627,0.057,0.146,0.323,0.282,0.549,0.065,0.274
11/03/2015 03:00,0.8,7.3,1.7,2.5,13.9,13.4,0.003,0.269,0.134,0.66,0.068,0.112,0.297,0.233,0.544,0.117,0.278
11/03/2015 04:00,2.1,9.1,1.6,3.9,16.7,17.9,0.003,0.209,0.123,0.674,0.086,0.084,0.265,0.174,0.532,0.126,0.297
11/03/2015 05:00,4,6.9,2.3,2.6,16.4,12,0.005,0.193,0.124,0.679,0.096,0.068,0.294,0.113,0.525,0.134,0.322
11/03/2015 06:00,5.5,6.1,3,1.5,15.2,6.9,0.013,0.168,0.121,0.665,0.08,0.053,0.245,0.1,0.529,0.204,0.348
11/03/2015 07:00,5.7,6.1,3.3,0.9,13.8,4,0.02,0.124,0.117,0.575,0.024,0.045,0.158,0.056,0.525,0.294,0.383
11/03/2015 08:00,5.5,6.1,3.4,0.6,12.8,2.5,0.025,0.166,0.12,0.302,0.002,0.034,0.09,0.018,0.484,0.315,0.432
11/03/2015 09:00,5,6.3,3.7,0.5,13.2,1.8,0.024,0.202,0.117,0.237,0,0.023,0.044,0.004,0.439,0.302,0.487
11/03/2015 10:00,3.9,6.8,3.9,0.4,14.7,1.5,0.013,0.21,0.112,0.622,0.008,0.039,0.018,0.001,0.432,0.259,0.538
11/03/2015 11:00,1.3,9.4,3.3,0.5,16.2,1.5,0,0.273,0.105,0.695,0.028,0.037,0.006,0.001,0.461,0.182,0.559
11/03/2015 12:00,0.1,14,3,3.9,18.2,3.6,0,0.247,0.097,0.59,0.045,0.034,0.002,0.003,0.481,0.107,0.55
11/03/2015 13:00,0.1,16,2.6,12.8,22.2,10.3,0,0.092,0.092,0.454,0.057,0.125,0.001,0.022,0.464,0.047,0.517
11/03/2015 14:00,0.3,16.6,2.1,20.2,24.9,14.6,0.001,0.119,0.086,0.328,0.065,0.22,0.002,0.063,0.422,0.018,0.478
11/03/2015 15:00,0.4,15,2.1,23.9,25.4,15.9,0.001,0.121,0.111,0.232,0.063,0.243,0.01,0.084,0.39,0.007,0.444
11/03/2015 16:00,0.4,12.8,2.2,25.5,26.1,16.1,0,0.091,0.174,0.178,0.05,0.251,0.018,0.072,0.374,0.002,0.425
11/03/2015 17:00,0.2,10.8,2.1,26.6,25.9,16,0,0.054,0.248,0.156,0.046,0.249,0.015,0.059,0.366,0.001,0.431
11/03/2015 18:00,0.2,10.1,2.1,27.4,23.1,15.5,0.001,0.016,0.32,0.186,0.054,0.241,0.017,0.049,0.353,0.001,0.46
11/03/2015 19:00,0.2,10.8,2,28.2,20.5,14.9,0.01,0.036,0.369,0.315,0.056,0.242,0.041,0.041,0.341,0.003,0.506
11/03/2015 20:00,0.2,11.6,1.8,29.2,19,14.9,0.039,0.134,0.397,0.523,0.059,0.255,0.08,0.039,0.331,0.011,0.553
11/03/2015 21:00,0.3,10.8,1.8,29.7,17.4,15.2,0.067,0.145,0.362,0.709,0.067,0.279,0.078,0.041,0.311,0.008,0.586
11/03/2015 22:00,0.3,9.2,1.7,29.7,15.8,15.6,0.072,0.114,0.314,0.809,0.089,0.291,0.057,0.045,0.278,0.005,0.597
11/03/2015 23:00,0.3,7.6,1.6,28.9,14.4,16.2,0.064,0.311,0.284,0.842,0.131,0.245,0.065,0.057,0.267,0.007,0.59
12/03/2015 00:00,0.4,6.2,1.7,28.6,13.4,16.4,0.052,0.32,0.251,0.849,0.181,0.184,0.091,0.07,0.278,0.015,0.573
12/03/2015 01:00,0.1,2.9,0.6,28.1,11.5,14.9,0.021,0.227,0.214,0.844,0.227,0.158,0.118,0.069,0.264,0.021,0.559
12/03/2015 02:00,0,0.6,0.7,19.2,10.6,8.8,0.015,0.143,0.187,0.832,0.251,0.126,0.144,0.025,0.239,0.019,0.55
12/03/2015 03:00,0.5,0.7,0.9,9.6,17.8,11,0.059,0.096,0.192,0.815,0.232,0.112,0.107,0.003,0.231,0.01,0.539
12/03/2015 04:00,2.1,1.8,1.3,8.8,20.7,10.5,0.101,0.155,0.22,0.798,0.159,0.092,0.068,0,0.236,0.005,0.54
12/03/2015 05:00,4.4,1.5,2.1,10,20.9,7.7,0.147,0.248,0.252,0.768,0.061,0.087,0.041,0,0.247,0.005,0.557
12/03/2015 06:00,6,1.5,2.9,4.1,19.3,5.3,0.23,0.316,0.289,0.681,0.006,0.074,0.016,0,0.27,0.011,0.58
12/03/2015 07:00,7,1.9,3.5,1.3,16.8,3.9,0.332,0.358,0.324,0.593,0,0.059,0.005,0,0.312,0.017,0.593
12/03/2015 08:00,7.6,2.4,4.1,0.5,14.2,3.1,0.42,0.367,0.36,0.317,0.002,0.037,0.005,0,0.367,0.021,0.598
12/03/2015 09:00,7.5,3.8,4.9,0.6,12.5,3.1,0.427,0.334,0.368,0.243,0.02,0.034,0.008,0.001,0.413,0.025,0.605
12/03/2015 10:00,5.3,5.8,5.2,1.4,12,3.5,0.305,0.303,0.364,0.804,0.057,0.037,0.011,0.005,0.48,0.029,0.616
12/03/2015 11:00,1.6,9.1,4.6,2.6,12.7,4.1,0.198,0.315,0.374,0.8,0.093,0.039,0.013,0.011,0.566,0.028,0.614
12/03/2015 12:00,0.2,14.6,3.9,7.4,15.5,6,0.18,0.201,0.379,0.683,0.118,0.041,0.018,0.014,0.607,0.021,0.59
12/03/2015 13:00,0.1,17,3.3,18,20.5,10.3,0.177,0.251,0.374,0.533,0.125,0.161,0.027,0.019,0.586,0.015,0.556
12/03/2015 14:00,0.3,17.4,2.8,26.5,22.1,12.7,0.167,0.453,0.349,0.403,0.12,0.213,0.033,0.02,0.546,0.011,0.525
12/03/2015 15:00,0.6,16.7,2.5,30.4,22.8,12.7,0.185,0.338,0.323,0.291,0.099,0.212,0.033,0.015,0.526,0.008,0.491
12/03/2015 16:00,0.5,15,2.6,30.9,23.2,11.6,0.213,0.186,0.302,0.224,0.073,0.22,0.02,0.017,0.522,0.008,0.476
12/03/2015 17:00,0.2,13.4,2.9,29.7,19.8,10.5,0.209,0.068,0.273,0.197,0.067,0.242,0.005,0.02,0.523,0.011,0.491
12/03/2015 18:00,0.2,12.3,3.2,27.7,16.3,9.1,0.179,0.014,0.243,0.248,0.088,0.264,0,0.009,0.53,0.024,0.517
12/03/2015 19:00,0.2,11.3,3.3,25.7,14.8,7.5,0.141,0.002,0.21,0.392,0.135,0.28,0,0,0.542,0.053,0.535
12/03/2015 20:00,0.2,9.8,3.3,24.4,13.9,5.9,0.112,0,0.176,0.556,0.203,0.291,0,0,0.562,0.087,0.547
12/03/2015 21:00,0.2,8.1,2.4,23.9,13.2,5.1,0.08,0,0.131,0.697,0.284,0.299,0,0.005,0.573,0.115,0.566
12/03/2015 22:00,0.2,7.1,1.4,23.9,12.3,5,0.045,0.003,0.09,0.776,0.376,0.293,0.003,0.043,0.562,0.133,0.583
12/03/2015 23:00,0.2,6.4,0.9,24,11.6,5.5,0.015,0.042,0.071,0.809,0.454,0.244,0.012,0.077,0.568,0.117,0.588
13/03/2015 00:00,0.2,5.8,0.9,24.1,10.8,6.4,0.002,0.161,0.065,0.82,0.467,0.178,0.027,0.105,0.595,0.076,0.59
13/03/2015 01:00,0.1,2.8,0.3,23.5,8.5,6.8,0,0.332,0.064,0.817,0.403,0.133,0.045,0.134,0.593,0.046,0.599
13/03/2015 02:00,0.1,1.2,1.1,14.6,9.5,4.3,0,0.459,0.072,0.799,0.276,0.101,0.06,0.089,0.556,0.033,0.619
13/03/2015 03:00,1,4.4,1.8,5.6,12.3,7.9,0,0.494,0.103,0.79,0.145,0.074,0.049,0.072,0.502,0.029,0.635
13/03/2015 04:00,3.6,7.4,2.1,3.1,11.9,8.5,0.004,0.432,0.15,0.786,0.068,0.05,0.025,0.068,0.455,0.015,0.638
13/03/2015 05:00,8,7.6,3.2,1.6,10.7,7.3,0.035,0.325,0.205,0.781,0.049,0.036,0.02,0.019,0.425,0.007,0.63
13/03/2015 06:00,11.7,8,4.5,0.9,9.5,5.9,0.081,0.257,0.266,0.752,0.061,0.042,0.021,0.014,0.416,0.003,0.614
13/03/2015 07:00,12.3,8.2,5.9,1.3,8.8,5.4,0.14,0.217,0.32,0.7,0.113,0.044,0.029,0.019,0.423,0.002,0.591
13/03/2015 08:00,10.9,8.5,6.7,1.8,8.3,5.9,0.189,0.184,0.366,0.466,0.199,0.042,0.044,0.017,0.433,0.002,0.569
13/03/2015 09:00,9,9.5,6.9,1.9,8.8,6.6,0.202,0.162,0.383,0.495,0.105,0.037,0.061,0.007,0.456,0.001,0.558
13/03/2015 10:00,5.7,10.3,5.5,2,10.3,7.1,0.178,0.147,0.364,0.829,0.03,0.03,0.083,0.002,0.51,0.001,0.552
13/03/2015 11:00,1.8,10.8,4.1,2.1,13,7.1,0.102,0.149,0.325,0.773,0.01,0.027,0.118,0.001,0.559,0.001,0.539
13/03/2015 12:00,0.2,14.6,3.4,2.1,17.3,7.5,0.06,0.073,0.276,0.598,0.004,0.021,0.158,0.032,0.59,0.001,0.523
13/03/2015 13:00,0.2,17.2,2.9,2.3,23.4,9.1,0.038,0.01,0.222,0.409,0.002,0.066,0.172,0.209,0.596,0,0.498
13/03/2015 14:00,0.5,17.7,2.8,3.8,25.5,10.2,0.03,0.144,0.17,0.267,0.001,0.134,0.159,0.339,0.578,0,0.473
13/03/2015 15:00,0.9,16.4,2.7,6.3,25.2,10.3,0.016,0.136,0.146,0.174,0.001,0.155,0.152,0.376,0.552,0,0.454
13/03/2015 16:00,1,14.4,2.1,9.1,24.4,10.1,0.002,0.135,0.14,0.129,0.001,0.152,0.102,0.379,0.525,0,0.457
13/03/2015 17:00,0.7,12.5,1.5,13,21.1,10.3,0,0.153,0.145,0.122,0.009,0.141,0.05,0.358,0.513,0,0.474
13/03/2015 18:00,0.5,11.3,1.3,17.1,18.9,11,0,0.176,0.157,0.179,0.064,0.134,0.024,0.308,0.513,0.002,0.491
13/03/2015 19:00,0.4,10.8,1.3,20,16.8,11.7,0.001,0.131,0.162,0.332,0.159,0.131,0.018,0.243,0.504,0.007,0.51
13/03/2015 20:00,0.5,9.9,1.2,21,15.5,12.4,0.006,0.095,0.156,0.55,0.249,0.125,0.028,0.18,0.509,0.015,0.534
13/03/2015 21:00,0.6,8.7,1.3,20.7,14.4,11.8,0.013,0.095,0.133,0.739,0.294,0.125,0.043,0.139,0.527,0.018,0.566
13/03/2015 22:00,0.7,7.5,1.3,19.6,13.2,11.2,0.017,0.188,0.108,0.822,0.311,0.131,0.06,0.127,0.539,0.019,0.59
13/03/2015 23:00,0.7,6.4,1.1,18.4,12,11.8,0.024,0.409,0.09,0.837,0.312,0.12,0.083,0.147,0.552,0.017,0.593
14/03/2015 00:00,0.7,5.6,1.2,17.5,11.1,12,0.029,0.498,0.077,0.829,0.31,0.135,0.119,0.222,0.582,0.014,0.58
14/03/2015 01:00,0.1,2.4,0.6,16.3,10,10,0.012,0.505,0.072,0.813,0.305,0.176,0.169,0.32,0.574,0.015,0.562
14/03/2015 02:00,0.5,0.9,3.8,11.1,11.8,8.3,0.002,0.429,0.073,0.8,0.295,0.174,0.226,0.263,0.533,0.02,0.568
14/03/2015 03:00,3.4,5.3,8.1,5.8,13.6,14.5,0,0.4,0.089,0.772,0.288,0.197,0.238,0.234,0.479,0.032,0.597
14/03/2015 04:00,7.2,9.1,8.4,7.5,11.1,14.5,0,0.358,0.116,0.746,0.264,0.216,0.316,0.159,0.42,0.039,0.62
14/03/2015 05:00,10.7,10.5,8.5,10.1,8.4,13.1,0.002,0.291,0.144,0.724,0.22,0.201,0.488,0.106,0.374,0.03,0.605
14/03/2015 06:00,12,11,8.6,11.6,6.1,12.2,0.014,0.264,0.16,0.708,0.153,0.161,0.664,0.056,0.347,0.023,0.558
14/03/2015 07:00,12.3,12,8.8,12.9,4.6,12.4,0.029,0.267,0.16,0.65,0.136,0.125,0.757,0.013,0.343,0.021,0.501
14/03/2015 08:00,12.2,13.5,9.1,14.3,3.8,13.4,0.038,0.248,0.166,0.46,0.192,0.097,0.806,0.001,0.355,0.018,0.451
14/03/2015 09:00,10.8,15.4,10.2,17.5,4.3,15.8,0.029,0.222,0.17,0.368,0.138,0.073,0.826,0.001,0.376,0.008,0.438
14/03/2015 10:00,7.1,17.2,8.8,18.9,6.1,18.5,0.011,0.251,0.152,0.481,0.08,0.061,0.849,0.002,0.407,0.001,0.456
14/03/2015 11:00,2.5,18.7,8,17.3,7.9,20.1,0,0.268,0.112,0.421,0.054,0.058,0.868,0.008,0.431,0,0.466
14/03/2015 12:00,0.7,22.3,8.2,15.3,9.9,21.5,0.008,0.14,0.067,0.317,0.05,0.062,0.844,0.043,0.441,0,0.464
14/03/2015 13:00,0.2,22.8,8,16.6,10.8,22.5,0.072,0.055,0.035,0.231,0.051,0.166,0.706,0.301,0.419,0,0.466
14/03/2015 14:00,0.4,19.4,8,16.5,10.8,21.7,0.155,0.376,0.018,0.174,0.054,0.22,0.477,0.789,0.393,0,0.476
14/03/2015 15:00,0.5,17,8.7,10.1,11,19.2,0.204,0.478,0.013,0.134,0.063,0.209,0.374,0.937,0.367,0.001,0.494
14/03/2015 16:00,0.6,15.5,8.6,5.7,9.5,15.6,0.232,0.443,0.018,0.12,0.084,0.177,0.426,0.932,0.348,0.012,0.523
14/03/2015 17:00,0.6,14.8,6.1,4.7,7.8,13.2,0.224,0.412,0.025,0.13,0.162,0.151,0.425,0.873,0.333,0.029,0.552
14/03/2015 18:00,0.6,13.4,4.8,4.1,6.7,11.8,0.163,0.386,0.029,0.195,0.302,0.132,0.381,0.773,0.302,0.046,0.571
14/03/2015 19:00,0.6,11.1,3.9,3.4,5.8,11,0.094,0.374,0.027,0.368,0.398,0.119,0.369,0.535,0.272,0.045,0.572
14/03/2015 20:00,0.6,8.5,3.1,3.1,4.6,10.3,0.047,0.344,0.021,0.579,0.422,0.113,0.325,0.286,0.254,0.027,0.563
14/03/2015 21:00,0.7,6.1,1.8,3.4,4.1,10,0.01,0.299,0.013,0.728,0.391,0.113,0.294,0.196,0.253,0.022,0.56
14/03/2015 22:00,0.8,5.4,0.9,4.8,3.9,9.8,0.003,0.421,0.006,0.791,0.346,0.111,0.25,0.183,0.247,0.026,0.558
14/03/2015 23:00,0.9,6.6,0.6,6.4,4.4,9.7,0.003,0.619,0.001,0.805,0.307,0.106,0.241,0.201,0.239,0.002,0.548
15/03/2015 00:00,1,6.9,0.8,6.4,5.4,9.3,0.002,0.652,0,0.804,0.281,0.133,0.237,0.199,0.233,0.001,0.532
15/03/2015 01:00,0.2,3.7,0.4,5.4,5.1,8.1,0,0.626,0,0.785,0.254,0.138,0.261,0.147,0.202,0.002,0.516
15/03/2015 02:00,0.2,4.8,1.6,3,8.2,6.8,0,0.605,0,0.746,0.224,0.133,0.278,0.077,0.154,0.001,0.507
15/03/2015 03:00,1.8,6.1,4.1,3.3,8.2,5.6,0.002,0.551,0,0.705,0.189,0.163,0.291,0.051,0.092,0.001,0.514
15/03/2015 04:00,4.4,6.1,5.8,4.4,6.4,4.2,0.009,0.474,0,0.654,0.161,0.139,0.374,0.018,0.042,0,0.528
15/03/2015 05:00,7.6,6.8,7.6,6.8,5.3,4.6,0.008,0.526,0.003,0.599,0.149,0.119,0.523,0.006,0.016,0,0.538
15/03/2015 06:00,10,8.1,9.4,9.5,4.6,6.4,0.026,0.587,0.013,0.556,0.138,0.091,0.559,0.001,0.008,0,0.538
15/03/2015 07:00,10.7,9.6,10.8,12.1,4.3,9.7,0.069,0.55,0.02,0.486,0.103,0.068,0.61,0,0.012,0,0.532
15/03/2015 08:00,10.3,10.9,11.6,14.5,4.2,13.7,0.131,0.51,0.041,0.272,0.112,0.053,0.671,0,0.028,0,0.519
15/03/2015 09:00,10.5,12.7,12.3,16.8,4.7,17.2,0.201,0.492,0.073,0.177,0.027,0.044,0.722,0,0.05,0,0.517
15/03/2015 10:00,8.5,13.5,10.8,19.2,5.4,20.2,0.254,0.484,0.101,0.316,0.002,0.044,0.736,0,0.076,0,0.533
15/03/2015 11:00,3.4,13.8,9.8,21.1,5.6,21.5,0.311,0.47,0.084,0.274,0,0.045,0.74,0,0.108,0,0.544
15/03/2015 12:00,1.1,18,9.8,22.4,5.7,22,0.446,0.365,0.055,0.157,0,0.062,0.734,0.001,0.154,0,0.55
15/03/2015 13:00,0.6,20,9.5,24.5,6,24.7,0.54,0.556,0.025,0.094,0,0.123,0.684,0.005,0.193,0,0.554
15/03/2015 14:00,0.6,19.3,9.5,24.4,6.3,25,0.583,0.707,0.009,0.072,0.003,0.112,0.539,0.019,0.211,0,0.55
15/03/2015 15:00,0.6,17.7,9.8,21.7,5.9,22.5,0.618,0.816,0.008,0.059,0.008,0.089,0.497,0.044,0.217,0.001,0.519
15/03/2015 16:00,0.7,15.5,9.2,17.7,5.8,19.3,0.655,0.878,0.032,0.049,0.009,0.077,0.389,0.068,0.22,0.017,0.477
15/03/2015 17:00,0.8,13.2,6.8,14,5.9,17.3,0.694,0.889,0.08,0.048,0.011,0.076,0.332,0.084,0.212,0.04,0.457
15/03/2015 18:00,1,10.6,5.4,11,6.1,15.5,0.734,0.865,0.137,0.093,0.025,0.082,0.254,0.096,0.202,0.055,0.453
15/03/2015 19:00,1.1,7.8,5.2,8.8,6,13.5,0.75,0.767,0.188,0.22,0.073,0.093,0.236,0.1,0.194,0.059,0.456
15/03/2015 20:00,1.4,5.5,5.2,7.9,5.4,11.5,0.692,0.608,0.211,0.41,0.164,0.111,0.262,0.078,0.187,0.055,0.464
15/03/2015 21:00,1.6,3.8,4.6,8.8,4.7,10,0.615,0.525,0.21,0.618,0.27,0.121,0.273,0.033,0.181,0.056,0.472
15/03/2015 22:00,1.6,2.8,3.3,10.6,3.8,8.8,0.448,0.543,0.201,0.746,0.348,0.127,0.251,0.002,0.177,0.077,0.482
15/03/2015 23:00,1.3,2.9,1.9,11.7,3.6,7.1,0.281,0.623,0.193,0.786,0.376,0.125,0.2,0.004,0.179,0.114,0.495
16/03/2015 00:00,0.9,4.8,1.1,12.3,4,5.7,0.099,0.556,0.202,0.777,0.371,0.132,0.151,0.057,0.172,0.133,0.51
16/03/2015 01:00,0.3,2.9,0.4,12.9,3.8,4.2,0.001,0.459,0.231,0.733,0.358,0.13,0.106,0.147,0.146,0.123,0.527
16/03/2015 02:00,1.6,3.3,1.8,7.3,5.1,2.6,0,0.376,0.278,0.685,0.295,0.137,0.074,0.148,0.124,0.113,0.549
16/03/2015 03:00,6.7,7.3,5.3,1.6,5.7,1.4,0.039,0.379,0.342,0.615,0.267,0.131,0.046,0.121,0.11,0.101,0.566
16/03/2015 04:00,14.1,9,8.2,0,5.3,0.4,0.071,0.345,0.404,0.535,0.245,0.112,0.045,0.041,0.099,0.071,0.574
16/03/2015 05:00,22,10.5,11.9,0,4.6,0.5,0.112,0.302,0.459,0.432,0.212,0.073,0.059,0,0.085,0.048,0.574
16/03/2015 06:00,27.8,11.9,16.3,0,3.9,0.9,0.168,0.296,0.497,0.338,0.145,0.047,0.075,0,0.071,0.067,0.575
16/03/2015 07:00,31.9,13.3,20.2,0.1,3.3,1.4,0.227,0.324,0.512,0.263,0.184,0.033,0.073,0,0.058,0.096,0.58
16/03/2015 08:00,33.7,14.8,22.7,0.3,2.9,2.3,0.274,0.311,0.52,0.102,0.209,0.029,0.064,0,0.058,0.111,0.59
16/03/2015 09:00,31.7,15.9,22.9,0.6,2.7,3.3,0.314,0.311,0.52,0.032,0.108,0.028,0.053,0,0.086,0.091,0.615
16/03/2015 10:00,22.7,16.5,21.3,0.9,2.6,4.3,0.312,0.308,0.502,0.158,0.037,0.031,0.047,0,0.155,0.061,0.647
16/03/2015 11:00,11.8,16.7,19.5,1.3,2.4,5.3,0.252,0.291,0.473,0.173,0.007,0.035,0.051,0,0.257,0.041,0.665
16/03/2015 12:00,7.9,18.9,18.7,1.9,2.9,8.2,0.272,0.226,0.437,0.088,0.001,0.035,0.072,0,0.355,0.035,0.68
16/03/2015 13:00,5.3,19.3,18,4.3,4.9,13.4,0.314,0.309,0.411,0.056,0,0.092,0.134,0.003,0.43,0.037,0.697
16/03/2015 14:00,2.6,17.7,17.3,7.8,6.4,15.5,0.361,0.376,0.395,0.042,0,0.142,0.2,0.006,0.491,0.048,0.708
16/03/2015 15:00,1.1,13.7,17.2,12.3,7.3,15.2,0.35,0.286,0.376,0.03,0,0.142,0.252,0.002,0.508,0.059,0.716
16/03/2015 16:00,0.7,9.8,15.7,17.2,7.1,14.3,0.294,0.176,0.352,0.023,0.001,0.138,0.21,0,0.521,0.051,0.725
16/03/2015 17:00,1,7.8,14.2,22,6,13.3,0.23,0.093,0.334,0.027,0.012,0.147,0.143,0,0.538,0.031,0.744
16/03/2015 18:00,1.3,6.7,13.6,26.6,5.5,12.5,0.167,0.047,0.321,0.066,0.072,0.179,0.08,0.001,0.558,0.015,0.782
16/03/2015 19:00,1.6,6.1,11.1,29.2,4.4,12.1,0.118,0.025,0.311,0.179,0.163,0.218,0.043,0.008,0.571,0.006,0.827
16/03/2015 20:00,2.1,5.9,8.8,29.4,3.8,12.2,0.089,0.017,0.305,0.386,0.261,0.256,0.022,0.039,0.591,0.003,0.861
16/03/2015 21:00,2.1,5.9,7.4,26.4,3.1,12.2,0.08,0.017,0.291,0.584,0.334,0.297,0.018,0.077,0.632,0.007,0.875
16/03/2015 22:00,1.7,5.6,5.9,22.9,2.6,12,0.07,0.017,0.275,0.69,0.355,0.32,0.02,0.094,0.661,0.017,0.873
16/03/2015 23:00,1.2,5.3,3.6,20.7,2.3,11.3,0.051,0.01,0.261,0.708,0.341,0.294,0.032,0.087,0.684,0.029,0.859
17/03/2015 00:00,0.9,4.9,2.3,19.3,2.8,11,0.03,0.024,0.251,0.664,0.312,0.233,0.087,0.067,0.692,0.035,0.839
17/03/2015 01:00,0.1,2.6,1.5,16.3,2.5,10,0.004,0.061,0.25,0.585,0.277,0.195,0.214,0.047,0.668,0.029,0.821
17/03/2015 02:00,1.7,4.5,6.2,7.5,2.4,6.1,0.001,0.112,0.258,0.506,0.241,0.156,0.348,0.018,0.643,0.022,0.808
17/03/2015 03:00,5.9,9.5,8.7,4.6,2.4,7.3,0.003,0.174,0.288,0.42,0.221,0.101,0.415,0,0.613,0.013,0.791
17/03/2015 04:00,12,11.4,9.5,4.6,2.3,4.8,0.004,0.237,0.334,0.307,0.214,0.08,0.395,0.003,0.578,0.002,0.78
17/03/2015 05:00,19.3,12.6,10.7,4,2.3,2.9,0.011,0.245,0.367,0.167,0.213,0.063,0.456,0.005,0.539,0,0.782
17/03/2015 06:00,24.6,14,12.8,3.9,2.1,2.8,0.027,0.221,0.387,0.052,0.183,0.057,0.347,0.005,0.516,0.001,0.799
17/03/2015 07:00,26.3,15.3,15.7,4.4,1.9,3.5,0.043,0.233,0.388,0.003,0.22,0.038,0.171,0.004,0.512,0.001,0.816
17/03/2015 08:00,25.5,16.1,17.6,4.9,1.6,4.3,0.05,0.226,0.379,0,0.27,0.03,0.072,0.002,0.499,0,0.831
17/03/2015 09:00,22.6,17.2,17.2,5.3,1.4,5.1,0.051,0.222,0.346,0,0.204,0.026,0.03,0.002,0.486,0,0.851
17/03/2015 10:00,15.4,18.2,15.7,6.1,1.6,6.2,0.043,0.227,0.29,0.002,0.12,0.015,0.013,0.004,0.516,0,0.871
17/03/2015 11:00,7.6,17.7,14.6,7.1,2.1,7.8,0.015,0.239,0.233,0.03,0.06,0.012,0.007,0.011,0.61,0,0.879
17/03/2015 12:00,4.4,20.5,14.3,8.9,3.9,11,0.002,0.167,0.188,0.043,0.024,0.01,0.004,0.035,0.66,0.001,0.879
17/03/2015 13:00,2.9,21.1,13.7,12.6,7.5,17.2,0.001,0.202,0.158,0.035,0.007,0.033,0.007,0.104,0.661,0.002,0.875
17/03/2015 14:00,2.3,18.7,12.6,14,10.1,21,0.001,0.372,0.141,0.031,0.001,0.091,0.02,0.178,0.669,0.007,0.877
17/03/2015 15:00,1.9,16.5,11.3,14.1,11.1,20.9,0.003,0.282,0.14,0.027,0,0.125,0.045,0.258,0.652,0.031,0.884
17/03/2015 16:00,1.5,14.3,9.2,14.5,10.3,19.1,0.011,0.116,0.148,0.026,0,0.143,0.052,0.319,0.603,0.089,0.893
17/03/2015 17:00,1.1,12,8,13.1,8.5,17.8,0.033,0.026,0.152,0.025,0,0.164,0.026,0.349,0.568,0.17,0.899
17/03/2015 18:00,0.7,9.7,7.4,10.6,6.8,17,0.063,0.004,0.146,0.028,0.001,0.188,0.054,0.319,0.556,0.249,0.903
17/03/2015 19:00,0.5,8.1,6.6,10,5.8,16.6,0.076,0.003,0.133,0.062,0.018,0.213,0.152,0.231,0.571,0.294,0.905
17/03/2015 20:00,0.4,7.5,5.7,9.3,5.4,15.7,0.076,0.003,0.121,0.159,0.059,0.238,0.325,0.144,0.586,0.286,0.906
17/03/2015 21:00,0.3,7.2,4.4,8.5,4.9,14.7,0.034,0.001,0.102,0.31,0.105,0.261,0.556,0.068,0.581,0.239,0.903
17/03/2015 22:00,0.2,8.1,3.5,7.1,4.5,14,0.01,0,0.087,0.464,0.136,0.275,0.661,0.013,0.577,0.196,0.898
17/03/2015 23:00,0.2,9,3,6.3,3.9,13.8,0.01,0,0.072,0.544,0.146,0.249,0.772,0,0.591,0.172,0.895
18/03/2015 00:00,0.1,8.4,2.3,6.9,3.4,13.5,0.011,0.001,0.062,0.552,0.151,0.185,0.751,0,0.598,0.155,0.89
18/03/2015 01:00,0,4.6,1.3,7.1,2.1,11.1,0.009,0.021,0.066,0.528,0.162,0.155,0.747,0.001,0.569,0.144,0.884
18/03/2015 02:00,1.1,5.6,5.1,3.9,1.1,4.9,0.004,0.081,0.08,0.51,0.17,0.122,0.746,0.011,0.51,0.128,0.877
18/03/2015 03:00,4.5,8.5,7.6,0.6,0.8,4.7,0.006,0.134,0.099,0.469,0.189,0.071,0.695,0.005,0.442,0.087,0.87
18/03/2015 04:00,9.7,9.7,8.3,0.3,0.4,4.4,0.01,0.159,0.111,0.403,0.218,0.037,0.652,0,0.392,0.041,0.865
18/03/2015 05:00,15.7,10.3,9,0.3,0.4,3.4,0.049,0.198,0.119,0.317,0.238,0.027,0.75,0,0.368,0.078,0.865
18/03/2015 06:00,21.3,11.4,9.5,0.4,0.4,3.2,0.053,0.231,0.125,0.205,0.214,0.024,0.75,0.001,0.376,0.164,0.87
18/03/2015 07:00,25.2,12.8,9.8,0.7,0.4,2.6,0.031,0.223,0.123,0.083,0.121,0.02,0.666,0.002,0.413,0.208,0.878
18/03/2015 08:00,27.1,14,9.9,1.2,0.3,2.1,0.025,0.19,0.121,0.002,0.165,0.024,0.517,0.007,0.452,0.205,0.887
18/03/2015 09:00,27.2,15.3,11.2,1.5,0.3,2,0.027,0.131,0.117,0,0.073,0.025,0.347,0.012,0.494,0.195,0.896
18/03/2015 10:00,22.5,16.5,11.5,1.1,0.5,2.4,0.04,0.096,0.101,0.006,0.01,0.023,0.191,0.013,0.541,0.188,0.9
18/03/2015 11:00,12.2,16.3,12.1,0.7,1.2,3.8,0.037,0.105,0.079,0.025,0,0.018,0.079,0.012,0.567,0.178,0.895
18/03/2015 12:00,9.4,18.1,13,0.8,3.8,7.5,0.03,0.055,0.059,0.031,0,0.014,0.028,0.018,0.568,0.167,0.885
18/03/2015 13:00,7,18.3,11.5,1.4,7.2,13.9,0.038,0.052,0.041,0.015,0.001,0.021,0.012,0.05,0.557,0.148,0.873
18/03/2015 14:00,2.7,17.2,9.2,2,8.5,17,0.055,0.106,0.024,0.005,0.007,0.03,0.012,0.133,0.552,0.117,0.86
18/03/2015 15:00,0.9,14.2,6.5,2.4,8.6,17.6,0.075,0.058,0.02,0.001,0.019,0.032,0.023,0.236,0.576,0.101,0.846
18/03/2015 16:00,0.5,12.4,5.1,2.5,7.6,16.7,0.075,0.03,0.028,0,0.038,0.039,0.053,0.297,0.635,0.105,0.839
18/03/2015 17:00,0.4,11.3,4.2,2.4,6.1,15.1,0.054,0.047,0.039,0,0.104,0.049,0.118,0.3,0.698,0.115,0.843
18/03/2015 18:00,0.4,10.4,3.8,2.8,4.5,13.5,0.032,0.084,0.047,0,0.243,0.063,0.228,0.286,0.732,0.138,0.854
18/03/2015 19:00,0.6,10.3,2.9,5,3.5,12.3,0.015,0.128,0.045,0.009,0.329,0.08,0.337,0.255,0.734,0.158,0.862
18/03/2015 20:00,0.7,9.8,2.4,8.4,2.8,12,0.012,0.17,0.042,0.122,0.338,0.105,0.4,0.234,0.729,0.159,0.861
18/03/2015 21:00,0.7,9.1,2,11.8,2.3,11.7,0.024,0.236,0.027,0.324,0.319,0.135,0.429,0.201,0.718,0.148,0.859
18/03/2015 22:00,0.8,9.5,1.4,14.7,2,11.6,0.048,0.364,0.012,0.476,0.323,0.15,0.438,0.149,0.709,0.135,0.856
18/03/2015 23:00,1.3,9.6,0.9,15.5,1.9,12.2,0.069,0.586,0.006,0.516,0.364,0.136,0.412,0.112,0.731,0.124,0.844
19/03/2015 00:00,1.6,9.6,0.6,15.1,1.9,13.1,0.058,0.685,0.005,0.459,0.41,0.105,0.425,0.093,0.758,0.116,0.819
19/03/2015 01:00,0.2,5.1,0.7,14.6,1.5,12.4,0.02,0.722,0.005,0.378,0.413,0.068,0.449,0.08,0.763,0.109,0.783
19/03/2015 02:00,0.1,4.3,4.2,8.5,1.1,7.6,0.014,0.652,0.008,0.344,0.374,0.045,0.455,0.032,0.75,0.102,0.746
19/03/2015 03:00,1.5,5.9,5.9,2.7,1.3,11,0.029,0.577,0.017,0.328,0.334,0.019,0.4,0.002,0.728,0.101,0.716
19/03/2015 04:00,4.5,4.4,6.7,0.7,1.6,11.4,0.045,0.643,0.036,0.276,0.308,0.008,0.317,0.008,0.71,0.072,0.708
19/03/2015 05:00,9,4,7.8,0.1,2.3,8.1,0.069,0.642,0.062,0.217,0.278,0.005,0.294,0.043,0.708,0.122,0.722
19/03/2015 06:00,13.5,4.6,9,0,2.6,4.9,0.107,0.613,0.07,0.164,0.218,0.005,0.122,0.057,0.718,0.213,0.746
19/03/2015 07:00,16.4,5.5,10.1,0,2.7,2.4,0.166,0.583,0.07,0.091,0.283,0.005,0.029,0.074,0.731,0.231,0.768
19/03/2015 08:00,16.1,6.3,11.2,0,2.6,1.2,0.218,0.513,0.069,0.021,0.278,0.008,0.006,0.086,0.746,0.201,0.78
19/03/2015 09:00,12.6,6.6,11.8,0,2.7,0.8,0.241,0.467,0.07,0.012,0.182,0.014,0.005,0.073,0.764,0.167,0.788
19/03/2015 10:00,7.6,6.6,10.7,0,3.1,0.9,0.225,0.453,0.072,0.025,0.091,0.015,0.006,0.045,0.773,0.133,0.788
19/03/2015 11:00,3,7.1,10.5,0,3.9,1.6,0.172,0.412,0.053,0.1,0.037,0.012,0.008,0.023,0.786,0.119,0.788
19/03/2015 12:00,0.7,10.3,10.3,0.1,6.8,4.2,0.165,0.337,0.026,0.103,0.009,0.004,0.011,0.013,0.811,0.118,0.796
19/03/2015 13:00,0.1,12.4,9,0.4,10.3,10,0.19,0.531,0.011,0.073,0.001,0,0.017,0.018,0.847,0.117,0.811
19/03/2015 14:00,0.2,13.1,7.1,1.8,11.1,13.5,0.25,0.676,0.006,0.046,0,0,0.04,0.041,0.867,0.112,0.818
19/03/2015 15:00,0.4,13.5,4.9,6.5,10.7,14.5,0.285,0.558,0.006,0.025,0,0.001,0.076,0.076,0.87,0.12,0.802
19/03/2015 16:00,0.8,12.5,3.8,13.7,9.9,14.2,0.274,0.369,0.009,0.013,0,0.005,0.058,0.108,0.875,0.158,0.767
19/03/2015 17:00,1.1,10.8,2.9,20.1,8.6,13.7,0.234,0.283,0.017,0.007,0.001,0.017,0.019,0.116,0.882,0.199,0.732
19/03/2015 18:00,1.3,9.4,2.3,23.8,7,13.7,0.19,0.199,0.03,0.004,0.025,0.041,0.016,0.085,0.891,0.202,0.714
19/03/2015 19:00,1.3,8.6,2,24.7,6.6,14.7,0.142,0.136,0.042,0.016,0.098,0.07,0.065,0.032,0.905,0.202,0.709
19/03/2015 20:00,1.1,8.4,2,23.4,6.6,16.5,0.099,0.137,0.055,0.111,0.181,0.093,0.135,0.001,0.914,0.237,0.702
19/03/2015 21:00,1.1,8.1,1.7,19.3,7.2,18.3,0.065,0.147,0.05,0.281,0.238,0.118,0.204,0.003,0.914,0.295,0.697
19/03/2015 22:00,1.2,7.3,1.7,14.4,8,18.8,0.048,0.178,0.033,0.416,0.27,0.156,0.272,0.054,0.915,0.264,0.687
19/03/2015 23:00,1.1,6.3,2,10.6,8.3,18.5,0.049,0.275,0.022,0.437,0.283,0.165,0.313,0.181,0.924,0.145,0.663
20/03/2015 00:00,1,4.9,2.7,8.3,8.2,17.8,0.05,0.343,0.015,0.401,0.291,0.144,0.336,0.338,0.934,0.067,0.633
20/03/2015 01:00,0.2,1.8,1.2,6.4,6.3,15.5,0.02,0.374,0.009,0.351,0.292,0.105,0.348,0.451,0.935,0.052,0.597
20/03/2015 02:00,0.1,0.6,0.1,2.9,4.2,8.2,0.014,0.399,0.005,0.283,0.29,0.076,0.358,0.395,0.932,0.053,0.566
20/03/2015 03:00,0.7,0.9,0,0.9,6.6,7.8,0.017,0.453,0.005,0.234,0.271,0.037,0.297,0.348,0.927,0.054,0.562
20/03/2015 04:00,2.1,0.8,0.3,1.4,6.8,7.4,0.021,0.499,0.012,0.187,0.215,0.012,0.108,0.251,0.918,0.055,0.586
20/03/2015 05:00,3.9,0.8,1.1,0.5,6.1,4.3,0.032,0.481,0.037,0.134,0.179,0.003,0.032,0.14,0.901,0.151,0.623
20/03/2015 06:00,5.3,0.8,1.8,0.1,5.4,2.2,0.049,0.413,0.059,0.08,0.164,0.002,0.014,0.057,0.877,0.181,0.656
20/03/2015 07:00,6,0.9,1.8,0.1,4.9,0.9,0.064,0.407,0.074,0.035,0.192,0.003,0.008,0.017,0.864,0.163,0.669
20/03/2015 08:00,5.8,1.2,1.8,0.2,4.6,0.3,0.081,0.402,0.091,0.006,0.348,0.005,0.002,0.004,0.862,0.131,0.669
20/03/2015 09:00,4.8,1.6,2.1,0.7,5.2,0.3,0.101,0.369,0.08,0,0.334,0.002,0,0.002,0.861,0.089,0.674
20/03/2015 10:00,3.8,2.1,2.6,1.4,6.6,0.8,0.121,0.305,0.054,0,0.251,0,0,0.002,0.854,0.05,0.679
20/03/2015 11:00,1.5,3.1,3,1.9,8.3,1.8,0.099,0.273,0.05,0.008,0.189,0,0,0.004,0.835,0.027,0.68
20/03/2015 12:00,0.2,4.8,2.6,3.3,12.5,3.9,0.102,0.185,0.058,0.048,0.162,0,0.001,0.021,0.816,0.025,0.682
20/03/2015 13:00,0.1,5,1.8,9.3,18.5,8.6,0.178,0.181,0.05,0.053,0.155,0,0.008,0.082,0.801,0.045,0.685
20/03/2015 14:00,0.2,4.4,1,16.8,20.9,11.2,0.297,0.19,0.03,0.037,0.164,0.005,0.031,0.131,0.791,0.081,0.686
20/03/2015 15:00,0.3,3.8,0.6,22,21,11.6,0.449,0.225,0.018,0.016,0.201,0.021,0.066,0.132,0.796,0.12,0.679
20/03/2015 16:00,0.3,3.5,0.5,24.7,19.6,11.3,0.547,0.226,0.022,0.004,0.216,0.045,0.058,0.106,0.81,0.175,0.673
20/03/2015 17:00,0.3,3.8,0.8,25.4,17.7,10.9,0.55,0.22,0.031,0.001,0.226,0.075,0.045,0.087,0.82,0.251,0.666
20/03/2015 18:00,0.3,4.2,1.3,24.9,15,10.7,0.499,0.218,0.032,0,0.269,0.105,0.046,0.077,0.824,0.336,0.657
20/03/2015 19:00,0.2,4.8,1.6,24.3,13.1,10.9,0.422,0.192,0.024,0,0.297,0.137,0.041,0.077,0.829,0.34,0.645
20/03/2015 20:00,0.2,5.3,1.5,23.4,12,11.3,0.343,0.133,0.022,0.039,0.313,0.167,0.035,0.094,0.835,0.291,0.637
20/03/2015 21:00,0.2,6.1,1.5,20.9,11.3,11.6,0.201,0.096,0.024,0.193,0.322,0.189,0.028,0.142,0.839,0.252,0.633
20/03/2015 22:00,0.3,6.6,1.7,16.8,10.9,11.8,0.085,0.132,0.015,0.41,0.313,0.195,0.018,0.231,0.839,0.189,0.638
20/03/2015 23:00,0.4,6.3,2,12.8,10.7,12.1,0.046,0.192,0.005,0.556,0.299,0.169,0.014,0.301,0.849,0.142,0.638
21/03/2015 00:00,0.5,5.6,2.6,9,10.6,12.3,0.042,0.197,0.002,0.546,0.28,0.118,0.021,0.311,0.86,0.115,0.63
21/03/2015 01:00,0.1,2.3,1,5.9,8.3,11.8,0.022,0.186,0.001,0.466,0.261,0.085,0.042,0.323,0.864,0.099,0.63
21/03/2015 02:00,0.1,0.6,0.4,2,6.4,5.9,0.022,0.155,0.001,0.37,0.249,0.054,0.113,0.206,0.862,0.074,0.635
21/03/2015 03:00,0.7,1.4,0.3,0.6,9.2,6,0.035,0.104,0.004,0.298,0.259,0.036,0.158,0.049,0.868,0.051,0.644
21/03/2015 04:00,1.9,1.1,0.7,1.1,8.3,4.9,0.048,0.068,0.012,0.245,0.277,0.025,0.149,0,0.879,0.034,0.655
21/03/2015 05:00,3.9,1.4,1.4,2.3,7.2,2.4,0.084,0.055,0.032,0.205,0.289,0.019,0.281,0,0.89,0.041,0.676
21/03/2015 06:00,6.2,1.9,2,2.8,6.6,1,0.113,0.067,0.056,0.169,0.26,0.017,0.245,0,0.898,0.039,0.699
21/03/2015 07:00,7.5,2.6,2.6,2.8,6.2,0.4,0.117,0.086,0.099,0.095,0.264,0.021,0.155,0,0.903,0.029,0.718
21/03/2015 08:00,8,3.4,3,2.6,6.1,0.3,0.112,0.101,0.141,0.033,0.468,0.028,0.093,0,0.901,0.026,0.727
21/03/2015 09:00,8.2,4.6,3.5,2.2,7,0.5,0.103,0.112,0.164,0.005,0.365,0.025,0.058,0,0.905,0.031,0.728
21/03/2015 10:00,5.8,5.9,3.4,2.1,8.7,1.1,0.076,0.164,0.164,0.001,0.193,0.02,0.035,0,0.91,0.041,0.732
21/03/2015 11:00,2,7.6,3.3,2.4,10.3,2.1,0.075,0.179,0.154,0,0.099,0.017,0.02,0,0.916,0.048,0.732
21/03/2015 12:00,0.5,10.5,3.5,4.5,12.5,3.9,0.168,0.08,0.135,0,0.049,0.01,0.015,0,0.921,0.056,0.724
21/03/2015 13:00,0.2,11.6,3.3,11.7,15.5,8.5,0.317,0.037,0.112,0,0.02,0.008,0.017,0,0.93,0.066,0.71
21/03/2015 14:00,0.3,12.3,2.8,19.7,17.1,11,0.46,0.084,0.094,0,0.007,0.021,0.019,0,0.938,0.087,0.693
21/03/2015 15:00,0.4,11.9,2.2,25,17.1,10.6,0.513,0.14,0.089,0,0.002,0.049,0.021,0.001,0.939,0.137,0.692
21/03/2015 16:00,0.3,10.4,1.8,26.7,15.1,9.6,0.464,0.169,0.094,0,0.001,0.09,0.02,0.002,0.93,0.22,0.704
21/03/2015 17:00,0.3,9.1,1.6,26.1,13,9,0.369,0.2,0.1,0.011,0,0.133,0.018,0.001,0.913,0.3,0.719
21/03/2015 18:00,0.2,8,1.3,24.4,11.1,8.6,0.259,0.254,0.107,0.136,0,0.182,0.015,0,0.894,0.334,0.734
21/03/2015 19:00,0.2,7.1,1.1,22.5,9.7,8.7,0.169,0.327,0.122,0.504,0.034,0.237,0.016,0,0.878,0.31,0.748
21/03/2015 20:00,0.2,6.8,1,20.9,9.1,9.1,0.099,0.367,0.14,0.672,0.202,0.286,0.025,0,0.866,0.249,0.762
21/03/2015 21:00,0.2,6.8,0.8,19,9,10.2,0.05,0.334,0.134,0.642,0.379,0.333,0.042,0.006,0.852,0.206,0.772
21/03/2015 22:00,0.2,6.5,0.6,16.8,9.4,11.1,0.025,0.387,0.11,0.566,0.459,0.343,0.056,0.048,0.84,0.178,0.773
21/03/2015 23:00,0.2,6,0.8,14.8,9.8,11.3,0.014,0.503,0.085,0.498,0.473,0.263,0.076,0.154,0.837,0.155,0.77
22/03/2015 00:00,0.2,5.3,1,13.5,9.6,10.8,0.01,0.538,0.064,0.386,0.407,0.163,0.051,0.28,0.826,0.137,0.765
22/03/2015 01:00,0,2.1,0.4,11.5,7.1,9.6,0.014,0.406,0.052,0.286,0.361,0.117,0.011,0.374,0.804,0.132,0.768
22/03/2015 02:00,0.2,0.6,0.3,4.6,3.9,4.8,0.038,0.284,0.037,0.248,0.353,0.08,0.006,0.247,0.785,0.117,0.781
22/03/2015 03:00,0.8,1.9,0.3,1.2,5.3,3,0.09,0.286,0.045,0.233,0.352,0.068,0.008,0.093,0.768,0.1,0.792
22/03/2015 04:00,2,3.4,0.7,2.7,5.3,4.1,0.128,0.332,0.063,0.192,0.34,0.058,0.005,0.047,0.759,0.091,0.8
22/03/2015 05:00,3.3,3.4,1.5,2.6,4.7,3.3,0.143,0.395,0.068,0.145,0.312,0.047,0.004,0.036,0.756,0.126,0.806
22/03/2015 06:00,3.8,3.6,2.2,1.4,4,2.3,0.14,0.382,0.06,0.126,0.292,0.044,0.004,0.035,0.748,0.122,0.809
22/03/2015 07:00,3.7,4.1,2.6,1,3.2,1.6,0.138,0.384,0.046,0.126,0.475,0.045,0.003,0.031,0.729,0.124,0.809
22/03/2015 08:00,4,4.5,2.8,1,2.6,1.4,0.141,0.388,0.035,0.161,0.537,0.053,0.002,0.026,0.704,0.128,0.804
22/03/2015 09:00,4.2,5.2,2.9,1.4,2.9,1.4,0.124,0.38,0.02,0.128,0.42,0.06,0.003,0.017,0.711,0.127,0.8
22/03/2015 10:00,3,6.1,2.7,2,3.8,2.1,0.077,0.362,0.007,0.097,0.286,0.067,0.01,0.008,0.732,0.122,0.795
22/03/2015 11:00,0.9,7.2,1.8,2.1,4.9,3.7,0.04,0.328,0.004,0.068,0.192,0.076,0.022,0.005,0.747,0.12,0.785
22/03/2015 12:00,0.2,9,1.6,2.1,6.7,6.8,0.124,0.155,0.004,0.046,0.118,0.092,0.034,0.011,0.764,0.123,0.772
22/03/2015 13:00,0.1,9.5,1.1,1.8,8,11.5,0.341,0.231,0.005,0.042,0.067,0.118,0.048,0.022,0.781,0.133,0.761
22/03/2015 14:00,0.2,9.6,1.2,1.5,8.5,13.2,0.525,0.187,0.022,0.049,0.031,0.176,0.079,0.035,0.788,0.149,0.75
22/03/2015 15:00,0.4,9.5,1.4,1.6,8.6,13.3,0.58,0.187,0.054,0.059,0.015,0.223,0.105,0.049,0.775,0.212,0.74
22/03/2015 16:00,0.4,9,1.4,1.9,7.4,12.8,0.543,0.27,0.073,0.075,0.014,0.249,0.093,0.053,0.753,0.305,0.729
22/03/2015 17:00,0.4,8.3,1.3,2,5.6,12,0.462,0.367,0.093,0.095,0.035,0.274,0.07,0.035,0.734,0.35,0.724
22/03/2015 18:00,0.3,7.6,1.2,2,4.6,11.2,0.457,0.451,0.121,0.158,0.118,0.294,0.046,0.01,0.715,0.358,0.727
22/03/2015 19:00,0.3,7.2,1.1,1.8,3.9,10.6,0.449,0.549,0.155,0.341,0.218,0.308,0.029,0,0.69,0.334,0.738
22/03/2015 20:00,0.3,7.4,1,1.6,3.6,10.5,0.401,0.619,0.181,0.485,0.276,0.317,0.024,0,0.668,0.292,0.748
22/03/2015 21:00,0.3,7.1,1,1.4,3.4,10.2,0.309,0.635,0.178,0.526,0.29,0.328,0.027,0,0.652,0.248,0.742
22/03/2015 22:00,0.2,5.8,1.2,1.6,3.4,9.7,0.246,0.688,0.152,0.501,0.299,0.311,0.038,0,0.65,0.201,0.723
22/03/2015 23:00,0.3,4.5,1.6,2,3.5,8.9,0.196,0.787,0.131,0.433,0.311,0.231,0.057,0.002,0.669,0.159,0.698
23/03/2015 00:00,0.6,3.8,2.1,2.6,3.4,7.6,0.126,0.77,0.131,0.341,0.315,0.137,0.079,0.004,0.683,0.136,0.682
23/03/2015 01:00,0.3,1.6,0.8,3.3,2.7,5.8,0.046,0.72,0.151,0.268,0.31,0.102,0.106,0.005,0.672,0.125,0.679
23/03/2015 02:00,0.2,0.4,0.1,2.1,1.6,2.1,0.019,0.679,0.174,0.216,0.295,0.073,0.133,0.003,0.636,0.114,0.697
23/03/2015 03:00,0.6,0.4,0.3,0.9,1.3,1.4,0.045,0.621,0.212,0.178,0.289,0.057,0.116,0,0.583,0.092,0.727
23/03/2015 04:00,1.6,0.7,0.9,1.4,0.8,1.4,0.076,0.565,0.245,0.149,0.282,0.059,0.04,0.001,0.532,0.071,0.75
23/03/2015 05:00,2.8,0.8,1.6,3.1,0.8,0.9,0.108,0.501,0.257,0.134,0.259,0.065,0.016,0.025,0.501,0.155,0.766
23/03/2015 06:00,3.9,1.2,2.4,5.5,1.1,0.7,0.179,0.422,0.342,0.126,0.209,0.061,0.008,0.045,0.481,0.154,0.779
23/03/2015 07:00,4.2,1.5,3.3,8.3,1.4,0.8,0.262,0.362,0.433,0.139,0.272,0.058,0.005,0.054,0.469,0.121,0.786
23/03/2015 08:00,3.7,1.8,4,10.5,1.6,1.4,0.32,0.315,0.449,0.178,0.499,0.054,0.004,0.062,0.448,0.082,0.789
23/03/2015 09:00,2.6,2.2,4.4,10.3,1.9,2.6,0.3,0.241,0.424,0.142,0.504,0.042,0.003,0.048,0.435,0.063,0.801
23/03/2015 10:00,1.1,3.2,4.2,8.4,2.3,4.7,0.227,0.157,0.388,0.101,0.406,0.027,0.003,0.034,0.479,0.063,0.821
23/03/2015 11:00,0.3,6.6,3.1,6.1,2.9,7.3,0.15,0.121,0.314,0.068,0.302,0.017,0.005,0.027,0.556,0.069,0.84
23/03/2015 12:00,0.2,11.5,2,3.9,4.2,11.3,0.148,0.047,0.334,0.05,0.223,0.008,0.008,0.027,0.611,0.084,0.856
23/03/2015 13:00,0.2,12.8,1.5,1.8,5.6,15.7,0.167,0.011,0.466,0.051,0.161,0.007,0.016,0.045,0.656,0.108,0.862
23/03/2015 14:00,0.3,12,1,0.8,5.8,18.2,0.183,0.053,0.502,0.064,0.128,0.009,0.026,0.096,0.7,0.136,0.863
23/03/2015 15:00,0.2,9.9,0.5,1,5.7,18.7,0.24,0.025,0.47,0.079,0.133,0.016,0.03,0.185,0.724,0.203,0.858
23/03/2015 16:00,0.1,7.7,0.4,1.3,5.4,18.7,0.3,0.008,0.407,0.095,0.163,0.028,0.02,0.282,0.728,0.323,0.849
23/03/2015 17:00,0.2,6.4,0.6,1.5,4.9,18,0.3,0.001,0.332,0.111,0.285,0.045,0.013,0.336,0.713,0.343,0.843
23/03/2015 18:00,0.7,5.6,2.2,1.9,3.9,16.7,0.255,0,0.272,0.148,0.509,0.063,0.012,0.349,0.678,0.245,0.839
23/03/2015 19:00,1,5,5.9,2.7,3.1,15.8,0.192,0.001,0.242,0.27,0.633,0.084,0.01,0.326,0.628,0.205,0.838
23/03/2015 20:00,0.9,4.6,9.6,3.5,2.7,15.7,0.129,0.001,0.23,0.39,0.644,0.104,0.004,0.249,0.578,0.184,0.836
23/03/2015 21:00,0.7,4.1,10,4.1,2.5,16.1,0.05,0,0.234,0.435,0.615,0.139,0.001,0.126,0.541,0.149,0.839
23/03/2015 22:00,0.6,3.4,8.3,5.1,2.3,16.5,0.005,0,0.259,0.414,0.59,0.185,0.003,0.028,0.503,0.119,0.837
23/03/2015 23:00,0.7,2.9,6.9,5.9,1.9,16.6,0,0,0.3,0.364,0.568,0.226,0.003,0,0.459,0.099,0.826
24/03/2015 00:00,0.7,3.1,6.8,5.9,1.6,16.5,0.002,0,0.37,0.311,0.544,0.202,0.001,0,0.404,0.088,0.809
24/03/2015 01:00,0.2,1.9,5.3,5.4,1.1,15.2,0.003,0.001,0.45,0.279,0.506,0.155,0,0.004,0.328,0.074,0.792
24/03/2015 02:00,0.2,0.9,4.4,3,0.4,9.3,0.005,0.019,0.529,0.261,0.429,0.123,0,0.01,0.234,0.051,0.779
24/03/2015 03:00,0.6,0.8,3,0.9,0.6,9.1,0.002,0.077,0.547,0.247,0.422,0.079,0,0,0.159,0.023,0.77
24/03/2015 04:00,1.1,0.6,1.8,0.7,1.5,9.9,0,0.155,0.513,0.231,0.42,0.05,0,0,0.112,0.021,0.765
24/03/2015 05:00,1.1,0.5,1.5,0.8,2.3,6.2,0,0.225,0.472,0.209,0.407,0.027,0,0.002,0.084,0.093,0.77
24/03/2015 06:00,0.7,0.3,1.9,1.2,2.9,3.4,0.002,0.245,0.466,0.209,0.358,0.009,0,0.002,0.071,0.093,0.785
24/03/2015 07:00,0.5,0.2,2.6,2.3,3.4,2.8,0.01,0.246,0.454,0.243,0.61,0.002,0.001,0.004,0.073,0.075,0.8
24/03/2015 08:00,0.4,0.1,3.4,3.4,3.8,3.3,0.022,0.243,0.41,0.238,0.665,0.001,0.004,0.008,0.082,0.069,0.811
24/03/2015 09:00,0.2,0.7,4.3,4,4.7,4.8,0.031,0.181,0.374,0.151,0.523,0,0.011,0.007,0.078,0.062,0.819
24/03/2015 10:00,0.1,2.1,4.5,4.4,6.2,6.6,0.026,0.105,0.412,0.054,0.369,0,0.022,0.004,0.073,0.049,0.824
24/03/2015 11:00,0.1,5.7,4.1,4.6,8,8.4,0.005,0.05,0.442,0.003,0.264,0,0.032,0.002,0.072,0.039,0.824
24/03/2015 12:00,0.1,10,3.7,5.2,10.3,11.3,0,0.01,0.391,0.001,0.18,0,0.043,0,0.08,0.037,0.821
24/03/2015 13:00,0.2,11.3,3.3,4.8,13.4,16.6,0.001,0,0.337,0.017,0.103,0.001,0.059,0,0.09,0.043,0.813
24/03/2015 14:00,0.5,10.3,2.9,3.6,14.5,19.3,0.023,0.088,0.407,0.069,0.036,0.006,0.086,0,0.094,0.058,0.8
24/03/2015 15:00,0.6,8.8,2.8,3.1,13.8,19.2,0.073,0.119,0.491,0.119,0.003,0.011,0.127,0.003,0.093,0.095,0.779
24/03/2015 16:00,0.6,7.2,3.4,4.2,12.6,18.5,0.121,0.124,0.529,0.157,0,0.02,0.136,0.015,0.093,0.167,0.754
24/03/2015 17:00,0.6,5.7,3.9,6.9,10.5,17,0.152,0.132,0.583,0.187,0.005,0.035,0.122,0.026,0.091,0.25,0.729
24/03/2015 18:00,0.7,4.6,4.3,10,8.5,14.8,0.147,0.136,0.632,0.234,0.155,0.054,0.11,0.026,0.09,0.311,0.704
24/03/2015 19:00,0.6,3.9,4,12.5,7.3,12.8,0.14,0.145,0.657,0.412,0.384,0.072,0.115,0.01,0.085,0.317,0.682
24/03/2015 20:00,0.6,3.3,4.4,13.9,6.9,11.6,0.144,0.165,0.661,0.513,0.484,0.095,0.103,0,0.074,0.259,0.661
24/03/2015 21:00,0.7,3,5.9,12.3,7,11.5,0.154,0.183,0.638,0.539,0.491,0.118,0.1,0,0.063,0.194,0.67
24/03/2015 22:00,0.5,2.9,7.1,9.5,7.1,12,0.181,0.222,0.629,0.547,0.494,0.132,0.078,0,0.053,0.162,0.705
24/03/2015 23:00,0.5,3.1,7.7,6.7,7.3,13.2,0.231,0.328,0.633,0.473,0.489,0.139,0.018,0,0.047,0.14,0.744
25/03/2015 00:00,0.5,3.1,7.3,4.8,7.6,14.2,0.253,0.422,0.633,0.437,0.488,0.126,0.001,0.001,0.041,0.124,0.779
25/03/2015 01:00,0.2,2.2,4.9,3.4,6.4,12.6,0.111,0.525,0.62,0.429,0.513,0.095,0,0.01,0.025,0.085,0.816
25/03/2015 02:00,0.2,2.4,4.8,1.6,5.1,7,0.052,0.627,0.586,0.398,0.569,0.06,0,0.017,0.011,0.038,0.848
25/03/2015 03:00,0.6,2.1,4.6,0.9,6.8,7.9,0.02,0.63,0.554,0.334,0.63,0.037,0,0.009,0.004,0.017,0.861
25/03/2015 04:00,0.7,1.9,3.4,0.9,7.6,8.1,0.02,0.591,0.583,0.259,0.545,0.021,0,0.003,0.001,0.019,0.865
25/03/2015 05:00,0.9,1.9,2.5,1.1,8.2,6.5,0.024,0.563,0.658,0.204,0.429,0.017,0,0,0.001,0.067,0.873
25/03/2015 06:00,1.1,2.1,1.8,1.3,8.3,5.3,0.025,0.53,0.718,0.167,0.346,0.015,0,0,0,0.062,0.884
25/03/2015 07:00,1.5,2.1,1.3,0.4,8,4.4,0.026,0.5,0.75,0.157,0.602,0.015,0.001,0,0.001,0.046,0.877
25/03/2015 08:00,1.9,2.4,1.1,0.1,7.6,4.2,0.028,0.447,0.774,0.139,0.728,0.013,0.001,0.001,0.002,0.031,0.841
25/03/2015 09:00,2.1,2.9,1.1,0,7.3,3.9,0.025,0.47,0.762,0.099,0.687,0.007,0.012,0.001,0.011,0.02,0.786
25/03/2015 10:00,2,4.1,0.9,0,8,4,0.018,0.426,0.715,0.065,0.568,0.006,0.045,0.001,0.041,0.013,0.72
25/03/2015 11:00,0.8,6.3,1.7,0.3,9.8,5.3,0.012,0.297,0.66,0.042,0.421,0.006,0.091,0,0.109,0.009,0.652
25/03/2015 12:00,0.2,8.6,4.1,2.3,12.5,9,0.019,0.169,0.594,0.023,0.273,0.006,0.138,0,0.196,0.01,0.621
25/03/2015 13:00,0.1,10.2,5.6,9,15.5,15.2,0.042,0.071,0.541,0.035,0.167,0.004,0.176,0,0.233,0.016,0.644
25/03/2015 14:00,0.2,10.5,4.5,16.5,15.8,16.5,0.062,0.059,0.519,0.079,0.112,0.006,0.207,0.012,0.245,0.032,0.698
25/03/2015 15:00,0.2,9.3,3.5,21.7,14.7,14.6,0.085,0.164,0.58,0.132,0.097,0.011,0.264,0.047,0.243,0.07,0.737
25/03/2015 16:00,0.2,7.7,2.8,25.1,12.1,11.8,0.118,0.27,0.686,0.179,0.101,0.017,0.264,0.063,0.223,0.151,0.744
25/03/2015 17:00,0,6.3,2.4,27.7,10.1,10.1,0.13,0.364,0.762,0.222,0.132,0.027,0.183,0.024,0.21,0.235,0.732
25/03/2015 18:00,0,4.9,2.6,29.3,9.1,9.2,0.126,0.371,0.8,0.284,0.202,0.042,0.095,0.083,0.19,0.278,0.713
25/03/2015 19:00,0,3.8,3.1,29.6,8.5,8.5,0.112,0.349,0.823,0.467,0.241,0.063,0.047,0.168,0.157,0.286,0.708
25/03/2015 20:00,0,3,3.7,29.1,8.7,7.9,0.072,0.307,0.829,0.563,0.24,0.094,0.025,0.281,0.118,0.262,0.724
25/03/2015 21:00,0.2,3.1,3.9,26.2,8.7,7.6,0.049,0.168,0.795,0.583,0.212,0.124,0.014,0.489,0.083,0.169,0.746
25/03/2015 22:00,0.5,3.4,3.8,21.7,8.7,7.4,0.055,0.162,0.738,0.583,0.196,0.147,0.009,0.634,0.072,0.124,0.758
25/03/2015 23:00,0.6,4.2,3.1,18,8.8,7.1,0.084,0.2,0.682,0.531,0.186,0.138,0.009,0.678,0.083,0.115,0.753
26/03/2015 00:00,0.5,4.8,2,15.4,8.4,7.2,0.109,0.18,0.621,0.454,0.155,0.106,0.01,0.633,0.103,0.098,0.737
26/03/2015 01:00,0.2,3.3,0.5,12.1,6.3,7.2,0.054,0.143,0.571,0.398,0.132,0.076,0.01,0.501,0.117,0.084,0.721
26/03/2015 02:00,0.1,3.2,0.6,5.8,6.6,4.2,0.055,0.076,0.535,0.379,0.106,0.055,0.012,0.278,0.125,0.065,0.715
26/03/2015 03:00,0.3,3.2,0.6,3.1,8,3.1,0.082,0.026,0.54,0.367,0.082,0.041,0.021,0.21,0.124,0.049,0.72
26/03/2015 04:00,0.7,2.9,0.6,3.1,9.3,3.4,0.059,0.003,0.552,0.341,0.068,0.019,0.046,0.078,0.109,0.043,0.728
26/03/2015 05:00,1.4,2.8,0.9,2.7,11.3,2.4,0.038,0.018,0.563,0.299,0.058,0.008,0.095,0.006,0.086,0.084,0.744
26/03/2015 06:00,2.7,2.9,1.6,1.3,13,1.6,0.032,0.123,0.615,0.243,0.04,0.004,0.12,0.073,0.063,0.13,0.771
26/03/2015 07:00,4.6,3.1,2.4,0.6,13.5,1.3,0.036,0.325,0.699,0.259,0.049,0.001,0.111,0.328,0.046,0.136,0.8
26/03/2015 08:00,6,3.7,2.9,0.4,13.4,1.2,0.038,0.377,0.777,0.32,0.027,0.001,0.071,0.594,0.036,0.096,0.823
26/03/2015 09:00,5.6,4.5,2.9,0.3,13.8,1.5,0.033,0.346,0.803,0.247,0.005,0.003,0.029,0.667,0.032,0.055,0.84
26/03/2015 10:00,3.7,5.7,2.1,0.3,14.7,2.3,0.025,0.329,0.814,0.146,0.001,0.004,0.008,0.636,0.031,0.03,0.849
26/03/2015 11:00,1.5,8,1.5,0.8,15.6,3.4,0.016,0.356,0.817,0.07,0.001,0.004,0.001,0.61,0.038,0.021,0.853
26/03/2015 12:00,1,10.6,1.5,3.3,16.7,5.9,0.033,0.418,0.794,0.025,0.007,0.003,0.001,0.561,0.057,0.021,0.855
26/03/2015 13:00,0.8,12,1.4,10.9,20.5,11.1,0.112,0.604,0.768,0.01,0.028,0.012,0,0.59,0.084,0.03,0.849
26/03/2015 14:00,0.6,12,1,18.8,22,14,0.245,0.645,0.733,0.016,0.071,0.047,0.001,0.623,0.117,0.053,0.839
26/03/2015 15:00,0.5,10.6,1.4,24.4,21.4,12.8,0.347,0.635,0.737,0.032,0.133,0.093,0.004,0.669,0.131,0.101,0.82
26/03/2015 16:00,0.6,9.1,2,27.2,19.2,10.3,0.447,0.57,0.777,0.054,0.231,0.14,0.012,0.718,0.13,0.209,0.791
26/03/2015 17:00,0.8,8.5,2.7,28.2,17.3,9,0.497,0.476,0.808,0.08,0.358,0.182,0.037,0.719,0.121,0.314,0.756
26/03/2015 18:00,1.2,8.8,2.8,28.3,16.1,8.3,0.506,0.399,0.817,0.134,0.476,0.218,0.076,0.61,0.101,0.346,0.726
26/03/2015 19:00,1.7,9,2.5,28.4,15.5,8,0.477,0.352,0.79,0.311,0.448,0.249,0.126,0.261,0.083,0.305,0.708
26/03/2015 20:00,1.6,8.8,2.1,28.1,15.2,7.5,0.401,0.332,0.741,0.481,0.398,0.272,0.179,0.266,0.069,0.253,0.706
26/03/2015 21:00,1.2,8.3,1.9,27.6,14.4,7.4,0.305,0.291,0.632,0.547,0.354,0.282,0.206,0.277,0.061,0.205,0.715
26/03/2015 22:00,0.7,8.1,1.8,27.3,12.6,7.3,0.218,0.243,0.484,0.542,0.32,0.28,0.211,0.461,0.064,0.155,0.727
26/03/2015 23:00,0.5,7.8,1.1,27.4,11,6.8,0.142,0.295,0.364,0.504,0.3,0.243,0.221,0.451,0.09,0.112,0.73
27/03/2015 00:00,0.3,6.9,0.5,27.6,9.4,6.4,0.079,0.346,0.267,0.466,0.28,0.178,0.241,0.386,0.144,0.088,0.731
27/03/2015 01:00,0.1,4.9,0.4,26,6.4,6.1,0.016,0.376,0.198,0.444,0.249,0.125,0.264,0.326,0.194,0.072,0.729
27/03/2015 02:00,0.2,4.9,0.5,14,6.6,4.4,0.006,0.423,0.139,0.429,0.211,0.083,0.297,0.252,0.216,0.063,0.719
27/03/2015 03:00,0.7,4.3,1.4,6.3,8.5,4.7,0.015,0.505,0.101,0.422,0.187,0.049,0.305,0.488,0.201,0.049,0.706
27/03/2015 04:00,1.1,3.1,2.2,6.3,7.9,3.6,0.036,0.494,0.077,0.369,0.167,0.035,0.219,0.401,0.164,0.041,0.694
27/03/2015 05:00,1.8,2.5,2.1,3.6,6.6,1.9,0.072,0.367,0.063,0.343,0.13,0.032,0.248,0.183,0.123,0.082,0.679
27/03/2015 06:00,2.9,2.4,1.8,3,5.8,1.1,0.13,0.37,0.062,0.338,0.123,0.037,0.217,0.04,0.09,0.111,0.666
27/03/2015 07:00,4.2,2.3,1.4,2.1,5,0.9,0.17,0.386,0.073,0.401,0.225,0.049,0.152,0.003,0.069,0.115,0.661
27/03/2015 08:00,5.1,2.3,1.2,1.3,4.4,1.1,0.165,0.392,0.095,0.525,0.171,0.061,0.093,0.019,0.058,0.108,0.665
27/03/2015 09:00,4.6,2.7,1.2,1,4.9,1.8,0.138,0.363,0.097,0.435,0.05,0.064,0.044,0.08,0.053,0.093,0.659
27/03/2015 10:00,2.3,3.6,1.3,1.2,6.1,2.8,0.114,0.344,0.067,0.286,0.002,0.063,0.01,0.152,0.06,0.077,0.63
27/03/2015 11:00,0.8,5.3,0.9,1.4,7.5,4.2,0.095,0.319,0.038,0.157,0,0.059,0.001,0.239,0.079,0.065,0.586
27/03/2015 12:00,0.8,7.5,0.9,2.4,9.8,6.4,0.089,0.337,0.019,0.045,0.002,0.076,0,0.317,0.11,0.058,0.538
27/03/2015 13:00,0.9,9.3,1.2,5.3,12.7,10.6,0.087,0.651,0.007,0.006,0.013,0.133,0,0.467,0.156,0.067,0.494
27/03/2015 14:00,1,10.6,1.3,7.5,14.5,12.9,0.084,0.674,0.002,0,0.026,0.208,0.005,0.713,0.224,0.09,0.46
27/03/2015 15:00,0.7,10.3,1.4,8.8,15.7,12.7,0.085,0.623,0,0,0.035,0.278,0.019,0.885,0.294,0.141,0.447
27/03/2015 16:00,0.7,10.4,1.4,9.6,16.1,12.2,0.081,0.538,0,0,0.039,0.334,0.025,0.86,0.372,0.231,0.454
27/03/2015 17:00,0.2,10,1.6,10.3,14.7,11.6,0.074,0.444,0,0.002,0.05,0.374,0.021,0.803,0.432,0.281,0.465
27/03/2015 18:00,0.1,9.6,2.2,11,13,10.8,0.082,0.357,0,0.023,0.08,0.411,0.019,0.767,0.468,0.294,0.476
27/03/2015 19:00,0.2,8.5,3,12,12.1,10.3,0.098,0.28,0.002,0.156,0.116,0.436,0.025,0.679,0.479,0.27,0.472
27/03/2015 20:00,0.2,7.6,3.6,12.7,11.5,10,0.108,0.237,0.004,0.381,0.144,0.437,0.037,0.57,0.462,0.221,0.454
27/03/2015 21:00,0.3,7,3.3,12.3,10.6,10,0.096,0.228,0.012,0.526,0.155,0.418,0.041,0.39,0.407,0.14,0.445
27/03/2015 22:00,0.7,7,3.1,11.2,10,9.6,0.059,0.251,0.011,0.556,0.154,0.391,0.036,0.231,0.334,0.075,0.437
27/03/2015 23:00,0.6,7.3,3.1,9.5,9.6,9.2,0.02,0.386,0.004,0.541,0.155,0.3,0.037,0.123,0.288,0.042,0.412
28/03/2015 00:00,0.2,6.8,3.1,7.5,9,8.7,0.004,0.503,0.004,0.535,0.165,0.188,0.045,0.064,0.261,0.031,0.377
28/03/2015 01:00,0.3,5.1,2.2,5.8,6.6,7.1,0,0.552,0.014,0.486,0.17,0.11,0.061,0.055,0.224,0.058,0.348
28/03/2015 02:00,0.9,6.8,2.6,2.6,4.3,2.9,0.001,0.527,0.049,0.419,0.156,0.099,0.096,0.067,0.179,0.124,0.32
28/03/2015 03:00,2,8.1,4.1,0.8,4.9,2.5,0.001,0.461,0.07,0.392,0.133,0.093,0.124,0.494,0.125,0.164,0.3
28/03/2015 04:00,3.2,7.5,5.8,0.2,4.4,1.9,0,0.403,0.076,0.364,0.11,0.083,0.062,0.6,0.084,0.16,0.285
28/03/2015 05:00,5,6.9,7.9,0.1,3.9,0.7,0,0.376,0.086,0.343,0.1,0.07,0.046,0.503,0.063,0.233,0.282
28/03/2015 06:00,7.1,6.6,9.3,0.2,3.7,0.8,0.001,0.355,0.103,0.32,0.084,0.065,0.049,0.377,0.06,0.281,0.302
28/03/2015 07:00,8.1,6.5,9.2,0.6,3.3,2.2,0.003,0.337,0.115,0.395,0.068,0.064,0.039,0.248,0.074,0.255,0.337
28/03/2015 08:00,8.3,6.3,7.6,2.6,3,4.6,0.004,0.308,0.119,0.557,0.042,0.07,0.028,0.128,0.094,0.193,0.374
28/03/2015 09:00,7.1,5.8,5.6,4.8,3.1,8,0.005,0.252,0.108,0.53,0.002,0.084,0.018,0.054,0.125,0.131,0.391
28/03/2015 10:00,5.3,4.9,3.7,6.3,3.9,11.9,0.005,0.18,0.099,0.494,0,0.099,0.009,0.025,0.178,0.094,0.384
28/03/2015 11:00,3.2,4.6,2.8,7.9,5.4,15.3,0.006,0.101,0.09,0.433,0,0.105,0.003,0.024,0.228,0.092,0.361
28/03/2015 12:00,1.7,5.9,2.4,10.7,7.3,18.2,0.007,0.028,0.072,0.352,0.007,0.079,0.001,0.082,0.315,0.112,0.332
28/03/2015 13:00,0.9,6.7,2.3,15.5,9,21.2,0.014,0.021,0.054,0.251,0.017,0.132,0.001,0.261,0.459,0.135,0.31
28/03/2015 14:00,0.4,7.1,2.6,17.8,9.7,21.5,0.032,0.029,0.04,0.171,0.023,0.196,0.001,0.364,0.59,0.136,0.3
28/03/2015 15:00,0.2,6.5,2.8,18.9,10.5,19.7,0.058,0.018,0.036,0.12,0.03,0.203,0.007,0.32,0.656,0.131,0.311
28/03/2015 16:00,0.1,6.6,2.8,21.4,10.5,17,0.087,0.005,0.044,0.094,0.039,0.184,0.027,0.234,0.618,0.167,0.343
28/03/2015 17:00,0,7.3,2.6,25.2,8.5,14.9,0.121,0.002,0.055,0.085,0.09,0.177,0.078,0.168,0.532,0.207,0.397
28/03/2015 18:00,0,8.4,2.4,25.1,6.6,14,0.148,0.001,0.064,0.11,0.233,0.179,0.157,0.139,0.472,0.238,0.454
28/03/2015 19:00,0,9.3,2.3,19.4,6.1,13.9,0.163,0.001,0.073,0.225,0.364,0.189,0.234,0.182,0.432,0.239,0.496
28/03/2015 20:00,0,10.3,2.1,12.8,6,13.5,0.167,0.001,0.082,0.412,0.425,0.2,0.281,0.323,0.371,0.204,0.525
28/03/2015 21:00,0,10.5,2,9.1,6.1,12.7,0.152,0.004,0.087,0.555,0.47,0.202,0.3,0.471,0.344,0.172,0.524
28/03/2015 22:00,0,9.4,2.1,6.6,6.6,13.3,0.125,0.011,0.09,0.604,0.532,0.192,0.312,0.543,0.335,0.142,0.498
28/03/2015 23:00,0,8.3,2.1,4.9,7.4,13.8,0.093,0.003,0.093,0.597,0.547,0.159,0.311,0.536,0.352,0.111,0.449
29/03/2015 00:00,0,7,1.7,5.1,7.9,13.6,0.044,0,0.088,0.574,0.513,0.132,0.332,0.484,0.485,0.084,0.379
29/03/2015 01:00,0.1,4.6,0.6,8.4,6.1,12,0.007,0.001,0.077,0.538,0.436,0.114,0.385,0.403,0.644,0.062,0.301
29/03/2015 02:00,0.3,5.3,0.6,7.8,5.5,8.8,0.011,0.037,0.058,0.523,0.362,0.098,0.4,0.187,0.708,0.046,0.225
29/03/2015 03:00,0.8,4.9,0.9,5.5,5.1,12.7,0.005,0.205,0.041,0.513,0.304,0.067,0.364,0.146,0.71,0.042,0.181
29/03/2015 04:00,1.6,3.7,1.3,5.7,3.6,15.8,0.003,0.433,0.033,0.474,0.272,0.054,0.22,0.114,0.676,0.026,0.17
29/03/2015 05:00,2.9,3.2,1.5,9.3,2.7,14.8,0.003,0.535,0.029,0.401,0.3,0.049,0.135,0.068,0.618,0.063,0.178
29/03/2015 06:00,3.9,2.9,1.8,17,2.3,13.2,0.006,0.435,0.025,0.349,0.337,0.04,0.047,0.033,0.548,0.134,0.196
29/03/2015 07:00,5,3.1,2.1,25.9,1.8,12.5,0.013,0.32,0.021,0.444,0.486,0.033,0.009,0.014,0.484,0.176,0.22
29/03/2015 08:00,5.9,3.4,2.3,31.2,1.4,12.6,0.027,0.274,0.02,0.606,0.554,0.029,0.001,0.005,0.415,0.192,0.243
29/03/2015 09:00,6.1,3.1,2.4,34.4,1.6,14.8,0.035,0.286,0.03,0.557,0.401,0.029,0,0.001,0.367,0.196,0.255
29/03/2015 10:00,4.7,3.3,2.2,34.9,2.1,18.5,0.038,0.281,0.058,0.525,0.188,0.025,0.001,0,0.355,0.2,0.257
29/03/2015 11:00,2.1,5.6,1.7,33.9,3.3,21.9,0.035,0.203,0.099,0.471,0.06,0.022,0.002,0,0.352,0.206,0.253
29/03/2015 12:00,1,9,1.2,31.3,5.4,24.2,0.049,0.045,0.148,0.402,0.01,0.026,0.003,0,0.382,0.217,0.247
29/03/2015 13:00,0.7,11,1,27.5,7.6,24.5,0.101,0.003,0.203,0.312,0,0.047,0.007,0.005,0.424,0.225,0.244
29/03/2015 14:00,0.7,12.6,1.1,23.4,9.7,22.4,0.178,0.087,0.266,0.228,0,0.057,0.022,0.012,0.443,0.223,0.249
29/03/2015 15:00,0.8,13.7,1.6,21,10.8,19,0.243,0.084,0.325,0.154,0,0.054,0.051,0.017,0.411,0.219,0.263
29/03/2015 16:00,1,14.5,1.8,22.4,8.8,16.5,0.27,0.035,0.396,0.101,0,0.045,0.05,0.029,0.406,0.244,0.278
29/03/2015 17:00,1.2,15.8,1.9,27.2,6.3,14.8,0.264,0.021,0.487,0.071,0.005,0.037,0.025,0.047,0.437,0.258,0.296
29/03/2015 18:00,1,15.5,2.3,30.9,4.4,13.8,0.241,0.036,0.578,0.069,0.034,0.034,0.007,0.059,0.433,0.248,0.317
29/03/2015 19:00,0.7,14,3.2,30.7,3.4,13.5,0.202,0.065,0.639,0.111,0.08,0.039,0.021,0.054,0.387,0.212,0.337
29/03/2015 20:00,0.5,12.8,3.6,28.6,2.9,13.5,0.163,0.092,0.717,0.241,0.124,0.048,0.057,0.029,0.328,0.167,0.348
29/03/2015 21:00,0.2,11.3,3.4,26.5,2.9,13.6,0.133,0.12,0.786,0.473,0.155,0.067,0.083,0.005,0.313,0.132,0.332
29/03/2015 22:00,0.1,9.3,3.6,25.2,2.9,12.8,0.096,0.175,0.786,0.649,0.182,0.097,0.107,0,0.326,0.125,0.305
29/03/2015 23:00,0.1,8.5,3.6,24.8,2.9,11.9,0.071,0.3,0.779,0.716,0.21,0.133,0.135,0,0.363,0.135,0.281
30/03/2015 00:00,0.1,6.8,2.3,23.7,3.1,11.7,0.031,0.434,0.779,0.734,0.227,0.151,0.169,0.002,0.447,0.14,0.267
30/03/2015 01:00,0.5,5.2,1.2,20,2.7,10.5,0.026,0.522,0.752,0.734,0.223,0.137,0.202,0.031,0.517,0.104,0.271
30/03/2015 02:00,1.1,5.1,1.8,18,3.4,7.5,0.019,0.532,0.704,0.712,0.209,0.099,0.227,0.07,0.522,0.093,0.287
30/03/2015 03:00,3,5.1,3.1,14.1,3.7,7.6,0.019,0.511,0.663,0.647,0.21,0.051,0.223,0.085,0.484,0.082,0.296
30/03/2015 04:00,6.7,5.4,4.3,4.5,3.1,6.2,0.026,0.454,0.611,0.556,0.222,0.018,0.138,0.049,0.432,0.06,0.299
30/03/2015 05:00,11.6,6.1,5.3,1.7,2.6,5.7,0.03,0.389,0.56,0.52,0.237,0.006,0.065,0.024,0.388,0.086,0.309
30/03/2015 06:00,14.9,7.2,6.4,1.8,2.3,6.2,0.029,0.332,0.519,0.552,0.233,0.002,0.03,0.011,0.362,0.125,0.325
30/03/2015 07:00,14.6,9.5,7.6,2.3,2.3,7.7,0.023,0.271,0.483,0.571,0.166,0.001,0.026,0.005,0.357,0.141,0.335
30/03/2015 08:00,13.4,11.8,8.8,2.7,2.3,9.8,0.018,0.243,0.448,0.673,0.22,0,0.025,0.002,0.372,0.129,0.345
30/03/2015 09:00,10.9,14.1,8.4,3.4,2.3,12.2,0.015,0.254,0.423,0.695,0.259,0,0.025,0.001,0.405,0.11,0.374
30/03/2015 10:00,6.7,16.9,8.1,4.1,2.4,14.7,0.019,0.228,0.399,0.682,0.22,0,0.028,0.001,0.465,0.089,0.424
30/03/2015 11:00,3.2,16.3,8.5,4.8,2.9,17,0.03,0.19,0.364,0.677,0.167,0.001,0.034,0.003,0.53,0.072,0.481
30/03/2015 12:00,2.7,13.5,8.3,5.8,4.1,19.2,0.067,0.135,0.308,0.667,0.113,0.004,0.045,0.013,0.568,0.061,0.531
30/03/2015 13:00,2.1,11.3,7.5,10.8,6.4,22.3,0.141,0.115,0.249,0.637,0.07,0.002,0.061,0.053,0.562,0.053,0.557
30/03/2015 14:00,1.2,10.2,5.6,15.9,8.1,23.7,0.244,0.18,0.207,0.601,0.048,0.005,0.079,0.094,0.502,0.049,0.571
30/03/2015 15:00,0.8,9.5,4.2,18.3,8.6,22.5,0.332,0.23,0.184,0.535,0.043,0.001,0.11,0.127,0.454,0.06,0.583
30/03/2015 16:00,0.7,9,3.4,19.2,7.4,20.9,0.316,0.328,0.157,0.454,0.045,0,0.17,0.136,0.484,0.084,0.585
30/03/2015 17:00,0.7,8.5,2.8,20.7,5,20,0.277,0.336,0.124,0.401,0.047,0,0.274,0.124,0.536,0.107,0.573
30/03/2015 18:00,0.7,7.4,2.4,23.8,3.1,19.2,0.236,0.368,0.098,0.39,0.056,0.001,0.377,0.125,0.548,0.126,0.552
30/03/2015 19:00,0.5,6.8,2.2,27.2,2.1,18.7,0.2,0.425,0.078,0.433,0.066,0.007,0.438,0.16,0.566,0.139,0.527
30/03/2015 20:00,0.6,7,2.4,28.2,1.6,18.1,0.174,0.461,0.071,0.447,0.083,0.024,0.457,0.236,0.596,0.143,0.512
30/03/2015 21:00,1.1,8.4,2.4,26.2,1.2,17.7,0.164,0.455,0.051,0.481,0.1,0.051,0.444,0.306,0.599,0.131,0.504
30/03/2015 22:00,1.5,8.5,2.9,22.8,0.9,17.2,0.171,0.466,0.026,0.509,0.128,0.09,0.442,0.337,0.556,0.126,0.501
30/03/2015 23:00,1.4,8,3,18.6,0.9,16.4,0.193,0.58,0.011,0.515,0.19,0.112,0.449,0.35,0.51,0.118,0.498
31/03/2015 00:00,1.7,7,2.2,15,0.9,15.6,0.167,0.642,0.005,0.488,0.268,0.105,0.458,0.348,0.459,0.112,0.494
31/03/2015 01:00,1.9,4.9,0.8,11.8,0.8,12.6,0.12,0.694,0.004,0.451,0.316,0.099,0.47,0.311,0.387,0.117,0.493
31/03/2015 02:00,2.2,4,1.3,4.9,1.1,9.5,0.107,0.73,0.006,0.388,0.332,0.077,0.481,0.131,0.285,0.123,0.494
31/03/2015 03:00,3.6,2.5,1.9,3.2,0.9,10.3,0.126,0.759,0.011,0.334,0.351,0.067,0.431,0.023,0.192,0.133,0.502
31/03/2015 04:00,5.9,1.8,3.1,0.9,0.7,7.1,0.144,0.795,0.022,0.285,0.347,0.06,0.282,0,0.117,0.147,0.516
31/03/2015 05:00,7.1,1.6,4.4,0.4,0.6,4.6,0.147,0.701,0.041,0.241,0.308,0.034,0.367,0,0.067,0.234,0.529
31/03/2015 06:00,9.6,1.9,5.3,0.4,0.6,4.1,0.141,0.744,0.063,0.238,0.238,0.016,0.283,0,0.039,0.246,0.544
31/03/2015 07:00,10.8,2.5,6.4,0.6,0.6,4.7,0.141,0.742,0.094,0.259,0.171,0.01,0.212,0,0.027,0.233,0.556
31/03/2015 08:00,11.5,3.4,6.7,1,0.8,5.6,0.152,0.718,0.127,0.454,0.374,0.008,0.167,0,0.026,0.227,0.562
31/03/2015 09:00,12.2,4.6,7.1,1.6,1.2,7,0.187,0.697,0.147,0.467,0.395,0.008,0.123,0,0.03,0.241,0.59
31/03/2015 10:00,11,5.9,7.3,1.8,1.6,8.6,0.252,0.698,0.157,0.382,0.272,0.012,0.08,0.001,0.042,0.26,0.626
31/03/2015 11:00,5.4,6.6,7.4,1.5,1.9,10.3,0.464,0.645,0.156,0.276,0.149,0.021,0.05,0.004,0.062,0.278,0.663
31/03/2015 12:00,2.8,10.7,9.7,1.4,2.3,12.6,0.744,0.51,0.145,0.186,0.064,0.028,0.032,0.018,0.093,0.306,0.696
31/03/2015 13:00,2.9,14.8,10.6,2.3,3,18.9,0.827,0.55,0.131,0.123,0.022,0.035,0.024,0.054,0.135,0.345,0.722
31/03/2015 14:00,3.3,15.2,10.7,3.2,3.4,23.6,0.804,0.541,0.111,0.079,0.005,0.017,0.025,0.08,0.182,0.355,0.739
31/03/2015 15:00,4.5,13.2,10.4,5.6,4.1,24.7,0.74,0.464,0.094,0.045,0.003,0.003,0.042,0.095,0.203,0.349,0.744
31/03/2015 16:00,4.4,10.8,10.5,10.8,5.1,24.1,0.651,0.41,0.079,0.028,0.006,0.001,0.106,0.101,0.196,0.37,0.738
31/03/2015 17:00,3.2,9.6,10.1,16.9,4.9,23.2,0.538,0.432,0.063,0.029,0.019,0.001,0.209,0.089,0.183,0.367,0.726
31/03/2015 18:00,2.3,9.5,9,21.3,3.8,21.9,0.412,0.447,0.047,0.058,0.066,0.003,0.306,0.064,0.177,0.342,0.73
31/03/2015 19:00,1.6,9.8,8.4,22,2.7,20.2,0.31,0.447,0.033,0.2,0.121,0.011,0.382,0.033,0.172,0.293,0.744
31/03/2015 20:00,1.1,9.8,8.7,20,2.1,18.7,0.291,0.39,0.021,0.472,0.159,0.024,0.464,0.012,0.169,0.243,0.756
31/03/2015 21:00,0.9,10,9.5,17.8,1.6,17.9,0.305,0.351,0.014,0.679,0.164,0.049,0.493,0.008,0.171,0.205,0.751
31/03/2015 22:00,0.7,9.5,8.5,16.8,1.2,17,0.305,0.401,0.007,0.731,0.153,0.09,0.524,0.015,0.175,0.166,0.744
31/03/2015 23:00,0.7,8.9,7.7,17.3,1,15.9,0.336,0.446,0.003,0.728,0.144,0.116,0.54,0.025,0.174,0.14,0.75
01/04/2015 00:00,0.7,8.1,4.4,19.8,0.9,15.2,0.343,0.481,0.003,0.702,0.14,0.102,0.531,0.031,0.164,0.132,0.755
01/04/2015 01:00,1.5,5.7,6.6,21.1,0.8,12.1,0.416,0.484,0.005,0.675,0.133,0.118,0.548,0.031,0.134,0.153,0.763
01/04/2015 02:00,4.1,7.4,11.1,11.3,0.7,7.9,0.484,0.481,0.017,0.643,0.117,0.09,0.544,0.016,0.099,0.171,0.779
01/04/2015 03:00,9,8.1,13,7.6,0.3,7.8,0.42,0.439,0.057,0.605,0.098,0.061,0.484,0.001,0.074,0.149,0.784
01/04/2015 04:00,13.9,8.3,14.5,6.3,0.3,6.8,0.329,0.411,0.12,0.551,0.099,0.043,0.367,0,0.061,0.128,0.78
01/04/2015 05:00,21.1,8.8,15.8,7.8,0.4,6.1,0.25,0.403,0.183,0.481,0.112,0.021,0.393,0.001,0.056,0.244,0.781
01/04/2015 06:00,29.6,9.2,17,12.2,0.6,6.9,0.179,0.396,0.241,0.382,0.107,0.008,0.315,0.002,0.057,0.267,0.788
01/04/2015 07:00,34.2,9.6,17.4,17.8,0.7,8.6,0.116,0.434,0.279,0.238,0.058,0.005,0.14,0.001,0.064,0.25,0.793
01/04/2015 08:00,35.8,10.3,17.8,23.4,0.8,10.8,0.07,0.444,0.311,0.218,0.068,0.005,0.056,0.001,0.078,0.213,0.802
01/04/2015 09:00,33.2,11.9,19.1,24.8,1.1,14.7,0.066,0.442,0.311,0.211,0.029,0.007,0.025,0,0.099,0.179,0.817
01/04/2015 10:00,26,13,19,22.9,1.6,19.5,0.099,0.436,0.288,0.222,0.005,0.013,0.011,0,0.137,0.167,0.819
01/04/2015 11:00,14,12.7,17.8,20.2,2.4,24.8,0.154,0.365,0.261,0.248,0,0.019,0.007,0,0.197,0.184,0.815
01/04/2015 12:00,9.4,15.5,17.9,15.7,3.9,30.3,0.293,0.513,0.242,0.225,0,0.017,0.005,0.001,0.264,0.226,0.813
01/04/2015 13:00,7.8,17.5,16.4,13.1,6.4,34.3,0.435,0.62,0.228,0.167,0,0.018,0.006,0.011,0.32,0.274,0.813
01/04/2015 14:00,5.4,18.9,15,11.7,7.6,33.4,0.491,0.545,0.225,0.107,0,0.026,0.011,0.041,0.328,0.291,0.82
01/04/2015 15:00,3.4,19.3,12.4,12.5,8.5,30.8,0.437,0.394,0.251,0.052,0,0.017,0.017,0.074,0.278,0.309,0.826
01/04/2015 16:00,2.8,18.8,10.5,16.6,8.3,27.7,0.353,0.261,0.3,0.018,0,0.013,0.014,0.078,0.211,0.323,0.832
01/04/2015 17:00,2.5,18.5,9.5,23.6,7.4,25.4,0.278,0.2,0.358,0.005,0.004,0.021,0.01,0.061,0.162,0.278,0.846
01/04/2015 18:00,2.4,17.2,9.5,29.9,6,24,0.204,0.192,0.414,0.001,0.034,0.041,0.021,0.049,0.141,0.243,0.858
01/04/2015 19:00,2.1,15,11.2,31.6,4.9,22.4,0.146,0.179,0.459,0.013,0.076,0.066,0.054,0.054,0.141,0.241,0.869
01/04/2015 20:00,1.9,13.1,14.4,28.6,4.1,20.9,0.111,0.173,0.494,0.114,0.099,0.095,0.086,0.074,0.145,0.243,0.87
01/04/2015 21:00,1.2,11.5,13.8,24.5,3.7,19.6,0.128,0.201,0.479,0.336,0.093,0.115,0.105,0.094,0.146,0.249,0.863
01/04/2015 22:00,0.7,10.6,13.5,20.6,3.5,18.7,0.205,0.24,0.416,0.504,0.078,0.127,0.122,0.106,0.145,0.243,0.857
01/04/2015 23:00,0.5,10.5,13.3,17,3.2,17.8,0.282,0.382,0.345,0.511,0.068,0.133,0.156,0.13,0.152,0.202,0.844
02/04/2015 00:00,0.3,10.5,9.8,15,3.1,17.3,0.254,0.546,0.282,0.432,0.073,0.121,0.209,0.169,0.164,0.138,0.824
02/04/2015 01:00,2.5,8.7,7.4,12.8,2.3,14.8,0.195,0.538,0.233,0.367,0.099,0.091,0.282,0.192,0.17,0.089,0.806
02/04/2015 02:00,4.8,12.1,9.6,9,2,16.4,0.185,0.527,0.199,0.306,0.14,0.062,0.326,0.093,0.169,0.066,0.802
02/04/2015 03:00,9.1,14,12,6.4,1,19.3,0.157,0.502,0.18,0.263,0.163,0.045,0.228,0.032,0.158,0.058,0.809
02/04/2015 04:00,14.6,15.2,15.3,3,0.2,18.5,0.12,0.464,0.177,0.228,0.158,0.038,0.093,0.01,0.138,0.061,0.819
02/04/2015 05:00,20.9,16.7,18.3,2.5,0.1,18.2,0.084,0.407,0.187,0.207,0.148,0.035,0.028,0.008,0.118,0.139,0.824
02/04/2015 06:00,29.8,18.7,20.7,3.3,0.1,18.7,0.062,0.416,0.214,0.189,0.112,0.026,0.001,0.016,0.105,0.237,0.821
02/04/2015 07:00,36.1,20.8,22.4,4.3,0.3,20.2,0.047,0.302,0.254,0.195,0.053,0.023,0,0.029,0.107,0.271,0.813
02/04/2015 08:00,38.1,22.4,23.2,5.2,0.4,22.4,0.028,0.236,0.305,0.246,0.034,0.03,0.001,0.036,0.118,0.253,0.803
02/04/2015 09:00,32.6,23.4,21.7,5.7,0.8,26.6,0.011,0.272,0.355,0.239,0.001,0.032,0.002,0.03,0.137,0.238,0.8
02/04/2015 10:00,21,23.2,17.8,6.1,1.3,32.4,0.002,0.343,0.398,0.225,0,0.035,0.003,0.018,0.169,0.246,0.795
02/04/2015 11:00,8.6,20.9,13.9,6.8,2.1,37.8,0.001,0.341,0.426,0.206,0.001,0.038,0.005,0.01,0.205,0.271,0.788
02/04/2015 12:00,4.4,20.9,13.3,8.3,4.1,41.8,0.08,0.401,0.45,0.181,0.015,0.032,0.008,0.004,0.251,0.302,0.779
02/04/2015 13:00,2.9,22.3,13.2,12.3,7.9,42.5,0.309,0.477,0.473,0.152,0.045,0.037,0.013,0,0.288,0.325,0.765
02/04/2015 14:00,1.9,23,13.8,21.2,12.1,38.9,0.467,0.538,0.501,0.136,0.085,0.062,0.023,0,0.298,0.292,0.745
02/04/2015 15:00,1.7,23,14.9,39.1,17,35.4,0.468,0.52,0.535,0.146,0.137,0.067,0.041,0,0.264,0.278,0.718
02/04/2015 16:00,1.6,23.7,15.3,50.7,17.2,32.6,0.381,0.43,0.551,0.164,0.196,0.06,0.046,0,0.221,0.311,0.68
02/04/2015 17:00,1.4,24.2,15.6,54.4,14.9,30.7,0.299,0.311,0.561,0.195,0.253,0.063,0.038,0.008,0.2,0.301,0.641
02/04/2015 18:00,1.1,23.9,14.8,54,11.3,30.4,0.243,0.203,0.574,0.274,0.317,0.081,0.027,0.08,0.191,0.265,0.606
02/04/2015 19:00,1.1,22.7,13.6,53.4,8.8,30.4,0.213,0.164,0.566,0.454,0.323,0.111,0.017,0.208,0.182,0.219,0.577
02/04/2015 20:00,1.1,21.1,12.6,51.2,7.8,30.2,0.188,0.172,0.547,0.569,0.305,0.145,0.017,0.323,0.174,0.17,0.547
02/04/2015 21:00,0.9,20,10,43.7,7.2,28.8,0.135,0.169,0.529,0.613,0.294,0.192,0.017,0.38,0.172,0.115,0.524
02/04/2015 22:00,0.7,18.7,5.8,30.2,6.6,25.9,0.099,0.081,0.504,0.636,0.304,0.21,0.015,0.383,0.179,0.077,0.501
02/04/2015 23:00,0.5,17.2,5.4,18,6.5,23.6,0.113,0.025,0.467,0.635,0.3,0.155,0.014,0.357,0.212,0.061,0.464
03/04/2015 00:00,0.2,15.6,5.1,11,6.3,21.5,0.13,0.001,0.432,0.618,0.27,0.094,0.016,0.331,0.254,0.047,0.416
03/04/2015 01:00,0.1,8.3,2.8,9.8,5.4,18.1,0.115,0,0.407,0.574,0.225,0.066,0.018,0.296,0.279,0.033,0.368
03/04/2015 02:00,0.7,7.5,3.6,12.9,7.2,24.6,0.125,0,0.398,0.534,0.179,0.061,0.03,0.151,0.294,0.025,0.32
03/04/2015 03:00,3.2,14.4,3.9,11.6,7.1,30.1,0.117,0.001,0.394,0.489,0.16,0.061,0.048,0.076,0.292,0.02,0.276
03/04/2015 04:00,7.1,14.2,3.8,7.6,4.1,26.7,0.096,0.011,0.396,0.483,0.161,0.072,0.014,0.084,0.274,0.019,0.249
03/04/2015 05:00,10.1,12,4.1,7.5,2,23.5,0.071,0.031,0.412,0.425,0.185,0.072,0.005,0.054,0.252,0.113,0.243
03/04/2015 06:00,10.1,9.8,4.4,11,1.1,22.5,0.048,0.062,0.433,0.358,0.186,0.078,0.002,0.015,0.247,0.238,0.243
03/04/2015 07:00,9.9,8,4.5,15.7,0.9,23.2,0.03,0.074,0.45,0.381,0.233,0.072,0,0.004,0.257,0.235,0.267
03/04/2015 08:00,10.4,6.6,4.1,20.2,1,24.6,0.016,0.062,0.464,0.434,0.283,0.073,0,0.006,0.277,0.179,0.289
03/04/2015 09:00,11.2,7.1,4.2,20.9,1.4,26.5,0.006,0.033,0.447,0.45,0.2,0.069,0.003,0.021,0.287,0.132,0.302
03/04/2015 10:00,9.2,8.2,4.1,19.1,2.2,28.2,0.003,0.01,0.407,0.447,0.088,0.058,0.014,0.048,0.301,0.107,0.314
03/04/2015 11:00,4.6,9.3,3.8,16.8,3.8,29.7,0.034,0.003,0.364,0.396,0.02,0.055,0.035,0.113,0.332,0.106,0.316
03/04/2015 12:00,1.7,12.9,4.4,13.1,7,32.4,0.259,0,0.325,0.321,0.003,0.033,0.058,0.284,0.36,0.129,0.317
03/04/2015 13:00,1.1,15.1,4.6,9.3,11,37.3,0.458,0,0.293,0.235,0.002,0.055,0.086,0.606,0.374,0.167,0.332
03/04/2015 14:00,0.6,15.8,4.9,6.6,12.9,38.3,0.559,0.005,0.269,0.163,0.005,0.112,0.124,0.762,0.38,0.2,0.316
03/04/2015 15:00,0.5,15.3,4.9,5.9,13.2,37.1,0.513,0.008,0.27,0.112,0.012,0.183,0.157,0.785,0.364,0.243,0.289
03/04/2015 16:00,0.5,14.1,4.9,9.3,12.9,35,0.433,0,0.291,0.077,0.023,0.24,0.15,0.77,0.328,0.312,0.289
03/04/2015 17:00,0.6,13.5,5.1,16.7,12.5,33.5,0.376,0,0.311,0.057,0.038,0.274,0.133,0.739,0.295,0.343,0.301
03/04/2015 18:00,0.6,12.8,5,17.5,11,32.9,0.32,0,0.323,0.054,0.056,0.308,0.114,0.699,0.268,0.309,0.325
03/04/2015 19:00,0.6,11.6,4.9,17.9,9.2,31.4,0.259,0,0.321,0.108,0.062,0.343,0.07,0.651,0.247,0.243,0.352
03/04/2015 20:00,0.7,10.3,4.8,13.9,7.9,29.4,0.208,0.002,0.314,0.286,0.059,0.352,0.019,0.625,0.238,0.195,0.37
03/04/2015 21:00,0.7,9.1,4.8,10,7.5,28,0.173,0.006,0.275,0.543,0.055,0.343,0.008,0.563,0.241,0.174,0.372
03/04/2015 22:00,0.7,8.5,5.9,7.4,7.3,26.4,0.149,0.012,0.219,0.697,0.073,0.3,0.046,0.495,0.241,0.166,0.358
03/04/2015 23:00,0.7,8.3,7.9,6.1,7.2,24.4,0.143,0.07,0.169,0.748,0.127,0.199,0.136,0.451,0.259,0.152,0.343
04/04/2015 00:00,0.6,7.8,8.1,6,7.1,22.9,0.12,0.21,0.135,0.746,0.189,0.156,0.238,0.413,0.279,0.152,0.329
04/04/2015 01:00,1.2,3.9,9.2,6.2,5.8,20.7,0.101,0.374,0.115,0.693,0.237,0.138,0.34,0.325,0.264,0.154,0.312
04/04/2015 02:00,2.7,3.1,16.7,7.9,6.1,27.4,0.096,0.502,0.103,0.627,0.27,0.13,0.42,0.182,0.224,0.127,0.291
04/04/2015 03:00,4.4,5.1,19.8,7.5,5.9,29.7,0.082,0.561,0.108,0.569,0.287,0.12,0.393,0.167,0.182,0.109,0.264
04/04/2015 04:00,8.3,5.6,20,6.2,3.8,25,0.069,0.519,0.118,0.494,0.294,0.1,0.184,0.109,0.152,0.112,0.249
04/04/2015 05:00,14,7.1,20.2,5.6,2.4,21.6,0.065,0.404,0.119,0.398,0.309,0.065,0.083,0.055,0.133,0.277,0.258
04/04/2015 06:00,20.4,9,20.4,4.2,1.8,20.4,0.072,0.325,0.112,0.317,0.299,0.051,0.023,0.022,0.126,0.398,0.274
04/04/2015 07:00,25,10,20.4,3.4,1.6,21,0.086,0.278,0.104,0.312,0.319,0.033,0.007,0.008,0.133,0.413,0.286
04/04/2015 08:00,25.6,9.9,19.9,3,1.8,22.7,0.094,0.238,0.101,0.337,0.361,0.034,0.002,0.003,0.144,0.391,0.302
04/04/2015 09:00,21.7,10.1,18.7,3.2,2,26.4,0.064,0.158,0.095,0.32,0.254,0.025,0.001,0.002,0.144,0.356,0.329
04/04/2015 10:00,14.8,10.7,17,3.5,2.2,30.9,0.032,0.091,0.087,0.271,0.093,0.024,0,0.001,0.154,0.341,0.362
04/04/2015 11:00,6.7,14.3,16.7,3.8,2.6,34.1,0.049,0.048,0.083,0.221,0.008,0.026,0,0,0.181,0.345,0.392
04/04/2015 12:00,4,19,18.6,3.8,3.9,35.9,0.249,0.002,0.075,0.174,0,0.027,0,0,0.214,0.367,0.422
04/04/2015 13:00,4.8,20,19.5,5,6.4,36.3,0.439,0,0.063,0.118,0,0.069,0,0,0.243,0.395,0.449
04/04/2015 14:00,6.1,19,19.6,6.7,8.3,32.6,0.487,0.005,0.046,0.076,0.001,0.103,0.002,0.003,0.242,0.394,0.451
04/04/2015 15:00,6.5,17.4,19.1,9.1,10.1,28.4,0.439,0.068,0.038,0.058,0.009,0.112,0.008,0.008,0.238,0.376,0.423
04/04/2015 16:00,5,17,15.5,12,10.9,24.8,0.354,0.111,0.036,0.054,0.037,0.123,0.02,0.007,0.225,0.367,0.394
04/04/2015 17:00,2.4,17,11.9,14.7,9.8,22.6,0.278,0.163,0.039,0.054,0.109,0.139,0.041,0.006,0.213,0.317,0.386
04/04/2015 18:00,1,16.8,10.5,17.2,8.5,21.9,0.211,0.244,0.044,0.084,0.243,0.161,0.07,0.008,0.206,0.266,0.398
04/04/2015 19:00,0.6,16.3,10.1,19.2,7.5,21,0.159,0.334,0.041,0.237,0.349,0.178,0.101,0.01,0.205,0.223,0.425
04/04/2015 20:00,0.4,15.2,10.5,19.6,6.7,20,0.123,0.358,0.027,0.504,0.423,0.195,0.121,0.016,0.205,0.185,0.457
04/04/2015 21:00,0.2,13,9.6,18.8,6.6,18.7,0.112,0.343,0.009,0.66,0.455,0.213,0.133,0.024,0.185,0.152,0.484
04/04/2015 22:00,0.2,11.1,9.2,18.1,6.7,17.3,0.126,0.417,0.002,0.694,0.47,0.206,0.134,0.025,0.155,0.118,0.494
04/04/2015 23:00,0.2,9.3,8.1,17.8,6.6,15.6,0.15,0.51,0.001,0.694,0.485,0.145,0.131,0.022,0.138,0.086,0.487
05/04/2015 00:00,0.2,6.7,5.7,17.7,6.1,14.1,0.131,0.492,0.001,0.663,0.492,0.077,0.128,0.035,0.121,0.061,0.47
05/04/2015 01:00,0.2,3.9,4.2,15.5,3.6,11.3,0.091,0.446,0.002,0.606,0.441,0.053,0.127,0.045,0.09,0.044,0.454
05/04/2015 02:00,1.6,4.1,4.2,7.3,2.8,10.5,0.082,0.446,0.004,0.491,0.274,0.056,0.149,0.009,0.061,0.041,0.451
05/04/2015 03:00,4.7,3.5,4.6,3.4,2.6,9.1,0.075,0.398,0.006,0.425,0.163,0.05,0.175,0,0.042,0.054,0.468
05/04/2015 04:00,11.7,2.8,5.3,0.6,1.4,6.6,0.06,0.344,0.011,0.389,0.086,0.041,0.09,0.003,0.031,0.077,0.501
05/04/2015 05:00,19.2,3,6,0.1,0.9,5.6,0.045,0.37,0.019,0.354,0.042,0.029,0.03,0.011,0.022,0.253,0.538
05/04/2015 06:00,24.1,3.9,7.1,0.2,0.8,5.6,0.033,0.388,0.022,0.322,0.033,0.025,0.017,0.015,0.018,0.357,0.571
05/04/2015 07:00,25.4,4.9,8.7,0.2,0.9,6.5,0.024,0.486,0.023,0.296,0.152,0.027,0.011,0.01,0.018,0.362,0.611
05/04/2015 08:00,25.2,6.3,10.8,0.3,1.3,7.8,0.017,0.503,0.026,0.481,0.481,0.034,0.003,0.003,0.023,0.325,0.638
05/04/2015 09:00,23.1,7.9,11.6,0.4,1.7,9.6,0.013,0.422,0.029,0.526,0.658,0.038,0,0,0.034,0.281,0.63
05/04/2015 10:00,15.8,10.2,9.2,0.5,2.1,11.6,0.014,0.359,0.027,0.414,0.604,0.037,0,0,0.06,0.254,0.59
05/04/2015 11:00,5.9,12.8,6.8,0.8,2.5,13.8,0.045,0.244,0.028,0.261,0.408,0.038,0,0.001,0.112,0.245,0.552
05/04/2015 12:00,2.6,14.8,6.4,1.4,3.5,17.5,0.219,0.112,0.027,0.138,0.228,0.03,0,0.035,0.186,0.26,0.534
05/04/2015 13:00,2.5,15,6,4.3,4.8,23.5,0.407,0.026,0.02,0.076,0.151,0.061,0.002,0.132,0.284,0.297,0.535
05/04/2015 14:00,2.2,14.3,6.6,9.3,5.1,26,0.454,0.048,0.014,0.05,0.125,0.115,0.007,0.192,0.364,0.303,0.567
05/04/2015 15:00,1.9,13.1,7.2,15.8,5.3,23.9,0.382,0.158,0.011,0.042,0.114,0.132,0.017,0.19,0.393,0.311,0.608
05/04/2015 16:00,1.7,11.7,7,22.2,4.8,20.3,0.308,0.194,0.01,0.051,0.105,0.133,0.021,0.152,0.391,0.324,0.625
05/04/2015 17:00,1.6,10.6,7,26.7,4.2,16.7,0.248,0.172,0.011,0.082,0.108,0.133,0.017,0.111,0.374,0.313,0.607
05/04/2015 18:00,1.4,9.9,6.5,29.2,4.7,13.8,0.196,0.136,0.014,0.162,0.144,0.148,0.01,0.061,0.345,0.281,0.567
05/04/2015 19:00,1,9.4,6.3,30.5,5.3,11.5,0.158,0.104,0.011,0.388,0.2,0.179,0.005,0.014,0.311,0.229,0.525
05/04/2015 20:00,0.9,9.2,5.8,30.6,5.3,9.6,0.135,0.076,0.007,0.611,0.254,0.209,0.003,0,0.272,0.186,0.49
05/04/2015 21:00,1,8.6,5.8,29.1,5.1,8.5,0.131,0.058,0.003,0.708,0.313,0.225,0.001,0.009,0.243,0.149,0.474
05/04/2015 22:00,1,7.3,6.3,26.8,4.9,7.6,0.133,0.052,0.001,0.732,0.354,0.213,0.001,0.062,0.221,0.125,0.497
05/04/2015 23:00,0.8,6.1,6,24.8,4.6,6.8,0.137,0.083,0,0.729,0.365,0.158,0.009,0.164,0.207,0.105,0.524
06/04/2015 00:00,0.6,5,4.2,22.9,4.1,6.1,0.114,0.126,0,0.723,0.368,0.15,0.038,0.234,0.199,0.085,0.516
06/04/2015 01:00,1.3,4,3.6,19,2.6,4.4,0.078,0.168,0,0.674,0.341,0.151,0.086,0.22,0.165,0.055,0.476
06/04/2015 02:00,3,8.4,9.6,10,1.8,2.5,0.082,0.202,0,0.568,0.269,0.133,0.123,0.116,0.112,0.044,0.43
06/04/2015 03:00,5,10,11.8,6.2,1.3,1.1,0.067,0.191,0,0.48,0.201,0.119,0.13,0.063,0.069,0.037,0.391
06/04/2015 04:00,8,8.1,10.5,5.1,0.6,0.1,0.043,0.167,0,0.401,0.177,0.104,0.107,0.038,0.042,0.052,0.362
06/04/2015 05:00,10.3,6.7,9.5,1.3,0.2,0.1,0.027,0.156,0.001,0.33,0.164,0.094,0.125,0.041,0.025,0.157,0.361
06/04/2015 06:00,11.4,6.3,9.6,0.1,0.1,0.2,0.017,0.146,0.002,0.275,0.115,0.077,0.119,0.025,0.016,0.243,0.379
06/04/2015 07:00,12.4,6.1,9.7,0,0.2,0.7,0.011,0.128,0.005,0.187,0.178,0.064,0.101,0.012,0.01,0.272,0.388
06/04/2015 08:00,13.1,5.7,9.5,0,0.4,1.5,0.008,0.129,0.007,0.323,0.309,0.051,0.075,0.006,0.007,0.269,0.379
06/04/2015 09:00,12.7,5.8,9.6,0,0.8,2.8,0.009,0.157,0.008,0.539,0.27,0.04,0.046,0.002,0.007,0.271,0.376
06/04/2015 10:00,9.1,7,8.2,0,1.4,4.7,0.021,0.196,0.012,0.483,0.2,0.037,0.038,0.001,0.012,0.283,0.382
06/04/2015 11:00,4,9.1,7,0,2.3,7.1,0.073,0.169,0.026,0.328,0.148,0.038,0.041,0.001,0.029,0.3,0.398
06/04/2015 12:00,1.3,10.6,7.4,0,4.3,11.5,0.249,0.041,0.047,0.205,0.111,0.033,0.045,0.002,0.062,0.308,0.404
06/04/2015 13:00,0.7,10.1,6.8,0.3,7.1,17.3,0.411,0.03,0.072,0.131,0.076,0.101,0.062,0.007,0.109,0.308,0.389
06/04/2015 14:00,0.4,8.9,5.7,1.6,10.3,20.2,0.447,0.013,0.103,0.092,0.045,0.179,0.092,0.008,0.148,0.249,0.361
06/04/2015 15:00,0.3,7.9,4.9,3,13.5,18.3,0.376,0.004,0.134,0.076,0.025,0.184,0.11,0.009,0.161,0.21,0.32
06/04/2015 16:00,0.2,6.6,3.9,3.9,14,15.5,0.279,0.001,0.175,0.081,0.024,0.167,0.112,0.012,0.159,0.211,0.276
06/04/2015 17:00,0.2,4.9,2.9,6.6,11.8,13.2,0.201,0,0.214,0.104,0.068,0.161,0.113,0.013,0.162,0.192,0.225
06/04/2015 18:00,0.3,3.4,2.1,13.1,9.5,11.4,0.138,0,0.237,0.159,0.21,0.167,0.118,0.009,0.17,0.18,0.182
06/04/2015 19:00,0.5,2.4,1.4,20.7,7.2,10.3,0.096,0,0.245,0.317,0.367,0.176,0.144,0.003,0.179,0.188,0.17
06/04/2015 20:00,0.7,1.9,0.9,24.5,5.9,9.5,0.069,0,0.25,0.517,0.444,0.194,0.185,0.002,0.182,0.181,0.205
06/04/2015 21:00,0.9,1.8,0.7,24.7,5.1,9,0.052,0,0.27,0.641,0.445,0.212,0.228,0.016,0.192,0.16,0.291
06/04/2015 22:00,1,2,0.8,21.6,4.6,8.5,0.045,0,0.295,0.702,0.424,0.223,0.234,0.073,0.195,0.151,0.386
06/04/2015 23:00,0.7,2.6,0.9,17.5,4.1,7.7,0.042,0.004,0.308,0.737,0.402,0.199,0.233,0.14,0.195,0.181,0.434
07/04/2015 00:00,0.2,2.9,0.9,14.3,3.6,6.8,0.016,0.074,0.298,0.748,0.38,0.191,0.244,0.227,0.192,0.189,0.432
07/04/2015 01:00,0,1.6,0.1,10.5,2.7,4.5,0,0.191,0.272,0.75,0.34,0.208,0.266,0.328,0.177,0.2,0.428
07/04/2015 02:00,0.4,1.4,0.3,4.9,2.2,2.4,0,0.266,0.242,0.711,0.309,0.19,0.294,0.186,0.164,0.204,0.442
07/04/2015 03:00,2,1.1,0.4,2,1.3,1.3,0,0.237,0.21,0.65,0.294,0.191,0.279,0.059,0.142,0.203,0.439
07/04/2015 04:00,3.9,1.1,0.6,0.1,0.6,0.4,0,0.167,0.182,0.579,0.265,0.178,0.179,0.022,0.115,0.179,0.42
07/04/2015 05:00,6.5,1.6,1.1,0.1,0.3,0.2,0,0.132,0.164,0.454,0.223,0.155,0.072,0.014,0.098,0.3,0.378
07/04/2015 06:00,9,2.3,1.8,0.1,0.4,0.1,0.001,0.086,0.149,0.365,0.179,0.123,0.014,0.005,0.085,0.39,0.311
07/04/2015 07:00,10.6,2.8,2.4,0.3,0.8,0.3,0.012,0.04,0.136,0.281,0.248,0.107,0.006,0.002,0.076,0.389,0.258
07/04/2015 08:00,11.1,3.3,3.1,0.6,1.3,0.6,0.035,0.009,0.127,0.415,0.352,0.093,0.002,0.002,0.072,0.346,0.237
07/04/2015 09:00,11.3,4,3.5,1.1,2.2,1.3,0.014,0.001,0.119,0.758,0.32,0.088,0.001,0.001,0.079,0.3,0.227
07/04/2015 10:00,9.7,5.6,3.6,1.6,3.4,2.1,0,0.005,0.094,0.778,0.22,0.089,0.001,0.001,0.099,0.264,0.212
07/04/2015 11:00,4.7,8.1,3.2,2.1,5,3.6,0,0.061,0.054,0.711,0.122,0.087,0.001,0.002,0.135,0.27,0.206
07/04/2015 12:00,2.1,10.3,3.9,2.9,6.6,7,0.048,0.067,0.018,0.607,0.052,0.098,0.001,0.003,0.192,0.37,0.22
07/04/2015 13:00,2.1,10.2,4.4,6.8,7.6,13.2,0.202,0.087,0.002,0.488,0.012,0.177,0.003,0.01,0.267,0.478,0.22
07/04/2015 14:00,2.7,8.7,4.1,11.8,7.5,16.3,0.323,0.072,0,0.382,0.001,0.214,0.009,0.021,0.332,0.487,0.179
07/04/2015 15:00,3,7,3.9,16,7.3,15.7,0.311,0.061,0,0.299,0,0.184,0.021,0.049,0.369,0.406,0.147
07/04/2015 16:00,3,5.7,4,21.2,7.8,13.7,0.253,0.064,0,0.245,0.001,0.135,0.015,0.11,0.382,0.364,0.14
07/04/2015 17:00,3,4.6,4.2,26.7,8.7,11.9,0.201,0.071,0,0.223,0.01,0.105,0.006,0.183,0.393,0.31,0.152
07/04/2015 18:00,3.2,3.8,4.5,30.4,8.4,10.8,0.154,0.069,0.003,0.235,0.035,0.094,0.011,0.213,0.395,0.251,0.187
07/04/2015 19:00,3.9,3.1,4.3,31.2,7.4,10.3,0.127,0.045,0.012,0.353,0.059,0.091,0.036,0.155,0.38,0.19,0.245
07/04/2015 20:00,5,2.6,3.6,30.1,5.9,10,0.124,0.024,0.026,0.525,0.1,0.088,0.084,0.05,0.374,0.147,0.292
07/04/2015 21:00,4.4,2.1,3.6,28.3,4.8,9.7,0.104,0.02,0.043,0.683,0.149,0.092,0.128,0,0.394,0.119,0.307
07/04/2015 22:00,2.9,1.9,3.8,27.2,3.9,9.3,0.084,0.027,0.048,0.783,0.197,0.108,0.161,0,0.426,0.092,0.267
07/04/2015 23:00,1.3,2.1,3.7,26.7,2.9,8.6,0.079,0.047,0.042,0.822,0.21,0.113,0.177,0.021,0.438,0.078,0.202
08/04/2015 00:00,0.7,1.8,2.1,26.2,1.9,7.8,0.051,0.102,0.032,0.837,0.182,0.14,0.174,0.085,0.436,0.078,0.165
08/04/2015 01:00,1.5,1.3,0.6,22,1.4,5.1,0.026,0.176,0.024,0.84,0.134,0.17,0.179,0.114,0.412,0.09,0.191
08/04/2015 02:00,2.6,1.5,1.4,12.1,1.2,3.2,0.013,0.25,0.018,0.838,0.104,0.204,0.187,0.068,0.374,0.107,0.297
08/04/2015 03:00,5.3,1.6,2.2,18.1,0.4,2.3,0.005,0.349,0.022,0.77,0.101,0.209,0.177,0.033,0.322,0.113,0.434
08/04/2015 04:00,10.9,2.1,2.9,13.3,0.1,0.9,0.004,0.329,0.038,0.686,0.113,0.186,0.083,0.009,0.263,0.103,0.535
08/04/2015 05:00,17.1,3.4,3.5,8.4,0.5,0.4,0.005,0.289,0.068,0.573,0.131,0.154,0.024,0.001,0.217,0.195,0.571
08/04/2015 06:00,22.3,5.3,4.6,5.8,1.4,0.1,0.009,0.267,0.107,0.486,0.133,0.112,0.011,0,0.18,0.207,0.547
08/04/2015 07:00,26.2,7.8,5.9,4.3,2.2,0.1,0.014,0.287,0.151,0.352,0.101,0.09,0.008,0,0.16,0.178,0.481
08/04/2015 08:00,29.4,10.6,7.2,3.1,2.9,0.3,0.022,0.294,0.187,0.318,0.167,0.093,0.008,0,0.158,0.144,0.427
08/04/2015 09:00,30.4,12.2,8.1,2.1,3.8,0.6,0.027,0.233,0.203,0.71,0.179,0.091,0.006,0,0.179,0.122,0.409
08/04/2015 10:00,22.5,12.8,8.1,1.7,4.8,1.7,0.026,0.27,0.209,0.754,0.14,0.101,0.005,0,0.224,0.118,0.426
08/04/2015 11:00,10.2,13,7.2,2,5.4,3.8,0.034,0.24,0.217,0.676,0.086,0.094,0.006,0,0.279,0.128,0.457
08/04/2015 12:00,6,16.3,8.4,3.5,5.7,7.5,0.161,0.094,0.212,0.519,0.042,0.093,0.009,0,0.332,0.147,0.472
08/04/2015 13:00,6.5,17.5,8.6,9.5,6.6,14.4,0.387,0.035,0.201,0.334,0.02,0.137,0.017,0.018,0.365,0.173,0.463
08/04/2015 14:00,6.3,15.7,7.8,15.5,7.4,17.7,0.495,0.074,0.179,0.205,0.014,0.104,0.047,0.109,0.38,0.199,0.445
08/04/2015 15:00,5,13.4,7.5,20.5,7.6,16.8,0.479,0.158,0.158,0.135,0.015,0.029,0.101,0.217,0.381,0.266,0.425
08/04/2015 16:00,3.4,11.6,8.5,24.9,7.7,15.5,0.382,0.243,0.13,0.1,0.017,0.001,0.11,0.305,0.368,0.355,0.407
08/04/2015 17:00,2.6,10.6,9.8,27.4,7.3,14.6,0.27,0.308,0.101,0.078,0.017,0,0.091,0.367,0.348,0.352,0.389
08/04/2015 18:00,2.5,10,11.8,28.4,6.4,13.9,0.2,0.309,0.072,0.072,0.024,0.002,0.068,0.406,0.337,0.295,0.379
08/04/2015 19:00,2.4,9.2,12.9,28.2,4.9,13.3,0.159,0.245,0.049,0.087,0.034,0.009,0.049,0.456,0.334,0.228,0.403
08/04/2015 20:00,2.2,8.3,12.8,26.8,3.6,12.6,0.149,0.181,0.035,0.145,0.051,0.021,0.035,0.488,0.334,0.179,0.479
08/04/2015 21:00,2.1,7.8,13.1,24.5,2.8,11.5,0.166,0.131,0.029,0.274,0.079,0.037,0.037,0.438,0.334,0.139,0.542
08/04/2015 22:00,2.1,7.5,13.5,22.5,2.4,10.2,0.192,0.128,0.028,0.444,0.127,0.048,0.05,0.339,0.312,0.108,0.558
08/04/2015 23:00,1.9,7.1,13.3,21,2.3,8.9,0.212,0.269,0.031,0.544,0.192,0.045,0.061,0.309,0.284,0.082,0.538
09/04/2015 00:00,1.7,5.8,11,20.1,2.2,7.6,0.204,0.356,0.046,0.548,0.251,0.033,0.066,0.334,0.248,0.068,0.525
09/04/2015 01:00,4.8,4.3,10.4,16.8,2.1,5.3,0.241,0.413,0.072,0.498,0.274,0.024,0.071,0.328,0.193,0.063,0.542
09/04/2015 02:00,9,5.1,14.1,7,2.1,2.7,0.281,0.388,0.101,0.418,0.253,0.038,0.069,0.249,0.144,0.053,0.546
09/04/2015 03:00,11.7,8.5,17.1,4.4,1.6,3,0.221,0.47,0.095,0.317,0.218,0.055,0.038,0.229,0.114,0.038,0.535
09/04/2015 04:00,13.4,10.8,18.2,2.6,1.3,3.1,0.118,0.365,0.082,0.212,0.177,0.088,0.009,0.196,0.1,0.036,0.51
09/04/2015 05:00,16.5,13.2,19,0.9,1.7,1.9,0.061,0.281,0.079,0.123,0.14,0.083,0,0.163,0.091,0.072,0.484
09/04/2015 06:00,20.6,15.8,19,0.3,2.7,0.9,0.026,0.305,0.082,0.06,0.084,0.044,0,0.108,0.085,0.053,0.459
09/04/2015 07:00,23.8,18.2,19,0,3.8,0.3,0.01,0.263,0.078,0.023,0.062,0.028,0.003,0.045,0.077,0.026,0.425
09/04/2015 08:00,23.8,19.9,19,0,5.1,0.3,0.004,0.235,0.069,0.041,0.076,0.027,0.014,0.017,0.064,0.014,0.383
09/04/2015 09:00,18.8,20.7,18.2,0,5.8,0.8,0.001,0.243,0.057,0.289,0.025,0.025,0.034,0.002,0.058,0.011,0.345
09/04/2015 10:00,13.9,20.4,16.4,0.1,6,2.2,0.001,0.253,0.039,0.367,0.007,0.024,0.054,0,0.07,0.013,0.314
09/04/2015 11:00,8.3,18.2,14.5,0.1,5.8,4.4,0,0.227,0.023,0.323,0.002,0.024,0.07,0,0.101,0.018,0.311
09/04/2015 12:00,4.8,16.7,14.6,0.4,5.8,8,0.002,0.119,0.015,0.255,0,0.051,0.079,0.05,0.152,0.028,0.324
09/04/2015 13:00,3.1,15.7,13.6,1.5,7.1,13.7,0.04,0.099,0.009,0.185,0,0.093,0.1,0.781,0.208,0.045,0.346
09/04/2015 14:00,1.7,13.8,11.9,3,7.6,16.4,0.166,0.179,0.005,0.126,0,0.081,0.163,0.909,0.248,0.086,0.378
09/04/2015 15:00,1.1,12.4,10.1,4.6,7.5,15.5,0.302,0.214,0.005,0.09,0,0.034,0.24,0.599,0.234,0.196,0.373
09/04/2015 16:00,0.7,11.5,8.6,6.3,7.1,13.3,0.333,0.164,0.011,0.071,0.001,0.003,0.252,0.153,0.195,0.355,0.337
09/04/2015 17:00,0.7,10.8,7.5,7.7,6.7,10.8,0.268,0.127,0.033,0.061,0.009,0,0.22,0.21,0.157,0.407,0.282
09/04/2015 18:00,0.8,10.5,8.3,9.1,6,8.7,0.186,0.089,0.084,0.046,0.045,0.005,0.179,0.305,0.133,0.35,0.232
09/04/2015 19:00,1,10.3,9.3,10,4.9,7.3,0.131,0.041,0.146,0.046,0.087,0.024,0.137,0.175,0.126,0.275,0.201
09/04/2015 20:00,1,9.8,9,10.3,3.9,6.3,0.105,0.012,0.186,0.118,0.124,0.048,0.106,0.04,0.12,0.225,0.185
09/04/2015 21:00,0.8,8.8,7.8,10.3,3.1,5.5,0.09,0.007,0.197,0.314,0.159,0.068,0.086,0.003,0.111,0.187,0.18
09/04/2015 22:00,0.4,7.8,6.1,10.3,2.6,4.9,0.074,0.012,0.179,0.55,0.192,0.076,0.076,0.058,0.1,0.149,0.193
09/04/2015 23:00,0.2,7.1,5,10.6,2.1,4.4,0.048,0.018,0.159,0.667,0.227,0.06,0.073,0.186,0.095,0.107,0.21
10/04/2015 00:00,0.2,6.6,2.1,11.7,1.9,3.8,0.011,0.049,0.15,0.721,0.28,0.035,0.075,0.237,0.089,0.07,0.21
10/04/2015 01:00,0.5,3.1,2.3,12.8,1.5,3.1,0.002,0.077,0.151,0.72,0.338,0.019,0.073,0.198,0.072,0.048,0.188
10/04/2015 02:00,2.4,1.6,5.6,7.8,1.2,2.4,0.001,0.073,0.161,0.724,0.355,0.019,0.075,0.053,0.051,0.035,0.158
10/04/2015 03:00,4.2,3.1,7,2.6,0.8,1.8,0.001,0.069,0.183,0.672,0.332,0.03,0.071,0.011,0.034,0.053,0.139
10/04/2015 04:00,6.7,3.6,7.3,0,0.4,1.1,0.001,0.048,0.21,0.59,0.287,0.024,0.025,0.004,0.021,0.088,0.131
10/04/2015 05:00,10.5,4.2,7.9,0,0.3,0.8,0.002,0.017,0.221,0.469,0.243,0.023,0.001,0.003,0.012,0.135,0.13
10/04/2015 06:00,13.4,5.3,9,0.1,0.3,1.1,0.004,0.014,0.207,0.401,0.17,0.02,0,0.001,0.007,0.084,0.143
10/04/2015 07:00,14.4,6.3,9.7,0.1,0.4,2.5,0.007,0.089,0.18,0.29,0.135,0.011,0,0,0.003,0.05,0.176
10/04/2015 08:00,14,7.3,9.9,0.3,0.7,4.8,0.008,0.179,0.146,0.252,0.111,0.005,0,0,0.001,0.036,0.22
10/04/2015 09:00,12.9,8,10.5,0.4,1.1,7.8,0.005,0.223,0.109,0.666,0.035,0.002,0.003,0,0.001,0.035,0.251
10/04/2015 10:00,9.3,8,10.1,0.5,1.7,11,0.002,0.259,0.079,0.703,0.002,0.003,0.017,0.007,0.002,0.042,0.265
10/04/2015 11:00,3.8,7.7,9.1,0.6,2.9,14.3,0,0.297,0.06,0.595,0,0.006,0.047,0.028,0.009,0.051,0.274
10/04/2015 12:00,0.8,9.5,10.4,0.8,5.4,18.2,0.006,0.192,0.046,0.481,0,0.001,0.092,0.063,0.025,0.06,0.283
10/04/2015 13:00,0.2,10.4,9.8,1.1,8.8,22.5,0.073,0.387,0.036,0.379,0,0,0.158,0.163,0.053,0.058,0.29
10/04/2015 14:00,0.1,9.7,7.6,1.9,10.2,23,0.165,0.52,0.034,0.302,0,0.001,0.251,0.304,0.083,0.05,0.284
10/04/2015 15:00,0.2,9.5,5.5,4.3,9.3,21,0.238,0.466,0.048,0.254,0.001,0.001,0.282,0.429,0.103,0.054,0.259
10/04/2015 16:00,0.2,9.8,4.1,8.3,6.8,18,0.27,0.32,0.082,0.245,0.01,0.008,0.213,0.478,0.118,0.083,0.209
10/04/2015 17:00,0.2,9.8,3.4,12.3,4.6,16.4,0.25,0.193,0.126,0.271,0.048,0.022,0.151,0.374,0.126,0.136,0.163
10/04/2015 18:00,0.2,9.5,3.4,14.2,3.1,15.8,0.207,0.102,0.173,0.35,0.125,0.039,0.12,0.201,0.124,0.196,0.135
10/04/2015 19:00,0.2,8.5,3.4,12.9,2.3,15.6,0.165,0.052,0.209,0.553,0.183,0.05,0.105,0.115,0.12,0.213,0.118
10/04/2015 20:00,0.2,7,3.6,11.5,1.7,15.2,0.131,0.035,0.228,0.725,0.224,0.051,0.094,0.069,0.119,0.171,0.109
10/04/2015 21:00,0.1,6,3.6,11.5,1.3,14.2,0.089,0.044,0.212,0.812,0.254,0.048,0.093,0.084,0.126,0.118,0.114
10/04/2015 22:00,0.1,5.3,3.9,11,0.9,13.3,0.049,0.07,0.182,0.831,0.27,0.044,0.099,0.198,0.135,0.074,0.128
10/04/2015 23:00,0.1,4.6,4.3,9.3,0.6,12.7,0.021,0.192,0.161,0.814,0.271,0.045,0.106,0.297,0.154,0.044,0.139
11/04/2015 00:00,0.1,4,3.3,8,0.5,12.5,0.005,0.437,0.149,0.806,0.267,0.041,0.116,0.332,0.17,0.034,0.133
11/04/2015 01:00,0,3.3,1.1,7.1,0.4,12.5,0.002,0.501,0.143,0.78,0.256,0.025,0.159,0.352,0.169,0.034,0.118
11/04/2015 02:00,1.1,3.7,1,4.3,0.4,14.9,0,0.503,0.133,0.719,0.253,0.012,0.183,0.429,0.157,0.039,0.093
11/04/2015 03:00,3,1.8,1,2.3,0.4,14.1,0,0.397,0.136,0.661,0.259,0.012,0.114,0.447,0.14,0.045,0.072
11/04/2015 04:00,4.8,1.3,1,2.1,0.3,11.8,0,0.319,0.148,0.607,0.264,0.009,0.026,0.394,0.123,0.039,0.063
11/04/2015 05:00,6.7,1.5,1.3,1.5,0.3,10.1,0,0.242,0.155,0.538,0.266,0.006,0.002,0.311,0.113,0.073,0.068
11/04/2015 06:00,7.9,2.1,1.8,1.5,0.5,9.8,0,0.163,0.156,0.457,0.264,0.004,0.001,0.218,0.115,0.1,0.086
11/04/2015 07:00,8.2,3.1,2.3,1.6,0.9,10.6,0,0.117,0.157,0.317,0.27,0.005,0.002,0.155,0.13,0.102,0.12
11/04/2015 08:00,7.6,3.9,2.7,1.8,1.3,12.3,0,0.094,0.164,0.407,0.353,0.006,0.004,0.133,0.154,0.093,0.165
11/04/2015 09:00,6.6,4.2,3.4,2,1.9,14.9,0,0.084,0.155,0.464,0.39,0.009,0.006,0.124,0.185,0.093,0.2
11/04/2015 10:00,4.8,4.6,4.6,2.4,2.5,17.6,0,0.087,0.124,0.462,0.361,0.014,0.007,0.132,0.235,0.112,0.213
11/04/2015 11:00,2.3,6.6,6.6,3.3,3.6,20,0,0.105,0.091,0.347,0.31,0.018,0.008,0.17,0.308,0.141,0.217
11/04/2015 12:00,0.7,8.8,8,6.2,5.9,22,0.035,0.036,0.062,0.265,0.214,0.02,0.015,0.241,0.357,0.179,0.207
11/04/2015 13:00,0.2,8,7.5,12.6,9.3,22.9,0.14,0.094,0.044,0.219,0.123,0.044,0.024,0.41,0.379,0.225,0.192
11/04/2015 14:00,0.2,6.3,7,15.9,9.1,21.5,0.227,0.312,0.037,0.203,0.069,0.033,0.031,0.589,0.368,0.264,0.184
11/04/2015 15:00,0.2,5.4,7.1,16.9,8.1,19.5,0.261,0.317,0.043,0.213,0.035,0.014,0.03,0.63,0.316,0.318,0.179
11/04/2015 16:00,0.5,5.3,7.6,21.1,6.3,17.3,0.251,0.317,0.058,0.244,0.024,0.005,0.024,0.599,0.253,0.388,0.167
11/04/2015 17:00,0.7,5.6,7.5,25.5,5,14.9,0.216,0.348,0.074,0.291,0.036,0.001,0.019,0.547,0.204,0.346,0.148
11/04/2015 18:00,0.8,6.2,7.4,24.7,4.1,11.8,0.169,0.398,0.093,0.374,0.084,0,0.017,0.494,0.179,0.278,0.127
11/04/2015 19:00,0.8,7,6.8,19.5,3.4,9.1,0.141,0.436,0.102,0.571,0.152,0,0.01,0.444,0.165,0.225,0.112
11/04/2015 20:00,0.6,7.8,6.1,13.6,2.7,7.6,0.122,0.45,0.097,0.71,0.193,0,0.009,0.407,0.155,0.167,0.106
11/04/2015 21:00,0.5,8.4,6,8.3,2.1,6.6,0.088,0.425,0.083,0.77,0.168,0.001,0.015,0.341,0.144,0.115,0.113
11/04/2015 22:00,0.6,7.6,6.3,5.3,1.6,5.9,0.057,0.464,0.072,0.78,0.137,0.008,0.032,0.254,0.136,0.093,0.132
11/04/2015 23:00,0.6,7.9,7,4.4,1.3,5.6,0.039,0.586,0.073,0.77,0.137,0.017,0.038,0.188,0.142,0.084,0.16
12/04/2015 00:00,0.4,7.3,6.3,4.1,1.1,5.5,0.017,0.591,0.071,0.732,0.149,0.014,0.045,0.152,0.147,0.072,0.196
12/04/2015 01:00,0,4.3,5,2.9,0.7,4.9,0.008,0.538,0.061,0.644,0.148,0.02,0.067,0.102,0.144,0.076,0.234
12/04/2015 02:00,0.1,5.3,4.9,2.3,0.9,3.9,0.004,0.479,0.054,0.573,0.141,0.033,0.119,0.041,0.13,0.099,0.27
12/04/2015 03:00,0.9,4.8,2.9,1.3,0.8,2.6,0.001,0.442,0.055,0.525,0.149,0.045,0.214,0.027,0.118,0.12,0.295
12/04/2015 04:00,3,3.7,1.8,0.4,0.4,1.7,0,0.406,0.062,0.488,0.148,0.049,0.174,0.018,0.11,0.143,0.305
12/04/2015 05:00,4.5,2.5,1.2,0.4,0.2,1.4,0,0.367,0.078,0.454,0.139,0.054,0.123,0.004,0.103,0.352,0.311
12/04/2015 06:00,5.8,1.8,1.2,0.4,0.1,1.8,0,0.337,0.108,0.398,0.106,0.052,0.121,0,0.099,0.397,0.334
12/04/2015 07:00,6.6,1.6,1.6,0.6,0.1,2.6,0,0.3,0.146,0.261,0.118,0.055,0.122,0,0.098,0.347,0.369
12/04/2015 08:00,7,1.7,2.2,1.1,0.2,4,0,0.253,0.172,0.348,0.192,0.066,0.118,0,0.11,0.273,0.416
12/04/2015 09:00,7.2,2.3,2.8,2.6,0.3,6.2,0.001,0.356,0.178,0.529,0.135,0.076,0.108,0.002,0.137,0.216,0.464
12/04/2015 10:00,5.3,2.7,2.9,4.4,0.3,8.8,0.001,0.324,0.175,0.508,0.077,0.08,0.094,0.011,0.188,0.182,0.487
12/04/2015 11:00,2.1,3.4,2.7,6.1,0.4,11.6,0,0.337,0.174,0.309,0.054,0.071,0.081,0.036,0.283,0.176,0.498
12/04/2015 12:00,0.7,4.4,3.2,7.7,0.6,13.9,0.003,0.187,0.172,0.149,0.046,0.085,0.071,0.077,0.402,0.215,0.503
12/04/2015 13:00,0.3,4.9,3.8,10.6,1.1,14.7,0.037,0.189,0.153,0.062,0.044,0.147,0.06,0.158,0.507,0.291,0.502
12/04/2015 14:00,0.2,4.8,4.7,14.3,1.3,13.1,0.096,0.422,0.123,0.026,0.041,0.208,0.055,0.253,0.566,0.365,0.503
12/04/2015 15:00,0.2,3.9,5.1,15.2,1.3,10.4,0.162,0.481,0.11,0.016,0.038,0.204,0.06,0.282,0.559,0.419,0.501
12/04/2015 16:00,0.2,3.3,5.9,13.8,1.3,7.8,0.211,0.437,0.106,0.021,0.041,0.164,0.08,0.261,0.55,0.395,0.504
12/04/2015 17:00,0.1,3.1,6.6,12.3,1.4,6.1,0.222,0.369,0.111,0.039,0.063,0.123,0.114,0.226,0.523,0.343,0.513
12/04/2015 18:00,0.1,3.2,7.2,11.1,1.6,5.1,0.188,0.299,0.121,0.088,0.14,0.089,0.156,0.186,0.495,0.298,0.519
12/04/2015 19:00,0.1,3.4,7.1,9.8,1.8,4.6,0.136,0.238,0.133,0.201,0.255,0.06,0.185,0.14,0.49,0.253,0.511
12/04/2015 20:00,0.1,3.1,6.9,8.3,1.4,4.4,0.103,0.179,0.141,0.361,0.364,0.043,0.201,0.085,0.494,0.214,0.488
12/04/2015 21:00,0.1,2.4,6.8,8.4,0.9,4.2,0.082,0.12,0.126,0.508,0.428,0.041,0.213,0.044,0.454,0.174,0.479
12/04/2015 22:00,0.1,1.9,6.9,9.6,0.6,3.8,0.062,0.162,0.09,0.583,0.471,0.049,0.224,0.026,0.379,0.137,0.488
12/04/2015 23:00,0.2,1.1,6.8,10.4,0.4,3.3,0.043,0.325,0.061,0.574,0.501,0.056,0.241,0.023,0.316,0.135,0.504
13/04/2015 00:00,0.3,0.6,5.4,10.6,0.4,2.9,0.011,0.432,0.042,0.538,0.477,0.08,0.27,0.023,0.256,0.163,0.506
13/04/2015 01:00,0.5,0.2,2.6,8.5,0.4,2,0.001,0.429,0.034,0.501,0.428,0.1,0.312,0.018,0.181,0.18,0.497
13/04/2015 02:00,1.2,0.2,1.1,3.6,0.6,1.4,0,0.343,0.027,0.472,0.358,0.15,0.358,0.002,0.111,0.176,0.491
13/04/2015 03:00,1.2,0.6,0.7,2.6,0.9,0.9,0,0.305,0.029,0.454,0.297,0.179,0.371,0.004,0.063,0.164,0.469
13/04/2015 04:00,1.4,0.8,0.5,2.5,1.1,0.6,0.001,0.29,0.041,0.437,0.251,0.202,0.191,0.006,0.033,0.166,0.438
13/04/2015 05:00,1.6,1.1,0.5,2.6,1.1,0.6,0.001,0.286,0.059,0.416,0.21,0.178,0.127,0.001,0.015,0.289,0.415
13/04/2015 06:00,1.6,1.6,0.6,2.7,1.3,0.8,0,0.251,0.077,0.401,0.145,0.158,0.128,0,0.007,0.305,0.406
13/04/2015 07:00,1.5,2.3,0.7,2.9,1.4,1.1,0,0.233,0.089,0.332,0.101,0.127,0.145,0,0.004,0.291,0.409
13/04/2015 08:00,1.2,3.3,0.9,3.5,1.6,1.7,0,0.196,0.1,0.22,0.196,0.103,0.173,0,0.003,0.294,0.422
13/04/2015 09:00,1.2,4.4,0.9,4.6,1.7,2.9,0,0.143,0.101,0.234,0.125,0.095,0.197,0,0.002,0.328,0.454
13/04/2015 10:00,1.3,4.9,0.8,5.8,2,5.1,0,0.152,0.117,0.22,0.055,0.095,0.209,0,0.004,0.396,0.491
13/04/2015 11:00,0.6,5.1,1,6.8,2.5,7.9,0,0.182,0.152,0.094,0.028,0.086,0.207,0.001,0.014,0.488,0.532
13/04/2015 12:00,0.1,5.3,1.8,7.6,4,10.9,0.013,0.161,0.18,0.022,0.015,0.132,0.193,0.006,0.044,0.57,0.574
13/04/2015 13:00,0,5.5,2.6,10.1,7.6,14.5,0.082,0.174,0.199,0.003,0.005,0.234,0.172,0.029,0.099,0.615,0.606
13/04/2015 14:00,0.1,5.9,3.1,13.3,8.9,15.7,0.2,0.176,0.219,0.002,0.002,0.214,0.174,0.058,0.17,0.594,0.627
13/04/2015 15:00,0.2,6,2.7,15.3,7.8,13.6,0.316,0.148,0.253,0.009,0.002,0.149,0.196,0.084,0.223,0.494,0.63
13/04/2015 16:00,0.2,5.6,2.3,16,6,11.3,0.376,0.095,0.301,0.031,0.01,0.095,0.21,0.106,0.251,0.385,0.622
13/04/2015 17:00,0.2,4.9,2.1,16.2,4.7,8.7,0.365,0.07,0.349,0.061,0.043,0.063,0.216,0.107,0.261,0.272,0.617
13/04/2015 18:00,0.2,3.9,1.8,16.5,3.7,6.6,0.308,0.033,0.393,0.131,0.126,0.049,0.216,0.093,0.249,0.199,0.615
13/04/2015 19:00,0.1,3.1,1.6,17.3,2.8,5.1,0.252,0.022,0.42,0.322,0.237,0.051,0.218,0.073,0.22,0.137,0.613
13/04/2015 20:00,0.1,2.3,1.3,18.1,2,4.3,0.217,0.011,0.414,0.563,0.324,0.064,0.227,0.058,0.185,0.088,0.603
13/04/2015 21:00,0.1,1.6,1,18.5,1.4,3.9,0.192,0.017,0.379,0.697,0.333,0.085,0.245,0.055,0.161,0.049,0.596
13/04/2015 22:00,0.2,1.4,0.9,18.7,1.1,3.8,0.181,0.046,0.394,0.706,0.294,0.102,0.272,0.056,0.139,0.024,0.584
13/04/2015 23:00,0.2,2,0.9,19,0.9,3.7,0.182,0.1,0.435,0.649,0.259,0.137,0.312,0.054,0.113,0.012,0.55
14/04/2015 00:00,0.1,3,0.6,18.8,1,3.9,0.101,0.168,0.438,0.586,0.227,0.233,0.366,0.05,0.086,0.006,0.505
14/04/2015 01:00,0,2.4,0.1,14.7,0.8,3.4,0.056,0.294,0.425,0.54,0.19,0.313,0.404,0.037,0.061,0.004,0.459
14/04/2015 02:00,0.1,1.9,0.1,7.1,0.7,2.8,0.027,0.431,0.429,0.501,0.156,0.353,0.429,0.007,0.039,0.002,0.422
14/04/2015 03:00,0.6,1.1,0.2,3.4,0.4,2.8,0.008,0.432,0.443,0.461,0.14,0.325,0.432,0,0.024,0.001,0.405
14/04/2015 04:00,1,0.8,0.4,1.9,0.3,2.8,0.003,0.376,0.479,0.391,0.139,0.267,0.233,0,0.014,0.006,0.416
14/04/2015 05:00,1.6,1,0.8,2.1,0.1,2.8,0.001,0.332,0.53,0.313,0.148,0.223,0.21,0,0.008,0.154,0.459
14/04/2015 06:00,2.8,1.3,1.4,2.3,0.1,2.9,0.001,0.337,0.519,0.234,0.133,0.172,0.19,0,0.004,0.355,0.519
14/04/2015 07:00,3.4,1.4,1.9,2.2,0.1,2.9,0.001,0.347,0.435,0.106,0.235,0.146,0.108,0,0.002,0.465,0.568
14/04/2015 08:00,3.1,1.5,2.3,2.1,0.1,3.3,0.002,0.457,0.345,0.009,0.365,0.138,0.071,0.001,0.001,0.502,0.595
14/04/2015 09:00,2.5,1.7,2.4,2.3,0.1,4.4,0.002,0.477,0.287,0.005,0.223,0.119,0.049,0.001,0,0.515,0.604
14/04/2015 10:00,1.7,2,1.9,2.5,0.3,6.1,0.002,0.534,0.249,0.059,0.077,0.107,0.029,0.001,0,0.538,0.594
14/04/2015 11:00,0.7,2.9,1.1,3.1,0.6,8.5,0.008,0.549,0.208,0.036,0.014,0.086,0.014,0,0,0.563,0.582
14/04/2015 12:00,0.2,5.2,0.8,4,1.5,11.1,0.177,0.538,0.17,0.007,0.002,0.092,0.006,0.001,0.001,0.574,0.567
14/04/2015 13:00,0,5.7,0.6,6.8,4.5,13.5,0.5,0.694,0.137,0.001,0.001,0.123,0.005,0.01,0.004,0.557,0.552
14/04/2015 14:00,0,5.1,0.7,11,6.4,14.2,0.654,0.8,0.106,0,0.001,0.088,0.004,0.034,0.012,0.516,0.538
14/04/2015 15:00,0,4.6,0.9,15.2,5.9,12.8,0.612,0.858,0.096,0,0.005,0.028,0.008,0.056,0.024,0.422,0.523
14/04/2015 16:00,0,4.6,0.9,18,4.3,10.8,0.548,0.892,0.11,0.001,0.023,0.001,0.02,0.062,0.036,0.332,0.514
14/04/2015 17:00,0,4.5,1,19.1,3.2,8.6,0.495,0.889,0.142,0.006,0.067,0,0.044,0.058,0.047,0.234,0.516
14/04/2015 18:00,0,4.3,1.1,19,2.6,6.7,0.426,0.867,0.197,0.059,0.154,0,0.073,0.053,0.054,0.158,0.521
14/04/2015 19:00,0,4,1.3,18.8,2.3,5.1,0.334,0.814,0.251,0.309,0.248,0.005,0.102,0.043,0.064,0.113,0.522
14/04/2015 20:00,0.1,3.6,1.4,19.3,1.8,4.2,0.25,0.881,0.283,0.579,0.305,0.031,0.126,0.026,0.081,0.094,0.522
14/04/2015 21:00,0.1,2.8,1.2,19.4,1.3,3.9,0.188,0.949,0.288,0.668,0.291,0.077,0.142,0.011,0.088,0.094,0.529
14/04/2015 22:00,0.1,2.1,0.9,20.1,1.1,4.1,0.153,0.953,0.27,0.663,0.235,0.093,0.148,0.006,0.08,0.098,0.538
14/04/2015 23:00,0.1,1.6,0.6,21.9,0.9,4.4,0.126,0.962,0.256,0.623,0.17,0.059,0.158,0.007,0.067,0.089,0.529
15/04/2015 00:00,0.1,1.1,0.3,22.9,1.1,4.9,0.076,0.958,0.241,0.578,0.12,0.014,0.172,0.008,0.048,0.068,0.51
15/04/2015 01:00,0,0.5,0,18.1,1.4,4.1,0.05,0.956,0.223,0.538,0.101,0.001,0.187,0.003,0.025,0.045,0.494
15/04/2015 02:00,0.6,0.3,0.2,10.8,3.3,3.8,0.044,0.965,0.199,0.498,0.118,0.001,0.218,0,0.01,0.026,0.492
15/04/2015 03:00,1.7,0.4,0.3,9.5,3.9,3.2,0.037,0.971,0.196,0.45,0.149,0.002,0.225,0.003,0.006,0.009,0.501
15/04/2015 04:00,3,0.7,0.7,3.6,3.6,2.4,0.03,0.964,0.202,0.408,0.162,0.01,0.113,0.033,0.006,0.011,0.516
15/04/2015 05:00,4.4,1.3,1.2,1.8,3,1.8,0.016,0.951,0.206,0.368,0.161,0.019,0.025,0.03,0.008,0.148,0.532
15/04/2015 06:00,6,2.5,1.6,1.2,2.5,1.6,0.004,0.884,0.201,0.328,0.118,0.019,0.002,0.02,0.011,0.261,0.553
15/04/2015 07:00,7.8,3.9,2,0.6,2.1,1.5,0,0.779,0.194,0.217,0.113,0.011,0,0.013,0.01,0.251,0.575
15/04/2015 08:00,7.7,4.7,2.3,0.4,1.8,1.6,0,0.733,0.205,0.096,0.071,0.005,0,0.009,0.007,0.249,0.591
15/04/2015 09:00,5.6,5.3,2.9,0.3,1.6,1.8,0,0.701,0.201,0.058,0.004,0.002,0,0.006,0.006,0.289,0.597
15/04/2015 10:00,3.1,5.9,2.9,0.4,1.7,2.4,0,0.614,0.188,0.044,0.016,0,0,0.005,0.011,0.365,0.596
15/04/2015 11:00,1.6,6.1,2.3,0.5,2.3,3.3,0.015,0.538,0.183,0.07,0.045,0,0,0.009,0.025,0.445,0.595
15/04/2015 12:00,0.8,7.1,2.3,0.7,3.9,4.7,0.233,0.59,0.17,0.051,0.073,0,0.002,0.025,0.054,0.529,0.592
15/04/2015 13:00,0.4,7.6,2.4,1.3,7.8,6.9,0.494,0.618,0.145,0.03,0.09,0.001,0.011,0.067,0.109,0.587,0.581
15/04/2015 14:00,0.2,7.3,2.8,2.1,9.1,8.1,0.58,0.552,0.122,0.014,0.1,0.009,0.041,0.143,0.183,0.57,0.567
15/04/2015 15:00,0.3,7.1,2.8,3.4,8.8,7.1,0.531,0.494,0.101,0.005,0.109,0.024,0.076,0.259,0.248,0.461,0.564
15/04/2015 16:00,0.4,7.1,2.3,5.3,7.8,5.3,0.45,0.463,0.065,0.002,0.124,0.038,0.076,0.347,0.272,0.359,0.571
15/04/2015 17:00,0.4,7.3,1.6,8.1,6.5,3.8,0.355,0.471,0.032,0,0.16,0.057,0.054,0.368,0.27,0.278,0.578
15/04/2015 18:00,0.5,7.8,1.3,11.9,5.4,2.9,0.274,0.476,0.012,0,0.249,0.077,0.031,0.345,0.258,0.22,0.59
15/04/2015 19:00,0.5,7.2,1.4,15.9,4.5,2.8,0.223,0.491,0.002,0.002,0.311,0.104,0.043,0.311,0.251,0.167,0.604
15/04/2015 20:00,0.4,6.3,1.5,18.8,3.8,3.3,0.199,0.488,0,0.053,0.316,0.126,0.099,0.282,0.243,0.121,0.608
15/04/2015 21:00,0.4,4.9,1.3,18.8,2.9,3.8,0.221,0.448,0,0.176,0.3,0.135,0.161,0.235,0.233,0.077,0.609
15/04/2015 22:00,0.3,3.7,1.1,17.2,1.9,4.1,0.251,0.348,0.002,0.317,0.3,0.119,0.211,0.19,0.232,0.044,0.607
15/04/2015 23:00,0.2,2.8,1.1,16.2,1.3,4.6,0.256,0.365,0.012,0.421,0.337,0.069,0.265,0.14,0.234,0.027,0.59
16/04/2015 00:00,0.2,2.3,1.3,16.1,1.2,5.4,0.169,0.414,0.007,0.485,0.365,0.053,0.309,0.093,0.229,0.019,0.556
16/04/2015 01:00,0,1.1,0.4,13.5,0.9,5.3,0.105,0.449,0.002,0.483,0.337,0.036,0.341,0.034,0.21,0.013,0.513
16/04/2015 02:00,1.1,0.7,0.8,5.6,1.8,5,0.065,0.479,0.002,0.453,0.292,0.028,0.376,0.002,0.19,0.007,0.472
16/04/2015 03:00,3.3,0.8,1.6,2.8,2.5,4.1,0.027,0.468,0.001,0.425,0.238,0.033,0.374,0.004,0.157,0.002,0.443
16/04/2015 04:00,6.2,1.2,1.8,0.6,3.1,3,0.008,0.413,0.001,0.389,0.196,0.032,0.189,0.047,0.123,0.007,0.435
16/04/2015 05:00,10.4,2.4,2.1,0.1,3.3,2,0.002,0.391,0.028,0.348,0.169,0.039,0.122,0.062,0.094,0.095,0.451
16/04/2015 06:00,14.9,4.1,2.8,0.2,2.9,1.3,0,0.354,0.118,0.295,0.114,0.034,0.101,0.05,0.068,0.201,0.484
16/04/2015 07:00,18.4,6,3.7,0.3,2.3,1,0,0.318,0.265,0.168,0.159,0.041,0.086,0.036,0.047,0.259,0.525
16/04/2015 08:00,20.3,7.8,4.3,0.5,1.8,0.9,0,0.27,0.386,0.061,0.128,0.048,0.07,0.027,0.033,0.289,0.567
16/04/2015 09:00,20.1,9.5,4.8,0.8,1.4,1.3,0,0.225,0.408,0.03,0.043,0.053,0.046,0.018,0.029,0.296,0.601
16/04/2015 10:00,16.2,10.8,4.8,1.2,1.3,2,0,0.205,0.349,0.037,0.005,0.055,0.022,0.011,0.041,0.311,0.621
16/04/2015 11:00,8.5,12,5,1.6,1.3,3.3,0.001,0.151,0.262,0.108,0,0.071,0.01,0.006,0.071,0.343,0.633
16/04/2015 12:00,4.6,14.2,6.3,2,1.9,5.1,0.083,0.078,0.202,0.142,0,0.066,0.005,0.004,0.127,0.395,0.642
16/04/2015 13:00,4.7,16.2,8,2.6,3.7,7.8,0.249,0.119,0.155,0.13,0.002,0.093,0.004,0,0.204,0.448,0.642
16/04/2015 14:00,5.6,16.6,9.3,2.8,5.1,8.9,0.346,0.055,0.12,0.104,0.008,0.134,0.007,0,0.281,0.471,0.634
16/04/2015 15:00,5.2,15.5,10,2.7,5.4,7.4,0.343,0.017,0.122,0.07,0.014,0.154,0.014,0,0.323,0.467,0.59
16/04/2015 16:00,4.2,14.2,9.1,2.5,5.3,5.3,0.31,0.006,0.133,0.039,0.015,0.164,0.015,0,0.328,0.391,0.513
16/04/2015 17:00,3,13.8,7.5,2.6,4.9,3.8,0.28,0.004,0.141,0.016,0.026,0.175,0.011,0,0.321,0.291,0.444
16/04/2015 18:00,2.1,13.6,6.1,3.3,4.3,3.3,0.251,0.003,0.159,0.001,0.056,0.178,0.005,0,0.304,0.22,0.404
16/04/2015 19:00,1.4,13.2,5.4,4,3.2,3.7,0.22,0.004,0.214,0.015,0.107,0.181,0.009,0,0.277,0.165,0.394
16/04/2015 20:00,1,12.7,4.9,4.1,2.2,5,0.175,0.008,0.286,0.167,0.168,0.192,0.034,0.001,0.237,0.125,0.4
16/04/2015 21:00,0.8,12.2,4.6,3.1,1.6,5.8,0.108,0.013,0.311,0.423,0.241,0.209,0.062,0.031,0.199,0.088,0.432
16/04/2015 22:00,0.8,11.6,5.3,2.1,1.2,5.6,0.071,0.019,0.29,0.538,0.311,0.209,0.09,0.169,0.161,0.058,0.478
16/04/2015 23:00,0.8,10.9,4.8,1.8,1.1,4.8,0.064,0.025,0.253,0.535,0.338,0.16,0.125,0.345,0.135,0.035,0.509
17/04/2015 00:00,0.9,9.2,4.2,1.9,1.3,4.1,0.044,0.061,0.216,0.473,0.323,0.093,0.158,0.388,0.109,0.021,0.525
17/04/2015 01:00,2.3,5.7,3.6,1.8,0.8,2.6,0.011,0.143,0.195,0.399,0.279,0.063,0.191,0.345,0.082,0.012,0.539
17/04/2015 02:00,4.7,8.5,6.3,0.9,0.7,1.4,0.001,0.26,0.148,0.341,0.227,0.045,0.217,0.27,0.057,0.006,0.558
17/04/2015 03:00,7.2,9.8,9.3,1.4,0.4,1,0,0.361,0.107,0.278,0.195,0.036,0.225,0.202,0.036,0.003,0.574
17/04/2015 04:00,11.1,9.1,9.5,2.7,0.3,1.1,0.002,0.434,0.131,0.206,0.189,0.029,0.175,0.123,0.022,0.003,0.585
17/04/2015 05:00,16.4,9,9.8,4.8,0.6,1.9,0.015,0.481,0.206,0.157,0.188,0.029,0.132,0.051,0.015,0.049,0.593
17/04/2015 06:00,23.2,9.4,10.2,7.3,0.9,3.1,0.032,0.472,0.264,0.128,0.143,0.016,0.07,0.016,0.013,0.082,0.596
17/04/2015 07:00,28.5,9.8,11,10.1,1.2,4.6,0.046,0.402,0.274,0.077,0.152,0.013,0.032,0.006,0.018,0.101,0.595
17/04/2015 08:00,31.6,10.5,11.6,13.4,1.4,6.6,0.061,0.332,0.276,0.046,0.123,0.015,0.013,0.002,0.028,0.114,0.586
17/04/2015 09:00,31,11.8,12.6,15.5,1.6,9.5,0.073,0.277,0.271,0.059,0.042,0.021,0.003,0.001,0.041,0.123,0.575
17/04/2015 10:00,26.9,13.1,12.5,15.9,2,13.4,0.089,0.223,0.261,0.093,0.003,0.023,0,0.001,0.055,0.14,0.556
17/04/2015 11:00,15.8,13.2,12.7,15.5,2.2,18,0.082,0.137,0.254,0.156,0,0.027,0,0.001,0.083,0.176,0.528
17/04/2015 12:00,6.4,11.8,14.5,15.1,2.5,22.9,0.068,0.015,0.23,0.251,0,0.031,0,0.003,0.123,0.241,0.498
17/04/2015 13:00,5.3,8.2,15.2,17.7,3.6,26.2,0.078,0.019,0.193,0.264,0,0.061,0.002,0.024,0.167,0.337,0.469
17/04/2015 14:00,3.7,6.4,14.8,19.5,4.4,26,0.093,0.087,0.16,0.233,0.001,0.091,0.014,0.072,0.194,0.438,0.451
17/04/2015 15:00,3.1,6.7,12.4,17.7,4.2,22.9,0.112,0.077,0.141,0.184,0.005,0.101,0.035,0.108,0.189,0.488,0.445
17/04/2015 16:00,2.6,7.7,10.7,14.3,3.8,19.7,0.113,0.051,0.137,0.143,0.018,0.111,0.043,0.117,0.171,0.455,0.453
17/04/2015 17:00,2.7,9,8.6,10.2,3.4,17.2,0.091,0.048,0.135,0.101,0.041,0.122,0.047,0.108,0.158,0.375,0.471
17/04/2015 18:00,2.1,9.6,7.1,6.7,3.1,16,0.079,0.067,0.138,0.043,0.078,0.132,0.047,0.092,0.152,0.295,0.488
17/04/2015 19:00,1.1,9.6,7.4,4.8,2.8,15.5,0.099,0.095,0.144,0.007,0.099,0.136,0.041,0.075,0.146,0.23,0.494
17/04/2015 20:00,0.6,9.5,7.8,4.1,2.8,15.2,0.133,0.131,0.137,0.002,0.1,0.141,0.035,0.056,0.143,0.18,0.488
17/04/2015 21:00,0.3,8.7,7.5,5,2.8,15.3,0.142,0.171,0.118,0.008,0.089,0.153,0.05,0.037,0.131,0.131,0.469
17/04/2015 22:00,0.2,8.3,6.8,10,2.8,15.3,0.132,0.209,0.096,0.052,0.096,0.157,0.1,0.026,0.112,0.086,0.447
17/04/2015 23:00,0.1,8.1,6.3,17.2,2.9,15.3,0.113,0.225,0.094,0.155,0.143,0.128,0.149,0.031,0.099,0.054,0.42
18/04/2015 00:00,0.1,7.2,3.5,22,2.8,15.3,0.063,0.25,0.119,0.235,0.209,0.105,0.171,0.048,0.089,0.032,0.391
18/04/2015 01:00,0.8,6.6,5.4,22.1,1.5,13.3,0.037,0.315,0.167,0.231,0.245,0.105,0.174,0.072,0.074,0.02,0.379
18/04/2015 02:00,2.1,7.1,8,12.2,0.5,13,0.081,0.426,0.234,0.156,0.23,0.102,0.17,0.053,0.055,0.013,0.386
18/04/2015 03:00,4.1,5.6,8.7,9.8,1.1,14.8,0.101,0.523,0.347,0.101,0.201,0.114,0.152,0.024,0.041,0.01,0.386
18/04/2015 04:00,7.6,3.7,8.6,14.8,1.8,15.2,0.127,0.46,0.51,0.068,0.17,0.11,0.064,0.003,0.034,0.015,0.382
18/04/2015 05:00,12.6,2.9,8.8,16.7,2.1,14.9,0.174,0.344,0.664,0.055,0.138,0.104,0.004,0,0.03,0.119,0.386
18/04/2015 06:00,18.1,2.8,9.1,19,2.3,15.5,0.221,0.261,0.767,0.059,0.089,0.073,0,0,0.029,0.164,0.4
18/04/2015 07:00,24.3,3.2,9.4,21.3,2.4,17.2,0.26,0.22,0.824,0.053,0.072,0.059,0,0.001,0.03,0.16,0.426
18/04/2015 08:00,27.1,3.9,9.8,22.2,2.4,19.5,0.285,0.205,0.854,0.048,0.086,0.054,0,0.023,0.034,0.154,0.464
18/04/2015 09:00,25.1,4.4,9.6,21,2.6,22.4,0.295,0.177,0.842,0.081,0.02,0.054,0,0.075,0.041,0.154,0.513
18/04/2015 10:00,17.5,4.4,8,18.3,2.9,24.9,0.275,0.154,0.809,0.158,0,0.065,0.001,0.133,0.06,0.167,0.557
18/04/2015 11:00,8.5,5.2,5.1,15.5,3.3,26.6,0.18,0.115,0.779,0.243,0,0.076,0.01,0.223,0.109,0.197,0.592
18/04/2015 12:00,3.7,8.8,3.7,12.2,4.3,27.7,0.103,0.03,0.744,0.251,0,0.1,0.043,0.28,0.2,0.239,0.602
18/04/2015 13:00,3.8,11.1,3.1,9.6,7.1,27.8,0.058,0.156,0.704,0.229,0.003,0.153,0.091,0.35,0.331,0.293,0.578
18/04/2015 14:00,3,13.6,3.8,7,8.3,26.7,0.028,0.241,0.674,0.21,0.014,0.161,0.138,0.484,0.448,0.346,0.539
18/04/2015 15:00,2.8,15.2,4.9,4.8,7.2,23.7,0.011,0.227,0.689,0.193,0.03,0.152,0.143,0.682,0.513,0.401,0.51
18/04/2015 16:00,3.1,17.5,5.8,4.3,5.3,20.9,0.003,0.251,0.72,0.181,0.061,0.133,0.104,0.827,0.513,0.435,0.493
18/04/2015 17:00,2.9,18,5.4,6.6,3.6,19.3,0.001,0.343,0.751,0.163,0.138,0.113,0.058,0.875,0.481,0.366,0.484
18/04/2015 18:00,2,17.8,6.3,12.1,2.6,18.4,0,0.425,0.778,0.132,0.254,0.096,0.027,0.875,0.449,0.271,0.481
18/04/2015 19:00,1,16.6,6.7,19.8,2.1,17.8,0,0.437,0.795,0.12,0.313,0.084,0.012,0.822,0.41,0.208,0.488
18/04/2015 20:00,0.7,15.3,7.6,25.7,2,17.4,0.001,0.374,0.8,0.145,0.322,0.076,0.008,0.669,0.376,0.17,0.498
18/04/2015 21:00,0.7,13.7,7.1,29,2,17.3,0.004,0.358,0.785,0.226,0.319,0.068,0.006,0.429,0.338,0.138,0.513
18/04/2015 22:00,1.1,11.8,6.8,29.7,1.9,17.1,0.006,0.401,0.748,0.352,0.336,0.057,0.008,0.218,0.306,0.11,0.521
18/04/2015 23:00,1.6,10,6.4,28.2,1.8,17.2,0.008,0.537,0.714,0.491,0.335,0.073,0.012,0.101,0.287,0.086,0.51
19/04/2015 00:00,2.2,7.3,4.6,27.1,1.6,16.4,0.006,0.693,0.692,0.56,0.294,0.153,0.02,0.067,0.26,0.069,0.488
19/04/2015 01:00,5.8,5.8,3.7,24.6,0.9,12.5,0.006,0.726,0.698,0.539,0.241,0.194,0.034,0.041,0.223,0.057,0.46
19/04/2015 02:00,7.9,6.7,5.3,15.8,0.5,9.8,0.059,0.636,0.72,0.489,0.219,0.231,0.047,0.059,0.175,0.048,0.432
19/04/2015 03:00,8,7.9,9.6,13.2,1.4,9.6,0.067,0.596,0.76,0.432,0.239,0.23,0.063,0.179,0.129,0.045,0.41
19/04/2015 04:00,9.3,7.4,12.6,14.5,2.8,9.2,0.048,0.56,0.794,0.355,0.283,0.235,0.042,0.257,0.093,0.036,0.405
19/04/2015 05:00,12.2,7.3,12.8,17.5,4.3,9.3,0.035,0.527,0.805,0.296,0.305,0.194,0.022,0.242,0.068,0.127,0.425
19/04/2015 06:00,16.8,7.2,10.8,18.4,5.4,9.5,0.026,0.571,0.802,0.251,0.285,0.174,0.014,0.154,0.053,0.185,0.457
19/04/2015 07:00,20.8,6.6,7.1,18.5,5.9,10.1,0.022,0.633,0.796,0.149,0.323,0.152,0.011,0.061,0.044,0.157,0.493
19/04/2015 08:00,20.4,6,4.5,18.4,6.1,11.4,0.022,0.753,0.786,0.093,0.422,0.128,0.008,0.012,0.045,0.122,0.519
19/04/2015 09:00,16,5.4,4.5,19.1,6.3,13.5,0.027,0.801,0.753,0.17,0.355,0.118,0.005,0.001,0.06,0.118,0.538
19/04/2015 10:00,10.2,5.4,5.9,20.2,6.5,15.7,0.041,0.839,0.706,0.314,0.206,0.084,0.004,0,0.098,0.139,0.555
19/04/2015 11:00,5.3,7.9,7.1,22,7,18.5,0.044,0.858,0.672,0.422,0.08,0.069,0.003,0,0.162,0.179,0.571
19/04/2015 12:00,2.1,13.7,8.1,25.5,7.5,21.6,0.032,0.856,0.649,0.346,0.02,0.075,0.007,0,0.251,0.261,0.592
19/04/2015 13:00,0.7,19.2,7.5,35.9,9.3,24.6,0.028,0.906,0.654,0.256,0.002,0.096,0.02,0,0.348,0.383,0.616
19/04/2015 14:00,0.2,22.5,5.4,45.9,10.3,25.3,0.029,0.958,0.682,0.184,0,0.047,0.035,0,0.407,0.436,0.643
19/04/2015 15:00,0.2,23.9,4.3,50.6,10.2,23.5,0.036,0.974,0.756,0.132,0,0.002,0.041,0,0.402,0.379,0.665
19/04/2015 16:00,0.2,24.5,4.1,52.7,9.1,21.5,0.048,0.978,0.84,0.093,0,0,0.034,0.001,0.368,0.328,0.678
19/04/2015 17:00,0.1,23.2,3.7,53.9,7.5,20.2,0.07,0.979,0.903,0.061,0.005,0.022,0.02,0.009,0.336,0.275,0.688
19/04/2015 18:00,0.1,20.9,3.1,53.4,6.1,19.3,0.132,0.984,0.926,0.029,0.047,0.104,0.023,0.164,0.305,0.205,0.693
19/04/2015 19:00,0.2,18.3,2.4,50.3,5.1,18.6,0.257,0.987,0.926,0.009,0.133,0.177,0.034,0.52,0.278,0.164,0.693
19/04/2015 20:00,0.2,15.7,1.9,46.3,4.4,18,0.398,0.982,0.923,0.025,0.201,0.199,0.039,0.644,0.254,0.139,0.692
19/04/2015 21:00,0.1,14.2,1.8,42.2,3.6,17.3,0.422,0.943,0.912,0.088,0.225,0.166,0.042,0.653,0.221,0.122,0.688
19/04/2015 22:00,0.1,12.7,1.9,38.4,2.9,16.5,0.343,0.899,0.896,0.168,0.249,0.118,0.036,0.556,0.187,0.109,0.692
19/04/2015 23:00,0,11.4,2.3,34.6,2.3,15.9,0.259,0.796,0.868,0.225,0.251,0.072,0.025,0.516,0.176,0.1,0.698
20/04/2015 00:00,0,9,1.4,31.7,1.9,14.8,0.133,0.77,0.844,0.23,0.243,0.049,0.013,0.434,0.155,0.092,0.701
20/04/2015 01:00,0.1,7.2,0.8,23.9,0.9,11.8,0.067,0.827,0.834,0.193,0.241,0.039,0.006,0.464,0.128,0.08,0.697
20/04/2015 02:00,0.7,7.6,0.8,14.9,0.3,8.5,0.058,0.834,0.82,0.145,0.236,0.023,0.003,0.241,0.103,0.061,0.684
20/04/2015 03:00,2.2,7,0.9,13.6,0.2,9.7,0.006,0.804,0.809,0.113,0.215,0.012,0.002,0.251,0.085,0.036,0.672
20/04/2015 04:00,4.6,5.2,1.5,12.1,0.9,14,0,0.734,0.81,0.097,0.186,0.006,0.002,0.082,0.071,0.028,0.664
20/04/2015 05:00,7.7,4.3,2.4,12.3,2.1,14.8,0,0.706,0.816,0.088,0.158,0.003,0.005,0.005,0.061,0.129,0.666
20/04/2015 06:00,10.4,4.4,3.8,13.9,3.4,14,0,0.615,0.827,0.082,0.105,0.003,0.01,0,0.059,0.153,0.674
20/04/2015 07:00,13.5,4.8,5.1,14.8,4.4,13.3,0,0.526,0.84,0.051,0.118,0.007,0.011,0,0.065,0.132,0.698
20/04/2015 08:00,16.2,5.5,6.2,15.5,5.3,13,0,0.454,0.846,0.009,0.115,0.014,0.008,0.007,0.074,0.114,0.746
20/04/2015 09:00,15.2,6.4,6.7,15.6,6.7,14,0,0.429,0.835,0.001,0.057,0.022,0.005,0.021,0.086,0.108,0.796
20/04/2015 10:00,12.8,8.1,6.6,15.3,8.5,15.3,0,0.413,0.816,0,0.021,0.03,0.003,0.031,0.112,0.121,0.825
20/04/2015 11:00,6.1,11.1,5.2,15.2,10.3,16.7,0.002,0.442,0.802,0.013,0.007,0.041,0.003,0.043,0.174,0.151,0.837
20/04/2015 12:00,4.8,13.4,4.6,15.2,12.1,18.1,0.004,0.645,0.796,0.016,0.005,0.038,0.007,0.045,0.266,0.188,0.839
20/04/2015 13:00,4.9,13.9,6,18.3,15.2,21.2,0.014,0.649,0.794,0.005,0.006,0.068,0.032,0.04,0.368,0.228,0.827
20/04/2015 14:00,4.1,14.2,7,20.4,16,23.6,0.05,0.666,0.792,0.001,0.013,0.14,0.09,0.046,0.46,0.251,0.799
20/04/2015 15:00,3.4,14.4,6.2,18,13.8,22.9,0.114,0.715,0.816,0,0.034,0.223,0.134,0.078,0.506,0.295,0.757
20/04/2015 16:00,3,14.5,5.7,13.9,10.6,21,0.18,0.772,0.854,0,0.082,0.317,0.126,0.116,0.501,0.355,0.724
20/04/2015 17:00,3.3,14.6,5.6,10.3,8.3,19.2,0.219,0.802,0.878,0,0.158,0.41,0.102,0.071,0.47,0.359,0.711
20/04/2015 18:00,2.9,14.5,6.3,7.7,6.7,17.5,0.209,0.798,0.892,0,0.254,0.46,0.076,0.116,0.42,0.325,0.708
20/04/2015 19:00,1.8,13.8,5.6,6,5.6,16,0.174,0.785,0.896,0.05,0.271,0.485,0.054,0.466,0.367,0.282,0.708
20/04/2015 20:00,2,13,4.9,5,4.6,14.4,0.127,0.757,0.89,0.252,0.231,0.498,0.037,0.692,0.316,0.239,0.706
20/04/2015 21:00,3.4,11.9,5.3,4.8,4.1,13.2,0.101,0.721,0.857,0.462,0.198,0.468,0.027,0.728,0.274,0.192,0.692
20/04/2015 22:00,2.3,10.6,5.8,5.3,3.8,12.6,0.092,0.593,0.796,0.505,0.187,0.367,0.02,0.597,0.241,0.163,0.678
20/04/2015 23:00,1.8,10.3,6.4,6.2,3.4,12.3,0.094,0.417,0.734,0.436,0.186,0.187,0.016,0.45,0.221,0.138,0.672
21/04/2015 00:00,1.1,9.9,6,6.6,3.3,12.3,0.092,0.366,0.697,0.343,0.179,0.09,0.015,0.364,0.21,0.111,0.649
21/04/2015 01:00,1.7,10.4,7.7,5.6,2.6,11,0.067,0.325,0.682,0.259,0.17,0.071,0.017,0.202,0.19,0.084,0.595
21/04/2015 02:00,1.9,11.6,9.6,2,3.1,7.3,0.035,0.274,0.674,0.201,0.166,0.054,0.02,0.107,0.17,0.064,0.538
21/04/2015 03:00,2.2,11.7,9.3,1.1,2.1,10.9,0.004,0.303,0.685,0.175,0.156,0.043,0.015,0.228,0.158,0.048,0.519
21/04/2015 04:00,4,10.5,9.1,1.3,2.3,14.8,0,0.325,0.705,0.171,0.141,0.041,0.001,0.162,0.148,0.039,0.556
21/04/2015 05:00,9.3,10.1,9.3,1.6,3.3,14.6,0,0.325,0.726,0.17,0.133,0.048,0,0.05,0.142,0.13,0.614
21/04/2015 06:00,13.3,10.9,9.9,2.5,4.2,15,0,0.297,0.746,0.158,0.112,0.046,0.001,0.013,0.139,0.155,0.673
21/04/2015 07:00,15.7,12.5,10.4,3.5,4.6,16,0,0.261,0.76,0.108,0.22,0.056,0.003,0.004,0.139,0.136,0.717
21/04/2015 08:00,17.2,14.7,10.2,4.3,4.7,17.5,0,0.217,0.756,0.061,0.345,0.059,0.008,0.002,0.134,0.122,0.741
21/04/2015 09:00,16.9,16.6,9.6,5.3,4.4,19.8,0,0.161,0.746,0.022,0.321,0.055,0.015,0.002,0.119,0.127,0.756
21/04/2015 10:00,14,17.7,8.3,7.1,4,22.3,0,0.113,0.728,0.006,0.231,0.048,0.026,0.001,0.12,0.146,0.76
21/04/2015 11:00,7.1,17.5,5.9,9.3,3.7,24.5,0.03,0.06,0.717,0.001,0.129,0.045,0.037,0,0.158,0.167,0.755
21/04/2015 12:00,4.8,19.3,5.8,12,3.9,26.9,0.285,0.05,0.707,0,0.054,0.043,0.048,0,0.209,0.197,0.746
21/04/2015 13:00,4.7,21.8,7.9,17.4,5.8,28.3,0.538,0.058,0.711,0,0.015,0.069,0.059,0,0.255,0.237,0.73
21/04/2015 14:00,4.4,23.5,9.5,21.4,6.5,28.7,0.583,0.053,0.742,0,0.003,0.103,0.089,0,0.285,0.256,0.709
21/04/2015 15:00,5,25.6,8.6,19.3,5.6,27.1,0.479,0.05,0.802,0,0.001,0.124,0.151,0,0.283,0.277,0.681
21/04/2015 16:00,5.3,27.7,8.5,14.5,4.2,25.4,0.328,0.052,0.854,0.003,0,0.147,0.186,0,0.254,0.289,0.654
21/04/2015 17:00,4,28.4,8.4,10.6,3.1,23.7,0.191,0.057,0.889,0.025,0,0.171,0.177,0,0.214,0.26,0.626
21/04/2015 18:00,3.2,27.9,7.5,7.8,2.8,22.3,0.093,0.061,0.912,0.123,0.001,0.201,0.149,0.001,0.172,0.224,0.613
21/04/2015 19:00,2.5,26.6,7.6,5.8,3.1,20.8,0.034,0.063,0.925,0.444,0.004,0.237,0.112,0.032,0.139,0.181,0.612
21/04/2015 20:00,2.1,25,7.9,4.3,3.9,19.3,0.011,0.063,0.93,0.663,0.009,0.274,0.086,0.203,0.118,0.141,0.616
21/04/2015 21:00,1.6,23.7,9.5,2.9,4.6,17.9,0.005,0.053,0.921,0.697,0.014,0.298,0.105,0.41,0.113,0.103,0.614
21/04/2015 22:00,1.1,21.9,11.6,2,4.6,16.5,0.011,0.033,0.898,0.646,0.019,0.28,0.101,0.439,0.107,0.068,0.61
21/04/2015 23:00,1.1,19.9,12.8,1.5,4.3,15.5,0.055,0.011,0.868,0.566,0.026,0.182,0.048,0.339,0.093,0.049,0.6
22/04/2015 00:00,1.2,16.6,10.7,1.3,3.8,14.6,0.119,0,0.837,0.45,0.04,0.085,0.027,0.21,0.077,0.044,0.569
22/04/2015 01:00,4.2,13.1,9.9,1.2,2.6,11.1,0.086,0,0.806,0.352,0.062,0.06,0.026,0.119,0.065,0.052,0.544
22/04/2015 02:00,8.6,16.7,9.3,0.7,1.8,6.7,0.05,0.004,0.788,0.291,0.087,0.041,0.031,0.028,0.062,0.075,0.529
22/04/2015 03:00,16.9,17.6,10.3,1,0.9,12.3,0.021,0.025,0.808,0.258,0.113,0.026,0.041,0.049,0.064,0.096,0.525
22/04/2015 04:00,24.6,16.1,12,1.6,0.6,16.8,0.005,0.045,0.838,0.233,0.126,0.014,0.017,0.01,0.061,0.073,0.534
22/04/2015 05:00,30.7,14.7,13.2,2.3,0.4,16.8,0.001,0.057,0.861,0.199,0.118,0.011,0.002,0,0.05,0.238,0.548
22/04/2015 06:00,34.4,14.2,12.8,3.2,0.3,17.1,0,0.062,0.878,0.158,0.079,0.009,0,0,0.037,0.449,0.569
22/04/2015 07:00,37.5,14.3,11.6,4.6,0.4,18.5,0,0.055,0.888,0.148,0.021,0.008,0.001,0,0.026,0.476,0.601
22/04/2015 08:00,41.4,14.8,10.1,6.2,0.4,20.7,0,0.035,0.897,0.12,0.014,0.011,0.002,0,0.02,0.433,0.628
22/04/2015 09:00,37.6,15.2,8.8,7.4,0.5,24.2,0,0.029,0.878,0.095,0.002,0.02,0.007,0,0.019,0.379,0.649
22/04/2015 10:00,26.9,15.5,7.3,7.8,0.4,28,0,0.035,0.838,0.078,0,0.022,0.016,0,0.023,0.349,0.661
22/04/2015 11:00,12.3,16.2,5.8,7.7,0.6,30.9,0.005,0.045,0.788,0.072,0,0.021,0.034,0,0.032,0.361,0.668
22/04/2015 12:00,5.2,18,8,7,1.3,32.6,0.036,0.004,0.722,0.068,0,0.025,0.06,0,0.048,0.386,0.675
22/04/2015 13:00,5.3,20.2,9.7,5.8,3.6,32.2,0.098,0.003,0.649,0.063,0,0.051,0.089,0,0.069,0.413,0.69
22/04/2015 14:00,5.3,20.9,10,4.3,6.1,31,0.157,0.002,0.586,0.075,0,0.083,0.124,0,0.084,0.381,0.703
22/04/2015 15:00,6.5,20.7,9.4,3.1,8.1,28.4,0.159,0.003,0.599,0.104,0.001,0.102,0.159,0,0.085,0.343,0.697
22/04/2015 16:00,10.2,20.9,8.3,2.4,9.8,25.9,0.132,0.004,0.657,0.143,0.005,0.115,0.155,0,0.076,0.323,0.685
22/04/2015 17:00,9.9,21.2,8.5,2.1,10.1,24,0.113,0.003,0.708,0.206,0.02,0.127,0.127,0.002,0.065,0.274,0.687
22/04/2015 18:00,8.5,20.9,8.5,1.9,9.5,22.8,0.101,0.003,0.75,0.32,0.076,0.14,0.096,0.015,0.055,0.224,0.695
22/04/2015 19:00,7.5,20.1,8.5,2.3,8.6,22.1,0.09,0.005,0.778,0.568,0.168,0.156,0.078,0.096,0.051,0.173,0.702
22/04/2015 20:00,4.8,18.7,8.5,3,7.9,21.8,0.082,0.004,0.795,0.697,0.249,0.178,0.076,0.276,0.049,0.135,0.708
22/04/2015 21:00,2.7,16.3,7.9,4.1,7.3,22.1,0.086,0.001,0.786,0.679,0.266,0.202,0.089,0.417,0.051,0.108,0.72
22/04/2015 22:00,1.1,14.4,7.4,4.9,6.8,21.9,0.1,0.002,0.739,0.621,0.249,0.218,0.089,0.457,0.048,0.094,0.735
22/04/2015 23:00,0.6,13.3,7,4.9,6.2,21.5,0.111,0,0.687,0.55,0.225,0.192,0.093,0.444,0.045,0.097,0.744
23/04/2015 00:00,0.6,10.7,6.2,4.3,6.1,22,0.074,0,0.639,0.498,0.19,0.128,0.093,0.421,0.035,0.113,0.735
23/04/2015 01:00,1.6,7.8,7,3.1,5.1,18.8,0.016,0.057,0.604,0.479,0.161,0.086,0.08,0.358,0.017,0.142,0.724
23/04/2015 02:00,2.7,10.6,7.1,1.1,5.3,19.5,0.007,0.192,0.578,0.453,0.146,0.071,0.076,0.157,0.004,0.168,0.715
23/04/2015 03:00,5,11.1,6.6,0.7,4.2,22.5,0.011,0.267,0.613,0.42,0.145,0.058,0.103,0.22,0.002,0.202,0.708
23/04/2015 04:00,8.8,9.5,7.1,0.4,2.7,22.9,0.008,0.289,0.69,0.369,0.152,0.039,0.086,0.135,0.002,0.166,0.706
23/04/2015 05:00,13.2,7.9,7,0.3,1.8,22,0.004,0.299,0.755,0.294,0.159,0.018,0.107,0.047,0.001,0.271,0.717
23/04/2015 06:00,19.3,6.8,6.3,0.6,1.3,21.4,0.001,0.291,0.794,0.237,0.144,0.013,0.08,0.025,0,0.364,0.724
23/04/2015 07:00,25.1,6.4,5.8,1.3,1.1,21.7,0,0.264,0.823,0.311,0.092,0.008,0.029,0.019,0,0.396,0.723
23/04/2015 08:00,27.6,6.4,5.3,2.1,1,23,0,0.228,0.846,0.327,0.202,0.007,0.004,0.016,0,0.376,0.72
23/04/2015 09:00,24.9,7.3,4.6,2.5,1.2,26.1,0,0.181,0.853,0.271,0.27,0.009,0,0.01,0,0.369,0.722
23/04/2015 10:00,15.8,8.8,4.6,2.4,1.8,29.6,0,0.142,0.852,0.157,0.188,0.013,0,0.003,0,0.407,0.716
23/04/2015 11:00,7.4,11.8,6.1,2.6,3.1,32.4,0,0.111,0.844,0.072,0.122,0.017,0,0.001,0.001,0.451,0.7
23/04/2015 12:00,5.4,15.5,11.1,3.2,5.8,34.5,0,0.011,0.821,0.033,0.079,0.008,0,0.002,0.011,0.467,0.688
23/04/2015 13:00,6.4,16.7,13.6,4.9,10.2,35.1,0.009,0.002,0.786,0.03,0.053,0.012,0.003,0.029,0.043,0.448,0.69
23/04/2015 14:00,8.4,16.3,12.6,6.1,13.1,33,0.058,0.027,0.75,0.049,0.036,0.022,0.011,0.081,0.088,0.395,0.705
23/04/2015 15:00,8,15.3,10.6,6.9,13.4,30.1,0.119,0.029,0.687,0.077,0.028,0.031,0.018,0.123,0.118,0.311,0.72
23/04/2015 16:00,6.4,14.1,9.5,7.6,12.6,27.1,0.158,0.026,0.584,0.116,0.035,0.044,0.03,0.167,0.13,0.243,0.73
23/04/2015 17:00,5.1,13.5,9.2,8.3,11.3,24.6,0.176,0.042,0.474,0.166,0.053,0.063,0.04,0.205,0.132,0.17,0.743
23/04/2015 18:00,3.9,13.5,9.3,8.8,10.2,22.9,0.172,0.076,0.395,0.255,0.093,0.088,0.044,0.222,0.127,0.096,0.755
23/04/2015 19:00,2.8,13.6,8.7,9.5,8.9,21.7,0.162,0.122,0.333,0.494,0.137,0.116,0.046,0.22,0.121,0.067,0.764
23/04/2015 20:00,1.6,13.8,8.4,10.2,7.5,20.5,0.149,0.182,0.278,0.644,0.192,0.147,0.045,0.245,0.115,0.07,0.758
23/04/2015 21:00,0.5,14.7,8,11,6.1,19.3,0.145,0.262,0.243,0.654,0.235,0.187,0.038,0.249,0.106,0.13,0.752
23/04/2015 22:00,0.2,15.8,8.6,12,5,18.1,0.155,0.364,0.194,0.598,0.256,0.211,0.035,0.233,0.093,0.135,0.757
23/04/2015 23:00,0.2,17,8.8,13.4,4,17,0.167,0.535,0.143,0.511,0.27,0.186,0.043,0.243,0.078,0.114,0.757
24/04/2015 00:00,0.2,15.4,6.6,15,3,16.2,0.112,0.672,0.118,0.426,0.274,0.116,0.061,0.261,0.061,0.094,0.752
24/04/2015 01:00,0.5,16.5,4.6,15,1.9,13.2,0.051,0.604,0.105,0.352,0.234,0.085,0.08,0.246,0.044,0.079,0.75
24/04/2015 02:00,1.1,25.1,4.3,8.8,1.6,14.7,0.036,0.588,0.101,0.323,0.2,0.062,0.089,0.105,0.031,0.102,0.75
24/04/2015 03:00,2.7,24.1,4.4,6.3,1.1,15.7,0.009,0.522,0.119,0.295,0.168,0.055,0.095,0.069,0.024,0.119,0.741
24/04/2015 04:00,5.3,18.7,4.1,6.9,0.8,13.9,0.001,0.482,0.179,0.239,0.156,0.041,0.043,0.017,0.017,0.107,0.738
24/04/2015 05:00,9.4,14.5,3.9,7.3,0.5,12.9,0,0.474,0.288,0.177,0.16,0.029,0.005,0,0.012,0.189,0.75
24/04/2015 06:00,12.6,11.4,3.6,8.5,0.4,12.8,0,0.367,0.424,0.117,0.135,0.02,0,0,0.008,0.248,0.763
24/04/2015 07:00,14.9,9.1,3.1,9.9,0.4,14.2,0,0.362,0.551,0.088,0.186,0.013,0,0,0.006,0.27,0.757
24/04/2015 08:00,14.5,7.8,2.5,11.3,0.3,17.1,0,0.346,0.668,0.048,0.284,0.011,0,0,0.005,0.255,0.748
24/04/2015 09:00,12.1,8.3,1.9,11.6,0.3,20.9,0,0.272,0.71,0.014,0.238,0.014,0,0,0.009,0.251,0.763
24/04/2015 10:00,7.1,10.3,1.5,11.1,0.4,24,0,0.249,0.697,0.002,0.151,0.019,0,0.002,0.021,0.267,0.793
24/04/2015 11:00,3.3,12.5,1.8,10.6,0.8,26.3,0,0.207,0.648,0,0.084,0.023,0,0.007,0.053,0.302,0.803
24/04/2015 12:00,4.5,17.2,3.5,11,1.6,28.3,0.001,0.084,0.565,0,0.04,0.022,0,0.02,0.103,0.362,0.8
24/04/2015 13:00,5.5,22.6,4.7,15.7,3.4,31.2,0.019,0.031,0.452,0,0.016,0.022,0.001,0.052,0.158,0.433,0.796
24/04/2015 14:00,6.7,24.5,4.4,21,4.8,31.3,0.073,0.056,0.337,0.001,0.005,0.013,0.002,0.106,0.199,0.464,0.795
24/04/2015 15:00,5.3,24,3.7,25.9,5.2,28.8,0.118,0.095,0.278,0.002,0.003,0.01,0.005,0.163,0.196,0.43,0.779
24/04/2015 16:00,2.9,22.5,3.9,30.9,5.8,25.9,0.128,0.123,0.278,0.006,0.002,0.012,0.007,0.213,0.172,0.369,0.748
24/04/2015 17:00,2.1,20.1,4.4,36,6.6,23.6,0.115,0.186,0.312,0.016,0.003,0.018,0.005,0.245,0.146,0.323,0.715
24/04/2015 18:00,1.4,17.4,4.2,40.3,7.1,22.2,0.091,0.249,0.379,0.072,0.006,0.027,0.01,0.251,0.125,0.268,0.685
24/04/2015 19:00,0.9,14.6,3.7,43,7.2,21.5,0.066,0.303,0.468,0.32,0.014,0.04,0.021,0.219,0.107,0.231,0.663
24/04/2015 20:00,0.6,12.5,3.1,44,6.6,21.1,0.045,0.348,0.546,0.528,0.036,0.056,0.03,0.137,0.096,0.203,0.643
24/04/2015 21:00,0.5,11.3,2.7,43.2,5.7,19.9,0.032,0.367,0.58,0.569,0.07,0.073,0.043,0.057,0.093,0.195,0.665
24/04/2015 22:00,0.6,11,2.8,41.3,4.8,18.3,0.027,0.397,0.593,0.532,0.11,0.09,0.066,0.011,0.093,0.194,0.699
24/04/2015 23:00,0.6,11.8,3,38.9,3.9,16.7,0.019,0.541,0.613,0.479,0.146,0.096,0.102,0,0.1,0.186,0.714
25/04/2015 00:00,0.6,10.8,2.8,36.3,3.1,15.2,0.004,0.626,0.639,0.438,0.157,0.116,0.153,0.005,0.097,0.177,0.725
25/04/2015 01:00,0.6,12,1.4,29.9,1.9,11.1,0.001,0.618,0.663,0.387,0.14,0.139,0.227,0.056,0.092,0.186,0.744
25/04/2015 02:00,1.1,14.4,1.2,19.5,1.6,8.6,0,0.626,0.682,0.31,0.111,0.171,0.317,0.087,0.094,0.186,0.764
25/04/2015 03:00,0.9,11.5,1.3,18,1.3,8,0,0.609,0.714,0.251,0.087,0.203,0.344,0.072,0.101,0.164,0.763
25/04/2015 04:00,1,8.3,1.1,20.4,1.4,6.7,0,0.513,0.742,0.21,0.079,0.202,0.196,0.04,0.111,0.14,0.756
25/04/2015 05:00,1.3,5.9,1.1,21.2,2.1,5.9,0,0.478,0.751,0.158,0.08,0.163,0.121,0.003,0.122,0.27,0.76
25/04/2015 06:00,1.9,4.8,1.3,19.5,2.7,6.1,0,0.457,0.757,0.124,0.052,0.139,0.054,0.001,0.133,0.394,0.763
25/04/2015 07:00,2.5,4.5,1.8,18,2.8,7.6,0.001,0.429,0.765,0.073,0.028,0.122,0.028,0,0.138,0.454,0.767
25/04/2015 08:00,2.6,5.4,1.8,16.6,2.3,9.8,0.001,0.395,0.771,0.063,0.052,0.112,0.015,0,0.145,0.47,0.772
25/04/2015 09:00,2.5,6.7,1,14.9,1.9,12.2,0.002,0.338,0.755,0.032,0.007,0.089,0.006,0,0.167,0.481,0.779
25/04/2015 10:00,1.7,7.8,0.4,12.3,1.8,14.7,0.003,0.324,0.738,0.027,0,0.084,0.002,0,0.204,0.496,0.782
25/04/2015 11:00,0.7,9.1,0.1,9.7,2.6,17.9,0.002,0.234,0.726,0.006,0,0.061,0.002,0.001,0.253,0.51,0.778
25/04/2015 12:00,0.1,11.6,0.1,8.1,6.6,23.4,0.001,0.072,0.718,0.001,0,0.058,0.002,0.011,0.291,0.532,0.763
25/04/2015 13:00,0,14.5,0.1,9.1,11.5,30.2,0.001,0.051,0.711,0,0.001,0.111,0.002,0.086,0.309,0.549,0.733
25/04/2015 14:00,0,16,0.4,11.1,12.4,31.6,0.01,0.054,0.7,0,0.011,0.106,0.004,0.249,0.309,0.516,0.704
25/04/2015 15:00,0.1,12.9,0.4,14.3,11.6,28.8,0.043,0.091,0.695,0,0.017,0.079,0.008,0.4,0.294,0.43,0.683
25/04/2015 16:00,0.1,11,0.3,18.7,9.6,24.9,0.106,0.185,0.697,0,0.011,0.058,0.022,0.466,0.279,0.341,0.682
25/04/2015 17:00,0.2,10.6,0.3,24.5,7.6,21.5,0.194,0.322,0.697,0,0.005,0.038,0.041,0.473,0.281,0.259,0.7
25/04/2015 18:00,0.2,10.8,0.4,29.7,6.2,19.3,0.28,0.476,0.708,0,0.004,0.024,0.051,0.42,0.301,0.203,0.718
25/04/2015 19:00,0.3,10.3,0.6,32.2,5,18,0.313,0.66,0.722,0.084,0.006,0.014,0.064,0.321,0.329,0.153,0.735
25/04/2015 20:00,0.3,9.1,0.8,32.1,4,17.2,0.291,0.682,0.74,0.341,0.011,0.01,0.089,0.219,0.358,0.114,0.751
25/04/2015 21:00,0.2,8,1.3,33.1,3.1,16.5,0.242,0.567,0.739,0.494,0.011,0.012,0.131,0.093,0.369,0.089,0.771
25/04/2015 22:00,0.2,7.8,1.6,33.6,2.4,16,0.187,0.558,0.719,0.508,0.008,0.019,0.179,0.028,0.366,0.08,0.779
25/04/2015 23:00,0.1,8,1.7,31.7,1.9,14.8,0.137,0.528,0.699,0.479,0.005,0.031,0.208,0.036,0.386,0.075,0.767
26/04/2015 00:00,0,7.3,1.5,28.9,1.4,13.8,0.057,0.392,0.687,0.45,0.004,0.054,0.202,0.053,0.413,0.07,0.734
26/04/2015 01:00,0,9.5,0.6,22,0.8,11.5,0.035,0.175,0.685,0.42,0.008,0.063,0.178,0.071,0.422,0.061,0.706
26/04/2015 02:00,0.2,8.3,0.4,14.1,0.8,12.6,0.033,0.07,0.692,0.376,0.022,0.083,0.158,0.05,0.415,0.048,0.689
26/04/2015 03:00,0.7,4.9,0.4,9.6,0.6,10.1,0.027,0.2,0.72,0.325,0.058,0.165,0.133,0.033,0.427,0.039,0.683
26/04/2015 04:00,1.7,2.8,0.6,8,0.4,7.1,0.028,0.422,0.748,0.279,0.112,0.221,0.07,0.024,0.457,0.022,0.693
26/04/2015 05:00,3.8,1.9,0.9,9.1,0.4,6.5,0.028,0.449,0.759,0.256,0.164,0.192,0.026,0.008,0.491,0.133,0.705
26/04/2015 06:00,6.7,1.8,1.3,10.5,0.5,7.8,0.025,0.425,0.752,0.25,0.155,0.126,0.007,0.005,0.516,0.266,0.711
26/04/2015 07:00,9.4,1.9,1.6,12.6,0.6,9.8,0.022,0.404,0.739,0.18,0.088,0.097,0.003,0.004,0.531,0.278,0.716
26/04/2015 08:00,10.9,2.3,2,15.3,0.6,11.7,0.022,0.413,0.722,0.131,0.093,0.071,0.001,0.005,0.532,0.273,0.722
26/04/2015 09:00,11.1,2.9,2.1,16.7,0.9,13.7,0.033,0.38,0.704,0.122,0.049,0.074,0,0.004,0.519,0.273,0.731
26/04/2015 10:00,9.4,3.8,2.1,16,1.3,15.8,0.052,0.395,0.682,0.201,0.013,0.079,0,0.008,0.512,0.289,0.739
26/04/2015 11:00,5.2,4.3,1.7,14.9,1.8,18.5,0.071,0.454,0.655,0.311,0.001,0.058,0,0.014,0.502,0.328,0.735
26/04/2015 12:00,1.6,6.7,1.4,14.2,3.4,22.1,0.144,0.89,0.634,0.256,0,0.043,0.001,0.031,0.481,0.386,0.724
26/04/2015 13:00,1.2,9.8,1.5,17.7,6.8,26.3,0.297,0.966,0.613,0.176,0,0.07,0.001,0.111,0.454,0.435,0.711
26/04/2015 14:00,0.9,10.6,1.6,24.1,9.4,26.4,0.471,0.952,0.583,0.11,0,0.054,0.002,0.192,0.425,0.43,0.702
26/04/2015 15:00,0.7,10.6,1.4,32.3,10.2,24.1,0.523,0.909,0.533,0.058,0,0.009,0.008,0.257,0.382,0.388,0.69
26/04/2015 16:00,0.3,11.6,1.3,40.4,9.7,20.2,0.477,0.901,0.465,0.027,0,0,0.042,0.298,0.341,0.328,0.681
26/04/2015 17:00,0.2,13,1.4,46,8.6,17.2,0.428,0.931,0.379,0.015,0.002,0,0.144,0.294,0.312,0.258,0.672
26/04/2015 18:00,0.2,13.5,1.5,48.3,7.1,16,0.388,0.965,0.286,0.014,0.045,0.005,0.274,0.272,0.298,0.193,0.663
26/04/2015 19:00,0.1,12.8,1.5,47.9,5.5,15.5,0.347,0.976,0.18,0.102,0.131,0.026,0.363,0.286,0.302,0.147,0.655
26/04/2015 20:00,0.1,11.7,1.4,45.2,4.1,15.8,0.305,0.973,0.094,0.325,0.208,0.064,0.395,0.367,0.325,0.118,0.633
26/04/2015 21:00,0.1,10.3,1.3,42,3.2,16.2,0.267,0.965,0.046,0.413,0.242,0.11,0.386,0.469,0.358,0.098,0.592
26/04/2015 22:00,0.1,9,1.2,40.9,2.7,16.8,0.231,0.918,0.038,0.345,0.233,0.144,0.376,0.52,0.381,0.075,0.552
26/04/2015 23:00,0.1,8,1.4,39.1,2.4,16.8,0.176,0.788,0.063,0.234,0.211,0.138,0.37,0.538,0.41,0.054,0.521
27/04/2015 00:00,0,5.8,1.2,36,2.1,16.5,0.095,0.658,0.112,0.151,0.183,0.11,0.368,0.557,0.422,0.042,0.501
27/04/2015 01:00,0.4,6.4,0.6,30.5,1.1,13.3,0.068,0.532,0.188,0.112,0.157,0.072,0.38,0.453,0.419,0.042,0.5
27/04/2015 02:00,1.2,6,0.8,28.7,0.7,11.6,0.054,0.444,0.289,0.101,0.136,0.039,0.405,0.235,0.392,0.041,0.5
27/04/2015 03:00,2.2,3.3,0.8,27.9,0.7,11.1,0.035,0.401,0.363,0.112,0.144,0.022,0.41,0.148,0.369,0.045,0.484
27/04/2015 04:00,3.7,1.6,0.9,30.4,1,10.7,0.025,0.374,0.427,0.133,0.161,0.013,0.237,0.097,0.343,0.041,0.473
27/04/2015 05:00,5.7,1.3,1.2,33.9,1.6,11.7,0.023,0.367,0.507,0.112,0.175,0.011,0.169,0.05,0.318,0.153,0.486
27/04/2015 06:00,8.2,1.6,1.5,37.2,2.2,12.9,0.025,0.4,0.607,0.084,0.148,0.011,0.11,0.016,0.299,0.306,0.5
27/04/2015 07:00,10.6,2.1,1.8,37.9,2.6,14.7,0.026,0.391,0.676,0.068,0.201,0.013,0.074,0.003,0.287,0.366,0.516
27/04/2015 08:00,11.4,2.7,1.9,36.6,2.8,17.1,0.027,0.345,0.713,0.087,0.203,0.015,0.048,0.001,0.275,0.384,0.548
27/04/2015 09:00,10.2,3.1,1.9,33.9,2.9,19.9,0.027,0.337,0.709,0.246,0.114,0.013,0.028,0.001,0.291,0.381,0.584
27/04/2015 10:00,7.7,3.1,2.1,30.3,3.3,22.9,0.024,0.322,0.693,0.425,0.046,0.021,0.014,0.001,0.317,0.389,0.611
27/04/2015 11:00,3.2,3.4,1.9,26.6,3.6,25.9,0.031,0.195,0.683,0.467,0.013,0.027,0.005,0.001,0.311,0.414,0.61
27/04/2015 12:00,1.2,6.7,2.1,22.8,4.4,29.6,0.133,0.019,0.677,0.479,0.003,0.035,0.002,0.002,0.281,0.455,0.593
27/04/2015 13:00,0.9,9.8,2,21.6,6.3,32.8,0.337,0.028,0.649,0.444,0.001,0.033,0.002,0.017,0.282,0.503,0.571
27/04/2015 14:00,0.8,11,1.7,25.6,7.1,32.2,0.501,0.021,0.615,0.364,0.001,0.02,0.003,0.047,0.291,0.516,0.544
27/04/2015 15:00,0.7,12.6,1.3,31.6,6.8,28.5,0.585,0,0.58,0.281,0.001,0.009,0.008,0.078,0.263,0.456,0.525
27/04/2015 16:00,0.5,15,1,37.3,5.8,24.5,0.643,0,0.531,0.211,0.003,0.009,0.02,0.081,0.211,0.376,0.535
27/04/2015 17:00,0.5,16.1,0.8,40.5,4.5,22.4,0.586,0.015,0.498,0.163,0.006,0.022,0.044,0.052,0.141,0.288,0.573
27/04/2015 18:00,0.4,15.5,0.8,39.8,3.6,21.5,0.479,0.056,0.464,0.165,0.013,0.061,0.078,0.027,0.096,0.234,0.599
27/04/2015 19:00,0.4,14.6,0.9,38.1,3.1,20.8,0.382,0.099,0.42,0.314,0.019,0.103,0.113,0.028,0.082,0.18,0.602
27/04/2015 20:00,0.2,13.5,1,35.8,3.2,19.9,0.33,0.14,0.391,0.551,0.025,0.108,0.141,0.064,0.088,0.14,0.605
27/04/2015 21:00,0.2,12.7,1.3,34.6,3.8,19.3,0.341,0.193,0.358,0.677,0.025,0.121,0.177,0.108,0.095,0.117,0.613
27/04/2015 22:00,0.1,12.1,1.4,32.5,4.3,18.8,0.305,0.241,0.33,0.697,0.026,0.138,0.216,0.136,0.085,0.112,0.61
27/04/2015 23:00,0.1,11.6,1.4,29.2,4.5,18.2,0.263,0.392,0.305,0.677,0.042,0.127,0.24,0.141,0.063,0.112,0.601
28/04/2015 00:00,0.1,9.6,0.8,25.9,4.4,17.7,0.231,0.571,0.28,0.61,0.091,0.101,0.261,0.111,0.046,0.128,0.582
28/04/2015 01:00,0.6,11.7,0.1,16.9,2.5,15,0.293,0.568,0.26,0.507,0.161,0.093,0.274,0.057,0.033,0.164,0.571
28/04/2015 02:00,1.3,16.8,0.1,6.8,1.1,19.2,0.266,0.547,0.261,0.391,0.207,0.054,0.278,0.003,0.026,0.19,0.567
28/04/2015 03:00,1.9,15.8,0.2,4.1,0.3,22.3,0.238,0.561,0.277,0.331,0.217,0.038,0.252,0,0.014,0.179,0.558
28/04/2015 04:00,3.2,13.3,0.6,3.4,0.1,25,0.195,0.538,0.291,0.278,0.201,0.04,0.096,0,0.004,0.2,0.541
28/04/2015 05:00,5.2,11.8,1.3,3,0.1,28,0.16,0.518,0.286,0.227,0.182,0.028,0.019,0,0.001,0.457,0.515
28/04/2015 06:00,8.1,11.5,2.2,4,0.4,30.2,0.144,0.499,0.278,0.194,0.147,0.025,0.016,0,0,0.607,0.494
28/04/2015 07:00,11.3,11.9,3.3,6.5,0.8,32.1,0.144,0.481,0.292,0.207,0.144,0.024,0.018,0,0,0.573,0.483
28/04/2015 08:00,14.4,12.1,4.2,9,1,34.1,0.155,0.447,0.324,0.209,0.159,0.026,0.016,0,0,0.476,0.487
28/04/2015 09:00,15.3,11.5,4.5,10.5,1.2,36.4,0.147,0.367,0.391,0.227,0.074,0.028,0.012,0,0.001,0.427,0.489
28/04/2015 10:00,12.6,9.9,3.9,11.3,1.3,38.7,0.137,0.242,0.493,0.217,0.008,0.034,0.007,0,0.011,0.42,0.484
28/04/2015 11:00,6.7,9.1,2.8,11.8,1.3,41,0.172,0.167,0.569,0.113,0,0.042,0.005,0,0.041,0.42,0.472
28/04/2015 12:00,3,9.8,2.6,12.1,1.9,43,0.448,0.076,0.624,0.038,0,0.051,0.005,0,0.089,0.425,0.466
28/04/2015 13:00,3.4,11.8,2.6,13.9,2.9,41.8,0.701,0.066,0.668,0.01,0,0.069,0.009,0,0.144,0.45,0.462
28/04/2015 14:00,4.3,13.9,2.4,14.3,3.5,37.9,0.744,0.127,0.704,0.001,0,0.058,0.034,0.001,0.187,0.447,0.454
28/04/2015 15:00,5.2,15.8,2.6,12.9,4.3,34.3,0.707,0.243,0.711,0,0.001,0.038,0.119,0.001,0.184,0.402,0.442
28/04/2015 16:00,7.3,17.2,3,11,4.8,30.4,0.652,0.313,0.697,0,0.008,0.028,0.245,0.002,0.157,0.364,0.438
28/04/2015 17:00,7.2,17.3,3.4,9.1,6,27.9,0.571,0.337,0.698,0,0.031,0.025,0.341,0.001,0.138,0.311,0.447
28/04/2015 18:00,7.9,16.3,3.4,7.6,7.6,26.5,0.507,0.365,0.704,0,0.067,0.028,0.361,0,0.125,0.257,0.459
28/04/2015 19:00,8.5,15,3.4,6.4,8,25.1,0.495,0.404,0.699,0.023,0.071,0.039,0.337,0,0.121,0.204,0.49
28/04/2015 20:00,9.8,13.8,3.5,5.6,7.8,24,0.484,0.416,0.706,0.202,0.065,0.058,0.29,0.003,0.123,0.157,0.526
28/04/2015 21:00,13.7,12.3,3.3,4.4,7,22.4,0.475,0.376,0.707,0.42,0.066,0.096,0.264,0.017,0.134,0.112,0.587
28/04/2015 22:00,13.7,11.4,2.8,3.7,6.1,21,0.388,0.261,0.697,0.509,0.066,0.147,0.259,0.041,0.153,0.073,0.648
28/04/2015 23:00,10.5,11.2,2.5,3.6,5.1,19.8,0.361,0.299,0.681,0.501,0.08,0.17,0.279,0.058,0.171,0.042,0.687
29/04/2015 00:00,7.3,9.1,1.1,3.9,3.9,18.8,0.357,0.41,0.633,0.453,0.13,0.144,0.32,0.054,0.185,0.025,0.708
29/04/2015 01:00,10.8,9.3,1.3,4,2.1,14.8,0.433,0.434,0.568,0.367,0.192,0.112,0.377,0.038,0.185,0.019,0.71
29/04/2015 02:00,20,12.8,1.9,2.5,1.2,15.3,0.425,0.419,0.504,0.289,0.224,0.08,0.449,0.006,0.177,0.023,0.7
29/04/2015 03:00,25.5,12.7,2.5,1.8,0.8,17.1,0.33,0.365,0.425,0.241,0.213,0.061,0.481,0,0.157,0.03,0.69
29/04/2015 04:00,24.1,11.6,2.9,2.2,0.6,16.1,0.211,0.283,0.378,0.22,0.193,0.041,0.275,0.003,0.128,0.045,0.675
29/04/2015 05:00,18.5,10.4,2.9,3.8,0.6,14.7,0.127,0.225,0.394,0.19,0.183,0.03,0.238,0.004,0.105,0.173,0.635
29/04/2015 06:00,12.2,9.9,3.1,5.7,0.8,13.3,0.084,0.183,0.389,0.157,0.151,0.026,0.219,0.001,0.093,0.217,0.6
29/04/2015 07:00,9.4,10,3.6,7.3,0.9,13.2,0.075,0.145,0.384,0.103,0.2,0.025,0.148,0,0.089,0.178,0.582
29/04/2015 08:00,8.1,10.3,3.8,8.3,1.2,14.7,0.076,0.101,0.379,0.065,0.259,0.025,0.108,0.001,0.092,0.131,0.555
29/04/2015 09:00,7.1,11,3.3,7.7,1.4,18.5,0.068,0.027,0.341,0.052,0.193,0.031,0.084,0.001,0.101,0.101,0.519
29/04/2015 10:00,5.1,11.3,2.4,6,1.5,23.9,0.053,0,0.32,0.129,0.112,0.045,0.064,0.001,0.133,0.102,0.509
29/04/2015 11:00,2.5,12.6,1.5,4.5,1.8,30.1,0.01,0.001,0.341,0.249,0.059,0.052,0.053,0.001,0.199,0.141,0.532
29/04/2015 12:00,0.5,18.2,1.5,3.4,2.8,36.3,0.03,0.012,0.375,0.261,0.034,0.061,0.049,0.002,0.283,0.233,0.57
29/04/2015 13:00,0.1,24.3,1.5,2.9,4.8,40,0.188,0.041,0.364,0.225,0.026,0.099,0.048,0.014,0.348,0.38,0.613
29/04/2015 14:00,0,24.9,1.1,3.1,6.6,38.6,0.416,0.057,0.351,0.175,0.028,0.119,0.074,0.036,0.371,0.479,0.649
29/04/2015 15:00,0,23.7,1.4,4.8,10.5,34.3,0.487,0.069,0.316,0.12,0.032,0.141,0.169,0.068,0.343,0.401,0.679
29/04/2015 16:00,0.1,21.7,2.7,9.3,15,29.4,0.442,0.08,0.255,0.071,0.045,0.158,0.329,0.103,0.306,0.311,0.701
29/04/2015 17:00,0.1,19.8,3.7,16.8,16.3,26.2,0.345,0.088,0.209,0.033,0.067,0.177,0.449,0.113,0.273,0.303,0.711
29/04/2015 18:00,0.1,18,3.8,26.2,14.5,24.4,0.309,0.077,0.172,0.011,0.126,0.197,0.512,0.1,0.255,0.261,0.71
29/04/2015 19:00,0.1,17,3.9,33.7,11.9,23.2,0.304,0.048,0.131,0.034,0.214,0.223,0.455,0.075,0.251,0.233,0.692
29/04/2015 20:00,0.1,15.3,4.2,37.6,9.6,22.8,0.272,0.023,0.11,0.146,0.291,0.254,0.466,0.051,0.254,0.172,0.663
29/04/2015 21:00,0.1,13.2,3.6,39.6,8.3,22.9,0.261,0.015,0.1,0.371,0.34,0.3,0.467,0.048,0.272,0.117,0.621
29/04/2015 22:00,0.1,11.1,2.4,40.3,7.4,22.9,0.254,0.043,0.103,0.51,0.349,0.321,0.47,0.076,0.296,0.079,0.58
29/04/2015 23:00,0.1,10,1.6,40.2,6.8,22.7,0.243,0.114,0.121,0.547,0.344,0.283,0.504,0.133,0.328,0.074,0.535
30/04/2015 00:00,0,7.8,0.5,39.5,6.6,22.4,0.204,0.355,0.142,0.513,0.328,0.22,0.541,0.184,0.343,0.089,0.484
30/04/2015 01:00,0.2,12.3,0.1,33.3,5.6,19.3,0.252,0.592,0.161,0.415,0.311,0.209,0.553,0.169,0.326,0.1,0.439
30/04/2015 02:00,0.8,14.8,0.3,23.5,5.2,22.2,0.236,0.501,0.188,0.277,0.288,0.22,0.523,0.061,0.292,0.124,0.424
30/04/2015 03:00,1.4,12.8,0.5,21.2,3.2,23.4,0.217,0.376,0.213,0.161,0.265,0.2,0.55,0.028,0.244,0.124,0.424
30/04/2015 04:00,2.1,10.1,0.8,27.6,1.6,24,0.201,0.289,0.22,0.09,0.223,0.164,0.484,0.073,0.198,0.135,0.438
30/04/2015 05:00,3,7.8,1.7,33.3,0.9,25.6,0.185,0.227,0.228,0.049,0.198,0.13,0.794,0.11,0.167,0.266,0.464
30/04/2015 06:00,4.7,6.2,3.7,33.4,0.7,27,0.167,0.171,0.249,0.017,0.163,0.097,0.806,0.072,0.149,0.315,0.498
30/04/2015 07:00,6.3,4.9,5.1,33.8,0.7,28.1,0.147,0.127,0.262,0.001,0.199,0.064,0.697,0.045,0.144,0.311,0.532
30/04/2015 08:00,7.4,3.8,5.4,34.4,0.8,28.9,0.124,0.1,0.264,0,0.374,0.054,0.503,0.03,0.152,0.305,0.56
30/04/2015 09:00,7.6,3.2,4.4,33.4,1.2,30.1,0.09,0.077,0.261,0,0.332,0.036,0.332,0.019,0.177,0.31,0.578
30/04/2015 10:00,6.8,2.7,3.2,31.3,1.8,31.1,0.082,0.054,0.254,0,0.207,0.033,0.227,0.013,0.22,0.337,0.574
30/04/2015 11:00,3.6,2.2,2.1,28.9,3.1,32.3,0.124,0.022,0.245,0.002,0.111,0.029,0.171,0.011,0.284,0.395,0.564
30/04/2015 12:00,1.4,3,1.6,25,5.2,34.2,0.401,0.008,0.225,0.008,0.051,0.06,0.127,0.015,0.345,0.459,0.559
30/04/2015 13:00,0.9,5.3,1.6,23.3,7.9,36.1,0.662,0.048,0.212,0.008,0.022,0.145,0.089,0.044,0.383,0.519,0.568
30/04/2015 14:00,0.8,6.4,1.8,24,9.1,34.8,0.679,0.022,0.207,0.008,0.009,0.183,0.09,0.076,0.382,0.538,0.583
30/04/2015 15:00,0.9,6.2,2.1,26.9,9.8,31.1,0.666,0.008,0.206,0.006,0.009,0.201,0.146,0.092,0.352,0.488,0.593
30/04/2015 16:00,0.9,5.5,2.4,29.5,11.5,27.5,0.65,0.005,0.218,0.004,0.011,0.214,0.269,0.097,0.323,0.398,0.59
30/04/2015 17:00,0.9,5.1,2.7,30.6,13.3,25.3,0.595,0.008,0.238,0.001,0.016,0.226,0.374,0.094,0.3,0.304,0.586
30/04/2015 18:00,0.8,4.9,2.8,29.3,13,23.9,0.534,0.016,0.251,0,0.025,0.237,0.35,0.084,0.294,0.254,0.59
30/04/2015 19:00,0.6,4.8,3,26.9,12.1,22.9,0.436,0.021,0.259,0.008,0.04,0.252,0.29,0.06,0.306,0.215,0.592
30/04/2015 20:00,0.4,4.9,3.2,24.2,10.8,21.9,0.378,0.021,0.276,0.162,0.06,0.272,0.235,0.044,0.331,0.183,0.597
30/04/2015 21:00,0.2,5,3.4,22.9,9.9,21.1,0.311,0.027,0.272,0.345,0.078,0.289,0.204,0.041,0.337,0.154,0.599
30/04/2015 22:00,0.1,5,3.4,23.3,8.9,20.3,0.217,0.054,0.255,0.384,0.101,0.295,0.175,0.044,0.32,0.121,0.595
30/04/2015 23:00,0,4.8,3.4,23.4,8.2,19.2,0.144,0.085,0.249,0.37,0.144,0.249,0.229,0.047,0.306,0.089,0.58
01/05/2015 00:00,0.1,3.9,1.6,22.2,7.6,18.2,0.176,0.22,0.249,0.318,0.188,0.165,0.294,0.038,0.274,0.062,0.568
01/05/2015 01:00,1.4,2.2,1.2,16.7,5.8,14,0.364,0.467,0.237,0.262,0.21,0.139,0.311,0.013,0.207,0.047,0.556
01/05/2015 02:00,2.6,2.2,1.4,6.6,5.6,13.5,0.447,0.556,0.23,0.22,0.207,0.133,0.309,0.001,0.142,0.04,0.535
01/05/2015 03:00,4.7,2,1.4,4.4,4.3,14.8,0.472,0.439,0.259,0.192,0.204,0.144,0.312,0,0.096,0.035,0.501
01/05/2015 04:00,8.2,2,1.7,0.8,3.1,13.4,0.465,0.326,0.311,0.181,0.201,0.131,0.169,0,0.055,0.045,0.471
01/05/2015 05:00,13.7,2.4,2.2,0.3,2.2,11,0.466,0.261,0.352,0.164,0.196,0.103,0.199,0.005,0.03,0.143,0.464
01/05/2015 06:00,18.8,3,2.8,0.4,1.6,9.6,0.482,0.22,0.388,0.124,0.155,0.077,0.111,0.009,0.037,0.222,0.476
01/05/2015 07:00,22.3,3.6,3.1,0.9,1.5,9.6,0.511,0.197,0.433,0.093,0.093,0.067,0.019,0.012,0.068,0.246,0.498
01/05/2015 08:00,24.7,4,3.3,2.3,1.6,10.8,0.546,0.219,0.47,0.079,0.164,0.059,0.001,0.018,0.107,0.249,0.534
01/05/2015 09:00,24.7,4,3.1,4.3,1.8,13.5,0.539,0.223,0.449,0.057,0.153,0.054,0.002,0.022,0.122,0.251,0.58
01/05/2015 10:00,17.9,3.9,2.8,6.1,2.1,17,0.52,0.209,0.418,0.042,0.097,0.055,0.008,0.022,0.129,0.27,0.603
01/05/2015 11:00,8.5,5.3,2.3,7.6,2.6,20.9,0.609,0.137,0.407,0.039,0.069,0.053,0.026,0.008,0.151,0.308,0.61
01/05/2015 12:00,4,9.2,2.8,9.1,4,25.9,0.803,0.037,0.406,0.051,0.062,0.064,0.047,0,0.181,0.36,0.607
01/05/2015 13:00,3.5,12,3.4,13.5,5.8,31.8,0.803,0.061,0.407,0.043,0.068,0.128,0.047,0,0.216,0.412,0.59
01/05/2015 14:00,3,13.5,4.1,17.7,6.6,33.9,0.745,0.036,0.408,0.035,0.067,0.133,0.042,0.003,0.231,0.447,0.562
01/05/2015 15:00,2.7,14,4.1,17.9,7.6,31.2,0.721,0.017,0.42,0.031,0.049,0.124,0.042,0.009,0.227,0.444,0.531
01/05/2015 16:00,1.8,13.8,4.6,16.7,10.3,27.2,0.645,0.015,0.451,0.038,0.035,0.117,0.035,0.003,0.22,0.386,0.506
01/05/2015 17:00,1.6,14,5.1,15.3,12.5,23.7,0.535,0.019,0.504,0.062,0.019,0.114,0.006,0.003,0.217,0.3,0.492
01/05/2015 18:00,1.8,13.8,5.3,13.8,12.2,20.9,0.433,0.02,0.556,0.135,0.009,0.11,0.09,0.03,0.22,0.239,0.475
01/05/2015 19:00,2.1,13.3,5.1,12.4,10.7,18.5,0.338,0.013,0.586,0.393,0.009,0.106,0.23,0.291,0.227,0.185,0.463
01/05/2015 20:00,3,12.8,4.8,11.1,9.3,17,0.256,0.007,0.603,0.618,0.018,0.112,0.253,0.415,0.239,0.144,0.448
01/05/2015 21:00,2.8,12.6,4.2,9.8,8.1,16.1,0.191,0.007,0.58,0.693,0.037,0.139,0.201,0.567,0.237,0.104,0.442
01/05/2015 22:00,2.1,12.4,3.8,8.8,7.3,15.3,0.152,0.045,0.523,0.689,0.062,0.187,0.164,0.579,0.228,0.069,0.439
01/05/2015 23:00,1.2,11.8,3.8,8.3,6.8,14.7,0.139,0.102,0.494,0.656,0.098,0.205,0.145,0.502,0.229,0.043,0.431
02/05/2015 00:00,0.8,9.8,3.4,8.2,6.6,13.3,0.093,0.294,0.489,0.578,0.132,0.169,0.157,0.452,0.235,0.03,0.418
02/05/2015 01:00,3,7.6,4.9,8.4,5.3,8.9,0.093,0.567,0.484,0.498,0.16,0.129,0.201,0.316,0.235,0.024,0.405
02/05/2015 02:00,5.5,10.6,6.1,4.7,5.4,6,0.107,0.531,0.471,0.472,0.169,0.123,0.252,0.207,0.231,0.019,0.39
02/05/2015 03:00,7.8,11.6,5.9,0.9,4.8,6.4,0.127,0.376,0.491,0.468,0.173,0.126,0.316,0.068,0.232,0.017,0.362
02/05/2015 04:00,9.4,9.9,5.8,0.1,3.2,5.4,0.151,0.302,0.541,0.394,0.184,0.109,0.336,0,0.238,0.032,0.336
02/05/2015 05:00,12.4,8.1,5.8,0.1,2.1,3.9,0.168,0.263,0.61,0.317,0.178,0.084,0.607,0,0.25,0.156,0.323
02/05/2015 06:00,16.5,6.9,5.8,0.3,1.5,3.8,0.177,0.225,0.675,0.259,0.124,0.058,0.604,0,0.263,0.219,0.322
02/05/2015 07:00,20.1,6.1,6.1,0.6,1.3,4.8,0.169,0.191,0.728,0.223,0.049,0.028,0.457,0,0.272,0.22,0.332
02/05/2015 08:00,21.5,5.8,6.2,1.5,1.4,6.8,0.161,0.175,0.744,0.179,0.079,0.027,0.27,0.002,0.272,0.207,0.349
02/05/2015 09:00,21.3,6.1,6.5,2.4,1.9,10.2,0.184,0.126,0.731,0.143,0.107,0.041,0.131,0.002,0.261,0.195,0.371
02/05/2015 10:00,17.7,7.1,6,2.9,2.9,14.1,0.239,0.056,0.703,0.119,0.108,0.046,0.053,0.001,0.26,0.199,0.386
02/05/2015 11:00,8.3,8.2,4.9,3.3,4.4,18.6,0.276,0.019,0.672,0.084,0.094,0.039,0.019,0.001,0.27,0.227,0.398
02/05/2015 12:00,4.2,8.7,4.9,3.5,6.6,24.1,0.436,0.004,0.64,0.04,0.067,0.058,0.008,0.001,0.274,0.254,0.412
02/05/2015 13:00,4.8,10.7,5.4,4.6,10,30.7,0.61,0.01,0.618,0.013,0.047,0.146,0.006,0.002,0.275,0.28,0.429
02/05/2015 14:00,5.8,13.7,5.4,5.9,14.3,33.4,0.652,0.002,0.613,0.006,0.033,0.156,0.009,0.035,0.274,0.3,0.436
02/05/2015 15:00,6.2,14.5,5.1,7.1,17.4,30.2,0.586,0.001,0.613,0.006,0.023,0.113,0.017,0.114,0.276,0.325,0.433
02/05/2015 16:00,5.3,14.4,4.4,8.2,18,26.3,0.523,0.002,0.621,0.009,0.018,0.079,0.027,0.171,0.28,0.355,0.428
02/05/2015 17:00,4.7,14,3.7,10.1,17.5,23.2,0.432,0.003,0.64,0.018,0.016,0.062,0.04,0.163,0.279,0.304,0.43
02/05/2015 18:00,3.9,13,3.2,13.1,15.9,21.2,0.332,0.002,0.664,0.058,0.027,0.059,0.054,0.132,0.272,0.251,0.418
02/05/2015 19:00,3.8,11.3,3.8,16.5,14.5,19.7,0.279,0.001,0.681,0.265,0.054,0.059,0.061,0.112,0.25,0.205,0.405
02/05/2015 20:00,3.5,9.1,4.3,18.7,12.9,18.3,0.234,0.001,0.687,0.512,0.089,0.062,0.055,0.1,0.223,0.165,0.4
02/05/2015 21:00,3.4,7.4,4.3,19.3,10.9,17.3,0.194,0.002,0.695,0.594,0.126,0.079,0.047,0.104,0.187,0.133,0.399
02/05/2015 22:00,3,5.9,4,18.8,8.9,16.5,0.177,0.014,0.701,0.575,0.164,0.086,0.031,0.121,0.144,0.109,0.403
02/05/2015 23:00,2.9,5,3.6,17.6,7.3,15.5,0.178,0.025,0.701,0.528,0.196,0.058,0.015,0.123,0.118,0.087,0.398
03/05/2015 00:00,2.1,3.6,2.4,16.7,6,14.2,0.112,0.067,0.695,0.513,0.21,0.038,0.011,0.109,0.118,0.066,0.395
03/05/2015 01:00,2.8,3.1,3.8,15.4,5.3,10.1,0.103,0.22,0.69,0.491,0.206,0.044,0.016,0.042,0.168,0.046,0.4
03/05/2015 02:00,3.2,3.8,5.7,8.5,5.1,7.1,0.104,0.446,0.687,0.412,0.184,0.067,0.035,0.013,0.235,0.029,0.407
03/05/2015 03:00,5.9,2.4,7.7,3.4,3.8,6.1,0.106,0.445,0.685,0.308,0.168,0.106,0.068,0.001,0.188,0.014,0.394
03/05/2015 04:00,10.3,1.2,9.8,1.1,2.6,6.3,0.077,0.29,0.689,0.266,0.163,0.123,0.036,0,0.155,0.011,0.374
03/05/2015 05:00,14.6,1,11,0.7,1.9,4.4,0.047,0.204,0.705,0.259,0.159,0.084,0,0,0.139,0.048,0.362
03/05/2015 06:00,17.6,1.6,11.5,0.6,1.3,2.8,0.056,0.14,0.735,0.233,0.127,0.064,0.001,0,0.073,0.097,0.352
03/05/2015 07:00,19.7,2.4,12,0.5,1.1,2.4,0.113,0.14,0.772,0.195,0.088,0.061,0.008,0,0.025,0.166,0.339
03/05/2015 08:00,20.6,3.3,12.5,0.4,1.1,3.3,0.232,0.133,0.8,0.135,0.199,0.054,0.019,0,0.017,0.202,0.313
03/05/2015 09:00,19.9,4.3,12.7,0.4,1.2,5.3,0.381,0.111,0.796,0.085,0.176,0.054,0.038,0,0.03,0.193,0.289
03/05/2015 10:00,16.2,5.6,11.6,0.4,1.4,8.4,0.464,0.081,0.765,0.062,0.112,0.047,0.062,0,0.052,0.175,0.277
03/05/2015 11:00,9.2,7.9,10.3,0.6,1.9,12.4,0.422,0.044,0.722,0.042,0.072,0.039,0.084,0,0.077,0.174,0.274
03/05/2015 12:00,4.3,10,11.8,0.8,3.3,18.5,0.459,0.009,0.685,0.02,0.047,0.058,0.107,0,0.118,0.186,0.278
03/05/2015 13:00,4,11.3,12.9,1.9,5.6,27.3,0.544,0.001,0.662,0.008,0.028,0.135,0.139,0.001,0.17,0.216,0.285
03/05/2015 14:00,4.1,12,12,3.6,7,32.4,0.6,0.003,0.655,0.009,0.017,0.191,0.212,0.068,0.21,0.283,0.295
03/05/2015 15:00,3.3,11.8,10.9,5.2,7.3,31.4,0.633,0.041,0.664,0.02,0.016,0.184,0.289,0.255,0.245,0.416,0.297
03/05/2015 16:00,1.8,11.1,9.4,6.4,8.1,27.7,0.666,0.09,0.675,0.052,0.024,0.149,0.282,0.219,0.245,0.471,0.273
03/05/2015 17:00,1.4,10,9.3,7.6,8.9,23.9,0.712,0.103,0.7,0.11,0.038,0.111,0.249,0.054,0.227,0.376,0.248
03/05/2015 18:00,1.1,8.3,8.6,8.5,9.1,21.4,0.746,0.076,0.723,0.22,0.064,0.077,0.209,0.024,0.229,0.318,0.257
03/05/2015 19:00,1.1,6.3,8,9.3,8.3,20,0.775,0.046,0.724,0.472,0.11,0.058,0.173,0.026,0.239,0.296,0.294
03/05/2015 20:00,0.9,4.6,7.3,10.1,7.5,19.1,0.824,0.025,0.703,0.646,0.167,0.054,0.128,0.037,0.237,0.246,0.322
03/05/2015 21:00,0.6,3.1,5.9,11.8,6.1,18.4,0.876,0.008,0.669,0.693,0.209,0.051,0.096,0.033,0.225,0.203,0.294
03/05/2015 22:00,0.2,2,4.5,14.5,4.8,17.9,0.898,0.002,0.623,0.638,0.22,0.048,0.084,0.025,0.212,0.161,0.246
03/05/2015 23:00,0.2,1.7,4.1,17,3.8,17.5,0.951,0.002,0.574,0.515,0.211,0.043,0.087,0.024,0.209,0.121,0.219
04/05/2015 00:00,0.2,1.4,2.4,18.5,2.9,17.1,0.975,0.001,0.547,0.437,0.192,0.063,0.093,0.024,0.214,0.08,0.192
04/05/2015 01:00,0.8,0.8,2.2,14.8,2,13.4,0.98,0.001,0.537,0.394,0.178,0.087,0.094,0.017,0.218,0.047,0.165
04/05/2015 02:00,1.9,0.6,3.6,6.2,1.4,10.9,0.986,0.001,0.532,0.383,0.178,0.124,0.085,0.001,0.208,0.024,0.15
04/05/2015 03:00,3.9,0.9,4.7,3.7,0.6,10.4,0.972,0.001,0.536,0.386,0.178,0.158,0.074,0,0.179,0.008,0.153
04/05/2015 04:00,7.6,1.4,5.4,1.9,0.3,12.6,0.936,0.001,0.552,0.375,0.179,0.16,0.03,0,0.138,0,0.169
04/05/2015 05:00,12.5,2,6.4,0.7,0.2,10.7,0.896,0.008,0.571,0.337,0.188,0.137,0.002,0,0.101,0.003,0.193
04/05/2015 06:00,15.7,2.6,7.5,0.4,0.1,7.9,0.829,0.039,0.586,0.267,0.179,0.116,0.001,0,0.076,0.054,0.24
04/05/2015 07:00,16,3,8.3,0.3,0.3,5.9,0.613,0.108,0.599,0.249,0.107,0.087,0,0,0.058,0.201,0.311
04/05/2015 08:00,14.9,3.5,9,0.3,0.5,4.9,0.339,0.17,0.603,0.211,0.143,0.06,0,0.004,0.051,0.391,0.364
04/05/2015 09:00,14.2,4.3,9.7,0.2,0.6,4.8,0.164,0.161,0.595,0.153,0.14,0.049,0.001,0.017,0.043,0.442,0.385
04/05/2015 10:00,11.4,5.2,9.3,0.3,0.8,5.8,0.16,0.103,0.59,0.115,0.106,0.04,0.006,0.029,0.033,0.336,0.368
04/05/2015 11:00,7.1,6.4,9,0.3,1,7.5,0.206,0.034,0.59,0.09,0.082,0.047,0.019,0.033,0.028,0.271,0.332
04/05/2015 12:00,3.4,9.8,10.3,0.5,1.8,10.6,0.413,0.002,0.584,0.064,0.067,0.073,0.039,0.035,0.024,0.283,0.302
04/05/2015 13:00,2.5,12.7,10.1,1.4,3.3,16.7,0.609,0.024,0.571,0.057,0.054,0.122,0.077,0.027,0.019,0.291,0.279
04/05/2015 14:00,2.3,13.4,8.8,2.6,4.5,22.5,0.746,0.03,0.562,0.073,0.046,0.099,0.137,0.069,0.016,0.261,0.265
04/05/2015 15:00,1.4,13.3,7.7,3.6,4.9,23.8,0.839,0.029,0.577,0.101,0.05,0.052,0.179,0.255,0.017,0.213,0.283
04/05/2015 16:00,1,13.2,7.8,4.3,4.6,22.7,0.854,0.034,0.593,0.128,0.061,0.022,0.184,0.554,0.021,0.211,0.342
04/05/2015 17:00,0.8,13,7.9,4.9,3.9,20.8,0.772,0.046,0.603,0.161,0.066,0.011,0.157,0.703,0.026,0.18,0.416
04/05/2015 18:00,0.7,12.2,7,5.3,3.5,19.1,0.577,0.061,0.618,0.225,0.076,0.011,0.113,0.767,0.036,0.203,0.475
04/05/2015 19:00,0.6,11,6.2,5.1,2.8,18,0.376,0.087,0.635,0.425,0.084,0.018,0.068,0.706,0.051,0.175,0.484
04/05/2015 20:00,0.4,9.4,5.4,4.7,1.9,17.2,0.301,0.131,0.651,0.606,0.082,0.031,0.033,0.556,0.069,0.161,0.459
04/05/2015 21:00,0.2,8.3,4.4,3.9,1.1,15.9,0.297,0.138,0.666,0.637,0.086,0.052,0.013,0.325,0.082,0.108,0.425
04/05/2015 22:00,0.2,7.7,3.8,4.8,0.8,14.5,0.283,0.136,0.666,0.618,0.102,0.078,0.012,0.104,0.088,0.086,0.401
04/05/2015 23:00,0.1,7.2,3.6,6.8,0.6,13,0.265,0.159,0.663,0.591,0.131,0.085,0.023,0.009,0.091,0.086,0.398
05/05/2015 00:00,0.1,5.7,2.3,8.3,0.5,11.3,0.154,0.213,0.666,0.557,0.148,0.091,0.041,0,0.086,0.099,0.41
05/05/2015 01:00,0.7,3.3,0.9,8.1,0.5,7.6,0.159,0.243,0.68,0.529,0.152,0.124,0.063,0,0.076,0.103,0.421
05/05/2015 02:00,1.6,3.7,0.9,4.3,0.5,5.9,0.223,0.256,0.71,0.494,0.156,0.172,0.089,0,0.058,0.094,0.43
05/05/2015 03:00,3.2,3.2,1.5,2.6,0.3,4.9,0.22,0.314,0.739,0.471,0.162,0.181,0.129,0,0.044,0.074,0.429
05/05/2015 04:00,5.3,3.3,2.1,1.9,0.1,3.5,0.195,0.329,0.752,0.438,0.167,0.155,0.097,0,0.039,0.045,0.424
05/05/2015 05:00,7.5,3.1,2.9,1.1,0.1,1.9,0.179,0.237,0.758,0.395,0.168,0.112,0.088,0,0.037,0.202,0.427
05/05/2015 06:00,9,2.8,3.9,0.9,0.2,1.2,0.181,0.221,0.765,0.281,0.12,0.087,0.084,0.002,0.033,0.44,0.42
05/05/2015 07:00,9.4,2.6,4.8,0.9,0.3,1.3,0.201,0.3,0.782,0.22,0.058,0.066,0.078,0.006,0.026,0.51,0.429
05/05/2015 08:00,9.4,2.6,5.3,1.2,0.4,2.3,0.227,0.366,0.791,0.157,0.038,0.054,0.068,0.015,0.023,0.494,0.44
05/05/2015 09:00,9.5,2.8,5.6,1.4,0.5,4.5,0.224,0.413,0.809,0.132,0.002,0.043,0.059,0.014,0.015,0.474,0.459
05/05/2015 10:00,7.6,3.4,5.4,1.6,0.6,8.1,0.192,0.435,0.838,0.156,0,0.039,0.052,0.009,0.006,0.459,0.494
05/05/2015 11:00,4.5,5.6,4.6,1.8,0.9,12.1,0.122,0.539,0.842,0.207,0,0.041,0.041,0.008,0.002,0.454,0.5
05/05/2015 12:00,3,8.9,4.1,2.2,1.4,16.7,0.161,0.572,0.838,0.189,0,0.071,0.029,0.013,0,0.45,0.491
05/05/2015 13:00,2.7,10.7,3.3,4.3,2.3,22.7,0.356,0.802,0.823,0.147,0,0.118,0.025,0.026,0,0.446,0.479
05/05/2015 14:00,2.1,12,2.7,6.8,2.7,25.3,0.537,0.845,0.754,0.119,0.001,0.111,0.043,0.061,0,0.379,0.456
05/05/2015 15:00,1.3,13.4,2.9,9,3,24.2,0.628,0.848,0.692,0.096,0.005,0.081,0.103,0.091,0,0.261,0.432
05/05/2015 16:00,1,14.8,3.1,10.7,3.4,21.9,0.644,0.847,0.683,0.069,0.014,0.048,0.236,0.104,0,0.245,0.413
05/05/2015 17:00,0.8,15.4,3.1,11.4,4.1,20.5,0.609,0.827,0.7,0.042,0.032,0.027,0.413,0.106,0,0.211,0.407
05/05/2015 18:00,0.6,15.3,3.2,11.7,4.5,20.4,0.586,0.777,0.732,0.013,0.053,0.017,0.523,0.113,0.001,0.167,0.402
05/05/2015 19:00,0.4,14.4,2.9,12.8,4.4,19.9,0.553,0.692,0.75,0.005,0.057,0.012,0.488,0.111,0.003,0.152,0.415
05/05/2015 20:00,0.3,12.4,2.8,15.5,4,18.5,0.529,0.567,0.77,0.046,0.049,0.011,0.484,0.084,0.006,0.13,0.427
05/05/2015 21:00,0.3,11,3,19.9,3.6,17.3,0.475,0.412,0.752,0.18,0.044,0.012,0.48,0.041,0.006,0.124,0.387
05/05/2015 22:00,0.2,9.9,3.8,24,3.1,16.5,0.42,0.238,0.709,0.376,0.049,0.013,0.532,0.015,0.004,0.116,0.311
05/05/2015 23:00,0.1,9.1,4.4,26,2.7,16,0.375,0.157,0.661,0.501,0.092,0.014,0.58,0.007,0.002,0.111,0.251
06/05/2015 00:00,0,7,2.6,25.9,2.3,15.3,0.243,0.192,0.61,0.515,0.182,0.017,0.628,0.006,0.001,0.107,0.216
06/05/2015 01:00,0.1,3.4,1.1,19,1.4,12.5,0.201,0.212,0.578,0.464,0.278,0.017,0.741,0.007,0.001,0.11,0.211
06/05/2015 02:00,0.5,5.4,1.1,9.3,1.3,12.3,0.198,0.218,0.589,0.376,0.311,0.025,0.799,0.008,0.002,0.133,0.244
06/05/2015 03:00,1.8,5.9,1,6.6,0.7,10.6,0.164,0.217,0.666,0.255,0.3,0.059,0.84,0.016,0.002,0.179,0.297
06/05/2015 04:00,4,4.2,1.4,5.6,0.4,7.3,0.106,0.199,0.755,0.146,0.264,0.097,0.777,0.017,0.003,0.252,0.331
06/05/2015 05:00,7.2,2.8,2.1,5,0.5,4.9,0.064,0.211,0.821,0.077,0.233,0.124,0.735,0.014,0.004,0.564,0.343
06/05/2015 06:00,10.4,2,2.6,7.6,0.7,4.3,0.044,0.22,0.87,0.044,0.177,0.104,0.77,0.011,0.005,0.631,0.361
06/05/2015 07:00,12.6,1.6,3.1,11.5,0.9,4.9,0.035,0.213,0.903,0.022,0.245,0.074,0.717,0.008,0.007,0.601,0.382
06/05/2015 08:00,13.5,1.4,3.3,15.3,1,6.4,0.035,0.2,0.92,0.011,0.314,0.065,0.575,0.008,0.008,0.556,0.381
06/05/2015 09:00,13.4,1.9,3,16.9,1,8.8,0.064,0.211,0.917,0.003,0.249,0.038,0.41,0.008,0.005,0.525,0.332
06/05/2015 10:00,11.2,3.8,3.1,16.8,0.9,11.6,0.114,0.22,0.903,0.001,0.173,0.034,0.284,0.009,0.002,0.523,0.31
06/05/2015 11:00,5.4,6.8,3.9,16.9,0.8,14.8,0.105,0.16,0.894,0.007,0.105,0.047,0.205,0.009,0,0.543,0.31
06/05/2015 12:00,2.8,8.5,6.1,17.7,0.7,18.1,0.163,0.134,0.887,0.009,0.046,0.086,0.154,0.009,0,0.573,0.297
06/05/2015 13:00,2.7,9,5.6,22,1,22.6,0.429,0.153,0.874,0.006,0.016,0.162,0.114,0.013,0,0.601,0.297
06/05/2015 14:00,2.9,10.5,4.4,26.9,1.6,25.4,0.686,0.132,0.854,0.004,0.008,0.181,0.102,0.024,0,0.596,0.32
06/05/2015 15:00,4.3,13.1,3.9,29.4,2.5,24.7,0.729,0.082,0.853,0.005,0.009,0.148,0.126,0.046,0,0.505,0.333
06/05/2015 16:00,4,15.3,3.8,32,3.2,22.8,0.682,0.035,0.862,0.005,0.024,0.101,0.181,0.069,0,0.37,0.322
06/05/2015 17:00,3.1,16,3.9,35.2,3.6,21.1,0.618,0.011,0.858,0.006,0.08,0.058,0.238,0.074,0,0.282,0.305
06/05/2015 18:00,2.8,15.7,3.8,38.3,3.7,19.7,0.524,0.003,0.851,0.005,0.216,0.031,0.3,0.063,0,0.219,0.316
06/05/2015 19:00,2.3,14.4,3.3,41,3.4,19.2,0.429,0.001,0.834,0.007,0.344,0.023,0.377,0.044,0,0.178,0.355
06/05/2015 20:00,1.8,13,2.9,42.2,3.1,18.6,0.337,0.001,0.808,0.039,0.372,0.03,0.442,0.028,0,0.146,0.371
06/05/2015 21:00,1.1,11.3,2.4,42.8,2.9,17.8,0.296,0.003,0.779,0.147,0.337,0.051,0.467,0.02,0,0.128,0.339
06/05/2015 22:00,0.7,9.5,2.7,41.8,2.8,17.2,0.301,0.009,0.761,0.291,0.305,0.078,0.49,0.015,0,0.112,0.292
06/05/2015 23:00,0.3,8,3.3,39.5,2.7,16,0.302,0.034,0.744,0.337,0.282,0.08,0.498,0.012,0,0.101,0.264
07/05/2015 00:00,0.3,5.6,2.6,36.7,2.8,15.1,0.188,0.148,0.713,0.305,0.27,0.076,0.491,0.012,0,0.097,0.269
07/05/2015 01:00,1.1,2.8,2.1,27.5,2,11.7,0.116,0.341,0.677,0.232,0.257,0.072,0.485,0.008,0.001,0.091,0.302
07/05/2015 02:00,1.3,4.1,2.1,17.6,1.6,11.7,0.092,0.422,0.644,0.155,0.253,0.06,0.494,0.006,0.001,0.078,0.343
07/05/2015 03:00,2.5,3.6,1.4,16,1,10.7,0.081,0.367,0.63,0.117,0.257,0.058,0.5,0.015,0.001,0.059,0.368
07/05/2015 04:00,4,2.1,1.4,17.7,0.6,9.3,0.075,0.302,0.63,0.112,0.256,0.069,0.387,0.015,0,0.083,0.368
07/05/2015 05:00,4.9,1.6,2,18.4,0.4,8.5,0.065,0.243,0.633,0.128,0.25,0.082,0.447,0.014,0,0.264,0.353
07/05/2015 06:00,6.6,1.3,2.8,19.9,0.3,8.6,0.049,0.23,0.637,0.125,0.199,0.083,0.392,0.015,0,0.298,0.341
07/05/2015 07:00,8.9,1.3,3.1,22,0.3,10,0.03,0.217,0.639,0.071,0.233,0.075,0.28,0.016,0,0.281,0.333
07/05/2015 08:00,11,1.4,2.9,23.9,0.3,12.3,0.018,0.209,0.64,0.036,0.371,0.059,0.206,0.018,0,0.281,0.343
07/05/2015 09:00,9,1.6,1.9,24,0.3,15.2,0.011,0.201,0.613,0.011,0.305,0.051,0.153,0.012,0,0.275,0.368
07/05/2015 10:00,5.6,1.9,1.1,21.8,0.3,17.8,0.008,0.199,0.559,0,0.194,0.053,0.112,0.005,0.001,0.274,0.395
07/05/2015 11:00,2.2,3,0.7,18.6,0.4,20,0.001,0.108,0.506,0.01,0.111,0.042,0.09,0.002,0.004,0.285,0.405
07/05/2015 12:00,1.3,6.3,1.1,15,1.3,21.9,0.008,0.085,0.466,0.039,0.057,0.05,0.084,0.001,0.014,0.317,0.412
07/05/2015 13:00,1.2,9,2.3,12.1,4.4,24.1,0.156,0.068,0.438,0.061,0.028,0.069,0.093,0.001,0.031,0.367,0.433
07/05/2015 14:00,1.2,11.6,3.3,10.6,6.8,25.4,0.348,0.054,0.425,0.068,0.014,0.051,0.138,0.003,0.05,0.422,0.476
07/05/2015 15:00,1.2,14.4,3.3,10.5,7.6,23.7,0.425,0.054,0.46,0.061,0.012,0.035,0.214,0.017,0.055,0.441,0.526
07/05/2015 16:00,1.2,15.9,3.6,11.8,8,22,0.38,0.061,0.517,0.05,0.015,0.041,0.289,0.056,0.047,0.388,0.575
07/05/2015 17:00,1,17.3,3.8,14.3,8.6,21.2,0.294,0.059,0.562,0.036,0.027,0.057,0.346,0.097,0.041,0.32,0.613
07/05/2015 18:00,0.7,18.1,3.6,18.3,8.7,21.2,0.209,0.053,0.604,0.01,0.072,0.06,0.371,0.117,0.038,0.266,0.645
07/05/2015 19:00,0.7,18,2.6,23.7,8.6,21.7,0.147,0.049,0.639,0,0.145,0.055,0.372,0.104,0.041,0.212,0.674
07/05/2015 20:00,0.9,17.5,1.8,28.1,8.7,22.2,0.111,0.05,0.672,0.079,0.225,0.052,0.369,0.084,0.05,0.169,0.69
07/05/2015 21:00,0.9,16.4,1.4,29.3,8.4,21.5,0.111,0.061,0.674,0.368,0.265,0.06,0.387,0.082,0.058,0.129,0.69
07/05/2015 22:00,0.6,15.3,1.3,28.9,7.6,20.8,0.13,0.09,0.657,0.547,0.256,0.063,0.395,0.091,0.066,0.093,0.675
07/05/2015 23:00,0.3,14.6,1.4,27.4,6.8,19.8,0.142,0.135,0.628,0.553,0.234,0.057,0.391,0.096,0.077,0.062,0.64
08/05/2015 00:00,0.2,11.3,1.1,25.7,6,19.3,0.099,0.234,0.585,0.484,0.209,0.044,0.387,0.098,0.09,0.034,0.59
08/05/2015 01:00,0.2,7.8,0.6,21.7,4.3,15.7,0.08,0.341,0.532,0.385,0.18,0.028,0.383,0.061,0.101,0.015,0.547
08/05/2015 02:00,0.7,9.5,0.4,19.3,4,15.1,0.079,0.395,0.454,0.307,0.159,0.027,0.391,0.066,0.11,0.006,0.513
08/05/2015 03:00,1.2,9.3,0.4,16.9,3.6,14.2,0.072,0.349,0.431,0.253,0.146,0.041,0.388,0.124,0.109,0.002,0.488
08/05/2015 04:00,2.1,7.5,0.7,13.9,2,12.3,0.062,0.252,0.474,0.198,0.139,0.043,0.236,0.055,0.1,0.009,0.461
08/05/2015 05:00,2.8,5.3,1.2,9.8,1,11.4,0.051,0.206,0.571,0.134,0.138,0.042,0.142,0.015,0.088,0.137,0.441
08/05/2015 06:00,3.3,3.4,2,9.5,0.6,11.8,0.066,0.165,0.68,0.105,0.112,0.034,0.106,0.006,0.079,0.209,0.444
08/05/2015 07:00,3.5,2.3,2.8,11.8,0.4,13,0.105,0.124,0.724,0.093,0.07,0.021,0.061,0.005,0.072,0.213,0.464
08/05/2015 08:00,3.5,1.9,3.2,15.4,0.4,15.3,0.165,0.094,0.698,0.1,0.14,0.016,0.031,0.006,0.069,0.205,0.494
08/05/2015 09:00,3.9,2.1,3.4,17.2,0.4,18.9,0.188,0.063,0.634,0.104,0.151,0.019,0.017,0.008,0.072,0.204,0.538
08/05/2015 10:00,3.4,2.9,3.3,17,0.5,22.5,0.16,0.045,0.555,0.072,0.102,0.029,0.011,0.015,0.079,0.215,0.581
08/05/2015 11:00,2.1,5.1,2.6,16.9,0.9,25.5,0.052,0.015,0.519,0.022,0.046,0.033,0.007,0.038,0.077,0.239,0.61
08/05/2015 12:00,1.1,8.4,1.7,16.8,2.1,27.6,0.068,0.016,0.523,0.002,0.01,0.053,0.004,0.085,0.071,0.286,0.615
08/05/2015 13:00,0.8,9.1,0.9,17,5.3,28.7,0.342,0.005,0.522,0,0.001,0.064,0.003,0.193,0.071,0.358,0.619
08/05/2015 14:00,0.6,8.1,0.6,20.2,8.3,27.6,0.616,0,0.513,0,0,0.054,0.005,0.367,0.088,0.416,0.644
08/05/2015 15:00,0.6,7.8,0.6,25.7,10.5,24.4,0.639,0.004,0.52,0,0,0.054,0.014,0.479,0.126,0.404,0.664
08/05/2015 16:00,0.6,9.6,0.7,33.5,12.2,20.7,0.551,0.017,0.539,0,0,0.059,0.029,0.523,0.188,0.336,0.668
08/05/2015 17:00,0.4,11.7,0.9,40.8,12.8,18.3,0.442,0.032,0.561,0,0,0.062,0.053,0.376,0.267,0.278,0.653
08/05/2015 18:00,0.3,12.6,0.8,44.5,12.4,17.2,0.329,0.043,0.556,0,0,0.068,0.083,0.18,0.354,0.233,0.626
08/05/2015 19:00,0.2,12.2,0.6,44.1,11.6,17,0.231,0.057,0.532,0.064,0.005,0.078,0.12,0.084,0.43,0.202,0.602
08/05/2015 20:00,0.1,11.3,0.4,39.2,10.8,16.7,0.154,0.08,0.498,0.289,0.085,0.092,0.152,0.048,0.475,0.183,0.594
08/05/2015 21:00,0,10,0.6,33.6,10,16.8,0.124,0.113,0.459,0.459,0.261,0.1,0.17,0.025,0.486,0.185,0.593
08/05/2015 22:00,0,8.5,1.1,30.5,9.9,16.8,0.139,0.156,0.422,0.516,0.336,0.093,0.178,0.006,0.479,0.175,0.583
08/05/2015 23:00,0.1,6.8,2,29.4,9.4,16.5,0.174,0.234,0.395,0.494,0.191,0.065,0.178,0,0.474,0.15,0.56
09/05/2015 00:00,0.2,4.3,2.2,28.4,8.7,15.3,0.15,0.4,0.389,0.46,0.058,0.061,0.168,0,0.457,0.143,0.523
09/05/2015 01:00,0.2,2.4,1.3,22.7,6.9,11.4,0.15,0.538,0.398,0.422,0.023,0.071,0.159,0.001,0.394,0.156,0.472
09/05/2015 02:00,0.6,1.8,1.1,20.7,5.8,13.4,0.152,0.491,0.399,0.348,0.024,0.085,0.167,0,0.298,0.147,0.424
09/05/2015 03:00,1.1,1.1,0.7,13.6,7.1,13.7,0.164,0.362,0.422,0.274,0.047,0.103,0.186,0,0.215,0.118,0.374
09/05/2015 04:00,1.6,0.6,0.7,8.9,6.3,12,0.18,0.277,0.451,0.233,0.084,0.121,0.124,0,0.143,0.112,0.328
09/05/2015 05:00,2,0.3,1,7.8,4.4,9.6,0.192,0.213,0.468,0.219,0.115,0.178,0.059,0,0.089,0.269,0.31
09/05/2015 06:00,2.4,0.3,1.4,8.3,3.2,8.3,0.199,0.182,0.484,0.21,0.094,0.182,0.054,0,0.053,0.352,0.311
09/05/2015 07:00,3,0.4,1.9,9.3,2.3,9,0.199,0.17,0.52,0.182,0.085,0.096,0.03,0,0.029,0.374,0.298
09/05/2015 08:00,3.4,0.7,2.1,10.2,1.6,11.1,0.191,0.162,0.591,0.153,0.136,0.054,0.011,0,0.017,0.391,0.274
09/05/2015 09:00,4.6,1.1,2.2,10.8,1.4,14,0.14,0.164,0.63,0.094,0.071,0.044,0.003,0,0.013,0.414,0.256
09/05/2015 10:00,4.6,1.6,2.3,10.5,1.4,16.3,0.102,0.179,0.643,0.033,0.026,0.041,0.001,0.001,0.021,0.432,0.278
09/05/2015 11:00,3.3,3.6,1.7,9.8,1.9,18,0.09,0.097,0.642,0,0.01,0.028,0.001,0.002,0.05,0.444,0.278
09/05/2015 12:00,1.5,7,1.1,9.1,4.2,19.6,0.341,0.158,0.627,0,0.005,0.022,0,0.005,0.106,0.457,0.227
09/05/2015 13:00,0.9,8.1,0.6,10.1,8.8,22.3,0.631,0.242,0.599,0,0.003,0.04,0.001,0.017,0.189,0.479,0.206
09/05/2015 14:00,0.7,8.5,0.3,12,12.8,24.2,0.692,0.205,0.56,0,0.003,0.02,0.001,0.068,0.266,0.465,0.249
09/05/2015 15:00,0.4,8.8,0.3,13.1,14.3,24.2,0.596,0.166,0.565,0,0.004,0.005,0.002,0.137,0.308,0.364,0.295
09/05/2015 16:00,0.2,9.1,0.6,15,14,23.3,0.458,0.134,0.6,0,0.009,0.001,0.01,0.192,0.3,0.274,0.336
09/05/2015 17:00,0.2,9.6,0.9,19.3,13.3,22.1,0.379,0.127,0.639,0,0.023,0.001,0.035,0.195,0.27,0.225,0.423
09/05/2015 18:00,0.2,9.5,1.4,24.3,12.5,21,0.317,0.154,0.677,0.002,0.067,0.005,0.071,0.159,0.277,0.188,0.504
09/05/2015 19:00,0.1,8.6,1.6,26.4,11.4,19.4,0.283,0.202,0.711,0.219,0.134,0.015,0.101,0.11,0.277,0.165,0.51
09/05/2015 20:00,0,8,1.9,24,10.8,17.6,0.274,0.256,0.738,0.566,0.204,0.031,0.12,0.071,0.273,0.156,0.463
09/05/2015 21:00,0.1,7.3,2.1,19.9,10,16.2,0.267,0.282,0.748,0.72,0.233,0.046,0.133,0.053,0.274,0.146,0.435
09/05/2015 22:00,0.1,6.6,2.2,16.8,8.6,15,0.261,0.233,0.749,0.74,0.234,0.06,0.151,0.064,0.251,0.124,0.432
09/05/2015 23:00,0.2,5.8,2.8,14,7.6,13.6,0.235,0.282,0.756,0.659,0.235,0.064,0.188,0.111,0.213,0.093,0.419
10/05/2015 00:00,0.5,3.8,2.1,11,6.8,12.5,0.174,0.464,0.756,0.516,0.225,0.092,0.249,0.16,0.181,0.066,0.386
10/05/2015 01:00,0.9,2.4,1.8,7.5,4.7,10.4,0.168,0.43,0.736,0.435,0.214,0.106,0.313,0.101,0.16,0.051,0.352
10/05/2015 02:00,1.1,3.3,2.8,4.9,3.3,11.9,0.125,0.368,0.707,0.354,0.204,0.111,0.369,0.015,0.131,0.054,0.362
10/05/2015 03:00,1.6,3.4,2.7,3.1,2.3,12.5,0.064,0.32,0.697,0.294,0.196,0.101,0.403,0.001,0.1,0.053,0.413
10/05/2015 04:00,2,3.1,2.5,1,1.5,10.9,0.032,0.284,0.702,0.237,0.183,0.101,0.256,0,0.073,0.042,0.432
10/05/2015 05:00,3.5,3.1,2.7,0.8,0.9,10,0.02,0.236,0.712,0.194,0.162,0.1,0.254,0,0.051,0.189,0.406
10/05/2015 06:00,5.7,3.3,2.6,1.1,0.6,10.2,0.014,0.185,0.726,0.155,0.119,0.128,0.368,0,0.037,0.349,0.372
10/05/2015 07:00,7.7,3.9,2.8,1.8,0.6,11.7,0.009,0.119,0.746,0.144,0.073,0.099,0.286,0,0.028,0.432,0.373
10/05/2015 08:00,9.7,4.9,2.9,2.8,0.6,14.2,0.006,0.078,0.763,0.122,0.174,0.078,0.191,0,0.021,0.467,0.411
10/05/2015 09:00,11.7,6.1,3.4,3.6,0.8,17.3,0.006,0.058,0.77,0.092,0.179,0.071,0.114,0,0.014,0.458,0.432
10/05/2015 10:00,10.6,6.9,3.7,4.5,0.8,20.4,0.008,0.066,0.767,0.064,0.115,0.063,0.067,0,0.01,0.428,0.442
10/05/2015 11:00,5.6,7.3,3,5.6,0.6,23.5,0.008,0.058,0.762,0.035,0.073,0.05,0.043,0,0.013,0.414,0.479
10/05/2015 12:00,2.8,8.8,1.6,6.5,0.6,26.2,0.069,0.028,0.759,0.004,0.053,0.064,0.033,0,0.032,0.436,0.544
10/05/2015 13:00,3.1,10.1,1.4,8,1.3,28.1,0.29,0.087,0.752,0,0.045,0.079,0.025,0.005,0.079,0.457,0.612
10/05/2015 14:00,2.5,10.1,1.8,10.7,2.6,25.9,0.478,0.131,0.739,0,0.037,0.045,0.022,0.025,0.147,0.429,0.663
10/05/2015 15:00,1.4,10.3,2.1,11.4,3.9,22.6,0.523,0.133,0.741,0,0.032,0.013,0.036,0.035,0.211,0.342,0.682
10/05/2015 16:00,0.8,11,2.4,11.6,5.2,19.7,0.474,0.118,0.753,0,0.035,0.002,0.08,0.033,0.255,0.261,0.676
10/05/2015 17:00,0.8,11.6,2.8,14.8,6.4,17.5,0.365,0.098,0.766,0,0.045,0,0.155,0.032,0.271,0.231,0.669
10/05/2015 18:00,0.9,11.6,2.6,20.4,7.4,15.8,0.278,0.088,0.777,0.006,0.07,0,0.223,0.039,0.261,0.205,0.656
10/05/2015 19:00,1.1,11.2,2.3,23.7,7.8,14.8,0.225,0.083,0.786,0.163,0.103,0.002,0.261,0.043,0.244,0.185,0.633
10/05/2015 20:00,1.2,10.9,2.2,22.7,7.6,14.3,0.213,0.084,0.788,0.379,0.138,0.005,0.288,0.046,0.222,0.165,0.601
10/05/2015 21:00,1.3,10.3,2.1,20.6,6.6,13.8,0.217,0.101,0.771,0.47,0.164,0.015,0.294,0.047,0.196,0.136,0.562
10/05/2015 22:00,1.6,9.8,2.3,18.8,5.4,12.5,0.251,0.136,0.741,0.494,0.176,0.036,0.298,0.036,0.185,0.108,0.522
10/05/2015 23:00,2.1,9,2.8,17.3,4.3,11.2,0.288,0.195,0.714,0.472,0.175,0.045,0.302,0.017,0.183,0.089,0.479
11/05/2015 00:00,2.5,6.9,2,16.3,3.8,10.5,0.245,0.323,0.691,0.422,0.161,0.037,0.311,0.002,0.158,0.083,0.435
11/05/2015 01:00,2,4.8,1,14,2.5,9.5,0.284,0.388,0.663,0.402,0.143,0.028,0.334,0,0.114,0.071,0.407
11/05/2015 02:00,1.1,5.3,1.3,14.4,1.8,12.1,0.28,0.401,0.641,0.395,0.135,0.019,0.369,0,0.069,0.061,0.4
11/05/2015 03:00,1.2,6.4,1.5,11.8,2.4,12.1,0.248,0.412,0.624,0.367,0.144,0.014,0.413,0,0.038,0.044,0.386
11/05/2015 04:00,1.9,6.3,1.5,8.8,3.1,10.2,0.219,0.401,0.609,0.307,0.156,0.05,0.304,0,0.016,0.044,0.359
11/05/2015 05:00,3.2,5.8,1.4,6.4,3.4,8.4,0.196,0.34,0.598,0.232,0.154,0.093,0.281,0,0.001,0.112,0.343
11/05/2015 06:00,4.2,5.8,1.4,5,3.4,7.2,0.163,0.292,0.59,0.168,0.096,0.085,0.229,0.001,0,0.167,0.346
11/05/2015 07:00,4.1,6.3,1.2,4.9,3.2,6.7,0.113,0.254,0.571,0.122,0.051,0.069,0.155,0.004,0.001,0.174,0.36
11/05/2015 08:00,3.5,7,0.8,5.9,3.1,7,0.058,0.223,0.553,0.087,0.076,0.054,0.109,0.011,0.035,0.175,0.376
11/05/2015 09:00,2.5,7.6,0.6,7.1,3.4,9,0.026,0.183,0.541,0.076,0.062,0.049,0.081,0.015,0.044,0.179,0.395
11/05/2015 10:00,1.4,7.4,0.6,7.8,3.9,12.6,0.026,0.151,0.523,0.055,0.085,0.048,0.067,0.015,0.032,0.186,0.419
11/05/2015 11:00,0.7,6.3,0.6,8.1,5.3,16.9,0.059,0.081,0.498,0.029,0.112,0.047,0.062,0.011,0.016,0.205,0.448
11/05/2015 12:00,0.4,8.3,1,7.8,7.1,21.5,0.239,0.072,0.476,0.007,0.128,0.063,0.061,0.006,0.008,0.245,0.483
11/05/2015 13:00,0.6,14.5,1.5,7.2,8.6,25.7,0.464,0.158,0.461,0.001,0.127,0.083,0.057,0.002,0.008,0.303,0.521
11/05/2015 14:00,0.8,18,1.9,7.1,8.9,27,0.511,0.174,0.454,0.001,0.113,0.069,0.059,0.007,0.015,0.374,0.559
11/05/2015 15:00,1,19.3,1.8,6.7,8.3,26.7,0.425,0.179,0.454,0.001,0.09,0.041,0.071,0.066,0.026,0.43,0.586
11/05/2015 16:00,0.9,18.5,1.8,6.8,7,24.7,0.369,0.188,0.465,0.001,0.066,0.025,0.103,0.205,0.037,0.416,0.601
11/05/2015 17:00,1.1,17,1.6,7.4,5.6,22.4,0.312,0.171,0.487,0.001,0.045,0.022,0.163,0.309,0.044,0.36,0.61
11/05/2015 18:00,1.3,15,0.9,6.6,4.9,20.6,0.272,0.138,0.52,0.003,0.025,0.016,0.232,0.366,0.046,0.3,0.611
11/05/2015 19:00,1.4,12.6,0.4,4.2,4.6,19,0.278,0.112,0.558,0.099,0.015,0.009,0.283,0.387,0.048,0.246,0.602
11/05/2015 20:00,1.5,10.5,0.9,2.3,4.4,17.8,0.296,0.1,0.602,0.354,0.012,0.003,0.288,0.379,0.051,0.203,0.583
11/05/2015 21:00,1.5,8.2,1.9,2.2,4,16.5,0.332,0.087,0.635,0.496,0.015,0.001,0.247,0.355,0.047,0.167,0.556
11/05/2015 22:00,1.4,5.9,2.4,3.8,3.6,14.4,0.347,0.059,0.637,0.524,0.024,0.002,0.205,0.283,0.037,0.137,0.526
11/05/2015 23:00,1.2,4,3.3,7.3,2.9,12,0.338,0.099,0.624,0.488,0.043,0.001,0.175,0.182,0.023,0.108,0.504
12/05/2015 00:00,0.8,2.3,2.3,10.5,2.3,9.8,0.278,0.188,0.6,0.425,0.069,0.001,0.157,0.11,0.016,0.079,0.484
12/05/2015 01:00,0.2,1.1,1.3,10.4,1.4,8.2,0.27,0.27,0.566,0.358,0.096,0.001,0.153,0.059,0.01,0.059,0.462
12/05/2015 02:00,0.1,2.8,1.6,8,0.8,8.4,0.264,0.274,0.532,0.315,0.125,0.007,0.16,0.03,0.006,0.045,0.441
12/05/2015 03:00,0.4,5.4,2.1,7,0.3,5.9,0.205,0.345,0.502,0.306,0.151,0.028,0.183,0.023,0.006,0.034,0.427
12/05/2015 04:00,1,4.4,2.6,3.8,0.3,3.4,0.148,0.413,0.501,0.284,0.158,0.047,0.121,0.019,0.009,0.04,0.423
12/05/2015 05:00,2.8,4.9,2.9,1.1,0.4,1.9,0.106,0.358,0.559,0.231,0.153,0.064,0.053,0.015,0.009,0.158,0.425
12/05/2015 06:00,5.5,6.7,2.6,0.3,0.4,1.2,0.067,0.316,0.666,0.181,0.105,0.067,0.025,0.024,0.007,0.264,0.423
12/05/2015 07:00,7.5,8.6,1.9,0.5,0.4,1.3,0.035,0.354,0.765,0.141,0.053,0.055,0.008,0.048,0.005,0.289,0.41
12/05/2015 08:00,9,9.8,1.4,0.9,0.4,1.9,0.014,0.381,0.82,0.105,0.059,0.048,0.003,0.071,0.004,0.28,0.401
12/05/2015 09:00,10.8,10.4,1.5,1.4,0.3,3.3,0.006,0.365,0.836,0.067,0.023,0.035,0.003,0.073,0.003,0.272,0.42
12/05/2015 10:00,10.1,10.1,1.5,1.9,0.3,5.6,0.011,0.3,0.823,0.039,0.01,0.029,0.005,0.058,0.002,0.274,0.447
12/05/2015 11:00,4.3,9.6,1.6,3.1,0.3,8.6,0.037,0.276,0.789,0.021,0.004,0.023,0.013,0.034,0.001,0.284,0.462
12/05/2015 12:00,2.2,12.2,2.4,5.1,0.5,12.6,0.132,0.195,0.747,0.019,0.002,0.042,0.022,0.016,0.003,0.31,0.476
12/05/2015 13:00,2,13.3,3.4,9.8,1.3,18.8,0.31,0.13,0.707,0.029,0.001,0.072,0.025,0.014,0.009,0.362,0.492
12/05/2015 14:00,1.6,11.7,4.3,16.4,2.9,23.5,0.457,0.194,0.684,0.028,0,0.048,0.017,0.019,0.027,0.408,0.513
12/05/2015 15:00,1.1,8.2,4.6,17,5.1,23.2,0.574,0.328,0.703,0.021,0,0.019,0.013,0.018,0.048,0.421,0.525
12/05/2015 16:00,1.1,5.8,4.4,14.8,6.3,20.7,0.618,0.457,0.739,0.015,0,0.004,0.016,0.014,0.063,0.369,0.525
12/05/2015 17:00,1.2,5.6,3.9,13,6.1,17.8,0.592,0.435,0.768,0.008,0.003,0.002,0.026,0.012,0.08,0.294,0.529
12/05/2015 18:00,1.8,6.4,3.4,11.8,5.4,15.8,0.515,0.358,0.785,0.006,0.015,0.003,0.041,0.02,0.106,0.219,0.535
12/05/2015 19:00,1.8,7.7,2.9,11.1,4.3,14.3,0.431,0.326,0.794,0.133,0.032,0.008,0.056,0.045,0.132,0.161,0.54
12/05/2015 20:00,1.1,8.5,2.5,10.6,3.4,13.2,0.355,0.401,0.808,0.489,0.036,0.019,0.066,0.082,0.155,0.122,0.539
12/05/2015 21:00,0.7,8.6,2.5,10.7,2.9,12.6,0.295,0.176,0.804,0.672,0.03,0.039,0.104,0.082,0.164,0.091,0.541
12/05/2015 22:00,0.7,8.1,1.7,10.7,2.8,11.8,0.278,0.168,0.785,0.697,0.024,0.061,0.182,0.053,0.152,0.067,0.549
12/05/2015 23:00,0.7,7.7,1.5,10.2,2.9,10.6,0.291,0.603,0.755,0.633,0.027,0.054,0.274,0.041,0.119,0.049,0.556
13/05/2015 00:00,0.6,6.1,0.6,9.3,2.9,9.3,0.237,0.851,0.714,0.519,0.05,0.029,0.361,0.054,0.088,0.039,0.55
13/05/2015 01:00,1.5,6.2,0.3,6.4,2.2,8.3,0.214,0.881,0.668,0.429,0.095,0.015,0.432,0.068,0.071,0.039,0.523
13/05/2015 02:00,2.1,6.3,0.4,3.6,1.8,8.2,0.24,0.819,0.618,0.394,0.145,0.017,0.489,0.058,0.062,0.05,0.491
13/05/2015 03:00,3.6,4.5,0.8,3.4,1.1,6.3,0.207,0.653,0.586,0.367,0.184,0.035,0.503,0.047,0.05,0.055,0.47
13/05/2015 04:00,6.5,3.5,1.9,2.6,0.7,3.4,0.159,0.499,0.575,0.314,0.198,0.059,0.357,0.024,0.029,0.058,0.506
13/05/2015 05:00,9.6,3.1,3.4,1.7,0.6,1.8,0.118,0.34,0.586,0.257,0.194,0.061,0.337,0.014,0.01,0.285,0.581
13/05/2015 06:00,12.6,3.1,5.4,1.3,1.1,1.4,0.093,0.289,0.607,0.22,0.144,0.054,0.223,0.013,0.002,0.501,0.644
13/05/2015 07:00,15.7,3.6,7.1,1.1,2.1,1.9,0.08,0.239,0.628,0.167,0.113,0.045,0.117,0.01,0,0.544,0.679
13/05/2015 08:00,18.6,4.6,8.3,1,3.6,3.2,0.064,0.233,0.631,0.12,0.196,0.041,0.062,0.006,0,0.568,0.703
13/05/2015 09:00,18.4,5.4,8.5,0.9,4.3,5.3,0.061,0.259,0.576,0.093,0.213,0.041,0.036,0.002,0,0.583,0.73
13/05/2015 10:00,14.4,6.1,7,0.9,4.1,8.1,0.065,0.305,0.475,0.088,0.194,0.044,0.024,0.002,0.004,0.598,0.751
13/05/2015 11:00,6.8,7.6,4.9,1,4.1,11.5,0.079,0.229,0.366,0.106,0.164,0.041,0.02,0.004,0.03,0.608,0.763
13/05/2015 12:00,3.8,9.6,3.7,1.1,4.3,15.5,0.217,0.237,0.27,0.153,0.133,0.076,0.022,0.014,0.09,0.616,0.765
13/05/2015 13:00,4.2,10.3,3.1,2.4,4.9,20.3,0.488,0.361,0.204,0.162,0.101,0.094,0.032,0.062,0.17,0.62,0.758
13/05/2015 14:00,3.9,10.3,3.1,7.8,5.1,22.9,0.621,0.456,0.171,0.125,0.071,0.055,0.083,0.148,0.259,0.583,0.744
13/05/2015 15:00,3.3,10,3.6,11.2,3.8,21.9,0.601,0.538,0.183,0.09,0.041,0.023,0.231,0.2,0.33,0.462,0.723
13/05/2015 16:00,3.1,9.9,4,11.8,2.1,18.6,0.498,0.605,0.234,0.069,0.022,0.016,0.42,0.22,0.367,0.323,0.706
13/05/2015 17:00,3.1,9.7,4.3,12.3,1.1,15.3,0.399,0.626,0.3,0.053,0.011,0.022,0.523,0.239,0.377,0.242,0.705
13/05/2015 18:00,2.6,9.1,4.3,12.8,0.7,13,0.292,0.595,0.348,0.032,0.004,0.032,0.56,0.238,0.367,0.185,0.71
13/05/2015 19:00,2.1,8,4.1,12.5,0.5,11.3,0.236,0.552,0.356,0.086,0.003,0.045,0.574,0.209,0.348,0.138,0.713
13/05/2015 20:00,1.8,6.8,4.4,11.5,0.7,10,0.211,0.506,0.343,0.296,0.007,0.062,0.595,0.155,0.337,0.106,0.705
13/05/2015 21:00,1,5.4,4.5,11.4,1.4,8.6,0.153,0.441,0.328,0.56,0.023,0.079,0.58,0.065,0.313,0.085,0.698
13/05/2015 22:00,0.6,4.4,4.6,11.6,2.5,7.1,0.089,0.329,0.312,0.686,0.053,0.094,0.558,0.004,0.282,0.074,0.7
13/05/2015 23:00,0.3,3.8,4.4,11.6,3.2,5.8,0.051,0.293,0.301,0.672,0.087,0.085,0.599,0,0.264,0.069,0.702
14/05/2015 00:00,0.5,2.5,3.1,11.3,3.7,5,0.02,0.383,0.297,0.597,0.112,0.066,0.635,0,0.239,0.069,0.684
14/05/2015 01:00,1.7,2.6,5.1,8.9,2.6,3.9,0.005,0.413,0.297,0.465,0.126,0.049,0.69,0.003,0.203,0.084,0.648
14/05/2015 02:00,2.9,3.6,8.4,5.2,1.6,3.6,0,0.367,0.305,0.376,0.136,0.051,0.731,0,0.167,0.108,0.613
14/05/2015 03:00,5.2,2.9,9.3,3.4,1.1,2,0.001,0.379,0.324,0.302,0.126,0.081,0.74,0,0.139,0.176,0.606
14/05/2015 04:00,9.2,2.7,9.5,2.1,2.5,0.8,0.001,0.464,0.352,0.228,0.101,0.104,0.672,0.013,0.118,0.192,0.632
14/05/2015 05:00,13.2,3.1,10,1.4,4.1,0.4,0.001,0.501,0.385,0.145,0.076,0.09,0.766,0.026,0.102,0.413,0.663
14/05/2015 06:00,17.1,3.8,10.6,1.3,5.1,0.3,0.001,0.479,0.425,0.059,0.029,0.063,0.74,0.035,0.097,0.637,0.684
14/05/2015 07:00,20.6,4.6,11.8,1.5,5.4,0.3,0.004,0.392,0.464,0.011,0.006,0.047,0.623,0.039,0.109,0.723,0.701
14/05/2015 08:00,23.5,5.6,12.9,1.8,5.3,0.6,0.008,0.349,0.489,0.001,0.001,0.035,0.466,0.038,0.133,0.748,0.729
14/05/2015 09:00,24.1,6.8,13.2,1.6,5.1,1.3,0.013,0.291,0.488,0,0,0.033,0.337,0.029,0.177,0.744,0.759
14/05/2015 10:00,18.6,8.1,11.3,1.1,5,2.4,0.022,0.232,0.459,0,0.001,0.032,0.261,0.02,0.253,0.715,0.777
14/05/2015 11:00,9.3,9,8.6,0.7,4.9,3.6,0.031,0.092,0.429,0.006,0.002,0.029,0.241,0.018,0.347,0.676,0.772
14/05/2015 12:00,5.8,11.6,7.6,0.4,4.7,5.3,0.051,0.138,0.388,0.035,0.004,0.059,0.255,0.021,0.425,0.638,0.756
14/05/2015 13:00,5.3,13.8,7,0.7,5.3,8.4,0.137,0.104,0.346,0.053,0.008,0.069,0.27,0.034,0.459,0.613,0.748
14/05/2015 14:00,4.5,13.2,6.1,1.3,7,12.3,0.234,0.064,0.319,0.039,0.016,0.05,0.349,0.067,0.448,0.564,0.748
14/05/2015 15:00,3.3,10.8,5.8,2.4,9.5,13.9,0.264,0.054,0.316,0.015,0.028,0.037,0.47,0.117,0.434,0.447,0.746
14/05/2015 16:00,2.4,9.9,6.3,4.7,10.7,13.9,0.255,0.059,0.342,0.002,0.036,0.035,0.517,0.179,0.414,0.333,0.739
14/05/2015 17:00,1.6,9.3,6,7.5,10.6,13.5,0.257,0.069,0.386,0,0.039,0.035,0.513,0.249,0.403,0.236,0.727
14/05/2015 18:00,1.2,8.9,5.3,10,9.3,13,0.263,0.08,0.425,0,0.045,0.033,0.477,0.33,0.407,0.184,0.707
14/05/2015 19:00,1,8.5,4.9,11.3,7.3,12.2,0.249,0.085,0.444,0.199,0.069,0.029,0.46,0.394,0.395,0.141,0.68
14/05/2015 20:00,0.7,8.2,4.4,11.9,4.9,11.3,0.216,0.084,0.442,0.656,0.123,0.03,0.403,0.415,0.367,0.112,0.647
14/05/2015 21:00,0.7,8.1,4.1,11.4,3.4,10.5,0.182,0.074,0.421,0.752,0.201,0.036,0.415,0.407,0.333,0.085,0.626
14/05/2015 22:00,0.5,8.3,4.3,11.6,2.4,9.7,0.146,0.062,0.398,0.689,0.254,0.041,0.507,0.367,0.298,0.061,0.617
14/05/2015 23:00,0.4,8.6,4.3,12.9,2,9,0.104,0.054,0.381,0.606,0.27,0.034,0.547,0.317,0.271,0.035,0.61
15/05/2015 00:00,0.6,7.5,3.9,14,1.8,8.4,0.041,0.03,0.367,0.533,0.226,0.021,0.64,0.265,0.238,0.017,0.591
15/05/2015 01:00,2.1,12.2,4.8,10.6,1.3,7,0.022,0.011,0.345,0.488,0.178,0.007,0.679,0.151,0.193,0.008,0.562
15/05/2015 02:00,3.5,15,4.9,6.1,1.8,7,0.024,0.014,0.329,0.415,0.135,0.003,0.693,0.047,0.154,0.005,0.535
15/05/2015 03:00,4.9,13.2,4.8,4.6,1.9,7.6,0.025,0.039,0.32,0.323,0.112,0.002,0.7,0.042,0.13,0.007,0.524
15/05/2015 04:00,7.4,10.6,4.4,2.3,2.1,6.8,0.025,0.089,0.317,0.248,0.111,0.004,0.618,0.048,0.118,0.005,0.532
15/05/2015 05:00,10.7,8.4,4.1,1.4,2.4,5.5,0.028,0.159,0.32,0.2,0.126,0.018,0.703,0.034,0.106,0.094,0.544
15/05/2015 06:00,13.5,6.7,4.3,0.9,2.8,5.1,0.034,0.227,0.32,0.167,0.121,0.032,0.557,0.023,0.104,0.27,0.559
15/05/2015 07:00,16.1,5.4,4.3,0.8,3.4,5.3,0.037,0.267,0.323,0.159,0.14,0.036,0.361,0.018,0.112,0.354,0.59
15/05/2015 08:00,17.9,4.7,4.1,0.8,4.1,6.1,0.038,0.284,0.325,0.132,0.202,0.042,0.225,0.017,0.133,0.388,0.637
15/05/2015 09:00,18.2,4.8,3.9,0.9,4.8,7,0.017,0.253,0.323,0.104,0.175,0.039,0.157,0.016,0.181,0.414,0.682
15/05/2015 10:00,13.3,5.4,3.6,1.1,5.3,8,0.002,0.214,0.315,0.085,0.127,0.031,0.126,0.014,0.261,0.447,0.716
15/05/2015 11:00,7.1,6.4,3.1,1.2,5.3,9,0,0.09,0.312,0.073,0.102,0.023,0.112,0.013,0.358,0.486,0.739
15/05/2015 12:00,3.9,8.1,3.8,1.4,5,10.3,0.022,0.052,0.327,0.061,0.092,0.032,0.101,0.012,0.436,0.511,0.756
15/05/2015 13:00,4.2,9.1,4.4,1.8,4.8,13.1,0.196,0.155,0.346,0.053,0.09,0.041,0.082,0.018,0.486,0.526,0.763
15/05/2015 14:00,3,9.1,4,2.3,4.5,16.9,0.361,0.076,0.371,0.056,0.086,0.024,0.093,0.076,0.502,0.513,0.763
15/05/2015 15:00,1.6,8.8,3.8,2.6,4.5,19,0.38,0.017,0.401,0.069,0.092,0.016,0.163,0.22,0.49,0.447,0.752
15/05/2015 16:00,0.9,8.6,4.1,3.4,4.9,19.5,0.324,0.001,0.438,0.087,0.108,0.025,0.294,0.457,0.467,0.359,0.738
15/05/2015 17:00,0.6,8.8,4.3,5.3,4.9,19.2,0.251,0,0.481,0.113,0.113,0.043,0.414,0.639,0.421,0.282,0.72
15/05/2015 18:00,0.4,9.5,5.3,7.1,4.5,18.2,0.179,0,0.519,0.187,0.13,0.058,0.47,0.711,0.349,0.239,0.697
15/05/2015 19:00,0.3,10.2,6.8,8.6,4.3,17,0.123,0,0.539,0.447,0.155,0.076,0.479,0.708,0.291,0.204,0.676
15/05/2015 20:00,0.2,10.9,6.7,9.9,4.3,15.5,0.089,0,0.532,0.642,0.16,0.098,0.515,0.663,0.264,0.174,0.663
15/05/2015 21:00,0.2,11.1,6.2,12.4,4,14.6,0.079,0,0.494,0.67,0.139,0.112,0.516,0.61,0.252,0.151,0.647
15/05/2015 22:00,0.2,9.5,5.2,15.5,3.8,14,0.083,0,0.449,0.623,0.107,0.109,0.492,0.585,0.248,0.13,0.609
15/05/2015 23:00,0.2,8.6,4.6,16.8,3.5,13.8,0.089,0,0.407,0.502,0.089,0.089,0.498,0.548,0.243,0.102,0.547
16/05/2015 00:00,0.2,7.5,4.5,16.5,3.4,13.7,0.053,0,0.37,0.375,0.086,0.049,0.547,0.501,0.261,0.076,0.495
16/05/2015 01:00,1.2,9.7,5.6,12.1,2.8,11.1,0.013,0,0.341,0.27,0.086,0.018,0.594,0.344,0.285,0.053,0.495
16/05/2015 02:00,2.6,9.9,6.9,5.9,3.1,9.8,0.002,0.004,0.325,0.201,0.084,0.003,0.619,0.164,0.298,0.034,0.529
16/05/2015 03:00,4,7.4,8.1,4.8,5.1,9.6,0,0.047,0.346,0.14,0.075,0.001,0.615,0.295,0.3,0.018,0.537
16/05/2015 04:00,6.2,4.4,9.3,3.6,6.9,10.4,0,0.141,0.395,0.093,0.068,0,0.436,0.414,0.279,0.011,0.504
16/05/2015 05:00,8.5,2.3,10.5,3.5,7.8,9.6,0,0.212,0.454,0.072,0.064,0,0.386,0.368,0.261,0.155,0.467
16/05/2015 06:00,11.3,1.1,11.2,4.8,8,8.5,0,0.256,0.519,0.08,0.051,0,0.47,0.292,0.246,0.275,0.442
16/05/2015 07:00,14.2,0.9,10.5,6.8,7.6,8.8,0,0.291,0.571,0.104,0.021,0.001,0.349,0.214,0.234,0.323,0.446
16/05/2015 08:00,16.2,1.3,9.6,9,7.2,10,0.001,0.314,0.614,0.118,0.024,0.002,0.271,0.144,0.233,0.364,0.474
16/05/2015 09:00,16,2.2,8.3,9.6,6.6,12.2,0.001,0.293,0.615,0.088,0.018,0.005,0.225,0.082,0.232,0.386,0.49
16/05/2015 10:00,13.7,3.9,6.4,8.5,5.7,15.2,0.001,0.272,0.588,0.034,0.007,0.009,0.197,0.051,0.234,0.379,0.479
16/05/2015 11:00,6.5,5.6,4.7,7.3,5,18.5,0,0.134,0.555,0,0.001,0.011,0.193,0.05,0.241,0.364,0.457
16/05/2015 12:00,3.5,9.8,5.3,6,5.1,22.4,0,0.066,0.513,0,0,0.019,0.205,0.063,0.247,0.362,0.464
16/05/2015 13:00,4.3,14.3,5.7,5.1,5.9,25.8,0.008,0.103,0.466,0,0,0.013,0.193,0.088,0.248,0.379,0.509
16/05/2015 14:00,4.8,16.2,5.4,4.5,7.2,26.9,0.07,0.088,0.428,0,0,0.006,0.222,0.107,0.253,0.401,0.568
16/05/2015 15:00,5,18.3,5.1,4.7,7.8,26.3,0.144,0.057,0.425,0,0,0.002,0.276,0.102,0.264,0.4,0.602
16/05/2015 16:00,4,19.7,4.9,7.6,7.5,25.4,0.223,0.035,0.449,0,0.002,0,0.328,0.083,0.262,0.374,0.614
16/05/2015 17:00,3.2,19.3,4.5,16.3,7.6,24.1,0.286,0.025,0.481,0,0.016,0,0.364,0.052,0.243,0.325,0.619
16/05/2015 18:00,3.3,18,3.9,28.2,7.1,22.6,0.285,0.02,0.519,0.001,0.069,0,0.398,0.042,0.22,0.276,0.61
16/05/2015 19:00,4.4,16.6,3.4,36.4,6.7,21,0.259,0.022,0.557,0.082,0.167,0,0.4,0.045,0.201,0.226,0.586
16/05/2015 20:00,5.3,14.2,3.1,37.6,6.6,19.9,0.251,0.028,0.574,0.266,0.252,0.002,0.381,0.038,0.189,0.182,0.56
16/05/2015 21:00,5.5,11.1,2.9,37.3,6.4,18.8,0.232,0.031,0.561,0.341,0.267,0.012,0.387,0.055,0.179,0.151,0.563
16/05/2015 22:00,5.3,8.1,3.3,35.7,6.9,17.8,0.209,0.037,0.538,0.323,0.241,0.024,0.42,0.108,0.179,0.119,0.577
16/05/2015 23:00,4.5,6.4,3.4,32.6,7,16.8,0.19,0.028,0.513,0.291,0.208,0.027,0.464,0.163,0.195,0.093,0.581
17/05/2015 00:00,3.6,4.1,3.1,30,5.9,16,0.123,0.005,0.506,0.265,0.178,0.026,0.497,0.188,0.213,0.072,0.581
17/05/2015 01:00,3.8,4.3,4,25.2,4.6,12.3,0.11,0.006,0.523,0.227,0.159,0.021,0.521,0.138,0.213,0.059,0.586
17/05/2015 02:00,4.1,4.2,5.5,24.1,3.9,15.2,0.123,0.074,0.535,0.168,0.154,0.013,0.523,0.06,0.194,0.054,0.571
17/05/2015 03:00,4.9,2.9,6.7,20,5.8,18,0.152,0.216,0.532,0.112,0.17,0.008,0.51,0.03,0.171,0.049,0.539
17/05/2015 04:00,7.3,2.2,7.7,15.2,7.7,19.5,0.167,0.345,0.526,0.075,0.204,0.005,0.364,0.005,0.148,0.066,0.522
17/05/2015 05:00,10.8,1.9,8.7,12.2,10.7,17.4,0.161,0.432,0.535,0.058,0.225,0.004,0.457,0,0.131,0.247,0.515
17/05/2015 06:00,14.1,2.1,9.1,11.1,14.1,15.6,0.142,0.425,0.57,0.054,0.163,0.007,0.449,0.001,0.123,0.309,0.513
17/05/2015 07:00,16.6,2.4,8,11.2,15.8,15.4,0.118,0.395,0.611,0.054,0.074,0.007,0.279,0.006,0.126,0.296,0.535
17/05/2015 08:00,18.6,2.5,6.1,11.2,15.8,16.7,0.093,0.391,0.637,0.046,0.145,0.005,0.172,0.016,0.144,0.295,0.575
17/05/2015 09:00,19.1,2.6,4.9,11,15.6,19.7,0.074,0.344,0.642,0.03,0.046,0.008,0.107,0.035,0.172,0.311,0.594
17/05/2015 10:00,16.2,3.2,4.1,10,14.7,23.4,0.068,0.321,0.633,0.001,0.008,0.012,0.069,0.076,0.216,0.343,0.609
17/05/2015 11:00,8.9,5.1,3.3,8.6,14.1,26.8,0.054,0.219,0.613,0,0.002,0.017,0.046,0.153,0.278,0.376,0.633
17/05/2015 12:00,3.6,8,3.4,7.5,15.2,30.4,0.16,0.179,0.586,0,0.002,0.032,0.03,0.251,0.328,0.414,0.666
17/05/2015 13:00,3.4,10.2,3.8,8,16.2,33.4,0.488,0.209,0.561,0,0.002,0.041,0.02,0.342,0.356,0.457,0.695
17/05/2015 14:00,3.1,11.9,3.7,9.4,14.6,33.4,0.636,0.14,0.548,0,0.005,0.037,0.022,0.481,0.375,0.459,0.7
17/05/2015 15:00,2,13.6,3.6,12.6,12.8,30.4,0.58,0.069,0.557,0,0.01,0.022,0.047,0.601,0.379,0.39,0.687
17/05/2015 16:00,1.2,14.8,3.3,19.9,10.8,27.6,0.442,0.038,0.563,0,0.022,0.012,0.119,0.651,0.358,0.327,0.668
17/05/2015 17:00,1.1,14.5,3.4,30.4,9.4,25.8,0.374,0.041,0.568,0,0.051,0.007,0.225,0.652,0.328,0.283,0.641
17/05/2015 18:00,0.7,13,3.8,39.5,9,25.4,0.331,0.064,0.572,0.002,0.115,0.005,0.315,0.629,0.297,0.248,0.605
17/05/2015 19:00,0.5,11.5,4.1,42.9,9,25.5,0.279,0.071,0.574,0.061,0.178,0.006,0.367,0.538,0.266,0.207,0.567
17/05/2015 20:00,0.3,9.5,4.3,41.1,9.1,25.5,0.241,0.061,0.578,0.214,0.205,0.013,0.397,0.484,0.251,0.173,0.535
17/05/2015 21:00,0.3,8.3,4.5,38.7,8.8,24.2,0.251,0.059,0.566,0.315,0.207,0.023,0.404,0.449,0.245,0.149,0.516
17/05/2015 22:00,0.4,7.6,4.2,35.1,8.4,22.9,0.3,0.09,0.537,0.349,0.189,0.024,0.407,0.43,0.245,0.126,0.506
17/05/2015 23:00,0.3,7,3.5,30.5,8.3,22,0.334,0.127,0.519,0.377,0.158,0.019,0.413,0.413,0.255,0.103,0.498
18/05/2015 00:00,0.3,5.8,1.9,26.1,8,21.2,0.259,0.179,0.525,0.374,0.126,0.011,0.434,0.37,0.262,0.089,0.479
18/05/2015 01:00,1.3,8.1,2.1,22.9,7.1,19.7,0.288,0.178,0.542,0.348,0.105,0.01,0.452,0.231,0.252,0.094,0.447
18/05/2015 02:00,2.1,7.8,2.3,21.7,6.2,24.5,0.302,0.155,0.571,0.305,0.094,0.01,0.471,0.157,0.227,0.099,0.421
18/05/2015 03:00,3.4,6.4,2.7,18.8,6.6,25.3,0.213,0.146,0.609,0.264,0.093,0.016,0.47,0.167,0.197,0.096,0.406
18/05/2015 04:00,5,5.8,3.3,15,7.8,23.4,0.134,0.134,0.644,0.241,0.105,0.025,0.327,0.185,0.167,0.091,0.402
18/05/2015 05:00,6.5,5.8,3.9,10.6,9.6,21.1,0.078,0.11,0.672,0.23,0.132,0.03,0.248,0.183,0.139,0.28,0.406
18/05/2015 06:00,8.5,6.1,4.4,7,11.8,19,0.039,0.073,0.7,0.212,0.153,0.024,0.125,0.192,0.117,0.368,0.421
18/05/2015 07:00,10,6.6,4.6,5.8,13.7,18,0.017,0.037,0.726,0.19,0.125,0.021,0.042,0.222,0.103,0.368,0.448
18/05/2015 08:00,11.3,7.2,4.7,5.7,14.3,18,0.006,0.014,0.744,0.182,0.132,0.022,0.011,0.275,0.102,0.352,0.479
18/05/2015 09:00,10.9,8.1,4.1,5.7,14.4,20,0.005,0.003,0.739,0.167,0.183,0.029,0.004,0.341,0.122,0.349,0.51
18/05/2015 10:00,10.2,9.6,3.1,5.2,13.5,22.9,0.021,0.001,0.717,0.135,0.171,0.035,0.002,0.419,0.173,0.354,0.541
18/05/2015 11:00,7.1,11.1,2.4,4.7,13.7,26.4,0.106,0,0.672,0.092,0.115,0.043,0.003,0.51,0.251,0.367,0.568
18/05/2015 12:00,3.9,11.2,2.6,4.3,15.7,31,0.429,0,0.621,0.057,0.068,0.059,0.005,0.622,0.33,0.403,0.593
18/05/2015 13:00,3.8,10.7,3.3,4.5,19.3,36.4,0.625,0,0.591,0.038,0.037,0.112,0.009,0.732,0.395,0.46,0.623
18/05/2015 14:00,3.3,11.3,3,5.7,20.3,37.3,0.582,0.001,0.572,0.023,0.021,0.161,0.015,0.808,0.437,0.469,0.65
18/05/2015 15:00,2.8,12.1,3,6.5,19.9,34.9,0.479,0.002,0.571,0.014,0.013,0.149,0.021,0.805,0.421,0.395,0.667
18/05/2015 16:00,2.1,12.1,2.9,7.1,18.7,32.2,0.376,0.002,0.587,0.019,0.006,0.116,0.027,0.797,0.376,0.32,0.674
18/05/2015 17:00,1.8,12.1,2.7,8.5,16.6,30.4,0.327,0.002,0.6,0.042,0.002,0.084,0.028,0.765,0.341,0.251,0.677
18/05/2015 18:00,1.7,11.8,2.4,11.3,15.3,29.5,0.281,0.002,0.605,0.095,0,0.06,0.026,0.737,0.314,0.207,0.679
18/05/2015 19:00,1.6,10.8,2.1,13.7,14.9,29.1,0.25,0.002,0.606,0.241,0,0.045,0.02,0.705,0.302,0.172,0.675
18/05/2015 20:00,1.6,9.3,1.9,14.7,14.4,28.6,0.221,0.002,0.603,0.379,0,0.032,0.013,0.668,0.294,0.136,0.661
18/05/2015 21:00,1.5,8.6,2.1,14.8,13.3,27.4,0.191,0.002,0.574,0.395,0,0.024,0.009,0.591,0.284,0.105,0.642
18/05/2015 22:00,1.3,8.4,2.3,14.2,12,25.5,0.174,0.003,0.537,0.341,0.001,0.013,0.008,0.521,0.27,0.084,0.615
18/05/2015 23:00,1.1,7.7,2.1,13,10.8,23.6,0.169,0.006,0.513,0.281,0.004,0.003,0.009,0.444,0.263,0.061,0.583
19/05/2015 00:00,0.9,6.3,1.1,11.2,10,22.5,0.117,0.031,0.504,0.251,0.011,0.003,0.013,0.359,0.245,0.043,0.544
19/05/2015 01:00,1.6,8.1,1.6,9,9,25.2,0.106,0.201,0.502,0.246,0.021,0.005,0.02,0.206,0.201,0.036,0.509
19/05/2015 02:00,2.9,13.3,1.6,7,11.1,27.3,0.095,0.486,0.51,0.234,0.029,0.009,0.032,0.142,0.145,0.04,0.49
19/05/2015 03:00,4.3,15,1.4,5.5,13.3,25.9,0.059,0.592,0.535,0.213,0.036,0.019,0.051,0.078,0.112,0.051,0.499
19/05/2015 04:00,5.3,13.7,1.3,3.9,13.3,24.2,0.029,0.518,0.57,0.191,0.043,0.035,0.035,0.036,0.096,0.045,0.535
19/05/2015 05:00,6.3,13.3,1.3,2.8,13,23.6,0.009,0.369,0.601,0.165,0.054,0.071,0.013,0.017,0.095,0.112,0.583
19/05/2015 06:00,6.9,13.2,2.3,3.4,13.2,23.5,0.001,0.261,0.633,0.124,0.058,0.087,0.013,0.015,0.093,0.243,0.624
19/05/2015 07:00,8.2,12.9,3.1,5.2,14.2,23.9,0,0.245,0.659,0.12,0.052,0.081,0.009,0.022,0.087,0.337,0.646
19/05/2015 08:00,10.8,12.5,3.8,7.4,15.5,24.7,0,0.253,0.668,0.151,0.09,0.061,0.007,0.026,0.088,0.376,0.656
19/05/2015 09:00,12.3,12.3,3.8,8.5,17.1,27.4,0,0.259,0.692,0.145,0.106,0.045,0.005,0.03,0.094,0.381,0.662
19/05/2015 10:00,11.3,11.5,3.6,8.1,19,30.9,0,0.262,0.727,0.141,0.099,0.039,0.003,0.033,0.101,0.401,0.669
19/05/2015 11:00,7.8,10.4,2.8,7.2,20.4,34,0.002,0.14,0.748,0.112,0.081,0.043,0.003,0.039,0.129,0.439,0.672
19/05/2015 12:00,3.1,9.7,2,6.1,21.4,36.8,0.027,0.203,0.74,0.073,0.065,0.061,0.004,0.049,0.181,0.472,0.674
19/05/2015 13:00,1.7,10,1.4,5.1,23.4,38,0.131,0.211,0.718,0.039,0.056,0.124,0.014,0.073,0.251,0.496,0.676
19/05/2015 14:00,1.6,10.3,1.1,4.4,23.1,35.8,0.284,0.176,0.708,0.02,0.054,0.126,0.061,0.084,0.339,0.477,0.68
19/05/2015 15:00,1.4,10.8,1.1,3.6,22.3,33.8,0.421,0.157,0.721,0.011,0.056,0.095,0.116,0.062,0.391,0.401,0.663
19/05/2015 16:00,1.1,10.9,1.3,3,21,32.8,0.454,0.175,0.737,0.008,0.061,0.065,0.156,0.026,0.386,0.325,0.623
19/05/2015 17:00,0.9,11.1,1.6,3.6,19.9,31.8,0.395,0.206,0.742,0.007,0.069,0.047,0.152,0.006,0.343,0.258,0.581
19/05/2015 18:00,0.7,10.8,1.9,5.8,19.8,31,0.29,0.238,0.738,0.008,0.089,0.037,0.122,0.002,0.294,0.215,0.538
19/05/2015 19:00,0.7,10,2.1,9.3,19.4,30.6,0.212,0.278,0.732,0.022,0.126,0.033,0.103,0.003,0.264,0.174,0.499
19/05/2015 20:00,0.6,8.5,1.9,12.5,19.8,30.2,0.166,0.328,0.726,0.084,0.181,0.034,0.093,0.013,0.264,0.127,0.459
19/05/2015 21:00,0.5,7,1.6,14.6,19.3,28.6,0.14,0.388,0.711,0.225,0.238,0.045,0.083,0.033,0.289,0.091,0.433
19/05/2015 22:00,0.3,5.6,1.2,15.6,18.2,27,0.135,0.42,0.684,0.407,0.282,0.063,0.074,0.053,0.328,0.069,0.428
19/05/2015 23:00,0.2,4.5,1.1,15.8,16.5,25,0.133,0.46,0.654,0.523,0.304,0.071,0.082,0.067,0.364,0.057,0.433
20/05/2015 00:00,0,2.9,0.4,15.4,15,23.6,0.082,0.628,0.636,0.547,0.313,0.071,0.112,0.074,0.375,0.041,0.444
20/05/2015 01:00,0.1,2,0.4,12.9,13.4,24,0.05,0.689,0.637,0.513,0.296,0.068,0.185,0.063,0.354,0.03,0.441
20/05/2015 02:00,0.2,2.2,0.8,11.6,14.7,22,0.057,0.559,0.655,0.437,0.268,0.083,0.282,0.013,0.319,0.042,0.423
20/05/2015 03:00,1.1,2.3,1.3,10,14.7,17.3,0.051,0.466,0.707,0.305,0.225,0.111,0.361,0,0.285,0.057,0.404
20/05/2015 04:00,2.3,2.1,1.3,7,12.5,13.5,0.042,0.363,0.766,0.184,0.203,0.142,0.219,0,0.249,0.036,0.393
20/05/2015 05:00,3.9,2.4,1,4.9,9.8,11.2,0.047,0.353,0.808,0.101,0.208,0.115,0.058,0,0.22,0.196,0.388
20/05/2015 06:00,5.8,2.7,0.8,3.8,8.6,10.5,0.051,0.342,0.837,0.052,0.179,0.08,0.005,0,0.214,0.374,0.398
20/05/2015 07:00,7.8,3.1,0.8,2.9,8.5,11.1,0.049,0.31,0.856,0.023,0.12,0.064,0,0,0.233,0.416,0.436
20/05/2015 08:00,10.3,3.8,0.9,2.6,8.9,13.2,0.044,0.334,0.86,0.007,0.221,0.051,0,0.001,0.261,0.415,0.496
20/05/2015 09:00,11.1,5.3,1.2,2.6,10.3,17,0.046,0.317,0.845,0.001,0.212,0.041,0,0.001,0.28,0.415,0.551
20/05/2015 10:00,10,7,1.8,2.9,12.6,21.5,0.06,0.278,0.809,0,0.143,0.041,0,0.004,0.3,0.414,0.587
20/05/2015 11:00,6.2,7.9,2,3.3,15.2,26.1,0.077,0.152,0.765,0,0.092,0.035,0,0.018,0.338,0.413,0.61
20/05/2015 12:00,2.2,7.7,1.9,3.7,20.2,31.2,0.135,0.13,0.711,0,0.068,0.076,0,0.051,0.396,0.407,0.635
20/05/2015 13:00,1.4,9,1.8,5.2,27.6,36.4,0.259,0.114,0.644,0,0.058,0.116,0,0.112,0.447,0.395,0.674
20/05/2015 14:00,1,10.5,1.8,8,29.1,37.6,0.369,0.106,0.567,0.001,0.046,0.1,0.001,0.212,0.447,0.37,0.725
20/05/2015 15:00,0.6,10.7,1.6,9.5,28.8,36.6,0.431,0.117,0.494,0.007,0.033,0.067,0.003,0.345,0.396,0.328,0.759
20/05/2015 16:00,0.3,10.4,1.5,10.2,28.2,34.7,0.469,0.131,0.426,0.02,0.025,0.045,0.006,0.523,0.331,0.307,0.766
20/05/2015 17:00,0.2,10.2,1.2,11.4,25.5,33.4,0.484,0.133,0.366,0.045,0.019,0.039,0.037,0.647,0.287,0.278,0.75
20/05/2015 18:00,0.3,9.8,1,13.9,24.2,32.6,0.459,0.134,0.32,0.101,0.017,0.039,0.075,0.668,0.284,0.233,0.713
20/05/2015 19:00,0.4,9.1,1,18.5,23.2,32,0.401,0.128,0.274,0.328,0.024,0.046,0.11,0.635,0.32,0.186,0.669
20/05/2015 20:00,0.5,8.1,1.2,24.5,22,31.6,0.317,0.122,0.238,0.579,0.039,0.06,0.17,0.622,0.381,0.144,0.634
20/05/2015 21:00,0.7,6,1.7,29,21,30.2,0.208,0.119,0.206,0.66,0.074,0.083,0.215,0.568,0.41,0.112,0.615
20/05/2015 22:00,0.5,3.9,2.6,30.6,19.7,29,0.129,0.118,0.175,0.651,0.138,0.105,0.259,0.461,0.328,0.085,0.599
20/05/2015 23:00,0.4,2.7,3.4,29,19.3,27.6,0.091,0.101,0.156,0.602,0.238,0.112,0.308,0.345,0.225,0.066,0.57
21/05/2015 00:00,1.1,1.7,2.4,26.1,19.5,26.2,0.047,0.102,0.159,0.537,0.313,0.098,0.346,0.245,0.145,0.048,0.537
21/05/2015 01:00,2.5,0.9,4,19.9,19.7,28.2,0.03,0.086,0.175,0.445,0.3,0.079,0.362,0.132,0.094,0.035,0.51
21/05/2015 02:00,5.2,0.7,4.9,17.2,24.4,28,0.031,0.056,0.197,0.339,0.248,0.071,0.354,0.06,0.066,0.024,0.491
21/05/2015 03:00,8.3,0.5,4.5,14.7,26.7,24.9,0.035,0.034,0.225,0.264,0.203,0.05,0.345,0.062,0.047,0.014,0.488
21/05/2015 04:00,10.7,0.8,3.7,11.2,25.9,21.7,0.036,0.026,0.251,0.196,0.167,0.035,0.191,0.052,0.035,0.009,0.501
21/05/2015 05:00,13.5,1.3,3.9,9.2,24.7,20,0.036,0.017,0.284,0.147,0.133,0.029,0.076,0.031,0.028,0.079,0.522
21/05/2015 06:00,16.7,2.2,4.9,9.3,24.2,19.8,0.035,0.01,0.317,0.114,0.077,0.024,0.015,0.016,0.025,0.137,0.541
21/05/2015 07:00,18.8,3.4,6,9.9,23.7,20.5,0.031,0.012,0.345,0.101,0.076,0.018,0.001,0.01,0.027,0.142,0.556
21/05/2015 08:00,19.4,4.9,7,10.5,23.3,22.1,0.029,0.016,0.369,0.087,0.096,0.021,0,0.01,0.034,0.137,0.559
21/05/2015 09:00,18.1,6.2,7.3,10.8,23.4,25.9,0.03,0.019,0.352,0.054,0.05,0.02,0,0.012,0.048,0.134,0.552
21/05/2015 10:00,15.5,7,6.9,10.7,23.5,30.4,0.039,0.024,0.306,0.024,0.007,0.022,0,0.01,0.083,0.136,0.527
21/05/2015 11:00,8.7,7.5,5.2,10.8,24.6,34.4,0.045,0.007,0.261,0.004,0,0.027,0.001,0.007,0.149,0.151,0.494
21/05/2015 12:00,3.4,9.3,5.1,10.8,28,37.7,0.064,0.004,0.22,0,0,0.047,0.005,0.005,0.233,0.188,0.468
21/05/2015 13:00,3.1,10.2,5.3,11.5,30.6,38.6,0.178,0,0.181,0,0,0.063,0.013,0.007,0.311,0.242,0.455
21/05/2015 14:00,3.3,9.8,5,12.8,30,37,0.355,0,0.145,0,0,0.076,0.019,0.044,0.357,0.289,0.454
21/05/2015 15:00,3.9,8.8,4.3,14.7,28.6,35.8,0.494,0,0.158,0,0,0.077,0.013,0.175,0.351,0.338,0.454
21/05/2015 16:00,3.7,7.7,3.9,19.3,27.4,34.9,0.546,0,0.215,0,0,0.084,0.009,0.398,0.319,0.391,0.457
21/05/2015 17:00,2.6,7.2,3.8,27.4,25.2,34.3,0.509,0,0.278,0.001,0.001,0.103,0.004,0.574,0.288,0.338,0.473
21/05/2015 18:00,1.9,7.5,3.7,36.3,23.4,33.3,0.363,0,0.334,0.027,0.009,0.127,0.001,0.657,0.259,0.265,0.495
21/05/2015 19:00,1.6,7.8,3.4,41.8,22,32.4,0.272,0,0.393,0.288,0.035,0.143,0,0.665,0.227,0.21,0.506
21/05/2015 20:00,1.5,8.3,2.8,42.6,21.4,31.6,0.247,0,0.457,0.607,0.073,0.148,0.014,0.601,0.194,0.172,0.506
21/05/2015 21:00,1.5,8.5,2.9,40,20.9,30.5,0.219,0,0.469,0.727,0.1,0.146,0.046,0.491,0.17,0.147,0.507
21/05/2015 22:00,1,8.1,3.3,36.6,20.7,29.4,0.212,0,0.442,0.73,0.106,0.137,0.041,0.391,0.181,0.125,0.494
21/05/2015 23:00,0.5,7.6,3.5,33.4,20,27.6,0.235,0,0.422,0.67,0.113,0.1,0.007,0.326,0.232,0.101,0.458
22/05/2015 00:00,0.6,5.5,1.4,31.1,21.7,26.2,0.183,0.025,0.406,0.556,0.119,0.074,0,0.234,0.252,0.082,0.414
22/05/2015 01:00,1.6,2.7,1.2,27.1,22.4,27.7,0.154,0.146,0.394,0.435,0.12,0.1,0,0.101,0.214,0.067,0.386
22/05/2015 02:00,1.6,2.6,2.2,26.7,27.4,29.8,0.13,0.317,0.382,0.331,0.117,0.111,0,0.025,0.157,0.058,0.388
22/05/2015 03:00,2.8,2.6,4.3,24.3,29.7,28.1,0.11,0.36,0.368,0.262,0.114,0.118,0.002,0.005,0.117,0.054,0.394
22/05/2015 04:00,6.2,3.5,5.6,24.5,27.2,25.9,0.101,0.298,0.346,0.22,0.115,0.117,0.005,0.013,0.09,0.073,0.4
22/05/2015 05:00,11.3,5.1,6.1,25.1,22.5,24.5,0.106,0.251,0.314,0.186,0.117,0.113,0.019,0.024,0.074,0.27,0.407
22/05/2015 06:00,16.8,6.2,7.3,26.9,18.3,24.3,0.114,0.192,0.277,0.152,0.09,0.114,0.039,0.026,0.064,0.352,0.41
22/05/2015 07:00,20.5,6.8,8.8,28.5,15.8,25.4,0.118,0.157,0.235,0.138,0.103,0.097,0.042,0.024,0.058,0.354,0.41
22/05/2015 08:00,23.1,7.2,10.2,28.4,14.7,27.4,0.118,0.163,0.193,0.122,0.135,0.077,0.039,0.02,0.056,0.355,0.411
22/05/2015 09:00,22.7,7.3,11.1,26.1,14.5,30.9,0.117,0.155,0.147,0.113,0.072,0.067,0.043,0.016,0.054,0.379,0.422
22/05/2015 10:00,17.2,6.6,10.7,22.8,15.2,34.9,0.123,0.114,0.11,0.132,0.018,0.053,0.059,0.016,0.06,0.422,0.451
22/05/2015 11:00,9.6,5.2,8.6,20,16.5,38.1,0.127,0.037,0.092,0.112,0.001,0.04,0.088,0.017,0.092,0.47,0.487
22/05/2015 12:00,4.9,4.4,9,18,20.7,40.4,0.179,0.021,0.084,0.069,0,0.069,0.131,0.02,0.149,0.518,0.525
22/05/2015 13:00,5.2,6.9,9,18.3,25.1,40,0.337,0.021,0.076,0.045,0,0.134,0.179,0.042,0.213,0.57,0.547
22/05/2015 14:00,8.4,11.5,9.5,22.2,26.6,36.4,0.468,0.03,0.063,0.036,0,0.121,0.272,0.078,0.256,0.592,0.564
22/05/2015 15:00,10.9,14.3,9.9,27.6,25.4,34.4,0.491,0.03,0.047,0.035,0,0.083,0.328,0.101,0.276,0.513,0.59
22/05/2015 16:00,13.6,13.8,9.5,34.2,23.5,34.1,0.432,0.02,0.033,0.039,0,0.057,0.343,0.11,0.284,0.352,0.62
22/05/2015 17:00,13.6,14.2,8.5,39.8,22.1,34.1,0.332,0.013,0.021,0.053,0,0.058,0.345,0.108,0.292,0.249,0.651
22/05/2015 18:00,15.1,13.8,7.6,42.2,21.9,35,0.244,0.011,0.015,0.095,0.001,0.084,0.328,0.095,0.292,0.188,0.68
22/05/2015 19:00,11.6,13.6,6.6,42,21.3,36.1,0.183,0.018,0.012,0.278,0.001,0.126,0.294,0.071,0.284,0.143,0.695
22/05/2015 20:00,7.3,12.8,5.6,40.1,19.7,36.8,0.154,0.037,0.009,0.531,0.003,0.182,0.244,0.047,0.274,0.114,0.697
22/05/2015 21:00,4.9,11.4,5.4,41,17.2,36.4,0.149,0.092,0.009,0.667,0.004,0.209,0.201,0.034,0.268,0.167,0.7
22/05/2015 22:00,3.6,10,5.5,41.7,16,36,0.163,0.223,0.011,0.707,0.003,0.166,0.175,0.037,0.259,0.248,0.707
22/05/2015 23:00,2.7,9.1,5.3,40.9,14.2,34.8,0.182,0.428,0.01,0.724,0.005,0.103,0.177,0.062,0.245,0.318,0.703
23/05/2015 00:00,1.7,6.8,4.1,40,12.4,32.8,0.144,0.607,0.01,0.659,0.017,0.061,0.221,0.126,0.219,0.379,0.676
23/05/2015 01:00,1.9,4.9,6.4,37.9,11.8,34.5,0.123,0.627,0.012,0.557,0.045,0.061,0.327,0.135,0.187,0.392,0.637
23/05/2015 02:00,2.2,5.2,8.6,38.4,16.4,37,0.133,0.583,0.011,0.459,0.079,0.082,0.455,0.126,0.15,0.362,0.605
23/05/2015 03:00,3.3,4.4,8.4,33.4,21.5,36.2,0.124,0.431,0.013,0.383,0.101,0.103,0.538,0.162,0.111,0.297,0.566
23/05/2015 04:00,6.3,4.2,8,26.3,21.5,34.8,0.104,0.305,0.018,0.297,0.103,0.108,0.364,0.253,0.077,0.238,0.502
23/05/2015 05:00,10.6,4.4,8.3,18.2,19.4,34,0.084,0.22,0.02,0.233,0.099,0.076,0.499,0.203,0.058,0.556,0.413
23/05/2015 06:00,16.5,4.8,9.3,13.5,18,34.1,0.063,0.169,0.022,0.196,0.071,0.049,0.542,0.146,0.045,0.625,0.332
23/05/2015 07:00,23.6,5.3,10.8,12.8,17.8,34.9,0.046,0.125,0.027,0.221,0.021,0.02,0.42,0.118,0.035,0.552,0.302
23/05/2015 08:00,29.2,6.3,11.8,13,18.4,36.1,0.041,0.122,0.034,0.227,0.015,0.025,0.296,0.107,0.027,0.486,0.323
23/05/2015 09:00,32,7.9,12.5,13.2,20.6,38.7,0.046,0.123,0.045,0.2,0.005,0.037,0.197,0.1,0.022,0.436,0.364
23/05/2015 10:00,27.3,9.9,11.4,13,24,41.5,0.074,0.106,0.058,0.235,0.009,0.041,0.125,0.086,0.022,0.412,0.407
23/05/2015 11:00,17.4,11.4,9,12.8,27.1,43.2,0.126,0.019,0.067,0.237,0.02,0.053,0.077,0.067,0.032,0.413,0.457
23/05/2015 12:00,10.3,13.2,9.5,12.5,28.4,43.8,0.203,0.026,0.07,0.169,0.031,0.07,0.045,0.054,0.058,0.436,0.51
23/05/2015 13:00,8.6,15.3,9.5,12,29.5,42.4,0.32,0.036,0.072,0.118,0.034,0.105,0.032,0.072,0.108,0.474,0.557
23/05/2015 14:00,8.8,19,8.7,12.6,30.7,39.5,0.362,0.03,0.071,0.087,0.031,0.241,0.045,0.112,0.174,0.511,0.581
23/05/2015 15:00,9.4,22.4,8.7,18,30.1,38.9,0.366,0.024,0.067,0.071,0.031,0.293,0.087,0.141,0.225,0.498,0.566
23/05/2015 16:00,7.8,23,8.4,30.7,28.2,38.6,0.354,0.02,0.064,0.059,0.034,0.24,0.162,0.18,0.245,0.436,0.516
23/05/2015 17:00,5,22.4,8.4,44.6,27.2,39,0.319,0.021,0.063,0.054,0.043,0.167,0.268,0.208,0.255,0.379,0.457
23/05/2015 18:00,3.2,20.4,10,50,25.7,40,0.278,0.023,0.067,0.074,0.067,0.121,0.319,0.202,0.266,0.306,0.4
23/05/2015 19:00,1.9,19,10.2,49.3,23.9,40.8,0.241,0.022,0.071,0.201,0.101,0.099,0.327,0.163,0.273,0.237,0.337
23/05/2015 20:00,1.3,18.3,10,45.7,22.3,41.3,0.193,0.017,0.078,0.444,0.15,0.084,0.348,0.114,0.281,0.185,0.278
23/05/2015 21:00,0.7,17.3,9.3,41.8,21.5,41,0.175,0.013,0.076,0.628,0.194,0.076,0.341,0.064,0.286,0.157,0.272
23/05/2015 22:00,0.2,17.1,9,37.5,19.8,40.8,0.175,0.014,0.066,0.688,0.225,0.082,0.284,0.069,0.284,0.14,0.289
23/05/2015 23:00,0.2,17.7,8.9,31.6,18.4,40.3,0.18,0.012,0.057,0.685,0.237,0.089,0.303,0.138,0.277,0.124,0.293
24/05/2015 00:00,0.2,14.3,7.4,27.2,17.8,39.1,0.138,0.012,0.047,0.628,0.227,0.085,0.367,0.205,0.259,0.106,0.282
24/05/2015 01:00,0.7,9.8,8.3,23.9,16.3,40.5,0.129,0.043,0.036,0.51,0.203,0.087,0.376,0.139,0.233,0.086,0.272
24/05/2015 02:00,1.3,14.2,9.1,19.7,20.1,42.3,0.157,0.175,0.023,0.322,0.171,0.12,0.416,0.13,0.201,0.065,0.278
24/05/2015 03:00,3,16.8,10.4,19.4,20.8,42.2,0.182,0.352,0.011,0.126,0.144,0.133,0.445,0.312,0.179,0.051,0.294
24/05/2015 04:00,6.6,15,11.1,27.9,18.2,40.5,0.197,0.435,0.003,0.019,0.136,0.138,0.362,0.259,0.16,0.099,0.315
24/05/2015 05:00,10.4,12.8,10.6,33.6,15.9,38.5,0.208,0.391,0.001,0.002,0.139,0.134,0.278,0.115,0.134,0.474,0.352
24/05/2015 06:00,14.9,10.5,10,36.4,15,37.3,0.231,0.341,0,0.003,0.123,0.093,0.127,0.041,0.111,0.532,0.391
24/05/2015 07:00,21.1,9.4,9.6,38.8,15.5,37.4,0.267,0.311,0,0.003,0.076,0.053,0.044,0.015,0.093,0.456,0.422
24/05/2015 08:00,25.6,10,9.9,40.5,17.4,38.6,0.275,0.284,0,0.005,0.109,0.032,0.026,0.01,0.083,0.376,0.447
24/05/2015 09:00,25.5,11.3,10.7,40.7,20.9,41,0.234,0.274,0,0.005,0.081,0.023,0.02,0.008,0.073,0.32,0.457
24/05/2015 10:00,20,12.8,10.4,39.1,25,43.4,0.2,0.241,0,0.002,0.035,0.031,0.016,0.006,0.068,0.288,0.454
24/05/2015 11:00,10.8,13.2,9,36.1,27.7,44.8,0.203,0.144,0,0.013,0.011,0.044,0.013,0.007,0.065,0.278,0.452
24/05/2015 12:00,5.5,11.3,10.4,30.3,29.1,45.1,0.261,0.303,0,0.024,0.002,0.044,0.012,0.014,0.064,0.286,0.455
24/05/2015 13:00,6.6,9.1,11.8,24,30.4,44.3,0.338,0.311,0.001,0.021,0,0.132,0.015,0.047,0.064,0.323,0.447
24/05/2015 14:00,9.1,8.5,12.1,21.2,29.9,41,0.341,0.233,0.001,0.014,0,0.246,0.034,0.13,0.066,0.403,0.425
24/05/2015 15:00,11.8,9.5,12.5,23.3,27.9,38.8,0.308,0.13,0.004,0.009,0,0.294,0.134,0.236,0.067,0.556,0.381
24/05/2015 16:00,15.6,11.4,12.1,32.4,26.1,37.4,0.261,0.082,0.01,0.007,0,0.27,0.252,0.361,0.065,0.588,0.32
24/05/2015 17:00,16.3,13,11.9,44.3,25,36.1,0.245,0.071,0.017,0.009,0,0.235,0.337,0.451,0.068,0.464,0.256
24/05/2015 18:00,16.3,14.2,11.4,49.7,22.9,35.8,0.231,0.071,0.024,0.017,0.001,0.227,0.378,0.492,0.072,0.359,0.203
24/05/2015 19:00,15.4,15,10.6,49.7,22.6,35.6,0.214,0.071,0.027,0.089,0.003,0.232,0.398,0.494,0.072,0.278,0.167
24/05/2015 20:00,12.2,14.8,9.8,46.3,23.7,35.2,0.218,0.07,0.029,0.291,0.007,0.228,0.395,0.487,0.063,0.229,0.146
24/05/2015 21:00,8.3,13.3,9,43.7,22.9,35.1,0.222,0.073,0.025,0.495,0.006,0.204,0.41,0.441,0.055,0.192,0.138
24/05/2015 22:00,5.2,11.6,9.7,41.4,22.4,34.7,0.243,0.084,0.011,0.561,0.005,0.142,0.434,0.395,0.046,0.178,0.133
24/05/2015 23:00,4.4,10.3,9.7,38.8,21.2,34.4,0.273,0.086,0.004,0.52,0.006,0.088,0.467,0.35,0.035,0.177,0.125
25/05/2015 00:00,3,8.8,6.8,37.4,20.3,33.9,0.225,0.084,0.001,0.451,0.008,0.087,0.522,0.268,0.024,0.163,0.117
25/05/2015 01:00,5,9.5,6.6,34.8,20.2,37.2,0.219,0.054,0.001,0.354,0.012,0.067,0.568,0.115,0.024,0.138,0.111
25/05/2015 02:00,6.5,12,7,32.8,22.7,40.9,0.208,0.017,0.001,0.264,0.016,0.046,0.61,0.067,0.029,0.096,0.111
25/05/2015 03:00,7.6,12.9,7,33.3,23.4,40.8,0.212,0.002,0.001,0.192,0.025,0.05,0.63,0.062,0.032,0.063,0.126
25/05/2015 04:00,10,10.3,6.7,34.6,20.2,39.1,0.234,0,0.003,0.132,0.036,0.042,0.565,0.083,0.031,0.058,0.152
25/05/2015 05:00,13.2,7.4,6,34.7,16.7,37.2,0.26,0,0.007,0.092,0.046,0.023,0.637,0.097,0.03,0.371,0.181
25/05/2015 06:00,16.7,6,5.5,35.1,14.7,36,0.305,0,0.006,0.076,0.042,0.02,0.532,0.104,0.031,0.395,0.211
25/05/2015 07:00,19.2,5.8,5.4,36.3,14.3,35.6,0.362,0,0.004,0.057,0.017,0.019,0.32,0.11,0.035,0.336,0.233
25/05/2015 08:00,23,5.8,5.3,36.3,15.2,36.1,0.381,0,0.002,0.029,0.015,0.023,0.163,0.111,0.042,0.298,0.243
25/05/2015 09:00,26.3,7.1,5.9,34.8,16.8,37.7,0.335,0,0.002,0.011,0.014,0.023,0.083,0.109,0.053,0.265,0.233
25/05/2015 10:00,25,9,6.4,33.1,18.5,39.6,0.261,0,0.002,0.004,0.011,0.024,0.048,0.104,0.071,0.243,0.213
25/05/2015 11:00,17.8,10.1,5.9,31.8,20.3,41,0.187,0,0.003,0.001,0.011,0.018,0.039,0.101,0.105,0.245,0.198
25/05/2015 12:00,9.9,11.6,6.2,29.9,22.5,42.3,0.208,0,0.004,0.001,0.01,0.014,0.048,0.102,0.153,0.28,0.196
25/05/2015 13:00,11.4,13,6.6,27.9,25.3,43.1,0.294,0,0.004,0.001,0.009,0.057,0.113,0.115,0.2,0.355,0.204
25/05/2015 14:00,12.1,13.4,6.9,27.7,25.9,41.7,0.357,0,0.004,0.001,0.009,0.084,0.371,0.167,0.239,0.444,0.218
25/05/2015 15:00,12.2,13.2,6.2,27.4,25.7,41.1,0.372,0,0.003,0,0.011,0.092,0.642,0.22,0.243,0.509,0.223
25/05/2015 16:00,13.5,13,5.3,32.7,25.2,40.3,0.362,0,0.003,0,0.016,0.101,0.722,0.265,0.225,0.474,0.223
25/05/2015 17:00,14.7,12.6,4.9,44.4,24.5,40.1,0.332,0,0.006,0,0.029,0.118,0.731,0.297,0.194,0.387,0.215
25/05/2015 18:00,14.4,12.1,4.9,51.4,24.8,40.1,0.3,0,0.012,0,0.074,0.141,0.672,0.325,0.167,0.318,0.201
25/05/2015 19:00,13.4,11,4.7,50.7,24.7,39.7,0.28,0.001,0.017,0.063,0.145,0.167,0.727,0.352,0.15,0.257,0.184
25/05/2015 20:00,12.9,9.7,4.6,45.8,24.7,38.9,0.278,0.002,0.02,0.305,0.203,0.188,0.665,0.355,0.142,0.209,0.167
25/05/2015 21:00,13.3,8.8,4.7,42.5,23.7,37.2,0.279,0.005,0.024,0.49,0.227,0.202,0.652,0.305,0.141,0.174,0.159
25/05/2015 22:00,13.1,8,4.7,38.2,23,35.2,0.285,0.011,0.022,0.59,0.223,0.179,0.656,0.233,0.141,0.14,0.158
25/05/2015 23:00,10,7.4,4.4,31,22.3,33,0.294,0.017,0.016,0.575,0.224,0.102,0.664,0.16,0.138,0.106,0.158
26/05/2015 00:00,6.3,5.8,3.4,23.9,21.6,31.6,0.203,0.039,0.011,0.527,0.227,0.09,0.663,0.074,0.14,0.073,0.159
26/05/2015 01:00,13.1,4.8,4.3,23.7,20.5,34.3,0.19,0.076,0.007,0.46,0.228,0.086,0.673,0.023,0.144,0.048,0.163
26/05/2015 02:00,18.1,8.3,5.4,17.6,24.9,35.4,0.162,0.077,0.005,0.372,0.231,0.079,0.686,0.007,0.144,0.032,0.177
26/05/2015 03:00,18.6,9.5,5.2,8,27.4,34.3,0.117,0.07,0.007,0.294,0.232,0.075,0.695,0.001,0.136,0.021,0.197
26/05/2015 04:00,23.2,8.3,4.3,5.3,26.8,32.3,0.095,0.065,0.014,0.229,0.223,0.065,0.656,0.002,0.115,0.043,0.22
26/05/2015 05:00,28.7,7,4,4.8,25.2,30.5,0.085,0.079,0.021,0.161,0.219,0.064,0.739,0.006,0.094,0.283,0.237
26/05/2015 06:00,31,6.1,4.3,4.7,22.8,29.6,0.084,0.095,0.026,0.104,0.163,0.036,0.59,0.012,0.076,0.379,0.251
26/05/2015 07:00,30.5,5.4,4.8,4.5,20.4,29.9,0.087,0.108,0.031,0.067,0.14,0.025,0.398,0.016,0.063,0.367,0.274
26/05/2015 08:00,29.1,5.3,5.2,4.3,18.4,30.9,0.09,0.112,0.034,0.039,0.185,0.023,0.267,0.017,0.054,0.35,0.317
26/05/2015 09:00,26.1,5.6,5.3,4.3,17.5,33.4,0.089,0.099,0.029,0.022,0.118,0.015,0.181,0.013,0.053,0.328,0.383
26/05/2015 10:00,21.6,7,5.1,4.5,17.4,36.1,0.09,0.091,0.022,0.011,0.047,0.006,0.126,0.011,0.068,0.307,0.45
26/05/2015 11:00,13.9,8.7,4.6,4.6,17.5,38.6,0.101,0.036,0.02,0.002,0.012,0.003,0.098,0.009,0.113,0.302,0.488
26/05/2015 12:00,6.7,10,4.7,4.6,20.2,41.2,0.116,0.02,0.019,0,0.002,0.001,0.097,0.01,0.188,0.317,0.508
26/05/2015 13:00,6.2,11.5,4.5,4.8,25.3,42.3,0.235,0.092,0.017,0,0,0.006,0.155,0.018,0.271,0.355,0.516
26/05/2015 14:00,8.4,12.8,4.5,5,29.2,39.8,0.41,0.126,0.017,0,0,0.031,0.385,0.041,0.325,0.404,0.519
26/05/2015 15:00,12.4,12.7,4.4,5.5,31.8,38.3,0.504,0.125,0.018,0,0,0.069,0.616,0.069,0.316,0.466,0.522
26/05/2015 16:00,18.1,11.3,4.8,8.3,31.8,37.2,0.48,0.128,0.024,0,0,0.106,0.665,0.099,0.274,0.484,0.516
26/05/2015 17:00,18.5,9.3,4.5,12.1,29,36,0.386,0.137,0.03,0,0,0.132,0.658,0.129,0.238,0.395,0.509
26/05/2015 18:00,13,7.5,4.1,14.5,26.2,35.6,0.284,0.158,0.033,0.001,0,0.144,0.639,0.179,0.215,0.32,0.485
26/05/2015 19:00,11.7,7.1,4,16.2,23.7,35.3,0.222,0.181,0.033,0.073,0.001,0.154,0.645,0.252,0.204,0.237,0.452
26/05/2015 20:00,12.6,7.1,3.9,18.2,21.1,34.3,0.188,0.205,0.031,0.292,0.005,0.153,0.654,0.312,0.203,0.194,0.426
26/05/2015 21:00,14.7,7.3,4,20.4,18.5,32.4,0.175,0.218,0.021,0.426,0.02,0.138,0.654,0.314,0.215,0.156,0.433
26/05/2015 22:00,13.9,7,3.8,23.2,16.5,30.3,0.178,0.227,0.01,0.476,0.054,0.105,0.633,0.304,0.227,0.127,0.459
26/05/2015 23:00,11.7,6.6,3.6,25.1,15.8,28.4,0.186,0.21,0.005,0.45,0.118,0.051,0.582,0.323,0.236,0.094,0.487
27/05/2015 00:00,10.1,5.3,2.3,25.4,15.8,27.1,0.126,0.249,0.002,0.374,0.186,0.019,0.568,0.336,0.251,0.06,0.518
27/05/2015 01:00,18.2,5.2,2.3,22,14,28.7,0.115,0.297,0.001,0.282,0.202,0.017,0.561,0.25,0.24,0.026,0.563
27/05/2015 02:00,25.7,6.1,2.6,20,14,29.5,0.155,0.311,0,0.195,0.184,0.014,0.56,0.364,0.207,0.012,0.621
27/05/2015 03:00,28.9,6.7,3.3,18.5,15.6,28.1,0.168,0.299,0.001,0.132,0.181,0.02,0.558,0.42,0.181,0.006,0.661
27/05/2015 04:00,30.8,6.3,4.5,18.4,18.5,26.6,0.17,0.335,0.003,0.094,0.181,0.029,0.425,0.305,0.168,0.011,0.683
27/05/2015 05:00,32.4,5.8,6,18.4,21.7,25.7,0.172,0.37,0.009,0.075,0.183,0.03,0.324,0.177,0.155,0.151,0.697
27/05/2015 06:00,34.4,5.4,7.6,18.2,22,26.1,0.175,0.371,0.009,0.065,0.146,0.028,0.16,0.087,0.139,0.22,0.694
27/05/2015 07:00,36.5,5.4,9.1,18.7,18.5,27.9,0.175,0.305,0.008,0.054,0.13,0.016,0.084,0.037,0.118,0.225,0.685
27/05/2015 08:00,37.7,6.1,10.6,20,15.2,30.5,0.177,0.249,0.011,0.042,0.183,0.013,0.053,0.015,0.098,0.231,0.675
27/05/2015 09:00,34.2,6.9,10.4,19.9,13.8,34.6,0.165,0.201,0.014,0.035,0.167,0.008,0.032,0.013,0.081,0.244,0.649
27/05/2015 10:00,26.9,8.5,9,18.8,14.3,38.5,0.163,0.163,0.015,0.025,0.123,0.008,0.019,0.03,0.078,0.269,0.61
27/05/2015 11:00,17.2,10.6,6.5,18.5,16,41.8,0.183,0.041,0.017,0.018,0.09,0.006,0.012,0.054,0.086,0.308,0.599
27/05/2015 12:00,7.1,13,5.7,18.6,20.3,44.1,0.237,0.002,0.025,0.015,0.077,0.002,0.009,0.018,0.1,0.369,0.58
27/05/2015 13:00,8,18.5,6.5,19.8,24,44.3,0.363,0.021,0.033,0.008,0.082,0.001,0.015,0.007,0.118,0.444,0.59
27/05/2015 14:00,7.7,21,7,23.4,23.9,41.8,0.444,0.062,0.02,0.003,0.092,0.003,0.033,0.618,0.135,0.503,0.618
27/05/2015 15:00,7.4,21.4,7.5,28.4,22.2,40,0.472,0.067,0.005,0.006,0.103,0.019,0.045,0.924,0.147,0.501,0.65
27/05/2015 16:00,9.4,21.7,7.7,33.1,21,38.3,0.447,0.076,0.001,0.019,0.115,0.034,0.056,0.774,0.149,0.444,0.679
27/05/2015 17:00,12.5,21.3,8.1,35.6,19.7,36.7,0.379,0.091,0.001,0.049,0.122,0.031,0.073,0.27,0.147,0.374,0.697
27/05/2015 18:00,14.3,20.2,8,36.4,16.7,35.1,0.307,0.11,0.001,0.134,0.15,0.018,0.084,0.077,0.148,0.278,0.697
27/05/2015 19:00,12.5,18.8,8.1,35.6,14.4,33.9,0.26,0.13,0.002,0.44,0.183,0.009,0.087,0.045,0.157,0.195,0.68
27/05/2015 20:00,10.7,17,8.3,33.9,14.1,31.9,0.233,0.147,0.001,0.672,0.223,0.005,0.089,0.035,0.171,0.14,0.663
27/05/2015 21:00,9.1,15.2,7.6,28.4,14.3,29.7,0.224,0.163,0,0.703,0.26,0.002,0.093,0.012,0.167,0.104,0.648
27/05/2015 22:00,9.6,13.3,6.3,22.5,15.2,27.7,0.233,0.176,0,0.657,0.278,0,0.104,0.001,0.165,0.091,0.629
27/05/2015 23:00,9.8,12.1,5.1,19,16.5,25.3,0.245,0.167,0,0.573,0.278,0,0.121,0,0.185,0.074,0.602
28/05/2015 00:00,8.8,11.6,4.3,16.5,17.1,23.5,0.173,0.174,0,0.476,0.272,0,0.148,0.002,0.237,0.063,0.568
28/05/2015 01:00,9.9,16.8,5.2,14.7,15.8,25.1,0.166,0.156,0,0.399,0.258,0,0.188,0.059,0.276,0.057,0.525
28/05/2015 02:00,13.5,16.2,5.1,14,15,26,0.154,0.136,0.001,0.355,0.245,0,0.243,0.151,0.281,0.046,0.484
28/05/2015 03:00,15.7,11.5,5.1,17,18.6,25,0.128,0.104,0.003,0.285,0.241,0,0.313,0.165,0.285,0.051,0.44
28/05/2015 04:00,17.8,7.3,5.7,19.7,17.5,24,0.103,0.072,0.008,0.192,0.236,0,0.233,0.152,0.261,0.092,0.402
28/05/2015 05:00,19.5,4.8,6.5,19.6,13.9,23.5,0.084,0.054,0.013,0.122,0.23,0,0.14,0.128,0.224,0.384,0.355
28/05/2015 06:00,20.5,3.2,7.5,18.2,10.8,23.5,0.063,0.058,0.017,0.091,0.184,0,0.047,0.093,0.181,0.448,0.317
28/05/2015 07:00,20.9,2.6,8.3,17.6,8.9,24.5,0.046,0.072,0.024,0.082,0.264,0,0.005,0.051,0.141,0.436,0.316
28/05/2015 08:00,20.5,3,8.9,17.7,8.1,26.4,0.035,0.08,0.027,0.07,0.311,0,0,0.017,0.135,0.429,0.355
28/05/2015 09:00,18.8,4.3,8.8,15.5,8,30.2,0.027,0.085,0.029,0.068,0.249,0,0,0.002,0.142,0.425,0.413
28/05/2015 10:00,14.5,6.6,7.4,11.6,7.8,34.4,0.024,0.099,0.031,0.068,0.178,0,0,0,0.144,0.434,0.459
28/05/2015 11:00,7.3,10.8,5.3,8.3,8.3,37.7,0.027,0.051,0.031,0.064,0.127,0,0,0,0.144,0.46,0.47
28/05/2015 12:00,2.9,13.5,5.1,6,11.8,40.6,0.032,0.026,0.03,0.068,0.094,0,0.001,0,0.133,0.486,0.471
28/05/2015 13:00,2.1,14.2,7.3,4.8,17.5,42.2,0.07,0.135,0.026,0.079,0.07,0,0.003,0.002,0.116,0.504,0.476
28/05/2015 14:00,1.5,14.2,8.3,5.3,19.3,40.1,0.148,0.178,0.019,0.097,0.052,0,0.016,0.011,0.098,0.509,0.486
28/05/2015 15:00,1.3,14,8.5,7.2,19.3,37.6,0.234,0.154,0.01,0.123,0.046,0,0.041,0.034,0.084,0.468,0.484
28/05/2015 16:00,1.6,13.4,8.9,9.5,19.2,34.6,0.294,0.146,0.005,0.159,0.047,0,0.077,0.078,0.074,0.394,0.488
28/05/2015 17:00,2.3,12.8,8.5,11.3,19.2,32,0.303,0.164,0.005,0.207,0.062,0,0.154,0.15,0.06,0.326,0.502
28/05/2015 18:00,4.1,12.5,8.6,11.8,19,29.9,0.278,0.211,0.015,0.309,0.113,0.001,0.264,0.239,0.045,0.261,0.517
28/05/2015 19:00,11.6,11.7,8.5,11,19,28.1,0.248,0.267,0.031,0.596,0.21,0.004,0.358,0.319,0.032,0.214,0.523
28/05/2015 20:00,13.5,10.8,8.1,8.6,18.2,25.1,0.227,0.312,0.054,0.782,0.328,0.005,0.388,0.404,0.023,0.18,0.523
28/05/2015 21:00,15.3,10.3,8.6,5.9,15.9,21.4,0.21,0.337,0.074,0.806,0.417,0.004,0.367,0.51,0.016,0.155,0.556
28/05/2015 22:00,13.6,9.8,8.1,3.8,14.3,18.2,0.179,0.352,0.1,0.751,0.443,0.002,0.358,0.56,0.015,0.139,0.6
28/05/2015 23:00,9,10,8.3,3.4,13.7,15.3,0.133,0.343,0.121,0.683,0.42,0,0.364,0.55,0.016,0.132,0.615
29/05/2015 00:00,7.3,8.8,7.6,4.2,13.5,13,0.057,0.399,0.118,0.618,0.369,0,0.367,0.507,0.017,0.124,0.606
29/05/2015 01:00,11.9,9.8,6.8,4.4,12.6,13,0.029,0.425,0.113,0.55,0.314,0,0.376,0.309,0.015,0.117,0.596
29/05/2015 02:00,13.1,9.5,6.3,6.2,17,12.8,0.028,0.433,0.117,0.488,0.274,0,0.395,0.141,0.013,0.118,0.606
29/05/2015 03:00,15.3,7,6.5,7,18.2,12,0.027,0.436,0.132,0.431,0.241,0.001,0.423,0.108,0.013,0.122,0.625
29/05/2015 04:00,17.6,4.9,6.7,2.5,15.1,11,0.022,0.403,0.156,0.386,0.22,0,0.282,0.012,0.013,0.168,0.631
29/05/2015 05:00,19.8,3.9,6.4,0.9,12.9,10.4,0.017,0.368,0.199,0.346,0.208,0,0.161,0.004,0.013,0.454,0.627
29/05/2015 06:00,21.1,3.6,6.1,1.1,11.7,10.6,0.016,0.343,0.249,0.279,0.151,0,0.048,0.013,0.011,0.464,0.618
29/05/2015 07:00,22.7,3.7,6,1.4,11.2,11.3,0.02,0.328,0.289,0.344,0.203,0,0.016,0.025,0.008,0.386,0.602
29/05/2015 08:00,22.7,4.3,6.2,2.1,11,12.5,0.028,0.304,0.325,0.384,0.285,0.001,0.009,0.035,0.005,0.328,0.587
29/05/2015 09:00,20.5,5,6.1,3,12.1,14.7,0.034,0.282,0.354,0.425,0.238,0.005,0.007,0.039,0.006,0.291,0.561
29/05/2015 10:00,15.8,6.6,5.6,3.9,14,17.8,0.041,0.264,0.382,0.439,0.179,0.011,0.006,0.042,0.011,0.277,0.532
29/05/2015 11:00,9.9,9.3,4.6,4.8,16.2,21.2,0.055,0.112,0.407,0.438,0.128,0.015,0.007,0.046,0.019,0.289,0.51
29/05/2015 12:00,5.4,11.6,4,5.5,20.7,25.1,0.065,0.021,0.42,0.388,0.111,0.017,0.009,0.054,0.031,0.331,0.513
29/05/2015 13:00,4.2,13.3,3.5,6.2,25.8,29.2,0.094,0.181,0.422,0.294,0.115,0.021,0.019,0.068,0.044,0.4,0.523
29/05/2015 14:00,4.5,15.3,3.3,7.1,26.8,31.2,0.15,0.331,0.41,0.205,0.112,0.038,0.078,0.1,0.053,0.484,0.529
29/05/2015 15:00,4.4,15.8,3,5.3,24.9,29.7,0.213,0.333,0.388,0.139,0.104,0.049,0.26,0.168,0.059,0.525,0.526
29/05/2015 16:00,5.2,16.8,2.8,3.4,22.8,26.9,0.278,0.341,0.367,0.095,0.112,0.037,0.512,0.259,0.068,0.49,0.52
29/05/2015 17:00,4.1,15.6,2.9,2.6,20.1,24.2,0.326,0.352,0.376,0.058,0.136,0.02,0.629,0.323,0.076,0.428,0.516
29/05/2015 18:00,3.8,15.3,3.4,2.3,18.2,21.9,0.32,0.347,0.397,0.014,0.171,0.009,0.599,0.334,0.074,0.367,0.516
29/05/2015 19:00,4.2,14.1,3.6,2.2,16.7,20.3,0.264,0.319,0.402,0.041,0.192,0.003,0.563,0.289,0.065,0.307,0.502
29/05/2015 20:00,3.6,12.4,3.6,2.5,15.6,19.3,0.211,0.276,0.402,0.183,0.214,0.001,0.583,0.237,0.057,0.255,0.494
29/05/2015 21:00,3.2,10.6,4.1,3.3,14.2,18.9,0.206,0.235,0.398,0.381,0.246,0.001,0.618,0.199,0.053,0.212,0.498
29/05/2015 22:00,2.9,9.3,4.3,4.6,13,17.9,0.229,0.201,0.38,0.558,0.279,0.003,0.649,0.135,0.053,0.169,0.493
29/05/2015 23:00,2.1,8.3,3.9,5.8,12.6,16.6,0.241,0.16,0.349,0.617,0.31,0.012,0.669,0.076,0.059,0.152,0.479
30/05/2015 00:00,1.2,7.1,2.4,6.5,12.8,15.6,0.153,0.148,0.321,0.547,0.315,0.048,0.674,0.059,0.076,0.125,0.468
30/05/2015 01:00,2.2,9.3,3.3,4.6,11.6,13.9,0.127,0.121,0.295,0.435,0.3,0.054,0.692,0.06,0.094,0.092,0.472
30/05/2015 02:00,3.9,11.3,3.6,3.3,12,13.8,0.176,0.114,0.278,0.329,0.27,0.048,0.733,0.061,0.108,0.077,0.496
30/05/2015 03:00,8.3,10.2,3.4,2.5,13.2,12.1,0.214,0.142,0.284,0.276,0.252,0.076,0.702,0.06,0.111,0.07,0.524
30/05/2015 04:00,14.9,7.5,3.2,1.5,11.8,11.2,0.228,0.169,0.305,0.265,0.252,0.057,0.544,0.022,0.104,0.093,0.546
30/05/2015 05:00,24.6,5.9,3.8,1.5,9.5,12.7,0.233,0.183,0.334,0.249,0.248,0.047,0.666,0.007,0.094,0.313,0.562
30/05/2015 06:00,31.6,5.6,4.4,2.4,7.3,16.5,0.241,0.21,0.352,0.216,0.18,0.048,0.472,0.001,0.08,0.343,0.583
30/05/2015 07:00,35.6,5.9,4.9,3.8,5.4,20,0.25,0.28,0.346,0.166,0.237,0.049,0.206,0,0.068,0.308,0.613
30/05/2015 08:00,34.7,6.8,5,5.4,4.2,22.5,0.267,0.337,0.325,0.16,0.352,0.04,0.091,0,0.051,0.288,0.645
30/05/2015 09:00,30.6,7.7,4.6,6.8,3.6,24.9,0.272,0.286,0.291,0.13,0.284,0.031,0.041,0,0.041,0.281,0.669
30/05/2015 10:00,24.5,8.7,3.9,7.8,3.4,26.9,0.274,0.189,0.264,0.171,0.176,0.026,0.018,0,0.045,0.294,0.666
30/05/2015 11:00,15.3,9.8,3.6,8.3,3.6,28.1,0.323,0.042,0.259,0.275,0.104,0.024,0.009,0,0.053,0.334,0.628
30/05/2015 12:00,6.7,10.8,3.8,8.5,5.8,28.5,0.494,0.022,0.272,0.292,0.069,0.016,0.006,0,0.058,0.392,0.568
30/05/2015 13:00,6.5,14.3,4.2,8.8,9,28.2,0.679,0.064,0.285,0.263,0.051,0.039,0.007,0,0.058,0.469,0.517
30/05/2015 14:00,7.7,20.2,4.7,8.8,11.3,25.8,0.718,0.111,0.297,0.225,0.047,0.084,0.017,0,0.051,0.544,0.494
30/05/2015 15:00,8.5,23.5,4.9,7.5,13.7,23.5,0.684,0.179,0.317,0.185,0.053,0.086,0.039,0,0.034,0.54,0.457
30/05/2015 16:00,8.6,24.1,4.8,5.8,15,21.9,0.611,0.269,0.33,0.145,0.077,0.041,0.078,0.002,0.017,0.479,0.407
30/05/2015 17:00,8.9,23.6,4.3,4.5,15.5,21.2,0.503,0.357,0.332,0.102,0.139,0.006,0.112,0.004,0.008,0.407,0.364
30/05/2015 18:00,9.5,22.4,4.3,3.8,15.4,21,0.448,0.454,0.325,0.041,0.284,0.001,0.118,0.007,0.003,0.336,0.325
30/05/2015 19:00,9.6,20.9,4.3,4.2,15.3,20,0.314,0.549,0.314,0.083,0.433,0,0.105,0.004,0.001,0.272,0.299
30/05/2015 20:00,10.5,19.8,3.7,7.1,14.4,18.3,0.239,0.633,0.31,0.47,0.488,0.001,0.097,0.001,0.002,0.234,0.291
30/05/2015 21:00,9.2,18.2,3.6,12.6,12.6,16.8,0.201,0.689,0.294,0.756,0.464,0.001,0.084,0.002,0.003,0.214,0.32
30/05/2015 22:00,7.1,17.1,3.8,18.3,11.1,15.8,0.208,0.687,0.257,0.841,0.407,0,0.066,0.011,0.003,0.198,0.371
30/05/2015 23:00,5.7,15.3,3.8,21.1,9.6,14.6,0.246,0.593,0.216,0.806,0.391,0,0.063,0.058,0.002,0.178,0.422
31/05/2015 00:00,4.7,14.7,4,20.2,8.5,13.1,0.194,0.583,0.177,0.712,0.337,0,0.11,0.152,0.001,0.154,0.454
31/05/2015 01:00,7.8,18,7.3,13.4,6.2,13,0.169,0.574,0.15,0.613,0.294,0,0.22,0.182,0,0.125,0.472
31/05/2015 02:00,11.3,17.9,9.3,10.1,6.9,17,0.168,0.494,0.143,0.502,0.279,0,0.354,0.22,0,0.101,0.487
31/05/2015 03:00,15.3,15,11.1,6.8,8.8,16.5,0.164,0.447,0.154,0.374,0.278,0.001,0.481,0.212,0,0.082,0.505
31/05/2015 04:00,19.4,11,12.1,4.9,9.1,13.8,0.14,0.459,0.146,0.269,0.265,0.004,0.314,0.155,0,0.073,0.51
31/05/2015 05:00,24.8,8,13.1,4.6,9.1,11.8,0.101,0.476,0.118,0.204,0.25,0.02,0.133,0.099,0,0.315,0.486
31/05/2015 06:00,29.4,6.3,14.5,5,8.7,10.6,0.069,0.425,0.104,0.174,0.188,0.048,0.017,0.073,0,0.43,0.453
31/05/2015 07:00,31.9,5.4,16.2,6,8.1,10.8,0.045,0.35,0.093,0.157,0.225,0.052,0.008,0.071,0,0.414,0.436
31/05/2015 08:00,33.9,5.2,17.5,7.6,8.3,12.3,0.025,0.323,0.08,0.133,0.332,0.047,0.016,0.085,0.001,0.408,0.436
31/05/2015 09:00,35,5.4,16.9,9.8,9.8,14.9,0.019,0.261,0.07,0.119,0.302,0.046,0.023,0.114,0.005,0.42,0.432
31/05/2015 10:00,31.2,6.4,14.6,11.4,12.5,17.9,0.017,0.262,0.058,0.101,0.22,0.038,0.03,0.144,0.009,0.44,0.432
31/05/2015 11:00,21.8,7.9,12.1,12.1,15.2,21,0.021,0.113,0.044,0.071,0.145,0.025,0.036,0.192,0.011,0.457,0.429
31/05/2015 12:00,11.2,11.6,13.5,11.6,17,24.3,0.045,0.076,0.034,0.034,0.095,0.012,0.042,0.282,0.012,0.467,0.41
31/05/2015 13:00,12.3,16.5,15.4,11,19.4,27.9,0.092,0.141,0.029,0.006,0.064,0.007,0.054,0.411,0.013,0.494,0.375
31/05/2015 14:00,16,17.6,15.7,9.9,20,30.1,0.141,0.187,0.028,0,0.04,0.007,0.085,0.591,0.014,0.538,0.336
31/05/2015 15:00,17.6,16.3,14.2,7.5,19.3,29.9,0.166,0.248,0.028,0,0.025,0.005,0.105,0.662,0.015,0.551,0.3
31/05/2015 16:00,19.9,14.5,12.8,5.5,19.7,28.7,0.165,0.331,0.03,0,0.022,0.005,0.099,0.666,0.016,0.502,0.272
31/05/2015 17:00,22.6,13.7,11.5,4.8,18.7,27.1,0.159,0.404,0.034,0,0.035,0.002,0.089,0.648,0.015,0.368,0.253
31/05/2015 18:00,21.4,12.1,10.3,4.9,18.3,26.8,0.144,0.457,0.037,0.001,0.089,0.001,0.105,0.626,0.013,0.267,0.243
31/05/2015 19:00,15.5,9.6,9.1,5.9,17.4,27.2,0.135,0.516,0.039,0.094,0.155,0,0.14,0.63,0.012,0.199,0.238
31/05/2015 20:00,8.9,7.9,8.6,6.8,16.3,26.8,0.136,0.554,0.037,0.431,0.193,0,0.181,0.621,0.012,0.156,0.251
31/05/2015 21:00,5.7,7.3,9,7.9,15.7,26,0.136,0.556,0.039,0.578,0.213,0.001,0.225,0.557,0.017,0.116,0.291
31/05/2015 22:00,4.2,7.5,8.4,9.3,16.2,25,0.108,0.538,0.038,0.571,0.214,0.002,0.273,0.508,0.025,0.091,0.337
31/05/2015 23:00,2.9,8.1,8.1,10.8,17.7,23.8,0.085,0.481,0.032,0.538,0.202,0.002,0.332,0.484,0.031,0.073,0.354
01/06/2015 00:00,2.2,8.3,7,12.6,18.4,22.7,0.049,0.464,0.025,0.479,0.201,0.005,0.391,0.439,0.047,0.07,0.338
01/06/2015 01:00,3.9,12.1,9.6,10.3,17.5,25.9,0.023,0.436,0.02,0.409,0.198,0.02,0.441,0.325,0.067,0.068,0.313
01/06/2015 02:00,5.8,11.9,13.2,8.8,19.9,28.6,0.012,0.402,0.021,0.315,0.194,0.046,0.467,0.424,0.086,0.059,0.294
01/06/2015 03:00,8.2,9,14.3,8.8,22,26.9,0.01,0.362,0.025,0.238,0.227,0.052,0.47,0.205,0.093,0.046,0.278
01/06/2015 04:00,11.9,6.5,15.1,9.8,19,23.9,0.011,0.279,0.034,0.192,0.214,0.041,0.366,0.075,0.084,0.06,0.261
01/06/2015 05:00,15.5,5.3,15.8,13.1,15.2,21.7,0.014,0.22,0.045,0.161,0.163,0.04,0.289,0.039,0.077,0.324,0.233
01/06/2015 06:00,17.8,4.8,16.2,16.6,12.3,21.2,0.018,0.179,0.05,0.141,0.095,0.035,0.187,0.032,0.074,0.397,0.201
01/06/2015 07:00,19.8,4.7,16.5,19.3,10.3,22.5,0.023,0.155,0.047,0.142,0.086,0.028,0.069,0.034,0.073,0.358,0.187
01/06/2015 08:00,20.7,4.8,16.2,21,9.1,24.7,0.028,0.144,0.037,0.144,0.163,0.026,0.048,0.035,0.073,0.317,0.185
01/06/2015 09:00,20.7,4.9,15.3,21.7,8.8,27.9,0.032,0.139,0.025,0.148,0.2,0.023,0.046,0.035,0.091,0.293,0.182
01/06/2015 10:00,18.2,5.4,14.6,21.2,8.8,31.4,0.043,0.13,0.015,0.141,0.21,0.022,0.044,0.034,0.123,0.28,0.177
01/06/2015 11:00,12.5,6.3,13,20.4,9,35.1,0.065,0.038,0.008,0.106,0.214,0.018,0.041,0.036,0.149,0.291,0.163
01/06/2015 12:00,6.1,8.9,12.7,19.3,9,38.9,0.107,0.084,0.004,0.063,0.195,0.017,0.038,0.043,0.167,0.323,0.138
01/06/2015 13:00,6.7,12.3,12.6,18.2,10.6,41.6,0.187,0.132,0.002,0.042,0.145,0.02,0.054,0.071,0.18,0.376,0.102
01/06/2015 14:00,11.5,13.2,11.6,19.6,11,41.4,0.243,0.153,0.002,0.045,0.094,0.03,0.134,0.145,0.195,0.432,0.064
01/06/2015 15:00,19.5,13.5,11.1,23,10.6,41.5,0.22,0.156,0.002,0.063,0.07,0.028,0.316,0.201,0.205,0.466,0.034
01/06/2015 16:00,34.8,13.4,9.8,30.2,10.3,40.8,0.192,0.14,0.002,0.093,0.057,0.013,0.525,0.217,0.192,0.457,0.017
01/06/2015 17:00,39.7,12.6,9.3,38.4,10.4,39.6,0.192,0.119,0.002,0.132,0.05,0.004,0.596,0.218,0.179,0.374,0.011
01/06/2015 18:00,33.3,12.3,9.6,43.5,11,38.5,0.192,0.094,0.002,0.22,0.068,0.001,0.547,0.264,0.163,0.313,0.005
01/06/2015 19:00,27.2,11.6,10.1,39.7,11.7,37.1,0.192,0.071,0,0.486,0.096,0.002,0.48,0.357,0.152,0.252,0.001
01/06/2015 20:00,26.6,10.2,8.5,32.6,12.1,35.6,0.181,0.049,0,0.672,0.122,0.005,0.438,0.431,0.144,0.202,0
01/06/2015 21:00,24.3,9.3,7.3,25.9,11.7,34.4,0.178,0.039,0,0.682,0.142,0.01,0.41,0.406,0.142,0.175,0
01/06/2015 22:00,18.4,8.9,7.1,20.5,10.9,32.8,0.18,0.035,0,0.634,0.15,0.008,0.398,0.343,0.146,0.157,0
01/06/2015 23:00,13.4,8.9,6.1,17.3,10.2,30.6,0.176,0.035,0,0.555,0.149,0.006,0.388,0.305,0.157,0.135,0
02/06/2015 00:00,8.3,6.8,5.1,17,9.8,28.9,0.112,0.062,0,0.473,0.139,0.019,0.378,0.289,0.176,0.103,0.001
02/06/2015 01:00,7.5,8,6.6,19.9,10.3,31.2,0.067,0.107,0,0.42,0.131,0.049,0.352,0.187,0.192,0.076,0.002
02/06/2015 02:00,8.1,7.1,7.3,23.6,15.7,31.9,0.058,0.146,0,0.381,0.124,0.078,0.311,0.239,0.201,0.063,0.001
02/06/2015 03:00,7.9,3.1,7.8,21.4,16,30.6,0.061,0.162,0,0.32,0.118,0.102,0.311,0.119,0.212,0.06,0.001
02/06/2015 04:00,9.8,1.8,8.6,15.8,14.3,28.6,0.065,0.18,0.001,0.245,0.122,0.101,0.221,0.037,0.234,0.089,0
02/06/2015 05:00,12.2,1.7,9.5,10.3,13,27.2,0.062,0.2,0.026,0.186,0.134,0.066,0.061,0.013,0.257,0.32,0
02/06/2015 06:00,13.8,1.9,10.6,5.9,12.3,26.7,0.054,0.196,0.067,0.144,0.108,0.074,0.005,0.006,0.284,0.294,0
02/06/2015 07:00,14.9,2.4,11.7,3.1,12.2,26.9,0.043,0.164,0.107,0.122,0.155,0.058,0.002,0.003,0.313,0.213,0
02/06/2015 08:00,15.9,3.1,12.3,1.7,12.3,27.6,0.031,0.107,0.155,0.101,0.228,0.051,0.003,0.001,0.337,0.157,0.001
02/06/2015 09:00,15.9,3.8,13.2,1.1,12.1,28.9,0.019,0.047,0.201,0.084,0.205,0.043,0.004,0,0.34,0.118,0.001
02/06/2015 10:00,13.3,4.9,12.2,0.9,11.6,30.4,0.016,0.018,0.236,0.078,0.152,0.041,0.004,0,0.336,0.093,0
02/06/2015 11:00,8,6.8,9.1,0.9,10.5,31.7,0.017,0.004,0.261,0.065,0.112,0.041,0.004,0,0.324,0.084,0
02/06/2015 12:00,3.9,8.5,7.5,1.2,9.1,32.8,0.021,0.007,0.284,0.046,0.089,0.027,0.003,0.001,0.295,0.093,0
02/06/2015 13:00,3.6,8.5,7.3,1.9,10.8,33.6,0.039,0.036,0.305,0.038,0.083,0.037,0.005,0.024,0.253,0.136,0.002
02/06/2015 14:00,4.1,7.6,7,3.5,12.4,31.9,0.06,0.039,0.3,0.041,0.085,0.047,0.014,0.112,0.218,0.251,0.011
02/06/2015 15:00,4.4,6.8,6.4,5,12.2,30.3,0.059,0.048,0.276,0.05,0.089,0.062,0.031,0.157,0.189,0.454,0.026
02/06/2015 16:00,5.1,6.8,5.8,6.8,11.8,28.9,0.041,0.068,0.269,0.063,0.092,0.067,0.047,0.134,0.164,0.588,0.026
02/06/2015 17:00,5.5,7.2,5.5,9.2,11.8,27.4,0.023,0.065,0.264,0.076,0.093,0.051,0.059,0.091,0.144,0.491,0.013
02/06/2015 18:00,4.5,7.2,5.6,11.3,11.7,26,0.016,0.066,0.258,0.104,0.112,0.034,0.062,0.069,0.125,0.386,0.005
02/06/2015 19:00,2,7,5.7,12.6,11.3,24.2,0.015,0.066,0.255,0.334,0.133,0.021,0.058,0.088,0.113,0.295,0.003
02/06/2015 20:00,0.5,6.4,5.4,13.5,10.4,21.7,0.019,0.085,0.258,0.644,0.152,0.013,0.064,0.16,0.107,0.246,0.002
02/06/2015 21:00,0.1,5.8,4.4,12.8,8.9,18.8,0.035,0.103,0.268,0.754,0.171,0.012,0.088,0.25,0.115,0.194,0.003
02/06/2015 22:00,0,5.1,3.2,11.6,8,15.6,0.057,0.138,0.28,0.743,0.193,0.01,0.112,0.323,0.14,0.177,0.004
02/06/2015 23:00,0,4.3,2.3,10.5,7.5,12.6,0.064,0.177,0.295,0.657,0.208,0.011,0.144,0.391,0.182,0.18,0.008
03/06/2015 00:00,0,3,1,9.4,7.3,10.2,0.031,0.21,0.311,0.55,0.208,0.022,0.18,0.448,0.229,0.217,0.011
03/06/2015 01:00,0.4,2.4,0.8,6.3,6.7,10,0.014,0.185,0.328,0.428,0.199,0.043,0.206,0.401,0.263,0.18,0.015
03/06/2015 02:00,1.1,1.9,0.8,3.6,8,9.2,0.014,0.15,0.358,0.344,0.199,0.076,0.21,0.415,0.279,0.149,0.02
03/06/2015 03:00,2.5,1.5,1.1,1.6,9.2,6.4,0.018,0.139,0.398,0.282,0.209,0.09,0.216,0.163,0.28,0.133,0.023
03/06/2015 04:00,4.5,1.5,1.6,0.8,8,4.6,0.023,0.128,0.43,0.228,0.22,0.095,0.115,0.03,0.274,0.105,0.025
03/06/2015 05:00,6.3,1.5,2.4,0.4,6.6,3.8,0.028,0.135,0.447,0.197,0.221,0.081,0.017,0.007,0.27,0.262,0.028
03/06/2015 06:00,7.1,1.8,3.6,0.4,5.4,3.9,0.029,0.139,0.476,0.179,0.18,0.089,0.001,0.003,0.277,0.274,0.032
03/06/2015 07:00,6.9,2.3,5,0.4,4.5,4.3,0.03,0.133,0.52,0.162,0.221,0.098,0.001,0.002,0.285,0.228,0.042
03/06/2015 08:00,6.1,3.2,6.1,0.5,3.9,4.9,0.032,0.131,0.539,0.124,0.231,0.095,0.001,0.001,0.277,0.187,0.06
03/06/2015 09:00,4.8,4.3,6.8,0.5,3.3,5.9,0.035,0.133,0.516,0.081,0.175,0.096,0.002,0.001,0.235,0.165,0.083
03/06/2015 10:00,3.4,5.6,6.4,0.5,2.8,7.3,0.044,0.123,0.464,0.047,0.118,0.082,0.004,0,0.194,0.162,0.109
03/06/2015 11:00,1.9,7,4.8,0.4,2.5,8.8,0.06,0.052,0.413,0.027,0.08,0.07,0.01,0,0.172,0.179,0.145
03/06/2015 12:00,1,8.7,4.3,0.4,2.5,11.4,0.053,0.097,0.364,0.016,0.051,0.065,0.023,0,0.16,0.217,0.187
03/06/2015 13:00,0.7,10.6,4.4,1.1,3.4,15.3,0.048,0.108,0.328,0.009,0.03,0.09,0.037,0.002,0.136,0.281,0.233
03/06/2015 14:00,0.5,11.5,4.6,3.4,5.3,18,0.051,0.051,0.307,0,0.015,0.109,0.05,0.02,0.12,0.386,0.272
03/06/2015 15:00,0.4,12.1,4.5,4.9,7.3,18,0.05,0.037,0.29,0,0.007,0.108,0.05,0.048,0.126,0.501,0.296
03/06/2015 16:00,0.4,12.7,4.3,6.3,8.4,16.3,0.055,0.037,0.284,0,0.004,0.103,0.049,0.068,0.148,0.547,0.295
03/06/2015 17:00,0.5,12.6,4.3,7.9,9,14.6,0.065,0.044,0.294,0,0.003,0.1,0.053,0.078,0.163,0.479,0.27
03/06/2015 18:00,0.5,11.8,4.5,8.3,9.5,12.7,0.07,0.049,0.312,0.028,0.004,0.099,0.055,0.085,0.17,0.401,0.231
03/06/2015 19:00,0.5,11,4.7,8.3,9.6,11.3,0.07,0.047,0.318,0.311,0.008,0.098,0.058,0.097,0.164,0.343,0.188
03/06/2015 20:00,0.4,9.4,4.7,8.5,9.3,10.1,0.068,0.045,0.292,0.583,0.019,0.097,0.059,0.116,0.158,0.274,0.149
03/06/2015 21:00,0.5,8,4.6,8,8.2,8.5,0.079,0.035,0.251,0.646,0.049,0.109,0.063,0.174,0.158,0.217,0.135
03/06/2015 22:00,0.4,6.7,4.3,6.8,7.1,6.5,0.1,0.048,0.203,0.654,0.111,0.122,0.074,0.257,0.148,0.205,0.14
03/06/2015 23:00,0.5,5.6,3.6,5.4,6.1,4.9,0.105,0.125,0.164,0.614,0.188,0.105,0.088,0.26,0.142,0.204,0.151
04/06/2015 00:00,1.1,4.4,2.1,4.8,4.9,3.5,0.065,0.329,0.152,0.568,0.244,0.119,0.099,0.196,0.145,0.186,0.165
04/06/2015 01:00,3,4.4,2.3,3.2,3.3,2.9,0.045,0.434,0.141,0.489,0.272,0.118,0.123,0.112,0.154,0.147,0.194
04/06/2015 02:00,6.2,2.9,3.5,3.8,2.6,2,0.041,0.41,0.157,0.395,0.294,0.115,0.156,0.134,0.17,0.121,0.247
04/06/2015 03:00,8.4,2.1,4.4,3.9,1.7,1,0.041,0.368,0.202,0.282,0.297,0.137,0.187,0.089,0.181,0.104,0.302
04/06/2015 04:00,12.1,1.8,4.7,2.6,1.2,0.4,0.047,0.293,0.238,0.196,0.283,0.136,0.112,0.015,0.18,0.12,0.346
04/06/2015 05:00,16.3,1.8,4.6,1.7,1.1,0.3,0.061,0.215,0.274,0.147,0.282,0.103,0.019,0,0.174,0.343,0.381
04/06/2015 06:00,20.1,2.1,4.5,1.4,1.1,0.3,0.092,0.169,0.306,0.133,0.261,0.078,0,0,0.163,0.362,0.406
04/06/2015 07:00,21.4,2.6,4.4,1.3,1.1,0.3,0.129,0.168,0.325,0.15,0.227,0.058,0,0,0.155,0.311,0.422
04/06/2015 08:00,20,3.4,4.5,1.2,1.3,0.4,0.16,0.192,0.325,0.171,0.264,0.051,0.001,0,0.145,0.271,0.436
04/06/2015 09:00,17.2,4.4,4.4,1.1,1.5,0.8,0.176,0.213,0.328,0.207,0.233,0.036,0.003,0,0.142,0.24,0.455
04/06/2015 10:00,12.9,5.8,4.3,0.9,1.9,1.4,0.18,0.205,0.334,0.253,0.155,0.028,0.009,0,0.136,0.22,0.485
04/06/2015 11:00,7.1,7.3,3.6,0.8,2.2,2.9,0.205,0.268,0.352,0.291,0.095,0.027,0.015,0,0.121,0.222,0.521
04/06/2015 12:00,3.9,9.5,3.6,0.6,3.1,5.8,0.223,0.362,0.401,0.26,0.06,0.061,0.026,0,0.107,0.252,0.555
04/06/2015 13:00,4.3,13.3,3.8,0.6,5.9,10.6,0.253,0.383,0.437,0.186,0.039,0.118,0.05,0.001,0.101,0.316,0.605
04/06/2015 14:00,4.7,14.7,3.8,1.3,8.9,15.5,0.259,0.344,0.432,0.117,0.029,0.12,0.101,0.021,0.096,0.413,0.661
04/06/2015 15:00,4.6,12.6,3.8,2.8,10.5,15.8,0.284,0.257,0.444,0.072,0.031,0.108,0.147,0.093,0.084,0.527,0.703
04/06/2015 16:00,4.2,10,3.7,6,10.5,13.7,0.323,0.187,0.474,0.059,0.037,0.097,0.181,0.175,0.068,0.575,0.728
04/06/2015 17:00,3.5,7.9,3.4,10.3,9.6,11.4,0.309,0.144,0.508,0.078,0.049,0.09,0.202,0.201,0.047,0.544,0.748
04/06/2015 18:00,3,6.4,3.3,14.7,9.2,10,0.328,0.123,0.528,0.192,0.063,0.094,0.208,0.203,0.023,0.439,0.765
04/06/2015 19:00,2.4,5.7,3.3,18.2,8.8,9.6,0.355,0.134,0.525,0.494,0.088,0.109,0.2,0.194,0.008,0.351,0.78
04/06/2015 20:00,2.1,5.1,3.3,19.7,8.6,10.1,0.32,0.179,0.488,0.644,0.119,0.131,0.179,0.17,0.002,0.272,0.797
04/06/2015 21:00,1.6,4.7,3.5,16.2,8.1,10.1,0.268,0.27,0.395,0.646,0.167,0.151,0.147,0.157,0,0.211,0.807
04/06/2015 22:00,1.4,4.4,3.7,10.7,7,9.5,0.199,0.358,0.282,0.62,0.233,0.16,0.124,0.217,0,0.172,0.806
04/06/2015 23:00,1.3,4.1,3.5,7,6.3,8.1,0.16,0.382,0.219,0.578,0.279,0.135,0.12,0.308,0,0.138,0.793
05/06/2015 00:00,1.8,3.1,2.3,4.6,5.6,6.7,0.132,0.332,0.208,0.571,0.248,0.096,0.131,0.347,0,0.101,0.777
05/06/2015 01:00,4.1,3.8,3.4,1.9,4.3,5.2,0.101,0.276,0.217,0.535,0.186,0.107,0.159,0.281,0,0.068,0.738
05/06/2015 02:00,6.3,5.3,4.6,1.3,3.7,3.6,0.1,0.198,0.214,0.444,0.153,0.132,0.21,0.413,0,0.046,0.695
05/06/2015 03:00,9.6,5.6,6.2,2.9,3.5,2.1,0.115,0.162,0.236,0.347,0.122,0.13,0.286,0.343,0,0.032,0.653
05/06/2015 04:00,13.8,5.8,7.5,1.9,2.8,0.9,0.145,0.126,0.256,0.261,0.108,0.092,0.208,0.188,0,0.026,0.618
05/06/2015 05:00,18.6,5.9,9.1,0.9,2.3,0.4,0.168,0.123,0.251,0.197,0.123,0.059,0.121,0.089,0,0.18,0.586
05/06/2015 06:00,22.9,6.1,10.7,0.4,2.3,0.4,0.192,0.093,0.244,0.16,0.134,0.036,0.084,0.041,0,0.252,0.556
05/06/2015 07:00,25.8,6.3,12.2,0.4,2.2,0.6,0.22,0.066,0.243,0.167,0.155,0.033,0.061,0.017,0,0.223,0.534
05/06/2015 08:00,27.3,6.4,13.3,0.4,2.1,1,0.262,0.054,0.252,0.208,0.338,0.048,0.055,0.009,0,0.195,0.523
05/06/2015 09:00,26.3,6.3,13.2,0.8,2.2,2.1,0.307,0.054,0.261,0.272,0.415,0.045,0.053,0.006,0,0.196,0.529
05/06/2015 10:00,21.4,5.9,10.9,1.5,2.4,3.5,0.336,0.087,0.271,0.332,0.401,0.041,0.057,0.006,0,0.222,0.547
05/06/2015 11:00,12.1,4.6,7.8,2.3,2.7,5.4,0.347,0.075,0.278,0.384,0.337,0.024,0.071,0.008,0,0.256,0.552
05/06/2015 12:00,5.9,4.4,8.1,3,3.3,7.8,0.374,0.036,0.258,0.37,0.254,0.048,0.101,0.013,0,0.306,0.547
05/06/2015 13:00,5.5,5.7,9.3,3.8,4.7,12.2,0.358,0.069,0.225,0.311,0.182,0.089,0.179,0.025,0,0.369,0.526
05/06/2015 14:00,4.9,6.2,10.8,4.6,5.6,16.7,0.362,0.099,0.195,0.264,0.131,0.088,0.413,0.072,0,0.449,0.523
05/06/2015 15:00,3.9,5.8,11.6,4.3,5.9,18.2,0.367,0.104,0.176,0.236,0.107,0.077,0.633,0.131,0,0.504,0.538
05/06/2015 16:00,2.6,5.8,11.5,3.9,5.5,17.9,0.337,0.123,0.154,0.225,0.104,0.066,0.688,0.178,0,0.499,0.556
05/06/2015 17:00,2.1,6.6,10.7,3.8,4.9,17,0.311,0.146,0.148,0.241,0.126,0.052,0.677,0.201,0,0.381,0.574
05/06/2015 18:00,1.9,7.3,10,3.6,4.3,16.5,0.278,0.163,0.132,0.315,0.2,0.042,0.644,0.209,0,0.291,0.587
05/06/2015 19:00,1.6,7.5,8.9,3.4,3.7,16.2,0.237,0.19,0.104,0.466,0.253,0.045,0.568,0.215,0,0.22,0.59
05/06/2015 20:00,1.5,7.2,8.1,3.6,3.4,16,0.225,0.2,0.095,0.547,0.249,0.057,0.53,0.223,0,0.176,0.595
05/06/2015 21:00,1.5,6.4,7.6,3.4,3.3,15.3,0.221,0.176,0.076,0.525,0.223,0.07,0.53,0.22,0,0.147,0.619
05/06/2015 22:00,1.5,5.7,7.1,2.6,3.3,14.5,0.236,0.088,0.065,0.494,0.214,0.083,0.537,0.219,0,0.13,0.622
05/06/2015 23:00,1.6,5.2,6.3,1.8,3.8,13.5,0.232,0.032,0.065,0.472,0.22,0.084,0.578,0.214,0,0.114,0.6
06/06/2015 00:00,1.9,3.6,5.8,1.3,4.2,12.1,0.17,0.015,0.053,0.449,0.226,0.069,0.586,0.186,0,0.095,0.55
06/06/2015 01:00,4.3,3.6,8.3,0.8,3.4,11.8,0.152,0.007,0.025,0.413,0.225,0.068,0.674,0.099,0,0.087,0.488
06/06/2015 02:00,6.6,4.8,11.3,0.5,3.3,12.4,0.189,0.006,0.006,0.38,0.214,0.068,0.676,0.093,0,0.076,0.438
06/06/2015 03:00,9.5,4.5,13.3,0.5,2.8,10.3,0.185,0.055,0.004,0.32,0.213,0.065,0.602,0.071,0,0.055,0.397
06/06/2015 04:00,13.4,3.8,14.8,0.6,2.2,7.1,0.16,0.121,0.01,0.268,0.218,0.055,0.473,0.025,0,0.055,0.371
06/06/2015 05:00,17.8,3.2,15.6,1.1,1.9,4.3,0.133,0.144,0.018,0.2,0.22,0.041,0.726,0.005,0.002,0.344,0.368
06/06/2015 06:00,21.8,3.1,16.4,1.6,2,2.8,0.11,0.139,0.035,0.138,0.173,0.035,0.657,0.002,0.014,0.5,0.371
06/06/2015 07:00,24.7,3.3,17.2,2,2,2.3,0.096,0.128,0.062,0.178,0.264,0.024,0.466,0.001,0.01,0.473,0.376
06/06/2015 08:00,26.9,3.6,17.2,2.4,2,2.5,0.094,0.13,0.086,0.222,0.477,0.017,0.308,0.002,0.003,0.43,0.386
06/06/2015 09:00,27.3,3.9,16,2.6,2.4,3.3,0.094,0.141,0.084,0.25,0.451,0.02,0.225,0.002,0.002,0.388,0.395
06/06/2015 10:00,23.7,4.4,14.1,2.6,2.8,4.6,0.117,0.148,0.058,0.272,0.355,0.021,0.187,0.003,0.002,0.352,0.406
06/06/2015 11:00,13.6,5,12,2.6,3.3,6,0.162,0.102,0.042,0.213,0.253,0.02,0.165,0.009,0.002,0.337,0.41
06/06/2015 12:00,6.2,7.6,11.3,2.3,4.1,8.1,0.201,0.045,0.04,0.151,0.162,0.035,0.151,0.029,0.004,0.345,0.415
06/06/2015 13:00,5.8,11.1,11.1,2.1,6.3,13.1,0.233,0.055,0.044,0.116,0.104,0.048,0.145,0.058,0.008,0.374,0.425
06/06/2015 14:00,5.9,11.9,11.3,1.8,9.2,19.3,0.249,0.106,0.038,0.109,0.078,0.036,0.215,0.073,0.015,0.432,0.425
06/06/2015 15:00,5.8,12,11.8,1.6,11.2,21.2,0.225,0.107,0.029,0.129,0.074,0.029,0.332,0.072,0.024,0.477,0.41
06/06/2015 16:00,5.1,12.5,12.2,2,12.5,20.9,0.195,0.102,0.028,0.175,0.07,0.032,0.421,0.083,0.029,0.468,0.398
06/06/2015 17:00,5.9,12.3,12.3,3.2,13.2,19.5,0.169,0.103,0.03,0.236,0.051,0.039,0.454,0.108,0.03,0.431,0.385
06/06/2015 18:00,5.7,11.5,12.3,5,12.8,18.3,0.17,0.072,0.03,0.355,0.039,0.047,0.453,0.147,0.03,0.355,0.374
06/06/2015 19:00,6,9.8,12.2,7.7,11.9,17.8,0.187,0.062,0.026,0.56,0.037,0.052,0.494,0.197,0.035,0.278,0.364
06/06/2015 20:00,6.7,8.1,11.8,11.7,10.8,18,0.206,0.061,0.02,0.625,0.055,0.058,0.51,0.223,0.05,0.237,0.358
06/06/2015 21:00,6.6,7.1,11.3,15.7,9.6,18.3,0.211,0.041,0.012,0.605,0.1,0.071,0.501,0.201,0.069,0.198,0.376
06/06/2015 22:00,5.8,6.2,10.5,18.4,8.6,18.2,0.22,0.013,0.005,0.51,0.163,0.078,0.455,0.168,0.078,0.167,0.398
06/06/2015 23:00,5,5.5,10,18.8,8.1,17.2,0.236,0.009,0.002,0.434,0.223,0.061,0.446,0.125,0.072,0.147,0.416
07/06/2015 00:00,4.9,4.6,8.8,16.3,8.1,15.5,0.201,0.045,0,0.388,0.249,0.045,0.435,0.079,0.058,0.125,0.432
07/06/2015 01:00,10,6.3,13.4,8.5,8.8,16.5,0.177,0.131,0,0.355,0.248,0.04,0.437,0.029,0.054,0.095,0.45
07/06/2015 02:00,12.2,7.5,15.7,3.2,13.4,16.3,0.185,0.188,0.001,0.337,0.231,0.043,0.448,0.021,0.063,0.081,0.481
07/06/2015 03:00,14,6.7,15.8,1.3,14.5,12.7,0.221,0.207,0.012,0.3,0.226,0.076,0.459,0.026,0.09,0.069,0.517
07/06/2015 04:00,17,5.1,16.2,1.1,13.5,9.2,0.259,0.206,0.069,0.251,0.24,0.137,0.323,0.031,0.095,0.075,0.55
07/06/2015 05:00,21.6,3.9,17,1.9,13.2,7.3,0.269,0.179,0.156,0.217,0.284,0.132,0.447,0.034,0.111,0.254,0.583
07/06/2015 06:00,25.4,3.3,18,3.2,13.6,6.4,0.254,0.144,0.251,0.176,0.259,0.088,0.333,0.034,0.149,0.295,0.61
07/06/2015 07:00,27.4,3.1,18.7,4.4,14.4,6.1,0.237,0.113,0.232,0.197,0.187,0.057,0.214,0.034,0.175,0.259,0.63
07/06/2015 08:00,27.6,3.1,19.1,5.4,15.7,6.4,0.234,0.118,0.174,0.187,0.186,0.034,0.15,0.037,0.162,0.225,0.656
07/06/2015 09:00,26.4,3.6,18.8,5.6,17.7,7.6,0.212,0.098,0.212,0.17,0.188,0.032,0.107,0.034,0.178,0.204,0.673
07/06/2015 10:00,21.6,4.3,17.8,5.3,20.5,9.3,0.196,0.068,0.354,0.168,0.201,0.035,0.078,0.034,0.236,0.196,0.669
07/06/2015 11:00,12.3,5.4,17.1,4.9,22.5,11.1,0.186,0.024,0.522,0.163,0.181,0.031,0.068,0.043,0.323,0.198,0.647
07/06/2015 12:00,6.2,6.9,17.1,4.5,22.9,12.8,0.155,0.026,0.656,0.156,0.137,0.05,0.072,0.067,0.437,0.221,0.62
07/06/2015 13:00,5.4,8,16.8,4.7,22.2,14.8,0.147,0.07,0.737,0.16,0.078,0.09,0.094,0.118,0.566,0.27,0.601
07/06/2015 14:00,4.5,8.4,15.2,4.9,18.9,15.7,0.134,0.108,0.779,0.167,0.031,0.105,0.181,0.221,0.685,0.352,0.592
07/06/2015 15:00,4.8,8.6,14.5,4.4,15,14.5,0.151,0.168,0.791,0.158,0.008,0.077,0.325,0.388,0.742,0.457,0.586
07/06/2015 16:00,5.7,8.5,13.5,3.9,13.5,12.9,0.172,0.291,0.782,0.142,0.004,0.042,0.457,0.55,0.75,0.513,0.587
07/06/2015 17:00,6.2,8.8,12.4,4.3,13.5,12.1,0.179,0.337,0.773,0.135,0.006,0.019,0.527,0.646,0.724,0.419,0.604
07/06/2015 18:00,6.7,9.6,12.1,6.3,13.5,11.4,0.179,0.261,0.75,0.167,0.005,0.011,0.566,0.68,0.677,0.323,0.621
07/06/2015 19:00,6.7,10,11.9,10.1,13.5,10.6,0.179,0.204,0.719,0.416,0.009,0.013,0.568,0.613,0.624,0.264,0.637
07/06/2015 20:00,5.3,9,11.3,15.3,13.8,9.5,0.181,0.174,0.677,0.695,0.018,0.022,0.583,0.535,0.575,0.225,0.658
07/06/2015 21:00,4.4,7.7,12.1,20.1,13.8,8.3,0.175,0.142,0.668,0.779,0.025,0.042,0.563,0.476,0.526,0.2,0.691
07/06/2015 22:00,4.3,6.8,13.6,22,14.5,7.3,0.168,0.104,0.677,0.729,0.028,0.064,0.54,0.397,0.466,0.171,0.72
07/06/2015 23:00,3.8,5.9,11.8,20.3,14,6.4,0.158,0.079,0.68,0.605,0.032,0.067,0.521,0.278,0.41,0.134,0.739
08/06/2015 00:00,3.2,5.3,8.4,17,11.8,5.9,0.11,0.108,0.679,0.523,0.03,0.059,0.508,0.169,0.379,0.093,0.752
08/06/2015 01:00,5.6,5.6,11,10.3,8.8,6.6,0.09,0.138,0.668,0.449,0.022,0.078,0.519,0.079,0.347,0.06,0.759
08/06/2015 02:00,7.5,5.7,14.2,5.6,14,8.3,0.077,0.153,0.62,0.407,0.013,0.128,0.539,0.035,0.31,0.037,0.763
08/06/2015 03:00,8.5,4.8,15.7,3.4,15.9,8.3,0.061,0.14,0.572,0.343,0.009,0.132,0.569,0.014,0.305,0.025,0.758
08/06/2015 04:00,10.5,3.6,16.2,2.3,16.3,7,0.051,0.12,0.58,0.282,0.013,0.105,0.452,0.004,0.334,0.016,0.744
08/06/2015 05:00,13.4,3.3,17,2.3,17,6,0.043,0.115,0.589,0.228,0.031,0.084,0.502,0.001,0.314,0.121,0.726
08/06/2015 06:00,16.8,3.4,18,3.3,17.9,5.8,0.035,0.117,0.566,0.192,0.041,0.07,0.437,0,0.207,0.205,0.711
08/06/2015 07:00,20.9,3.7,18.7,5,19.2,5.8,0.036,0.125,0.525,0.188,0.027,0.056,0.297,0,0.102,0.205,0.707
08/06/2015 08:00,24.1,4,18.9,7.1,21,5.9,0.042,0.096,0.503,0.157,0.073,0.046,0.199,0,0.093,0.188,0.705
08/06/2015 09:00,26.8,4.7,18.2,8.5,23.2,6.4,0.045,0.073,0.515,0.119,0.126,0.04,0.131,0,0.187,0.177,0.69
08/06/2015 10:00,25,5.6,16.7,9.9,25.2,7.3,0.048,0.084,0.525,0.103,0.125,0.058,0.087,0.001,0.335,0.171,0.663
08/06/2015 11:00,17,7,14.4,11.4,25.2,9,0.06,0.031,0.502,0.088,0.1,0.062,0.066,0.007,0.406,0.179,0.633
08/06/2015 12:00,8.7,10.7,15.5,13.2,21.7,11.3,0.083,0.007,0.461,0.078,0.079,0.12,0.061,0.034,0.393,0.212,0.599
08/06/2015 13:00,8,16.7,17.5,17.2,18.2,13.7,0.122,0.012,0.423,0.068,0.068,0.182,0.086,0.107,0.402,0.27,0.559
08/06/2015 14:00,9,20.4,17.1,25.7,16.4,16,0.161,0.017,0.381,0.045,0.061,0.148,0.215,0.278,0.501,0.334,0.525
08/06/2015 15:00,9,22,16.5,33,15.1,17.3,0.159,0.039,0.332,0.022,0.058,0.098,0.401,0.535,0.642,0.389,0.504
08/06/2015 16:00,8.5,21.7,15.8,38.6,13.4,18.6,0.132,0.077,0.279,0.008,0.059,0.054,0.496,0.718,0.737,0.444,0.501
08/06/2015 17:00,8.6,20.7,15,42.1,11.8,19.9,0.111,0.108,0.243,0.001,0.059,0.022,0.547,0.776,0.785,0.395,0.504
08/06/2015 18:00,7.8,19.5,14.1,43.2,9.8,20.4,0.101,0.136,0.22,0.003,0.062,0.011,0.572,0.776,0.791,0.314,0.519
08/06/2015 19:00,7.1,17.6,13.3,41.2,8,21.1,0.101,0.159,0.212,0.141,0.07,0.012,0.552,0.771,0.764,0.241,0.544
08/06/2015 20:00,7,15.3,12.6,36.1,6.6,20.5,0.099,0.202,0.214,0.428,0.082,0.018,0.545,0.722,0.727,0.19,0.574
08/06/2015 21:00,8.6,13.2,13,31.9,5.8,19.6,0.119,0.208,0.217,0.587,0.103,0.034,0.566,0.645,0.674,0.125,0.583
08/06/2015 22:00,10.7,11.8,11.8,27.6,5.3,18.8,0.157,0.231,0.212,0.618,0.122,0.048,0.59,0.58,0.632,0.089,0.568
08/06/2015 23:00,10.2,10.7,10.1,24.1,5,17.3,0.178,0.284,0.205,0.573,0.136,0.038,0.605,0.516,0.649,0.063,0.538
09/06/2015 00:00,10.3,9.8,8.8,21.4,4.7,15.9,0.113,0.352,0.201,0.513,0.15,0.02,0.617,0.414,0.668,0.042,0.501
09/06/2015 01:00,15.2,15,13.8,20.1,3.9,17.8,0.082,0.4,0.201,0.454,0.175,0.018,0.635,0.202,0.653,0.03,0.463
09/06/2015 02:00,16.3,17.7,17.9,29.2,5.1,20.2,0.074,0.404,0.218,0.411,0.204,0.032,0.653,0.092,0.634,0.026,0.45
09/06/2015 03:00,17.3,18.1,19.3,32.7,9,19.1,0.068,0.362,0.27,0.375,0.221,0.089,0.667,0.072,0.547,0.035,0.473
09/06/2015 04:00,20.7,16.3,20.9,34.4,10.7,17,0.059,0.233,0.341,0.308,0.259,0.122,0.577,0.067,0.44,0.044,0.51
09/06/2015 05:00,26.8,14.3,22.3,37.1,11.1,15.7,0.056,0.217,0.379,0.231,0.252,0.1,0.601,0.046,0.386,0.264,0.55
09/06/2015 06:00,33.3,13.2,22.9,39.8,11.5,15.3,0.056,0.223,0.367,0.167,0.204,0.081,0.472,0.02,0.363,0.481,0.586
09/06/2015 07:00,38.8,13.1,23.1,41.1,12.3,15.7,0.059,0.231,0.359,0.126,0.164,0.06,0.263,0.005,0.344,0.516,0.621
09/06/2015 08:00,43.9,13.9,21.9,40.8,14.2,16.4,0.065,0.227,0.337,0.074,0.204,0.045,0.136,0.001,0.367,0.508,0.663
09/06/2015 09:00,44.8,14.8,18.3,39,16.4,17.2,0.053,0.226,0.302,0.034,0.145,0.038,0.086,0,0.433,0.514,0.701
09/06/2015 10:00,39.6,15.7,14.8,37.1,18.2,18,0.036,0.212,0.279,0.024,0.077,0.039,0.064,0.001,0.497,0.555,0.727
09/06/2015 11:00,24.4,16.2,12.5,36.2,18.8,18.5,0.04,0.128,0.277,0.031,0.038,0.047,0.054,0.027,0.547,0.608,0.744
09/06/2015 12:00,12,16.6,12,35.8,16.4,18.8,0.052,0.072,0.316,0.045,0.017,0.073,0.051,0.144,0.578,0.652,0.753
09/06/2015 13:00,11.1,18,12.3,35,14.2,18.5,0.092,0.071,0.386,0.047,0.006,0.128,0.085,0.45,0.593,0.681,0.755
09/06/2015 14:00,11.3,18.6,12.2,36,12.5,18.8,0.134,0.077,0.391,0.028,0.002,0.14,0.238,0.797,0.599,0.672,0.752
09/06/2015 15:00,12.1,18.4,12,35.9,12.6,19.7,0.168,0.094,0.37,0.013,0.001,0.117,0.441,0.889,0.586,0.576,0.728
09/06/2015 16:00,12.2,18.4,11.3,33.8,13.8,20.2,0.183,0.152,0.414,0.008,0,0.095,0.538,0.9,0.571,0.466,0.697
09/06/2015 17:00,13.1,18,10.5,29.7,15.2,21,0.179,0.27,0.538,0.009,0,0.084,0.539,0.908,0.56,0.38,0.682
09/06/2015 18:00,13.5,16.1,10.6,25.5,15.3,21.5,0.167,0.36,0.615,0.014,0,0.064,0.516,0.9,0.574,0.284,0.681
09/06/2015 19:00,12.4,15.1,11.5,21.2,15.2,21.2,0.142,0.374,0.6,0.059,0,0.041,0.497,0.887,0.607,0.244,0.682
09/06/2015 20:00,10.4,14.6,12.3,17.7,15.6,20.5,0.118,0.316,0.537,0.192,0,0.026,0.457,0.871,0.619,0.284,0.666
09/06/2015 21:00,8.4,13.6,14,18.3,15.5,19.3,0.102,0.253,0.449,0.382,0,0.021,0.419,0.821,0.577,0.277,0.655
09/06/2015 22:00,6.4,12.1,15.3,21.1,15.2,17.5,0.091,0.167,0.342,0.513,0.006,0.02,0.388,0.753,0.515,0.249,0.653
09/06/2015 23:00,4.4,11.1,15.3,23.3,13.7,14.8,0.085,0.185,0.133,0.536,0.032,0.013,0.414,0.653,0.476,0.221,0.664
10/06/2015 00:00,3.6,9.7,14.3,23.7,11.8,12.4,0.049,0.209,0.08,0.523,0.063,0.015,0.451,0.56,0.403,0.199,0.689
10/06/2015 01:00,7.4,13.9,15,28.7,10.5,12.3,0.039,0.211,0.193,0.494,0.076,0.022,0.479,0.376,0.296,0.191,0.7
10/06/2015 02:00,11.6,16.3,15.8,34.1,12.3,14.3,0.041,0.209,0.264,0.428,0.069,0.042,0.51,0.186,0.208,0.19,0.697
10/06/2015 03:00,14.6,14.5,16,32.4,14.2,12.3,0.041,0.182,0.36,0.309,0.062,0.074,0.535,0.087,0.176,0.175,0.68
10/06/2015 04:00,18.7,11.3,16.8,30.4,12.6,10.5,0.033,0.147,0.407,0.178,0.058,0.114,0.425,0.035,0.185,0.131,0.665
10/06/2015 05:00,24.2,9.4,17.3,29.2,9.8,10.3,0.03,0.136,0.409,0.082,0.071,0.119,0.311,0.017,0.209,0.164,0.658
10/06/2015 06:00,30.7,8.7,17.4,27.7,7.3,11.3,0.027,0.13,0.456,0.022,0.082,0.112,0.158,0.01,0.237,0.211,0.673
10/06/2015 07:00,38.8,8.8,16.3,26,5.9,13,0.027,0.127,0.485,0.006,0.077,0.106,0.091,0.013,0.272,0.248,0.706
10/06/2015 08:00,45.8,9.4,14.4,24.3,5.8,14.8,0.032,0.123,0.478,0.009,0.099,0.086,0.072,0.029,0.289,0.267,0.748
10/06/2015 09:00,47.2,10.7,11.8,22.5,6.6,16.4,0.045,0.107,0.45,0.027,0.144,0.08,0.06,0.054,0.264,0.274,0.77
10/06/2015 10:00,42.4,12.1,8.9,20.5,8.1,17.8,0.074,0.076,0.445,0.07,0.185,0.085,0.051,0.093,0.234,0.289,0.772
10/06/2015 11:00,30.1,12.8,7.8,20,10.6,19.5,0.12,0.018,0.472,0.084,0.216,0.083,0.045,0.155,0.204,0.311,0.758
10/06/2015 12:00,15.1,14.2,7.8,21,13.2,21.4,0.155,0.018,0.457,0.041,0.24,0.06,0.045,0.259,0.177,0.338,0.732
10/06/2015 13:00,14.7,17.8,8.9,23.4,15.8,22.5,0.203,0.022,0.399,0.007,0.253,0.12,0.071,0.464,0.155,0.378,0.71
10/06/2015 14:00,13.5,18.7,8.5,29.1,17.2,22.7,0.241,0.019,0.337,0.001,0.248,0.114,0.188,0.727,0.157,0.401,0.708
10/06/2015 15:00,12.4,17.5,7.2,35.3,17.8,22,0.264,0.023,0.309,0,0.209,0.09,0.342,0.844,0.205,0.346,0.728
10/06/2015 16:00,11.3,15.5,5.9,40,17.3,20.7,0.279,0.034,0.306,0,0.147,0.076,0.407,0.876,0.314,0.251,0.748
10/06/2015 17:00,9.7,13.8,5.3,41.5,16.2,19.3,0.264,0.045,0.341,0.001,0.094,0.09,0.374,0.882,0.448,0.209,0.746
10/06/2015 18:00,7.6,12.1,5.4,40.3,15.3,18.1,0.218,0.053,0.419,0.002,0.101,0.101,0.312,0.87,0.513,0.224,0.721
10/06/2015 19:00,6.1,11,6.6,36.1,14.4,17.2,0.169,0.051,0.376,0.03,0.146,0.105,0.249,0.849,0.516,0.219,0.683
10/06/2015 20:00,5.4,9.9,7,33.6,13.8,15.8,0.124,0.041,0.155,0.199,0.201,0.115,0.204,0.814,0.467,0.182,0.64
10/06/2015 21:00,4.6,10,6.7,29,12.5,14.6,0.1,0.03,0.054,0.432,0.234,0.124,0.192,0.739,0.407,0.159,0.612
10/06/2015 22:00,4.8,10.5,7.1,22.6,10.9,13.4,0.092,0.026,0.04,0.538,0.241,0.115,0.196,0.655,0.367,0.173,0.601
10/06/2015 23:00,4.9,10.6,7,15.9,10.1,12.1,0.085,0.021,0.15,0.507,0.25,0.085,0.196,0.56,0.362,0.177,0.592
11/06/2015 00:00,4.9,9.9,5.2,10.7,10.5,11,0.06,0.025,0.221,0.448,0.226,0.09,0.199,0.417,0.38,0.17,0.586
11/06/2015 01:00,5.7,11.7,4.4,10.3,11.6,11.5,0.071,0.038,0.197,0.39,0.187,0.093,0.205,0.197,0.416,0.158,0.587
11/06/2015 02:00,4.9,13.5,5.2,9.6,16,12.9,0.081,0.046,0.14,0.342,0.152,0.092,0.203,0.097,0.449,0.125,0.605
11/06/2015 03:00,5.7,12.8,5.4,7.7,17.1,10,0.082,0.045,0.1,0.325,0.121,0.091,0.192,0.096,0.481,0.118,0.627
11/06/2015 04:00,6.8,11.2,5.3,6,16,7,0.076,0.062,0.071,0.322,0.104,0.082,0.107,0.192,0.514,0.127,0.65
11/06/2015 05:00,7.6,9.8,5.4,4.9,15.5,5.3,0.07,0.103,0.055,0.3,0.095,0.064,0.026,0.302,0.544,0.264,0.674
11/06/2015 06:00,9.3,9,5.7,4.6,16.1,4.5,0.067,0.154,0.049,0.234,0.067,0.046,0.02,0.382,0.57,0.392,0.688
11/06/2015 07:00,11.9,8.5,5.4,4.4,18,4.7,0.065,0.24,0.045,0.227,0.101,0.039,0.023,0.432,0.559,0.431,0.697
11/06/2015 08:00,14,8,5.1,4.5,19.9,5.4,0.062,0.384,0.041,0.186,0.19,0.046,0.025,0.46,0.538,0.425,0.695
11/06/2015 09:00,14.7,7.8,4.4,4.2,22.6,7,0.057,0.541,0.025,0.137,0.193,0.049,0.029,0.442,0.513,0.413,0.682
11/06/2015 10:00,13.1,8.1,3.6,3.6,25.6,9.1,0.055,0.529,0.01,0.116,0.163,0.051,0.038,0.42,0.501,0.402,0.661
11/06/2015 11:00,10.6,8.4,3.1,3,26,11,0.071,0.466,0.002,0.099,0.139,0.047,0.054,0.417,0.513,0.404,0.635
11/06/2015 12:00,6.3,9.2,4.2,2.6,23.3,12.6,0.085,0.502,0,0.094,0.122,0.025,0.073,0.432,0.559,0.416,0.615
11/06/2015 13:00,6.7,10.5,5.4,2.4,22.5,14.3,0.101,0.474,0,0.083,0.106,0.041,0.099,0.472,0.608,0.431,0.61
11/06/2015 14:00,9,11.1,6.3,3.4,23.4,17,0.113,0.344,0,0.055,0.088,0.111,0.14,0.586,0.644,0.442,0.619
11/06/2015 15:00,11.8,11.2,5.9,6.4,24.1,19.2,0.093,0.225,0,0.046,0.074,0.197,0.17,0.725,0.652,0.468,0.618
11/06/2015 16:00,13.6,11.5,5.3,12,24.1,20.9,0.052,0.154,0.003,0.073,0.062,0.238,0.191,0.801,0.633,0.512,0.607
11/06/2015 17:00,13.7,11.8,5.1,17.5,22.1,22.1,0.019,0.114,0.009,0.142,0.058,0.242,0.217,0.813,0.596,0.464,0.594
11/06/2015 18:00,13.4,12.6,5.8,20.4,21.5,21.7,0.004,0.099,0.02,0.291,0.066,0.232,0.261,0.799,0.543,0.376,0.583
11/06/2015 19:00,12.8,13.4,5.8,20.5,21.2,21.7,0,0.098,0.032,0.478,0.087,0.219,0.317,0.763,0.495,0.285,0.583
11/06/2015 20:00,11.4,12.8,5.6,19.5,20.7,21.4,0.001,0.113,0.045,0.55,0.118,0.196,0.355,0.701,0.473,0.223,0.593
11/06/2015 21:00,9.6,13.2,6.2,20.2,21,19.4,0.006,0.149,0.058,0.528,0.146,0.177,0.344,0.604,0.454,0.193,0.626
11/06/2015 22:00,8.6,13.8,6.8,21.9,19.8,17.7,0.011,0.207,0.072,0.447,0.167,0.146,0.272,0.478,0.437,0.174,0.656
11/06/2015 23:00,7.3,13.5,7.2,21.5,19.1,16.4,0.006,0.28,0.078,0.355,0.185,0.085,0.2,0.341,0.434,0.164,0.666
12/06/2015 00:00,8,11.7,7.3,19.3,18,15.2,0.001,0.409,0.079,0.291,0.195,0.068,0.15,0.231,0.427,0.178,0.65
12/06/2015 01:00,15.5,12.6,6.1,18.7,17.2,14.2,0,0.502,0.076,0.27,0.204,0.061,0.118,0.111,0.402,0.206,0.614
12/06/2015 02:00,20.1,14,6.4,18.8,23.2,15.5,0.001,0.47,0.076,0.292,0.216,0.048,0.112,0.039,0.367,0.258,0.571
12/06/2015 03:00,22.6,13.2,6.9,13.8,28.8,14,0.004,0.407,0.084,0.297,0.237,0.044,0.118,0.137,0.336,0.317,0.535
12/06/2015 04:00,24.3,11.5,7.6,8.8,30.2,12.3,0.011,0.382,0.091,0.267,0.26,0.048,0.066,0.361,0.289,0.297,0.521
12/06/2015 05:00,26.3,11.1,9.8,6.2,29.7,11.6,0.009,0.386,0.101,0.22,0.271,0.025,0.063,0.409,0.223,0.535,0.529
12/06/2015 06:00,29.5,11.5,11.3,5.5,28.9,11.8,0.003,0.341,0.108,0.201,0.2,0.017,0.088,0.383,0.155,0.62,0.537
12/06/2015 07:00,32,12.1,12,5.9,28.1,12.5,0.001,0.347,0.103,0.243,0.214,0.021,0.068,0.349,0.101,0.596,0.532
12/06/2015 08:00,34.5,12.5,12.1,6.8,28.1,14.1,0,0.32,0.086,0.256,0.233,0.026,0.051,0.327,0.065,0.569,0.516
12/06/2015 09:00,33.8,12.6,11.8,6.9,28.7,16.8,0,0.319,0.067,0.183,0.163,0.031,0.046,0.282,0.049,0.558,0.507
12/06/2015 10:00,31.5,12,10.1,6.9,28.2,20.5,0,0.339,0.05,0.126,0.099,0.037,0.051,0.241,0.05,0.551,0.513
12/06/2015 11:00,23.9,10.3,9.6,7.5,25.4,24.3,0,0.311,0.038,0.091,0.067,0.038,0.059,0.22,0.062,0.547,0.522
12/06/2015 12:00,11.5,9.7,10.5,8.5,21.7,26.9,0.001,0.356,0.03,0.07,0.05,0.029,0.077,0.218,0.07,0.55,0.528
12/06/2015 13:00,15.5,11.3,11.8,10.2,18.4,26.7,0.004,0.547,0.034,0.059,0.034,0.084,0.127,0.254,0.063,0.562,0.543
12/06/2015 14:00,20,12.7,12.2,12.3,17.8,25.4,0.011,0.702,0.055,0.054,0.02,0.211,0.255,0.382,0.051,0.57,0.564
12/06/2015 15:00,21.2,13,12.2,14.6,18,23,0.013,0.713,0.087,0.054,0.011,0.262,0.38,0.542,0.042,0.563,0.569
12/06/2015 16:00,21.3,12.7,12,18.8,18.1,21.9,0.014,0.72,0.127,0.062,0.007,0.231,0.438,0.651,0.047,0.551,0.561
12/06/2015 17:00,22.3,12.9,12.2,24.3,18.1,21,0.02,0.674,0.17,0.09,0.007,0.182,0.41,0.69,0.067,0.438,0.556
12/06/2015 18:00,19.1,13.1,11.7,31.5,17.5,20.8,0.022,0.551,0.201,0.204,0.013,0.141,0.313,0.685,0.101,0.297,0.556
12/06/2015 19:00,16.3,12.5,11.5,37.5,16.5,20.9,0.012,0.386,0.219,0.462,0.031,0.112,0.204,0.641,0.144,0.231,0.552
12/06/2015 20:00,13.3,11.1,11.2,36.9,15,21.1,0.005,0.288,0.209,0.586,0.066,0.097,0.127,0.552,0.187,0.218,0.547
12/06/2015 21:00,9.1,10.2,10.6,33.8,13.8,20.8,0.001,0.241,0.184,0.57,0.11,0.091,0.075,0.407,0.209,0.235,0.537
12/06/2015 22:00,6.1,9.6,9.8,30.4,12,20.5,0,0.243,0.187,0.459,0.158,0.076,0.054,0.245,0.193,0.227,0.511
12/06/2015 23:00,4,8.8,8.5,29.2,10.5,20.6,0,0.192,0.187,0.343,0.213,0.047,0.071,0.118,0.157,0.191,0.484
13/06/2015 00:00,3.4,9.5,6.1,30.5,9.7,19.9,0,0.161,0.173,0.282,0.251,0.047,0.144,0.04,0.128,0.145,0.454
13/06/2015 01:00,6.2,13.3,7.8,36.4,9.8,20.9,0,0.126,0.206,0.286,0.252,0.049,0.272,0.006,0.108,0.098,0.422
13/06/2015 02:00,7.4,15.5,10.8,38.9,16.3,25.3,0,0.12,0.279,0.281,0.234,0.065,0.392,0.003,0.094,0.065,0.383
13/06/2015 03:00,9.7,13.7,12,36.8,20.9,24.7,0,0.119,0.364,0.244,0.228,0.069,0.476,0.058,0.085,0.043,0.341
13/06/2015 04:00,13.8,10.6,12.6,33.2,22.4,22.1,0,0.098,0.412,0.194,0.251,0.048,0.407,0.106,0.077,0.02,0.302
13/06/2015 05:00,18.2,8.3,13.2,29.3,23.9,20.5,0,0.075,0.4,0.164,0.245,0.035,0.407,0.118,0.071,0.223,0.27
13/06/2015 06:00,22.7,6.8,13.5,26.1,26.2,20.6,0,0.085,0.364,0.139,0.167,0.023,0.367,0.119,0.07,0.472,0.241
13/06/2015 07:00,27.1,6.4,13.8,24,28.7,22,0,0.098,0.325,0.115,0.243,0.037,0.252,0.114,0.072,0.466,0.211
13/06/2015 08:00,29.9,7,13.9,22.9,30.9,24.4,0.003,0.098,0.296,0.099,0.292,0.059,0.176,0.104,0.078,0.443,0.18
13/06/2015 09:00,30.5,9.3,13.7,21.4,32.6,27.8,0.011,0.14,0.259,0.084,0.181,0.074,0.137,0.078,0.096,0.422,0.153
13/06/2015 10:00,29.3,12.3,12.1,19.4,34.1,31.7,0.018,0.144,0.223,0.096,0.079,0.077,0.11,0.05,0.128,0.397,0.137
13/06/2015 11:00,23.7,14.3,10,17.8,34.1,34.4,0.03,0.087,0.211,0.096,0.033,0.067,0.084,0.034,0.171,0.366,0.138
13/06/2015 12:00,9.9,16,10.5,16.7,30.3,34.8,0.044,0.111,0.231,0.078,0.012,0.048,0.064,0.024,0.214,0.343,0.145
13/06/2015 13:00,8.2,17.7,12.5,16.2,27,32.2,0.052,0.19,0.259,0.055,0.004,0.144,0.061,0.02,0.22,0.341,0.148
13/06/2015 14:00,9.4,18.2,13.1,18.8,25.7,29.5,0.067,0.29,0.29,0.037,0.001,0.225,0.113,0.014,0.159,0.367,0.136
13/06/2015 15:00,11.4,17.2,13.1,23.7,26.3,27.7,0.078,0.311,0.332,0.027,0,0.242,0.252,0.011,0.084,0.451,0.107
13/06/2015 16:00,13.9,14.2,13.8,31.2,26.4,26.2,0.073,0.352,0.365,0.022,0,0.243,0.422,0.01,0.028,0.54,0.084
13/06/2015 17:00,15.8,11.4,12.4,39.8,25.7,25.8,0.079,0.421,0.38,0.024,0,0.249,0.513,0.011,0.002,0.519,0.076
13/06/2015 18:00,14.5,9.2,10.8,45.5,24.1,26,0.094,0.487,0.391,0.048,0,0.262,0.561,0.009,0,0.403,0.083
13/06/2015 19:00,13.6,7.6,9.7,45.6,22.3,27.1,0.101,0.52,0.381,0.192,0,0.264,0.58,0.004,0,0.308,0.096
13/06/2015 20:00,12.2,6.8,9,41.4,20.5,28.3,0.099,0.519,0.345,0.4,0,0.254,0.578,0.001,0.001,0.241,0.108
13/06/2015 21:00,9.5,6.8,7.5,38.9,18.8,28.6,0.103,0.514,0.296,0.473,0,0.22,0.571,0.004,0.011,0.214,0.112
13/06/2015 22:00,7.4,7.3,6.8,37.7,17.2,27.2,0.114,0.466,0.264,0.435,0.001,0.171,0.58,0.046,0.021,0.223,0.107
13/06/2015 23:00,5,7.8,5.9,35.3,15.3,24.9,0.114,0.464,0.255,0.369,0.015,0.103,0.655,0.21,0.03,0.242,0.102
14/06/2015 00:00,4.7,7.4,4.4,31.7,13.5,22.8,0.073,0.557,0.254,0.311,0.054,0.096,0.661,0.447,0.063,0.254,0.096
14/06/2015 01:00,8.2,8,4.9,34.5,13.8,23.1,0.039,0.557,0.244,0.272,0.11,0.101,0.654,0.463,0.117,0.255,0.086
14/06/2015 02:00,13.5,10.6,6.3,31.7,20.7,29.1,0.023,0.502,0.221,0.239,0.167,0.1,0.671,0.422,0.151,0.248,0.077
14/06/2015 03:00,19.1,12.5,7.1,26.9,26.8,28.1,0.013,0.444,0.203,0.21,0.202,0.12,0.695,0.277,0.154,0.237,0.083
14/06/2015 04:00,22.8,11.6,7.5,22.2,28.6,24.9,0.009,0.406,0.197,0.188,0.211,0.118,0.63,0.111,0.142,0.226,0.103
14/06/2015 05:00,25.4,9.9,7.6,18.2,29,22.7,0.007,0.394,0.203,0.174,0.206,0.102,0.677,0.035,0.128,0.616,0.135
14/06/2015 06:00,25.3,8.2,7.6,14.8,29.6,22.4,0.007,0.403,0.225,0.155,0.179,0.076,0.605,0.007,0.115,0.672,0.176
14/06/2015 07:00,24.3,6.8,7.6,12.6,30.6,23.7,0.007,0.407,0.258,0.16,0.124,0.066,0.398,0.001,0.104,0.614,0.222
14/06/2015 08:00,23.1,6.1,7.4,11.5,32.1,26,0.01,0.393,0.294,0.144,0.21,0.058,0.228,0,0.096,0.582,0.265
14/06/2015 09:00,21.7,7.1,6.2,11.1,34.8,30,0.014,0.34,0.317,0.145,0.218,0.05,0.169,0,0.09,0.556,0.292
14/06/2015 10:00,19.7,9.3,5,11.3,36.6,34.4,0.032,0.253,0.32,0.101,0.131,0.046,0.146,0,0.098,0.532,0.293
14/06/2015 11:00,15,9.5,3.4,11.9,35.3,37.3,0.064,0.077,0.305,0.057,0.054,0.045,0.133,0,0.115,0.511,0.267
14/06/2015 12:00,7.6,9.5,3.3,13,30.7,37.9,0.111,0.119,0.279,0.032,0.016,0.031,0.135,0,0.137,0.51,0.228
14/06/2015 13:00,5.9,10.6,3.3,14.3,26.6,35.7,0.167,0.2,0.261,0.02,0.007,0.131,0.202,0,0.155,0.538,0.192
14/06/2015 14:00,6.2,11.4,3.1,17,23.5,33.3,0.203,0.119,0.249,0.016,0.014,0.186,0.449,0,0.161,0.56,0.162
14/06/2015 15:00,5,11.2,2.8,21.7,20.1,31.2,0.225,0.034,0.245,0.017,0.025,0.214,0.653,0.002,0.153,0.564,0.153
14/06/2015 16:00,3.9,10.2,2.6,30.9,17.5,29.7,0.227,0.005,0.251,0.023,0.034,0.249,0.65,0.013,0.137,0.555,0.164
14/06/2015 17:00,3.4,9.3,2.7,41.6,15.6,28.7,0.22,0.001,0.261,0.036,0.036,0.277,0.631,0.036,0.127,0.425,0.179
14/06/2015 18:00,2.8,8.6,2.9,49.8,14.4,28.6,0.212,0,0.27,0.081,0.041,0.291,0.634,0.06,0.113,0.311,0.188
14/06/2015 19:00,2.6,8.3,2.8,50.6,13.1,28.9,0.217,0,0.266,0.3,0.044,0.294,0.668,0.116,0.093,0.237,0.192
14/06/2015 20:00,3,8.7,2.7,49.5,13,29.6,0.223,0,0.249,0.544,0.046,0.276,0.714,0.201,0.072,0.196,0.197
14/06/2015 21:00,3,10.3,3,47.5,13.2,28.9,0.236,0.001,0.227,0.649,0.04,0.245,0.745,0.245,0.055,0.178,0.203
14/06/2015 22:00,2.3,12.5,2.6,43.6,14.7,26.7,0.238,0.001,0.217,0.659,0.031,0.206,0.799,0.246,0.042,0.168,0.217
14/06/2015 23:00,1.6,13.2,2.6,37.4,16,24.4,0.22,0.003,0.215,0.623,0.024,0.153,0.783,0.211,0.033,0.151,0.245
15/06/2015 00:00,1.6,11.6,1.8,28.7,16.5,22.5,0.137,0.029,0.225,0.589,0.028,0.128,0.78,0.15,0.022,0.12,0.268
15/06/2015 01:00,4.1,11.4,2.4,22.6,16.5,24.3,0.086,0.091,0.249,0.556,0.039,0.123,0.791,0.061,0.017,0.092,0.286
15/06/2015 02:00,7.4,11.3,2.8,15,21.9,31.9,0.069,0.209,0.279,0.526,0.069,0.126,0.808,0.02,0.01,0.067,0.309
15/06/2015 03:00,11.8,9.6,2.9,10,30.8,31.2,0.065,0.323,0.289,0.459,0.126,0.111,0.806,0.001,0.005,0.043,0.32
15/06/2015 04:00,17.5,8.4,3.3,7.2,34.4,27.6,0.075,0.336,0.3,0.39,0.184,0.082,0.808,0,0.003,0.027,0.323
15/06/2015 05:00,23.2,7.6,4,5.5,36.5,24.7,0.107,0.317,0.328,0.325,0.207,0.064,0.862,0,0.002,0.305,0.328
15/06/2015 06:00,28.9,6.8,4.3,5,39.1,23.5,0.165,0.302,0.347,0.212,0.187,0.046,0.837,0.001,0.002,0.466,0.337
15/06/2015 07:00,31.8,6.1,4.4,5.2,42.3,23.7,0.237,0.252,0.347,0.134,0.209,0.035,0.75,0,0.003,0.466,0.343
15/06/2015 08:00,31.7,5.7,4,5.6,45.1,24.7,0.285,0.169,0.323,0.072,0.311,0.036,0.606,0,0.004,0.45,0.322
15/06/2015 09:00,27.7,5.3,3.8,4.8,47.8,27.2,0.27,0.092,0.313,0.051,0.279,0.031,0.466,0.001,0.006,0.438,0.284
15/06/2015 10:00,21.7,5,3.1,3.1,49.1,30.6,0.251,0.041,0.323,0.063,0.201,0.03,0.381,0.005,0.012,0.432,0.264
15/06/2015 11:00,13.5,4.7,2.3,2,47.8,33,0.266,0.005,0.337,0.119,0.119,0.028,0.346,0.017,0.027,0.429,0.286
15/06/2015 12:00,5.1,4.6,2.3,1.5,43.8,33.8,0.305,0,0.343,0.168,0.058,0.028,0.35,0.044,0.051,0.428,0.355
15/06/2015 13:00,3.5,5.1,2.9,1.8,38.5,31.7,0.31,0.012,0.341,0.155,0.031,0.077,0.386,0.093,0.071,0.432,0.419
15/06/2015 14:00,3,5.8,2.9,2.8,32.5,28.8,0.344,0.007,0.339,0.115,0.026,0.108,0.513,0.179,0.077,0.444,0.442
15/06/2015 15:00,1.9,6,2.3,4.9,28.1,26.2,0.382,0.007,0.343,0.071,0.026,0.118,0.601,0.248,0.079,0.451,0.447
15/06/2015 16:00,1.4,6,2.3,8.1,25.4,23.4,0.402,0.004,0.347,0.03,0.022,0.127,0.563,0.28,0.093,0.444,0.461
15/06/2015 17:00,0.7,6.1,2.2,10.6,22.4,21.7,0.441,0.002,0.349,0.005,0.021,0.135,0.516,0.308,0.12,0.335,0.486
15/06/2015 18:00,0.4,6.4,2.3,12,19.7,20.8,0.42,0.003,0.346,0,0.032,0.141,0.519,0.293,0.156,0.214,0.503
15/06/2015 19:00,0.2,6.6,2.6,12.3,18.9,19.3,0.386,0.007,0.345,0.069,0.056,0.144,0.654,0.236,0.194,0.141,0.505
15/06/2015 20:00,0.1,6.7,2.9,13.7,18,18,0.4,0.033,0.346,0.262,0.084,0.145,0.705,0.167,0.219,0.094,0.496
15/06/2015 21:00,0.1,6.7,3.9,15,18.3,16.5,0.456,0.076,0.334,0.388,0.103,0.139,0.72,0.102,0.181,0.058,0.493
15/06/2015 22:00,0.1,6.6,4.5,17,18.5,15.5,0.522,0.099,0.312,0.42,0.113,0.139,0.731,0.05,0.112,0.035,0.497
15/06/2015 23:00,0.2,6.3,4.6,17.3,17.9,15,0.557,0.118,0.295,0.38,0.118,0.133,0.724,0.022,0.061,0.035,0.494
16/06/2015 00:00,0,5,3.8,17.2,16.8,14.3,0.476,0.17,0.294,0.295,0.127,0.134,0.693,0.019,0.032,0.045,0.473
16/06/2015 01:00,0.2,3.9,4.6,18.2,16.2,16,0.428,0.231,0.283,0.23,0.133,0.152,0.653,0.032,0.011,0.053,0.447
16/06/2015 02:00,1,4.6,4.7,12.5,23.7,19.7,0.348,0.296,0.258,0.205,0.139,0.144,0.697,0.068,0.004,0.067,0.427
16/06/2015 03:00,2.5,5.4,5.3,5.6,37.4,17,0.296,0.398,0.231,0.187,0.147,0.134,0.692,0.074,0.003,0.053,0.407
16/06/2015 04:00,5.3,6,6.1,1.8,43.1,12.6,0.284,0.395,0.215,0.164,0.159,0.113,0.584,0.104,0.002,0.046,0.384
16/06/2015 05:00,7.8,6.2,6.8,0.6,45.3,9,0.286,0.274,0.22,0.142,0.175,0.097,0.711,0.156,0.001,0.334,0.354
16/06/2015 06:00,10.7,5.9,7.6,0.2,45.8,6.3,0.323,0.208,0.233,0.12,0.142,0.082,0.518,0.174,0.001,0.466,0.318
16/06/2015 07:00,13.8,5.7,8.1,0.1,45.3,4.8,0.384,0.176,0.245,0.082,0.131,0.076,0.255,0.138,0,0.454,0.296
16/06/2015 08:00,16.4,5.5,7.9,0.1,45.1,4.7,0.433,0.159,0.251,0.055,0.114,0.057,0.127,0.096,0,0.444,0.294
16/06/2015 09:00,17.6,5.6,7.2,0.1,46.2,6.3,0.384,0.162,0.268,0.041,0.061,0.048,0.071,0.071,0.001,0.453,0.302
16/06/2015 10:00,16.6,5.8,6.3,0.1,46.3,8.6,0.323,0.163,0.28,0.039,0.035,0.048,0.045,0.059,0.001,0.467,0.325
16/06/2015 11:00,11.5,6.2,4.4,0.2,43.1,11,0.305,0.061,0.277,0.041,0.025,0.058,0.035,0.057,0.002,0.469,0.362
16/06/2015 12:00,4.8,6.1,4.1,0.3,37.4,13.5,0.351,0.106,0.278,0.045,0.016,0.094,0.037,0.058,0.002,0.454,0.406
16/06/2015 13:00,4.3,7.1,5.8,0.8,32,15.5,0.443,0.166,0.297,0.065,0.005,0.146,0.065,0.055,0.003,0.431,0.45
16/06/2015 14:00,4.4,8.5,5.9,2.1,29.1,18.5,0.432,0.191,0.332,0.088,0.001,0.133,0.18,0.052,0.003,0.408,0.491
16/06/2015 15:00,3.3,9.6,5.3,3.1,27,20.4,0.42,0.177,0.375,0.074,0,0.103,0.356,0.06,0.003,0.394,0.509
16/06/2015 16:00,1.7,9.8,4.9,4.1,24,20.2,0.407,0.148,0.416,0.042,0,0.08,0.468,0.083,0.005,0.395,0.507
16/06/2015 17:00,1.5,9.1,4.6,5.8,22.9,19,0.374,0.144,0.459,0.028,0,0.075,0.503,0.113,0.008,0.348,0.496
16/06/2015 18:00,1.6,8.2,4.8,7.8,24.3,17.5,0.36,0.148,0.495,0.045,0,0.08,0.522,0.146,0.011,0.285,0.474
16/06/2015 19:00,1.4,7.3,5.4,9.5,26.9,16.2,0.352,0.144,0.506,0.127,0.001,0.093,0.514,0.181,0.015,0.223,0.442
16/06/2015 20:00,1.3,6.6,5.4,10.5,27.9,14.6,0.358,0.135,0.496,0.191,0.003,0.108,0.507,0.203,0.019,0.172,0.406
16/06/2015 21:00,1.2,6.2,5,10.7,27.7,13.2,0.396,0.141,0.488,0.205,0.009,0.13,0.528,0.203,0.022,0.136,0.39
16/06/2015 22:00,1.1,6.1,5,10.5,26.2,12.5,0.42,0.157,0.498,0.223,0.017,0.148,0.558,0.177,0.025,0.113,0.381
16/06/2015 23:00,0.9,5.8,4.9,9.8,24.8,11.8,0.405,0.194,0.513,0.261,0.029,0.137,0.571,0.13,0.02,0.1,0.362
17/06/2015 00:00,1.1,5.6,3.9,9,24.7,10.9,0.315,0.284,0.516,0.294,0.038,0.117,0.581,0.08,0.023,0.09,0.328
17/06/2015 01:00,2.8,5.6,6.5,7.8,24.4,12.4,0.374,0.367,0.501,0.303,0.045,0.118,0.56,0.042,0.025,0.081,0.291
17/06/2015 02:00,5.3,6.2,8.1,5.3,30.3,13,0.383,0.379,0.496,0.294,0.056,0.138,0.546,0.036,0.022,0.059,0.261
17/06/2015 03:00,8,7.2,8.3,2,37.4,9.1,0.334,0.4,0.512,0.249,0.083,0.148,0.538,0.036,0.019,0.037,0.248
17/06/2015 04:00,11.9,7.6,8,0.4,39.8,6.4,0.314,0.42,0.535,0.195,0.126,0.128,0.488,0.061,0.015,0.031,0.245
17/06/2015 05:00,17.6,7.6,7.8,0,39.3,5.9,0.323,0.401,0.551,0.181,0.177,0.09,0.501,0.104,0.01,0.249,0.245
17/06/2015 06:00,23.1,7.4,8,0,37.7,6.8,0.352,0.346,0.571,0.2,0.161,0.063,0.261,0.144,0.006,0.291,0.234
17/06/2015 07:00,26.8,7,8.2,0,36.6,8.3,0.38,0.301,0.589,0.218,0.193,0.058,0.117,0.174,0.004,0.226,0.214
17/06/2015 08:00,28.7,6.8,8.3,0,35.8,10.2,0.383,0.27,0.598,0.221,0.138,0.057,0.066,0.193,0.004,0.18,0.192
17/06/2015 09:00,27.8,6.6,7.7,0,37.3,11.8,0.305,0.24,0.61,0.168,0.062,0.062,0.041,0.179,0.007,0.155,0.179
17/06/2015 10:00,25,6.4,6.3,0,38.9,12.5,0.226,0.227,0.606,0.096,0.017,0.07,0.026,0.155,0.009,0.152,0.174
17/06/2015 11:00,17.6,6.3,4.6,0,38.5,11.9,0.176,0.106,0.597,0.055,0.003,0.063,0.019,0.139,0.013,0.172,0.171
17/06/2015 12:00,7.7,6.4,3.2,0,35.3,11,0.174,0.129,0.596,0.029,0.002,0.104,0.016,0.148,0.018,0.225,0.179
17/06/2015 13:00,6.7,7.7,2.9,0.4,32.2,10.1,0.191,0.095,0.599,0.007,0.006,0.195,0.024,0.217,0.024,0.31,0.192
17/06/2015 14:00,7.4,8.8,2.7,1.3,29.1,10.1,0.202,0.063,0.594,0,0.015,0.231,0.065,0.364,0.03,0.411,0.203
17/06/2015 15:00,6.7,8.9,2.8,2.4,25.9,11.3,0.24,0.061,0.585,0,0.022,0.249,0.169,0.443,0.035,0.492,0.205
17/06/2015 16:00,4.8,9,2.9,3.7,23.4,12.3,0.292,0.068,0.574,0,0.026,0.27,0.323,0.414,0.039,0.544,0.201
17/06/2015 17:00,3.4,8.9,2.8,5.8,22,13,0.311,0.084,0.566,0,0.03,0.274,0.435,0.341,0.043,0.457,0.198
17/06/2015 18:00,3,8.1,2.9,8.7,22,13,0.306,0.102,0.56,0.01,0.045,0.264,0.468,0.254,0.05,0.367,0.194
17/06/2015 19:00,3,6.3,3.1,12.7,22.1,12.6,0.285,0.116,0.544,0.129,0.065,0.249,0.459,0.174,0.066,0.309,0.194
17/06/2015 20:00,2.9,5,3.6,16.8,22.1,12.8,0.251,0.123,0.519,0.291,0.089,0.238,0.432,0.117,0.085,0.266,0.194
17/06/2015 21:00,3.2,4.8,3.7,18.6,22.4,11.7,0.227,0.144,0.492,0.38,0.111,0.229,0.407,0.09,0.105,0.235,0.197
17/06/2015 22:00,2.9,5.1,2.8,16.3,22.5,10.5,0.21,0.209,0.468,0.407,0.133,0.212,0.391,0.076,0.114,0.207,0.2
17/06/2015 23:00,2.4,5.4,2.2,12.3,21.5,9.6,0.193,0.309,0.453,0.409,0.158,0.158,0.382,0.058,0.095,0.194,0.201
18/06/2015 00:00,2.6,5.3,1.8,8,21,8.6,0.134,0.505,0.438,0.423,0.184,0.137,0.403,0.039,0.066,0.17,0.201
18/06/2015 01:00,6.7,5.4,2,5.8,19.2,8.7,0.091,0.562,0.426,0.417,0.199,0.12,0.427,0.036,0.049,0.155,0.201
18/06/2015 02:00,12.6,6.6,2,2.7,24.8,10,0.067,0.498,0.432,0.363,0.195,0.115,0.447,0.008,0.041,0.138,0.209
18/06/2015 03:00,18.2,7.1,2.3,0.6,36,9,0.043,0.406,0.414,0.241,0.186,0.111,0.466,0,0.042,0.116,0.226
18/06/2015 04:00,25.8,7,2.7,0.1,43.2,8.1,0.032,0.315,0.39,0.108,0.179,0.101,0.336,0,0.045,0.083,0.259
18/06/2015 05:00,32.4,7.2,3,0,47,7.8,0.024,0.264,0.385,0.028,0.172,0.084,0.23,0,0.041,0.267,0.307
18/06/2015 06:00,36.4,7.3,2.9,0,49,8.1,0.02,0.219,0.386,0.019,0.132,0.064,0.092,0,0.035,0.28,0.359
18/06/2015 07:00,38.1,7.2,2.8,0,50.5,9.1,0.015,0.181,0.379,0.081,0.117,0.055,0.031,0,0.029,0.215,0.407
18/06/2015 08:00,35.2,6.8,2.6,0,52,10.8,0.013,0.151,0.362,0.176,0.098,0.044,0.013,0,0.025,0.184,0.447
18/06/2015 09:00,31.8,6.6,2.1,0,52.7,12.5,0.011,0.119,0.364,0.099,0.036,0.046,0.004,0,0.02,0.182,0.466
18/06/2015 10:00,25.4,7.1,1.6,0.1,51.8,13.7,0.013,0.09,0.371,0.003,0.01,0.045,0.001,0,0.019,0.194,0.464
18/06/2015 11:00,16.2,7.8,1.1,0.2,48,14.3,0.017,0.036,0.374,0,0.006,0.035,0,0,0.024,0.209,0.447
18/06/2015 12:00,5.7,8,0.9,0.6,43.6,14,0.019,0.069,0.376,0,0.007,0.045,0,0.002,0.035,0.239,0.422
18/06/2015 13:00,4.3,9.1,0.9,1.4,41.1,13,0.017,0.06,0.388,0,0.012,0.149,0,0.014,0.058,0.284,0.395
18/06/2015 14:00,4.3,10.4,1,3.1,37.5,14.5,0.011,0.046,0.395,0.015,0.019,0.212,0,0.085,0.09,0.347,0.372
18/06/2015 15:00,3.2,10.8,1.3,5.9,34.3,16.3,0.008,0.029,0.411,0.033,0.025,0.251,0,0.215,0.123,0.467,0.352
18/06/2015 16:00,2.1,9.8,1.4,10,32,17.5,0.008,0.017,0.432,0.03,0.03,0.263,0.002,0.348,0.155,0.557,0.334
18/06/2015 17:00,1.2,8.8,1.4,15.3,29.2,18.4,0.006,0.01,0.447,0.023,0.038,0.261,0.012,0.441,0.183,0.498,0.317
18/06/2015 18:00,0.6,7.3,1.8,20.7,28.2,20,0.005,0.008,0.462,0.015,0.053,0.256,0.035,0.467,0.209,0.401,0.296
18/06/2015 19:00,0.2,5.9,1.6,23.4,28.7,20.5,0.004,0.01,0.467,0.012,0.062,0.252,0.061,0.45,0.227,0.346,0.269
18/06/2015 20:00,0.2,5.4,1.5,23.3,29.1,20.6,0.003,0.014,0.468,0.032,0.061,0.251,0.069,0.38,0.245,0.307,0.238
18/06/2015 21:00,0.1,5.3,1.4,21,29.1,19.5,0.001,0.024,0.45,0.096,0.049,0.227,0.058,0.245,0.253,0.269,0.22
18/06/2015 22:00,0,5.8,1.3,17.3,29.5,18.2,0.001,0.035,0.419,0.185,0.031,0.186,0.045,0.145,0.253,0.22,0.215
18/06/2015 23:00,0,5.9,1.1,13.4,29.7,17.9,0.001,0.047,0.393,0.243,0.02,0.112,0.047,0.118,0.245,0.165,0.225
19/06/2015 00:00,0,5.6,0.6,10.1,30.2,17.4,0,0.075,0.371,0.25,0.017,0.092,0.066,0.112,0.237,0.118,0.244
19/06/2015 01:00,0.3,5.9,0.7,9.4,28.9,17,0,0.113,0.355,0.219,0.024,0.085,0.107,0.087,0.219,0.082,0.265
19/06/2015 02:00,0.7,7.2,0.6,6.3,33.8,20.8,0.001,0.138,0.347,0.175,0.034,0.068,0.15,0.148,0.197,0.053,0.289
19/06/2015 03:00,1.6,8.5,0.9,2.3,43.1,21.7,0.002,0.123,0.364,0.142,0.055,0.065,0.164,0.129,0.176,0.031,0.308
19/06/2015 04:00,3.8,9.8,2.1,0.3,49.3,20.8,0.002,0.101,0.391,0.129,0.084,0.072,0.116,0.085,0.16,0.023,0.318
19/06/2015 05:00,7.1,11.8,3.4,0.1,52.4,19.9,0.002,0.089,0.413,0.112,0.111,0.079,0.02,0.049,0.149,0.12,0.325
19/06/2015 06:00,11.3,13.3,3.9,0,54.3,20.1,0.001,0.099,0.425,0.088,0.09,0.084,0,0.03,0.138,0.115,0.332
19/06/2015 07:00,15.3,14.1,3.5,0,55.4,20.9,0,0.133,0.434,0.073,0.054,0.074,0,0.022,0.133,0.074,0.339
19/06/2015 08:00,16.3,13.9,2.7,0,55.7,21.9,0,0.151,0.449,0.066,0.033,0.073,0,0.02,0.131,0.053,0.347
19/06/2015 09:00,14.4,13.6,1.8,0.1,55.4,22.9,0,0.153,0.444,0.047,0.006,0.051,0.001,0.013,0.128,0.041,0.352
19/06/2015 10:00,11.6,13.3,1.4,0.4,53.9,23.9,0,0.123,0.419,0.024,0.001,0.044,0.002,0.009,0.12,0.037,0.358
19/06/2015 11:00,6.8,12.5,1.3,0.6,51.3,25,0.001,0.054,0.402,0.01,0.001,0.039,0.003,0.009,0.108,0.045,0.365
19/06/2015 12:00,2.7,11.9,1.7,0.8,48,25.2,0.011,0.041,0.385,0.003,0.003,0.036,0.003,0.016,0.098,0.063,0.383
19/06/2015 13:00,2.5,13.5,2.3,0.8,45.5,24.7,0.034,0.104,0.361,0.001,0.006,0.089,0.007,0.044,0.1,0.108,0.407
19/06/2015 14:00,2.6,13.7,2.7,1,43.8,26,0.059,0.153,0.345,0,0.009,0.17,0.025,0.148,0.111,0.192,0.432
19/06/2015 15:00,2.6,13.4,2.8,3.4,41.6,26.4,0.087,0.202,0.376,0,0.012,0.212,0.045,0.312,0.118,0.358,0.441
19/06/2015 16:00,2.8,12.5,2.6,9.3,40.6,25.5,0.123,0.233,0.434,0,0.015,0.215,0.068,0.41,0.117,0.51,0.434
19/06/2015 17:00,2.5,11.6,2.5,17.9,41.1,24.7,0.192,0.259,0.488,0,0.021,0.208,0.095,0.432,0.114,0.494,0.42
19/06/2015 18:00,2,10.7,2.6,25.5,42.7,23.5,0.191,0.28,0.529,0.011,0.032,0.209,0.118,0.409,0.097,0.388,0.39
19/06/2015 19:00,1.2,10.1,3.3,30.1,43.1,22.1,0.184,0.311,0.558,0.232,0.04,0.209,0.134,0.367,0.076,0.302,0.346
19/06/2015 20:00,0.6,10,3.5,30.8,42.6,20.5,0.191,0.343,0.58,0.51,0.043,0.205,0.141,0.332,0.057,0.264,0.304
19/06/2015 21:00,0.2,10.4,3.8,27.9,43,19,0.145,0.391,0.599,0.63,0.047,0.192,0.148,0.293,0.052,0.225,0.284
19/06/2015 22:00,0.1,10.6,4.1,23.5,43.6,17.5,0.142,0.45,0.597,0.644,0.059,0.157,0.166,0.249,0.049,0.188,0.284
19/06/2015 23:00,0,10.3,4.1,18.6,44.5,16.7,0.176,0.457,0.578,0.615,0.089,0.101,0.194,0.203,0.042,0.203,0.288
20/06/2015 00:00,0.1,10.4,3.1,13.8,44.6,16,0.185,0.444,0.556,0.539,0.13,0.112,0.238,0.16,0.035,0.156,0.285
20/06/2015 01:00,0.5,13.6,3.4,10.2,43.1,16.2,0.136,0.379,0.539,0.439,0.167,0.114,0.285,0.133,0.025,0.101,0.279
20/06/2015 02:00,1.5,19.2,3.6,5.2,49.1,19.9,0.087,0.346,0.532,0.334,0.2,0.104,0.307,0.125,0.013,0.084,0.274
20/06/2015 03:00,2.9,23.1,3.3,1,55.2,21.8,0.053,0.348,0.525,0.239,0.236,0.094,0.306,0.067,0.006,0.062,0.267
20/06/2015 04:00,4.7,25.6,3,0.1,57,23.5,0.034,0.358,0.525,0.183,0.267,0.09,0.179,0.022,0.004,0.047,0.264
20/06/2015 05:00,7.9,28.5,3.3,0,57.7,25.1,0.026,0.352,0.529,0.154,0.296,0.069,0.053,0.005,0.002,0.069,0.273
20/06/2015 06:00,12.4,31.7,3.9,0,58.2,26.3,0.025,0.337,0.543,0.142,0.277,0.055,0.009,0.002,0.001,0.057,0.289
20/06/2015 07:00,17.8,34.7,4.5,0,58.5,27.4,0.027,0.329,0.556,0.185,0.283,0.048,0.005,0.005,0.001,0.041,0.308
20/06/2015 08:00,22.1,36.3,4.8,0,58.5,28.6,0.037,0.314,0.56,0.254,0.32,0.059,0.008,0.008,0.002,0.029,0.332
20/06/2015 09:00,22.7,35.1,4.8,0,58.3,29.4,0.05,0.297,0.538,0.328,0.258,0.057,0.016,0.008,0.004,0.02,0.351
20/06/2015 10:00,19.8,31.7,4.3,0.1,57.2,29.9,0.057,0.296,0.485,0.377,0.164,0.048,0.026,0.008,0.01,0.013,0.37
20/06/2015 11:00,11.1,28.2,3.2,0.9,54.4,30.2,0.049,0.214,0.434,0.358,0.089,0.044,0.035,0.009,0.019,0.009,0.388
20/06/2015 12:00,3.5,26.4,2.9,1.9,49.3,29.1,0.038,0.488,0.41,0.297,0.045,0.046,0.041,0.015,0.029,0.008,0.407
20/06/2015 13:00,2.3,26.3,3.3,3.6,45.9,27.5,0.03,0.579,0.41,0.218,0.023,0.141,0.054,0.035,0.039,0.014,0.425
20/06/2015 14:00,2.1,27.9,4.8,8.1,43.3,27.2,0.022,0.626,0.409,0.139,0.015,0.247,0.086,0.111,0.045,0.03,0.433
20/06/2015 15:00,1.1,28.4,6.3,10,42.1,26.9,0.013,0.674,0.408,0.088,0.01,0.3,0.118,0.237,0.039,0.101,0.428
20/06/2015 16:00,1.1,26.2,6.8,8.7,43.1,26.5,0.006,0.71,0.4,0.072,0.011,0.327,0.127,0.34,0.026,0.261,0.412
20/06/2015 17:00,0.8,23.8,7.8,7.9,44.5,26.8,0.002,0.737,0.382,0.087,0.015,0.34,0.105,0.407,0.017,0.42,0.395
20/06/2015 18:00,0.7,20.7,8.8,7.6,46.2,26.6,0.005,0.72,0.367,0.207,0.031,0.332,0.07,0.431,0.014,0.451,0.379
20/06/2015 19:00,0.6,17.8,8.3,7.3,47.5,26,0.049,0.727,0.35,0.539,0.054,0.291,0.039,0.394,0.017,0.383,0.371
20/06/2015 20:00,0.4,15.2,7,6.9,48.3,25.6,0.11,0.725,0.339,0.661,0.081,0.235,0.022,0.313,0.022,0.286,0.376
20/06/2015 21:00,0.5,13.9,5.6,5.5,48.1,24.4,0.099,0.688,0.326,0.575,0.101,0.201,0.015,0.19,0.026,0.213,0.402
20/06/2015 22:00,0.7,13.8,4.6,3.9,47.8,23,0.103,0.558,0.304,0.464,0.117,0.123,0.014,0.118,0.027,0.161,0.45
20/06/2015 23:00,0.7,14.8,3.4,2.6,47.8,22,0.113,0.432,0.297,0.391,0.134,0.091,0.017,0.118,0.03,0.124,0.505
21/06/2015 00:00,0.6,16,1.9,1.5,47.8,21,0.063,0.423,0.313,0.332,0.154,0.108,0.02,0.139,0.04,0.102,0.548
21/06/2015 01:00,1.4,21.9,2.2,0.7,46.9,20.8,0.034,0.315,0.341,0.272,0.161,0.14,0.021,0.127,0.048,0.074,0.578
21/06/2015 02:00,2.2,27.7,3.8,0,49.9,24.6,0.055,0.251,0.364,0.223,0.168,0.112,0.019,0.115,0.049,0.058,0.6
21/06/2015 03:00,4.1,32.6,4.3,0.1,54.6,27.4,0.062,0.291,0.341,0.194,0.185,0.092,0.02,0.117,0.045,0.059,0.615
21/06/2015 04:00,7.4,35.3,5.3,0.3,56.7,28.9,0.066,0.38,0.294,0.176,0.204,0.075,0.014,0.125,0.044,0.071,0.627
21/06/2015 05:00,9.8,36.3,6.4,0.3,57.2,29.9,0.065,0.435,0.272,0.148,0.228,0.062,0,0.112,0.041,0.147,0.642
21/06/2015 06:00,10.5,36.1,7.8,0.3,57,30.9,0.063,0.44,0.252,0.118,0.225,0.065,0.003,0.094,0.039,0.115,0.657
21/06/2015 07:00,10,35.9,8.1,0.2,56.1,32.2,0.068,0.432,0.223,0.121,0.245,0.081,0.025,0.074,0.034,0.057,0.675
21/06/2015 08:00,10.3,35.7,7.3,0.2,55.2,33.9,0.08,0.391,0.194,0.115,0.362,0.086,0.045,0.061,0.027,0.025,0.687
21/06/2015 09:00,10.6,35.3,5.8,0.2,55,35.5,0.112,0.357,0.213,0.114,0.332,0.095,0.055,0.044,0.025,0.014,0.692
21/06/2015 10:00,9.9,35.1,4.1,0.3,54.3,36.9,0.179,0.32,0.272,0.137,0.243,0.094,0.059,0.034,0.027,0.009,0.69
21/06/2015 11:00,7.4,35.1,3.1,0.4,51.3,37.8,0.266,0.169,0.339,0.155,0.159,0.091,0.064,0.032,0.028,0.006,0.687
21/06/2015 12:00,3.6,34.9,3.8,0.9,46.9,37.1,0.289,0.249,0.391,0.133,0.102,0.075,0.078,0.042,0.027,0.005,0.687
21/06/2015 13:00,3.6,35.2,4.6,1.9,45,36.3,0.343,0.448,0.432,0.096,0.064,0.144,0.145,0.071,0.028,0.005,0.694
21/06/2015 14:00,4.8,34.1,5.4,3.4,44.1,35.8,0.35,0.444,0.464,0.071,0.039,0.218,0.329,0.148,0.037,0.013,0.705
21/06/2015 15:00,6,32.8,6.5,4.9,44.5,35.7,0.289,0.38,0.466,0.063,0.019,0.223,0.446,0.251,0.049,0.079,0.703
21/06/2015 16:00,6.7,32.7,6.4,6.3,45.7,35.5,0.206,0.289,0.446,0.068,0.011,0.188,0.468,0.337,0.053,0.302,0.687
21/06/2015 17:00,7.1,34.1,5.4,7.1,46.9,35.6,0.156,0.246,0.444,0.095,0.008,0.171,0.46,0.404,0.042,0.515,0.669
21/06/2015 18:00,7.1,35.8,6.5,6.8,47.4,35.8,0.165,0.277,0.45,0.205,0.004,0.172,0.429,0.472,0.026,0.578,0.656
21/06/2015 19:00,7.8,36,6,6.2,47.3,34.7,0.197,0.302,0.455,0.482,0.003,0.182,0.396,0.581,0.013,0.525,0.651
21/06/2015 20:00,8.6,35.4,7.3,5.7,46.4,33.5,0.201,0.272,0.479,0.625,0.006,0.177,0.39,0.741,0.005,0.431,0.651
21/06/2015 21:00,7.5,33.8,6.4,6.2,45.3,32.4,0.248,0.217,0.506,0.617,0.014,0.167,0.407,0.726,0.003,0.363,0.666
21/06/2015 22:00,6.6,32.4,6.6,6.9,43.3,31.1,0.341,0.176,0.513,0.524,0.036,0.119,0.45,0.668,0.001,0.314,0.678
21/06/2015 23:00,4.9,34.5,6,7.1,42.3,29.7,0.328,0.096,0.51,0.467,0.072,0.074,0.505,0.63,0,0.243,0.685
22/06/2015 00:00,3.8,37.1,5,6.4,41.2,28.7,0.227,0.025,0.506,0.466,0.12,0.06,0.556,0.619,0,0.256,0.684
22/06/2015 01:00,4.4,41.1,7.8,4.8,39.5,29.3,0.311,0.002,0.484,0.471,0.179,0.047,0.581,0.642,0,0.28,0.683
22/06/2015 02:00,4.4,45.3,10.5,1.9,43.2,33.4,0.415,0.001,0.431,0.459,0.251,0.032,0.588,0.567,0,0.277,0.686
22/06/2015 03:00,5,47,11,0.4,49.7,35.8,0.388,0.034,0.337,0.406,0.277,0.04,0.583,0.419,0,0.251,0.694
22/06/2015 04:00,6.1,47.2,11.2,0.3,52.4,36.6,0.332,0.088,0.243,0.338,0.296,0.046,0.396,0.318,0,0.218,0.699
22/06/2015 05:00,7.6,46.7,10.3,0.2,53.8,37.6,0.283,0.17,0.188,0.275,0.322,0.049,0.37,0.264,0,0.325,0.701
22/06/2015 06:00,9.1,45.6,10.5,0.1,54.8,38.3,0.245,0.22,0.167,0.217,0.334,0.048,0.273,0.24,0,0.3,0.692
22/06/2015 07:00,10.3,44.5,11.6,0.1,55.5,38.1,0.207,0.258,0.157,0.238,0.311,0.036,0.164,0.219,0,0.223,0.679
22/06/2015 08:00,10.6,43.8,12,0.1,56.1,36.8,0.171,0.332,0.148,0.262,0.382,0.038,0.107,0.201,0,0.16,0.669
22/06/2015 09:00,10.3,44,11.5,0.1,56.7,35.6,0.152,0.282,0.174,0.252,0.353,0.036,0.083,0.148,0,0.122,0.653
22/06/2015 10:00,9.1,44.1,8.5,0.1,56.8,36.1,0.155,0.181,0.219,0.289,0.268,0.036,0.067,0.093,0,0.101,0.622
22/06/2015 11:00,6.1,43.4,5.5,0.3,54.2,39.3,0.191,0.082,0.245,0.31,0.201,0.035,0.058,0.065,0,0.1,0.575
22/06/2015 12:00,2.1,42.1,6.1,0.6,47.3,43.1,0.21,0.031,0.246,0.258,0.151,0.016,0.058,0.055,0,0.124,0.539
22/06/2015 13:00,1.8,41.1,7.4,1.3,42.5,44.6,0.266,0.027,0.233,0.207,0.101,0.023,0.084,0.06,0.001,0.208,0.525
22/06/2015 14:00,2.5,41.1,8.7,3.1,40.4,43.4,0.301,0.09,0.225,0.181,0.064,0.079,0.192,0.09,0.003,0.384,0.519
22/06/2015 15:00,3.5,41.3,9.3,7,38.8,41.2,0.332,0.192,0.231,0.184,0.037,0.163,0.373,0.163,0.008,0.571,0.525
22/06/2015 16:00,3.9,40.9,9.7,11.6,37.4,38.2,0.341,0.274,0.238,0.215,0.025,0.211,0.516,0.259,0.014,0.59,0.54
22/06/2015 17:00,6.1,40,10.3,16.2,36.6,35,0.303,0.241,0.236,0.278,0.017,0.211,0.559,0.352,0.019,0.507,0.544
22/06/2015 18:00,7.6,38.8,10.9,20,36.1,33.1,0.219,0.147,0.236,0.395,0.009,0.205,0.556,0.444,0.021,0.42,0.539
22/06/2015 19:00,10.3,39.8,11.3,23.2,35.9,32.1,0.137,0.093,0.243,0.556,0.003,0.196,0.538,0.523,0.021,0.329,0.527
22/06/2015 20:00,10.6,40.3,11.7,23.9,35.6,31.4,0.081,0.186,0.251,0.614,0.001,0.19,0.501,0.571,0.018,0.264,0.513
22/06/2015 21:00,7.5,36.4,11.1,20.1,36,30.7,0.072,0.172,0.245,0.638,0.001,0.182,0.481,0.55,0.018,0.261,0.516
22/06/2015 22:00,4.4,34.1,9.7,14.3,36.3,29.9,0.099,0.156,0.243,0.574,0.005,0.16,0.451,0.449,0.018,0.256,0.527
22/06/2015 23:00,4,33,7.8,9.3,35.9,30.3,0.104,0.097,0.259,0.491,0.014,0.114,0.445,0.332,0.019,0.256,0.537
23/06/2015 00:00,3,30.9,6.3,6.6,35.1,31.6,0.066,0.043,0.257,0.451,0.039,0.118,0.45,0.189,0.021,0.276,0.539
23/06/2015 01:00,3.4,29.1,9.9,5.6,33.1,33.6,0.063,0.031,0.24,0.421,0.094,0.131,0.459,0.092,0.025,0.274,0.547
23/06/2015 02:00,4.4,31.8,10.7,2.3,38.6,37.6,0.056,0.035,0.221,0.39,0.159,0.104,0.476,0.044,0.03,0.262,0.569
23/06/2015 03:00,6.8,34.2,11.5,1.1,46.8,39.4,0.042,0.043,0.185,0.347,0.185,0.093,0.495,0.024,0.031,0.259,0.578
23/06/2015 04:00,8.9,35.3,12.4,0.5,49.5,40.3,0.021,0.037,0.162,0.272,0.186,0.087,0.367,0.015,0.03,0.248,0.563
23/06/2015 05:00,10.9,35.8,13.2,0.4,50.4,41.1,0.011,0.022,0.165,0.2,0.167,0.088,0.228,0.012,0.026,0.391,0.532
23/06/2015 06:00,13.1,35.5,14,0.3,51.1,42,0.007,0.013,0.17,0.126,0.126,0.06,0.038,0.011,0.022,0.338,0.484
23/06/2015 07:00,13.6,34.5,13.7,0.3,51.5,43,0.006,0.017,0.169,0.144,0.052,0.044,0.001,0.009,0.02,0.242,0.442
23/06/2015 08:00,12.7,32.4,11.8,0.2,51.3,43.4,0.006,0.019,0.164,0.155,0.046,0.031,0,0.006,0.021,0.181,0.419
23/06/2015 09:00,9.8,30.1,8.6,0.3,50.8,43,0.007,0.007,0.182,0.136,0.065,0.036,0,0.005,0.028,0.14,0.416
23/06/2015 10:00,6.8,27.4,5.6,0.8,49.4,44.8,0.011,0.001,0.209,0.117,0.078,0.064,0,0.003,0.035,0.117,0.417
23/06/2015 11:00,3.6,23.5,3.8,1.4,46,47,0.025,0.001,0.214,0.085,0.091,0.066,0,0.001,0.038,0.113,0.404
23/06/2015 12:00,1.1,21.5,4.5,2.4,39.8,47,0.038,0.009,0.206,0.058,0.094,0.084,0.002,0.001,0.039,0.133,0.381
23/06/2015 13:00,0.8,21.5,5,4.5,36.1,47.2,0.047,0.015,0.192,0.045,0.091,0.193,0.008,0.001,0.038,0.186,0.357
23/06/2015 14:00,0.5,20.1,5.2,8.2,35.1,47.5,0.054,0.007,0.184,0.039,0.083,0.286,0.034,0.001,0.039,0.302,0.337
23/06/2015 15:00,0.2,20,6.3,12.1,34.6,47.2,0.063,0.001,0.196,0.041,0.079,0.41,0.074,0.003,0.038,0.51,0.329
23/06/2015 16:00,0.2,19.9,7.1,15.8,34.4,46.4,0.074,0,0.221,0.055,0.078,0.525,0.101,0.004,0.032,0.661,0.328
23/06/2015 17:00,0.2,19.9,7.5,19.5,33.8,45.5,0.087,0.003,0.243,0.099,0.088,0.578,0.097,0.005,0.025,0.593,0.328
23/06/2015 18:00,0.5,19.7,7.3,21.5,33.3,44.8,0.104,0.011,0.249,0.22,0.125,0.583,0.069,0.006,0.016,0.488,0.32
23/06/2015 19:00,0.7,18.5,7.7,22.1,32.7,45.5,0.116,0.026,0.257,0.447,0.195,0.572,0.043,0.006,0.009,0.398,0.309
23/06/2015 20:00,0.7,19.5,8.3,20.7,32.3,47.5,0.118,0.042,0.294,0.619,0.26,0.565,0.029,0.005,0.005,0.367,0.296
23/06/2015 21:00,0.7,20.5,9.8,15.3,31.2,49.2,0.13,0.055,0.343,0.65,0.302,0.544,0.024,0.007,0.001,0.274,0.3
23/06/2015 22:00,0.2,22.4,9.7,8.8,30.5,50,0.146,0.052,0.368,0.599,0.304,0.501,0.026,0.013,0,0.236,0.306
23/06/2015 23:00,0.6,20.8,10,4.2,30.6,50.1,0.149,0.036,0.358,0.545,0.285,0.386,0.033,0.018,0,0.233,0.305
24/06/2015 00:00,0.8,18.9,9.1,2.1,31.2,49.8,0.091,0.027,0.315,0.482,0.264,0.323,0.043,0.02,0,0.22,0.294
24/06/2015 01:00,1.1,17,10.8,1.5,30.4,48.9,0.054,0.018,0.294,0.454,0.251,0.248,0.05,0.02,0,0.192,0.285
24/06/2015 02:00,1.3,23.2,13,1.9,35.9,50.7,0.072,0.012,0.311,0.429,0.256,0.192,0.061,0.029,0,0.167,0.296
24/06/2015 03:00,1.4,28.6,13.2,2.8,42.5,53,0.069,0.008,0.337,0.357,0.263,0.17,0.088,0.013,0,0.143,0.325
24/06/2015 04:00,2.2,28.6,13.1,2.9,45.1,55,0.064,0.006,0.348,0.271,0.264,0.135,0.07,0.002,0,0.102,0.364
24/06/2015 05:00,3.3,27,12.6,3.1,46.5,55.7,0.069,0.01,0.329,0.214,0.265,0.111,0.011,0.001,0,0.255,0.413
24/06/2015 06:00,4.4,25,11.3,3.3,47.5,55.9,0.07,0.021,0.305,0.182,0.229,0.08,0,0.002,0,0.21,0.461
24/06/2015 07:00,5,23.4,9.5,3.3,48.7,56.2,0.066,0.028,0.299,0.199,0.225,0.046,0,0.002,0,0.144,0.506
24/06/2015 08:00,4.4,22.3,8.3,3,49.4,56.5,0.058,0.033,0.349,0.18,0.366,0.036,0,0.001,0,0.117,0.544
24/06/2015 09:00,2.8,21.5,5.8,2.8,49.8,56.5,0.059,0.054,0.466,0.157,0.337,0.036,0,0.001,0,0.11,0.564
24/06/2015 10:00,1.5,19.4,3.4,3.1,50,56.2,0.076,0.076,0.554,0.167,0.255,0.044,0.001,0.001,0.002,0.114,0.578
24/06/2015 11:00,0.4,15.6,2.4,4.2,48.3,55.4,0.125,0.025,0.594,0.184,0.203,0.042,0.002,0.001,0.002,0.132,0.59
24/06/2015 12:00,0.1,15.2,3.5,5.6,41.5,53.1,0.148,0.08,0.613,0.178,0.168,0.036,0.004,0.004,0.002,0.175,0.594
24/06/2015 13:00,0.1,19.2,4.8,7.6,37.3,50.2,0.185,0.127,0.595,0.167,0.147,0.098,0.016,0.015,0.002,0.266,0.59
24/06/2015 14:00,0,20.7,5.3,10.3,34.1,48.7,0.243,0.134,0.559,0.161,0.14,0.132,0.062,0.049,0.003,0.427,0.589
24/06/2015 15:00,0,20.2,5.9,12.3,33.5,48.4,0.291,0.13,0.539,0.16,0.128,0.169,0.111,0.118,0.003,0.62,0.578
24/06/2015 16:00,0,19.5,7,13.1,33.1,48.5,0.312,0.155,0.544,0.175,0.118,0.202,0.144,0.218,0.003,0.679,0.558
24/06/2015 17:00,0.2,19,7.2,13.5,32.4,49.9,0.282,0.248,0.552,0.22,0.105,0.227,0.163,0.294,0.002,0.547,0.538
24/06/2015 18:00,0.2,19,6.9,13.2,32.1,51,0.201,0.371,0.556,0.352,0.123,0.242,0.166,0.302,0.001,0.454,0.516
24/06/2015 19:00,0.3,19.8,7.3,11.6,32.7,51.7,0.136,0.451,0.544,0.622,0.159,0.246,0.147,0.253,0.001,0.386,0.491
24/06/2015 20:00,0.4,19.9,7.7,9.3,33.8,50.7,0.115,0.467,0.517,0.739,0.192,0.238,0.123,0.192,0.001,0.343,0.464
24/06/2015 21:00,0.2,18.2,7.1,7.9,34.3,51.3,0.146,0.481,0.44,0.733,0.22,0.221,0.115,0.107,0,0.311,0.447
24/06/2015 22:00,0.2,19,6.8,7.3,34.5,50.5,0.2,0.488,0.345,0.675,0.231,0.205,0.14,0.083,0,0.264,0.445
24/06/2015 23:00,0.2,21.1,6,7,35.6,49.4,0.223,0.437,0.298,0.539,0.224,0.154,0.181,0.106,0,0.219,0.445
25/06/2015 00:00,0.2,19.9,4.8,6.6,37.3,48.2,0.169,0.494,0.309,0.43,0.196,0.137,0.231,0.133,0,0.167,0.447
25/06/2015 01:00,0.6,20.9,6.4,5.9,36.6,47.2,0.202,0.51,0.352,0.381,0.168,0.133,0.284,0.132,0,0.123,0.454
25/06/2015 02:00,1.1,27.6,6.4,5.3,42,49.7,0.264,0.467,0.388,0.352,0.147,0.083,0.34,0.084,0,0.086,0.464
25/06/2015 03:00,1.2,30.4,6.8,5.3,49.1,51.5,0.272,0.323,0.362,0.328,0.164,0.076,0.372,0.035,0,0.062,0.476
25/06/2015 04:00,1.1,29.4,6,6,51.4,50.8,0.275,0.227,0.294,0.305,0.207,0.084,0.252,0.025,0,0.04,0.479
25/06/2015 05:00,1.4,27.8,4.8,6.8,51.9,50.3,0.283,0.173,0.225,0.289,0.22,0.085,0.167,0.034,0,0.151,0.479
25/06/2015 06:00,2.1,26.2,4.7,7.6,51.9,50,0.294,0.147,0.173,0.286,0.144,0.079,0.083,0.048,0,0.228,0.471
25/06/2015 07:00,3.8,24.1,5.1,8.5,51.5,49.9,0.308,0.143,0.147,0.43,0.116,0.073,0.035,0.065,0,0.188,0.464
25/06/2015 08:00,4.9,21.6,5.3,9.3,51.3,50.2,0.325,0.14,0.122,0.534,0.14,0.054,0.012,0.079,0,0.144,0.46
25/06/2015 09:00,4.7,18.9,4.8,9.6,51.9,51,0.316,0.145,0.11,0.516,0.112,0.041,0.005,0.069,0,0.121,0.45
25/06/2015 10:00,3.4,15.6,3.7,9.3,50.7,52,0.332,0.135,0.113,0.488,0.081,0.037,0.003,0.056,0.001,0.118,0.43
25/06/2015 11:00,1.8,12.1,3.1,9.3,47,52.1,0.329,0.054,0.135,0.432,0.068,0.027,0.002,0.058,0,0.123,0.395
25/06/2015 12:00,1,11.5,3.1,9.9,43.3,50,0.413,0.053,0.183,0.334,0.076,0.031,0.002,0.072,0,0.143,0.358
25/06/2015 13:00,0.9,14,3.5,11,41.6,45.7,0.532,0.059,0.243,0.22,0.092,0.124,0.005,0.102,0,0.184,0.331
25/06/2015 14:00,0.8,15.7,4,13.3,40.1,43.5,0.56,0.044,0.289,0.151,0.108,0.191,0.025,0.152,0.001,0.259,0.311
25/06/2015 15:00,0.6,16,4.8,15.5,38.8,41,0.556,0.026,0.32,0.102,0.106,0.208,0.111,0.219,0.003,0.376,0.289
25/06/2015 16:00,0.5,17,4.8,18.1,38.1,39.6,0.525,0.025,0.374,0.063,0.103,0.225,0.251,0.276,0.015,0.484,0.249
25/06/2015 17:00,0.3,18.2,4.6,22.9,39.1,38.3,0.484,0.035,0.442,0.043,0.112,0.244,0.41,0.32,0.037,0.452,0.204
25/06/2015 18:00,0.7,18.7,4.7,27.2,40.6,37.2,0.466,0.051,0.491,0.085,0.145,0.261,0.506,0.332,0.055,0.391,0.172
25/06/2015 19:00,0.5,19.7,5.1,30.7,42.4,37.1,0.464,0.083,0.516,0.332,0.181,0.264,0.535,0.422,0.06,0.324,0.164
25/06/2015 20:00,0.2,19.8,7,34.1,44.1,36.6,0.46,0.134,0.521,0.525,0.194,0.258,0.511,0.522,0.056,0.274,0.177
25/06/2015 21:00,0.2,18,7.6,38.4,44.9,37.8,0.462,0.204,0.521,0.551,0.184,0.252,0.519,0.583,0.048,0.252,0.194
25/06/2015 22:00,0.3,16.5,6.5,40.1,45.8,39,0.498,0.237,0.535,0.49,0.152,0.218,0.541,0.574,0.039,0.244,0.214
25/06/2015 23:00,0.4,17.9,5.8,39.1,47,40,0.495,0.22,0.573,0.42,0.116,0.133,0.571,0.536,0.025,0.202,0.235
26/06/2015 00:00,0.2,16.8,5.9,37.3,48.2,40.7,0.457,0.237,0.617,0.367,0.093,0.087,0.585,0.504,0.013,0.153,0.254
26/06/2015 01:00,1.2,14.7,5.6,37.7,47.9,41,0.479,0.261,0.647,0.323,0.077,0.085,0.59,0.515,0.008,0.106,0.272
26/06/2015 02:00,3,21,6.6,34.7,50.3,47.8,0.61,0.256,0.672,0.291,0.066,0.083,0.656,0.356,0.008,0.065,0.291
26/06/2015 03:00,4.1,25.8,7.1,29.7,55.5,47.5,0.678,0.245,0.695,0.248,0.076,0.087,0.642,0.251,0.009,0.034,0.311
26/06/2015 04:00,4.4,25,7.8,25,56.9,44.8,0.703,0.223,0.715,0.22,0.118,0.107,0.491,0.271,0.009,0.018,0.321
26/06/2015 05:00,5.7,23.2,8,20.5,56.7,43,0.704,0.18,0.724,0.211,0.166,0.1,0.48,0.308,0.011,0.09,0.325
26/06/2015 06:00,8.4,21.2,7.6,17.2,56.2,42.3,0.692,0.169,0.728,0.214,0.158,0.084,0.357,0.31,0.015,0.107,0.329
26/06/2015 07:00,11.9,19.4,7,15.4,55.4,42.7,0.658,0.186,0.735,0.211,0.192,0.068,0.189,0.305,0.027,0.088,0.338
26/06/2015 08:00,10.7,17.8,6.4,15.3,55.3,43.8,0.621,0.207,0.751,0.221,0.218,0.055,0.112,0.37,0.05,0.066,0.346
26/06/2015 09:00,7.1,17.3,5.8,14.5,54.7,45.7,0.511,0.231,0.764,0.188,0.17,0.039,0.079,0.444,0.079,0.046,0.352
26/06/2015 10:00,3.7,16.2,4.8,13.7,53.4,47.4,0.408,0.192,0.776,0.147,0.112,0.033,0.063,0.543,0.115,0.034,0.358
26/06/2015 11:00,1.4,14.2,4.9,14.3,52.2,48.2,0.427,0.079,0.783,0.107,0.063,0.035,0.057,0.646,0.15,0.03,0.362
26/06/2015 12:00,0.7,13.6,7.5,16,52.2,46.8,0.494,0.179,0.791,0.058,0.031,0.031,0.056,0.69,0.186,0.035,0.364
26/06/2015 13:00,1.4,13.5,10.5,19.3,50.8,42.1,0.471,0.241,0.796,0.032,0.017,0.076,0.074,0.613,0.219,0.046,0.369
26/06/2015 14:00,2.7,13.8,12.2,25.3,48.6,38.8,0.432,0.202,0.791,0.024,0.011,0.162,0.151,0.406,0.243,0.069,0.377
26/06/2015 15:00,3,14.2,14.2,30.2,46.7,36.2,0.478,0.145,0.778,0.025,0.012,0.231,0.296,0.343,0.253,0.167,0.371
26/06/2015 16:00,2.9,14.4,14.5,35.1,45,34.1,0.526,0.087,0.768,0.03,0.014,0.251,0.464,0.279,0.245,0.358,0.358
26/06/2015 17:00,3.7,14.7,13.9,41.2,42.7,33.9,0.541,0.045,0.757,0.045,0.021,0.252,0.535,0.227,0.232,0.487,0.341
26/06/2015 18:00,3.4,15.7,12.6,44.8,40.8,33.6,0.53,0.024,0.755,0.098,0.038,0.251,0.502,0.2,0.216,0.516,0.318
26/06/2015 19:00,3.7,16.8,12,46.2,38.8,33.6,0.505,0.012,0.753,0.352,0.08,0.251,0.447,0.115,0.193,0.447,0.291
26/06/2015 20:00,5.3,16.5,9.8,46.3,37.7,32.9,0.484,0.009,0.752,0.625,0.143,0.257,0.407,0.036,0.157,0.332,0.258
26/06/2015 21:00,6,17.3,7.2,42.6,37.9,31.8,0.488,0.013,0.739,0.681,0.206,0.245,0.389,0.014,0.112,0.278,0.234
26/06/2015 22:00,5.9,20.7,5.4,38.9,38.9,31.5,0.502,0.021,0.72,0.593,0.243,0.192,0.397,0.013,0.075,0.245,0.217
26/06/2015 23:00,4.4,22.7,5.3,34.6,39.8,31.7,0.505,0.024,0.706,0.475,0.244,0.161,0.415,0.018,0.057,0.203,0.2
27/06/2015 00:00,3.4,21.9,5.6,30.8,40.1,31.5,0.481,0.035,0.699,0.384,0.243,0.231,0.441,0.023,0.053,0.145,0.182
27/06/2015 01:00,6.2,21.8,8.4,34.1,39.5,32.5,0.501,0.044,0.699,0.328,0.244,0.279,0.464,0.026,0.05,0.1,0.164
27/06/2015 02:00,11.5,30.1,15.2,32.6,46.7,40.8,0.718,0.037,0.701,0.264,0.266,0.225,0.485,0.028,0.046,0.068,0.155
27/06/2015 03:00,16.9,33.1,17.7,29.4,55,41.4,0.733,0.029,0.71,0.192,0.279,0.176,0.521,0.035,0.048,0.048,0.156
27/06/2015 04:00,20.9,29.6,17.3,26.3,57.1,39.5,0.688,0.03,0.723,0.118,0.284,0.139,0.343,0.05,0.061,0.049,0.174
27/06/2015 05:00,24.6,25.2,17.3,23,57.7,38.3,0.611,0.043,0.737,0.068,0.283,0.099,0.208,0.06,0.074,0.112,0.203
27/06/2015 06:00,28.8,21.5,17.1,19.7,58.1,37.8,0.501,0.065,0.755,0.049,0.234,0.049,0.225,0.062,0.087,0.081,0.238
27/06/2015 07:00,33,18.8,16.8,17.7,58.1,37.4,0.386,0.093,0.774,0.097,0.195,0.007,0.196,0.055,0.1,0.047,0.283
27/06/2015 08:00,35.5,16.8,15.7,17,57.9,37.4,0.317,0.121,0.788,0.167,0.185,0.002,0.174,0.053,0.113,0.027,0.343
27/06/2015 09:00,31.5,15.2,13.1,15.9,57.8,38.6,0.274,0.156,0.799,0.164,0.137,0.005,0.137,0.051,0.12,0.022,0.402
27/06/2015 10:00,24.6,13.2,10.7,14.2,57.3,40.2,0.243,0.192,0.812,0.142,0.088,0.015,0.103,0.06,0.117,0.025,0.452
27/06/2015 11:00,14.3,11.7,9.5,13.4,55.1,41.3,0.257,0.098,0.823,0.092,0.055,0.035,0.076,0.065,0.11,0.03,0.494
27/06/2015 12:00,4,12.1,11.3,13.5,50.8,40.8,0.305,0.02,0.835,0.055,0.032,0.031,0.062,0.056,0.106,0.036,0.527
27/06/2015 13:00,2.2,15.5,13.3,15.5,46.5,37.6,0.358,0.077,0.849,0.032,0.014,0.055,0.076,0.031,0.101,0.054,0.547
27/06/2015 14:00,1.3,17.7,14,20.9,43.6,35.4,0.386,0.092,0.865,0.021,0.005,0.146,0.131,0.009,0.094,0.104,0.552
27/06/2015 15:00,0.7,18.1,13.3,25.3,40.6,34.8,0.447,0.087,0.877,0.027,0.001,0.238,0.207,0.003,0.086,0.294,0.513
27/06/2015 16:00,0.5,17.2,13,28.5,37.9,33.5,0.523,0.079,0.888,0.052,0,0.316,0.294,0.004,0.074,0.584,0.439
27/06/2015 17:00,0.2,16.2,12.5,31.7,35.8,32.3,0.556,0.069,0.902,0.104,0,0.355,0.348,0.007,0.061,0.686,0.371
27/06/2015 18:00,0.3,15,11.6,35,32.1,31.4,0.523,0.059,0.913,0.24,0,0.369,0.35,0.009,0.05,0.569,0.312
27/06/2015 19:00,1,14.3,10.6,37.3,30,29.7,0.444,0.052,0.917,0.432,0,0.368,0.312,0.006,0.042,0.447,0.258
27/06/2015 20:00,0.9,13.3,9.6,38.9,28.8,28.1,0.411,0.045,0.923,0.522,0,0.368,0.262,0.002,0.038,0.381,0.21
27/06/2015 21:00,0.9,12.6,8.5,39.9,27.6,27.2,0.386,0.049,0.913,0.441,0,0.364,0.231,0,0.041,0.372,0.191
27/06/2015 22:00,1,12.8,6.8,39.3,27,26.5,0.395,0.071,0.887,0.311,0.001,0.324,0.207,0,0.046,0.313,0.194
27/06/2015 23:00,0.7,12.1,5.6,36.8,26.6,25.4,0.406,0.09,0.859,0.245,0.004,0.249,0.187,0,0.051,0.214,0.202
28/06/2015 00:00,0.5,10.1,4.6,33.2,25.5,23.3,0.374,0.138,0.831,0.198,0.017,0.192,0.179,0,0.065,0.161,0.206
28/06/2015 01:00,1.9,8.4,5.3,39.5,25.5,23.5,0.339,0.217,0.801,0.197,0.041,0.142,0.189,0.003,0.085,0.118,0.208
28/06/2015 02:00,2.8,11.8,4.9,37.9,38.7,29.4,0.547,0.231,0.786,0.201,0.058,0.096,0.202,0.005,0.097,0.083,0.208
28/06/2015 03:00,4.8,14.2,4.4,30.5,46.9,27.5,0.613,0.189,0.814,0.195,0.066,0.064,0.249,0.005,0.099,0.065,0.201
28/06/2015 04:00,8,13.5,4.3,21.8,48.8,23.7,0.596,0.128,0.854,0.198,0.068,0.043,0.195,0.008,0.087,0.082,0.206
28/06/2015 05:00,11.1,10.5,4.4,14.2,48.4,21.6,0.54,0.077,0.877,0.214,0.069,0.038,0.112,0.014,0.071,0.251,0.214
28/06/2015 06:00,13.7,7.6,4.4,9.5,47.1,20.9,0.459,0.035,0.887,0.238,0.062,0.043,0.058,0.024,0.058,0.254,0.212
28/06/2015 07:00,15.8,5.6,4.4,7.3,45.2,20.9,0.401,0.011,0.894,0.319,0.049,0.048,0.04,0.041,0.043,0.206,0.193
28/06/2015 08:00,15.2,4.4,4.4,6.6,43,21,0.358,0.002,0.898,0.432,0.073,0.055,0.04,0.065,0.03,0.174,0.162
28/06/2015 09:00,14,4.3,4.7,6.3,41,21.5,0.285,0.001,0.907,0.445,0.085,0.059,0.044,0.079,0.029,0.16,0.124
28/06/2015 10:00,11.3,4.7,4.8,6.3,39,22.7,0.213,0.003,0.922,0.381,0.07,0.07,0.045,0.078,0.031,0.155,0.087
28/06/2015 11:00,7.3,5.5,4.1,6.8,34.9,24.3,0.157,0.002,0.935,0.321,0.051,0.079,0.046,0.082,0.035,0.158,0.055
28/06/2015 12:00,2.5,6.8,4.3,8.1,29.2,24.8,0.168,0.003,0.942,0.311,0.04,0.059,0.048,0.102,0.043,0.173,0.031
28/06/2015 13:00,1.8,8.8,4.7,12.1,25.5,24.4,0.199,0.008,0.946,0.328,0.043,0.094,0.057,0.152,0.055,0.211,0.014
28/06/2015 14:00,1.4,10.3,4.7,21,21.5,23.8,0.216,0.037,0.949,0.355,0.061,0.162,0.091,0.261,0.068,0.297,0.008
28/06/2015 15:00,0.7,11.1,4.1,29.2,19.1,21.9,0.231,0.068,0.951,0.41,0.09,0.256,0.128,0.393,0.084,0.47,0.009
28/06/2015 16:00,0.3,10.8,3.9,34.3,18.3,20,0.243,0.087,0.945,0.484,0.108,0.334,0.154,0.454,0.093,0.621,0.008
28/06/2015 17:00,0.2,9.5,3.8,36.5,17.8,18.3,0.256,0.1,0.935,0.529,0.091,0.38,0.164,0.476,0.101,0.632,0.003
28/06/2015 18:00,0.2,8,3.8,37.7,18,17.6,0.264,0.108,0.926,0.519,0.094,0.386,0.175,0.465,0.11,0.489,0
28/06/2015 19:00,0.2,7.4,4.3,38.6,17.7,17,0.264,0.113,0.914,0.457,0.102,0.381,0.184,0.422,0.119,0.367,0
28/06/2015 20:00,0.2,7,5,38.9,17.2,15.8,0.249,0.116,0.899,0.422,0.099,0.37,0.186,0.362,0.117,0.37,0
28/06/2015 21:00,0.2,6.6,5.3,37.3,17,15.1,0.227,0.119,0.856,0.422,0.093,0.358,0.187,0.281,0.112,0.516,0
28/06/2015 22:00,0.3,7,5.6,34.7,16.2,13.8,0.211,0.136,0.8,0.388,0.093,0.305,0.186,0.219,0.108,0.451,0.001
28/06/2015 23:00,0.6,7,4.8,32.4,15,13.3,0.192,0.162,0.755,0.308,0.11,0.199,0.195,0.198,0.111,0.379,0.004
29/06/2015 00:00,0.7,5.8,4.4,29.8,14.2,13.1,0.127,0.266,0.741,0.227,0.122,0.116,0.213,0.207,0.12,0.32,0.015
29/06/2015 01:00,2.4,5.4,6.3,36.4,15,13.7,0.086,0.407,0.788,0.164,0.123,0.078,0.228,0.207,0.128,0.273,0.032
29/06/2015 02:00,3.5,4.8,8,40.5,22.2,17.3,0.063,0.41,0.833,0.125,0.122,0.051,0.254,0.31,0.136,0.241,0.057
29/06/2015 03:00,5.6,4.2,9.1,37.6,27.7,15.8,0.054,0.339,0.884,0.111,0.12,0.038,0.286,0.349,0.132,0.232,0.08
29/06/2015 04:00,8,4.1,9.7,32.3,29.7,14.1,0.06,0.239,0.923,0.101,0.134,0.045,0.242,0.35,0.119,0.219,0.103
29/06/2015 05:00,11.2,4.6,10,26.2,30.6,13.7,0.068,0.156,0.929,0.087,0.145,0.054,0.3,0.357,0.106,0.5,0.125
29/06/2015 06:00,14.3,5.3,10.1,20.8,31.5,14.4,0.075,0.109,0.927,0.071,0.133,0.044,0.371,0.395,0.093,0.578,0.138
29/06/2015 07:00,17.2,5.8,10.4,16.8,32.3,15.8,0.071,0.066,0.935,0.088,0.114,0.031,0.296,0.453,0.077,0.457,0.142
29/06/2015 08:00,18.8,5.9,11,14.3,32.8,17.5,0.069,0.027,0.944,0.08,0.184,0.022,0.19,0.474,0.063,0.345,0.141
29/06/2015 09:00,18.7,6.1,11.5,12.8,34.4,19.5,0.076,0.004,0.96,0.055,0.187,0.021,0.12,0.438,0.059,0.279,0.145
29/06/2015 10:00,16.2,6.3,10.6,11.9,35.6,21.4,0.097,0,0.972,0.032,0.159,0.022,0.082,0.403,0.066,0.253,0.153
29/06/2015 11:00,10.6,6.4,8.2,11.5,36,22.7,0.131,0,0.98,0.018,0.128,0.021,0.061,0.382,0.069,0.248,0.155
29/06/2015 12:00,4.4,6.7,7.8,11.5,35.1,23.5,0.158,0,0.984,0.009,0.11,0.018,0.054,0.399,0.073,0.259,0.149
29/06/2015 13:00,3.6,7.8,8.5,13.3,34.3,24,0.202,0,0.985,0.006,0.101,0.043,0.058,0.459,0.077,0.303,0.146
29/06/2015 14:00,4.2,8.4,8.4,19.5,33.1,25,0.212,0.003,0.986,0.008,0.093,0.099,0.101,0.55,0.084,0.386,0.155
29/06/2015 15:00,4.2,8.5,8.2,28.6,31.3,24.9,0.181,0.016,0.987,0.015,0.088,0.132,0.204,0.651,0.084,0.519,0.162
29/06/2015 16:00,4.1,8,8.6,35.3,29.6,23.7,0.133,0.027,0.987,0.03,0.086,0.127,0.31,0.69,0.087,0.631,0.168
29/06/2015 17:00,3.8,7.6,9,39.1,27.7,23,0.102,0.03,0.986,0.051,0.085,0.12,0.366,0.69,0.093,0.61,0.174
29/06/2015 18:00,3,7.1,7.7,40.8,25.3,22.9,0.081,0.03,0.983,0.095,0.105,0.118,0.362,0.667,0.086,0.55,0.169
29/06/2015 19:00,2.7,6.4,7.5,39.2,22.2,23,0.067,0.03,0.979,0.199,0.137,0.116,0.34,0.598,0.076,0.491,0.157
29/06/2015 20:00,2.4,5.8,7.6,35.6,18.8,23.5,0.054,0.033,0.975,0.254,0.158,0.113,0.332,0.55,0.06,0.432,0.141
29/06/2015 21:00,2.1,5.2,8.5,30.6,17.2,23.2,0.049,0.037,0.966,0.247,0.162,0.133,0.336,0.491,0.054,0.395,0.131
29/06/2015 22:00,1.8,4.6,8.3,26.7,15.8,22.4,0.052,0.061,0.953,0.221,0.156,0.141,0.334,0.476,0.05,0.377,0.127
29/06/2015 23:00,1.6,4.1,7.7,23.2,15.9,21,0.057,0.128,0.938,0.202,0.148,0.088,0.347,0.488,0.051,0.32,0.136
30/06/2015 00:00,1.8,3.1,7.3,19.7,15.5,19.7,0.033,0.289,0.917,0.192,0.144,0.068,0.37,0.438,0.061,0.22,0.154
30/06/2015 01:00,3.9,3.1,11.3,20.2,14.3,18,0.017,0.429,0.892,0.176,0.14,0.065,0.402,0.354,0.076,0.175,0.181
30/06/2015 02:00,4.6,3.8,13.3,18.2,23.4,22.9,0.02,0.401,0.857,0.16,0.135,0.064,0.441,0.332,0.096,0.155,0.219
30/06/2015 03:00,5.7,3.6,13.3,16.7,29.4,22.3,0.032,0.323,0.802,0.146,0.134,0.048,0.479,0.278,0.12,0.144,0.247
30/06/2015 04:00,8.8,3.6,13.1,15.8,29.7,20.5,0.049,0.274,0.734,0.129,0.14,0.039,0.376,0.242,0.144,0.112,0.259
30/06/2015 05:00,14,4.1,12.6,14.6,29.4,19.9,0.053,0.244,0.662,0.112,0.153,0.04,0.3,0.233,0.165,0.47,0.264
30/06/2015 06:00,19.1,5.1,12.1,13.6,29.6,20.5,0.035,0.231,0.599,0.087,0.12,0.039,0.225,0.239,0.18,0.618,0.272
30/06/2015 07:00,23.2,6.4,11.6,12.8,29.7,21.7,0.01,0.223,0.552,0.096,0.1,0.033,0.13,0.252,0.187,0.561,0.296
30/06/2015 08:00,25.3,8.2,10.7,12.4,29.7,23.4,0.001,0.212,0.524,0.101,0.09,0.031,0.094,0.27,0.191,0.491,0.338
30/06/2015 09:00,27.6,10,9.4,11.5,30.2,25.7,0.001,0.184,0.482,0.063,0.036,0.03,0.076,0.255,0.192,0.447,0.38
30/06/2015 10:00,25.4,11.3,7.6,10,30.6,27.9,0.001,0.138,0.4,0.004,0.009,0.019,0.065,0.224,0.192,0.422,0.413
30/06/2015 11:00,17.2,12,5.3,8.6,29.2,29.1,0.003,0.035,0.303,0,0.001,0.008,0.064,0.209,0.197,0.407,0.436
30/06/2015 12:00,9.4,12.3,4.9,7.7,24.3,28.7,0.005,0.087,0.226,0.001,0,0.005,0.084,0.224,0.22,0.41,0.447
30/06/2015 13:00,9.1,14,5.6,7.7,20.9,26.7,0.014,0.084,0.179,0.007,0,0.026,0.192,0.284,0.249,0.436,0.444
30/06/2015 14:00,10.8,15,5.4,10,18.2,25,0.022,0.049,0.136,0.014,0,0.098,0.522,0.394,0.27,0.498,0.435
30/06/2015 15:00,11.9,15,4.7,15.9,17.1,23.2,0.026,0.03,0.107,0.015,0,0.177,0.724,0.56,0.259,0.538,0.429
30/06/2015 16:00,10.5,13.6,4.1,24.8,16.8,21.5,0.022,0.024,0.082,0.013,0,0.281,0.737,0.678,0.214,0.581,0.428
30/06/2015 17:00,8.2,12.5,4.4,32.4,17.7,20.9,0.012,0.021,0.057,0.019,0,0.404,0.715,0.688,0.161,0.523,0.419
30/06/2015 18:00,6,12.1,4.5,38.1,17.6,21.5,0.002,0.02,0.035,0.057,0,0.412,0.697,0.643,0.118,0.394,0.396
30/06/2015 19:00,4.6,11.1,4.4,37.3,16.9,22.7,0,0.026,0.02,0.191,0,0.276,0.686,0.55,0.088,0.315,0.373
30/06/2015 20:00,4.1,9.8,4.6,34.6,16.8,24,0,0.041,0.009,0.274,0,0.173,0.683,0.484,0.064,0.261,0.356
30/06/2015 21:00,3.4,9,4.3,34,16.3,24.9,0.002,0.07,0.008,0.231,0,0.099,0.69,0.425,0.053,0.225,0.361
30/06/2015 22:00,2.5,8.6,3.9,34.1,15.9,25.1,0.011,0.109,0.015,0.159,0,0.037,0.694,0.397,0.048,0.191,0.364
30/06/2015 23:00,1.6,8,4,34.7,15.5,25.9,0.018,0.142,0.025,0.122,0.001,0.015,0.71,0.402,0.042,0.155,0.364
01/07/2015 00:00,1.4,6,4.2,34.4,14.7,25.7,0.009,0.237,0.042,0.17,0.009,0.018,0.731,0.425,0.047,0.123,0.374
01/07/2015 01:00,2.4,5.1,5.3,35.6,12.8,26.6,0.028,0.336,0.064,0.256,0.034,0.022,0.737,0.395,0.058,0.096,0.404
01/07/2015 02:00,2.8,5.6,5.6,32.9,17.5,33.6,0.063,0.349,0.085,0.233,0.068,0.019,0.739,0.432,0.061,0.081,0.452
01/07/2015 03:00,3.4,6.7,5.9,27.7,19.5,34.2,0.064,0.305,0.087,0.117,0.103,0.018,0.726,0.386,0.054,0.065,0.488
01/07/2015 04:00,4.6,6.2,6.3,22.5,18.7,32.2,0.068,0.248,0.074,0.065,0.134,0.017,0.613,0.349,0.048,0.056,0.505
01/07/2015 05:00,6.6,5.8,6.9,18.3,18.2,31,0.081,0.215,0.062,0.083,0.156,0.019,0.615,0.337,0.046,0.369,0.511
01/07/2015 06:00,9.1,5.8,7.1,15.2,18.6,30.8,0.107,0.193,0.054,0.101,0.136,0.024,0.556,0.331,0.041,0.492,0.503
01/07/2015 07:00,11.7,6.1,7,13.2,20.4,31.9,0.142,0.171,0.045,0.1,0.087,0.026,0.352,0.316,0.036,0.403,0.491
01/07/2015 08:00,14.1,6.7,6.8,11.8,22.7,33.6,0.172,0.153,0.037,0.111,0.093,0.027,0.213,0.295,0.04,0.323,0.489
01/07/2015 09:00,15.9,7.8,6.7,10.9,25.8,35.9,0.17,0.142,0.03,0.101,0.07,0.028,0.154,0.238,0.055,0.269,0.479
01/07/2015 10:00,15.6,8.9,6.1,10.1,28.4,37.6,0.155,0.133,0.02,0.071,0.042,0.031,0.133,0.169,0.072,0.242,0.452
01/07/2015 11:00,11.7,9.1,4.5,9.6,28.5,38.3,0.159,0.045,0.008,0.044,0.024,0.035,0.139,0.118,0.082,0.231,0.415
01/07/2015 12:00,5.7,9.8,4.1,9.6,24.7,36.6,0.148,0.106,0.002,0.025,0.015,0.028,0.169,0.091,0.084,0.241,0.374
01/07/2015 13:00,5.7,11.8,4.4,10.5,20.2,32.4,0.163,0.101,0.001,0.015,0.01,0.055,0.253,0.085,0.071,0.274,0.334
01/07/2015 14:00,7,13,4,14.3,16.8,28.3,0.195,0.072,0,0.009,0.007,0.133,0.484,0.088,0.058,0.337,0.302
01/07/2015 15:00,6.4,13.1,3.4,19.9,16.2,25.3,0.302,0.054,0,0.009,0.006,0.203,0.655,0.097,0.054,0.447,0.283
01/07/2015 16:00,5.3,12,3.7,25.5,15.9,23.7,0.412,0.038,0,0.017,0.006,0.246,0.654,0.108,0.064,0.552,0.269
01/07/2015 17:00,4.4,10.3,4.4,31.1,15.9,23.1,0.422,0.025,0,0.037,0.005,0.266,0.573,0.114,0.082,0.528,0.251
01/07/2015 18:00,4.4,9.1,5.7,36.5,15.8,23.7,0.455,0.015,0,0.071,0.003,0.279,0.55,0.111,0.097,0.4,0.225
01/07/2015 19:00,4.6,7.8,6.3,41.8,16.2,23.1,0.432,0.009,0.001,0.12,0.001,0.302,0.571,0.097,0.107,0.312,0.193
01/07/2015 20:00,4.4,7.2,5.8,41.1,15.5,22.4,0.454,0.005,0,0.146,0,0.302,0.59,0.084,0.115,0.274,0.166
01/07/2015 21:00,3.3,5.9,5.7,37.1,14.7,22.2,0.505,0.002,0,0.142,0.001,0.279,0.628,0.071,0.111,0.22,0.144
01/07/2015 22:00,2.1,5.3,5.4,31.4,14.5,21.8,0.476,0.001,0,0.135,0.002,0.216,0.663,0.077,0.094,0.192,0.125
01/07/2015 23:00,1.1,4.7,5.1,26.5,14,20.9,0.512,0,0,0.133,0.011,0.126,0.681,0.097,0.08,0.173,0.113
02/07/2015 00:00,0.7,3.8,3.7,22.4,12.9,20,0.516,0,0,0.122,0.028,0.114,0.701,0.111,0.071,0.147,0.107
02/07/2015 01:00,1.1,2.9,4.4,20.7,11.6,21.4,0.508,0,0,0.112,0.051,0.112,0.71,0.111,0.068,0.126,0.111
02/07/2015 02:00,1.6,3.4,6.8,16.3,17.4,28.6,0.549,0.001,0.001,0.102,0.071,0.111,0.715,0.097,0.067,0.108,0.127
02/07/2015 03:00,3.4,3.8,8.8,14.3,20,29.2,0.606,0.004,0.007,0.099,0.085,0.103,0.78,0.056,0.068,0.082,0.154
02/07/2015 04:00,7.3,4.4,11,13.5,19.2,27.1,0.667,0.008,0.035,0.103,0.095,0.107,0.768,0.032,0.068,0.055,0.183
02/07/2015 05:00,13.4,5.3,12,12.7,18.6,25.9,0.725,0.007,0.068,0.113,0.118,0.103,0.9,0.026,0.065,0.341,0.204
02/07/2015 06:00,20.4,6.5,12.1,12.8,19.3,25.9,0.731,0.003,0.09,0.121,0.119,0.085,0.816,0.026,0.067,0.47,0.21
02/07/2015 07:00,24.9,8.1,11.9,13.7,20.7,26.9,0.687,0.001,0.097,0.13,0.062,0.072,0.663,0.022,0.07,0.387,0.206
02/07/2015 08:00,27,9.8,11.3,14.9,22.9,28.5,0.605,0.001,0.09,0.138,0.038,0.065,0.457,0.016,0.076,0.33,0.201
02/07/2015 09:00,27.6,11.8,10.5,14.1,26.4,31.2,0.481,0.003,0.075,0.069,0.015,0.053,0.282,0.005,0.089,0.305,0.185
02/07/2015 10:00,24.5,12.9,9.5,12.1,29.4,34.4,0.364,0.01,0.06,0.007,0.001,0.049,0.184,0.001,0.115,0.295,0.171
02/07/2015 11:00,18.3,12.5,7.4,10.7,30,36.4,0.323,0.004,0.05,0,0,0.055,0.147,0,0.153,0.291,0.155
02/07/2015 12:00,9.6,14.3,6.9,9.7,26,36.3,0.35,0,0.045,0,0,0.037,0.161,0.001,0.194,0.313,0.136
02/07/2015 13:00,8.8,16.8,7.9,8.8,22.3,33.4,0.419,0,0.045,0,0,0.088,0.291,0.006,0.243,0.36,0.119
02/07/2015 14:00,9.6,17.6,7.8,8.5,19.8,30.5,0.539,0,0.05,0,0,0.128,0.622,0.047,0.285,0.431,0.111
02/07/2015 15:00,9.6,16.5,8.2,9.8,18.2,28.7,0.618,0,0.058,0.001,0.001,0.177,0.772,0.132,0.312,0.494,0.114
02/07/2015 16:00,8.3,15.7,8.1,13.1,18.3,27.8,0.586,0,0.069,0.001,0.003,0.235,0.782,0.203,0.311,0.557,0.124
02/07/2015 17:00,7.5,15,8.1,19.5,18.5,27.7,0.507,0,0.082,0.004,0.007,0.291,0.806,0.218,0.296,0.501,0.131
02/07/2015 18:00,6.6,14,8.7,28.6,17.7,27.6,0.466,0,0.09,0.014,0.017,0.326,0.82,0.187,0.284,0.358,0.129
02/07/2015 19:00,6.3,13,7.8,38.3,17,28.2,0.422,0,0.09,0.065,0.035,0.341,0.825,0.144,0.272,0.243,0.12
02/07/2015 20:00,5.9,11.8,7.5,42.6,16.6,28.8,0.34,0.003,0.084,0.136,0.064,0.342,0.825,0.1,0.265,0.196,0.104
02/07/2015 21:00,5.2,10.9,6.6,42.1,16.2,29.1,0.251,0.008,0.076,0.188,0.09,0.341,0.824,0.061,0.274,0.186,0.084
02/07/2015 22:00,4.4,9.9,6.1,38.9,15.2,30.3,0.249,0.019,0.061,0.208,0.103,0.309,0.834,0.032,0.291,0.223,0.062
02/07/2015 23:00,3.2,9.1,5,34.2,14.3,30.8,0.254,0.046,0.037,0.198,0.116,0.225,0.835,0.015,0.311,0.233,0.045
03/07/2015 00:00,3.1,7.8,3.2,28.9,13.4,30.3,0.177,0.105,0.022,0.172,0.124,0.14,0.853,0.006,0.33,0.212,0.035
03/07/2015 01:00,6.7,6.8,5.4,26.5,13.2,31.7,0.144,0.162,0.022,0.155,0.141,0.097,0.837,0.001,0.352,0.18,0.032
03/07/2015 02:00,9.3,8.3,7.3,20.9,19.9,39.7,0.165,0.177,0.042,0.156,0.139,0.075,0.824,0,0.367,0.148,0.038
03/07/2015 03:00,12.9,10.4,7.5,17.5,22.7,39.8,0.199,0.142,0.085,0.167,0.154,0.048,0.797,0,0.368,0.109,0.05
03/07/2015 04:00,18.1,12.2,7.5,17.1,22.2,37.4,0.207,0.078,0.118,0.165,0.22,0.034,0.735,0,0.37,0.081,0.068
03/07/2015 05:00,23.7,12.9,7.1,17.6,21.8,36.1,0.192,0.023,0.145,0.148,0.24,0.025,0.747,0,0.376,0.259,0.09
03/07/2015 06:00,28.7,13.4,6.8,19.1,22.5,35.8,0.167,0.005,0.164,0.13,0.212,0.024,0.581,0,0.391,0.364,0.107
03/07/2015 07:00,32.4,14,6.7,21.7,24.7,36.9,0.152,0.004,0.177,0.104,0.151,0.026,0.355,0.002,0.404,0.318,0.113
03/07/2015 08:00,33,14.7,7,24.5,27.9,38.9,0.146,0.006,0.187,0.136,0.159,0.019,0.213,0.004,0.413,0.261,0.108
03/07/2015 09:00,32.4,14.7,7.5,24.5,31.4,42,0.138,0.019,0.199,0.167,0.137,0.018,0.146,0.003,0.416,0.207,0.099
03/07/2015 10:00,28.1,13.9,7.5,22.5,33.6,44.8,0.144,0.036,0.208,0.183,0.087,0.021,0.112,0.003,0.418,0.169,0.084
03/07/2015 11:00,20.9,13.8,6.1,21.4,32.8,46.8,0.186,0.012,0.203,0.15,0.048,0.022,0.106,0.005,0.417,0.147,0.07
03/07/2015 12:00,12.2,15.3,5.7,21.6,29.5,46.7,0.199,0.003,0.179,0.094,0.026,0.029,0.133,0.006,0.425,0.155,0.062
03/07/2015 13:00,12,19.1,6.3,22.8,27.5,43.5,0.285,0.006,0.154,0.044,0.012,0.058,0.223,0.007,0.436,0.179,0.057
03/07/2015 14:00,14.9,20.7,7,27.2,26,39.5,0.355,0.001,0.134,0.015,0.004,0.097,0.464,0.02,0.452,0.248,0.055
03/07/2015 15:00,17.8,21.5,6.5,33.8,25.8,37.1,0.345,0,0.13,0.006,0.001,0.155,0.646,0.043,0.455,0.391,0.053
03/07/2015 16:00,17.7,21.5,7,41.1,26.1,35.4,0.3,0,0.137,0.008,0,0.218,0.652,0.064,0.438,0.54,0.05
03/07/2015 17:00,13.1,20.2,7.8,48.5,25.8,36.1,0.257,0,0.146,0.031,0,0.278,0.605,0.091,0.416,0.562,0.049
03/07/2015 18:00,9.8,18.3,8.7,52.3,24.7,37.7,0.227,0,0.155,0.128,0,0.328,0.575,0.116,0.387,0.423,0.047
03/07/2015 19:00,8.5,17,8.5,52.9,24,38.1,0.201,0,0.16,0.308,0,0.367,0.571,0.129,0.359,0.346,0.042
03/07/2015 20:00,8.4,16,7.6,51.5,23.8,38.1,0.18,0,0.174,0.431,0,0.386,0.575,0.134,0.344,0.279,0.034
03/07/2015 21:00,7.8,15.2,7.3,51.1,22.5,39.6,0.171,0,0.187,0.429,0.001,0.383,0.644,0.134,0.327,0.266,0.02
03/07/2015 22:00,7.6,14.9,7.3,51.6,21.6,40.4,0.171,0.001,0.195,0.376,0.004,0.35,0.648,0.115,0.286,0.243,0.009
03/07/2015 23:00,6.7,15,7.1,51.2,20.9,40.9,0.15,0.002,0.204,0.33,0.013,0.249,0.663,0.088,0.228,0.261,0.004
04/07/2015 00:00,5.4,13.3,6.8,50.2,20,40.3,0.076,0.007,0.206,0.272,0.041,0.163,0.641,0.062,0.179,0.234,0.003
04/07/2015 01:00,5.5,11.1,8.5,51.2,19.2,41.7,0.048,0.023,0.206,0.207,0.082,0.118,0.64,0.036,0.15,0.216,0.005
04/07/2015 02:00,7.1,13.7,11.3,50.2,28.5,49.7,0.073,0.056,0.205,0.155,0.127,0.093,0.644,0.027,0.144,0.189,0.009
04/07/2015 03:00,7.3,16,12.9,47.5,33.1,50.5,0.101,0.098,0.227,0.139,0.161,0.08,0.654,0.014,0.144,0.162,0.012
04/07/2015 04:00,8.6,15.4,14.2,44.3,32.9,49.7,0.098,0.133,0.263,0.167,0.176,0.059,0.556,0.006,0.144,0.142,0.01
04/07/2015 05:00,11.3,14,15,41.6,32.1,49.4,0.075,0.155,0.305,0.204,0.175,0.041,0.562,0.002,0.136,0.307,0.006
04/07/2015 06:00,14.2,13.1,15.2,39.2,32.1,49.7,0.054,0.179,0.382,0.231,0.15,0.029,0.375,0.001,0.127,0.308,0.003
04/07/2015 07:00,16.1,12.8,15,37.1,33.3,50.4,0.042,0.184,0.507,0.267,0.095,0.035,0.21,0,0.115,0.228,0.003
04/07/2015 08:00,15.4,12.4,14.2,36.1,35.1,51.2,0.037,0.156,0.654,0.4,0.101,0.037,0.132,0,0.1,0.155,0.004
04/07/2015 09:00,12.6,12.6,11.7,35.7,37.3,52.4,0.037,0.097,0.752,0.398,0.094,0.035,0.079,0,0.092,0.103,0.009
04/07/2015 10:00,8,12.8,8.8,35.6,38.4,53.4,0.04,0.053,0.816,0.318,0.058,0.032,0.047,0,0.092,0.071,0.017
04/07/2015 11:00,5.3,13.3,6.7,36.3,36.8,53.6,0.054,0.014,0.856,0.232,0.025,0.028,0.03,0,0.088,0.057,0.027
04/07/2015 12:00,5,16.2,5.4,38.2,33.8,52.1,0.069,0,0.876,0.185,0.009,0.017,0.024,0.003,0.087,0.061,0.034
04/07/2015 13:00,6.4,21,5.1,41.4,31.9,48.5,0.099,0,0.886,0.176,0.003,0.026,0.038,0.022,0.089,0.093,0.035
04/07/2015 14:00,6.8,23.5,4.7,49,29.6,45.5,0.136,0.002,0.89,0.176,0.001,0.054,0.138,0.093,0.096,0.188,0.033
04/07/2015 15:00,7.1,24.2,4.9,54.5,28.1,44.8,0.172,0.016,0.874,0.176,0.001,0.106,0.352,0.223,0.105,0.401,0.024
04/07/2015 16:00,6.2,21.7,5.2,57.4,27.3,43.9,0.183,0.038,0.85,0.175,0.001,0.16,0.522,0.37,0.122,0.603,0.015
04/07/2015 17:00,6,19.1,5.5,58,26.5,44,0.164,0.062,0.823,0.186,0,0.211,0.574,0.476,0.144,0.647,0.011
04/07/2015 18:00,5.3,16.3,5.6,57.5,26,43,0.164,0.079,0.798,0.237,0,0.251,0.567,0.501,0.179,0.561,0.014
04/07/2015 19:00,4.1,14.7,5.4,57,26.2,42.8,0.201,0.087,0.779,0.339,0,0.278,0.541,0.479,0.215,0.47,0.024
04/07/2015 20:00,3.4,14,5.4,56.1,24.7,43.6,0.278,0.095,0.779,0.413,0,0.284,0.538,0.437,0.25,0.416,0.04
04/07/2015 21:00,3,13.3,5.4,55,22.6,44.1,0.323,0.107,0.755,0.431,0,0.272,0.536,0.353,0.251,0.41,0.055
04/07/2015 22:00,2.7,12.8,6.1,53.3,22.6,44.9,0.277,0.114,0.708,0.372,0,0.239,0.542,0.282,0.245,0.391,0.061
04/07/2015 23:00,2.8,12.5,6.3,51.3,23.2,44.6,0.179,0.118,0.659,0.279,0.001,0.163,0.538,0.261,0.255,0.367,0.056
05/07/2015 00:00,2.5,11,5.4,49.3,22.5,44.5,0.099,0.104,0.604,0.21,0.003,0.099,0.548,0.259,0.269,0.312,0.045
05/07/2015 01:00,2.5,9.2,4.4,49.4,23.5,45.7,0.074,0.068,0.547,0.164,0.003,0.062,0.553,0.261,0.27,0.31,0.035
05/07/2015 02:00,4.8,15.8,3.4,47.4,30.1,51.5,0.116,0.039,0.494,0.143,0.002,0.043,0.571,0.268,0.256,0.27,0.029
05/07/2015 03:00,7.6,18.9,2.8,45.4,33.6,51.3,0.155,0.032,0.45,0.128,0,0.031,0.58,0.23,0.251,0.217,0.03
05/07/2015 04:00,8.6,17.7,2.8,45.2,33.9,50.2,0.163,0.037,0.394,0.118,0,0.021,0.525,0.203,0.249,0.185,0.036
05/07/2015 05:00,9.4,15.3,3.3,46.2,34,49.5,0.154,0.04,0.329,0.111,0,0.014,0.533,0.175,0.233,0.362,0.041
05/07/2015 06:00,9.5,13.1,3.6,47,34.6,49.3,0.139,0.045,0.283,0.112,0,0.01,0.431,0.137,0.213,0.366,0.045
05/07/2015 07:00,8.5,11,3.6,47.2,35.6,49.8,0.133,0.053,0.256,0.166,0,0.009,0.332,0.114,0.192,0.303,0.046
05/07/2015 08:00,6.2,9.4,3.1,47.1,36.8,50.7,0.12,0.059,0.245,0.27,0,0.009,0.264,0.12,0.172,0.252,0.047
05/07/2015 09:00,4.9,9.1,2.8,45.8,38.3,52.5,0.14,0.064,0.278,0.246,0,0.011,0.201,0.126,0.155,0.204,0.049
05/07/2015 10:00,4.9,9.1,2.3,43.5,39.5,54.1,0.193,0.055,0.344,0.179,0.001,0.014,0.144,0.126,0.144,0.167,0.049
05/07/2015 11:00,4.9,9.8,1.8,42.8,38.6,54.7,0.231,0.016,0.415,0.116,0.004,0.014,0.102,0.133,0.142,0.155,0.043
05/07/2015 12:00,4,11.8,2.1,44.8,35.8,54,0.22,0.006,0.484,0.083,0.011,0.006,0.079,0.182,0.142,0.165,0.024
05/07/2015 13:00,3.2,14.3,2,48.8,34.3,50.8,0.227,0.001,0.547,0.07,0.009,0.024,0.088,0.297,0.139,0.203,0.007
05/07/2015 14:00,2.5,14.9,1.6,53.3,33.6,48.2,0.259,0,0.613,0.061,0.002,0.095,0.194,0.459,0.134,0.29,0.002
05/07/2015 15:00,1.5,14.4,1.6,56.7,33.9,48,0.376,0,0.676,0.047,0,0.177,0.37,0.613,0.137,0.436,0.001
05/07/2015 16:00,0.4,12.7,1.3,59,34.1,48.2,0.388,0,0.713,0.031,0,0.245,0.503,0.666,0.147,0.559,0.005
05/07/2015 17:00,0.1,10.5,1.2,59.6,34.2,48.2,0.333,0.001,0.722,0.022,0,0.291,0.544,0.695,0.152,0.498,0.017
05/07/2015 18:00,0.1,8.8,1.2,59.1,33.3,48.9,0.27,0.004,0.703,0.048,0,0.312,0.547,0.732,0.155,0.418,0.038
05/07/2015 19:00,0.1,8.6,1.4,58.1,33.1,49.7,0.205,0.016,0.674,0.186,0,0.322,0.534,0.711,0.165,0.352,0.068
05/07/2015 20:00,0.1,8,1.3,56.1,35.1,50.5,0.251,0.04,0.656,0.362,0.001,0.32,0.526,0.71,0.18,0.312,0.1
05/07/2015 21:00,0.1,7.3,1.1,53.2,36.2,50.9,0.342,0.058,0.683,0.381,0.012,0.286,0.507,0.706,0.185,0.275,0.118
05/07/2015 22:00,0.1,7,0.9,49.5,35.7,50.5,0.344,0.07,0.716,0.348,0.037,0.227,0.476,0.644,0.177,0.245,0.125
05/07/2015 23:00,0,8.5,0.8,46,33.9,49.8,0.347,0.076,0.724,0.32,0.06,0.148,0.444,0.574,0.174,0.209,0.132
06/07/2015 00:00,0,8.8,0.8,43.4,33.3,49.1,0.379,0.099,0.697,0.332,0.082,0.084,0.435,0.523,0.179,0.163,0.128
06/07/2015 01:00,0.1,6.7,2,44.5,34.1,51,0.551,0.098,0.636,0.321,0.104,0.079,0.438,0.532,0.193,0.129,0.12
06/07/2015 02:00,0.6,13.8,3.6,43.9,42.7,56,0.656,0.079,0.538,0.241,0.112,0.067,0.461,0.457,0.217,0.107,0.113
06/07/2015 03:00,0.6,16.1,3.6,42.1,46.5,57,0.662,0.075,0.411,0.133,0.114,0.062,0.501,0.3,0.245,0.101,0.11
06/07/2015 04:00,0.7,14.2,2.6,40.5,47.5,56.9,0.633,0.086,0.305,0.057,0.124,0.051,0.386,0.267,0.27,0.085,0.113
06/07/2015 05:00,1.5,11.2,2.7,38.4,47.8,56.7,0.61,0.09,0.278,0.029,0.139,0.055,0.353,0.376,0.285,0.205,0.122
06/07/2015 06:00,3.3,8.7,3.6,35.7,48.4,56.7,0.585,0.091,0.332,0.037,0.107,0.054,0.26,0.457,0.309,0.261,0.133
06/07/2015 07:00,5.8,7,4.1,32.7,49,56.9,0.552,0.09,0.413,0.067,0.062,0.047,0.191,0.469,0.332,0.223,0.14
06/07/2015 08:00,6.5,6.1,3.4,30.1,49.3,57,0.523,0.088,0.476,0.084,0.085,0.041,0.166,0.436,0.341,0.168,0.139
06/07/2015 09:00,6.4,5.9,2.7,28.4,49.8,57.5,0.491,0.096,0.511,0.037,0.084,0.031,0.156,0.364,0.322,0.118,0.134
06/07/2015 10:00,5.6,5.8,2.5,26.5,50.5,57.9,0.457,0.1,0.513,0.005,0.078,0.033,0.149,0.3,0.286,0.08,0.125
06/07/2015 11:00,4.7,5.2,2,25.6,49.8,57.9,0.462,0.057,0.454,0.003,0.079,0.02,0.147,0.278,0.253,0.055,0.118
06/07/2015 12:00,4.4,5.8,2.2,26.7,46,56.5,0.512,0.049,0.351,0.005,0.087,0.005,0.156,0.285,0.233,0.058,0.121
06/07/2015 13:00,3.3,7,3.3,29.6,40.6,52.6,0.527,0.046,0.294,0.005,0.097,0.038,0.175,0.3,0.218,0.113,0.142
06/07/2015 14:00,1.9,7.8,4.8,36.7,34.3,49.3,0.479,0.034,0.337,0.003,0.101,0.137,0.251,0.3,0.21,0.26,0.174
06/07/2015 15:00,1.6,8.3,5.9,45.6,29.7,48.5,0.437,0.027,0.404,0.002,0.092,0.2,0.315,0.348,0.194,0.42,0.18
06/07/2015 16:00,1.2,8.5,5.6,53.2,27.5,48,0.444,0.035,0.386,0,0.073,0.22,0.352,0.388,0.175,0.504,0.154
06/07/2015 17:00,0.8,8.2,4.3,56,25.7,48,0.522,0.066,0.353,0.001,0.055,0.208,0.382,0.381,0.169,0.443,0.112
06/07/2015 18:00,0.4,7.6,3.3,56.2,25.4,47.7,0.574,0.133,0.337,0.01,0.045,0.179,0.401,0.347,0.18,0.389,0.078
06/07/2015 19:00,0.2,6.9,3.1,54,27.5,47.5,0.527,0.237,0.309,0.077,0.055,0.149,0.405,0.297,0.194,0.33,0.054
06/07/2015 20:00,0.2,8.1,3.9,50.7,27.7,46.5,0.457,0.334,0.294,0.189,0.079,0.125,0.403,0.285,0.195,0.28,0.038
06/07/2015 21:00,0.3,9,4.4,47,27.8,44.9,0.42,0.364,0.278,0.271,0.118,0.115,0.416,0.29,0.2,0.252,0.025
06/07/2015 22:00,0.4,8.6,4.4,42.9,29.1,43.4,0.425,0.316,0.247,0.3,0.157,0.094,0.427,0.285,0.203,0.227,0.015
06/07/2015 23:00,0.6,8.6,4.4,38.5,29.8,41.6,0.423,0.245,0.222,0.3,0.187,0.064,0.429,0.264,0.201,0.206,0.009
07/07/2015 00:00,0.7,7.6,2.3,34.3,30.7,40.1,0.388,0.238,0.204,0.278,0.203,0.062,0.428,0.234,0.196,0.192,0.007
07/07/2015 01:00,1.7,6.8,1.6,31.9,31.4,41.3,0.444,0.217,0.193,0.238,0.204,0.049,0.419,0.289,0.198,0.184,0.013
07/07/2015 02:00,3,9.6,1,28.7,39.3,48.6,0.432,0.179,0.199,0.221,0.203,0.045,0.415,0.227,0.22,0.163,0.028
07/07/2015 03:00,3.7,13.4,0.8,22.6,45,49.1,0.343,0.176,0.2,0.196,0.214,0.037,0.424,0.146,0.261,0.124,0.041
07/07/2015 04:00,5.3,15.4,0.8,16.4,45.5,48,0.263,0.17,0.206,0.165,0.23,0.044,0.364,0.11,0.289,0.114,0.045
07/07/2015 05:00,8.5,15.8,0.8,11.9,45.2,47.8,0.216,0.155,0.225,0.131,0.251,0.045,0.347,0.088,0.302,0.254,0.043
07/07/2015 06:00,13.8,15.6,1.3,9.2,45.3,48.6,0.201,0.142,0.237,0.111,0.237,0.036,0.278,0.069,0.305,0.247,0.04
07/07/2015 07:00,18,15.4,2.1,7.6,45.5,50,0.211,0.152,0.229,0.13,0.171,0.028,0.203,0.046,0.294,0.184,0.034
07/07/2015 08:00,20.2,15.2,2.4,6.6,46,51.5,0.22,0.19,0.198,0.208,0.249,0.02,0.166,0.017,0.283,0.14,0.026
07/07/2015 09:00,20.9,14.4,2.1,5.6,47.5,53,0.216,0.165,0.187,0.156,0.249,0.014,0.126,0.002,0.283,0.111,0.016
07/07/2015 10:00,17.5,12,1.5,4.9,48.5,54,0.209,0.131,0.182,0.053,0.163,0.012,0.086,0.004,0.296,0.089,0.008
07/07/2015 11:00,9.6,8.5,1.1,4.6,46.8,54.1,0.187,0.062,0.177,0.006,0.092,0.014,0.058,0.047,0.319,0.076,0.005
07/07/2015 12:00,3,6.2,0.9,4.6,40.8,52.2,0.23,0.058,0.177,0,0.054,0.007,0.041,0.144,0.341,0.079,0.004
07/07/2015 13:00,2.8,6.1,0.8,4.8,34.3,47,0.325,0.057,0.17,0,0.035,0.012,0.039,0.265,0.352,0.106,0.004
07/07/2015 14:00,2.2,6.6,0.8,5.6,28.8,42.9,0.391,0.049,0.164,0,0.022,0.054,0.068,0.382,0.355,0.188,0.004
07/07/2015 15:00,1,7.1,0.9,6.8,26,40,0.413,0.031,0.171,0,0.014,0.123,0.133,0.461,0.362,0.433,0.005
07/07/2015 16:00,1,7.1,0.8,7.9,24.9,36.8,0.397,0.016,0.183,0,0.01,0.199,0.223,0.478,0.364,0.681,0.006
07/07/2015 17:00,1,6.7,0.8,9.5,23.5,34.9,0.444,0.009,0.194,0.01,0.007,0.243,0.28,0.45,0.358,0.696,0.007
07/07/2015 18:00,1.1,6.4,1.3,11.5,23.7,33.8,0.476,0.008,0.21,0.092,0.006,0.251,0.289,0.42,0.336,0.532,0.009
07/07/2015 19:00,1.1,6.1,1.6,14.4,24.9,32.4,0.484,0.016,0.238,0.315,0.01,0.238,0.278,0.464,0.304,0.433,0.012
07/07/2015 20:00,0.8,5.8,1.4,17.5,25.2,31.1,0.505,0.038,0.265,0.467,0.028,0.207,0.283,0.552,0.285,0.422,0.018
07/07/2015 21:00,0.7,5.5,1.4,18.1,24.8,29.6,0.503,0.084,0.233,0.476,0.076,0.155,0.311,0.605,0.28,0.379,0.026
07/07/2015 22:00,0.6,5.6,1.9,15.3,25.2,29.4,0.439,0.163,0.17,0.441,0.147,0.09,0.341,0.575,0.281,0.367,0.036
07/07/2015 23:00,0.6,6,2.3,12.5,25,29.1,0.401,0.259,0.118,0.387,0.225,0.041,0.391,0.566,0.277,0.305,0.046
08/07/2015 00:00,0.7,5.6,1.6,10.1,25.2,27.2,0.291,0.378,0.073,0.343,0.278,0.032,0.425,0.568,0.277,0.227,0.055
08/07/2015 01:00,1.5,4.8,1.8,9,26,30.1,0.225,0.398,0.038,0.305,0.291,0.027,0.467,0.649,0.291,0.188,0.064
08/07/2015 02:00,2.1,8.8,3.7,6,37.9,38.7,0.223,0.326,0.019,0.265,0.296,0.022,0.505,0.622,0.314,0.199,0.077
08/07/2015 03:00,3.1,12.1,5.1,3.8,43.7,38.7,0.261,0.294,0.019,0.198,0.286,0.029,0.499,0.472,0.331,0.211,0.08
08/07/2015 04:00,4.9,13.4,6,2.9,43.9,37.4,0.268,0.284,0.032,0.137,0.284,0.032,0.391,0.357,0.325,0.221,0.078
08/07/2015 05:00,7.5,14.1,6.3,2.9,43.5,37,0.223,0.284,0.046,0.101,0.288,0.036,0.43,0.291,0.304,0.377,0.081
08/07/2015 06:00,11.5,14.8,6,3.9,43.1,38.1,0.183,0.272,0.06,0.077,0.244,0.032,0.267,0.222,0.284,0.395,0.086
08/07/2015 07:00,14.5,15.3,5.9,5.1,43.1,40.6,0.201,0.218,0.067,0.085,0.308,0.028,0.135,0.147,0.286,0.324,0.089
08/07/2015 08:00,13.4,14.7,5.4,6.8,43.5,43.7,0.264,0.133,0.069,0.105,0.337,0.03,0.074,0.089,0.297,0.265,0.086
08/07/2015 09:00,8.7,13.4,4.8,6.6,45.3,47.2,0.319,0.07,0.079,0.075,0.245,0.036,0.045,0.065,0.302,0.227,0.08
08/07/2015 10:00,4.3,11,4.3,5.6,46.7,50.2,0.349,0.029,0.091,0.038,0.155,0.038,0.03,0.062,0.311,0.215,0.078
08/07/2015 11:00,1.6,8.1,3.9,5.3,46,52.1,0.391,0.004,0.103,0.015,0.103,0.024,0.023,0.055,0.341,0.228,0.077
08/07/2015 12:00,0.6,7.6,4.8,5.1,41.5,51.5,0.444,0.003,0.114,0.008,0.072,0.011,0.02,0.059,0.374,0.274,0.078
08/07/2015 13:00,0.7,8.7,6.8,5,36.2,47.2,0.459,0.003,0.123,0.008,0.049,0.027,0.019,0.103,0.391,0.378,0.078
08/07/2015 14:00,1,9.2,9.3,5.6,32.6,42.7,0.459,0.01,0.137,0.014,0.037,0.065,0.025,0.207,0.383,0.532,0.079
08/07/2015 15:00,0.5,8.8,10.6,7.1,31,40,0.448,0.015,0.16,0.031,0.032,0.112,0.038,0.332,0.402,0.652,0.082
08/07/2015 16:00,0.2,8.4,10.8,9.6,28.6,37.4,0.425,0.014,0.192,0.058,0.043,0.136,0.108,0.432,0.434,0.637,0.084
08/07/2015 17:00,0.2,8.1,10.6,13.5,28.9,36.5,0.375,0.013,0.226,0.103,0.058,0.146,0.227,0.486,0.476,0.527,0.082
08/07/2015 18:00,0.4,8.1,9.5,19.3,29.9,36.1,0.312,0.016,0.251,0.201,0.084,0.147,0.357,0.499,0.516,0.449,0.077
08/07/2015 19:00,0.5,8.5,8.3,26.1,30.2,35.9,0.277,0.018,0.269,0.323,0.108,0.141,0.444,0.489,0.544,0.412,0.07
08/07/2015 20:00,0.6,9,8.1,30.5,28.9,36.1,0.294,0.017,0.281,0.369,0.123,0.135,0.501,0.49,0.556,0.398,0.064
08/07/2015 21:00,0.7,10.8,8,32.6,26.8,35.1,0.347,0.013,0.291,0.334,0.141,0.132,0.564,0.478,0.546,0.442,0.058
08/07/2015 22:00,0.7,12.9,7.6,32.1,25.4,34.3,0.43,0.011,0.3,0.278,0.163,0.118,0.602,0.434,0.528,0.413,0.057
08/07/2015 23:00,1,16.5,6.5,29.9,24.5,33.9,0.483,0.02,0.317,0.249,0.201,0.077,0.555,0.423,0.525,0.334,0.056
09/07/2015 00:00,1.5,17,4.3,26.4,24.5,32.8,0.447,0.072,0.337,0.22,0.233,0.077,0.571,0.388,0.519,0.264,0.057
09/07/2015 01:00,3.3,17,3.3,23.6,24.5,34.3,0.492,0.157,0.364,0.178,0.25,0.07,0.642,0.334,0.497,0.214,0.063
09/07/2015 02:00,5.3,22,4.3,18.9,36.2,45.3,0.574,0.205,0.406,0.135,0.276,0.06,0.645,0.386,0.466,0.203,0.077
09/07/2015 03:00,8.5,27.5,5.1,14.9,43.8,47.6,0.587,0.215,0.391,0.099,0.294,0.051,0.671,0.311,0.457,0.249,0.089
09/07/2015 04:00,14,28.4,5.4,12.6,45.7,46.8,0.544,0.164,0.312,0.075,0.312,0.039,0.602,0.192,0.448,0.192,0.096
09/07/2015 05:00,14.7,27.4,5.9,11.1,45.8,46.2,0.43,0.101,0.238,0.06,0.335,0.036,0.724,0.13,0.425,0.571,0.1
09/07/2015 06:00,13.6,26.6,6.5,10.6,46.2,46.1,0.305,0.067,0.18,0.049,0.309,0.034,0.536,0.122,0.41,0.707,0.101
09/07/2015 07:00,10.3,25.6,6.7,10.7,46.7,46.6,0.221,0.047,0.133,0.037,0.248,0.035,0.299,0.148,0.42,0.722,0.105
09/07/2015 08:00,8.5,25,7,11.1,47.2,47.5,0.203,0.026,0.101,0.025,0.298,0.039,0.159,0.205,0.447,0.72,0.109
09/07/2015 09:00,7.5,25.1,7.2,9.5,48,48.8,0.26,0.002,0.096,0.005,0.281,0.045,0.096,0.236,0.461,0.691,0.11
09/07/2015 10:00,5.9,23.4,6.6,7.7,48.5,50.2,0.42,0,0.108,0.002,0.202,0.037,0.07,0.234,0.471,0.637,0.104
09/07/2015 11:00,3.5,22,6.1,7.6,47.9,50.8,0.599,0.02,0.127,0.003,0.139,0.035,0.073,0.245,0.491,0.583,0.096
09/07/2015 12:00,1.8,24.6,6.5,8.6,42.8,49,0.687,0.067,0.152,0.002,0.107,0.029,0.106,0.272,0.508,0.544,0.085
09/07/2015 13:00,1.9,30.1,7.5,10.8,35.9,44.5,0.681,0.099,0.167,0.001,0.096,0.06,0.208,0.31,0.508,0.532,0.075
09/07/2015 14:00,2.3,34.1,7,15.2,33.1,41,0.604,0.111,0.179,0.002,0.095,0.097,0.432,0.374,0.502,0.538,0.068
09/07/2015 15:00,2.1,34.3,7.4,21.1,31.9,39.8,0.535,0.107,0.184,0.003,0.086,0.097,0.574,0.457,0.495,0.525,0.066
09/07/2015 16:00,2.1,32.6,8.1,29.5,32.1,39.8,0.471,0.107,0.188,0.007,0.064,0.095,0.558,0.528,0.497,0.484,0.068
09/07/2015 17:00,1.8,30.4,8.5,38.9,31.9,40.8,0.413,0.107,0.196,0.013,0.042,0.099,0.484,0.58,0.51,0.371,0.072
09/07/2015 18:00,1.4,28,9.4,44.8,32.4,42.3,0.396,0.112,0.208,0.035,0.031,0.106,0.453,0.585,0.544,0.291,0.078
09/07/2015 19:00,1.4,27.8,8.5,45.2,33.4,42.7,0.404,0.122,0.218,0.101,0.03,0.111,0.467,0.604,0.583,0.233,0.086
09/07/2015 20:00,1.1,28.9,7.8,42.5,33.5,43.1,0.404,0.135,0.227,0.218,0.034,0.118,0.519,0.568,0.618,0.201,0.101
09/07/2015 21:00,0.7,30.1,6.9,38.6,32.9,44,0.403,0.145,0.228,0.307,0.043,0.121,0.575,0.54,0.647,0.183,0.118
09/07/2015 22:00,0.4,32,5.3,34.4,31.7,43.3,0.407,0.157,0.225,0.325,0.063,0.102,0.715,0.54,0.661,0.153,0.131
09/07/2015 23:00,0.2,34.4,4.3,29.9,30.7,43.5,0.405,0.161,0.227,0.278,0.09,0.08,0.674,0.525,0.655,0.109,0.133
10/07/2015 00:00,0.3,34.8,3.7,26,30.4,44.3,0.36,0.19,0.228,0.226,0.106,0.085,0.613,0.498,0.646,0.081,0.122
10/07/2015 01:00,1.3,36.8,4.2,24.6,29.2,47.4,0.344,0.225,0.225,0.184,0.102,0.093,0.593,0.519,0.645,0.061,0.111
10/07/2015 02:00,3.1,40.8,3.8,19.7,40.8,55.3,0.424,0.192,0.227,0.141,0.089,0.094,0.606,0.619,0.652,0.045,0.101
10/07/2015 03:00,4.9,43.1,3.4,15.6,46.2,56.2,0.46,0.137,0.256,0.13,0.082,0.089,0.61,0.625,0.656,0.03,0.093
10/07/2015 04:00,6.8,43.1,3.1,13.1,47.5,54.5,0.466,0.112,0.307,0.155,0.083,0.072,0.454,0.618,0.644,0.04,0.088
10/07/2015 05:00,9.2,41.8,2.5,10.9,48.2,52.3,0.471,0.112,0.355,0.231,0.084,0.05,0.793,0.613,0.616,0.444,0.089
10/07/2015 06:00,11.3,40.5,2.2,8.8,49.2,50.5,0.476,0.128,0.409,0.242,0.073,0.038,0.856,0.612,0.586,0.631,0.093
10/07/2015 07:00,12.2,38.9,2,8.7,50.2,49.6,0.45,0.14,0.453,0.135,0.04,0.039,0.777,0.608,0.556,0.595,0.102
10/07/2015 08:00,11.7,36.4,1.8,10.3,50.8,49.3,0.391,0.158,0.481,0.154,0.047,0.036,0.631,0.586,0.523,0.535,0.115
10/07/2015 09:00,9.4,33.9,1.4,11.7,50.6,50.3,0.308,0.161,0.498,0.15,0.03,0.034,0.495,0.476,0.481,0.459,0.13
10/07/2015 10:00,6.2,31.4,1,12.5,49.3,51.7,0.267,0.154,0.519,0.129,0.011,0.03,0.423,0.341,0.444,0.385,0.139
10/07/2015 11:00,3,29.4,0.8,13.1,46.2,51.9,0.259,0.085,0.562,0.105,0.008,0.025,0.401,0.241,0.42,0.323,0.14
10/07/2015 12:00,1,30,0.8,13.6,41.6,50,0.315,0.093,0.613,0.089,0.009,0.016,0.408,0.145,0.419,0.294,0.14
10/07/2015 13:00,0.9,29.6,0.9,14.5,37.1,46.1,0.394,0.068,0.647,0.076,0.011,0.059,0.409,0.094,0.427,0.302,0.138
10/07/2015 14:00,1.1,28.9,0.9,17,33.3,44,0.436,0.046,0.657,0.069,0.013,0.132,0.451,0.09,0.437,0.348,0.138
10/07/2015 15:00,0.9,27.7,0.9,20.7,31.9,42,0.46,0.04,0.651,0.073,0.014,0.177,0.496,0.091,0.454,0.445,0.144
10/07/2015 16:00,0.6,26,1.5,24.8,31.7,40.1,0.483,0.038,0.636,0.085,0.013,0.18,0.527,0.079,0.457,0.562,0.164
10/07/2015 17:00,0.2,26.2,2.6,27.9,31.3,39.6,0.46,0.037,0.627,0.108,0.017,0.168,0.494,0.063,0.439,0.529,0.194
10/07/2015 18:00,0.1,26,3.2,31.2,30.9,38.9,0.401,0.042,0.635,0.133,0.029,0.154,0.516,0.047,0.413,0.42,0.225
10/07/2015 19:00,0.1,24.6,2.7,33.8,31.2,38.3,0.346,0.048,0.657,0.184,0.05,0.143,0.569,0.031,0.373,0.311,0.251
10/07/2015 20:00,0.1,22.4,2.2,34.6,31.6,37.7,0.325,0.051,0.686,0.227,0.084,0.141,0.619,0.015,0.328,0.241,0.267
10/07/2015 21:00,0.1,19.7,2.1,29.9,31.9,36.4,0.381,0.061,0.697,0.231,0.121,0.153,0.647,0.001,0.302,0.217,0.274
10/07/2015 22:00,0.1,18.5,2.1,20.6,32.6,34.3,0.405,0.079,0.693,0.227,0.152,0.154,0.65,0,0.284,0.207,0.27
10/07/2015 23:00,0.2,18.2,1.8,12.8,32.6,31.3,0.392,0.111,0.692,0.204,0.157,0.108,0.657,0.009,0.272,0.192,0.259
11/07/2015 00:00,0.2,17.1,1,7.7,32.1,28.3,0.428,0.167,0.7,0.204,0.142,0.088,0.69,0.041,0.264,0.167,0.238
11/07/2015 01:00,0.4,15.7,1.4,5,32.2,26,0.355,0.243,0.719,0.205,0.121,0.081,0.724,0.049,0.264,0.192,0.217
11/07/2015 02:00,0.8,18.7,1.6,4.3,41,32.9,0.427,0.255,0.749,0.167,0.107,0.074,0.733,0.02,0.262,0.208,0.202
11/07/2015 03:00,1.1,21.5,1.7,4.8,47,34.6,0.477,0.22,0.783,0.127,0.097,0.069,0.765,0.006,0.263,0.201,0.209
11/07/2015 04:00,2,21.7,1.6,4.3,49.7,34.5,0.516,0.17,0.812,0.108,0.089,0.061,0.669,0.005,0.256,0.202,0.232
11/07/2015 05:00,3.1,21.2,1.7,2.9,50.3,34.9,0.506,0.118,0.829,0.1,0.086,0.059,0.884,0.009,0.241,0.523,0.261
11/07/2015 06:00,4.8,20.8,1.9,1.9,50.2,35.6,0.462,0.085,0.844,0.094,0.068,0.048,0.801,0.017,0.23,0.558,0.297
11/07/2015 07:00,6.4,20.9,2.1,1.3,50,36.4,0.398,0.067,0.858,0.082,0.145,0.04,0.658,0.022,0.227,0.454,0.334
11/07/2015 08:00,7.7,20.9,2.2,0.9,50.8,36.9,0.323,0.058,0.868,0.151,0.19,0.032,0.505,0.026,0.236,0.352,0.369
11/07/2015 09:00,8.3,20.4,2.4,1,51.2,37.3,0.243,0.04,0.866,0.228,0.162,0.034,0.371,0.043,0.233,0.278,0.389
11/07/2015 10:00,7.4,18.5,2.8,1.2,50,37.4,0.21,0.017,0.857,0.211,0.131,0.03,0.272,0.066,0.22,0.223,0.398
11/07/2015 11:00,4.8,14.9,3.3,1.5,46.5,36.9,0.225,0.005,0.849,0.174,0.112,0.026,0.231,0.089,0.201,0.182,0.405
11/07/2015 12:00,3.2,12.5,4.1,2.1,38.8,35.4,0.286,0.005,0.842,0.148,0.101,0.027,0.241,0.122,0.182,0.17,0.417
11/07/2015 13:00,3.5,12.5,4.8,3.3,33.5,31.9,0.329,0.003,0.835,0.137,0.086,0.145,0.294,0.171,0.17,0.192,0.43
11/07/2015 14:00,4.3,12.6,5.2,4.9,30.6,29.2,0.364,0.013,0.829,0.135,0.066,0.272,0.452,0.223,0.169,0.269,0.443
11/07/2015 15:00,4.5,12,4.5,6.4,28.9,28.2,0.455,0.054,0.814,0.138,0.049,0.296,0.571,0.243,0.174,0.432,0.444
11/07/2015 16:00,4.4,10.3,4.1,8,29,26.6,0.524,0.124,0.793,0.146,0.035,0.251,0.646,0.245,0.179,0.587,0.425
11/07/2015 17:00,3.7,9.1,3.6,9.1,28.2,25.5,0.485,0.223,0.772,0.152,0.026,0.181,0.609,0.236,0.183,0.613,0.392
11/07/2015 18:00,3,8.1,2.9,9.2,28.2,24.6,0.447,0.325,0.753,0.152,0.02,0.133,0.573,0.204,0.181,0.519,0.348
11/07/2015 19:00,2.5,7.1,2.5,8.5,28.2,24.4,0.448,0.408,0.739,0.162,0.026,0.104,0.592,0.158,0.171,0.42,0.305
11/07/2015 20:00,1.9,6.4,2.3,7.8,28.3,23.9,0.487,0.457,0.724,0.176,0.051,0.094,0.64,0.126,0.16,0.36,0.265
11/07/2015 21:00,1.6,5.9,2.3,7.3,26.7,23,0.501,0.467,0.692,0.17,0.098,0.101,0.636,0.113,0.179,0.323,0.26
11/07/2015 22:00,1.1,5.7,2.6,7.2,24.3,21.4,0.488,0.437,0.642,0.157,0.166,0.099,0.618,0.106,0.218,0.293,0.279
11/07/2015 23:00,0.9,5.3,2.8,7.1,21.3,19.7,0.479,0.315,0.587,0.142,0.235,0.079,0.618,0.089,0.256,0.274,0.3
12/07/2015 00:00,1.1,3.5,1.7,6.4,19.8,19,0.418,0.311,0.541,0.132,0.266,0.082,0.605,0.063,0.304,0.279,0.308
12/07/2015 01:00,2.2,2.8,1.8,4.4,19,20.4,0.364,0.354,0.506,0.117,0.255,0.069,0.601,0.023,0.348,0.272,0.305
12/07/2015 02:00,3.2,2.9,1.8,3.4,30.2,28.1,0.501,0.293,0.486,0.098,0.25,0.055,0.606,0.008,0.38,0.255,0.305
12/07/2015 03:00,4.3,2.9,1.9,2.9,36.9,26.7,0.557,0.238,0.486,0.081,0.257,0.063,0.604,0.004,0.38,0.241,0.297
12/07/2015 04:00,6,2.7,2.6,2.5,38,23.6,0.554,0.236,0.498,0.07,0.271,0.054,0.558,0.002,0.367,0.195,0.283
12/07/2015 05:00,8.7,2.8,3.9,2.3,37.1,21.9,0.496,0.237,0.513,0.067,0.267,0.046,0.547,0.002,0.352,0.308,0.277
12/07/2015 06:00,11.7,3.1,5.4,2.2,36.1,21.4,0.435,0.226,0.535,0.065,0.255,0.043,0.376,0.002,0.335,0.33,0.272
12/07/2015 07:00,14,3.2,6.8,2.3,35.4,21.8,0.391,0.22,0.559,0.055,0.238,0.044,0.179,0.001,0.311,0.274,0.267
12/07/2015 08:00,15.1,3.3,8,2.6,35.2,22.2,0.355,0.209,0.573,0.091,0.278,0.045,0.101,0,0.293,0.22,0.259
12/07/2015 09:00,14.7,3.5,8.3,2.8,36,23.6,0.31,0.193,0.574,0.075,0.238,0.057,0.058,0,0.265,0.179,0.244
12/07/2015 10:00,12.4,3.8,7.1,2.8,36.8,25.4,0.291,0.176,0.578,0.043,0.121,0.066,0.029,0,0.233,0.157,0.22
12/07/2015 11:00,7.9,4.1,5.1,2.9,36.4,26.4,0.328,0.107,0.586,0.021,0.049,0.067,0.016,0,0.196,0.159,0.191
12/07/2015 12:00,4.1,4.9,4.3,3,32.1,26.6,0.409,0.23,0.592,0.011,0.018,0.092,0.01,0,0.155,0.19,0.162
12/07/2015 13:00,4.4,6.3,4.3,4,28.2,25.5,0.464,0.302,0.604,0.008,0.006,0.197,0.013,0.003,0.113,0.264,0.133
12/07/2015 14:00,4.8,7.3,4.2,7.7,25.7,25,0.481,0.253,0.615,0.007,0.001,0.249,0.05,0.025,0.078,0.393,0.112
12/07/2015 15:00,4.8,7.4,4.3,10.9,25.6,23.8,0.481,0.21,0.632,0.006,0,0.288,0.167,0.057,0.054,0.56,0.111
12/07/2015 16:00,4.5,7.1,4.4,11.4,26.5,21.2,0.464,0.179,0.653,0.004,0,0.293,0.328,0.075,0.038,0.644,0.133
12/07/2015 17:00,4.1,6.3,4.3,11,27,19.5,0.416,0.167,0.676,0.005,0.001,0.261,0.451,0.079,0.029,0.55,0.165
12/07/2015 18:00,2.3,6.2,3.9,10.2,26.9,19,0.367,0.156,0.7,0.011,0.004,0.227,0.506,0.068,0.023,0.444,0.188
12/07/2015 19:00,1.5,7.2,3.9,9.8,26,18.2,0.344,0.155,0.718,0.047,0.017,0.21,0.515,0.045,0.025,0.364,0.197
12/07/2015 20:00,1.6,7.8,3.8,10.1,23.7,17.5,0.355,0.158,0.725,0.131,0.034,0.208,0.494,0.016,0.034,0.319,0.188
12/07/2015 21:00,2.1,7.7,3.8,10.6,22.1,16.5,0.388,0.167,0.731,0.213,0.04,0.208,0.462,0.001,0.046,0.304,0.185
12/07/2015 22:00,1.5,6.8,3.8,10.8,22.1,15,0.401,0.169,0.734,0.262,0.048,0.205,0.435,0,0.054,0.303,0.211
12/07/2015 23:00,0.7,5.6,3.2,11,21.6,13.7,0.367,0.206,0.734,0.274,0.074,0.171,0.42,0,0.064,0.266,0.251
13/07/2015 00:00,0.3,3.8,2.3,11.2,20.5,12.8,0.281,0.412,0.737,0.289,0.117,0.171,0.42,0.004,0.074,0.214,0.27
13/07/2015 01:00,0.5,2.6,2.7,13.8,20.7,14.3,0.223,0.5,0.75,0.284,0.156,0.167,0.423,0.007,0.082,0.183,0.278
13/07/2015 02:00,0.7,3.7,2.4,16.6,27.1,17.9,0.302,0.479,0.77,0.22,0.179,0.172,0.42,0.007,0.082,0.177,0.306
13/07/2015 03:00,1.3,3.8,2.7,14.4,28.6,16.7,0.312,0.437,0.795,0.175,0.216,0.15,0.41,0.005,0.09,0.179,0.343
13/07/2015 04:00,3,3.5,3.2,12,25.7,14.8,0.291,0.355,0.819,0.167,0.241,0.124,0.251,0.004,0.108,0.159,0.376
13/07/2015 05:00,5.3,3.4,3.8,10.3,22.7,13.8,0.268,0.268,0.834,0.149,0.254,0.101,0.094,0.002,0.122,0.353,0.401
13/07/2015 06:00,7.6,3.7,4.4,9.4,20.2,13.8,0.26,0.187,0.836,0.119,0.23,0.087,0.007,0.001,0.126,0.411,0.404
13/07/2015 07:00,10.1,4.2,5.1,9.1,18.6,14.7,0.279,0.171,0.828,0.084,0.219,0.073,0,0.001,0.127,0.328,0.392
13/07/2015 08:00,11.6,4.8,5.8,9.5,18.2,15.7,0.305,0.219,0.82,0.069,0.299,0.063,0,0.002,0.133,0.249,0.386
13/07/2015 09:00,12.4,5.8,5.7,10,19.4,17.2,0.27,0.224,0.813,0.031,0.32,0.048,0,0.002,0.133,0.191,0.385
13/07/2015 10:00,11.8,7,4.7,10.8,21.6,19.2,0.299,0.195,0.803,0.001,0.29,0.038,0,0.002,0.138,0.157,0.379
13/07/2015 11:00,8.5,7.8,3.7,11.9,23.6,21.2,0.441,0.119,0.786,0,0.251,0.03,0.001,0.004,0.145,0.151,0.379
13/07/2015 12:00,5,8.2,3.8,13.2,23.3,23,0.593,0.189,0.766,0,0.212,0.03,0.002,0.006,0.149,0.169,0.39
13/07/2015 13:00,5.6,9.1,4,15,23.6,23.5,0.625,0.214,0.744,0.002,0.177,0.122,0.005,0.017,0.146,0.228,0.405
13/07/2015 14:00,5.7,9.4,3.3,17.8,23,23.7,0.577,0.13,0.724,0.008,0.144,0.191,0.013,0.055,0.144,0.325,0.421
13/07/2015 15:00,5.7,9.5,2.9,20.4,21.1,23.3,0.545,0.079,0.701,0.017,0.114,0.219,0.028,0.131,0.153,0.458,0.448
13/07/2015 16:00,6.1,10,2.5,23.4,20.5,21.7,0.535,0.084,0.677,0.028,0.085,0.211,0.049,0.221,0.168,0.601,0.488
13/07/2015 17:00,5.7,10.4,2.5,25.2,20.6,20.4,0.513,0.114,0.663,0.051,0.07,0.201,0.076,0.294,0.187,0.579,0.525
13/07/2015 18:00,5.3,10.8,2.6,26,20.5,20,0.503,0.155,0.662,0.1,0.078,0.201,0.159,0.329,0.204,0.46,0.544
13/07/2015 19:00,4.4,11.1,2.4,26.5,20.2,19.9,0.464,0.213,0.652,0.161,0.107,0.204,0.283,0.31,0.212,0.355,0.548
13/07/2015 20:00,3.4,11.2,1.8,25.9,20.2,19.2,0.488,0.284,0.642,0.187,0.144,0.197,0.395,0.251,0.208,0.295,0.547
13/07/2015 21:00,2.5,10.7,2.1,23.8,19.5,18.1,0.429,0.3,0.627,0.155,0.158,0.189,0.459,0.172,0.206,0.29,0.532
13/07/2015 22:00,1.4,9.9,3.1,21.9,18.2,16.5,0.348,0.225,0.605,0.066,0.158,0.185,0.476,0.111,0.201,0.267,0.512
13/07/2015 23:00,0.7,8.8,3.7,21,16.7,14.7,0.308,0.157,0.575,0.02,0.17,0.14,0.476,0.075,0.188,0.221,0.499
14/07/2015 00:00,0.7,6.3,3.4,20.7,15.1,12.6,0.249,0.123,0.526,0.035,0.192,0.107,0.472,0.052,0.179,0.21,0.491
14/07/2015 01:00,1.8,3.9,3.4,27.1,13.3,13.2,0.22,0.101,0.459,0.07,0.201,0.109,0.465,0.029,0.178,0.21,0.491
14/07/2015 02:00,5.6,4.4,3.3,35.1,18.8,15.3,0.237,0.101,0.38,0.102,0.214,0.126,0.449,0.031,0.179,0.202,0.494
14/07/2015 03:00,10,5.4,3.9,35.6,23.1,13.5,0.255,0.124,0.295,0.12,0.228,0.128,0.43,0.014,0.172,0.165,0.487
14/07/2015 04:00,11,5.1,4.5,35.3,23.3,11.8,0.248,0.141,0.228,0.113,0.224,0.111,0.267,0.001,0.151,0.127,0.477
14/07/2015 05:00,12.5,4.6,6.3,34.8,22.1,11.6,0.224,0.152,0.195,0.103,0.205,0.081,0.127,0,0.127,0.386,0.46
14/07/2015 06:00,15.1,4.3,6.4,33.2,21.5,12.9,0.214,0.165,0.176,0.104,0.146,0.056,0.013,0,0.117,0.404,0.434
14/07/2015 07:00,17.9,4.3,6.3,30.7,21.9,15.3,0.21,0.179,0.153,0.095,0.115,0.042,0,0,0.116,0.305,0.416
14/07/2015 08:00,19.1,4.3,7.1,27.9,23.3,18.4,0.218,0.188,0.137,0.102,0.101,0.032,0,0.005,0.123,0.236,0.411
14/07/2015 09:00,18.5,4.6,7.3,25.3,26.1,22.2,0.206,0.202,0.152,0.134,0.074,0.019,0,0.016,0.142,0.192,0.431
14/07/2015 10:00,12.3,5.2,5.6,23.4,28.6,26,0.207,0.217,0.179,0.141,0.049,0.014,0,0.036,0.168,0.173,0.458
14/07/2015 11:00,7.3,5.2,3.5,21.5,29.4,29,0.217,0.137,0.187,0.135,0.028,0.011,0,0.066,0.205,0.171,0.471
14/07/2015 12:00,4.4,5.6,3.3,19.9,27.6,31.1,0.3,0.137,0.167,0.121,0.017,0.01,0,0.096,0.236,0.2,0.471
14/07/2015 13:00,4.8,7.9,3.9,18,28.6,31.1,0.401,0.194,0.133,0.112,0.011,0.046,0.001,0.127,0.259,0.265,0.457
14/07/2015 14:00,5.1,10.6,4.3,17.5,30.6,29.4,0.461,0.125,0.1,0.115,0.006,0.089,0.01,0.182,0.283,0.369,0.434
14/07/2015 15:00,7.2,13,4.4,18.5,30.4,27.8,0.488,0.061,0.083,0.133,0.003,0.112,0.035,0.233,0.3,0.51,0.402
14/07/2015 16:00,9,13.7,4.6,22,29.1,26.2,0.494,0.032,0.081,0.156,0.002,0.122,0.06,0.229,0.298,0.638,0.372
14/07/2015 17:00,12.4,13.8,5.1,27.8,28.6,25.3,0.479,0.018,0.083,0.181,0.002,0.131,0.068,0.216,0.291,0.615,0.347
14/07/2015 18:00,14.9,14.2,5.3,33.6,28.2,25,0.491,0.014,0.084,0.194,0.002,0.139,0.058,0.125,0.28,0.488,0.323
14/07/2015 19:00,17.2,14.4,5.6,37.8,28,24.4,0.558,0.024,0.082,0.225,0.003,0.148,0.059,0.04,0.276,0.379,0.294
14/07/2015 20:00,15.4,13.2,7.1,41.5,26.9,23.5,0.602,0.059,0.081,0.22,0.007,0.158,0.078,0.009,0.278,0.343,0.264
14/07/2015 21:00,14.2,11.5,8,42.8,25.1,22.7,0.596,0.131,0.076,0.206,0.02,0.179,0.109,0.006,0.286,0.337,0.231
14/07/2015 22:00,13.7,10.5,7.5,41,23.5,22.5,0.587,0.196,0.064,0.201,0.048,0.201,0.157,0.012,0.296,0.31,0.195
14/07/2015 23:00,13,10,8.4,36.9,22.5,21.9,0.58,0.244,0.048,0.191,0.085,0.179,0.227,0.025,0.297,0.313,0.157
15/07/2015 00:00,9.9,8.4,8.1,34.1,21.3,21,0.578,0.24,0.026,0.176,0.123,0.147,0.288,0.038,0.287,0.294,0.119
15/07/2015 01:00,8.1,5.9,7.1,40.6,22.2,25.2,0.485,0.22,0.009,0.168,0.154,0.142,0.337,0.07,0.283,0.264,0.093
15/07/2015 02:00,6.8,4.7,6.6,41.3,28.9,32.8,0.4,0.193,0.003,0.158,0.179,0.121,0.379,0.235,0.282,0.227,0.079
15/07/2015 03:00,11.2,6,8.6,42.1,33.1,31.1,0.355,0.168,0.004,0.142,0.197,0.086,0.41,0.356,0.278,0.184,0.068
15/07/2015 04:00,15.3,7.5,10.7,44.5,34,28.1,0.328,0.142,0.014,0.123,0.192,0.051,0.251,0.455,0.258,0.153,0.057
15/07/2015 05:00,19.3,8.9,12,46.3,34.1,27.1,0.325,0.119,0.021,0.104,0.176,0.036,0.059,0.54,0.223,0.325,0.045
15/07/2015 06:00,20.5,10.3,13.3,47.7,34.3,28.6,0.316,0.106,0.018,0.088,0.13,0.033,0.001,0.586,0.19,0.352,0.034
15/07/2015 07:00,21.3,11.6,14.4,49.2,34.5,31.6,0.297,0.103,0.015,0.062,0.063,0.025,0,0.586,0.174,0.28,0.027
15/07/2015 08:00,19.1,12,13.3,50.6,35.8,34.8,0.283,0.108,0.016,0.094,0.082,0.017,0,0.544,0.179,0.214,0.022
15/07/2015 09:00,12.7,11.5,10,50.2,37.1,38.4,0.245,0.122,0.021,0.124,0.104,0.016,0,0.476,0.212,0.165,0.018
15/07/2015 10:00,10.1,10.9,7.1,47.7,38.1,41.7,0.233,0.115,0.025,0.135,0.071,0.013,0,0.41,0.272,0.132,0.013
15/07/2015 11:00,8.2,10.5,5.1,45.1,36.6,44.1,0.255,0.033,0.027,0.142,0.032,0.011,0,0.355,0.316,0.114,0.009
15/07/2015 12:00,5.7,11.2,5.3,43,33.5,44.8,0.297,0.005,0.024,0.154,0.012,0.005,0,0.31,0.33,0.114,0.005
15/07/2015 13:00,6.1,14.2,6,42.1,32.2,42.1,0.337,0.001,0.021,0.166,0.004,0.014,0.001,0.248,0.311,0.141,0.002
15/07/2015 14:00,7.5,16.6,5.3,47.7,32.8,37.9,0.351,0,0.025,0.179,0.001,0.071,0.009,0.226,0.289,0.219,0.001
15/07/2015 15:00,8.4,16.4,4.9,52.4,33.2,35.5,0.348,0,0.03,0.186,0,0.122,0.024,0.229,0.281,0.372,0
15/07/2015 16:00,8.3,15.2,4.5,54.2,32.2,33.5,0.345,0,0.041,0.188,0,0.144,0.039,0.228,0.289,0.543,0
15/07/2015 17:00,8.5,14,4.1,55.1,30.8,32.6,0.337,0,0.064,0.201,0,0.145,0.054,0.227,0.308,0.578,0
15/07/2015 18:00,6.7,13.3,3.8,56,29.9,33.4,0.351,0,0.087,0.245,0,0.148,0.06,0.237,0.332,0.476,0
15/07/2015 19:00,4,12.3,3.6,55.9,28.4,33.3,0.311,0,0.096,0.337,0.001,0.158,0.067,0.259,0.358,0.415,0
15/07/2015 20:00,1.5,11.1,2.9,54.4,27.4,32.6,0.297,0,0.089,0.38,0.035,0.179,0.088,0.272,0.399,0.38,0
15/07/2015 21:00,0.3,10.5,2.4,51.5,26.9,31,0.315,0.001,0.072,0.352,0.091,0.197,0.11,0.267,0.413,0.432,0
15/07/2015 22:00,0.2,9.8,1.6,46.8,26.6,30.2,0.33,0.004,0.051,0.297,0.138,0.155,0.115,0.264,0.391,0.454,0
15/07/2015 23:00,0.1,8.5,0.8,41.5,26.2,29.4,0.329,0.009,0.034,0.228,0.175,0.093,0.124,0.257,0.347,0.476,0
16/07/2015 00:00,0,6.4,0.7,38,26.6,29.2,0.247,0.015,0.023,0.21,0.203,0.086,0.144,0.231,0.296,0.459,0
16/07/2015 01:00,0.2,4.6,1.1,43.6,29.3,33.3,0.164,0.017,0.018,0.221,0.218,0.094,0.174,0.141,0.255,0.421,0
16/07/2015 02:00,0.6,4.6,1.1,43.6,41.2,42.3,0.171,0.011,0.015,0.134,0.22,0.068,0.201,0.131,0.234,0.358,0
16/07/2015 03:00,0.7,4.8,1.3,39.3,47.1,42,0.149,0.006,0.008,0.139,0.217,0.047,0.243,0.216,0.193,0.302,0
16/07/2015 04:00,0.8,4.4,1.6,34.2,48.5,39.1,0.133,0.002,0.001,0.139,0.219,0.041,0.147,0.261,0.141,0.261,0
16/07/2015 05:00,1.3,3.7,1.6,29.6,48.3,37.3,0.127,0.001,0,0.11,0.219,0.032,0.027,0.246,0.092,0.395,0
16/07/2015 06:00,1.7,2.8,1.6,25.9,48.3,36.8,0.132,0.001,0,0.102,0.177,0.021,0.001,0.207,0.056,0.364,0
16/07/2015 07:00,1.8,2.1,1.9,23.3,48.1,37.4,0.141,0.002,0,0.113,0.123,0.014,0,0.165,0.038,0.256,0
16/07/2015 08:00,1.7,1.7,2.8,22,47.5,38.6,0.148,0.003,0,0.169,0.115,0.018,0,0.126,0.029,0.173,0
16/07/2015 09:00,1.1,2.1,3.3,20.3,46.8,40.8,0.145,0.004,0,0.125,0.079,0.021,0,0.092,0.039,0.123,0
16/07/2015 10:00,0.7,2.9,2.8,18.4,46.3,42.5,0.133,0.004,0,0.062,0.031,0.024,0.002,0.063,0.057,0.094,0
16/07/2015 11:00,0.7,3.8,1.8,17.4,44,43.5,0.122,0.001,0,0.008,0.006,0.022,0.008,0.038,0.069,0.079,0
16/07/2015 12:00,0.7,4.5,1.5,16.7,38.3,43.3,0.118,0,0,0,0.001,0.02,0.018,0.02,0.088,0.079,0
16/07/2015 13:00,0.7,5.6,1.9,16.4,34.8,40.8,0.137,0.001,0,0,0,0.084,0.034,0.013,0.118,0.098,0
16/07/2015 14:00,0.9,7.5,2.7,18.5,33,37.9,0.153,0.005,0,0.001,0,0.155,0.062,0.032,0.149,0.151,0
16/07/2015 15:00,1.1,8.4,3.3,24.1,31.9,35.4,0.174,0.007,0.001,0.004,0,0.198,0.095,0.05,0.208,0.313,0
16/07/2015 16:00,1.1,7.9,3.4,31.8,31.5,34.1,0.184,0.006,0.003,0.011,0,0.233,0.134,0.057,0.334,0.536,0
16/07/2015 17:00,1.1,8,3.4,39.8,32,34,0.17,0.004,0.006,0.035,0,0.261,0.168,0.063,0.464,0.606,0
16/07/2015 18:00,1.3,8.6,3.2,47.4,33.2,32.8,0.152,0.002,0.008,0.105,0,0.279,0.184,0.058,0.512,0.58,0
16/07/2015 19:00,1.1,8,3.4,51,34.4,32.4,0.139,0.001,0.007,0.242,0,0.294,0.185,0.038,0.464,0.519,0
16/07/2015 20:00,0.8,7.1,3.9,49.8,34.4,30.6,0.144,0.002,0.003,0.322,0.001,0.295,0.183,0.013,0.376,0.46,0
16/07/2015 21:00,0.5,8.1,3.9,46.5,34.7,28.3,0.158,0.006,0.002,0.313,0.003,0.313,0.182,0.005,0.302,0.455,0
16/07/2015 22:00,0.3,9.7,4.5,41.9,35.1,26.3,0.176,0.019,0.001,0.277,0.017,0.317,0.192,0.003,0.302,0.442,0
16/07/2015 23:00,0.2,11.6,3.9,37.8,36.1,24.5,0.187,0.04,0,0.227,0.057,0.256,0.217,0.005,0.352,0.361,0
17/07/2015 00:00,0.2,10.7,2.9,34.3,37.4,23.3,0.131,0.093,0,0.184,0.11,0.192,0.237,0.011,0.424,0.286,0.004
17/07/2015 01:00,0.7,9.4,2.9,34.1,39.6,26,0.078,0.167,0.001,0.162,0.162,0.167,0.252,0.021,0.482,0.242,0.02
17/07/2015 02:00,1.4,12.5,4.1,32.4,49.5,35.5,0.061,0.223,0.005,0.158,0.208,0.13,0.278,0.041,0.504,0.207,0.05
17/07/2015 03:00,2.3,14.5,5,28.4,53.1,37.7,0.048,0.253,0.025,0.134,0.249,0.085,0.32,0.04,0.505,0.186,0.077
17/07/2015 04:00,3.7,14,5.6,23.2,54.5,38.1,0.035,0.286,0.072,0.077,0.249,0.055,0.238,0.024,0.507,0.169,0.093
17/07/2015 05:00,6.4,12.9,5.5,18.1,55.5,38.8,0.021,0.305,0.112,0.026,0.234,0.035,0.119,0.009,0.542,0.346,0.092
17/07/2015 06:00,9.5,12.3,5.1,14.2,56.2,39.9,0.01,0.306,0.138,0.014,0.198,0.027,0.038,0.003,0.583,0.338,0.079
17/07/2015 07:00,13.4,11.7,4.6,11.5,56.2,41.3,0.005,0.289,0.154,0.013,0.156,0.019,0.027,0,0.587,0.245,0.062
17/07/2015 08:00,16.4,10.9,4,9.6,56.1,43,0.002,0.267,0.159,0.014,0.174,0.013,0.027,0,0.581,0.162,0.047
17/07/2015 09:00,17.3,10.5,3.6,8.8,56,44.3,0.001,0.209,0.161,0.017,0.19,0.01,0.024,0,0.584,0.106,0.037
17/07/2015 10:00,14.1,9.9,2.9,8.1,55.9,45,0.001,0.155,0.171,0.017,0.184,0.013,0.018,0,0.591,0.083,0.036
17/07/2015 11:00,7.1,8.6,1.9,7.5,55.3,44.8,0.001,0.039,0.191,0.042,0.162,0.029,0.014,0,0.571,0.083,0.045
17/07/2015 12:00,2,8.1,1.8,7.3,52.7,43,0.002,0.022,0.212,0.117,0.133,0.039,0.012,0,0.549,0.109,0.06
17/07/2015 13:00,1.1,9.5,2.2,8,48.6,38.6,0.006,0.096,0.251,0.157,0.105,0.077,0.017,0,0.559,0.174,0.076
17/07/2015 14:00,0.7,10.2,2.7,10.7,44.6,34.8,0.014,0.104,0.3,0.153,0.084,0.204,0.041,0,0.589,0.316,0.086
17/07/2015 15:00,0.8,10.6,3.6,15.2,41.6,33.3,0.022,0.126,0.35,0.127,0.062,0.288,0.102,0.009,0.623,0.535,0.093
17/07/2015 16:00,0.7,10.9,4.1,21.2,39.7,32.3,0.026,0.148,0.395,0.095,0.038,0.305,0.254,0.066,0.649,0.663,0.098
17/07/2015 17:00,0.9,10.3,4.9,26.6,39,31.4,0.02,0.174,0.427,0.086,0.025,0.302,0.416,0.151,0.677,0.548,0.101
17/07/2015 18:00,0.9,9.2,5.7,29.8,40.1,29.9,0.008,0.206,0.442,0.1,0.015,0.279,0.529,0.149,0.727,0.432,0.102
17/07/2015 19:00,0.4,8.2,5.9,31.4,41.9,30.2,0.001,0.251,0.425,0.148,0.015,0.267,0.59,0.121,0.772,0.352,0.097
17/07/2015 20:00,0.7,7.5,6,31.9,43.2,29.6,0,0.29,0.387,0.212,0.027,0.248,0.613,0.088,0.823,0.3,0.087
17/07/2015 21:00,1.8,7.3,6.6,28.9,44,28.9,0,0.301,0.332,0.241,0.05,0.234,0.605,0.033,0.871,0.276,0.076
17/07/2015 22:00,2.9,7.7,7,23.7,44.2,28.9,0.001,0.279,0.278,0.238,0.079,0.201,0.571,0.004,0.914,0.273,0.076
17/07/2015 23:00,3,7.2,6.8,18,43.8,27.7,0.009,0.224,0.252,0.223,0.113,0.135,0.56,0,0.952,0.253,0.087
18/07/2015 00:00,2.1,5.1,4.7,14.7,43.1,26.5,0.012,0.23,0.249,0.205,0.142,0.105,0.574,0,0.97,0.231,0.112
18/07/2015 01:00,1.6,3.4,4,15.2,41.8,29.6,0.005,0.225,0.255,0.193,0.167,0.102,0.549,0.002,0.973,0.197,0.153
18/07/2015 02:00,2,5.6,5.4,12.1,47.3,39.6,0.006,0.148,0.277,0.189,0.195,0.101,0.529,0.01,0.971,0.169,0.212
18/07/2015 03:00,2.5,7.8,6.7,8.4,52.4,39.7,0.007,0.091,0.331,0.187,0.209,0.101,0.526,0.009,0.972,0.168,0.265
18/07/2015 04:00,3.5,8.8,6.6,5.6,54.7,37,0.003,0.058,0.398,0.184,0.212,0.097,0.375,0.002,0.978,0.146,0.295
18/07/2015 05:00,4.6,9.1,6.2,4.4,55.4,35.1,0.001,0.048,0.444,0.177,0.214,0.094,0.27,0.001,0.983,0.305,0.297
18/07/2015 06:00,5.3,9.5,5.9,4.4,55.5,34.5,0.001,0.077,0.47,0.164,0.193,0.084,0.121,0.002,0.988,0.295,0.28
18/07/2015 07:00,6.2,9.8,6,4.9,55.5,35.1,0.006,0.143,0.485,0.153,0.156,0.074,0.069,0.007,0.99,0.202,0.264
18/07/2015 08:00,7.4,10.1,5.5,5.3,55.4,36.3,0.014,0.192,0.488,0.26,0.207,0.069,0.06,0.016,0.957,0.127,0.252
18/07/2015 09:00,7.6,10,4.9,5.2,55.4,38.4,0.018,0.2,0.477,0.259,0.219,0.067,0.058,0.019,0.935,0.081,0.24
18/07/2015 10:00,6.1,9.4,4.4,4.9,54.9,40.6,0.018,0.174,0.451,0.231,0.175,0.061,0.06,0.023,0.984,0.062,0.216
18/07/2015 11:00,3.3,8.1,4.3,4.6,52.9,41.9,0.018,0.074,0.416,0.197,0.118,0.05,0.066,0.047,0.98,0.068,0.173
18/07/2015 12:00,1.2,7.3,6.4,4.9,47.7,41.2,0.046,0.147,0.379,0.167,0.082,0.029,0.069,0.08,0.89,0.1,0.121
18/07/2015 13:00,1.1,8.3,7.6,6.4,41.1,37.3,0.135,0.209,0.343,0.155,0.061,0.075,0.079,0.131,0.746,0.168,0.076
18/07/2015 14:00,1.4,9.4,7.8,10,37.6,33.9,0.234,0.197,0.328,0.154,0.055,0.164,0.124,0.211,0.659,0.309,0.048
18/07/2015 15:00,1.2,10.6,7,11.6,35.6,32.7,0.268,0.199,0.325,0.18,0.06,0.21,0.147,0.243,0.715,0.529,0.035
18/07/2015 16:00,0.9,11,6.3,11.4,34.4,31.3,0.248,0.21,0.325,0.235,0.068,0.234,0.162,0.202,0.8,0.685,0.034
18/07/2015 17:00,0.7,11.3,6.3,10.6,34.4,31.1,0.2,0.223,0.327,0.294,0.071,0.228,0.213,0.148,0.845,0.666,0.038
18/07/2015 18:00,0.6,10.6,6.3,9.1,35.3,30.3,0.127,0.233,0.318,0.399,0.068,0.219,0.313,0.098,0.862,0.535,0.036
18/07/2015 19:00,0.7,9.7,6.1,7.5,38.3,29.6,0.056,0.238,0.297,0.517,0.056,0.218,0.394,0.057,0.875,0.437,0.026
18/07/2015 20:00,0.7,8.6,6.2,5.6,40.2,29.9,0.036,0.242,0.278,0.53,0.042,0.22,0.425,0.029,0.891,0.394,0.014
18/07/2015 21:00,0.5,7.6,6,5.1,41.1,30.5,0.068,0.238,0.233,0.477,0.03,0.233,0.442,0.019,0.898,0.374,0.009
18/07/2015 22:00,0.3,7.3,4.8,6.3,41.5,30.6,0.083,0.202,0.169,0.398,0.027,0.22,0.457,0.022,0.905,0.332,0.008
18/07/2015 23:00,0.2,7.7,4,7.6,41.3,31.1,0.074,0.164,0.13,0.345,0.041,0.144,0.479,0.022,0.917,0.291,0.008
19/07/2015 00:00,0.2,7.6,2.1,9.4,40.4,30.7,0.041,0.179,0.117,0.323,0.069,0.117,0.484,0.014,0.931,0.255,0.007
19/07/2015 01:00,0.7,7.1,2.2,9.3,40.3,32.4,0.045,0.21,0.122,0.307,0.097,0.095,0.475,0.009,0.945,0.238,0.004
19/07/2015 02:00,1.3,10.4,3.4,8.2,50,42.4,0.09,0.223,0.123,0.289,0.118,0.069,0.48,0.011,0.96,0.22,0.001
19/07/2015 03:00,2.2,10.9,4.2,6.4,54.4,45.3,0.101,0.217,0.108,0.276,0.138,0.054,0.48,0.016,0.967,0.209,0
19/07/2015 04:00,3.9,10.5,4.1,5.9,55.6,45,0.071,0.192,0.08,0.251,0.14,0.028,0.342,0.023,0.969,0.179,0
19/07/2015 05:00,5.1,11.1,3.9,6,55.4,44.3,0.042,0.167,0.06,0.214,0.124,0.019,0.223,0.039,0.968,0.347,0.003
19/07/2015 06:00,7.4,13.8,4.1,5.8,54.5,43.8,0.037,0.146,0.057,0.193,0.087,0.023,0.045,0.06,0.967,0.344,0.009
19/07/2015 07:00,11.1,17.5,4,5.4,53.2,43.5,0.048,0.128,0.064,0.224,0.027,0.026,0.006,0.085,0.962,0.274,0.009
19/07/2015 08:00,13,20.5,4.3,4.9,51.8,43.2,0.063,0.109,0.078,0.409,0.013,0.031,0.004,0.115,0.957,0.225,0.006
19/07/2015 09:00,12.4,21.1,4.3,4.3,50.4,43.1,0.086,0.101,0.103,0.46,0.012,0.041,0.004,0.138,0.945,0.199,0.003
19/07/2015 10:00,9.9,19.1,3.9,3.8,49.2,43.1,0.112,0.102,0.135,0.448,0.016,0.052,0.004,0.155,0.918,0.195,0.001
19/07/2015 11:00,5.5,17.2,3.4,3.6,45.9,42.3,0.134,0.041,0.171,0.401,0.028,0.048,0.005,0.164,0.866,0.209,0.001
19/07/2015 12:00,1.5,17.3,4.6,4.2,41,40.5,0.155,0.031,0.202,0.339,0.061,0.042,0.005,0.17,0.802,0.245,0.001
19/07/2015 13:00,0.5,18.3,6.2,6.3,38.1,38.1,0.194,0.04,0.22,0.283,0.102,0.102,0.012,0.196,0.766,0.309,0.006
19/07/2015 14:00,0.1,19.2,6.8,11.4,36.1,36.7,0.227,0.033,0.227,0.239,0.133,0.151,0.046,0.266,0.774,0.404,0.014
19/07/2015 15:00,0.2,19.3,6.3,15.1,34.1,36.4,0.201,0.022,0.235,0.2,0.141,0.176,0.065,0.295,0.817,0.54,0.023
19/07/2015 16:00,0.9,19.2,5.3,16.9,31.7,36.4,0.152,0.023,0.248,0.178,0.125,0.194,0.055,0.274,0.852,0.661,0.03
19/07/2015 17:00,1.2,19.2,4.6,18.1,30.1,36.9,0.122,0.042,0.259,0.193,0.118,0.221,0.042,0.2,0.859,0.649,0.034
19/07/2015 18:00,1.1,18.6,4.5,18.3,29.4,36.9,0.108,0.077,0.264,0.297,0.151,0.255,0.041,0.111,0.854,0.528,0.033
19/07/2015 19:00,0.9,17.8,3.7,17.5,29.7,36.4,0.094,0.119,0.258,0.497,0.176,0.285,0.077,0.048,0.849,0.395,0.029
19/07/2015 20:00,0.2,17.1,3.1,16.4,30,35.4,0.082,0.159,0.256,0.553,0.208,0.3,0.166,0.019,0.836,0.311,0.025
19/07/2015 21:00,0.2,15.3,2.8,16.2,29.5,34.1,0.093,0.186,0.248,0.516,0.277,0.263,0.297,0.006,0.817,0.274,0.017
19/07/2015 22:00,0.4,13.7,2.7,16.7,28.9,32.5,0.119,0.205,0.222,0.441,0.32,0.192,0.4,0.002,0.799,0.278,0.012
19/07/2015 23:00,0.5,13.8,2.8,16.3,28.7,30.7,0.133,0.218,0.192,0.355,0.343,0.105,0.446,0.002,0.799,0.281,0.008
20/07/2015 00:00,0.4,13.3,2.1,15.5,28.7,28.6,0.086,0.332,0.17,0.261,0.374,0.072,0.466,0.003,0.827,0.244,0.004
20/07/2015 01:00,0.4,14.1,2.7,15.5,28.6,26.7,0.068,0.432,0.174,0.188,0.376,0.054,0.49,0.003,0.848,0.197,0.002
20/07/2015 02:00,1,17.2,4.3,12.6,38.4,32.6,0.058,0.42,0.185,0.129,0.364,0.035,0.523,0.009,0.845,0.144,0.003
20/07/2015 03:00,1.1,17.2,5,8.8,45.7,35.1,0.041,0.332,0.187,0.084,0.348,0.024,0.544,0.037,0.845,0.101,0.005
20/07/2015 04:00,1.6,15.7,4.9,6.6,47.7,34.3,0.03,0.228,0.185,0.057,0.334,0.024,0.42,0.095,0.853,0.068,0.007
20/07/2015 05:00,2.1,14.3,4.6,5.5,48.2,33.5,0.025,0.158,0.176,0.045,0.301,0.03,0.259,0.16,0.844,0.313,0.01
20/07/2015 06:00,2.3,13.5,4.5,4.7,48.4,33.3,0.028,0.106,0.166,0.038,0.208,0.035,0.043,0.223,0.818,0.402,0.017
20/07/2015 07:00,2.1,12.8,4,3.9,48.3,33.4,0.041,0.071,0.15,0.026,0.224,0.043,0.002,0.265,0.798,0.292,0.028
20/07/2015 08:00,1.9,12.6,3.3,3.3,48.3,33.6,0.058,0.053,0.137,0.013,0.432,0.042,0,0.279,0.789,0.208,0.043
20/07/2015 09:00,1.6,12.8,2.6,1.9,48.8,34.4,0.073,0.056,0.142,0.001,0.521,0.044,0,0.269,0.77,0.171,0.059
20/07/2015 10:00,0.9,12.6,2.4,0.8,48.7,34.9,0.08,0.095,0.164,0.003,0.544,0.048,0,0.234,0.748,0.164,0.09
20/07/2015 11:00,0.5,10.5,1.9,0.3,46,34,0.089,0.084,0.178,0.041,0.507,0.046,0,0.183,0.732,0.179,0.144
20/07/2015 12:00,0.7,9.1,2.4,0.3,39.7,31.1,0.093,0.121,0.177,0.084,0.447,0.038,0.001,0.147,0.71,0.209,0.142
20/07/2015 13:00,0.8,10.5,3.5,0.8,34.6,26.8,0.121,0.145,0.156,0.1,0.39,0.061,0.004,0.146,0.677,0.255,0.074
20/07/2015 14:00,0.7,11.9,4.1,2.8,31.9,24.5,0.17,0.169,0.123,0.108,0.323,0.133,0.009,0.173,0.652,0.328,0.034
20/07/2015 15:00,0.3,12.1,3.8,6.2,29.7,23.9,0.204,0.167,0.102,0.118,0.225,0.214,0.017,0.184,0.647,0.476,0.028
20/07/2015 16:00,0.2,10.9,3.8,9.8,27.5,23.3,0.208,0.161,0.103,0.118,0.134,0.27,0.025,0.198,0.655,0.606,0.038
20/07/2015 17:00,0.2,10.6,3.9,12.6,25.2,22.6,0.185,0.162,0.123,0.106,0.1,0.291,0.026,0.249,0.657,0.608,0.049
20/07/2015 18:00,0.3,10.8,3.6,14.6,24.8,23.2,0.167,0.168,0.227,0.093,0.102,0.295,0.019,0.313,0.655,0.559,0.057
20/07/2015 19:00,0.4,10.5,2.8,15.7,25.8,22.8,0.171,0.182,0.428,0.113,0.144,0.286,0.005,0.358,0.659,0.491,0.067
20/07/2015 20:00,0.3,9.8,2.6,16.4,26.5,21.5,0.174,0.204,0.655,0.179,0.223,0.266,0.001,0.36,0.664,0.425,0.086
20/07/2015 21:00,0.3,9.4,2.5,16.3,26.6,20.8,0.186,0.208,0.782,0.235,0.278,0.219,0.005,0.269,0.656,0.388,0.113
20/07/2015 22:00,0.4,9.1,2.5,15.7,25.5,19.1,0.207,0.205,0.806,0.237,0.277,0.147,0.031,0.163,0.64,0.41,0.142
20/07/2015 23:00,0.5,9.1,2.4,14.2,24.2,18.4,0.185,0.187,0.778,0.193,0.272,0.073,0.081,0.102,0.633,0.454,0.162
21/07/2015 00:00,0.5,7.5,1.4,11.5,23.2,16.7,0.1,0.251,0.75,0.147,0.243,0.058,0.137,0.074,0.621,0.458,0.163
21/07/2015 01:00,1,8.7,1.7,8.3,23.4,15.5,0.079,0.349,0.726,0.117,0.22,0.053,0.177,0.044,0.62,0.395,0.157
21/07/2015 02:00,1,11.4,2,3.6,34.9,21.1,0.099,0.395,0.703,0.11,0.209,0.037,0.21,0.006,0.633,0.251,0.155
21/07/2015 03:00,1,11.3,2.4,1.2,39.9,21.9,0.119,0.374,0.663,0.125,0.212,0.029,0.235,0.012,0.636,0.162,0.144
21/07/2015 04:00,1.2,10.3,2.8,0.9,40.1,20.6,0.137,0.341,0.593,0.135,0.224,0.022,0.134,0.039,0.63,0.097,0.127
21/07/2015 05:00,1.7,10.1,2.8,0.8,40,20.1,0.147,0.296,0.561,0.105,0.246,0.018,0.024,0.068,0.624,0.305,0.115
21/07/2015 06:00,2.3,11.4,3,0.6,39.6,19.9,0.153,0.252,0.571,0.048,0.238,0.024,0,0.095,0.628,0.279,0.111
21/07/2015 07:00,2.9,13.2,3,0.4,39.5,20.2,0.163,0.227,0.58,0.01,0.202,0.027,0,0.112,0.633,0.185,0.119
21/07/2015 08:00,2.8,14.2,2.9,0.3,40.2,21.1,0.178,0.21,0.594,0.005,0.313,0.037,0,0.12,0.641,0.123,0.146
21/07/2015 09:00,1.9,14.1,2.7,0.1,41.1,22.7,0.154,0.195,0.613,0.003,0.399,0.043,0,0.113,0.663,0.086,0.177
21/07/2015 10:00,1.1,13.1,2.4,0.1,41.1,24.4,0.13,0.18,0.63,0.001,0.397,0.038,0,0.114,0.7,0.069,0.185
21/07/2015 11:00,0.3,10.7,2.3,0.2,37.8,24.9,0.142,0.082,0.651,0.001,0.332,0.038,0,0.137,0.718,0.065,0.169
21/07/2015 12:00,0.1,9.7,2.6,0.5,32.4,22.9,0.137,0.159,0.678,0.001,0.249,0.017,0,0.196,0.735,0.083,0.137
21/07/2015 13:00,0,11.7,3,1.2,30.1,19.7,0.166,0.358,0.702,0,0.179,0.062,0,0.289,0.734,0.133,0.103
21/07/2015 14:00,0,12.7,3.8,2.2,28.5,18.7,0.205,0.413,0.705,0,0.129,0.175,0.003,0.367,0.722,0.244,0.081
21/07/2015 15:00,0,12.6,3.6,3.1,25.1,18.8,0.247,0.368,0.682,0,0.096,0.241,0.015,0.431,0.684,0.481,0.08
21/07/2015 16:00,0,11.8,3.4,3.6,22.7,18.6,0.268,0.294,0.642,0,0.073,0.253,0.032,0.482,0.643,0.647,0.099
21/07/2015 17:00,0,10.8,3.1,3.9,22.4,18.3,0.259,0.241,0.605,0,0.069,0.238,0.077,0.504,0.616,0.57,0.112
21/07/2015 18:00,0,9.6,2.8,4.4,22.5,18.5,0.196,0.208,0.584,0.002,0.084,0.223,0.199,0.46,0.599,0.479,0.118
21/07/2015 19:00,0,9,2.8,5.3,24.5,19.1,0.154,0.188,0.559,0.021,0.123,0.209,0.347,0.388,0.58,0.421,0.123
21/07/2015 20:00,0,8.5,2.9,6.3,24.4,18.8,0.17,0.178,0.525,0.076,0.162,0.19,0.437,0.328,0.562,0.391,0.136
21/07/2015 21:00,0,7.5,2.8,7,24,18.2,0.239,0.177,0.494,0.141,0.185,0.185,0.447,0.248,0.578,0.379,0.155
21/07/2015 22:00,0,7,2.9,6.9,24.9,17.2,0.316,0.204,0.467,0.201,0.19,0.167,0.436,0.192,0.612,0.363,0.169
21/07/2015 23:00,0,7.3,2.8,5.6,24.4,16.2,0.364,0.245,0.436,0.243,0.179,0.12,0.432,0.175,0.633,0.335,0.166
22/07/2015 00:00,0,6.2,1.8,4,23.2,15.4,0.302,0.368,0.412,0.261,0.167,0.117,0.429,0.171,0.655,0.294,0.147
22/07/2015 01:00,0.2,5.7,1.8,2.6,21.6,13.5,0.174,0.476,0.398,0.256,0.168,0.104,0.424,0.135,0.69,0.251,0.122
22/07/2015 02:00,0.5,7,2.1,2.5,27.2,17.8,0.195,0.506,0.4,0.243,0.193,0.087,0.425,0.107,0.724,0.245,0.101
22/07/2015 03:00,0.5,7.3,2.5,1.6,35.4,20,0.206,0.461,0.412,0.237,0.217,0.076,0.429,0.088,0.75,0.236,0.094
22/07/2015 04:00,0.4,6.8,2.3,0.9,38.3,21,0.188,0.375,0.425,0.243,0.224,0.067,0.271,0.089,0.765,0.23,0.101
22/07/2015 05:00,0.5,6.8,2.1,0.4,39,21.7,0.177,0.358,0.442,0.24,0.235,0.051,0.148,0.074,0.764,0.449,0.114
22/07/2015 06:00,0.7,7.3,1.9,0.1,40.1,22.3,0.158,0.333,0.444,0.221,0.185,0.036,0.068,0.056,0.747,0.431,0.135
22/07/2015 07:00,0.8,8.1,1.8,0.1,41.1,23.4,0.163,0.294,0.428,0.187,0.188,0.025,0.038,0.041,0.721,0.332,0.171
22/07/2015 08:00,0.8,9.2,1.6,0.1,41.8,25,0.203,0.257,0.407,0.264,0.223,0.017,0.026,0.035,0.714,0.258,0.214
22/07/2015 09:00,0.9,10.8,1.3,0.1,42.6,26,0.265,0.223,0.387,0.273,0.167,0.012,0.022,0.035,0.73,0.222,0.244
22/07/2015 10:00,0.8,11.8,1,0,42.6,26.2,0.296,0.192,0.364,0.231,0.124,0.008,0.021,0.047,0.74,0.219,0.264
22/07/2015 11:00,0.7,10.8,0.8,0.1,41.6,25.1,0.294,0.084,0.338,0.215,0.1,0.004,0.023,0.084,0.739,0.235,0.274
22/07/2015 12:00,1,9.9,1.3,0.1,36.6,21.9,0.341,0.183,0.317,0.241,0.077,0.001,0.032,0.16,0.741,0.281,0.278
22/07/2015 13:00,1.5,11.1,2.4,0.2,31.1,17.9,0.348,0.265,0.3,0.294,0.058,0.013,0.067,0.278,0.75,0.368,0.295
22/07/2015 14:00,1.8,12.5,3.4,0.4,29.3,16.3,0.343,0.281,0.278,0.308,0.039,0.066,0.223,0.395,0.765,0.485,0.334
22/07/2015 15:00,2.5,13.4,3.9,0.8,28.7,15.7,0.363,0.294,0.253,0.283,0.029,0.125,0.479,0.501,0.79,0.59,0.37
22/07/2015 16:00,2.8,13.9,4.2,1.3,28.2,14.6,0.376,0.328,0.223,0.257,0.024,0.162,0.607,0.555,0.818,0.629,0.386
22/07/2015 17:00,3.3,13.7,4.3,2.4,28.8,14.8,0.387,0.381,0.193,0.232,0.026,0.185,0.633,0.555,0.84,0.538,0.389
22/07/2015 18:00,3.7,13.3,4.7,3.2,29.4,15.1,0.419,0.435,0.169,0.224,0.036,0.2,0.574,0.51,0.849,0.459,0.379
22/07/2015 19:00,3.9,13.2,4.4,3.1,29.4,15.8,0.422,0.488,0.143,0.243,0.061,0.206,0.519,0.509,0.846,0.459,0.355
22/07/2015 20:00,4,12.3,4.4,2.6,28.6,15.7,0.398,0.532,0.103,0.256,0.094,0.201,0.488,0.538,0.832,0.444,0.317
22/07/2015 21:00,3.4,11.6,5.3,1.8,26.9,13.8,0.376,0.542,0.054,0.294,0.14,0.193,0.471,0.538,0.807,0.484,0.271
22/07/2015 22:00,3,12.1,5.3,1.4,25,12.1,0.361,0.525,0.019,0.319,0.195,0.178,0.458,0.511,0.789,0.441,0.219
22/07/2015 23:00,2.7,13.7,4.7,1.4,23,11.6,0.334,0.488,0.006,0.299,0.248,0.124,0.444,0.478,0.791,0.394,0.177
23/07/2015 00:00,1.9,12.5,4.9,1.3,20.4,11.6,0.249,0.454,0.002,0.243,0.276,0.083,0.426,0.426,0.8,0.296,0.146
23/07/2015 01:00,2.7,10.6,6.5,0.6,17.5,11.1,0.285,0.424,0.001,0.191,0.283,0.071,0.413,0.388,0.814,0.248,0.133
23/07/2015 02:00,3.4,12.6,8.5,0.3,27.9,14.7,0.363,0.366,0.002,0.161,0.311,0.057,0.415,0.27,0.829,0.208,0.132
23/07/2015 03:00,4,15.6,9.2,0.1,34.3,16.6,0.375,0.336,0.005,0.155,0.327,0.047,0.422,0.125,0.833,0.174,0.134
23/07/2015 04:00,4.8,16,10.3,0,36.1,16,0.349,0.32,0.017,0.153,0.308,0.031,0.296,0.061,0.822,0.168,0.141
23/07/2015 05:00,5.4,15.2,11.4,0.1,36.4,15.6,0.317,0.289,0.049,0.139,0.256,0.02,0.163,0.035,0.82,0.42,0.154
23/07/2015 06:00,5.5,13.9,12,0.1,36.4,15.7,0.292,0.245,0.061,0.112,0.197,0.021,0.085,0.026,0.835,0.425,0.164
23/07/2015 07:00,5.5,13,11.8,0.1,36.6,16.3,0.282,0.205,0.061,0.084,0.137,0.02,0.062,0.027,0.862,0.344,0.176
23/07/2015 08:00,5.3,12.5,10.1,0.1,38,16.9,0.274,0.178,0.055,0.125,0.156,0.015,0.051,0.029,0.891,0.302,0.195
23/07/2015 09:00,4.7,12.2,8.5,0.1,40.2,18.2,0.258,0.163,0.049,0.091,0.164,0.014,0.036,0.03,0.905,0.284,0.223
23/07/2015 10:00,4.2,12.2,6.9,0.1,41.2,19.7,0.249,0.146,0.05,0.017,0.147,0.011,0.02,0.04,0.912,0.286,0.259
23/07/2015 11:00,3.5,12.5,6.1,0.2,39.6,20.5,0.257,0.08,0.055,0,0.121,0.007,0.011,0.062,0.917,0.309,0.3
23/07/2015 12:00,2.9,13.5,5.8,0.3,33.2,19.4,0.299,0.155,0.064,0,0.093,0.002,0.007,0.104,0.914,0.344,0.34
23/07/2015 13:00,3,15.3,6.3,0.6,26.4,16.6,0.374,0.193,0.079,0.001,0.069,0.004,0.007,0.18,0.899,0.405,0.374
23/07/2015 14:00,3,16.2,5.7,1.1,23.9,16.5,0.377,0.219,0.095,0.014,0.055,0.021,0.047,0.257,0.876,0.484,0.403
23/07/2015 15:00,2.4,15.9,4.9,1.5,22.6,17.7,0.328,0.242,0.1,0.045,0.045,0.037,0.18,0.286,0.864,0.562,0.416
23/07/2015 16:00,1.5,15,5.6,1.7,22.1,18.8,0.343,0.261,0.088,0.076,0.033,0.054,0.314,0.275,0.865,0.6,0.416
23/07/2015 17:00,1.1,14.3,5.2,2.1,21.5,20.3,0.314,0.259,0.073,0.114,0.024,0.074,0.357,0.223,0.885,0.526,0.408
23/07/2015 18:00,0.7,14.4,5.4,2,21.3,21.7,0.293,0.231,0.061,0.179,0.014,0.098,0.332,0.177,0.917,0.392,0.393
23/07/2015 19:00,0.3,14,5.2,1.7,22.2,22.6,0.281,0.184,0.049,0.264,0.005,0.128,0.287,0.156,0.94,0.311,0.367
23/07/2015 20:00,0.3,14.5,5.1,1.4,23.2,23,0.277,0.151,0.04,0.301,0.002,0.157,0.243,0.163,0.953,0.266,0.341
23/07/2015 21:00,0.2,16,5.6,1.3,23,23.4,0.28,0.151,0.03,0.296,0.001,0.186,0.259,0.171,0.946,0.241,0.332
23/07/2015 22:00,0.3,17.7,5.8,1.1,22.7,23.6,0.289,0.141,0.021,0.255,0.001,0.192,0.278,0.169,0.936,0.22,0.334
23/07/2015 23:00,0.6,18.4,5.3,1.3,22.6,21.9,0.289,0.181,0.017,0.201,0.002,0.154,0.29,0.179,0.928,0.206,0.332
24/07/2015 00:00,0.6,17.5,3.9,1.4,21,20.1,0.246,0.457,0.018,0.153,0.009,0.101,0.279,0.195,0.924,0.205,0.316
24/07/2015 01:00,1.1,16,3.6,1.1,19.3,19.2,0.22,0.58,0.029,0.112,0.027,0.079,0.293,0.233,0.925,0.193,0.283
24/07/2015 02:00,2.9,20,5.2,1.2,27.3,23.7,0.27,0.535,0.049,0.087,0.061,0.068,0.329,0.237,0.926,0.177,0.256
24/07/2015 03:00,4.3,24.1,6.6,1.6,29.3,26.5,0.29,0.411,0.076,0.071,0.108,0.058,0.363,0.191,0.938,0.163,0.247
24/07/2015 04:00,5.8,24.2,7,1.6,28.6,26.3,0.257,0.219,0.1,0.077,0.167,0.032,0.197,0.163,0.952,0.147,0.256
24/07/2015 05:00,7.1,22,7.1,1.3,28.2,25,0.205,0.112,0.126,0.085,0.22,0.026,0.05,0.152,0.962,0.297,0.264
24/07/2015 06:00,7.6,18.9,7.3,0.8,29.2,24,0.178,0.061,0.163,0.087,0.223,0.022,0.028,0.135,0.964,0.305,0.264
24/07/2015 07:00,8.5,15.4,7.2,0.6,30.9,23.9,0.179,0.039,0.206,0.082,0.195,0.02,0.021,0.114,0.96,0.236,0.271
24/07/2015 08:00,9.5,12.3,6.4,0.6,32.7,24.3,0.177,0.035,0.245,0.11,0.203,0.018,0.014,0.087,0.958,0.187,0.289
24/07/2015 09:00,10.8,10.8,5.9,0.7,35.2,25.9,0.166,0.043,0.291,0.107,0.165,0.018,0.01,0.05,0.964,0.156,0.305
24/07/2015 10:00,9,9.8,4.9,0.8,36.8,27.9,0.155,0.06,0.341,0.075,0.121,0.017,0.011,0.022,0.972,0.138,0.31
24/07/2015 11:00,5.3,9.2,4.3,0.9,34.6,28.7,0.186,0.04,0.39,0.032,0.087,0.013,0.014,0.008,0.975,0.13,0.301
24/07/2015 12:00,3.3,10,4.7,1.1,28.8,25.8,0.185,0.091,0.434,0.008,0.064,0.007,0.016,0.002,0.972,0.138,0.294
24/07/2015 13:00,2.8,11.9,4.6,1.4,23.1,22.3,0.211,0.197,0.476,0.003,0.046,0.019,0.028,0.001,0.967,0.175,0.302
24/07/2015 14:00,2.4,13.3,3.6,2.3,20.5,22.6,0.249,0.259,0.511,0.003,0.032,0.068,0.1,0,0.965,0.257,0.318
24/07/2015 15:00,2.1,14.2,3.1,3.8,20.2,23.2,0.29,0.211,0.514,0.006,0.017,0.1,0.243,0,0.967,0.47,0.332
24/07/2015 16:00,1.6,14.7,3.1,6.5,19.4,23,0.29,0.114,0.491,0.027,0.007,0.1,0.384,0,0.97,0.672,0.334
24/07/2015 17:00,0.9,14.5,2.9,9.8,17.8,24,0.245,0.057,0.473,0.108,0.005,0.094,0.432,0,0.973,0.687,0.323
24/07/2015 18:00,0.5,13,2.8,10.8,17.1,24.2,0.201,0.05,0.468,0.252,0.004,0.094,0.401,0,0.975,0.649,0.301
24/07/2015 19:00,0.4,11.8,2.8,9.1,16.7,24.4,0.164,0.045,0.466,0.341,0.003,0.096,0.321,0.002,0.973,0.596,0.274
24/07/2015 20:00,0.3,10.8,2.7,6.6,16.8,24.9,0.14,0.032,0.457,0.429,0.003,0.091,0.245,0.006,0.964,0.544,0.248
24/07/2015 21:00,0.2,10,2.6,4.3,16.2,25.5,0.146,0.029,0.441,0.473,0.004,0.098,0.199,0.011,0.947,0.538,0.232
24/07/2015 22:00,0.2,10.1,2.6,3,14.7,25.7,0.163,0.043,0.428,0.398,0.011,0.08,0.176,0.01,0.928,0.54,0.225
24/07/2015 23:00,0.2,10.5,3,2.4,14.1,25.9,0.162,0.073,0.421,0.272,0.023,0.05,0.158,0.007,0.917,0.506,0.221
25/07/2015 00:00,0.2,10,2.3,2.5,14.2,26.4,0.112,0.138,0.41,0.193,0.04,0.047,0.136,0.005,0.913,0.416,0.217
25/07/2015 01:00,1.6,8.5,2.1,3,16.9,25.7,0.061,0.229,0.4,0.167,0.061,0.034,0.109,0.004,0.914,0.293,0.219
25/07/2015 02:00,3.1,12.1,3.1,3.4,26.6,33.3,0.041,0.28,0.394,0.155,0.084,0.033,0.114,0.007,0.913,0.207,0.225
25/07/2015 03:00,3.9,16.7,3.8,3.9,31.1,38.4,0.023,0.292,0.422,0.133,0.104,0.039,0.136,0.011,0.914,0.152,0.224
25/07/2015 04:00,4.6,17.2,4.1,4.3,32,39.3,0.019,0.278,0.478,0.117,0.115,0.034,0.11,0.014,0.91,0.13,0.22
25/07/2015 05:00,5,15,4.3,4.4,31.7,39.8,0.018,0.264,0.526,0.112,0.118,0.03,0.048,0.012,0.905,0.27,0.226
25/07/2015 06:00,5.2,12.1,4.7,4.6,31.4,40.8,0.011,0.251,0.562,0.123,0.09,0.021,0.023,0.009,0.9,0.274,0.236
25/07/2015 07:00,6.1,9.1,5.4,4.9,31.6,42.1,0.004,0.224,0.583,0.118,0.049,0.016,0.02,0.005,0.893,0.245,0.244
25/07/2015 08:00,7.9,6.2,6.1,5.4,32.7,43.3,0.001,0.198,0.591,0.198,0.058,0.013,0.013,0.002,0.888,0.241,0.249
25/07/2015 09:00,8.2,4.4,6.1,4.8,36.1,44.7,0,0.155,0.583,0.306,0.052,0.01,0.006,0,0.877,0.251,0.251
25/07/2015 10:00,7.6,3.4,6.2,3.4,39.1,45.7,0,0.127,0.568,0.305,0.037,0.008,0.002,0,0.862,0.259,0.251
25/07/2015 11:00,4.6,2.9,6.4,2.4,39.1,45.1,0,0.041,0.568,0.231,0.022,0.008,0.001,0,0.841,0.267,0.251
25/07/2015 12:00,2,2.7,6.6,2.1,35.4,41.4,0,0.045,0.58,0.16,0.012,0.01,0,0,0.817,0.301,0.257
25/07/2015 13:00,2.1,3.3,6.8,2.5,30.2,37.2,0,0.067,0.583,0.112,0.006,0.061,0,0,0.801,0.383,0.27
25/07/2015 14:00,2,4,7.1,4.4,25.3,36.3,0,0.047,0.59,0.076,0.004,0.128,0,0.001,0.787,0.507,0.287
25/07/2015 15:00,1.9,4.9,8,8,23.2,37.1,0.001,0.037,0.623,0.05,0.002,0.179,0.002,0.006,0.779,0.62,0.302
25/07/2015 16:00,1.5,5.9,8.1,12.5,21.8,36.4,0.009,0.032,0.667,0.031,0.002,0.227,0.007,0.03,0.784,0.668,0.31
25/07/2015 17:00,0.8,6.9,8,15,19.3,36.5,0.034,0.026,0.697,0.016,0.001,0.256,0.014,0.084,0.788,0.573,0.309
25/07/2015 18:00,0.2,7.6,7.7,14.7,17.5,36.4,0.079,0.022,0.71,0.011,0.001,0.261,0.018,0.153,0.785,0.486,0.303
25/07/2015 19:00,0.1,8.5,7.1,13,18,36.3,0.124,0.019,0.737,0.017,0,0.266,0.013,0.192,0.773,0.427,0.288
25/07/2015 20:00,0.1,9.4,6.7,11.4,17.8,35.4,0.143,0.018,0.767,0.059,0,0.274,0.004,0.184,0.762,0.381,0.255
25/07/2015 21:00,0.2,10.8,7.2,10.8,17.3,34.1,0.155,0.02,0.733,0.134,0,0.269,0,0.135,0.764,0.395,0.216
25/07/2015 22:00,0.1,12.1,7.1,11,18.2,33.4,0.177,0.031,0.642,0.218,0.002,0.233,0,0.087,0.765,0.39,0.173
25/07/2015 23:00,0.1,13,5.8,11.5,16.6,32.2,0.231,0.059,0.552,0.301,0.008,0.155,0,0.059,0.762,0.337,0.133
26/07/2015 00:00,0.1,11.7,3,11.5,15.2,31.6,0.224,0.113,0.499,0.346,0.029,0.105,0,0.042,0.741,0.324,0.097
26/07/2015 01:00,1,10.6,2.1,9.9,14.4,30.8,0.291,0.189,0.477,0.313,0.071,0.079,0.001,0.021,0.736,0.297,0.069
26/07/2015 02:00,2,12.9,2.3,8.7,24.7,39.7,0.371,0.232,0.448,0.234,0.129,0.059,0.004,0.011,0.759,0.275,0.051
26/07/2015 03:00,3,17,1.9,7,31.1,47,0.406,0.217,0.433,0.199,0.177,0.046,0.011,0.005,0.8,0.25,0.042
26/07/2015 04:00,4.1,17.1,2,5.6,32.8,49.2,0.423,0.177,0.444,0.201,0.185,0.036,0.009,0.001,0.831,0.214,0.04
26/07/2015 05:00,5.1,15.4,2.3,4.9,34,50,0.43,0.131,0.454,0.171,0.177,0.02,0,0,0.852,0.361,0.041
26/07/2015 06:00,5.7,13.3,2.4,4.8,35.8,50.2,0.407,0.089,0.454,0.133,0.146,0.014,0,0,0.864,0.357,0.048
26/07/2015 07:00,6.6,10.5,2.4,4.6,37.8,50.2,0.37,0.063,0.464,0.083,0.087,0.012,0,0,0.864,0.287,0.058
26/07/2015 08:00,6.2,7.6,2.1,4.6,39.6,50,0.334,0.058,0.479,0.051,0.108,0.013,0,0,0.844,0.254,0.066
26/07/2015 09:00,5.1,6.7,1.8,5,39.3,50.1,0.323,0.058,0.488,0.042,0.098,0.015,0,0,0.791,0.252,0.061
26/07/2015 10:00,3.1,6.5,1.5,5.3,38,49.3,0.313,0.045,0.488,0.015,0.056,0.02,0,0,0.732,0.272,0.05
26/07/2015 11:00,1.5,6.8,1.6,5.6,36.1,47,0.259,0.015,0.493,0.002,0.03,0.025,0,0,0.695,0.305,0.038
26/07/2015 12:00,0.6,7.9,1.9,6,30.1,43,0.238,0.017,0.515,0,0.018,0.021,0.002,0.003,0.674,0.346,0.027
26/07/2015 13:00,0.5,9.3,2.3,6.4,23,38.8,0.249,0.048,0.544,0,0.015,0.038,0.013,0.013,0.672,0.403,0.019
26/07/2015 14:00,0.4,10.2,2.6,7.5,19.7,38.6,0.233,0.103,0.591,0,0.017,0.09,0.061,0.061,0.654,0.476,0.014
26/07/2015 15:00,0.5,10,3,8.5,19.3,40.1,0.192,0.157,0.615,0,0.02,0.16,0.121,0.132,0.648,0.563,0.01
26/07/2015 16:00,0.7,9.8,3.2,9.5,18.7,41.7,0.153,0.201,0.552,0,0.02,0.229,0.172,0.182,0.667,0.615,0.009
26/07/2015 17:00,0.9,10.1,3.3,10.8,17.8,42.1,0.116,0.212,0.363,0,0.021,0.294,0.198,0.201,0.684,0.58,0.011
26/07/2015 18:00,1.1,10.9,4.1,12,18.2,43,0.133,0.203,0.188,0.002,0.022,0.334,0.208,0.183,0.703,0.506,0.013
26/07/2015 19:00,1.1,11.8,5.6,13,18.2,43.8,0.217,0.189,0.14,0.025,0.022,0.344,0.192,0.136,0.715,0.427,0.014
26/07/2015 20:00,1.1,13.4,9,13.6,17.5,44.7,0.261,0.179,0.162,0.084,0.016,0.341,0.14,0.082,0.73,0.376,0.013
26/07/2015 21:00,1.1,13.9,9.8,14.3,16.6,45.2,0.26,0.19,0.144,0.149,0.013,0.332,0.088,0.034,0.738,0.32,0.011
26/07/2015 22:00,1.2,14.5,10.6,15.5,15.9,45.5,0.343,0.22,0.083,0.201,0.016,0.294,0.049,0.009,0.741,0.308,0.009
26/07/2015 23:00,0.7,16,11.1,16.5,14.8,45.5,0.432,0.24,0.021,0.231,0.022,0.201,0.035,0.005,0.747,0.305,0.006
27/07/2015 00:00,0.2,15.2,9.6,17,13.9,46,0.454,0.324,0.016,0.237,0.036,0.118,0.04,0.005,0.752,0.307,0.003
27/07/2015 01:00,1.1,13.7,9.5,15.2,14.2,45.7,0.644,0.378,0.027,0.242,0.062,0.093,0.06,0.003,0.751,0.291,0.001
27/07/2015 02:00,1.8,16.9,8.9,19.1,22.6,49.7,0.759,0.364,0.025,0.246,0.095,0.076,0.083,0.001,0.752,0.26,0
27/07/2015 03:00,3,21.7,7.6,29,28.6,53.9,0.756,0.294,0.02,0.177,0.113,0.053,0.094,0,0.774,0.234,0
27/07/2015 04:00,3.1,22.2,6.7,32.3,29.9,56.2,0.696,0.197,0.016,0.113,0.122,0.04,0.035,0.001,0.802,0.212,0
27/07/2015 05:00,3.2,19.7,6.3,32.2,29.9,57.4,0.593,0.106,0.012,0.139,0.121,0.02,0,0.003,0.823,0.434,0
27/07/2015 06:00,3.4,16.7,6,30,29.9,58,0.482,0.047,0.008,0.133,0.101,0.017,0,0.006,0.837,0.448,0
27/07/2015 07:00,3.4,14.6,5.6,26,30.1,58.4,0.401,0.024,0.007,0.077,0.051,0.014,0,0.007,0.844,0.346,0
27/07/2015 08:00,3.8,13.6,4.6,20.9,30.7,58.4,0.365,0.028,0.008,0.053,0.06,0.012,0.002,0.006,0.841,0.274,0
27/07/2015 09:00,4.4,12.7,3.9,16.5,32.5,57.9,0.376,0.055,0.005,0.038,0.063,0.012,0.011,0.005,0.826,0.234,0
27/07/2015 10:00,4.2,11.7,3.6,13.3,34.1,57.3,0.407,0.098,0.004,0.022,0.042,0.011,0.018,0.004,0.809,0.225,0
27/07/2015 11:00,2.2,10,2.8,11.1,33.8,57.3,0.519,0.059,0.005,0.012,0.034,0.015,0.027,0.004,0.812,0.231,0.001
27/07/2015 12:00,1.1,8.9,2.6,9.7,30.5,56,0.704,0.028,0.004,0.007,0.035,0.023,0.04,0.007,0.798,0.266,0.005
27/07/2015 13:00,0.8,10.1,3.5,8.9,25.6,53.9,0.678,0.072,0.005,0.006,0.035,0.097,0.072,0.024,0.8,0.347,0.011
27/07/2015 14:00,0.5,11.4,5.3,9.1,20.9,53.4,0.551,0.099,0.006,0.009,0.036,0.196,0.192,0.067,0.822,0.466,0.017
27/07/2015 15:00,0.3,12.5,6.1,10.5,17.8,52.6,0.416,0.091,0.005,0.011,0.038,0.277,0.312,0.076,0.853,0.586,0.025
27/07/2015 16:00,0.4,13.3,8,12.5,16.2,51.8,0.366,0.076,0.004,0.012,0.039,0.336,0.375,0.063,0.879,0.651,0.034
27/07/2015 17:00,0.2,13.7,9.5,14.7,15.4,51.5,0.314,0.063,0.002,0.015,0.043,0.355,0.41,0.049,0.893,0.618,0.041
27/07/2015 18:00,0.2,14.5,10.3,16.8,15.7,51.5,0.282,0.051,0.001,0.022,0.049,0.352,0.419,0.042,0.898,0.553,0.048
27/07/2015 19:00,0.2,14.7,10.2,18.7,16.5,51.5,0.284,0.042,0.001,0.029,0.065,0.328,0.348,0.046,0.905,0.46,0.055
27/07/2015 20:00,0.2,14.2,9.6,20.9,16.6,51.7,0.33,0.036,0,0.041,0.087,0.311,0.228,0.058,0.911,0.43,0.068
27/07/2015 21:00,0.2,12.5,8.9,22.7,16.3,51.3,0.384,0.034,0,0.047,0.118,0.231,0.141,0.074,0.91,0.429,0.082
27/07/2015 22:00,0.1,10.5,8.8,23.1,15.7,50.8,0.419,0.036,0.002,0.05,0.171,0.097,0.108,0.078,0.906,0.394,0.091
27/07/2015 23:00,0.1,9.8,9.1,22.9,15,50.4,0.447,0.06,0.01,0.045,0.247,0.024,0.143,0.072,0.909,0.347,0.09
28/07/2015 00:00,0.1,9.1,6.8,23.3,14.9,50.4,0.401,0.144,0.019,0.032,0.306,0.012,0.243,0.064,0.914,0.288,0.079
28/07/2015 01:00,0.7,8.8,6.8,20,14.7,50.3,0.463,0.244,0.03,0.023,0.347,0.024,0.355,0.042,0.923,0.241,0.068
28/07/2015 02:00,2,14.2,9,31,19,54.2,0.55,0.282,0.043,0.024,0.382,0.033,0.441,0.046,0.936,0.201,0.06
28/07/2015 03:00,2.5,21,9.3,44.6,21.9,56.5,0.523,0.26,0.055,0.04,0.41,0.033,0.495,0.035,0.948,0.167,0.054
28/07/2015 04:00,3.1,22.7,8.9,47.7,22.9,57.7,0.461,0.19,0.072,0.091,0.412,0.03,0.337,0.029,0.954,0.21,0.05
28/07/2015 05:00,4.1,21.7,7.9,46.3,23,58.3,0.423,0.133,0.102,0.134,0.416,0.027,0.288,0.037,0.954,0.705,0.053
28/07/2015 06:00,5,19.8,6.4,42.6,23.4,58.6,0.41,0.096,0.14,0.151,0.367,0.031,0.202,0.047,0.949,0.727,0.066
28/07/2015 07:00,6.1,18,4.5,37.2,23.9,59.1,0.41,0.069,0.17,0.122,0.4,0.037,0.168,0.044,0.939,0.623,0.09
28/07/2015 08:00,7.1,16.8,2.8,30.7,24.4,59.4,0.419,0.048,0.195,0.146,0.466,0.033,0.147,0.038,0.925,0.523,0.119
28/07/2015 09:00,7.1,16.8,1.8,26.7,25.1,59.6,0.415,0.041,0.217,0.169,0.403,0.036,0.133,0.035,0.903,0.449,0.136
28/07/2015 10:00,5.7,16.8,1.4,25.1,26.2,59.4,0.38,0.046,0.237,0.097,0.316,0.053,0.133,0.038,0.866,0.41,0.138
28/07/2015 11:00,2.9,16.9,1.4,23.6,27.8,58.8,0.371,0.018,0.259,0.033,0.251,0.042,0.147,0.054,0.824,0.399,0.133
28/07/2015 12:00,1,18.7,1.6,21.4,26.6,57.2,0.369,0.001,0.277,0.012,0.206,0.018,0.189,0.091,0.793,0.413,0.125
28/07/2015 13:00,0.7,21.5,2.9,19.5,22.8,54.9,0.365,0,0.294,0.006,0.172,0.04,0.31,0.161,0.763,0.466,0.115
28/07/2015 14:00,0.4,22.2,3.6,20.3,19.2,54.2,0.327,0,0.314,0.005,0.145,0.142,0.47,0.273,0.743,0.549,0.101
28/07/2015 15:00,0.2,20.9,3.8,21,16,53.7,0.264,0.001,0.325,0.008,0.123,0.231,0.521,0.368,0.727,0.633,0.086
28/07/2015 16:00,0.3,18.8,3.3,21.7,15.3,53.2,0.212,0.001,0.321,0.017,0.115,0.3,0.464,0.422,0.725,0.662,0.08
28/07/2015 17:00,0.5,17.7,3.4,21.5,15.3,53.2,0.218,0.001,0.308,0.056,0.118,0.355,0.492,0.424,0.741,0.571,0.09
28/07/2015 18:00,0.6,18,4.3,20.3,15.5,53.4,0.305,0,0.281,0.153,0.145,0.388,0.604,0.382,0.768,0.467,0.113
28/07/2015 19:00,0.4,19.5,5.2,18,15.5,53.2,0.398,0,0.243,0.304,0.189,0.401,0.706,0.356,0.799,0.392,0.141
28/07/2015 20:00,0.3,18.2,5.9,16.5,15.7,53.4,0.384,0,0.209,0.398,0.233,0.4,0.778,0.375,0.828,0.375,0.167
28/07/2015 21:00,0.2,18.1,6.6,14.6,16,53.9,0.387,0,0.164,0.421,0.268,0.371,0.805,0.411,0.849,0.363,0.185
28/07/2015 22:00,0.2,20.9,7.3,12.7,16,54.1,0.429,0,0.116,0.428,0.311,0.3,0.804,0.407,0.859,0.322,0.196
28/07/2015 23:00,0.2,22.9,7.7,11.1,16.2,54.1,0.436,0,0.079,0.365,0.353,0.192,0.799,0.388,0.867,0.225,0.191
29/07/2015 00:00,0.2,20.5,6.7,9.6,16.2,54.2,0.377,0.007,0.054,0.299,0.353,0.122,0.833,0.376,0.875,0.149,0.169
29/07/2015 01:00,0.5,19.6,7.1,9.2,16.6,54,0.454,0.045,0.035,0.262,0.332,0.088,0.842,0.335,0.886,0.103,0.138
29/07/2015 02:00,1.2,28.4,11.3,11.3,22.7,56.8,0.484,0.093,0.02,0.235,0.325,0.062,0.839,0.379,0.896,0.085,0.103
29/07/2015 03:00,3.3,31.4,15.2,13.8,26,58.5,0.454,0.106,0.013,0.214,0.32,0.035,0.847,0.305,0.909,0.097,0.078
29/07/2015 04:00,6.8,31.1,15.4,15.9,25.7,59,0.454,0.103,0.012,0.151,0.32,0.015,0.824,0.208,0.91,0.109,0.068
29/07/2015 05:00,10.8,29.2,14.9,17.8,25,58.6,0.523,0.111,0.017,0.101,0.343,0.008,0.91,0.127,0.902,0.639,0.068
29/07/2015 06:00,15.6,27.6,14,19.7,24.9,58.2,0.601,0.117,0.027,0.105,0.355,0.007,0.866,0.068,0.901,0.722,0.074
29/07/2015 07:00,19.4,26.4,14,21.8,25.5,58,0.624,0.11,0.036,0.101,0.309,0.008,0.762,0.03,0.899,0.636,0.088
29/07/2015 08:00,19.9,24.9,13.8,23.8,27,57.7,0.618,0.095,0.041,0.053,0.335,0.009,0.623,0.011,0.891,0.568,0.107
29/07/2015 09:00,15,22.1,12.5,24.5,29.8,57.9,0.528,0.073,0.041,0.036,0.374,0.009,0.481,0.004,0.877,0.525,0.109
29/07/2015 10:00,10.7,19.7,8.9,23.6,32.8,57.9,0.437,0.052,0.041,0.015,0.349,0.006,0.37,0.013,0.861,0.5,0.094
29/07/2015 11:00,3,16.3,5.9,20.5,34.3,57.1,0.425,0.015,0.044,0.001,0.277,0.004,0.308,0.078,0.847,0.485,0.072
29/07/2015 12:00,1.3,16.7,8.1,15.5,32.9,54,0.405,0,0.043,0,0.196,0.003,0.283,0.23,0.835,0.499,0.051
29/07/2015 13:00,0.8,19,13.6,11.1,28.7,49.7,0.386,0,0.03,0,0.136,0.021,0.296,0.441,0.83,0.539,0.035
29/07/2015 14:00,1,20.6,15.7,9.1,23.9,48.3,0.358,0.001,0.017,0,0.101,0.076,0.348,0.628,0.837,0.59,0.023
29/07/2015 15:00,0.8,20.9,14.8,8.1,20.7,47.2,0.331,0.005,0.011,0,0.078,0.133,0.43,0.693,0.839,0.619,0.013
29/07/2015 16:00,0.7,19.3,14.5,8.6,19.1,46.5,0.296,0.007,0.008,0.001,0.072,0.186,0.45,0.69,0.831,0.654,0.006
29/07/2015 17:00,0.7,19,15.2,11.7,18.4,46.2,0.246,0.008,0.005,0.003,0.057,0.241,0.544,0.653,0.827,0.585,0.004
29/07/2015 18:00,0.7,17.7,15.9,18.1,17.8,46.2,0.245,0.009,0.002,0.011,0.051,0.284,0.552,0.596,0.836,0.506,0.002
29/07/2015 19:00,0.7,17.4,16.3,25,18,46.5,0.241,0.009,0.001,0.037,0.054,0.31,0.613,0.539,0.856,0.454,0.001
29/07/2015 20:00,0.7,17.5,17.7,29.3,18.4,46.9,0.217,0.011,0,0.079,0.059,0.323,0.599,0.451,0.872,0.401,0.001
29/07/2015 21:00,1.4,16.8,19.5,31,17.5,46.5,0.232,0.015,0,0.11,0.067,0.312,0.574,0.386,0.868,0.36,0.001
29/07/2015 22:00,2.8,17.5,20.1,30.9,17.2,45.4,0.235,0.025,0,0.126,0.084,0.266,0.566,0.338,0.849,0.34,0.001
29/07/2015 23:00,3.7,18.2,20.4,29.9,17,43.5,0.229,0.073,0,0.133,0.118,0.179,0.587,0.245,0.818,0.328,0.005
30/07/2015 00:00,1.7,18,19.5,28,15.7,42.1,0.163,0.248,0,0.126,0.154,0.096,0.621,0.125,0.785,0.286,0.012
30/07/2015 01:00,1.6,18.6,21,23.9,16.5,40.7,0.144,0.416,0,0.116,0.167,0.052,0.624,0.064,0.768,0.223,0.023
30/07/2015 02:00,4,29.8,22.7,24.5,25.5,48.8,0.176,0.469,0,0.11,0.158,0.037,0.654,0.041,0.773,0.168,0.029
30/07/2015 03:00,7.9,33.4,23.8,23.6,28.2,52.3,0.192,0.466,0,0.101,0.139,0.026,0.629,0.008,0.798,0.125,0.021
30/07/2015 04:00,11.7,28.9,23.9,21,27.4,52.9,0.196,0.359,0.012,0.074,0.127,0.017,0.574,0.002,0.819,0.086,0.012
30/07/2015 05:00,11.8,26.2,24.9,16.9,26.6,53.1,0.196,0.27,0.045,0.046,0.142,0.014,0.535,0.007,0.83,0.45,0.009
30/07/2015 06:00,12.1,24.7,26,14.2,26.2,53.4,0.193,0.208,0.081,0.035,0.151,0.011,0.27,0.018,0.836,0.513,0.007
30/07/2015 07:00,13.5,22.7,27.1,13.7,26.5,53.5,0.193,0.153,0.115,0.022,0.148,0.011,0.101,0.028,0.837,0.413,0.005
30/07/2015 08:00,15.1,20.6,27.4,14.1,27.2,53.7,0.204,0.125,0.144,0.014,0.223,0.016,0.038,0.037,0.826,0.355,0.003
30/07/2015 09:00,15,19.2,26,13,29.4,54.4,0.212,0.086,0.167,0.004,0.223,0.022,0.018,0.028,0.788,0.334,0.001
30/07/2015 10:00,10.8,17.4,22.7,11.4,32.4,54.9,0.22,0.041,0.183,0.002,0.148,0.022,0.009,0.013,0.73,0.334,0.001
30/07/2015 11:00,5.1,15.1,20.2,10.7,34.5,54.4,0.227,0.002,0.194,0.001,0.096,0.015,0.005,0.006,0.68,0.342,0.004
30/07/2015 12:00,2.9,14.2,19.8,10.4,32.9,50.7,0.225,0,0.197,0,0.069,0.01,0.004,0.006,0.653,0.367,0.015
30/07/2015 13:00,2.8,16.1,20.5,11.5,28.1,45.1,0.263,0,0.199,0,0.05,0.018,0.006,0.021,0.656,0.425,0.039
30/07/2015 14:00,2.4,18.8,21.9,15.7,23.9,42.1,0.294,0,0.201,0.001,0.037,0.044,0.051,0.082,0.684,0.505,0.071
30/07/2015 15:00,2,20.7,24.7,22.3,21.5,41.5,0.317,0.003,0.204,0.001,0.026,0.07,0.168,0.163,0.715,0.583,0.099
30/07/2015 16:00,2.1,20.7,25.9,30.9,20.7,41.9,0.281,0.008,0.208,0.002,0.015,0.095,0.296,0.205,0.749,0.632,0.112
30/07/2015 17:00,2.7,20.1,25,39.8,20.2,42.6,0.289,0.01,0.213,0.004,0.009,0.122,0.341,0.184,0.779,0.529,0.114
30/07/2015 18:00,3.4,19.3,25.2,43,20.3,43.8,0.305,0.01,0.22,0.015,0.003,0.147,0.36,0.131,0.794,0.42,0.113
30/07/2015 19:00,3,18.3,24.6,43.8,20,44.6,0.245,0.009,0.223,0.052,0.003,0.167,0.436,0.083,0.801,0.341,0.117
30/07/2015 20:00,2.7,17.7,23.5,44.2,19.1,45.8,0.212,0.009,0.229,0.108,0.008,0.182,0.444,0.06,0.806,0.289,0.129
30/07/2015 21:00,2.4,17.7,22.5,42.5,19.3,45.5,0.236,0.01,0.224,0.166,0.027,0.192,0.461,0.063,0.796,0.255,0.147
30/07/2015 22:00,2.1,18.5,21.2,40.6,18.9,44.1,0.253,0.017,0.208,0.228,0.073,0.183,0.526,0.076,0.771,0.225,0.164
30/07/2015 23:00,2,19,21.2,38.4,18.3,42.4,0.244,0.053,0.193,0.299,0.15,0.144,0.642,0.09,0.762,0.192,0.174
31/07/2015 00:00,1.7,17.5,20.1,36.6,17.5,40.6,0.186,0.209,0.178,0.326,0.22,0.086,0.646,0.095,0.772,0.162,0.193
31/07/2015 01:00,2.1,13.3,20.6,37.3,17.5,38,0.147,0.374,0.158,0.302,0.251,0.053,0.678,0.087,0.779,0.132,0.233
31/07/2015 02:00,2.3,15,21,43.9,25.7,45.3,0.164,0.42,0.139,0.266,0.259,0.043,0.69,0.051,0.791,0.101,0.28
31/07/2015 03:00,2.7,18.7,22.4,43.6,27.9,49.7,0.136,0.379,0.131,0.215,0.261,0.029,0.696,0.008,0.809,0.071,0.322
31/07/2015 04:00,3.7,19.5,24,39.6,27.5,50,0.1,0.29,0.128,0.169,0.259,0.022,0.638,0,0.82,0.047,0.343
31/07/2015 05:00,5.5,19.5,24.6,34.8,27,50,0.075,0.192,0.127,0.131,0.27,0.029,0.568,0,0.813,0.259,0.36
31/07/2015 06:00,7.1,17.7,25.7,30.4,26.6,50.2,0.062,0.11,0.13,0.099,0.205,0.031,0.326,0,0.789,0.328,0.37
31/07/2015 07:00,7.2,16.5,25.2,27.7,26.6,50.8,0.065,0.067,0.134,0.068,0.205,0.03,0.14,0,0.744,0.258,0.355
31/07/2015 08:00,7.3,15.2,23.9,25.9,27.2,51.4,0.086,0.037,0.133,0.058,0.3,0.03,0.069,0,0.672,0.202,0.339
31/07/2015 09:00,6.6,13.5,24.9,23.4,29.2,52.7,0.107,0.021,0.121,0.045,0.314,0.027,0.041,0.006,0.584,0.161,0.336
31/07/2015 10:00,5.6,11.9,26.7,20.2,31.4,53.7,0.143,0.014,0.108,0.023,0.278,0.022,0.034,0.02,0.527,0.134,0.345
31/07/2015 11:00,3.7,10.1,26.1,16.9,31.6,53.4,0.18,0.002,0.093,0.011,0.233,0.015,0.036,0.036,0.488,0.12,0.355
31/07/2015 12:00,3,10,23.7,13.3,27.9,48.8,0.215,0.005,0.077,0.006,0.198,0.008,0.043,0.07,0.459,0.12,0.367
31/07/2015 13:00,2.6,11.3,23.2,11.6,23.5,42.4,0.281,0.006,0.068,0.005,0.17,0.01,0.05,0.161,0.43,0.149,0.403
31/07/2015 14:00,2,11.8,23.9,16.1,20.6,38.4,0.306,0.003,0.073,0.006,0.144,0.019,0.059,0.304,0.42,0.228,0.426
31/07/2015 15:00,1.6,12.2,21.3,25.7,19.4,36,0.302,0.001,0.105,0.008,0.105,0.031,0.047,0.386,0.477,0.425,0.428
31/07/2015 16:00,1.1,12.7,19.2,37.8,19.1,34.4,0.282,0.001,0.157,0.015,0.059,0.049,0.111,0.398,0.524,0.63,0.425
31/07/2015 17:00,0.8,14.2,18.3,46,19.2,36.2,0.261,0.001,0.218,0.031,0.03,0.078,0.233,0.381,0.542,0.67,0.412
31/07/2015 18:00,0.8,15.7,18.2,46.7,19.2,38.7,0.251,0,0.274,0.054,0.015,0.115,0.305,0.35,0.567,0.579,0.388
31/07/2015 19:00,0.9,17.9,17.6,45.3,19.2,38.9,0.235,0,0.324,0.083,0.011,0.153,0.346,0.312,0.58,0.443,0.357
31/07/2015 20:00,0.9,20,16.5,40.6,18.7,39.2,0.239,0,0.376,0.121,0.019,0.179,0.346,0.294,0.577,0.376,0.337
31/07/2015 21:00,0.9,20.7,14.9,39.1,17.8,39.8,0.227,0,0.431,0.151,0.047,0.186,0.337,0.253,0.538,0.337,0.338
31/07/2015 22:00,1,20.7,12.8,40.9,17.2,38.4,0.213,0.001,0.479,0.162,0.108,0.182,0.332,0.191,0.49,0.311,0.367
31/07/2015 23:00,1.4,21.2,11,41.9,16.2,36.3,0.208,0.002,0.538,0.168,0.197,0.161,0.432,0.153,0.466,0.328,0.404
01/08/2015 00:00,1.6,20.4,7.6,41.3,15.1,34.1,0.127,0.011,0.584,0.161,0.272,0.114,0.432,0.133,0.447,0.311,0.442
01/08/2015 01:00,4.2,18.3,6.6,43,15.1,31,0.089,0.045,0.602,0.145,0.286,0.087,0.408,0.106,0.41,0.278,0.474
01/08/2015 02:00,5.5,18.4,9.3,49.4,22.9,38.5,0.077,0.095,0.602,0.133,0.261,0.063,0.432,0.068,0.378,0.241,0.498
01/08/2015 03:00,10.2,22.2,11.5,48.1,27.1,42.9,0.095,0.124,0.595,0.133,0.246,0.042,0.42,0.042,0.383,0.22,0.498
01/08/2015 04:00,14,23.7,13.3,43.5,26.2,42.3,0.13,0.132,0.591,0.133,0.27,0.021,0.3,0.026,0.381,0.178,0.484
01/08/2015 05:00,16.2,23.4,13.8,38.6,24.7,41.6,0.163,0.122,0.599,0.134,0.338,0.012,0.132,0.015,0.351,0.388,0.458
01/08/2015 06:00,17.7,22.5,13,33.6,23.9,41.9,0.186,0.101,0.616,0.122,0.334,0.009,0.03,0.009,0.305,0.367,0.413
01/08/2015 07:00,18.4,21.2,11.8,29,23.6,43,0.192,0.074,0.643,0.088,0.413,0.008,0.051,0.008,0.259,0.261,0.366
01/08/2015 08:00,16.8,20.2,9.9,25.3,23.7,44.5,0.189,0.048,0.668,0.103,0.516,0.008,0.084,0.013,0.227,0.18,0.328
01/08/2015 09:00,13.5,19.7,7.3,22.5,24.6,46.5,0.161,0.025,0.675,0.082,0.465,0.005,0.103,0.022,0.195,0.125,0.304
01/08/2015 10:00,8.6,18.8,4.9,20,25.9,48,0.148,0.007,0.671,0.041,0.344,0.003,0.112,0.045,0.169,0.093,0.289
01/08/2015 11:00,3.8,17.5,3.4,18.2,27.1,47.9,0.17,0,0.663,0.014,0.201,0.003,0.124,0.11,0.175,0.079,0.278
01/08/2015 12:00,1.5,17,3.8,17.8,26.4,44.3,0.182,0,0.656,0.004,0.103,0.001,0.139,0.278,0.211,0.084,0.269
01/08/2015 13:00,1.1,14.8,4.2,21.7,24.2,38.1,0.225,0,0.655,0.002,0.061,0.003,0.145,0.505,0.272,0.114,0.261
01/08/2015 14:00,0.7,12,4.3,31.7,22.3,34.4,0.237,0,0.661,0.002,0.046,0.014,0.158,0.599,0.335,0.178,0.264
01/08/2015 15:00,0.4,12,4.5,39.5,20.5,33.1,0.223,0.001,0.684,0.003,0.037,0.034,0.178,0.621,0.373,0.354,0.264
01/08/2015 16:00,0.2,13.1,4.3,43.1,18.7,32.6,0.18,0.013,0.716,0.01,0.034,0.058,0.199,0.578,0.364,0.554,0.245
01/08/2015 17:00,0.3,14.6,3.9,44.6,17.5,33.6,0.148,0.058,0.748,0.035,0.026,0.088,0.208,0.501,0.331,0.615,0.213
01/08/2015 18:00,0.2,15.6,3.5,44,16.8,33.7,0.149,0.113,0.774,0.117,0.023,0.121,0.198,0.442,0.28,0.544,0.175
01/08/2015 19:00,0.2,15.7,3.3,39.6,17.2,33.9,0.179,0.155,0.784,0.274,0.022,0.154,0.165,0.387,0.233,0.435,0.132
01/08/2015 20:00,0.2,14.8,3.1,35.4,18.3,35.3,0.203,0.176,0.777,0.395,0.03,0.179,0.121,0.353,0.22,0.395,0.092
01/08/2015 21:00,0.2,14,3,31.4,18,34.2,0.183,0.156,0.754,0.436,0.049,0.18,0.083,0.302,0.202,0.367,0.062
01/08/2015 22:00,0.2,13.7,3.1,24.8,17.1,31.5,0.167,0.121,0.724,0.42,0.078,0.145,0.055,0.255,0.177,0.353,0.046
01/08/2015 23:00,0.2,13.8,3.3,20,16,30.4,0.169,0.078,0.692,0.395,0.099,0.079,0.036,0.238,0.161,0.32,0.038
02/08/2015 00:00,0.4,12.1,2.6,17.2,14.8,28.7,0.127,0.061,0.664,0.32,0.094,0.037,0.024,0.238,0.14,0.274,0.036
02/08/2015 01:00,2.1,10.2,2.2,18.7,13.8,26,0.114,0.046,0.637,0.274,0.099,0.025,0.023,0.196,0.123,0.211,0.034
02/08/2015 02:00,2.9,15.2,2.4,20.9,19,34,0.12,0.045,0.618,0.268,0.146,0.017,0.035,0.167,0.112,0.163,0.03
02/08/2015 03:00,3.4,22.3,2.6,18.3,20.9,38.7,0.157,0.048,0.586,0.241,0.251,0.009,0.062,0.118,0.104,0.126,0.022
02/08/2015 04:00,3.9,24.6,2.3,16.8,19.7,38.8,0.195,0.02,0.551,0.178,0.317,0.006,0.055,0.1,0.096,0.121,0.016
02/08/2015 05:00,4.2,24.7,2.1,15.5,18.8,38.4,0.23,0,0.523,0.13,0.383,0.005,0.132,0.1,0.088,0.355,0.02
02/08/2015 06:00,5.3,24,2.2,13.3,18.9,38.9,0.252,0.002,0.495,0.101,0.41,0.006,0.22,0.095,0.076,0.398,0.036
02/08/2015 07:00,6.4,22.6,2.4,11.1,19.6,40.1,0.254,0.041,0.47,0.082,0.394,0.009,0.22,0.08,0.061,0.325,0.051
02/08/2015 08:00,6.6,20.8,2.5,9.3,20.4,41.5,0.243,0.084,0.447,0.152,0.489,0.017,0.233,0.062,0.054,0.245,0.062
02/08/2015 09:00,6.2,18.7,2.4,8.4,21.5,43.1,0.202,0.112,0.444,0.154,0.468,0.017,0.248,0.047,0.048,0.193,0.066
02/08/2015 10:00,4.5,16.2,2.4,8,23.5,44.1,0.158,0.134,0.449,0.122,0.382,0.008,0.255,0.044,0.045,0.168,0.07
02/08/2015 11:00,2,13.9,2.4,7.6,26,43.1,0.144,0.095,0.447,0.086,0.297,0,0.263,0.053,0.039,0.162,0.082
02/08/2015 12:00,0.7,14.5,3.4,7.2,26.1,38,0.121,0.074,0.446,0.059,0.248,0,0.264,0.079,0.041,0.187,0.099
02/08/2015 13:00,0.4,17.1,3.9,8.5,23.7,30.4,0.123,0.122,0.447,0.036,0.22,0,0.239,0.147,0.05,0.251,0.113
02/08/2015 14:00,0.3,18.7,3.5,13.1,21.8,26,0.127,0.093,0.452,0.018,0.2,0,0.241,0.292,0.067,0.36,0.118
02/08/2015 15:00,0.2,19.5,3.4,18.3,19.9,24.8,0.13,0.072,0.467,0.015,0.192,0.001,0.278,0.454,0.081,0.495,0.115
02/08/2015 16:00,0.2,19.7,3.6,22.3,18.5,24.9,0.128,0.086,0.494,0.033,0.192,0.002,0.322,0.574,0.089,0.627,0.106
02/08/2015 17:00,0.2,19.3,3.6,25.5,17.7,24.8,0.11,0.11,0.526,0.101,0.172,0.006,0.328,0.644,0.092,0.637,0.093
02/08/2015 18:00,0.2,18,3.4,28.2,17.9,25.4,0.081,0.118,0.565,0.283,0.181,0.017,0.305,0.661,0.086,0.557,0.078
02/08/2015 19:00,0.2,16.5,2.9,26.2,17.7,26.7,0.056,0.109,0.594,0.444,0.192,0.041,0.341,0.644,0.077,0.414,0.061
02/08/2015 20:00,0.2,15.7,3.1,22,17.3,27.6,0.045,0.088,0.615,0.469,0.184,0.072,0.395,0.563,0.063,0.354,0.04
02/08/2015 21:00,0.3,15.5,3.6,19,15.7,27.7,0.055,0.074,0.589,0.422,0.175,0.099,0.438,0.479,0.047,0.361,0.022
02/08/2015 22:00,0.3,15.4,3.9,17.4,14.1,27.7,0.084,0.07,0.547,0.374,0.18,0.095,0.45,0.411,0.034,0.413,0.006
02/08/2015 23:00,0.2,16,4.2,15.5,14.3,25.9,0.14,0.072,0.529,0.328,0.201,0.055,0.469,0.376,0.02,0.422,0.001
03/08/2015 00:00,0,15.5,3.1,13.3,14,23.7,0.157,0.101,0.526,0.289,0.213,0.045,0.489,0.355,0.014,0.352,0
03/08/2015 01:00,0,15.6,3.9,12.8,13.9,21.4,0.202,0.12,0.525,0.266,0.229,0.034,0.51,0.31,0.015,0.268,0
03/08/2015 02:00,0.4,20.9,4.9,14,20.3,29.7,0.212,0.108,0.523,0.265,0.247,0.021,0.533,0.309,0.021,0.203,0
03/08/2015 03:00,1.3,25.2,6.3,10,22.9,33.6,0.235,0.071,0.501,0.262,0.251,0.026,0.513,0.272,0.029,0.199,0.001
03/08/2015 04:00,3.4,26,6.8,5.5,23.7,31,0.234,0.034,0.469,0.247,0.246,0.03,0.359,0.284,0.035,0.206,0.003
03/08/2015 05:00,6.7,25.9,7.4,3.5,24.4,28.2,0.219,0.012,0.444,0.223,0.233,0.031,0.292,0.329,0.026,0.672,0.02
03/08/2015 06:00,10,25,8.9,2.9,26,27,0.203,0.006,0.425,0.205,0.264,0.03,0.11,0.358,0.012,0.667,0.04
03/08/2015 07:00,11,23.7,9.2,2.8,28,27.2,0.168,0.019,0.408,0.162,0.302,0.027,0.039,0.374,0.007,0.563,0.038
03/08/2015 08:00,10.3,22.4,8.6,2.8,30.4,28.5,0.128,0.069,0.395,0.208,0.386,0.027,0.018,0.374,0.011,0.471,0.046
03/08/2015 09:00,9.2,21.7,7,2.7,32.9,31.1,0.101,0.125,0.444,0.231,0.375,0.02,0.011,0.311,0.014,0.401,0.054
03/08/2015 10:00,7.1,20.8,4.9,2.4,34.2,33.8,0.077,0.132,0.519,0.214,0.302,0.014,0.007,0.245,0.019,0.356,0.057
03/08/2015 11:00,4,18.5,3.8,2.4,32.4,35.3,0.068,0.084,0.574,0.203,0.228,0.011,0.005,0.222,0.023,0.332,0.062
03/08/2015 12:00,2.1,17.6,4,2.9,26.8,33.3,0.055,0.093,0.607,0.194,0.157,0.004,0.004,0.228,0.026,0.329,0.069
03/08/2015 13:00,2.1,18.8,4.4,4.9,23.4,28.5,0.053,0.138,0.621,0.164,0.093,0.004,0.005,0.272,0.028,0.365,0.073
03/08/2015 14:00,2.1,19.4,4.4,10.1,22.5,25.7,0.073,0.175,0.626,0.127,0.049,0.015,0.018,0.395,0.027,0.445,0.077
03/08/2015 15:00,2,18.8,4.3,15.5,22.9,23.5,0.167,0.193,0.639,0.085,0.024,0.039,0.093,0.542,0.028,0.568,0.086
03/08/2015 16:00,1.8,17.7,4.4,19.9,23.2,23,0.201,0.182,0.661,0.045,0.011,0.057,0.259,0.656,0.027,0.678,0.103
03/08/2015 17:00,1.6,17,4.8,23.2,23.2,23.6,0.127,0.16,0.688,0.03,0.004,0.061,0.45,0.726,0.023,0.653,0.127
03/08/2015 18:00,1.5,16,4.4,24.2,23.9,24.7,0.106,0.136,0.707,0.055,0.003,0.064,0.604,0.755,0.018,0.532,0.153
03/08/2015 19:00,1.4,14.8,3.9,24,24.2,26.5,0.102,0.114,0.713,0.128,0.005,0.068,0.644,0.745,0.013,0.459,0.169
03/08/2015 20:00,1.6,14,3.8,24.4,23.1,26.9,0.085,0.107,0.71,0.162,0.013,0.072,0.631,0.678,0.008,0.437,0.184
03/08/2015 21:00,1.9,13.5,4.1,25.7,21.6,27.2,0.079,0.101,0.704,0.162,0.028,0.084,0.617,0.551,0.007,0.435,0.194
03/08/2015 22:00,1.6,13.4,3.6,27.2,20,27.4,0.094,0.096,0.698,0.209,0.055,0.089,0.633,0.488,0.008,0.406,0.199
03/08/2015 23:00,1.7,13.2,2.9,26.2,18.8,25.5,0.125,0.095,0.692,0.298,0.105,0.073,0.667,0.464,0.006,0.354,0.196
04/08/2015 00:00,2.1,10.5,1.9,25.2,18,24.7,0.098,0.14,0.693,0.229,0.175,0.083,0.716,0.464,0.005,0.332,0.185
04/08/2015 01:00,2.9,10.9,2.4,27.6,17.6,22.7,0.076,0.187,0.692,0.085,0.243,0.084,0.689,0.494,0.006,0.221,0.179
04/08/2015 02:00,4.5,14.8,3.9,35.1,28.4,30.6,0.084,0.187,0.695,0.016,0.282,0.084,0.695,0.649,0.006,0.111,0.179
04/08/2015 03:00,5,15.4,4,32.8,32.5,37.6,0.094,0.139,0.697,0.002,0.319,0.068,0.651,0.696,0.003,0.058,0.177
04/08/2015 04:00,6.7,15.7,4.4,25.9,33.3,38,0.089,0.088,0.695,0.001,0.317,0.058,0.505,0.728,0.001,0.055,0.18
04/08/2015 05:00,8.6,16.5,5.6,18.9,34,37.5,0.074,0.051,0.686,0.001,0.27,0.055,0.346,0.723,0,0.44,0.196
04/08/2015 06:00,9.7,17.1,7.4,14,35.6,37.6,0.062,0.026,0.668,0.003,0.201,0.05,0.033,0.711,0,0.436,0.223
04/08/2015 07:00,9,16.8,8.8,11.5,38.1,38.4,0.058,0.011,0.642,0.005,0.242,0.05,0.004,0.71,0,0.322,0.246
04/08/2015 08:00,7.6,15.9,9.2,10.6,40.7,39.6,0.056,0.005,0.613,0.009,0.243,0.048,0.006,0.714,0,0.249,0.262
04/08/2015 09:00,6.8,15.4,8.3,10.3,43.8,41.8,0.043,0.004,0.586,0.007,0.181,0.036,0.012,0.663,0,0.206,0.27
04/08/2015 10:00,5.6,15,6.5,10,45.8,43.6,0.025,0.005,0.558,0.005,0.123,0.033,0.018,0.59,0,0.184,0.278
04/08/2015 11:00,3.5,13.8,4.4,9.5,44.9,43.6,0.022,0.001,0.535,0.004,0.089,0.029,0.024,0.556,0.001,0.18,0.305
04/08/2015 12:00,2,14.3,5.4,9.8,39.6,40.7,0.019,0,0.522,0.01,0.073,0.018,0.026,0.571,0.003,0.192,0.355
04/08/2015 13:00,2.2,16,6.6,12.1,33.9,38.2,0.017,0,0.522,0.024,0.061,0.064,0.038,0.621,0.004,0.228,0.388
04/08/2015 14:00,2.4,15.8,6.7,18.1,30.9,36.7,0.017,0,0.54,0.048,0.045,0.127,0.093,0.706,0.004,0.291,0.379
04/08/2015 15:00,2.1,14.5,6.4,23.3,29.9,35.9,0.027,0,0.574,0.073,0.026,0.157,0.101,0.781,0.003,0.465,0.352
04/08/2015 16:00,1.6,13.3,6.1,27.7,27.8,35.9,0.03,0,0.613,0.087,0.009,0.168,0.176,0.777,0.002,0.661,0.325
04/08/2015 17:00,1.1,12.1,6.5,31.5,26.5,36.6,0.013,0,0.649,0.083,0.003,0.18,0.391,0.739,0.002,0.693,0.294
04/08/2015 18:00,0.7,11.6,6.1,33,26.6,37.3,0.002,0,0.681,0.089,0,0.195,0.531,0.686,0.002,0.654,0.256
04/08/2015 19:00,0.5,10.3,5.1,31.4,27.2,38.4,0.001,0.001,0.696,0.14,0,0.202,0.574,0.637,0.002,0.601,0.225
04/08/2015 20:00,0.3,8.3,4.5,25.7,27.6,38.7,0.006,0.001,0.696,0.23,0,0.187,0.575,0.596,0.005,0.55,0.204
04/08/2015 21:00,0.3,7.3,4.8,21.2,26.9,37.5,0.023,0.001,0.663,0.314,0.001,0.155,0.546,0.557,0.007,0.493,0.2
04/08/2015 22:00,0.2,6.8,4.9,19.7,26.2,36.9,0.028,0,0.61,0.317,0.009,0.122,0.537,0.563,0.005,0.449,0.209
04/08/2015 23:00,0.1,7,4.4,19.1,25.4,35.8,0.041,0,0.561,0.256,0.05,0.076,0.556,0.591,0.002,0.424,0.226
05/08/2015 00:00,0.2,6.6,3.4,19.2,23.8,35.2,0.046,0,0.529,0.218,0.128,0.061,0.579,0.628,0,0.401,0.248
05/08/2015 01:00,1.2,8.1,4.4,20.5,22.3,32.6,0.027,0.002,0.506,0.223,0.222,0.054,0.607,0.633,0,0.37,0.276
05/08/2015 02:00,4.6,12.6,5.4,23.7,30.7,35.2,0.008,0.005,0.491,0.228,0.263,0.054,0.622,0.675,0,0.314,0.3
05/08/2015 03:00,10.1,15.2,7,21.6,36.9,43.5,0.002,0.014,0.519,0.225,0.251,0.044,0.62,0.661,0,0.241,0.305
05/08/2015 04:00,16.4,15.3,8.6,17.2,39.5,46.7,0.001,0.024,0.574,0.202,0.251,0.038,0.544,0.659,0,0.132,0.301
05/08/2015 05:00,21.1,14,10,12.1,41.2,47.2,0.002,0.026,0.624,0.191,0.261,0.025,0.579,0.618,0.002,0.374,0.3
05/08/2015 06:00,23.8,12.7,10.5,8.5,43,46.8,0.002,0.021,0.672,0.188,0.228,0.015,0.352,0.544,0.004,0.42,0.3
05/08/2015 07:00,24.1,11.6,10.6,6.6,44.9,46.5,0.001,0.014,0.713,0.162,0.176,0.01,0.2,0.459,0.008,0.31,0.294
05/08/2015 08:00,21.6,10.2,10.5,5.8,46.6,46.3,0,0.01,0.746,0.362,0.174,0.008,0.146,0.39,0.019,0.237,0.28
05/08/2015 09:00,19,9.7,8.7,5.2,47.6,47.2,0,0.004,0.76,0.422,0.153,0.009,0.111,0.32,0.049,0.197,0.249
05/08/2015 10:00,13.5,9.4,5.5,4.8,46.7,48.3,0,0,0.754,0.343,0.107,0.012,0.082,0.28,0.1,0.172,0.207
05/08/2015 11:00,8.5,9.1,3.4,4.8,43.5,47.3,0,0,0.732,0.255,0.07,0.017,0.063,0.289,0.14,0.158,0.162
05/08/2015 12:00,6.1,9.5,3.3,5.2,36.4,43.1,0,0,0.704,0.192,0.048,0.019,0.058,0.349,0.138,0.164,0.126
05/08/2015 13:00,7.6,12,3.3,7.3,30.7,38.3,0,0,0.686,0.159,0.037,0.045,0.099,0.488,0.102,0.202,0.102
05/08/2015 14:00,6.9,14.2,3.1,12,28.9,35.8,0,0,0.694,0.137,0.026,0.098,0.328,0.663,0.065,0.283,0.092
05/08/2015 15:00,4.8,15.4,3.5,16.2,28.1,34.6,0,0,0.731,0.133,0.014,0.146,0.645,0.749,0.041,0.44,0.095
05/08/2015 16:00,3.6,15.2,3.6,20.7,27.2,33.3,0.003,0,0.782,0.172,0.007,0.178,0.727,0.788,0.028,0.574,0.109
05/08/2015 17:00,3,13.9,3.3,25.2,27.2,32.8,0.013,0,0.829,0.251,0.005,0.186,0.774,0.812,0.022,0.583,0.126
05/08/2015 18:00,2.6,12,2.8,29.8,27.9,33.2,0.026,0,0.858,0.334,0.004,0.183,0.814,0.823,0.02,0.541,0.136
05/08/2015 19:00,2.8,11.1,2.6,31.9,29.4,34.3,0.037,0,0.866,0.42,0.007,0.172,0.771,0.763,0.021,0.501,0.133
05/08/2015 20:00,3.4,11,2.5,28.7,30,34.6,0.034,0,0.86,0.436,0.015,0.149,0.781,0.729,0.023,0.454,0.118
05/08/2015 21:00,3.5,10.3,2.2,24.5,29.6,33.5,0.013,0.001,0.832,0.382,0.032,0.111,0.77,0.72,0.021,0.413,0.1
05/08/2015 22:00,3.6,9.4,1.9,21.1,28.1,32.4,0.001,0.006,0.791,0.32,0.06,0.065,0.786,0.663,0.014,0.374,0.08
05/08/2015 23:00,3.4,8.5,1.7,18.1,26.3,31.7,0,0.026,0.746,0.27,0.104,0.026,0.807,0.615,0.004,0.309,0.062
06/08/2015 00:00,3.1,7,1.1,15.7,25.4,30.6,0.001,0.084,0.676,0.231,0.157,0.02,0.783,0.586,0.001,0.249,0.047
06/08/2015 01:00,4.2,7,1,16.3,23.5,29.4,0.015,0.134,0.601,0.204,0.212,0.025,0.764,0.61,0,0.201,0.036
06/08/2015 02:00,5.7,11.1,1.4,17.8,32.1,37.4,0.065,0.163,0.562,0.204,0.29,0.024,0.751,0.669,0,0.178,0.029
06/08/2015 03:00,5.7,12.2,1.4,16.7,37.9,41.7,0.103,0.168,0.568,0.205,0.364,0.024,0.748,0.596,0.002,0.155,0.023
06/08/2015 04:00,6.4,11.4,1.1,15.6,39.3,40.8,0.167,0.163,0.58,0.222,0.404,0.025,0.768,0.547,0.012,0.128,0.021
06/08/2015 05:00,8.4,10.1,1.1,13.5,39.5,39.3,0.236,0.154,0.585,0.245,0.395,0.03,0.788,0.523,0.033,0.297,0.022
06/08/2015 06:00,11.5,8.8,1.2,11.9,40,38.7,0.196,0.131,0.583,0.237,0.344,0.039,0.678,0.498,0.054,0.278,0.024
06/08/2015 07:00,14.5,7.7,1.2,11.9,41.1,39.1,0.138,0.09,0.579,0.207,0.349,0.044,0.481,0.44,0.064,0.208,0.025
06/08/2015 08:00,16.4,7,1.1,13,42.5,40.1,0.122,0.051,0.574,0.317,0.385,0.039,0.327,0.379,0.06,0.155,0.029
06/08/2015 09:00,14,6.4,0.8,13,44,41.1,0.118,0.023,0.613,0.314,0.339,0.035,0.231,0.285,0.05,0.112,0.035
06/08/2015 10:00,9.3,5.9,0.4,11.8,44.6,41.7,0.112,0.008,0.663,0.272,0.265,0.03,0.179,0.21,0.049,0.082,0.048
06/08/2015 11:00,5,5.5,0.3,11.1,43.4,41.1,0.11,0.001,0.692,0.234,0.197,0.025,0.158,0.178,0.064,0.066,0.064
06/08/2015 12:00,3.9,5.6,0.4,11.2,36.8,36.8,0.1,0,0.714,0.187,0.153,0.008,0.167,0.173,0.09,0.069,0.072
06/08/2015 13:00,3.4,6.7,0.5,13.1,28.1,30.1,0.085,0,0.748,0.137,0.123,0.008,0.23,0.205,0.106,0.107,0.066
06/08/2015 14:00,2.4,7.7,0.3,17.8,22.4,26.6,0.063,0.001,0.793,0.111,0.096,0.04,0.447,0.323,0.107,0.218,0.048
06/08/2015 15:00,2.1,8.4,0.3,24.2,20.7,25.6,0.058,0.001,0.82,0.112,0.066,0.084,0.656,0.508,0.104,0.459,0.027
06/08/2015 16:00,1.8,8.5,0.3,30.4,21.6,24.2,0.094,0.001,0.828,0.142,0.04,0.111,0.695,0.642,0.103,0.65,0.013
06/08/2015 17:00,1.7,8.1,0.5,34.1,22.2,23.3,0.195,0.001,0.819,0.206,0.043,0.136,0.664,0.692,0.102,0.62,0.006
06/08/2015 18:00,1.6,7.8,0.8,36.1,22.5,21.8,0.317,0.001,0.796,0.326,0.076,0.153,0.641,0.695,0.092,0.488,0.003
06/08/2015 19:00,1.4,7.5,1.1,35.4,22.8,20.7,0.389,0.002,0.762,0.454,0.137,0.158,0.625,0.631,0.082,0.368,0.001
06/08/2015 20:00,1.3,7.6,1.1,33.3,23.3,20.5,0.358,0.005,0.72,0.465,0.204,0.159,0.624,0.542,0.075,0.302,0
06/08/2015 21:00,1.1,6.8,1.4,29.9,23.2,19.5,0.291,0.01,0.649,0.4,0.27,0.164,0.618,0.451,0.069,0.247,0
06/08/2015 22:00,0.9,5.9,2,26.5,23,18.7,0.395,0.022,0.567,0.309,0.347,0.151,0.618,0.407,0.061,0.212,0.001
06/08/2015 23:00,0.7,5.1,2.5,23.5,22.1,17.3,0.556,0.051,0.484,0.254,0.412,0.1,0.592,0.422,0.051,0.194,0.003
07/08/2015 00:00,0.5,3.8,2.1,20.1,20.6,15.8,0.612,0.125,0.379,0.215,0.422,0.073,0.556,0.446,0.04,0.16,0.006
07/08/2015 01:00,0.7,2.9,1.6,19.3,20.5,13.8,0.684,0.228,0.274,0.188,0.403,0.045,0.51,0.383,0.036,0.122,0.012
07/08/2015 02:00,1,3.9,0.9,21.7,30,19.3,0.813,0.323,0.201,0.169,0.401,0.034,0.467,0.452,0.046,0.092,0.025
07/08/2015 03:00,1.5,4.2,0.6,18.6,36.2,21.9,0.844,0.372,0.193,0.152,0.355,0.03,0.442,0.44,0.054,0.074,0.042
07/08/2015 04:00,2.2,3.6,0.8,15.1,38.5,21.8,0.843,0.355,0.22,0.144,0.319,0.031,0.278,0.451,0.057,0.093,0.062
07/08/2015 05:00,3.4,2.9,1.3,12.2,39.6,22.2,0.84,0.325,0.259,0.133,0.328,0.027,0.161,0.466,0.066,0.157,0.089
07/08/2015 06:00,5.3,2.5,2.1,10.3,40.9,23.6,0.818,0.305,0.295,0.111,0.311,0.022,0.07,0.447,0.088,0.125,0.118
07/08/2015 07:00,6.8,2.3,3.1,9.3,41.8,25.9,0.801,0.277,0.334,0.078,0.399,0.017,0.023,0.407,0.133,0.083,0.143
07/08/2015 08:00,7.2,2.3,3.8,9.1,42.1,28.3,0.793,0.247,0.381,0.09,0.466,0.009,0.003,0.351,0.186,0.049,0.163
07/08/2015 09:00,6.2,2.7,3.6,9.2,42.2,30.1,0.829,0.201,0.438,0.045,0.349,0.005,0,0.272,0.199,0.027,0.176
07/08/2015 10:00,4.4,3,3.1,8.7,42,31.1,0.857,0.167,0.484,0.014,0.187,0.004,0,0.229,0.179,0.016,0.184
07/08/2015 11:00,1.9,2.9,3.4,8.3,40.1,30.9,0.834,0.062,0.523,0.001,0.182,0.008,0,0.235,0.2,0.012,0.192
07/08/2015 12:00,1,2.9,4.9,9,35.1,27.6,0.796,0.029,0.56,0,0.175,0.007,0,0.291,0.277,0.012,0.202
07/08/2015 13:00,0.8,3.3,5.9,13.3,29.2,22,0.765,0.128,0.586,0.001,0.142,0.019,0,0.395,0.328,0.017,0.224
07/08/2015 14:00,0.8,3.3,6.2,23.7,25.2,19.5,0.739,0.239,0.604,0.008,0.144,0.029,0.004,0.557,0.314,0.029,0.246
07/08/2015 15:00,0.7,3.1,6.2,31.1,24.3,19.2,0.729,0.277,0.65,0.028,0.143,0.035,0.017,0.686,0.295,0.099,0.251
07/08/2015 16:00,0.6,2.6,6.1,34.2,24.2,18.3,0.676,0.267,0.711,0.072,0.103,0.047,0.031,0.746,0.285,0.361,0.245
07/08/2015 17:00,0.4,2,6,35.9,24.2,17.8,0.62,0.243,0.731,0.137,0.064,0.054,0.032,0.713,0.244,0.622,0.249
07/08/2015 18:00,0.3,1.8,5.9,36.8,23.7,18.5,0.599,0.201,0.732,0.197,0.041,0.067,0.025,0.595,0.18,0.616,0.253
07/08/2015 19:00,0.3,1.7,5.3,35.6,23.1,19.1,0.596,0.158,0.739,0.282,0.022,0.083,0.034,0.522,0.137,0.449,0.248
07/08/2015 20:00,0.3,1.6,5.1,32.1,23.1,19.2,0.584,0.131,0.738,0.328,0.014,0.106,0.07,0.481,0.135,0.337,0.234
07/08/2015 21:00,0.4,1.3,5.4,28.4,22,18.8,0.633,0.136,0.695,0.289,0.011,0.125,0.111,0.468,0.158,0.274,0.222
07/08/2015 22:00,0.4,0.9,5.6,24.9,20.8,17.9,0.633,0.153,0.629,0.225,0.017,0.132,0.126,0.479,0.156,0.225,0.218
07/08/2015 23:00,0.3,0.6,5.6,21.5,19.9,17.2,0.635,0.155,0.571,0.161,0.033,0.102,0.138,0.485,0.131,0.192,0.227
08/08/2015 00:00,0.2,0.4,4.8,18.4,18.7,17,0.664,0.255,0.513,0.108,0.055,0.074,0.173,0.476,0.124,0.18,0.267
08/08/2015 01:00,0.5,0.2,3.8,16,18.7,14.2,0.697,0.386,0.438,0.073,0.076,0.057,0.208,0.417,0.143,0.206,0.325
08/08/2015 02:00,1.1,0.7,2.4,18.2,31.4,18.7,0.711,0.419,0.376,0.055,0.108,0.042,0.221,0.476,0.178,0.209,0.397
08/08/2015 03:00,2.1,1.3,2.1,17.3,36.4,19.8,0.711,0.403,0.421,0.048,0.158,0.028,0.205,0.43,0.208,0.223,0.451
08/08/2015 04:00,3.7,1.3,2.1,15.8,36.7,18.2,0.712,0.328,0.513,0.044,0.199,0.022,0.076,0.417,0.217,0.272,0.466
08/08/2015 05:00,4.5,1.1,2.2,15.2,36.4,17.3,0.707,0.274,0.552,0.035,0.192,0.014,0.005,0.425,0.207,0.386,0.453
08/08/2015 06:00,5.2,1.3,2.1,15,36.8,17.3,0.694,0.233,0.552,0.022,0.163,0.008,0.009,0.43,0.191,0.293,0.421
08/08/2015 07:00,6.2,2,1.9,15.1,37.8,18.3,0.672,0.241,0.568,0.008,0.146,0.005,0.012,0.427,0.176,0.192,0.367
08/08/2015 08:00,8,2.8,1.8,15.2,39.1,19.7,0.659,0.262,0.591,0.015,0.195,0.006,0.015,0.428,0.159,0.131,0.311
08/08/2015 09:00,8.3,3.4,1.6,15.2,41,21.4,0.622,0.125,0.594,0.027,0.197,0.003,0.021,0.383,0.152,0.108,0.27
08/08/2015 10:00,7.7,3.7,1.2,14.7,42.1,22.9,0.556,0.09,0.58,0.051,0.178,0.001,0.031,0.316,0.149,0.11,0.238
08/08/2015 11:00,4,3.8,0.9,15.1,40.1,23.2,0.543,0.039,0.568,0.099,0.157,0.002,0.042,0.271,0.147,0.119,0.217
08/08/2015 12:00,2.2,4.1,0.8,17.3,33.1,20.9,0.528,0.026,0.559,0.162,0.149,0.001,0.05,0.248,0.156,0.143,0.215
08/08/2015 13:00,2.2,4.6,0.8,21.9,27.2,17.3,0.501,0.074,0.539,0.221,0.144,0.002,0.064,0.274,0.159,0.212,0.234
08/08/2015 14:00,2.1,4.4,0.6,30.7,23.9,16.5,0.476,0.119,0.512,0.259,0.136,0.007,0.115,0.398,0.153,0.376,0.266
08/08/2015 15:00,2.1,3.9,0.5,36.4,22.5,16.3,0.434,0.135,0.488,0.284,0.133,0.013,0.192,0.511,0.142,0.61,0.291
08/08/2015 16:00,1.9,3.3,0.6,38.8,22,15.2,0.369,0.113,0.479,0.291,0.12,0.013,0.241,0.552,0.13,0.735,0.291
08/08/2015 17:00,1.7,2.5,0.8,39.1,23,14,0.332,0.081,0.459,0.305,0.112,0.012,0.267,0.55,0.112,0.739,0.272
08/08/2015 18:00,1.4,1.8,0.8,37.6,23.9,13.1,0.302,0.062,0.423,0.307,0.127,0.009,0.269,0.526,0.093,0.633,0.231
08/08/2015 19:00,1.3,1.4,0.8,34.4,24,12.1,0.305,0.055,0.38,0.293,0.153,0.009,0.24,0.469,0.078,0.488,0.172
08/08/2015 20:00,1.2,1.3,0.9,31,23.9,11.9,0.344,0.041,0.366,0.201,0.193,0.008,0.172,0.401,0.074,0.323,0.12
08/08/2015 21:00,0.9,1.6,1.2,27.3,23,12.4,0.322,0.03,0.341,0.101,0.225,0.012,0.122,0.316,0.069,0.296,0.112
08/08/2015 22:00,0.4,2.1,1.2,22.9,22,13,0.252,0.014,0.294,0.051,0.229,0.016,0.09,0.259,0.06,0.256,0.136
08/08/2015 23:00,0.2,2.6,0.9,18.2,21.3,12.4,0.221,0.004,0.249,0.038,0.2,0.017,0.074,0.254,0.049,0.202,0.173
09/08/2015 00:00,0,2.4,0.3,14.6,20.5,11.2,0.161,0.001,0.207,0.035,0.167,0.024,0.069,0.257,0.045,0.17,0.219
09/08/2015 01:00,0,1.8,0.1,12.5,19.3,8.8,0.158,0,0.172,0.034,0.142,0.024,0.075,0.204,0.036,0.143,0.274
09/08/2015 02:00,1.1,2.8,0.2,14.2,31.2,10.1,0.129,0.001,0.145,0.044,0.13,0.019,0.094,0.242,0.032,0.133,0.334
09/08/2015 03:00,1.8,3.3,0.8,13,38.7,11.3,0.112,0.011,0.135,0.069,0.13,0.012,0.158,0.215,0.034,0.133,0.382
09/08/2015 04:00,2.1,2.8,0.8,12,41.6,10.8,0.108,0.059,0.129,0.101,0.148,0.006,0.1,0.155,0.039,0.179,0.386
09/08/2015 05:00,3,2.2,0.8,11.9,43.7,11,0.099,0.124,0.106,0.101,0.179,0.003,0.018,0.139,0.033,0.309,0.334
09/08/2015 06:00,4.5,1.8,0.9,12.1,45.2,11.8,0.086,0.161,0.087,0.055,0.167,0.002,0.001,0.158,0.018,0.358,0.267
09/08/2015 07:00,5.8,1.6,1,12.8,46.8,13,0.072,0.164,0.084,0.011,0.118,0.002,0,0.184,0.008,0.32,0.236
09/08/2015 08:00,7.6,1.4,1.3,14.3,48.7,14.5,0.061,0.144,0.084,0.005,0.133,0.002,0,0.206,0.003,0.265,0.228
09/08/2015 09:00,7.3,1.6,1.8,15.2,48.8,16,0.055,0.118,0.078,0.002,0.073,0.002,0,0.185,0.001,0.226,0.211
09/08/2015 10:00,5.3,1.9,2,14.8,47.1,16.8,0.055,0.11,0.067,0.001,0.026,0.003,0,0.151,0,0.211,0.18
09/08/2015 11:00,2.5,2.4,2.2,14.1,43,16.3,0.068,0.049,0.055,0,0.01,0.004,0.001,0.13,0,0.228,0.142
09/08/2015 12:00,1.1,3.1,2.4,14.2,34.9,14.3,0.088,0.003,0.048,0,0.005,0.004,0.001,0.126,0,0.278,0.102
09/08/2015 13:00,1,3.6,2.2,16.1,27.4,11.7,0.133,0,0.045,0,0.003,0.003,0.003,0.152,0,0.37,0.072
09/08/2015 14:00,1.4,3.6,2.6,21.9,24.8,11.5,0.159,0,0.051,0,0.002,0.005,0.024,0.225,0.002,0.476,0.057
09/08/2015 15:00,1.4,2.7,2.7,26.4,25.4,11.9,0.149,0,0.073,0,0.001,0.018,0.057,0.31,0.008,0.544,0.051
09/08/2015 16:00,0.9,1.9,2.4,28.7,26.8,11.9,0.155,0,0.106,0.001,0.001,0.052,0.09,0.391,0.019,0.556,0.058
09/08/2015 17:00,0.6,1.4,2.1,29.2,28.3,11.8,0.175,0,0.155,0.007,0.002,0.08,0.155,0.448,0.022,0.468,0.077
09/08/2015 18:00,0.6,1.3,1.8,27.8,29.4,11.8,0.192,0,0.211,0.029,0.006,0.097,0.202,0.447,0.019,0.393,0.105
09/08/2015 19:00,0.7,1.3,2.1,24.9,29.2,11.1,0.185,0,0.263,0.1,0.025,0.108,0.203,0.417,0.016,0.316,0.124
09/08/2015 20:00,0.9,1.4,3,20.6,28.4,10.5,0.164,0,0.31,0.197,0.076,0.116,0.187,0.393,0.013,0.278,0.121
09/08/2015 21:00,0.7,1.4,4.8,18,27.2,10.2,0.151,0,0.343,0.264,0.14,0.118,0.178,0.356,0.012,0.271,0.095
09/08/2015 22:00,0.3,1.4,5.6,17.1,25.4,10,0.142,0,0.359,0.282,0.205,0.102,0.178,0.305,0.013,0.259,0.063
09/08/2015 23:00,0.2,1.4,5.4,16.4,25,9.8,0.131,0.004,0.363,0.278,0.259,0.07,0.201,0.259,0.011,0.249,0.039
10/08/2015 00:00,0.2,0.9,4.8,15,24.9,9.4,0.07,0.038,0.362,0.28,0.294,0.062,0.259,0.219,0.011,0.27,0.024
10/08/2015 01:00,0.2,0.6,5.1,12.1,25.2,8,0.046,0.093,0.347,0.264,0.32,0.044,0.31,0.142,0.011,0.325,0.015
10/08/2015 02:00,1.1,1.4,4.6,16,34.5,10,0.026,0.133,0.323,0.241,0.328,0.034,0.323,0.179,0.008,0.281,0.01
10/08/2015 03:00,2.5,2.4,3.3,16.3,41,10.9,0.01,0.157,0.267,0.217,0.309,0.027,0.302,0.101,0.006,0.234,0.007
10/08/2015 04:00,6.1,3.3,2.6,16.2,43,9.8,0.003,0.158,0.219,0.189,0.289,0.022,0.171,0.058,0.005,0.208,0.005
10/08/2015 05:00,10,4.7,3.9,16.3,43.4,9.1,0.001,0.134,0.19,0.163,0.28,0.022,0.076,0.05,0.003,0.338,0.007
10/08/2015 06:00,15.7,6.3,4.6,15.5,43.3,9.1,0.001,0.105,0.171,0.148,0.304,0.024,0.018,0.054,0.002,0.303,0.008
10/08/2015 07:00,18.9,8,3.9,13.4,42.5,9.3,0.001,0.085,0.166,0.125,0.313,0.022,0.009,0.069,0.001,0.218,0.011
10/08/2015 08:00,18.1,9,2.9,11.1,41.6,9.8,0.001,0.075,0.161,0.205,0.355,0.021,0.009,0.086,0,0.153,0.013
10/08/2015 09:00,15.2,9.3,1.9,8.6,41.2,10.6,0.001,0.068,0.179,0.236,0.326,0.022,0.009,0.093,0,0.101,0.016
10/08/2015 10:00,10,8.6,0.9,6,40.1,11,0.002,0.07,0.206,0.206,0.254,0.019,0.006,0.1,0,0.068,0.023
10/08/2015 11:00,5.2,6.8,0.8,4.4,37.1,10.6,0.003,0.037,0.221,0.155,0.182,0.02,0.004,0.114,0,0.054,0.036
10/08/2015 12:00,2.5,5.2,0.7,3.8,29.9,9.6,0.004,0.001,0.229,0.1,0.132,0.017,0.005,0.14,0,0.058,0.043
10/08/2015 13:00,1.9,4.6,1,4.6,24.5,8.6,0.007,0,0.259,0.055,0.1,0.026,0.012,0.196,0,0.085,0.037
10/08/2015 14:00,1.2,4.8,1.2,7.6,23.2,9,0.009,0.006,0.326,0.029,0.077,0.081,0.033,0.317,0,0.164,0.027
10/08/2015 15:00,0.5,5.2,1.1,11.4,23.9,9.2,0.009,0.027,0.398,0.025,0.068,0.133,0.059,0.448,0,0.391,0.02
10/08/2015 16:00,0.2,6.1,1.1,15.6,25.4,8.7,0.003,0.026,0.447,0.044,0.065,0.161,0.202,0.554,0,0.63,0.018
10/08/2015 17:00,0.2,7.1,1.2,20,25.9,8.4,0,0.02,0.479,0.126,0.074,0.179,0.398,0.621,0,0.72,0.021
10/08/2015 18:00,0.2,7.7,1.4,23,26.1,8.1,0,0.012,0.5,0.349,0.103,0.187,0.49,0.605,0,0.678,0.027
10/08/2015 19:00,0.2,7,1.6,23,27.1,8,0,0.005,0.52,0.548,0.144,0.207,0.51,0.541,0,0.539,0.03
10/08/2015 20:00,0.2,5.8,1.8,21.2,28.2,8,0,0.003,0.541,0.569,0.199,0.236,0.494,0.498,0,0.366,0.032
10/08/2015 21:00,0.2,4.6,2.3,19.3,27.8,7.6,0,0.004,0.538,0.523,0.261,0.233,0.467,0.481,0,0.289,0.036
10/08/2015 22:00,0.2,4.5,3.2,17.8,26.6,7,0,0.009,0.519,0.41,0.311,0.191,0.443,0.481,0,0.264,0.047
10/08/2015 23:00,0.4,4.9,3.6,15.8,24.2,5.9,0.001,0.01,0.519,0.286,0.312,0.12,0.426,0.451,0,0.237,0.071
11/08/2015 00:00,0.2,4.3,2.3,14.1,21.7,4.8,0.003,0.005,0.531,0.201,0.328,0.083,0.415,0.431,0,0.204,0.106
11/08/2015 01:00,0,2.7,1.1,10,18.2,3.1,0.011,0.004,0.528,0.144,0.364,0.062,0.413,0.395,0,0.187,0.159
11/08/2015 02:00,2.5,3.1,0.9,10.1,26.7,3.6,0.026,0.01,0.504,0.109,0.384,0.041,0.407,0.538,0,0.197,0.212
11/08/2015 03:00,3,4.2,0.6,7.4,35.6,4.3,0.036,0.02,0.464,0.095,0.394,0.029,0.386,0.561,0,0.191,0.233
11/08/2015 04:00,3.3,5.3,0.4,3.9,39.5,4.9,0.028,0.013,0.43,0.101,0.391,0.03,0.302,0.488,0,0.239,0.232
11/08/2015 05:00,5.5,6.1,0.8,2.4,40.5,5.7,0.013,0.004,0.398,0.105,0.406,0.032,0.223,0.395,0,0.35,0.227
11/08/2015 06:00,8.3,6.4,1.6,1.7,40.1,7,0.004,0.001,0.352,0.101,0.358,0.033,0.087,0.32,0,0.29,0.222
11/08/2015 07:00,10.8,6.1,2.1,1.3,40.5,8.4,0.001,0.001,0.305,0.064,0.348,0.029,0.042,0.279,0,0.193,0.235
11/08/2015 08:00,12.1,5.4,2.3,1.1,41.3,9.6,0,0.01,0.267,0.063,0.337,0.026,0.036,0.264,0,0.13,0.279
11/08/2015 09:00,12.6,5,2.6,0.8,41.1,10.4,0,0.041,0.264,0.051,0.292,0.026,0.031,0.251,0,0.099,0.322
11/08/2015 10:00,11.8,5.1,2.4,0.8,40.3,10.3,0,0.084,0.277,0.033,0.241,0.022,0.02,0.26,0,0.086,0.337
11/08/2015 11:00,7.2,5.2,2.1,1.1,37.4,9.3,0,0.078,0.294,0.022,0.195,0.018,0.013,0.292,0.001,0.085,0.312
11/08/2015 12:00,3.6,5.5,2.3,2,29.4,7.5,0,0.052,0.315,0.023,0.157,0.009,0.01,0.373,0.001,0.101,0.278
11/08/2015 13:00,4.4,6.2,2.1,4.9,23.2,6.7,0.003,0.094,0.339,0.037,0.132,0.012,0.012,0.491,0.002,0.151,0.243
11/08/2015 14:00,4.6,6.4,2.3,10,22.5,7.3,0.012,0.069,0.377,0.061,0.113,0.04,0.059,0.612,0.005,0.272,0.201
11/08/2015 15:00,3.4,5.7,2.1,14.2,22.4,7.5,0.035,0.046,0.43,0.086,0.097,0.094,0.176,0.646,0.008,0.5,0.126
11/08/2015 16:00,2,5,1.4,16.6,22.2,7.9,0.069,0.029,0.473,0.123,0.077,0.148,0.284,0.615,0.005,0.676,0.057
11/08/2015 17:00,0.7,4.3,1.4,17.5,23.1,9.4,0.102,0.014,0.498,0.185,0.069,0.186,0.306,0.62,0.001,0.724,0.02
11/08/2015 18:00,0.5,4.6,1.9,16.2,24.4,11.6,0.136,0.005,0.513,0.266,0.073,0.221,0.245,0.622,0.001,0.601,0.006
11/08/2015 19:00,0.7,5.8,2.1,14.2,25.8,12.5,0.167,0.002,0.526,0.343,0.089,0.241,0.164,0.638,0.001,0.508,0.004
11/08/2015 20:00,0.5,6.8,1.3,11.9,27.4,12.5,0.186,0.003,0.532,0.367,0.112,0.235,0.103,0.552,0,0.435,0.01
11/08/2015 21:00,0.3,6.4,0.8,10.5,26.6,11.1,0.182,0.009,0.484,0.317,0.145,0.217,0.073,0.45,0,0.353,0.02
11/08/2015 22:00,0.4,5.3,1,10.4,24.4,9.6,0.153,0.026,0.401,0.248,0.201,0.17,0.062,0.432,0,0.332,0.031
11/08/2015 23:00,0.3,4.3,0.8,10.6,22.9,8.4,0.109,0.075,0.317,0.21,0.267,0.101,0.063,0.463,0,0.264,0.042
12/08/2015 00:00,0.1,3.4,1.4,10.8,22.3,7.5,0.045,0.201,0.237,0.183,0.324,0.092,0.067,0.481,0,0.204,0.045
12/08/2015 01:00,0.1,2.1,2.5,9.3,19.6,6,0.022,0.319,0.166,0.145,0.345,0.072,0.067,0.485,0,0.156,0.041
12/08/2015 02:00,0.2,2.2,2.4,10,28.4,6.9,0.071,0.32,0.105,0.103,0.332,0.054,0.067,0.497,0,0.125,0.03
12/08/2015 03:00,0.4,2.8,3.1,7,35.9,8.6,0.142,0.236,0.083,0.079,0.297,0.04,0.073,0.359,0,0.153,0.013
12/08/2015 04:00,1.1,3.3,3.9,3.9,38.4,9,0.234,0.181,0.077,0.06,0.283,0.027,0.05,0.274,0,0.278,0.003
12/08/2015 05:00,3.3,4.1,4.6,2.3,39.5,8.9,0.302,0.13,0.072,0.049,0.291,0.024,0.005,0.25,0,0.483,0.001
12/08/2015 06:00,6.5,4.9,3.9,1.4,39.8,9,0.347,0.089,0.069,0.047,0.287,0.023,0.002,0.241,0,0.502,0.003
12/08/2015 07:00,9.8,5.7,3.6,1.2,40.1,9.1,0.371,0.062,0.065,0.041,0.352,0.023,0.008,0.227,0,0.43,0.02
12/08/2015 08:00,12.3,6.1,3.8,1.2,40.9,9.5,0.358,0.057,0.058,0.064,0.348,0.025,0.018,0.2,0,0.338,0.048
12/08/2015 09:00,12.6,6.1,4,1.2,41.6,10,0.312,0.062,0.047,0.094,0.278,0.037,0.027,0.167,0.001,0.271,0.081
12/08/2015 10:00,10.4,5.3,3.6,1.3,41.2,10.1,0.233,0.07,0.039,0.103,0.211,0.041,0.041,0.147,0.003,0.237,0.11
12/08/2015 11:00,5.7,4.8,3.2,1.6,38,9.3,0.174,0.045,0.035,0.091,0.171,0.032,0.054,0.152,0.005,0.232,0.12
12/08/2015 12:00,2.9,4.8,3.6,2.6,29.9,7.7,0.162,0.042,0.031,0.069,0.144,0.02,0.064,0.189,0.01,0.257,0.112
12/08/2015 13:00,3.3,5.6,3.7,4.8,23.7,7.3,0.228,0.033,0.027,0.046,0.119,0.098,0.087,0.278,0.016,0.329,0.089
12/08/2015 14:00,3.1,6.6,3.3,8.6,20.7,7.8,0.315,0.021,0.026,0.028,0.095,0.174,0.185,0.416,0.023,0.449,0.059
12/08/2015 15:00,2.4,6.8,2.8,11.8,19.7,8.3,0.313,0.015,0.034,0.017,0.076,0.226,0.338,0.506,0.03,0.561,0.036
12/08/2015 16:00,1.9,6.8,2.6,14,19.3,8.6,0.276,0.013,0.052,0.015,0.059,0.252,0.395,0.556,0.039,0.599,0.021
12/08/2015 17:00,0.9,6.8,2.6,15.7,19.6,8.9,0.249,0.01,0.079,0.028,0.05,0.253,0.352,0.556,0.048,0.527,0.012
12/08/2015 18:00,0.2,5.9,2.4,15.8,20.2,9.2,0.277,0.006,0.106,0.082,0.049,0.262,0.277,0.561,0.063,0.421,0.008
12/08/2015 19:00,0,4.7,1.8,14.6,20.5,10.1,0.253,0.003,0.127,0.208,0.059,0.285,0.216,0.572,0.073,0.339,0.006
12/08/2015 20:00,0,3.8,1.3,12.3,21.2,11.3,0.265,0.002,0.141,0.334,0.077,0.296,0.182,0.555,0.083,0.282,0.003
12/08/2015 21:00,0,4.1,1.1,11.1,19.4,11.8,0.334,0.004,0.14,0.388,0.106,0.285,0.163,0.459,0.086,0.275,0.002
12/08/2015 22:00,0,4.7,1.4,10.6,17.2,11.7,0.337,0.014,0.137,0.378,0.149,0.249,0.158,0.36,0.083,0.287,0.002
12/08/2015 23:00,0,5.4,1.8,9.9,15.8,11.6,0.379,0.061,0.142,0.348,0.207,0.167,0.167,0.28,0.075,0.294,0.004
13/08/2015 00:00,0,5.5,0.9,9.3,14.5,11.2,0.41,0.199,0.147,0.279,0.259,0.113,0.186,0.228,0.074,0.305,0.01
13/08/2015 01:00,0.1,5.1,1.2,7.5,12.6,9.3,0.523,0.316,0.155,0.203,0.284,0.079,0.205,0.16,0.074,0.294,0.018
13/08/2015 02:00,0.8,7.2,1.1,8.6,22,12.9,0.687,0.362,0.167,0.164,0.287,0.053,0.249,0.174,0.072,0.254,0.018
13/08/2015 03:00,1.5,9.1,1.3,6.4,31.1,14.8,0.726,0.311,0.163,0.144,0.275,0.049,0.313,0.122,0.061,0.214,0.015
13/08/2015 04:00,2.9,9.2,1.5,3.7,35.8,14.5,0.733,0.198,0.145,0.13,0.251,0.042,0.352,0.099,0.048,0.173,0.021
13/08/2015 05:00,4.8,8.8,1.9,2.1,38.5,13.8,0.733,0.133,0.125,0.124,0.239,0.029,0.504,0.063,0.035,0.374,0.053
13/08/2015 06:00,7.2,9,2.5,1.1,40.3,13.1,0.7,0.092,0.105,0.122,0.2,0.02,0.447,0.034,0.029,0.375,0.128
13/08/2015 07:00,9.7,9.8,3.4,0.7,41.7,12.9,0.632,0.076,0.089,0.115,0.178,0.013,0.317,0.038,0.025,0.279,0.207
13/08/2015 08:00,12.4,10.4,4.4,0.5,42.6,13.2,0.55,0.082,0.075,0.122,0.175,0.015,0.246,0.058,0.025,0.209,0.193
13/08/2015 09:00,13.4,11,5.3,0.4,42.3,14.1,0.479,0.086,0.069,0.143,0.122,0.017,0.216,0.065,0.023,0.168,0.122
13/08/2015 10:00,11.3,10.9,5.1,0.5,40.5,15.2,0.434,0.083,0.064,0.121,0.073,0.017,0.197,0.064,0.019,0.149,0.068
13/08/2015 11:00,6.4,10,4.3,0.8,36.8,15.5,0.447,0.042,0.058,0.086,0.045,0.013,0.173,0.07,0.017,0.155,0.037
13/08/2015 12:00,3.9,10.1,4.7,1.5,30.1,14,0.511,0.072,0.059,0.064,0.029,0.012,0.154,0.096,0.014,0.191,0.021
13/08/2015 13:00,4.5,11.5,4.8,3.2,24.2,12.2,0.568,0.068,0.067,0.054,0.018,0.067,0.129,0.181,0.01,0.278,0.013
13/08/2015 14:00,5.7,11.7,5.2,6.8,19.9,12.6,0.597,0.054,0.082,0.054,0.011,0.112,0.103,0.368,0.006,0.415,0.01
13/08/2015 15:00,7.6,11.9,4.8,10.6,18.5,13.5,0.575,0.048,0.106,0.069,0.006,0.147,0.089,0.522,0.004,0.586,0.014
13/08/2015 16:00,8.2,12.5,4.7,14.1,17.8,14.3,0.513,0.058,0.136,0.107,0.004,0.184,0.086,0.601,0.004,0.658,0.022
13/08/2015 17:00,6.5,12,4.4,16.8,17.5,14.7,0.46,0.078,0.167,0.161,0.004,0.216,0.083,0.594,0.008,0.578,0.029
13/08/2015 18:00,5.8,11.6,4.6,18,17.3,14.6,0.422,0.104,0.194,0.243,0.007,0.238,0.092,0.531,0.017,0.471,0.028
13/08/2015 19:00,5.9,10.6,4.2,17.2,17.5,14.6,0.39,0.132,0.212,0.355,0.02,0.261,0.108,0.457,0.021,0.4,0.018
13/08/2015 20:00,4.5,10,4,15.2,17.9,14.2,0.374,0.147,0.22,0.381,0.046,0.265,0.119,0.382,0.014,0.365,0.01
13/08/2015 21:00,3.3,9.3,3.6,13.3,17.5,12.5,0.379,0.161,0.211,0.327,0.088,0.27,0.122,0.302,0.008,0.355,0.008
13/08/2015 22:00,2.1,8.6,3.6,12,16.1,11.3,0.408,0.176,0.187,0.267,0.151,0.254,0.131,0.265,0.006,0.369,0.008
13/08/2015 23:00,1.4,8.1,3.8,10.9,15.2,10.6,0.442,0.201,0.158,0.234,0.225,0.197,0.155,0.254,0.004,0.369,0.011
14/08/2015 00:00,1,7.3,3.9,10.3,15,10.3,0.367,0.331,0.136,0.227,0.26,0.139,0.194,0.275,0.006,0.325,0.015
14/08/2015 01:00,0.7,7.8,5.1,7.8,14.7,8.7,0.379,0.42,0.122,0.228,0.257,0.112,0.249,0.316,0.012,0.277,0.021
14/08/2015 02:00,2,10.8,7.1,7.3,26.8,10.5,0.426,0.388,0.118,0.249,0.278,0.09,0.311,0.363,0.022,0.231,0.032
14/08/2015 03:00,5.1,12.1,8.1,6.3,33.9,10.6,0.395,0.341,0.127,0.233,0.32,0.068,0.363,0.194,0.03,0.192,0.042
14/08/2015 04:00,8,12.1,8.7,4.8,35.3,10.2,0.4,0.333,0.151,0.206,0.37,0.048,0.351,0.12,0.033,0.171,0.046
14/08/2015 05:00,11.5,11.8,8.8,3.8,35.5,10.7,0.432,0.339,0.181,0.172,0.41,0.043,0.407,0.153,0.028,0.302,0.047
14/08/2015 06:00,16.3,12.1,8.5,3.6,35.4,12,0.464,0.335,0.217,0.148,0.384,0.028,0.172,0.203,0.023,0.331,0.042
14/08/2015 07:00,20.3,12.6,9,4.1,35.1,13.7,0.488,0.323,0.247,0.104,0.415,0.027,0.051,0.257,0.017,0.253,0.035
14/08/2015 08:00,21.3,12.8,9.2,5.2,34.7,15.2,0.486,0.3,0.266,0.207,0.43,0.029,0.018,0.292,0.013,0.18,0.029
14/08/2015 09:00,18.2,13.1,8.5,6.1,34.6,16.9,0.442,0.255,0.287,0.251,0.357,0.031,0.008,0.289,0.008,0.137,0.022
14/08/2015 10:00,12.5,12.6,6.2,7,35.1,18.4,0.379,0.174,0.3,0.214,0.261,0.034,0.004,0.294,0.003,0.12,0.019
14/08/2015 11:00,6.1,11,4.3,8,35.6,19.1,0.358,0.078,0.309,0.196,0.184,0.034,0.003,0.325,0.001,0.121,0.022
14/08/2015 12:00,3.6,9.6,5.2,8.8,33.3,17.9,0.3,0.022,0.312,0.203,0.132,0.027,0.002,0.362,0.001,0.141,0.03
14/08/2015 13:00,4.3,10.1,5.3,9.5,27.9,15,0.236,0.033,0.314,0.223,0.092,0.079,0.005,0.375,0.001,0.207,0.035
14/08/2015 14:00,4.5,10.8,5.1,9.9,23.7,13.8,0.218,0.019,0.315,0.236,0.058,0.133,0.027,0.358,0.003,0.332,0.036
14/08/2015 15:00,4.7,10.9,4.3,10.4,22.4,13.6,0.245,0.015,0.303,0.245,0.039,0.175,0.055,0.355,0.008,0.531,0.032
14/08/2015 16:00,5.2,10.9,4.2,11.8,21.9,12.8,0.283,0.023,0.293,0.252,0.029,0.211,0.057,0.339,0.015,0.663,0.026
14/08/2015 17:00,4.9,11.2,4.8,13.8,21.3,12.7,0.291,0.048,0.291,0.255,0.032,0.24,0.043,0.358,0.026,0.644,0.017
14/08/2015 18:00,4.3,10.2,5.6,15.4,20.1,13.2,0.259,0.093,0.285,0.233,0.061,0.255,0.037,0.366,0.04,0.556,0.008
14/08/2015 19:00,3.8,8.9,5.6,16.1,19.2,13.5,0.229,0.113,0.269,0.248,0.124,0.265,0.035,0.386,0.055,0.471,0.003
14/08/2015 20:00,3.5,8,4.9,15.7,17.8,13.2,0.205,0.046,0.249,0.266,0.223,0.276,0.04,0.374,0.07,0.395,0.001
14/08/2015 21:00,3.3,7.6,5.1,14.4,15.9,12.6,0.204,0.007,0.202,0.264,0.312,0.283,0.055,0.317,0.084,0.352,0
14/08/2015 22:00,3.4,7.5,5.2,13.2,14.7,11.6,0.227,0.003,0.153,0.242,0.349,0.27,0.074,0.262,0.09,0.306,0
14/08/2015 23:00,3.7,8.1,5,12.4,14.2,10.9,0.25,0.001,0.12,0.21,0.354,0.186,0.104,0.227,0.095,0.273,0
15/08/2015 00:00,3.7,7.6,4.8,11.9,13.8,10.9,0.199,0,0.097,0.18,0.348,0.16,0.144,0.242,0.101,0.296,0
15/08/2015 01:00,5.2,5.1,7.3,9.9,13.6,10.1,0.182,0,0.075,0.158,0.338,0.125,0.175,0.221,0.11,0.279,0
15/08/2015 02:00,13.4,7.5,8.8,14.6,19.2,14,0.206,0.002,0.053,0.148,0.319,0.104,0.184,0.231,0.118,0.238,0.001
15/08/2015 03:00,18,10.5,9.8,16.7,21.7,14.7,0.199,0.009,0.053,0.136,0.279,0.072,0.182,0.144,0.13,0.175,0.006
15/08/2015 04:00,17.8,11.9,10.5,17,21,15.2,0.197,0.025,0.069,0.124,0.261,0.048,0.069,0.058,0.153,0.223,0.011
15/08/2015 05:00,17.7,12.8,11.4,17.7,19.3,17,0.201,0.037,0.089,0.128,0.231,0.045,0.001,0.033,0.185,0.335,0.013
15/08/2015 06:00,17.7,13.4,12.4,18.2,18.2,19.7,0.21,0.043,0.111,0.136,0.159,0.05,0,0.03,0.213,0.267,0.018
15/08/2015 07:00,17.6,13.5,13.2,17.8,18.3,22.4,0.22,0.045,0.128,0.093,0.141,0.056,0,0.037,0.223,0.179,0.029
15/08/2015 08:00,17.2,12.6,13.1,16.8,19.4,24.5,0.243,0.048,0.135,0.087,0.115,0.057,0.001,0.046,0.224,0.098,0.033
15/08/2015 09:00,16.8,11.2,11.9,13.9,21.2,26.8,0.256,0.039,0.132,0.09,0.069,0.059,0.006,0.04,0.204,0.04,0.032
15/08/2015 10:00,14.1,10.1,10.5,10.5,22.9,29.2,0.228,0.025,0.12,0.085,0.036,0.058,0.024,0.027,0.179,0.019,0.036
15/08/2015 11:00,9,9.3,10,8.3,24,29.6,0.213,0.009,0.112,0.097,0.016,0.047,0.054,0.023,0.161,0.017,0.047
15/08/2015 12:00,6.4,10,10.8,7.7,22.8,26,0.272,0.003,0.106,0.132,0.008,0.04,0.084,0.029,0.152,0.024,0.061
15/08/2015 13:00,7.4,11.3,10.3,9,20.9,20.7,0.314,0.005,0.108,0.167,0.004,0.111,0.111,0.058,0.145,0.046,0.073
15/08/2015 14:00,6.8,11.3,9.3,13.5,19.4,19,0.32,0.007,0.114,0.176,0.002,0.263,0.131,0.147,0.148,0.091,0.082
15/08/2015 15:00,6.5,11.3,10.6,19.8,18.6,18.1,0.269,0.009,0.123,0.167,0.001,0.365,0.139,0.259,0.184,0.233,0.093
15/08/2015 16:00,6.8,11.6,11.4,25.9,18,17.3,0.203,0.016,0.124,0.155,0.001,0.413,0.12,0.328,0.233,0.494,0.107
15/08/2015 17:00,8.2,12,11.8,29.3,16.8,16.8,0.188,0.027,0.122,0.145,0,0.419,0.1,0.323,0.268,0.619,0.116
15/08/2015 18:00,9,11.3,12.3,29.9,15.6,16.6,0.226,0.038,0.118,0.133,0,0.382,0.081,0.289,0.274,0.574,0.106
15/08/2015 19:00,9.2,10.1,12.8,27.6,14.7,16.3,0.274,0.052,0.113,0.152,0,0.334,0.067,0.241,0.265,0.443,0.076
15/08/2015 20:00,9.7,9.5,13.2,24.1,13.9,16.2,0.273,0.068,0.108,0.185,0,0.291,0.053,0.194,0.264,0.303,0.045
15/08/2015 21:00,7.6,8.5,11.2,20.4,13.2,15.9,0.25,0.082,0.087,0.179,0,0.225,0.028,0.166,0.264,0.212,0.032
15/08/2015 22:00,5.6,7.6,9.6,17.8,12.1,15.7,0.182,0.102,0.054,0.138,0,0.135,0.015,0.165,0.259,0.155,0.038
15/08/2015 23:00,4.4,7.6,9,16.7,11.4,15.3,0.223,0.164,0.022,0.101,0.001,0.055,0.005,0.167,0.26,0.132,0.053
16/08/2015 00:00,3,6.8,7.4,16.3,11.5,15.5,0.24,0.272,0.006,0.074,0.019,0.041,0.002,0.159,0.264,0.12,0.063
16/08/2015 01:00,5.1,5.3,8.7,13.3,11.1,14.4,0.148,0.281,0.001,0.076,0.053,0.04,0.001,0.139,0.264,0.088,0.063
16/08/2015 02:00,7.1,6.8,12.9,15.2,16,19.2,0.125,0.22,0,0.104,0.093,0.035,0.003,0.17,0.252,0.073,0.054
16/08/2015 03:00,9.6,8.5,16.5,14.7,17.8,20.9,0.137,0.205,0,0.125,0.13,0.035,0.004,0.096,0.24,0.073,0.053
16/08/2015 04:00,13.2,9.5,19,11.6,16.9,18.5,0.135,0.12,0.004,0.12,0.162,0.026,0.005,0.042,0.227,0.093,0.062
16/08/2015 05:00,17.7,10.2,20.7,8.4,14.5,17,0.142,0.087,0.04,0.113,0.198,0.011,0.034,0.03,0.202,0.182,0.078
16/08/2015 06:00,20.4,10.9,21.8,6.2,12.5,16.3,0.163,0.102,0.101,0.12,0.182,0.005,0.067,0.023,0.176,0.195,0.1
16/08/2015 07:00,22.1,11.4,22.3,5,11.7,17,0.195,0.131,0.176,0.123,0.146,0.003,0.051,0.018,0.15,0.155,0.127
16/08/2015 08:00,21.6,11.8,21.4,4.3,11.5,18.5,0.223,0.069,0.248,0.122,0.162,0.003,0.037,0.015,0.127,0.113,0.163
16/08/2015 09:00,18.6,11.8,18,3.8,11.1,20,0.212,0.02,0.323,0.195,0.137,0.004,0.039,0.014,0.102,0.082,0.187
16/08/2015 10:00,14.2,10.9,13.2,3.4,10.5,20.7,0.212,0.004,0.398,0.201,0.114,0.006,0.043,0.013,0.074,0.068,0.197
16/08/2015 11:00,7.9,9.8,10.1,3.4,9.7,19.5,0.213,0.001,0.471,0.195,0.099,0.011,0.048,0.013,0.056,0.063,0.2
16/08/2015 12:00,6,10.3,11.5,3.7,8.8,16.9,0.239,0.001,0.542,0.196,0.087,0.008,0.047,0.017,0.054,0.066,0.191
16/08/2015 13:00,9,11.5,12.5,5.1,8.1,15.2,0.265,0,0.61,0.196,0.076,0.01,0.04,0.043,0.058,0.087,0.175
16/08/2015 14:00,12.5,11.5,14.2,7.9,8.5,15.2,0.251,0,0.679,0.202,0.068,0.05,0.035,0.146,0.062,0.154,0.154
16/08/2015 15:00,14,11.6,15.5,12,8.4,14.2,0.218,0,0.737,0.217,0.059,0.111,0.043,0.269,0.065,0.32,0.144
16/08/2015 16:00,14.3,12.8,15.7,17.3,8.3,13.4,0.202,0,0.774,0.243,0.042,0.167,0.056,0.35,0.072,0.55,0.146
16/08/2015 17:00,16.2,15.2,15.7,22.2,8.4,13.1,0.185,0,0.788,0.247,0.025,0.238,0.054,0.379,0.083,0.627,0.155
16/08/2015 18:00,16.3,14.7,15.8,25.1,8.6,13.3,0.163,0,0.781,0.219,0.013,0.302,0.031,0.345,0.095,0.544,0.169
16/08/2015 19:00,15.4,14.3,15.5,26.4,9.5,13.5,0.155,0,0.765,0.225,0.006,0.337,0.012,0.283,0.109,0.387,0.188
16/08/2015 20:00,15.2,13.8,15.2,25.2,10.5,13.7,0.155,0,0.757,0.222,0.004,0.347,0.005,0.204,0.126,0.343,0.207
16/08/2015 21:00,13.1,13.2,14.5,23.7,10.2,14,0.152,0,0.762,0.179,0.004,0.294,0.004,0.122,0.135,0.334,0.226
16/08/2015 22:00,11.3,12.8,13.2,22.9,9.6,14,0.16,0.007,0.767,0.129,0.007,0.184,0.005,0.089,0.133,0.302,0.235
16/08/2015 23:00,9.9,13.7,12,21.5,8.8,13.5,0.172,0.066,0.767,0.1,0.019,0.106,0.028,0.095,0.125,0.294,0.227
17/08/2015 00:00,7.5,12.8,10.1,20.1,7.8,12.3,0.13,0.241,0.765,0.087,0.055,0.088,0.109,0.118,0.112,0.268,0.207
17/08/2015 01:00,10.6,12.5,12,17,5.5,9.5,0.075,0.394,0.759,0.087,0.118,0.067,0.218,0.113,0.096,0.209,0.182
17/08/2015 02:00,14,13.5,15.6,20.3,5.4,12,0.049,0.303,0.753,0.091,0.183,0.054,0.343,0.088,0.076,0.154,0.167
17/08/2015 03:00,16.9,14.5,17.2,17.7,6.2,11.2,0.038,0.175,0.753,0.091,0.227,0.057,0.41,0.05,0.061,0.113,0.153
17/08/2015 04:00,22.1,15.8,18,13.2,5.2,9.5,0.028,0.111,0.752,0.095,0.249,0.048,0.341,0.053,0.049,0.154,0.151
17/08/2015 05:00,29.2,17.8,17.8,9.6,3.8,9,0.02,0.082,0.741,0.106,0.261,0.042,0.358,0.07,0.034,0.243,0.167
17/08/2015 06:00,36.5,19.1,17.7,7.8,2.8,9.5,0.015,0.058,0.728,0.112,0.243,0.044,0.219,0.083,0.018,0.211,0.196
17/08/2015 07:00,42.7,19.7,17.3,7.4,2.2,10.6,0.013,0.041,0.714,0.08,0.201,0.067,0.131,0.088,0.007,0.154,0.23
17/08/2015 08:00,45.2,19.3,16.5,8,1.9,12.2,0.013,0.034,0.707,0.099,0.227,0.055,0.076,0.094,0.003,0.108,0.267
17/08/2015 09:00,43,17.3,14.5,8.2,1.9,14.5,0.018,0.035,0.702,0.134,0.207,0.022,0.047,0.088,0.001,0.082,0.312
17/08/2015 10:00,34.2,13.9,12,8.1,2.2,16.7,0.029,0.038,0.692,0.111,0.155,0.01,0.028,0.084,0.001,0.072,0.358
17/08/2015 11:00,19.4,11.8,10.8,8.5,2.8,17.9,0.044,0.016,0.673,0.09,0.113,0.008,0.016,0.084,0,0.078,0.382
17/08/2015 12:00,10.3,11.4,12.3,9.2,3.8,16.2,0.06,0.001,0.653,0.078,0.083,0.003,0.01,0.093,0.001,0.1,0.389
17/08/2015 13:00,10.3,11.8,13.1,10.3,5.6,14.1,0.087,0.001,0.639,0.071,0.063,0.018,0.01,0.131,0.002,0.137,0.382
17/08/2015 14:00,8.2,11.7,13.8,13.3,6.4,13.8,0.106,0.003,0.633,0.068,0.048,0.07,0.025,0.188,0.005,0.219,0.367
17/08/2015 15:00,7.7,12.5,13.8,17.3,5.8,12.6,0.122,0.01,0.624,0.072,0.034,0.127,0.077,0.243,0.01,0.398,0.345
17/08/2015 16:00,9.7,13.8,13.8,22.2,5,11.1,0.144,0.019,0.62,0.085,0.02,0.179,0.179,0.266,0.02,0.615,0.319
17/08/2015 17:00,14.3,16.3,14.5,27.7,4.4,10.5,0.14,0.028,0.622,0.116,0.014,0.209,0.289,0.27,0.041,0.697,0.297
17/08/2015 18:00,20.1,17.7,14.1,32.1,4.7,10,0.125,0.028,0.63,0.176,0.012,0.227,0.325,0.297,0.074,0.64,0.287
17/08/2015 19:00,24.4,17.3,13.8,33.8,4.5,10.1,0.14,0.024,0.627,0.294,0.011,0.238,0.435,0.306,0.112,0.527,0.289
17/08/2015 20:00,25,15.8,13.3,32.8,3.8,10.3,0.172,0.02,0.622,0.361,0.01,0.243,0.556,0.301,0.141,0.466,0.316
17/08/2015 21:00,17.2,14.4,12.3,30,2.5,10.4,0.192,0.023,0.618,0.343,0.011,0.223,0.611,0.264,0.153,0.361,0.339
17/08/2015 22:00,12.1,13.1,11.3,27.5,1.6,10.3,0.218,0.033,0.598,0.291,0.016,0.165,0.662,0.223,0.142,0.323,0.341
17/08/2015 23:00,10.1,12.5,10.5,24,1.4,10.3,0.252,0.064,0.566,0.243,0.03,0.106,0.71,0.192,0.12,0.308,0.334
18/08/2015 00:00,9.9,11.1,8.7,20.9,1.2,10,0.257,0.131,0.535,0.204,0.055,0.087,0.714,0.176,0.098,0.274,0.347
18/08/2015 01:00,12.5,9.4,9,16.9,0.7,8.3,0.467,0.12,0.507,0.169,0.082,0.096,0.726,0.145,0.073,0.261,0.408
18/08/2015 02:00,17.8,14,12.8,18.8,0.4,9.9,0.618,0.061,0.472,0.121,0.102,0.099,0.855,0.153,0.053,0.24,0.491
18/08/2015 03:00,23,15.8,17.5,19,0.3,9.6,0.678,0.016,0.447,0.103,0.112,0.121,0.858,0.105,0.038,0.215,0.544
18/08/2015 04:00,25.5,15.8,20.8,18.9,0.2,8.5,0.672,0.004,0.431,0.109,0.125,0.141,0.906,0.045,0.03,0.261,0.561
18/08/2015 05:00,29.3,15.8,21.8,19.7,0.5,8,0.625,0.01,0.431,0.114,0.137,0.145,0.939,0.014,0.031,0.435,0.554
18/08/2015 06:00,32.6,16.2,22,20.7,1,8.1,0.566,0.035,0.435,0.111,0.115,0.14,0.866,0.004,0.038,0.447,0.468
18/08/2015 07:00,33.7,17.3,21.2,21.2,1.7,8.8,0.525,0.072,0.436,0.102,0.101,0.134,0.687,0.001,0.053,0.376,0.279
18/08/2015 08:00,30.9,18.6,18.3,21.7,2.3,10,0.494,0.087,0.427,0.075,0.148,0.123,0.468,0.001,0.078,0.311,0.102
18/08/2015 09:00,26.4,19.2,15.2,22.7,2.2,11.5,0.465,0.078,0.4,0.121,0.149,0.137,0.316,0.002,0.107,0.248,0.04
18/08/2015 10:00,19.6,18.7,12.6,23.6,1.9,12.6,0.422,0.078,0.362,0.168,0.12,0.144,0.227,0.014,0.148,0.203,0.066
18/08/2015 11:00,12.4,17.3,11,24.2,1.9,13.3,0.342,0.061,0.317,0.172,0.096,0.133,0.182,0.049,0.204,0.192,0.142
18/08/2015 12:00,11.3,16.7,11.7,25.3,2.1,13.3,0.315,0.071,0.273,0.142,0.071,0.114,0.167,0.093,0.261,0.209,0.276
18/08/2015 13:00,16.9,17,11.7,26.9,3.2,13.3,0.285,0.059,0.233,0.111,0.048,0.201,0.17,0.135,0.272,0.283,0.384
18/08/2015 14:00,19.5,17.5,12,32.4,3.9,12.8,0.241,0.025,0.205,0.094,0.028,0.332,0.199,0.176,0.231,0.408,0.391
18/08/2015 15:00,17.8,17.8,11.7,38.2,4.3,11.7,0.233,0.008,0.187,0.102,0.015,0.395,0.238,0.214,0.22,0.566,0.349
18/08/2015 16:00,13.5,17.4,11.8,42.5,4.1,11,0.237,0.003,0.182,0.131,0.006,0.356,0.256,0.233,0.235,0.675,0.289
18/08/2015 17:00,12.2,17.9,12.6,43.9,3.8,10.8,0.212,0.001,0.185,0.164,0.003,0.261,0.341,0.233,0.254,0.684,0.212
18/08/2015 18:00,13.2,17.9,13.1,43.3,3.6,10.9,0.179,0.001,0.191,0.171,0.001,0.177,0.477,0.245,0.259,0.571,0.149
18/08/2015 19:00,15.4,17.9,13.2,40.3,3.5,11,0.174,0.005,0.194,0.204,0,0.12,0.588,0.226,0.227,0.42,0.101
18/08/2015 20:00,18,17.1,13.1,37.8,2.9,11.1,0.187,0.014,0.204,0.227,0.001,0.084,0.584,0.182,0.182,0.387,0.067
18/08/2015 21:00,19.1,16.5,12.5,35.6,2.1,11.5,0.185,0.032,0.215,0.233,0.005,0.068,0.606,0.127,0.167,0.366,0.045
18/08/2015 22:00,19,17,12.1,32.6,1.3,11.7,0.172,0.062,0.223,0.237,0.022,0.046,0.602,0.101,0.176,0.33,0.033
18/08/2015 23:00,16.4,17.2,11.7,29.4,0.8,11.8,0.164,0.127,0.23,0.252,0.071,0.034,0.62,0.107,0.198,0.433,0.028
19/08/2015 00:00,11.6,14.7,11,27.7,0.6,11.6,0.1,0.247,0.237,0.264,0.14,0.044,0.587,0.129,0.218,0.429,0.03
19/08/2015 01:00,12.2,11,11.7,32.2,0.4,10.2,0.087,0.3,0.245,0.267,0.217,0.043,0.578,0.133,0.236,0.361,0.019
19/08/2015 02:00,14,15.1,14.5,42.8,0.6,12.2,0.084,0.267,0.259,0.266,0.282,0.047,0.583,0.154,0.251,0.272,0.003
19/08/2015 03:00,15.7,17.8,17.7,45.1,0.7,12.3,0.064,0.207,0.289,0.236,0.323,0.07,0.574,0.213,0.253,0.236,0
19/08/2015 04:00,19.4,18,19,46.2,1.2,11.8,0.052,0.196,0.33,0.211,0.345,0.065,0.503,0.24,0.242,0.252,0
19/08/2015 05:00,23.7,18.3,19.3,47.4,1.9,12.3,0.04,0.193,0.371,0.191,0.344,0.06,0.332,0.261,0.223,0.435,0
19/08/2015 06:00,27.3,18.8,20,48.2,2.8,13.4,0.038,0.184,0.401,0.161,0.278,0.071,0.137,0.261,0.207,0.488,0
19/08/2015 07:00,29.6,19,20,48.2,3.6,14.8,0.041,0.16,0.423,0.11,0.248,0.076,0.084,0.149,0.194,0.45,0
19/08/2015 08:00,30.1,19.3,19,47.8,4.4,16.5,0.046,0.128,0.432,0.062,0.334,0.065,0.062,0.034,0.182,0.407,0
19/08/2015 09:00,27.8,19,16,46.7,4.9,18.3,0.048,0.09,0.424,0.086,0.388,0.049,0.046,0.026,0.16,0.358,0
19/08/2015 10:00,21.6,17.5,12.6,44.9,5.3,20,0.051,0.051,0.407,0.071,0.391,0.032,0.04,0.038,0.155,0.315,0
19/08/2015 11:00,12.2,15.8,10.5,43.9,5.3,21.4,0.079,0.011,0.398,0.03,0.349,0.025,0.035,0.028,0.172,0.298,0
19/08/2015 12:00,6.7,15.7,11.4,43.1,5.2,21.2,0.101,0.002,0.39,0.006,0.286,0.015,0.041,0.026,0.204,0.302,0
19/08/2015 13:00,8.8,16.9,11.3,43.2,5.4,19.5,0.136,0,0.381,0.001,0.218,0.043,0.055,0.034,0.234,0.328,0
19/08/2015 14:00,12.1,17.3,11.4,45.3,5.9,18,0.169,0.009,0.359,0,0.157,0.104,0.079,0.046,0.252,0.377,0.006
19/08/2015 15:00,14,17.3,12.6,46.8,5.9,17.5,0.201,0.022,0.325,0,0.101,0.197,0.14,0.055,0.251,0.457,0.027
19/08/2015 16:00,16.6,17.5,14.7,46.3,5.5,17.2,0.23,0.029,0.289,0,0.064,0.255,0.376,0.069,0.24,0.536,0.058
19/08/2015 17:00,18.2,17.3,15,43.5,5.2,17.2,0.214,0.035,0.26,0,0.045,0.241,0.568,0.09,0.228,0.569,0.081
19/08/2015 18:00,18.6,16.7,15.3,42.6,5.5,17.6,0.185,0.041,0.237,0,0.039,0.188,0.586,0.103,0.223,0.549,0.096
19/08/2015 19:00,16.9,16.1,14.5,41.2,6.3,18.3,0.158,0.048,0.216,0,0.047,0.137,0.544,0.09,0.213,0.491,0.092
19/08/2015 20:00,13.9,15.9,13.6,38.8,6.7,18.7,0.144,0.057,0.199,0.001,0.07,0.097,0.524,0.066,0.184,0.447,0.078
19/08/2015 21:00,13.1,15.3,10,35.9,5.8,18.4,0.157,0.073,0.167,0.011,0.105,0.068,0.533,0.04,0.14,0.429,0.068
19/08/2015 22:00,13.5,15,7,32.9,4.7,18,0.164,0.095,0.127,0.048,0.145,0.051,0.556,0.035,0.111,0.418,0.063
19/08/2015 23:00,12.7,15.7,5.3,31.7,3.9,17.5,0.157,0.13,0.079,0.107,0.186,0.034,0.593,0.05,0.097,0.422,0.059
20/08/2015 00:00,10.6,15.3,3.8,28.9,3.5,17.4,0.1,0.177,0.04,0.163,0.21,0.058,0.604,0.067,0.096,0.407,0.059
20/08/2015 01:00,12.2,12.2,3.4,28.2,2.8,16.4,0.071,0.181,0.015,0.195,0.237,0.084,0.625,0.05,0.095,0.375,0.073
20/08/2015 02:00,17.8,14.6,4.2,35.8,3.7,21.4,0.073,0.157,0.004,0.195,0.231,0.072,0.615,0.058,0.09,0.326,0.105
20/08/2015 03:00,21.3,18.3,4.8,32.9,5.2,23.4,0.065,0.123,0.003,0.176,0.236,0.06,0.565,0.079,0.073,0.301,0.13
20/08/2015 04:00,24,18.3,5.5,29.4,6.6,23,0.053,0.108,0.01,0.159,0.261,0.048,0.4,0.073,0.052,0.249,0.119
20/08/2015 05:00,25.4,17.1,5.9,28.4,7.5,22.9,0.035,0.077,0.038,0.149,0.247,0.033,0.332,0.067,0.038,0.34,0.102
20/08/2015 06:00,27.8,16,6.4,30.1,8.3,23.5,0.024,0.029,0.059,0.127,0.231,0.019,0.157,0.067,0.03,0.364,0.097
20/08/2015 07:00,28.1,15.4,6.3,33.4,8.8,24.7,0.02,0.011,0.066,0.076,0.195,0.012,0.06,0.072,0.025,0.329,0.104
20/08/2015 08:00,26.4,15,5.3,37.3,9,26.4,0.025,0.032,0.062,0.079,0.376,0.009,0.022,0.082,0.024,0.283,0.111
20/08/2015 09:00,22.4,14.3,3.4,39.1,9.1,28.2,0.035,0.094,0.059,0.087,0.544,0.007,0.006,0.09,0.036,0.228,0.102
20/08/2015 10:00,14.5,13,2.8,39.6,9.2,29.8,0.053,0.151,0.057,0.034,0.541,0.007,0.001,0.104,0.056,0.192,0.084
20/08/2015 11:00,7,12.4,3.1,40.6,9.1,30.4,0.073,0.167,0.051,0.007,0.474,0.006,0,0.122,0.073,0.185,0.067
20/08/2015 12:00,3.9,14.5,4.1,40.5,8.8,29.2,0.079,0.142,0.05,0.001,0.42,0.002,0,0.14,0.074,0.21,0.057
20/08/2015 13:00,3.7,17.7,4.3,41.1,9.3,25.9,0.082,0.161,0.061,0,0.37,0.006,0,0.179,0.047,0.294,0.05
20/08/2015 14:00,3.7,18.6,4.6,43.4,8.6,22.6,0.087,0.309,0.085,0,0.314,0.024,0.003,0.255,0.013,0.425,0.045
20/08/2015 15:00,3.8,18.3,5.4,45.9,7.7,21.7,0.099,0.377,0.108,0,0.239,0.031,0.041,0.293,0,0.534,0.045
20/08/2015 16:00,4.4,16.7,6.1,47,7.6,21.9,0.106,0.42,0.132,0,0.166,0.028,0.084,0.31,0,0.578,0.049
20/08/2015 17:00,4.4,15.5,6.8,47,7.1,22.8,0.107,0.41,0.155,0,0.097,0.028,0.094,0.298,0,0.494,0.053
20/08/2015 18:00,3.5,14.5,6.1,47,6.8,24,0.108,0.366,0.183,0,0.068,0.035,0.096,0.249,0,0.392,0.054
20/08/2015 19:00,2.9,14,5.6,46,6.9,25.5,0.091,0.305,0.208,0.009,0.058,0.038,0.128,0.196,0,0.311,0.056
20/08/2015 20:00,2.8,14.1,5.4,42.7,7.3,26.6,0.058,0.233,0.241,0.086,0.059,0.041,0.169,0.156,0,0.227,0.061
20/08/2015 21:00,3.9,14.3,4.9,38.6,7.4,26.2,0.045,0.149,0.264,0.201,0.07,0.035,0.214,0.104,0,0.186,0.071
20/08/2015 22:00,5.3,14.2,4.3,34.5,7.3,25.7,0.036,0.077,0.272,0.273,0.105,0.019,0.257,0.068,0,0.169,0.086
20/08/2015 23:00,6.1,14.7,4.9,31.3,7,24.4,0.031,0.051,0.265,0.266,0.174,0.013,0.288,0.045,0,0.169,0.094
21/08/2015 00:00,6,14.2,5.2,26.7,6.8,23.3,0.022,0.048,0.267,0.229,0.251,0.011,0.301,0.03,0,0.176,0.09
21/08/2015 01:00,7.8,11.3,4.5,26,5.3,20.6,0.01,0.055,0.289,0.192,0.298,0.007,0.3,0.019,0,0.179,0.079
21/08/2015 02:00,12.1,14.4,3.9,35.3,7.8,27.4,0.006,0.063,0.31,0.175,0.353,0.006,0.272,0.017,0.003,0.174,0.066
21/08/2015 03:00,11.9,17.5,3.3,30.6,8.8,32.2,0.011,0.061,0.324,0.162,0.374,0.008,0.245,0.082,0.013,0.155,0.049
21/08/2015 04:00,10.5,16.8,3.3,25.9,9.4,32,0.025,0.045,0.33,0.144,0.323,0.023,0.125,0.161,0.026,0.162,0.032
21/08/2015 05:00,9,14.3,3.4,25.2,10.4,31.9,0.024,0.036,0.327,0.126,0.253,0.028,0.029,0.193,0.041,0.353,0.017
21/08/2015 06:00,8,11.8,3.6,26.6,11.6,32.6,0.011,0.059,0.327,0.106,0.185,0.023,0.001,0.182,0.054,0.354,0.006
21/08/2015 07:00,7.2,9.8,3.4,27.8,12.9,34.2,0.005,0.087,0.323,0.072,0.264,0.025,0,0.149,0.067,0.276,0.002
21/08/2015 08:00,6.2,7.9,3.6,28.7,14.7,36.1,0.003,0.112,0.307,0.042,0.379,0.045,0,0.112,0.076,0.222,0.003
21/08/2015 09:00,4.9,7.1,3.4,27.8,17.1,38.1,0.005,0.127,0.264,0.054,0.338,0.041,0,0.08,0.076,0.203,0.009
21/08/2015 10:00,3.4,6.6,3.1,25.9,18.7,39.8,0.011,0.131,0.207,0.054,0.248,0.035,0.001,0.057,0.071,0.206,0.019
21/08/2015 11:00,1.6,6.6,2.9,24.4,18.2,39.8,0.015,0.087,0.157,0.046,0.184,0.031,0.001,0.04,0.074,0.221,0.028
21/08/2015 12:00,1,7,2.8,23.1,14.7,36.3,0.016,0.037,0.128,0.049,0.145,0.013,0.001,0.029,0.086,0.256,0.035
21/08/2015 13:00,1.1,8.5,3.1,22.9,13,30.7,0.012,0.092,0.118,0.072,0.103,0.012,0.001,0.042,0.105,0.325,0.037
21/08/2015 14:00,1.1,9.8,3.4,26.3,12.1,26.6,0.006,0.101,0.12,0.111,0.064,0.024,0.001,0.108,0.127,0.441,0.042
21/08/2015 15:00,1,10.6,3.6,30.9,12.2,24.9,0.004,0.093,0.127,0.154,0.04,0.054,0.001,0.204,0.145,0.556,0.045
21/08/2015 16:00,0.9,11.5,3.8,35.7,12.8,24.6,0.004,0.08,0.141,0.175,0.034,0.088,0.002,0.289,0.154,0.609,0.043
21/08/2015 17:00,1,11.8,3.5,39.4,14.1,24.4,0.005,0.088,0.16,0.144,0.028,0.117,0.005,0.336,0.158,0.485,0.041
21/08/2015 18:00,0.9,11.3,2.8,41.3,14.7,25.4,0.006,0.122,0.177,0.118,0.017,0.14,0.012,0.343,0.167,0.347,0.04
21/08/2015 19:00,0.7,10.5,2.3,39.9,15.4,26.7,0.006,0.16,0.179,0.137,0.01,0.156,0.017,0.304,0.179,0.26,0.041
21/08/2015 20:00,0.5,9.4,2.4,36.2,15.8,28.1,0.006,0.184,0.17,0.176,0.015,0.156,0.015,0.249,0.192,0.217,0.042
21/08/2015 21:00,0.2,8.9,2.9,32.9,15,28.5,0.004,0.191,0.138,0.207,0.048,0.154,0.009,0.186,0.222,0.19,0.045
21/08/2015 22:00,0.2,8.7,3,30.9,14.2,29.2,0.001,0.187,0.094,0.228,0.137,0.128,0.006,0.149,0.264,0.172,0.048
21/08/2015 23:00,0.2,8.3,3.2,28.6,13.6,27.6,0,0.22,0.058,0.241,0.262,0.083,0.006,0.138,0.285,0.16,0.045
22/08/2015 00:00,0.2,7.1,2.9,26.3,12.5,26,0,0.336,0.039,0.234,0.369,0.062,0.011,0.133,0.328,0.161,0.039
22/08/2015 01:00,0.3,4.7,2.1,26.7,10.3,23.5,0,0.416,0.027,0.227,0.434,0.051,0.025,0.092,0.392,0.176,0.033
22/08/2015 02:00,1.6,5.6,1.9,35.1,13.4,34.9,0,0.425,0.022,0.233,0.459,0.028,0.036,0.084,0.47,0.186,0.027
22/08/2015 03:00,3.4,7.6,2,32.9,16.7,39.6,0,0.379,0.045,0.218,0.459,0.02,0.049,0.045,0.54,0.175,0.03
22/08/2015 04:00,5.2,7.8,2.2,27.6,16.8,37.9,0,0.352,0.101,0.188,0.429,0.029,0.027,0.018,0.586,0.165,0.043
22/08/2015 05:00,6.8,6.7,2.1,23.9,16.5,36.2,0.001,0.345,0.151,0.163,0.398,0.036,0.001,0.008,0.609,0.392,0.062
22/08/2015 06:00,8.3,5.7,2,22.2,16.3,35.1,0.001,0.332,0.193,0.152,0.367,0.031,0,0.004,0.609,0.394,0.078
22/08/2015 07:00,9.1,5.1,2.1,22.2,16.7,34.6,0.001,0.318,0.231,0.122,0.297,0.027,0,0.003,0.594,0.344,0.088
22/08/2015 08:00,9.4,4.7,2.2,23.7,17.2,34.4,0.001,0.307,0.254,0.085,0.286,0.034,0,0.002,0.587,0.34,0.093
22/08/2015 09:00,7.9,4.3,2.4,25.5,17.9,35.5,0.001,0.284,0.274,0.084,0.343,0.039,0,0.003,0.599,0.345,0.09
22/08/2015 10:00,4.8,3.9,2.3,27,19.3,37.2,0.004,0.264,0.29,0.042,0.374,0.038,0.002,0.007,0.621,0.348,0.084
22/08/2015 11:00,1.5,3.4,2.6,28.4,20.4,37.8,0.019,0.173,0.296,0.005,0.398,0.039,0.005,0.023,0.631,0.348,0.083
22/08/2015 12:00,0.6,2.7,3.9,29.6,18.5,35.6,0.056,0.135,0.295,0,0.422,0.022,0.01,0.063,0.618,0.362,0.083
22/08/2015 13:00,0.6,2.8,4.8,31.6,17.2,31.2,0.101,0.302,0.295,0,0.442,0.036,0.014,0.145,0.574,0.4,0.084
22/08/2015 14:00,0.3,3.4,5,36.8,16.6,26.9,0.113,0.24,0.303,0,0.445,0.076,0.023,0.264,0.505,0.473,0.085
22/08/2015 15:00,0.2,4.3,4.5,42,16.8,23.6,0.083,0.173,0.317,0,0.367,0.096,0.041,0.39,0.44,0.552,0.082
22/08/2015 16:00,0.1,5.4,4.3,45.7,16.6,22.9,0.045,0.131,0.346,0,0.194,0.102,0.063,0.454,0.382,0.596,0.076
22/08/2015 17:00,0.1,6.6,4.3,48.5,15.8,22.3,0.02,0.117,0.386,0.001,0.099,0.112,0.08,0.441,0.339,0.525,0.069
22/08/2015 18:00,0.1,7.3,4.1,47.2,14.9,22.2,0.007,0.123,0.415,0.001,0.103,0.123,0.11,0.374,0.312,0.422,0.063
22/08/2015 19:00,0.1,7.8,4.3,44.1,14.5,22.5,0.008,0.144,0.441,0.001,0.138,0.139,0.163,0.294,0.312,0.339,0.058
22/08/2015 20:00,0,8,5.1,43.5,14.5,23.7,0.036,0.161,0.476,0.004,0.155,0.155,0.207,0.286,0.325,0.289,0.054
22/08/2015 21:00,0,7.6,5.8,39.2,14.2,24.2,0.093,0.155,0.498,0.026,0.146,0.172,0.233,0.261,0.328,0.264,0.054
22/08/2015 22:00,0,7,6.1,33.7,13.7,24.1,0.159,0.128,0.494,0.095,0.161,0.163,0.234,0.291,0.32,0.273,0.053
22/08/2015 23:00,0,6.3,5.5,29.1,12.6,23.9,0.192,0.134,0.491,0.157,0.198,0.112,0.249,0.282,0.3,0.283,0.045
23/08/2015 00:00,0,5.2,4.2,25.4,12.1,23.5,0.128,0.249,0.485,0.178,0.213,0.102,0.261,0.237,0.278,0.278,0.031
23/08/2015 01:00,0.2,3.8,3.5,24.5,9.8,22.4,0.073,0.331,0.47,0.176,0.202,0.09,0.313,0.204,0.253,0.249,0.019
23/08/2015 02:00,0.7,6.7,3.4,27.8,15.4,32.4,0.072,0.286,0.449,0.169,0.186,0.079,0.345,0.201,0.212,0.207,0.008
23/08/2015 03:00,1.1,8.5,3.5,25.1,19.9,35.8,0.086,0.244,0.413,0.178,0.177,0.068,0.334,0.154,0.16,0.175,0.003
23/08/2015 04:00,1.9,8,3.3,22.3,21.8,34.1,0.105,0.23,0.355,0.179,0.172,0.05,0.146,0.115,0.121,0.17,0.001
23/08/2015 05:00,3.9,7.1,3.2,20.4,22.5,32.2,0.113,0.218,0.289,0.178,0.175,0.045,0.009,0.093,0.096,0.388,0
23/08/2015 06:00,7.4,6.6,3.4,19.2,23.5,31.1,0.106,0.201,0.241,0.195,0.161,0.045,0,0.068,0.072,0.542,0
23/08/2015 07:00,11,6.6,4.1,18.5,25.4,30.8,0.102,0.183,0.201,0.191,0.129,0.039,0.001,0.04,0.049,0.531,0
23/08/2015 08:00,13.9,6.7,4.5,18.7,28,31.3,0.104,0.167,0.163,0.201,0.192,0.032,0.002,0.018,0.028,0.494,0
23/08/2015 09:00,14.1,7,4.2,18.8,31,33.3,0.107,0.145,0.135,0.403,0.24,0.028,0.002,0.005,0.012,0.457,0
23/08/2015 10:00,11.8,6.6,3.2,19.5,33.3,36.2,0.127,0.127,0.118,0.506,0.25,0.029,0.002,0.002,0.003,0.425,0.001
23/08/2015 11:00,6.7,6.2,2.6,20.7,32.9,37.8,0.141,0.064,0.103,0.514,0.234,0.027,0.001,0.007,0,0.388,0.001
23/08/2015 12:00,3.6,5.4,2.7,22.4,27.9,36.4,0.153,0.016,0.093,0.488,0.21,0.019,0.001,0.042,0,0.359,0.002
23/08/2015 13:00,4.2,5.8,2.9,24.9,22.8,32.7,0.167,0.057,0.084,0.464,0.183,0.036,0.003,0.163,0,0.367,0.002
23/08/2015 14:00,4.6,6.6,2.9,30.6,19.6,29.2,0.166,0.044,0.074,0.447,0.149,0.06,0.01,0.362,0,0.414,0.002
23/08/2015 15:00,4.4,7.7,3,34.4,18.6,26.6,0.156,0.025,0.059,0.421,0.127,0.067,0.039,0.495,0.001,0.488,0.001
23/08/2015 16:00,3.8,8.8,3.1,35.6,18,24.9,0.144,0.023,0.042,0.376,0.103,0.061,0.153,0.594,0.002,0.566,0.001
23/08/2015 17:00,2.7,9.6,3.1,34.4,17.3,24.7,0.13,0.035,0.038,0.281,0.074,0.063,0.294,0.656,0.002,0.568,0.002
23/08/2015 18:00,2.3,10,2.7,31.4,16.9,24.4,0.112,0.061,0.046,0.217,0.05,0.076,0.38,0.674,0.002,0.494,0.003
23/08/2015 19:00,2.7,10.3,2.1,29.5,16.6,23.9,0.091,0.099,0.073,0.23,0.062,0.099,0.391,0.628,0.004,0.413,0.005
23/08/2015 20:00,2.8,10,1.8,27.2,16.1,24.3,0.067,0.134,0.134,0.221,0.1,0.122,0.374,0.516,0.006,0.388,0.008
23/08/2015 21:00,2.9,9.5,1.8,28.1,15.1,25,0.055,0.169,0.239,0.196,0.139,0.144,0.355,0.396,0.009,0.374,0.012
23/08/2015 22:00,2.5,9.5,1.8,27.4,14.7,24.4,0.062,0.185,0.413,0.167,0.168,0.145,0.308,0.289,0.011,0.343,0.015
23/08/2015 23:00,2.4,9.6,1.9,24.7,14.1,23.1,0.09,0.205,0.585,0.139,0.201,0.107,0.259,0.205,0.01,0.292,0.018
24/08/2015 00:00,2,8.5,1.4,22.8,13.4,21.9,0.115,0.264,0.661,0.135,0.234,0.073,0.246,0.16,0.011,0.254,0.02
24/08/2015 01:00,3,6.2,2.3,24.4,10.8,20.8,0.112,0.245,0.662,0.145,0.261,0.064,0.254,0.117,0.011,0.223,0.017
24/08/2015 02:00,6.2,8.5,2.7,29,16.8,27.1,0.161,0.237,0.618,0.154,0.277,0.056,0.241,0.12,0.01,0.192,0.013
24/08/2015 03:00,7.6,12.5,2.9,23.4,18.9,29.2,0.221,0.21,0.599,0.138,0.274,0.041,0.227,0.073,0.008,0.16,0.008
24/08/2015 04:00,9.4,13.5,3.7,16.3,16.9,27.1,0.274,0.167,0.622,0.121,0.261,0.025,0.106,0.038,0.004,0.194,0.005
24/08/2015 05:00,11.7,12.2,4.6,12,15,25.7,0.313,0.136,0.654,0.118,0.259,0.017,0.002,0.034,0.002,0.377,0.004
24/08/2015 06:00,14.4,10.8,4.9,10.2,14.7,25.9,0.284,0.083,0.652,0.119,0.236,0.016,0,0.048,0.001,0.477,0.003
24/08/2015 07:00,16,9.8,4.9,9.7,15.3,27.2,0.251,0.058,0.626,0.096,0.231,0.018,0.001,0.084,0.001,0.475,0.003
24/08/2015 08:00,15.9,9.2,4.3,9.7,16.3,29.2,0.241,0.039,0.615,0.08,0.367,0.017,0.001,0.159,0.002,0.459,0.002
24/08/2015 09:00,14.1,9.3,3.5,8.8,17.7,31.1,0.197,0.038,0.619,0.174,0.395,0.019,0.001,0.235,0.006,0.444,0.001
24/08/2015 10:00,10.8,9.5,2.5,7.5,19.1,32.4,0.161,0.045,0.627,0.206,0.386,0.023,0.002,0.284,0.011,0.45,0
24/08/2015 11:00,5.2,9,2.2,6.5,20.2,32.9,0.125,0.026,0.649,0.191,0.38,0.025,0.005,0.293,0.016,0.479,0
24/08/2015 12:00,3.6,8.9,2.8,6.1,20,31.3,0.114,0.012,0.674,0.185,0.379,0.024,0.01,0.261,0.021,0.529,0
24/08/2015 13:00,5,10,2.9,6.6,21,27.2,0.131,0.023,0.698,0.206,0.394,0.047,0.016,0.203,0.025,0.603,0
24/08/2015 14:00,5.9,10.9,2.6,7.6,21.2,23.7,0.145,0.009,0.721,0.233,0.394,0.065,0.036,0.145,0.024,0.681,0
24/08/2015 15:00,6,11.6,2.3,9.2,19.2,21.9,0.154,0.003,0.724,0.236,0.364,0.075,0.056,0.113,0.022,0.689,0
24/08/2015 16:00,5.7,12.3,1.9,11.9,17.9,20.4,0.155,0.001,0.712,0.212,0.233,0.082,0.051,0.101,0.023,0.621,0.001
24/08/2015 17:00,4.5,12.8,1.7,15.3,18,19.4,0.13,0,0.699,0.181,0.141,0.096,0.026,0.087,0.026,0.593,0.004
24/08/2015 18:00,3.7,13,1.5,18.8,18,18.9,0.105,0,0.683,0.168,0.172,0.119,0.01,0.073,0.03,0.529,0.009
24/08/2015 19:00,2.8,12.3,1.4,22.6,17.8,19.2,0.086,0,0.65,0.208,0.23,0.152,0.025,0.057,0.033,0.467,0.011
24/08/2015 20:00,2.1,11.5,1.4,26.2,15.7,19.7,0.077,0.005,0.613,0.256,0.278,0.186,0.049,0.043,0.036,0.413,0.013
24/08/2015 21:00,1.3,10.8,1.6,29.6,14.3,19.3,0.087,0.058,0.579,0.272,0.301,0.203,0.063,0.033,0.035,0.407,0.013
24/08/2015 22:00,0.9,11.1,1.9,28.1,14.8,18.7,0.103,0.188,0.539,0.246,0.311,0.194,0.069,0.029,0.035,0.437,0.011
24/08/2015 23:00,0.7,11,2.4,23.7,13.8,17.8,0.128,0.353,0.508,0.205,0.319,0.142,0.079,0.027,0.034,0.398,0.008
25/08/2015 00:00,0.5,9.1,1.9,20.3,12.7,17,0.117,0.466,0.498,0.18,0.309,0.099,0.13,0.023,0.031,0.364,0.006
25/08/2015 01:00,0.6,5.7,1.6,20.1,10.9,15.4,0.105,0.486,0.503,0.175,0.302,0.073,0.184,0.014,0.03,0.317,0.005
25/08/2015 02:00,1.3,7,2.3,24.4,14.8,21.9,0.136,0.438,0.505,0.173,0.31,0.07,0.21,0.002,0.034,0.304,0.006
25/08/2015 03:00,2.5,9.4,2.9,22.4,17,24.5,0.156,0.388,0.512,0.17,0.313,0.063,0.218,0.002,0.044,0.291,0.01
25/08/2015 04:00,4.4,9.9,3.3,19,17,23.4,0.143,0.345,0.532,0.179,0.322,0.042,0.101,0.012,0.06,0.337,0.021
25/08/2015 05:00,7.4,9.2,3.1,16.1,16.6,23.2,0.113,0.325,0.559,0.204,0.323,0.025,0.001,0.026,0.076,0.405,0.042
25/08/2015 06:00,10.5,8.7,3.1,14.2,16.8,24.2,0.074,0.335,0.594,0.224,0.283,0.025,0.003,0.047,0.087,0.435,0.076
25/08/2015 07:00,12.2,8.3,2.9,13.1,17.5,25.9,0.037,0.32,0.625,0.167,0.392,0.023,0.004,0.077,0.094,0.407,0.125
25/08/2015 08:00,11.9,8,2.6,12.5,18.5,27.9,0.014,0.297,0.647,0.142,0.607,0.024,0.005,0.116,0.1,0.372,0.189
25/08/2015 09:00,9.7,8.4,2.1,10.7,19.3,29.9,0.008,0.278,0.671,0.211,0.628,0.022,0.01,0.144,0.105,0.339,0.233
25/08/2015 10:00,6.7,9,1.4,8.8,19.9,31.5,0.009,0.246,0.687,0.201,0.546,0.02,0.02,0.158,0.114,0.328,0.219
25/08/2015 11:00,3,8.3,1.3,7.6,20.5,31.7,0.02,0.255,0.7,0.179,0.444,0.018,0.033,0.16,0.131,0.344,0.179
25/08/2015 12:00,2,8,1.8,7.4,20.5,29.3,0.039,0.367,0.714,0.2,0.354,0.014,0.044,0.149,0.143,0.382,0.139
25/08/2015 13:00,2.2,8.1,1.4,8.2,23.1,25.2,0.074,0.365,0.718,0.229,0.256,0.025,0.057,0.14,0.154,0.436,0.101
25/08/2015 14:00,2.5,7.6,1.7,11,23.2,22.4,0.118,0.295,0.711,0.236,0.174,0.039,0.09,0.137,0.168,0.506,0.118
25/08/2015 15:00,2.5,6.6,2.3,14.9,21.5,20.7,0.141,0.225,0.705,0.233,0.127,0.071,0.11,0.135,0.192,0.579,0.231
25/08/2015 16:00,2.4,5.7,2,19.8,20.5,20.2,0.138,0.18,0.702,0.202,0.092,0.118,0.084,0.127,0.22,0.619,0.383
25/08/2015 17:00,2.1,5.1,2.1,25.1,20,20.2,0.116,0.155,0.702,0.163,0.058,0.159,0.093,0.106,0.259,0.538,0.419
25/08/2015 18:00,1.6,5,2.3,30.7,19.3,20.1,0.084,0.142,0.702,0.15,0.039,0.191,0.134,0.08,0.298,0.481,0.358
25/08/2015 19:00,1.1,5.3,2.3,33.8,19.6,21,0.066,0.143,0.693,0.162,0.039,0.208,0.19,0.057,0.325,0.426,0.303
25/08/2015 20:00,0.7,6.2,2.1,33.6,18.8,21.6,0.074,0.158,0.682,0.168,0.065,0.22,0.287,0.039,0.336,0.405,0.281
25/08/2015 21:00,0.2,6.6,1.8,31.1,17.2,21.2,0.14,0.185,0.655,0.16,0.093,0.221,0.361,0.028,0.337,0.41,0.3
25/08/2015 22:00,0.1,6.8,1.7,27.7,16.2,20.5,0.213,0.222,0.617,0.153,0.123,0.203,0.4,0.023,0.332,0.384,0.346
25/08/2015 23:00,0.2,6.8,1.7,23.6,15.4,19.7,0.237,0.255,0.592,0.144,0.182,0.151,0.433,0.022,0.355,0.315,0.395
26/08/2015 00:00,0.2,6.8,1.3,20.7,14.1,18.8,0.212,0.275,0.59,0.138,0.253,0.12,0.481,0.021,0.411,0.254,0.432
26/08/2015 01:00,0.2,5.3,1.5,19.7,12.1,16,0.179,0.226,0.594,0.131,0.294,0.11,0.524,0.02,0.488,0.216,0.454
26/08/2015 02:00,0.7,5.5,1.4,25,20.5,20.8,0.148,0.206,0.604,0.13,0.313,0.085,0.566,0.043,0.564,0.196,0.475
26/08/2015 03:00,1.9,7.5,0.9,25.6,22.9,22.4,0.099,0.194,0.646,0.13,0.317,0.066,0.568,0.087,0.603,0.169,0.489
26/08/2015 04:00,3.7,7.7,0.9,25.3,21,20.2,0.079,0.183,0.703,0.123,0.32,0.066,0.367,0.102,0.634,0.245,0.498
26/08/2015 05:00,7.6,6.4,1.3,23.4,19.5,18.7,0.078,0.179,0.745,0.127,0.325,0.057,0.152,0.106,0.661,0.466,0.505
26/08/2015 06:00,11.6,5.2,1.8,20.8,19.3,18.8,0.071,0.179,0.765,0.123,0.307,0.047,0.018,0.106,0.658,0.533,0.519
26/08/2015 07:00,14.3,4.6,2.1,18.5,20.7,20.3,0.061,0.159,0.768,0.091,0.253,0.041,0.002,0.105,0.618,0.501,0.531
26/08/2015 08:00,15.1,4.1,2.3,16.8,22.3,22.5,0.052,0.144,0.763,0.07,0.323,0.031,0.002,0.108,0.553,0.453,0.55
26/08/2015 09:00,11.8,3.4,2.1,14.4,23.7,25.3,0.047,0.14,0.751,0.134,0.349,0.032,0.004,0.113,0.462,0.415,0.57
26/08/2015 10:00,6.7,2.8,1.5,11.8,24.7,27.8,0.048,0.138,0.726,0.176,0.312,0.034,0.007,0.118,0.373,0.398,0.574
26/08/2015 11:00,3,2.1,0.9,10,24.9,29.1,0.07,0.112,0.7,0.182,0.255,0.037,0.014,0.127,0.302,0.396,0.568
26/08/2015 12:00,3,1.6,1.1,9.1,22.4,27.7,0.087,0.214,0.681,0.169,0.206,0.048,0.02,0.133,0.234,0.41,0.557
26/08/2015 13:00,3.2,1.9,1.4,10,20.7,24.7,0.125,0.226,0.674,0.155,0.173,0.125,0.017,0.146,0.181,0.453,0.545
26/08/2015 14:00,3,2.8,1.5,13.5,20.6,22.9,0.172,0.179,0.673,0.152,0.147,0.184,0.026,0.174,0.151,0.522,0.535
26/08/2015 15:00,2.1,3.6,1.6,18.3,22.4,20.8,0.192,0.136,0.663,0.167,0.119,0.207,0.06,0.171,0.152,0.586,0.524
26/08/2015 16:00,1.1,4.3,2.2,24,24.7,19.3,0.184,0.097,0.648,0.199,0.086,0.202,0.093,0.145,0.176,0.641,0.516
26/08/2015 17:00,0.6,4.6,2.2,29.1,25.7,18.5,0.158,0.07,0.647,0.209,0.053,0.192,0.104,0.106,0.21,0.617,0.523
26/08/2015 18:00,0.4,5.1,1.8,32.7,25.1,17.7,0.123,0.054,0.658,0.207,0.03,0.176,0.081,0.08,0.257,0.51,0.543
26/08/2015 19:00,0.4,5.6,1.7,31.9,24,17.5,0.083,0.038,0.644,0.249,0.021,0.168,0.069,0.064,0.305,0.38,0.578
26/08/2015 20:00,0.3,5.3,1.9,30.1,24.1,16.9,0.054,0.027,0.601,0.282,0.021,0.179,0.074,0.047,0.334,0.32,0.599
26/08/2015 21:00,0.3,5,2,27.3,22.4,16,0.048,0.019,0.549,0.27,0.038,0.201,0.089,0.029,0.362,0.313,0.599
26/08/2015 22:00,0.6,5.1,1.8,23.6,19.7,16,0.074,0.018,0.507,0.234,0.095,0.216,0.148,0.017,0.385,0.332,0.587
26/08/2015 23:00,0.7,5.3,1.6,19,17.4,15.7,0.125,0.04,0.467,0.197,0.192,0.167,0.294,0.01,0.393,0.315,0.578
27/08/2015 00:00,0.7,5.1,1,14.6,15.7,15.5,0.144,0.133,0.413,0.164,0.3,0.149,0.46,0.006,0.382,0.264,0.568
27/08/2015 01:00,0.8,4.1,1.8,11.8,13.4,13.5,0.166,0.241,0.347,0.142,0.352,0.121,0.574,0.002,0.343,0.214,0.526
27/08/2015 02:00,2.5,5.7,2.3,13.4,21.5,15.8,0.209,0.241,0.29,0.129,0.328,0.095,0.616,0.003,0.286,0.192,0.436
27/08/2015 03:00,4,8.5,2.8,14.9,24.7,15.5,0.188,0.169,0.236,0.122,0.294,0.087,0.619,0.021,0.238,0.138,0.334
27/08/2015 04:00,6.2,9.7,3.9,16.7,24.5,13,0.169,0.118,0.186,0.121,0.231,0.083,0.436,0.06,0.209,0.141,0.273
27/08/2015 05:00,9.2,9.8,5.1,16.8,24.6,11.3,0.155,0.087,0.151,0.125,0.196,0.059,0.398,0.098,0.199,0.206,0.264
27/08/2015 06:00,12,9.2,6.3,16.5,25.5,10.9,0.132,0.078,0.122,0.135,0.163,0.05,0.308,0.123,0.225,0.253,0.279
27/08/2015 07:00,13.9,8.5,6.7,15.8,27.4,11.7,0.105,0.07,0.094,0.112,0.145,0.047,0.142,0.13,0.312,0.268,0.308
27/08/2015 08:00,14.6,8,6.6,15.1,30.2,13.1,0.084,0.065,0.072,0.102,0.237,0.043,0.071,0.127,0.434,0.264,0.333
27/08/2015 09:00,15,7.6,6.1,12.8,32.7,14.7,0.069,0.071,0.076,0.112,0.238,0.041,0.05,0.133,0.522,0.266,0.347
27/08/2015 10:00,10.9,6.7,4.6,10.3,33.5,16.7,0.062,0.08,0.097,0.092,0.196,0.041,0.046,0.144,0.574,0.289,0.341
27/08/2015 11:00,5.2,5.2,3.3,8.6,31.8,18.5,0.071,0.053,0.132,0.067,0.155,0.036,0.047,0.144,0.619,0.332,0.328
27/08/2015 12:00,2.8,4.9,3.6,7.6,26,18.9,0.089,0.058,0.178,0.051,0.13,0.039,0.05,0.129,0.654,0.406,0.316
27/08/2015 13:00,2.7,4.8,4,7.6,21.7,18,0.126,0.038,0.214,0.044,0.112,0.094,0.047,0.107,0.642,0.494,0.305
27/08/2015 14:00,1.4,4.5,4.2,8.8,19.7,18,0.167,0.019,0.25,0.045,0.094,0.15,0.078,0.102,0.603,0.578,0.294
27/08/2015 15:00,0.6,4.4,3.3,11.4,19.3,17.7,0.185,0.01,0.289,0.056,0.072,0.182,0.159,0.095,0.597,0.615,0.284
27/08/2015 16:00,0.7,4.3,2.9,15.2,19,17.3,0.177,0.005,0.339,0.078,0.049,0.19,0.191,0.082,0.634,0.636,0.27
27/08/2015 17:00,0.9,4.5,2.8,18.9,19.3,16.7,0.151,0.002,0.398,0.118,0.031,0.18,0.159,0.069,0.69,0.61,0.251
27/08/2015 18:00,1.1,5.2,2.5,22.5,20.1,16.4,0.129,0.001,0.441,0.152,0.013,0.171,0.125,0.054,0.737,0.575,0.228
27/08/2015 19:00,1.1,5.8,2.4,25.1,19.9,16,0.115,0.001,0.448,0.181,0.005,0.168,0.151,0.034,0.74,0.54,0.203
27/08/2015 20:00,1,5.9,2.4,25.5,19.7,16,0.101,0.003,0.423,0.206,0.003,0.174,0.203,0.018,0.71,0.524,0.176
27/08/2015 21:00,0.9,5.8,2.5,25,18.5,15.1,0.104,0.004,0.376,0.22,0.004,0.174,0.257,0.015,0.657,0.482,0.147
27/08/2015 22:00,0.8,5.6,2.9,22.4,16.8,13.9,0.118,0.009,0.323,0.221,0.011,0.152,0.298,0.019,0.598,0.442,0.115
27/08/2015 23:00,0.7,5.7,3.2,18.4,15.3,12.4,0.134,0.02,0.284,0.22,0.033,0.096,0.328,0.024,0.544,0.396,0.078
28/08/2015 00:00,0.5,5.9,2.6,15.2,14.4,11.5,0.11,0.027,0.273,0.207,0.076,0.085,0.354,0.028,0.49,0.408,0.046
28/08/2015 01:00,0.9,4.5,2.7,12.9,12.5,9.7,0.071,0.026,0.274,0.191,0.13,0.093,0.398,0.025,0.433,0.339,0.027
28/08/2015 02:00,1.5,4.1,3,14.5,20.8,10.8,0.085,0.021,0.267,0.172,0.17,0.079,0.46,0.029,0.379,0.257,0.02
28/08/2015 03:00,2.4,4.7,3.1,12.6,24.4,11.1,0.096,0.016,0.279,0.152,0.193,0.065,0.498,0.035,0.346,0.172,0.02
28/08/2015 04:00,3.5,5.7,3.1,10.5,23.7,9.6,0.099,0.017,0.308,0.141,0.216,0.058,0.285,0.048,0.34,0.159,0.028
28/08/2015 05:00,5.2,5.8,3.5,9,22.8,8.6,0.107,0.019,0.334,0.131,0.236,0.053,0.067,0.067,0.324,0.347,0.042
28/08/2015 06:00,7.6,5.6,4.1,7.7,23.6,8.8,0.118,0.017,0.365,0.129,0.241,0.049,0.01,0.086,0.296,0.4,0.054
28/08/2015 07:00,11.1,6.5,5.1,7.1,25.2,10.3,0.115,0.025,0.391,0.101,0.2,0.055,0.014,0.101,0.265,0.348,0.062
28/08/2015 08:00,14.6,8,6.4,7,27.3,12.5,0.098,0.046,0.404,0.079,0.217,0.046,0.022,0.104,0.233,0.29,0.064
28/08/2015 09:00,16.4,8.1,7,6.4,30.1,14.5,0.072,0.065,0.392,0.08,0.242,0.042,0.03,0.094,0.207,0.235,0.064
28/08/2015 10:00,13.2,7.6,5.5,5.6,32.5,16,0.054,0.072,0.361,0.09,0.214,0.045,0.039,0.071,0.201,0.205,0.057
28/08/2015 11:00,7.1,7.8,4.2,4.9,32.6,16.3,0.042,0.068,0.328,0.084,0.185,0.044,0.048,0.045,0.204,0.207,0.046
28/08/2015 12:00,4.7,8.6,4.9,4.7,27.8,15,0.037,0.042,0.309,0.05,0.174,0.019,0.053,0.022,0.211,0.238,0.037
28/08/2015 13:00,6.5,10,5.3,5.6,22.5,14.2,0.039,0.037,0.304,0.022,0.172,0.032,0.057,0.013,0.221,0.306,0.031
28/08/2015 14:00,7.6,11.1,5.4,7.5,19.6,14.2,0.033,0.032,0.311,0.011,0.16,0.079,0.079,0.023,0.236,0.408,0.029
28/08/2015 15:00,5.4,11.8,5.9,10,18,13.2,0.021,0.023,0.315,0.01,0.139,0.128,0.099,0.046,0.264,0.557,0.028
28/08/2015 16:00,3.1,10.6,6.4,13.8,17.3,12.2,0.012,0.014,0.314,0.014,0.103,0.178,0.076,0.061,0.289,0.689,0.027
28/08/2015 17:00,3,10.1,5.9,17.8,17.1,11.3,0.008,0.014,0.315,0.021,0.068,0.229,0.044,0.062,0.309,0.69,0.027
28/08/2015 18:00,2,10.1,6.6,20.9,16.5,10.8,0.008,0.03,0.32,0.027,0.07,0.285,0.023,0.064,0.325,0.65,0.03
28/08/2015 19:00,1.1,9.5,7.3,22.7,15.9,10.5,0.008,0.072,0.314,0.049,0.074,0.328,0.019,0.078,0.328,0.604,0.035
28/08/2015 20:00,0.9,10,6.9,23.7,15.5,11,0.006,0.125,0.303,0.069,0.083,0.35,0.018,0.094,0.316,0.546,0.04
28/08/2015 21:00,0.7,10.5,7.2,24.6,14.6,10.9,0.007,0.166,0.27,0.082,0.084,0.331,0.058,0.098,0.288,0.491,0.037
28/08/2015 22:00,0.5,9.8,7.7,25.5,13.5,10.5,0.014,0.162,0.233,0.082,0.084,0.266,0.156,0.092,0.259,0.45,0.032
28/08/2015 23:00,0.5,9.2,8.5,24.7,12.6,9.8,0.032,0.138,0.214,0.092,0.093,0.165,0.292,0.078,0.224,0.425,0.028
29/08/2015 00:00,0.4,8.7,8.1,21.8,11.6,9.2,0.045,0.171,0.207,0.089,0.107,0.124,0.391,0.054,0.189,0.401,0.023
29/08/2015 01:00,0.6,7.5,9,16.8,10.8,7.4,0.028,0.245,0.201,0.08,0.096,0.093,0.44,0.019,0.168,0.359,0.014
29/08/2015 02:00,1.6,9.5,12.7,15.9,17.6,9.1,0.014,0.291,0.201,0.103,0.067,0.068,0.491,0.005,0.148,0.347,0.002
29/08/2015 03:00,3.4,10.8,16.5,15.4,21.6,10.1,0.008,0.337,0.234,0.118,0.058,0.054,0.512,0.004,0.141,0.341,0
29/08/2015 04:00,5.9,10.5,17.4,13.6,23.3,9.4,0.004,0.343,0.286,0.1,0.068,0.043,0.282,0.02,0.144,0.401,0
29/08/2015 05:00,10.5,9.3,17.6,12.1,24.3,9,0.004,0.314,0.329,0.129,0.076,0.038,0.137,0.043,0.14,0.572,0
29/08/2015 06:00,17.3,8.5,17,11.2,25.9,9.8,0.002,0.308,0.364,0.205,0.07,0.033,0.099,0.063,0.134,0.6,0
29/08/2015 07:00,24.2,7.6,16,10.3,28,11.3,0.001,0.296,0.391,0.27,0.088,0.025,0.069,0.08,0.123,0.572,0
29/08/2015 08:00,28,6.8,14.5,9.6,30.1,12.9,0.001,0.284,0.41,0.233,0.106,0.019,0.047,0.095,0.119,0.525,0
29/08/2015 09:00,26.9,6.1,12.5,8.2,30.9,14.7,0.001,0.259,0.421,0.284,0.067,0.013,0.029,0.101,0.123,0.484,0
29/08/2015 10:00,20.6,6.1,9,6.6,31.1,16.3,0.002,0.247,0.433,0.339,0.046,0.009,0.017,0.1,0.13,0.476,0.001
29/08/2015 11:00,9.9,5.8,7.8,5.9,29.9,17.3,0.003,0.169,0.46,0.341,0.035,0.006,0.014,0.1,0.141,0.497,0.001
29/08/2015 12:00,7.8,5.8,8.3,5.9,25.4,16.6,0.004,0.07,0.498,0.284,0.024,0.001,0.017,0.095,0.145,0.544,0.001
29/08/2015 13:00,11.8,6.8,8.4,8.4,20.5,16,0.005,0.291,0.538,0.219,0.014,0.01,0.037,0.104,0.138,0.599,0
29/08/2015 14:00,11.6,7.1,8.8,13.6,18,16.1,0.009,0.192,0.568,0.18,0.005,0.042,0.099,0.144,0.136,0.628,0
29/08/2015 15:00,8.6,7.6,9.1,20.7,17.1,15.5,0.012,0.074,0.599,0.167,0.001,0.079,0.111,0.185,0.142,0.618,0
29/08/2015 16:00,6.5,8,9.6,27.9,16.5,14.7,0.017,0.027,0.638,0.159,0,0.105,0.068,0.219,0.138,0.634,0
29/08/2015 17:00,8.2,8.9,10.6,32.9,16.3,14.2,0.022,0.015,0.688,0.155,0,0.124,0.077,0.225,0.13,0.596,0
29/08/2015 18:00,10.7,10,10.5,35.4,16.2,13.8,0.022,0.013,0.726,0.151,0,0.14,0.117,0.203,0.118,0.552,0
29/08/2015 19:00,16.5,11.2,11,35.6,15.1,13.9,0.017,0.014,0.741,0.153,0,0.162,0.153,0.164,0.104,0.512,0
29/08/2015 20:00,21.7,12.7,11.6,34.6,14.3,13.9,0.009,0.014,0.747,0.168,0,0.187,0.223,0.124,0.087,0.501,0
29/08/2015 21:00,23.2,12.8,12.3,31.9,13.3,13.4,0.011,0.014,0.722,0.159,0,0.207,0.308,0.101,0.056,0.502,0.001
29/08/2015 22:00,21.3,12.4,12.5,28,12,13.1,0.018,0.018,0.686,0.155,0,0.2,0.323,0.089,0.026,0.42,0.002
29/08/2015 23:00,20.9,12.7,12,24.3,11.8,12.4,0.018,0.041,0.673,0.158,0,0.155,0.328,0.083,0.012,0.333,0.002
30/08/2015 00:00,20.8,11.2,9.8,21.8,11.1,11.3,0.013,0.088,0.674,0.171,0,0.09,0.349,0.072,0.006,0.291,0.001
30/08/2015 01:00,24.6,8.3,10,18.9,9.3,9.4,0.004,0.133,0.678,0.188,0,0.058,0.379,0.061,0.003,0.308,0
30/08/2015 02:00,32.3,9,13.1,24.3,14.2,11.5,0,0.152,0.69,0.185,0,0.043,0.422,0.064,0.001,0.277,0
30/08/2015 03:00,35.1,12.2,15.8,27.4,15.9,13.2,0,0.152,0.702,0.167,0,0.025,0.444,0.051,0,0.256,0
30/08/2015 04:00,27.5,13.1,15.9,27.9,16,12.5,0,0.146,0.712,0.135,0,0.012,0.267,0.056,0.001,0.315,0
30/08/2015 05:00,22.3,12.6,14.5,25.2,15.9,12.3,0,0.133,0.723,0.106,0.001,0.004,0.14,0.068,0.001,0.456,0
30/08/2015 06:00,22.3,11.8,13.5,21.9,16.5,12.9,0,0.103,0.732,0.085,0.003,0.001,0.053,0.067,0.002,0.58,0
30/08/2015 07:00,22.3,11,12.6,18.8,18,13.7,0,0.069,0.739,0.06,0.002,0.001,0.027,0.06,0.005,0.577,0.005
30/08/2015 08:00,22.6,10.2,11,16.3,20.5,14.7,0.003,0.038,0.737,0.042,0.004,0,0.015,0.057,0.008,0.548,0.028
30/08/2015 09:00,21.8,9.5,8.6,14.3,23.9,16.2,0.011,0.025,0.735,0.026,0.005,0,0.009,0.064,0.011,0.532,0.049
30/08/2015 10:00,17.7,8.5,7.2,12.5,27.6,18.2,0.017,0.034,0.727,0.013,0.006,0,0.005,0.098,0.009,0.533,0.058
30/08/2015 11:00,10.8,7.7,6.6,11.5,29.4,20,0.018,0.058,0.712,0.015,0.009,0,0.002,0.13,0.008,0.541,0.049
30/08/2015 12:00,10,7.6,7.3,11.8,28.1,20,0.028,0.014,0.704,0.036,0.013,0,0.001,0.138,0.015,0.563,0.028
30/08/2015 13:00,10.9,8.2,7.4,15.3,24.7,18.7,0.032,0.017,0.704,0.071,0.017,0,0.002,0.133,0.034,0.608,0.012
30/08/2015 14:00,9.9,8.7,8.1,22.7,22.9,17.7,0.017,0.028,0.71,0.093,0.02,0,0.015,0.112,0.059,0.654,0.009
30/08/2015 15:00,8.3,8.8,8.8,30.3,20.6,15.8,0.012,0.028,0.711,0.084,0.023,0.004,0.051,0.086,0.077,0.645,0.018
30/08/2015 16:00,7.4,9.1,9.3,35.6,18.1,14.4,0.027,0.03,0.703,0.065,0.029,0.019,0.072,0.068,0.078,0.613,0.036
30/08/2015 17:00,6.6,9.1,9.5,38.1,17,13.9,0.026,0.034,0.691,0.062,0.034,0.045,0.069,0.049,0.068,0.557,0.052
30/08/2015 18:00,6,8.7,10.5,38.8,15.7,13.8,0.011,0.042,0.683,0.101,0.032,0.08,0.063,0.037,0.057,0.466,0.06
30/08/2015 19:00,5.9,7.6,11.6,37.3,13.8,14.2,0.006,0.055,0.683,0.216,0.035,0.121,0.073,0.039,0.056,0.39,0.062
30/08/2015 20:00,5.7,6.8,11.7,34.1,13,14.3,0.005,0.072,0.691,0.367,0.045,0.158,0.107,0.038,0.07,0.357,0.063
30/08/2015 21:00,5.9,7.6,12.6,29.9,12,14.1,0.003,0.099,0.689,0.493,0.059,0.176,0.149,0.035,0.086,0.336,0.067
30/08/2015 22:00,5.9,9.1,13.4,25.4,10.4,14.2,0.002,0.141,0.68,0.513,0.071,0.162,0.179,0.036,0.096,0.337,0.077
30/08/2015 23:00,5.9,9.6,13.3,22,9.7,14.1,0.002,0.22,0.658,0.528,0.07,0.124,0.207,0.035,0.099,0.302,0.088
31/08/2015 00:00,5.7,9.1,12,18.4,9,13.6,0,0.372,0.625,0.537,0.063,0.065,0.201,0.025,0.103,0.29,0.1
31/08/2015 01:00,8.4,6.9,11.1,15,7.2,11.7,0,0.431,0.597,0.479,0.057,0.036,0.182,0.008,0.109,0.284,0.115
31/08/2015 02:00,15.5,6.7,14.2,16.5,10.6,14.3,0,0.388,0.575,0.407,0.043,0.018,0.175,0.001,0.108,0.249,0.133
31/08/2015 03:00,21.8,8,17,17.2,12.1,16.3,0,0.337,0.571,0.379,0.024,0.007,0.156,0,0.104,0.206,0.151
31/08/2015 04:00,26.4,8.8,18,16.8,12.2,16.7,0,0.291,0.58,0.381,0.014,0.002,0.031,0,0.107,0.192,0.176
31/08/2015 05:00,33.6,8.4,17.8,15.6,12.1,17.7,0,0.202,0.594,0.395,0.014,0.001,0.004,0,0.119,0.3,0.207
31/08/2015 06:00,35.6,7.6,17.1,14.3,12.1,19.2,0,0.114,0.619,0.388,0.016,0,0.027,0,0.138,0.401,0.236
31/08/2015 07:00,28.7,7.5,16,13.3,12.6,20.5,0,0.078,0.656,0.327,0.011,0,0.06,0,0.157,0.415,0.256
31/08/2015 08:00,21.8,7.7,12.8,12.7,13.4,21.4,0,0.072,0.695,0.325,0.017,0,0.069,0,0.172,0.409,0.278
31/08/2015 09:00,14.9,8.2,8.3,12,14.6,22.2,0.002,0.086,0.746,0.48,0.019,0,0.063,0,0.171,0.404,0.308
31/08/2015 10:00,9.4,8.6,5.6,10.9,16.3,22.7,0.005,0.122,0.78,0.512,0.017,0,0.053,0.001,0.153,0.408,0.327
31/08/2015 11:00,5.1,8.1,5.7,9.7,18.9,22,0.004,0.132,0.789,0.473,0.011,0.001,0.043,0.002,0.137,0.431,0.331
31/08/2015 12:00,5.1,9,7,8.6,20.4,20,0.001,0.062,0.789,0.424,0.005,0,0.038,0.002,0.123,0.471,0.323
31/08/2015 13:00,5.2,11,7.6,8.5,20.4,17.9,0,0.184,0.796,0.402,0.003,0,0.042,0.001,0.12,0.523,0.315
31/08/2015 14:00,5.3,12.5,8.5,9.2,19.1,16.6,0.001,0.227,0.801,0.413,0.002,0,0.068,0,0.132,0.571,0.316
31/08/2015 15:00,5.6,12.7,8.6,9.9,16.5,14.9,0.003,0.208,0.795,0.422,0.001,0.003,0.067,0.001,0.155,0.605,0.334
31/08/2015 16:00,6.2,12.1,8.5,11.5,13.7,13.7,0.01,0.188,0.786,0.381,0.001,0.007,0.053,0.014,0.172,0.654,0.345
31/08/2015 17:00,6.8,11.9,9,15.3,11.6,13,0.017,0.182,0.78,0.276,0,0.013,0.101,0.058,0.172,0.647,0.358
31/08/2015 18:00,6.7,12.1,8.5,21,10.3,12.9,0.02,0.193,0.777,0.225,0,0.021,0.15,0.083,0.169,0.613,0.385
31/08/2015 19:00,6.6,12.2,8.3,26.5,9.4,12.7,0.025,0.22,0.774,0.219,0,0.031,0.212,0.064,0.168,0.581,0.425
31/08/2015 20:00,6,12.8,7.4,29.2,8.9,12.3,0.043,0.256,0.777,0.187,0,0.049,0.251,0.042,0.185,0.578,0.462
31/08/2015 21:00,5.5,13,6.1,30.4,8.1,11.6,0.034,0.286,0.761,0.139,0,0.064,0.254,0.03,0.21,0.604,0.493
31/08/2015 22:00,4.5,12.9,5.3,30.9,7.2,11.3,0.011,0.3,0.733,0.102,0,0.067,0.249,0.024,0.233,0.621,0.528
31/08/2015 23:00,3.5,12.5,5,28.8,6.8,11.5,0.004,0.335,0.718,0.079,0.002,0.052,0.237,0.017,0.248,0.583,0.56
01/09/2015 00:00,2.3,10.9,3.3,25.5,6.7,11.9,0.004,0.407,0.698,0.065,0.017,0.029,0.243,0.008,0.266,0.491,0.566
01/09/2015 01:00,2.1,7.8,2.8,21.2,5.5,10.5,0.006,0.366,0.668,0.054,0.052,0.032,0.282,0.001,0.297,0.355,0.544
01/09/2015 02:00,3.1,7.4,2.9,22.4,7,12.6,0.005,0.285,0.637,0.059,0.091,0.034,0.332,0.003,0.321,0.286,0.515
01/09/2015 03:00,4.7,7.6,4.3,25,6.4,13.8,0.004,0.21,0.604,0.096,0.133,0.034,0.341,0.026,0.316,0.22,0.493
01/09/2015 04:00,6.2,7.5,5.7,28.1,5.9,13.2,0.003,0.179,0.58,0.141,0.158,0.032,0.158,0.058,0.305,0.278,0.479
01/09/2015 05:00,7.5,7.3,6.8,29.1,6.4,13,0.005,0.171,0.563,0.161,0.162,0.025,0.015,0.082,0.302,0.397,0.48
01/09/2015 06:00,8.5,7.2,7,27.4,7.6,13.7,0.012,0.187,0.56,0.143,0.144,0.022,0.004,0.097,0.296,0.419,0.494
01/09/2015 07:00,9,7.1,6.7,25.1,9.4,15.3,0.024,0.217,0.576,0.091,0.075,0.018,0.006,0.107,0.288,0.376,0.513
01/09/2015 08:00,8.9,7.1,6.8,23.5,11.5,17,0.041,0.234,0.596,0.056,0.027,0.015,0.007,0.114,0.282,0.311,0.523
01/09/2015 09:00,7.9,7.3,7.6,20.4,14,18.6,0.053,0.206,0.644,0.093,0.015,0.018,0.006,0.103,0.284,0.253,0.519
01/09/2015 10:00,5.8,7.3,7.3,16.5,17.3,19.6,0.048,0.17,0.69,0.137,0.011,0.021,0.006,0.09,0.285,0.214,0.503
01/09/2015 11:00,2.7,6.6,7.5,13.8,21,20,0.038,0.125,0.715,0.192,0.008,0.025,0.005,0.099,0.283,0.194,0.483
01/09/2015 12:00,1.9,5.7,7.7,12.6,22.2,19.6,0.035,0.108,0.734,0.261,0.006,0.009,0.006,0.138,0.29,0.195,0.453
01/09/2015 13:00,2,6,7.7,14.3,21.3,19.3,0.038,0.284,0.758,0.311,0.006,0.01,0.009,0.223,0.307,0.231,0.409
01/09/2015 14:00,1.9,6.7,7.5,19.8,19.1,18.4,0.04,0.278,0.779,0.337,0.005,0.007,0.03,0.29,0.328,0.318,0.371
01/09/2015 15:00,1.6,7.4,7.1,25.1,16.3,15.9,0.071,0.235,0.78,0.355,0.006,0.004,0.054,0.274,0.361,0.501,0.336
01/09/2015 16:00,1.1,8.2,7.1,30.4,13.7,14,0.101,0.205,0.753,0.325,0.008,0.008,0.054,0.22,0.401,0.681,0.294
01/09/2015 17:00,0.8,8.6,7.5,34.9,11.5,13.3,0.054,0.18,0.705,0.241,0.01,0.022,0.088,0.176,0.43,0.703,0.249
01/09/2015 18:00,0.9,8.6,8.3,37.4,10.3,13.3,0.025,0.155,0.679,0.22,0.007,0.041,0.144,0.145,0.45,0.666,0.196
01/09/2015 19:00,1.1,8.1,8.7,37.4,10,13.5,0.044,0.125,0.647,0.254,0.008,0.061,0.161,0.112,0.466,0.619,0.147
01/09/2015 20:00,1.2,7.5,7.8,34.8,9.3,13.2,0.082,0.096,0.582,0.227,0.018,0.081,0.177,0.073,0.475,0.584,0.12
01/09/2015 21:00,1.2,7.3,6.4,33.6,8.3,13.2,0.11,0.072,0.484,0.185,0.031,0.093,0.209,0.041,0.468,0.567,0.135
01/09/2015 22:00,1.1,7.5,5.4,31.8,7.6,12.7,0.103,0.045,0.411,0.167,0.048,0.093,0.262,0.027,0.449,0.556,0.183
01/09/2015 23:00,1.2,8,5.1,29,7.3,12,0.107,0.027,0.402,0.153,0.068,0.074,0.33,0.033,0.418,0.519,0.234
02/09/2015 00:00,1.4,7.6,4.6,26.4,7.4,11.3,0.103,0.027,0.426,0.136,0.081,0.054,0.394,0.042,0.388,0.444,0.268
02/09/2015 01:00,1.1,4.4,3.9,22.5,6.2,9.6,0.111,0.038,0.477,0.115,0.086,0.035,0.442,0.045,0.371,0.362,0.286
02/09/2015 02:00,1.3,4.9,3.6,28.1,6.9,9.1,0.151,0.062,0.532,0.084,0.098,0.019,0.489,0.061,0.35,0.314,0.299
02/09/2015 03:00,2.6,5.3,3.9,32.8,6.6,9.8,0.139,0.085,0.587,0.047,0.126,0.011,0.476,0.07,0.34,0.293,0.294
02/09/2015 04:00,5.1,4.8,3.9,32.3,5.7,9,0.126,0.126,0.64,0.015,0.174,0.013,0.442,0.058,0.343,0.264,0.29
02/09/2015 05:00,7.8,4.4,3.7,29.5,5,8.7,0.121,0.171,0.682,0.002,0.214,0.028,0.437,0.04,0.348,0.399,0.308
02/09/2015 06:00,9.5,4.1,3.7,26.1,5.2,9.1,0.114,0.206,0.72,0,0.234,0.039,0.302,0.028,0.358,0.505,0.343
02/09/2015 07:00,10.9,4.2,4.1,23,5.9,9.9,0.107,0.236,0.749,0.001,0.207,0.03,0.237,0.024,0.376,0.479,0.377
02/09/2015 08:00,11.2,4.6,4.5,20.5,6.9,10.8,0.095,0.249,0.761,0.001,0.207,0.02,0.196,0.026,0.399,0.422,0.398
02/09/2015 09:00,9.9,5.1,4.4,18.5,7.8,12.1,0.08,0.243,0.746,0.004,0.219,0.008,0.168,0.029,0.406,0.376,0.415
02/09/2015 10:00,7.1,5.2,4.1,17,8.5,13.3,0.061,0.233,0.71,0.005,0.18,0.003,0.15,0.031,0.396,0.349,0.414
02/09/2015 11:00,3.6,5.2,5.1,16.1,9.2,14,0.043,0.204,0.674,0.008,0.12,0.001,0.146,0.035,0.395,0.348,0.379
02/09/2015 12:00,2.8,5.6,7.3,16,9.5,14.5,0.036,0.17,0.635,0.013,0.068,0.001,0.169,0.045,0.407,0.382,0.323
02/09/2015 13:00,3.6,7.2,8,18.7,10.8,16.4,0.038,0.259,0.58,0.021,0.038,0.001,0.26,0.087,0.429,0.451,0.264
02/09/2015 14:00,3.8,8.9,7.4,24.8,11.3,16.5,0.038,0.305,0.544,0.031,0.029,0,0.543,0.176,0.447,0.536,0.209
02/09/2015 15:00,2.7,9.8,7.1,30.9,10.8,14.5,0.018,0.282,0.526,0.042,0.025,0.001,0.763,0.227,0.459,0.595,0.168
02/09/2015 16:00,1.9,10.3,6.4,35.8,9.9,12.6,0.009,0.245,0.505,0.054,0.026,0.009,0.728,0.234,0.46,0.628,0.146
02/09/2015 17:00,1.2,10.8,5.3,38.6,9.5,11.5,0.011,0.215,0.501,0.08,0.029,0.031,0.613,0.22,0.457,0.607,0.137
02/09/2015 18:00,0.8,10.7,4.9,39.2,9,10.8,0.016,0.186,0.507,0.125,0.033,0.06,0.536,0.205,0.445,0.542,0.136
02/09/2015 19:00,0.5,9.6,5,37.3,8.5,10.1,0.03,0.155,0.498,0.206,0.058,0.091,0.523,0.193,0.425,0.498,0.135
02/09/2015 20:00,0.5,8.1,4.4,34.9,8,9.3,0.057,0.13,0.49,0.269,0.097,0.123,0.546,0.171,0.401,0.519,0.133
02/09/2015 21:00,0.5,6.9,4.4,31,6.8,8,0.091,0.115,0.465,0.272,0.148,0.139,0.556,0.121,0.365,0.586,0.132
02/09/2015 22:00,0.3,6,4.4,27.7,5.9,6.5,0.108,0.121,0.42,0.251,0.22,0.129,0.561,0.08,0.319,0.631,0.138
02/09/2015 23:00,0.2,5.2,4.3,23.9,5.1,5.4,0.103,0.142,0.383,0.233,0.264,0.093,0.579,0.051,0.276,0.615,0.143
03/09/2015 00:00,0.2,4.2,4.1,20.9,4.6,4.5,0.089,0.228,0.367,0.227,0.226,0.056,0.597,0.027,0.252,0.55,0.142
03/09/2015 01:00,0.3,2.1,3.1,15.3,3,3.3,0.07,0.278,0.374,0.228,0.192,0.039,0.615,0.011,0.259,0.494,0.141
03/09/2015 02:00,1.1,1.7,2.4,16.1,2,2.4,0.105,0.274,0.384,0.236,0.223,0.026,0.624,0.009,0.265,0.435,0.139
03/09/2015 03:00,1.9,1.9,2.3,20.7,1.3,2.1,0.161,0.21,0.404,0.259,0.289,0.03,0.619,0.013,0.261,0.391,0.137
03/09/2015 04:00,3.8,1.8,2.1,27.4,0.7,1.9,0.194,0.145,0.441,0.291,0.328,0.041,0.513,0.011,0.251,0.333,0.144
03/09/2015 05:00,7.1,1.6,1.8,31.9,0.4,2,0.196,0.104,0.469,0.312,0.328,0.049,0.557,0.011,0.237,0.473,0.157
03/09/2015 06:00,9.8,1.7,1.4,32.8,0.4,2.3,0.179,0.076,0.479,0.311,0.245,0.057,0.311,0.008,0.228,0.561,0.176
03/09/2015 07:00,12,2,1.2,31.7,0.4,2.6,0.144,0.068,0.461,0.229,0.185,0.054,0.184,0.005,0.233,0.481,0.193
03/09/2015 08:00,12.7,2.3,1,29.4,0.4,2.9,0.109,0.088,0.463,0.224,0.184,0.048,0.14,0.004,0.241,0.388,0.212
03/09/2015 09:00,12.5,2.8,0.7,24,0.6,3.1,0.093,0.116,0.512,0.258,0.14,0.034,0.109,0.005,0.255,0.323,0.222
03/09/2015 10:00,10.3,3.4,0.4,17.3,0.8,3.3,0.101,0.152,0.561,0.195,0.101,0.021,0.083,0.01,0.27,0.282,0.205
03/09/2015 11:00,5,3.8,0.5,13.1,1.1,3.6,0.081,0.152,0.567,0.133,0.074,0.017,0.062,0.02,0.284,0.266,0.178
03/09/2015 12:00,3.2,3.5,0.9,11.5,2.1,5,0.079,0.061,0.552,0.096,0.053,0.009,0.049,0.042,0.297,0.273,0.144
03/09/2015 13:00,3.3,3.2,1.1,13.8,4.5,8.2,0.094,0.086,0.563,0.079,0.035,0.007,0.042,0.111,0.305,0.308,0.114
03/09/2015 14:00,2.4,3.1,1.1,18.8,6.8,9.6,0.12,0.185,0.556,0.079,0.022,0.011,0.054,0.208,0.314,0.374,0.1
03/09/2015 15:00,1.6,3.1,1.1,23.7,7.6,8.9,0.131,0.235,0.505,0.089,0.014,0.034,0.067,0.241,0.309,0.492,0.103
03/09/2015 16:00,1.1,2.9,1.4,27.7,7.3,7.9,0.112,0.226,0.473,0.09,0.008,0.061,0.063,0.217,0.264,0.614,0.124
03/09/2015 17:00,0.8,2.8,1.8,29.3,6.8,7.1,0.089,0.201,0.435,0.112,0.005,0.083,0.066,0.171,0.206,0.622,0.151
03/09/2015 18:00,0.5,3.3,1.8,27.6,6,6.4,0.067,0.182,0.43,0.112,0.004,0.1,0.058,0.134,0.16,0.586,0.182
03/09/2015 19:00,0.4,4.1,1.9,24.2,5.2,5.6,0.059,0.182,0.466,0.086,0.004,0.115,0.054,0.108,0.124,0.512,0.21
03/09/2015 20:00,0.2,5.4,2.1,20.3,4.6,4.9,0.074,0.196,0.484,0.059,0.006,0.133,0.068,0.091,0.099,0.483,0.231
03/09/2015 21:00,0.2,6.7,2.1,18,4.2,4.3,0.157,0.233,0.511,0.051,0.006,0.14,0.087,0.071,0.088,0.5,0.242
03/09/2015 22:00,0.2,8,1.7,16.7,3.9,3.4,0.168,0.285,0.638,0.064,0.005,0.126,0.097,0.05,0.08,0.495,0.248
03/09/2015 23:00,0.1,8.6,1.3,14.9,3.6,2.6,0.202,0.386,0.799,0.073,0.008,0.09,0.105,0.031,0.071,0.421,0.244
04/09/2015 00:00,0.1,7.6,1,12.9,3,1.9,0.186,0.523,0.896,0.055,0.016,0.069,0.118,0.014,0.071,0.334,0.231
04/09/2015 01:00,0.5,3.7,0.8,9.7,1.9,1.1,0.157,0.475,0.91,0.027,0.036,0.068,0.124,0.004,0.077,0.274,0.218
04/09/2015 02:00,1.5,2.7,1,5.1,1.2,0.5,0.137,0.396,0.891,0.012,0.062,0.068,0.126,0.012,0.077,0.237,0.207
04/09/2015 03:00,2.1,3.4,1.8,4.6,0.4,0.2,0.193,0.332,0.835,0.014,0.086,0.064,0.106,0.029,0.069,0.223,0.207
04/09/2015 04:00,3.2,3.2,2.6,2.8,0.1,0.1,0.243,0.209,0.739,0.032,0.103,0.08,0.028,0.048,0.06,0.286,0.206
04/09/2015 05:00,5.3,3.3,3.6,2.3,0.1,0.1,0.227,0.171,0.645,0.064,0.119,0.088,0.002,0.076,0.052,0.436,0.201
04/09/2015 06:00,7.6,3.4,4.8,2.5,0.1,0.2,0.211,0.192,0.522,0.099,0.112,0.092,0.002,0.108,0.042,0.449,0.207
04/09/2015 07:00,9.5,3.8,5.9,2.9,0.2,0.4,0.195,0.226,0.398,0.094,0.071,0.065,0.004,0.136,0.035,0.376,0.225
04/09/2015 08:00,10.7,4.2,6.1,3.5,0.3,0.7,0.166,0.279,0.302,0.037,0.065,0.054,0.007,0.156,0.036,0.304,0.25
04/09/2015 09:00,10,4.8,4.9,4.1,0.4,1.1,0.125,0.297,0.265,0.051,0.027,0.034,0.012,0.17,0.037,0.255,0.27
04/09/2015 10:00,7.4,5.4,3.2,4.3,0.7,1.7,0.114,0.253,0.286,0.056,0.003,0.03,0.02,0.184,0.036,0.241,0.279
04/09/2015 11:00,3.7,5.8,2.3,4.3,1,2.3,0.118,0.205,0.367,0.057,0.001,0.024,0.032,0.201,0.035,0.255,0.282
04/09/2015 12:00,2.5,5.6,2.4,4.8,1.4,3.7,0.138,0.259,0.49,0.06,0.001,0.02,0.046,0.225,0.037,0.3,0.283
04/09/2015 13:00,2.6,5.9,2.4,7.9,2.4,6.8,0.137,0.511,0.574,0.06,0.002,0.033,0.061,0.268,0.044,0.38,0.278
04/09/2015 14:00,2.5,6.4,2.3,13,3.2,9.5,0.114,0.63,0.602,0.057,0.004,0.05,0.111,0.31,0.054,0.501,0.268
04/09/2015 15:00,2.4,7.2,2.2,17.2,3.6,10.3,0.089,0.679,0.599,0.048,0.01,0.066,0.221,0.292,0.058,0.613,0.269
04/09/2015 16:00,1.8,8.3,2.3,21.4,3.8,10,0.067,0.69,0.592,0.045,0.014,0.087,0.296,0.229,0.054,0.681,0.277
04/09/2015 17:00,1.6,9.2,2.7,25.5,3.8,9.1,0.051,0.701,0.591,0.055,0.014,0.114,0.278,0.154,0.047,0.668,0.278
04/09/2015 18:00,1.5,9.5,2.9,28.3,3.8,8.2,0.051,0.7,0.604,0.059,0.011,0.147,0.182,0.091,0.055,0.601,0.27
04/09/2015 19:00,1.5,8.9,3.1,29.4,3.6,7.5,0.058,0.686,0.607,0.082,0.007,0.183,0.085,0.051,0.072,0.535,0.252
04/09/2015 20:00,1.6,8,2.9,28.8,2.9,7.2,0.068,0.679,0.618,0.118,0.003,0.215,0.036,0.034,0.094,0.504,0.235
04/09/2015 21:00,1.6,7.2,2.6,28.4,2.1,7.4,0.085,0.644,0.618,0.158,0.002,0.235,0.012,0.025,0.116,0.527,0.216
04/09/2015 22:00,1.6,6.4,2.6,28.1,1.7,7.3,0.139,0.583,0.612,0.189,0.001,0.2,0.003,0.021,0.124,0.571,0.192
04/09/2015 23:00,1.4,5.8,2.3,26.9,1.5,6.6,0.206,0.504,0.633,0.206,0,0.132,0.001,0.018,0.124,0.557,0.169
05/09/2015 00:00,1.2,4.9,1.8,25.7,1.4,5.6,0.16,0.464,0.666,0.206,0,0.1,0,0.013,0.123,0.407,0.153
05/09/2015 01:00,1.3,2.6,1.7,22,0.9,4,0.105,0.472,0.685,0.2,0.001,0.073,0,0.004,0.118,0.294,0.152
05/09/2015 02:00,3,2.1,2.3,16.9,0.7,3,0.146,0.494,0.683,0.186,0.003,0.071,0,0.003,0.105,0.234,0.165
05/09/2015 03:00,5.2,2.5,2.8,20.9,0.5,1.5,0.149,0.519,0.661,0.18,0.012,0.066,0.001,0.008,0.095,0.197,0.178
05/09/2015 04:00,7.1,2.5,3.1,15.3,0.4,0.3,0.154,0.529,0.624,0.174,0.036,0.027,0.005,0.021,0.084,0.235,0.192
05/09/2015 05:00,8.7,2.8,3.6,9.9,0.6,0.1,0.178,0.561,0.595,0.178,0.058,0.012,0,0.032,0.071,0.389,0.213
05/09/2015 06:00,9.9,3.5,4.3,7.1,1,0,0.216,0.623,0.556,0.196,0.054,0.013,0,0.039,0.061,0.475,0.234
05/09/2015 07:00,10.7,4.4,5.1,5.5,1.6,0.1,0.251,0.672,0.503,0.185,0.014,0.012,0,0.045,0.054,0.42,0.248
05/09/2015 08:00,10.4,5.1,5.4,4.4,2.2,0.3,0.292,0.743,0.483,0.208,0.004,0.008,0,0.051,0.053,0.336,0.248
05/09/2015 09:00,8.8,5.4,4.2,3.7,2.7,1.3,0.295,0.796,0.476,0.333,0.003,0.006,0.001,0.049,0.053,0.264,0.23
05/09/2015 10:00,6.6,5.3,2.9,3.3,3.1,2.8,0.256,0.858,0.457,0.344,0.004,0.006,0.006,0.042,0.058,0.223,0.201
05/09/2015 11:00,3,4.3,2,3.4,3.2,4.5,0.184,0.896,0.434,0.317,0.006,0.005,0.017,0.039,0.066,0.214,0.178
05/09/2015 12:00,2.5,3.2,2.2,4.3,3.4,6.4,0.128,0.912,0.422,0.293,0.02,0.006,0.029,0.041,0.073,0.241,0.169
05/09/2015 13:00,2.9,3.2,2.2,7.6,4.3,9.5,0.118,0.937,0.437,0.263,0.037,0.007,0.038,0.074,0.076,0.297,0.174
05/09/2015 14:00,3,3.9,1.9,13.2,4.8,11.7,0.13,0.961,0.454,0.218,0.043,0.047,0.064,0.139,0.065,0.385,0.181
05/09/2015 15:00,2.8,4.6,1.9,18.6,4.8,11.8,0.14,0.971,0.464,0.187,0.028,0.125,0.093,0.217,0.05,0.525,0.189
05/09/2015 16:00,3.1,5.6,2.7,23.5,4.3,11,0.133,0.975,0.455,0.159,0.012,0.188,0.104,0.294,0.041,0.652,0.188
05/09/2015 17:00,2.7,6.2,3.2,27.6,3.8,10.2,0.114,0.978,0.425,0.139,0.011,0.23,0.101,0.32,0.041,0.661,0.166
05/09/2015 18:00,2.1,6.5,3.2,29.7,3.2,9.5,0.094,0.978,0.398,0.143,0.015,0.259,0.075,0.285,0.054,0.613,0.133
05/09/2015 19:00,2.2,7,3.1,29.9,2.8,9,0.091,0.978,0.373,0.149,0.017,0.294,0.039,0.233,0.085,0.529,0.098
05/09/2015 20:00,1.9,7.6,3.2,28.4,2.6,8.8,0.107,0.977,0.361,0.142,0.015,0.302,0.018,0.183,0.12,0.436,0.074
05/09/2015 21:00,2.1,8.3,3.1,27.6,2.3,8.8,0.151,0.973,0.355,0.13,0.009,0.295,0.017,0.122,0.122,0.352,0.068
05/09/2015 22:00,2.5,8.8,3,27.6,2.1,8.7,0.201,0.959,0.355,0.111,0.006,0.255,0.026,0.067,0.098,0.309,0.069
05/09/2015 23:00,2.5,9,2.9,26.7,2.3,8.2,0.243,0.929,0.357,0.09,0.013,0.162,0.028,0.025,0.065,0.303,0.076
06/09/2015 00:00,1.7,8.1,2.4,24.9,2.6,7.6,0.235,0.895,0.358,0.078,0.033,0.118,0.02,0.004,0.041,0.314,0.089
06/09/2015 01:00,2.5,4.6,2,20.2,2.1,6.1,0.206,0.858,0.358,0.062,0.061,0.096,0.013,0,0.029,0.31,0.107
06/09/2015 02:00,4.2,3.5,3.1,17.5,2.3,5.8,0.309,0.824,0.355,0.044,0.084,0.07,0.009,0,0.02,0.278,0.132
06/09/2015 03:00,4.4,4.2,4.1,21.5,3.5,4.4,0.354,0.808,0.35,0.037,0.095,0.041,0.016,0.017,0.019,0.236,0.149
06/09/2015 04:00,5.6,4.4,4.8,20.3,4.8,2.9,0.347,0.794,0.345,0.038,0.09,0.025,0.008,0.032,0.016,0.145,0.154
06/09/2015 05:00,7.9,4.6,6.2,14.4,5.8,2.6,0.325,0.778,0.343,0.032,0.083,0.018,0.001,0.031,0.009,0.27,0.155
06/09/2015 06:00,10.8,5.1,7.5,9.8,6.5,3,0.294,0.75,0.328,0.024,0.078,0.013,0,0.036,0.004,0.361,0.175
06/09/2015 07:00,13.9,5.4,8,6.8,7.1,3.9,0.261,0.707,0.297,0.021,0.051,0.008,0.004,0.058,0.001,0.316,0.216
06/09/2015 08:00,16.2,5.7,7.3,5,7.8,5.1,0.236,0.64,0.264,0.016,0.039,0.004,0.013,0.098,0,0.248,0.256
06/09/2015 09:00,16.3,5.5,5.9,3.4,8.1,6.4,0.219,0.532,0.238,0.017,0.032,0.002,0.028,0.134,0,0.186,0.283
06/09/2015 10:00,13.1,5.1,4.3,2.4,8.3,7.7,0.194,0.432,0.217,0.011,0.017,0.001,0.048,0.169,0,0.148,0.282
06/09/2015 11:00,6.6,4.5,2.8,2.1,8,8.8,0.17,0.325,0.206,0.003,0.01,0.001,0.07,0.197,0,0.137,0.266
06/09/2015 12:00,4.8,3.8,3,2.5,6.8,9.9,0.147,0.259,0.213,0,0.008,0.006,0.103,0.212,0,0.151,0.236
06/09/2015 13:00,5.7,4.3,3,5.5,6.4,11.8,0.149,0.379,0.239,0,0.008,0.021,0.167,0.247,0,0.194,0.21
06/09/2015 14:00,5.6,5.8,2.8,11,6.6,12.9,0.155,0.301,0.286,0,0.009,0.069,0.391,0.271,0,0.292,0.199
06/09/2015 15:00,6,7.5,2.9,17.9,7.3,12,0.146,0.239,0.341,0,0.009,0.095,0.722,0.262,0,0.51,0.193
06/09/2015 16:00,5.9,9,2.4,25.7,7.3,11,0.124,0.209,0.398,0,0.007,0.113,0.776,0.241,0,0.709,0.186
06/09/2015 17:00,5.7,9.9,2.3,31.6,7.6,10.5,0.105,0.187,0.444,0,0.006,0.132,0.714,0.186,0,0.733,0.176
06/09/2015 18:00,5.3,10.4,2.2,33.9,7.3,10.1,0.094,0.17,0.461,0,0.006,0.153,0.667,0.125,0.001,0.655,0.162
06/09/2015 19:00,4.2,10.5,2,33.3,6.5,10.3,0.09,0.141,0.442,0,0.012,0.176,0.676,0.073,0.004,0.584,0.154
06/09/2015 20:00,2.4,10.1,1.8,30.3,6.1,10.5,0.095,0.11,0.413,0.004,0.029,0.187,0.71,0.033,0.015,0.574,0.148
06/09/2015 21:00,1.1,9.6,1.8,27.8,5.6,10.6,0.113,0.087,0.376,0.022,0.037,0.191,0.726,0.013,0.027,0.58,0.152
06/09/2015 22:00,0.6,9,1.8,25.8,5.2,10.3,0.141,0.068,0.336,0.048,0.031,0.164,0.777,0.003,0.036,0.557,0.155
06/09/2015 23:00,0.2,8,1.9,23.7,4.8,9.6,0.173,0.055,0.309,0.079,0.02,0.103,0.766,0.001,0.04,0.485,0.152
07/09/2015 00:00,0.1,6.4,1.7,21.5,4.6,9.4,0.154,0.074,0.296,0.114,0.015,0.055,0.756,0.003,0.035,0.382,0.147
07/09/2015 01:00,0.5,3,1.9,16.5,3.4,7.6,0.169,0.103,0.294,0.143,0.019,0.037,0.753,0.013,0.025,0.293,0.15
07/09/2015 02:00,1.4,2.1,2.3,12.6,3.7,8.1,0.358,0.137,0.295,0.16,0.032,0.034,0.753,0.043,0.012,0.256,0.15
07/09/2015 03:00,3,2.4,2.4,10.7,5.9,6.5,0.511,0.167,0.289,0.175,0.05,0.035,0.712,0.099,0.006,0.227,0.15
07/09/2015 04:00,5.6,2.6,2.8,6.7,7.7,4.3,0.635,0.183,0.284,0.185,0.066,0.035,0.473,0.155,0.006,0.204,0.157
07/09/2015 05:00,9,3,3.5,4.3,9.1,3.3,0.685,0.177,0.283,0.181,0.092,0.033,0.388,0.219,0.008,0.457,0.171
07/09/2015 06:00,11.5,3.7,4.6,3.8,10.4,3.2,0.682,0.182,0.28,0.141,0.124,0.027,0.192,0.264,0.012,0.554,0.191
07/09/2015 07:00,13.9,4.7,5.8,3.9,11.9,3.7,0.619,0.195,0.281,0.076,0.099,0.021,0.077,0.273,0.019,0.479,0.207
07/09/2015 08:00,15.2,5.8,6,4.1,13.2,4.5,0.513,0.216,0.289,0.035,0.065,0.022,0.019,0.254,0.028,0.379,0.223
07/09/2015 09:00,15.1,6.6,5.2,3.6,13.6,5.4,0.43,0.211,0.32,0.037,0.075,0.019,0.002,0.211,0.04,0.286,0.228
07/09/2015 10:00,12.4,6.9,4.1,2.9,13.4,6.3,0.341,0.167,0.362,0.032,0.064,0.016,0,0.16,0.056,0.222,0.22
07/09/2015 11:00,6.3,5.8,3.5,2.5,11.6,6.9,0.29,0.089,0.397,0.027,0.053,0.011,0,0.133,0.075,0.189,0.208
07/09/2015 12:00,3.9,4.6,3.9,2.6,8.6,7.6,0.295,0.004,0.428,0.028,0.037,0.005,0,0.116,0.095,0.181,0.199
07/09/2015 13:00,4,4.2,3.3,4.4,7.7,9.1,0.293,0,0.459,0.036,0.026,0.007,0,0.132,0.109,0.216,0.187
07/09/2015 14:00,3.7,3.8,3.1,7.3,7.5,10,0.282,0,0.494,0.034,0.018,0.021,0.006,0.163,0.105,0.305,0.175
07/09/2015 15:00,3,3.5,3.1,11.8,7.5,9.6,0.261,0,0.538,0.032,0.014,0.049,0.048,0.191,0.099,0.486,0.166
07/09/2015 16:00,2.5,4,3.2,18.6,7.6,9,0.243,0,0.573,0.042,0.015,0.083,0.079,0.208,0.098,0.661,0.159
07/09/2015 17:00,2.4,5.2,2.8,25.8,7.9,8.3,0.234,0.002,0.587,0.061,0.022,0.114,0.048,0.213,0.102,0.686,0.156
07/09/2015 18:00,2.5,6.6,2.7,30.7,8,7.2,0.243,0.009,0.586,0.092,0.045,0.14,0.01,0.215,0.109,0.645,0.156
07/09/2015 19:00,2.6,7.7,2.4,32.3,7.5,6.4,0.369,0.019,0.566,0.162,0.074,0.168,0.013,0.223,0.118,0.595,0.152
07/09/2015 20:00,2.9,8.2,2.1,31.7,7,5.7,0.341,0.029,0.536,0.223,0.096,0.204,0.045,0.227,0.125,0.523,0.135
07/09/2015 21:00,2.7,9,2,28.7,6.4,5.4,0.328,0.04,0.479,0.231,0.11,0.23,0.09,0.213,0.115,0.497,0.108
07/09/2015 22:00,2.2,9.6,1.8,24.7,6,5.5,0.396,0.045,0.407,0.218,0.114,0.201,0.146,0.211,0.099,0.47,0.079
07/09/2015 23:00,1.6,9.8,1.7,20.8,5.8,5.5,0.364,0.049,0.341,0.2,0.112,0.113,0.225,0.214,0.079,0.425,0.053
08/09/2015 00:00,0.8,9.3,1.3,16.5,5.4,5.4,0.289,0.068,0.278,0.184,0.097,0.082,0.312,0.202,0.059,0.345,0.035
08/09/2015 01:00,1.1,5.4,1.1,10.8,4.1,4.4,0.314,0.08,0.227,0.184,0.067,0.052,0.365,0.167,0.037,0.282,0.026
08/09/2015 02:00,1.6,4.9,1.4,5.1,7,4,0.347,0.078,0.201,0.183,0.041,0.031,0.416,0.134,0.023,0.239,0.028
08/09/2015 03:00,2.3,6.1,1.5,5.1,12.1,3.5,0.297,0.074,0.192,0.161,0.034,0.019,0.447,0.137,0.023,0.202,0.034
08/09/2015 04:00,3.7,5.7,1.6,3.4,15,2.4,0.278,0.074,0.188,0.133,0.047,0.018,0.35,0.148,0.028,0.296,0.038
08/09/2015 05:00,6.2,4.7,2,2.1,16.8,1.9,0.289,0.069,0.189,0.102,0.086,0.014,0.349,0.176,0.042,0.454,0.041
08/09/2015 06:00,8.7,4,2.4,1.4,19,2.2,0.31,0.066,0.192,0.068,0.134,0.013,0.289,0.206,0.067,0.459,0.04
08/09/2015 07:00,10.4,3.8,3,0.9,21.8,3,0.328,0.05,0.195,0.036,0.129,0.014,0.228,0.216,0.096,0.38,0.034
08/09/2015 08:00,11.3,3.9,3.5,0.5,24,4.3,0.336,0.037,0.182,0.017,0.27,0.012,0.171,0.192,0.126,0.3,0.023
08/09/2015 09:00,11.6,4.8,3.5,0.3,25.5,5.6,0.328,0.028,0.159,0.005,0.395,0.006,0.126,0.171,0.16,0.233,0.014
08/09/2015 10:00,9.5,5.6,2.8,0.2,25,6.8,0.309,0.021,0.135,0,0.42,0.004,0.095,0.169,0.201,0.192,0.006
08/09/2015 11:00,4.8,5.9,2.6,0.2,20.9,7.3,0.28,0.011,0.099,0,0.397,0.001,0.076,0.161,0.241,0.183,0.002
08/09/2015 12:00,3.6,5.6,3,0.3,14.7,7.4,0.328,0.001,0.062,0,0.374,0.001,0.067,0.154,0.28,0.206,0
08/09/2015 13:00,3.8,5.6,2.8,1.4,11.9,8.6,0.361,0,0.043,0,0.355,0.009,0.078,0.157,0.314,0.262,0
08/09/2015 14:00,3.8,5.9,2.4,4.3,10.7,10.4,0.349,0.005,0.037,0,0.325,0.036,0.223,0.162,0.342,0.376,0
08/09/2015 15:00,3.4,6.1,2.2,7.4,9.5,10.7,0.299,0.058,0.035,0,0.303,0.061,0.484,0.136,0.341,0.55,0
08/09/2015 16:00,3,7,2.1,10.2,8.3,10.5,0.253,0.078,0.027,0,0.276,0.079,0.513,0.096,0.313,0.678,0
08/09/2015 17:00,2.5,8,2.4,13,7.6,10.1,0.237,0.068,0.019,0,0.211,0.09,0.375,0.064,0.28,0.713,0
08/09/2015 18:00,2.3,8.6,2.1,15.2,7.3,9.8,0.229,0.049,0.017,0,0.192,0.106,0.281,0.049,0.245,0.715,0
08/09/2015 19:00,2.5,8.4,1.5,16,6.5,9.5,0.222,0.03,0.017,0.003,0.185,0.133,0.239,0.041,0.21,0.721,0
08/09/2015 20:00,2.5,8.2,1.6,15.3,5.8,8.7,0.219,0.018,0.019,0.027,0.197,0.168,0.238,0.033,0.182,0.653,0
08/09/2015 21:00,2.3,7.8,1.8,15.6,4.9,8.1,0.223,0.012,0.02,0.068,0.225,0.2,0.262,0.025,0.175,0.571,0
08/09/2015 22:00,1.5,7.6,1.8,17,3.9,8,0.221,0.008,0.017,0.103,0.233,0.208,0.326,0.014,0.183,0.497,0
08/09/2015 23:00,0.7,7.8,1.6,18.5,3.3,7.8,0.233,0.006,0.017,0.127,0.234,0.158,0.407,0.009,0.201,0.421,0
09/09/2015 00:00,0.2,7.2,0.8,19.8,3.3,7.5,0.192,0.005,0.017,0.146,0.257,0.079,0.476,0.007,0.228,0.346,0
09/09/2015 01:00,0.3,3.7,0.3,18.4,2.7,5.8,0.167,0.006,0.013,0.156,0.277,0.046,0.513,0.003,0.255,0.308,0.001
09/09/2015 02:00,0.4,2.9,0.4,10.9,5.9,4.7,0.134,0.029,0.01,0.167,0.265,0.047,0.545,0,0.284,0.277,0.003
09/09/2015 03:00,0.9,3.7,0.4,8.6,10,3.4,0.099,0.114,0.008,0.176,0.233,0.051,0.538,0,0.291,0.249,0.006
09/09/2015 04:00,2.2,3.9,0.4,4.6,13.3,1.8,0.085,0.2,0.01,0.188,0.207,0.05,0.457,0,0.281,0.305,0.01
09/09/2015 05:00,4,3.5,0.6,3,16.1,1.3,0.094,0.218,0.02,0.204,0.186,0.049,0.498,0.001,0.27,0.368,0.015
09/09/2015 06:00,5.4,3.1,0.8,2.1,18.9,1.2,0.113,0.186,0.046,0.221,0.139,0.048,0.248,0.003,0.257,0.422,0.021
09/09/2015 07:00,6.5,3.1,1,1.4,21.7,1.4,0.125,0.167,0.072,0.192,0.073,0.037,0.133,0.004,0.251,0.415,0.031
09/09/2015 08:00,6.9,3.2,1.1,0.9,24.1,2.1,0.135,0.144,0.087,0.179,0.123,0.045,0.08,0.005,0.243,0.369,0.043
09/09/2015 09:00,6.4,3.3,0.9,0.6,26.4,3.4,0.152,0.13,0.078,0.227,0.167,0.05,0.057,0.004,0.249,0.323,0.059
09/09/2015 10:00,5,3.1,0.7,0.4,27.4,5,0.189,0.112,0.056,0.218,0.181,0.036,0.045,0.002,0.251,0.303,0.072
09/09/2015 11:00,2.2,2.5,0.7,0.3,25.4,6,0.212,0.068,0.037,0.218,0.151,0.029,0.043,0.002,0.241,0.32,0.077
09/09/2015 12:00,1.5,1.9,0.8,0.4,19.7,6.4,0.269,0.014,0.025,0.232,0.106,0.012,0.046,0.004,0.223,0.366,0.074
09/09/2015 13:00,1.6,1.6,0.8,1,14.8,7.9,0.318,0.003,0.022,0.252,0.059,0.012,0.063,0.013,0.197,0.447,0.068
09/09/2015 14:00,1.5,1.6,0.8,2.2,12.1,9.8,0.36,0.001,0.023,0.283,0.024,0.032,0.178,0.039,0.174,0.557,0.058
09/09/2015 15:00,1.9,2.3,0.9,3.8,11,9.8,0.378,0.001,0.02,0.3,0.008,0.058,0.466,0.12,0.144,0.645,0.048
09/09/2015 16:00,2.3,3.4,0.9,5.8,11,9.1,0.314,0,0.016,0.309,0.007,0.073,0.596,0.27,0.119,0.673,0.037
09/09/2015 17:00,2,4.9,0.8,8.6,11.3,8.3,0.275,0,0.022,0.278,0.007,0.084,0.522,0.424,0.101,0.672,0.027
09/09/2015 18:00,1.1,6.1,0.5,11.8,11.8,7.7,0.295,0,0.041,0.252,0.009,0.095,0.431,0.501,0.088,0.583,0.019
09/09/2015 19:00,0.6,6.9,0.6,15.5,11.7,7,0.324,0,0.06,0.328,0.012,0.109,0.415,0.49,0.081,0.447,0.013
09/09/2015 20:00,0.1,7,1.3,19,10.7,6.3,0.341,0,0.07,0.36,0.022,0.124,0.435,0.422,0.076,0.398,0.012
09/09/2015 21:00,0,6.3,2.1,21.7,9.1,6,0.346,0.006,0.071,0.313,0.032,0.131,0.494,0.38,0.068,0.367,0.019
09/09/2015 22:00,0,5.5,2,22.6,8.3,5.9,0.332,0.046,0.069,0.273,0.045,0.112,0.599,0.368,0.056,0.325,0.03
09/09/2015 23:00,0,4.8,1.9,21.9,8.3,5.8,0.278,0.194,0.067,0.235,0.059,0.078,0.703,0.379,0.044,0.28,0.041
10/09/2015 00:00,0,3.9,1.8,20.7,8.3,5.6,0.178,0.36,0.063,0.201,0.069,0.06,0.749,0.378,0.031,0.233,0.05
10/09/2015 01:00,0,1.8,1,16.6,7.1,4.3,0.093,0.315,0.061,0.176,0.074,0.047,0.751,0.327,0.017,0.2,0.054
10/09/2015 02:00,0.1,1,0.9,9.4,9.5,3.7,0.042,0.194,0.06,0.156,0.073,0.042,0.753,0.273,0.008,0.175,0.057
10/09/2015 03:00,0.7,1.4,0.8,9.3,13.7,2.5,0.026,0.128,0.067,0.159,0.075,0.042,0.713,0.386,0.005,0.158,0.063
10/09/2015 04:00,2.4,1.9,0.6,5.5,16,1.2,0.034,0.101,0.071,0.164,0.084,0.046,0.652,0.311,0.003,0.279,0.083
10/09/2015 05:00,4.2,2,0.6,3,16.8,0.8,0.043,0.084,0.07,0.167,0.105,0.05,0.71,0.22,0.002,0.419,0.116
10/09/2015 06:00,6.3,1.7,0.6,1.9,17.3,0.8,0.056,0.067,0.064,0.171,0.153,0.039,0.51,0.171,0.002,0.413,0.167
10/09/2015 07:00,7.6,1.7,0.7,1.3,18.6,0.9,0.067,0.053,0.054,0.137,0.184,0.022,0.308,0.152,0.002,0.369,0.22
10/09/2015 08:00,8.1,2,0.6,0.9,20.2,1.4,0.071,0.041,0.037,0.133,0.274,0.02,0.215,0.145,0.004,0.313,0.267
10/09/2015 09:00,7.4,2.3,0.4,0.6,21.9,2.4,0.062,0.021,0.023,0.186,0.265,0.015,0.171,0.148,0.008,0.273,0.294
10/09/2015 10:00,5.3,2.1,0.4,0.4,23,3.6,0.046,0.02,0.013,0.156,0.196,0.011,0.146,0.172,0.011,0.266,0.283
10/09/2015 11:00,2.5,1.8,0.5,0.4,21.9,4.6,0.037,0.037,0.006,0.122,0.143,0.009,0.135,0.221,0.02,0.295,0.234
10/09/2015 12:00,1.9,1.3,0.9,0.4,17.5,5.1,0.046,0.022,0.003,0.096,0.108,0.005,0.146,0.294,0.035,0.345,0.175
10/09/2015 13:00,2.1,0.9,1.5,0.7,14.9,6.3,0.095,0.039,0.003,0.076,0.077,0.009,0.241,0.445,0.053,0.417,0.112
10/09/2015 14:00,2.4,0.6,2.1,1,13.8,7.3,0.192,0.071,0.008,0.062,0.054,0.029,0.54,0.601,0.064,0.513,0.065
10/09/2015 15:00,3.2,0.6,2.2,1.3,12.9,7.3,0.236,0.083,0.015,0.053,0.037,0.082,0.715,0.661,0.071,0.61,0.038
10/09/2015 16:00,3.8,0.7,1.9,1.8,12.8,6.8,0.234,0.086,0.026,0.045,0.025,0.099,0.663,0.666,0.068,0.679,0.031
10/09/2015 17:00,4.4,0.8,1.6,2.9,12.8,6.4,0.225,0.089,0.038,0.043,0.022,0.096,0.599,0.62,0.054,0.668,0.036
10/09/2015 18:00,3.6,0.7,1.3,4.9,12.4,6.2,0.216,0.089,0.047,0.05,0.027,0.092,0.59,0.592,0.043,0.599,0.052
10/09/2015 19:00,2.6,0.3,0.8,7.5,11.9,6.1,0.197,0.093,0.053,0.061,0.035,0.095,0.606,0.536,0.04,0.509,0.072
10/09/2015 20:00,2,0.2,0.6,10.1,11.7,5.8,0.169,0.091,0.06,0.068,0.048,0.108,0.661,0.514,0.041,0.532,0.085
10/09/2015 21:00,1.6,0.3,0.7,12.2,11.7,5.3,0.158,0.093,0.058,0.068,0.068,0.118,0.736,0.474,0.045,0.55,0.09
10/09/2015 22:00,1.2,0.4,1.3,13.7,11.3,4.9,0.155,0.119,0.054,0.068,0.093,0.119,0.696,0.429,0.052,0.466,0.083
10/09/2015 23:00,0.9,0.6,2.1,14.4,11.3,4.6,0.167,0.234,0.049,0.071,0.13,0.095,0.672,0.379,0.058,0.364,0.061
11/09/2015 00:00,0.2,0.8,1.6,14.6,11.4,4.2,0.17,0.383,0.047,0.072,0.158,0.087,0.652,0.293,0.061,0.267,0.029
11/09/2015 01:00,0.2,0.4,0.6,12.8,9.8,3.1,0.118,0.344,0.054,0.072,0.169,0.069,0.661,0.22,0.06,0.274,0.007
11/09/2015 02:00,1.1,0.3,0.5,5.9,12.4,2.3,0.083,0.255,0.071,0.073,0.179,0.045,0.689,0.202,0.057,0.291,0.002
11/09/2015 03:00,0.9,0.6,0.4,6.8,17.8,1.5,0.079,0.157,0.101,0.072,0.195,0.037,0.693,0.251,0.052,0.279,0.003
11/09/2015 04:00,0.5,0.6,0.4,6.4,19.5,0.6,0.097,0.119,0.148,0.071,0.251,0.022,0.821,0.256,0.047,0.391,0.012
11/09/2015 05:00,0.7,0.5,0.7,5.1,20.4,0.5,0.112,0.095,0.21,0.071,0.3,0.018,0.72,0.213,0.042,0.443,0.032
11/09/2015 06:00,2.6,0.6,0.9,3.8,21.3,0.6,0.122,0.073,0.27,0.077,0.32,0.018,0.472,0.193,0.039,0.435,0.051
11/09/2015 07:00,4.8,1.2,1,2.8,22.7,0.8,0.127,0.059,0.318,0.065,0.225,0.019,0.264,0.197,0.04,0.422,0.068
11/09/2015 08:00,6.2,1.8,1,1.9,24.3,1.1,0.151,0.059,0.361,0.039,0.204,0.015,0.148,0.213,0.044,0.409,0.083
11/09/2015 09:00,5.4,2.3,0.8,1.3,26.3,1.6,0.179,0.06,0.394,0.018,0.218,0.009,0.083,0.206,0.057,0.401,0.08
11/09/2015 10:00,3.5,2.6,0.5,1,27.6,2.4,0.238,0.047,0.407,0.003,0.197,0.005,0.043,0.191,0.076,0.417,0.068
11/09/2015 11:00,1.6,2.6,0.6,0.8,25.5,3.1,0.253,0.025,0.41,0.002,0.15,0.003,0.022,0.185,0.105,0.461,0.064
11/09/2015 12:00,1.1,2.7,0.8,0.9,20.9,3.4,0.264,0.001,0.415,0.002,0.092,0.001,0.012,0.2,0.141,0.525,0.077
11/09/2015 13:00,1.1,3,0.8,1.8,19.5,4.2,0.251,0,0.425,0.003,0.043,0.001,0.009,0.283,0.187,0.601,0.085
11/09/2015 14:00,1.1,3.6,0.7,3.1,18.7,5.9,0.227,0.002,0.442,0.003,0.018,0.015,0.076,0.398,0.217,0.679,0.082
11/09/2015 15:00,0.9,4.1,0.6,4.3,18.3,6.6,0.244,0.006,0.451,0.002,0.011,0.033,0.252,0.491,0.18,0.71,0.066
11/09/2015 16:00,0.9,3.9,0.4,5.1,17.7,6.6,0.292,0.009,0.462,0.001,0.008,0.051,0.367,0.571,0.118,0.72,0.054
11/09/2015 17:00,1.1,3.3,0.3,6.3,15.9,6.7,0.353,0.013,0.472,0.001,0.011,0.073,0.301,0.623,0.078,0.702,0.055
11/09/2015 18:00,1.1,2.8,0.4,7.2,15.1,7.1,0.4,0.015,0.477,0.001,0.029,0.101,0.22,0.635,0.051,0.663,0.064
11/09/2015 19:00,0.9,2.5,0.5,7.8,16,7.3,0.42,0.02,0.466,0.014,0.068,0.135,0.207,0.601,0.034,0.586,0.079
11/09/2015 20:00,0.7,2.4,0.8,8.6,16.9,7.2,0.395,0.026,0.447,0.062,0.094,0.167,0.219,0.52,0.021,0.513,0.098
11/09/2015 21:00,0.4,2.3,0.9,10,16.1,7,0.351,0.037,0.388,0.13,0.053,0.193,0.223,0.41,0.013,0.474,0.125
11/09/2015 22:00,0.3,2.3,1,11.6,15.1,6.8,0.325,0.067,0.308,0.198,0.024,0.186,0.229,0.295,0.01,0.4,0.158
11/09/2015 23:00,0.2,2.3,0.9,12.8,14.2,6.9,0.348,0.18,0.251,0.238,0.041,0.133,0.241,0.233,0.009,0.309,0.183
12/09/2015 00:00,0.2,2.2,0.7,12.8,13.3,6.9,0.369,0.343,0.22,0.243,0.091,0.069,0.253,0.235,0.01,0.232,0.2
12/09/2015 01:00,0.2,1.6,0.4,11.2,10.1,6.1,0.347,0.314,0.206,0.233,0.157,0.042,0.249,0.233,0.01,0.181,0.22
12/09/2015 02:00,0.6,1.6,0.8,5.1,13.8,5.2,0.447,0.233,0.201,0.214,0.207,0.022,0.255,0.204,0.008,0.146,0.244
12/09/2015 03:00,1.2,1.8,0.8,5.9,18.3,4.2,0.476,0.179,0.227,0.202,0.231,0.008,0.232,0.291,0.007,0.121,0.272
12/09/2015 04:00,2.5,1.9,0.5,6.8,20.3,2.5,0.492,0.145,0.287,0.185,0.217,0.002,0.11,0.297,0.006,0.235,0.297
12/09/2015 05:00,4.3,2.1,0.4,6.1,21.5,1.4,0.502,0.106,0.36,0.168,0.167,0.001,0.038,0.249,0.006,0.466,0.31
12/09/2015 06:00,6.2,2.6,0.5,5.1,22.9,1.3,0.519,0.07,0.425,0.154,0.113,0.001,0.036,0.201,0.005,0.512,0.31
12/09/2015 07:00,7.5,3.1,0.6,4.1,23.8,1.6,0.494,0.045,0.459,0.12,0.049,0,0.033,0.16,0.005,0.52,0.305
12/09/2015 08:00,8,3.1,1.1,3.1,24.7,2.1,0.433,0.032,0.476,0.047,0.045,0,0.026,0.126,0.008,0.534,0.307
12/09/2015 09:00,7.9,3,1.4,2.3,26.2,2.8,0.351,0.027,0.494,0.015,0.056,0,0.022,0.089,0.01,0.559,0.316
12/09/2015 10:00,6.2,2.9,1.3,1.6,26.4,4.1,0.297,0.025,0.525,0.001,0.024,0,0.02,0.064,0.015,0.593,0.314
12/09/2015 11:00,2.3,3.1,1.3,1.2,23.5,5.2,0.301,0.018,0.56,0,0.012,0,0.019,0.054,0.025,0.627,0.301
12/09/2015 12:00,1.4,3.5,1.4,0.9,18.7,5.6,0.337,0.001,0.59,0.001,0.008,0,0.019,0.056,0.039,0.661,0.293
12/09/2015 13:00,1.7,4,1.2,1,16.6,6.2,0.275,0,0.605,0.002,0.006,0,0.023,0.074,0.058,0.682,0.297
12/09/2015 14:00,1.6,3.9,1.1,1.4,15.9,8,0.234,0,0.615,0.003,0.008,0.001,0.049,0.102,0.076,0.7,0.302
12/09/2015 15:00,1.9,3.7,1.1,2,14.1,9.6,0.231,0.003,0.634,0.001,0.011,0.004,0.067,0.155,0.085,0.675,0.303
12/09/2015 16:00,2.5,3.3,1.3,2.9,11.9,10.3,0.228,0.004,0.653,0.001,0.013,0.01,0.132,0.243,0.09,0.642,0.325
12/09/2015 17:00,2.9,2.7,1.8,4.1,10.8,10.1,0.249,0.004,0.675,0.001,0.016,0.021,0.266,0.337,0.089,0.571,0.391
12/09/2015 18:00,2.7,2.3,2.3,5.4,10.8,9.5,0.275,0.005,0.682,0.001,0.021,0.039,0.337,0.386,0.082,0.481,0.479
12/09/2015 19:00,2.3,2.1,2.5,6.4,11.1,8.9,0.284,0.008,0.663,0.002,0.024,0.063,0.335,0.383,0.071,0.45,0.567
12/09/2015 20:00,1.1,2.1,2,6.9,11.1,8.3,0.267,0.012,0.651,0.007,0.019,0.088,0.294,0.33,0.057,0.457,0.647
12/09/2015 21:00,0.5,2,1.3,7.9,10.9,8.2,0.255,0.026,0.641,0.02,0.013,0.119,0.246,0.249,0.042,0.464,0.71
12/09/2015 22:00,0.2,1.9,1.1,10.1,10.3,8.4,0.305,0.079,0.633,0.041,0.012,0.133,0.233,0.179,0.035,0.458,0.749
12/09/2015 23:00,0.4,1.9,0.9,12.6,9.7,8.7,0.368,0.299,0.644,0.066,0.02,0.112,0.252,0.146,0.03,0.388,0.761
13/09/2015 00:00,0.3,1.6,0.8,14.7,9,9,0.311,0.464,0.674,0.084,0.031,0.073,0.271,0.158,0.027,0.324,0.745
13/09/2015 01:00,0.2,1.2,0.7,14.3,7,8.3,0.226,0.344,0.71,0.087,0.045,0.042,0.307,0.164,0.025,0.27,0.72
13/09/2015 02:00,0.4,1.3,1.1,8.1,10.3,7,0.267,0.223,0.735,0.079,0.067,0.035,0.338,0.106,0.028,0.219,0.704
13/09/2015 03:00,0.7,1.3,0.9,7.5,13,7,0.286,0.114,0.75,0.068,0.085,0.022,0.315,0.154,0.027,0.189,0.701
13/09/2015 04:00,1.6,1.3,1.1,7,15.3,6.1,0.293,0.072,0.756,0.058,0.093,0.008,0.139,0.131,0.022,0.231,0.701
13/09/2015 05:00,2.8,1.8,1.1,5.3,17.5,4.8,0.318,0.046,0.754,0.044,0.1,0.005,0,0.105,0.021,0.302,0.7
13/09/2015 06:00,3.9,2.2,1.2,3.6,20.2,4.4,0.349,0.03,0.747,0.028,0.084,0.005,0,0.1,0.019,0.344,0.705
13/09/2015 07:00,4.7,2.7,1.1,2.4,23.9,5,0.379,0.016,0.732,0.012,0.04,0.006,0,0.102,0.018,0.337,0.724
13/09/2015 08:00,5.5,3.2,0.9,1.8,27.6,6.2,0.384,0.008,0.71,0.002,0.047,0.005,0,0.106,0.018,0.3,0.742
13/09/2015 09:00,5.9,3.6,0.9,1.4,30.1,7.6,0.327,0.006,0.668,0,0.035,0.002,0,0.096,0.028,0.261,0.759
13/09/2015 10:00,5.1,3.8,1.1,1.3,30.8,8.9,0.264,0.005,0.613,0,0.02,0,0,0.083,0.061,0.227,0.77
13/09/2015 11:00,2.8,3.8,1.3,1.3,29.9,9.7,0.224,0.003,0.557,0.003,0.018,0,0,0.074,0.117,0.208,0.766
13/09/2015 12:00,2.5,3.8,1.6,1.2,25.7,10.2,0.247,0,0.491,0.012,0.021,0,0.001,0.079,0.176,0.212,0.743
13/09/2015 13:00,2.8,3.3,1.9,1.6,22.8,12.5,0.279,0.001,0.428,0.02,0.025,0,0.004,0.107,0.207,0.253,0.702
13/09/2015 14:00,2.7,2.6,2.2,2.5,21,13.5,0.294,0.019,0.398,0.024,0.025,0.008,0.036,0.154,0.205,0.346,0.663
13/09/2015 15:00,2.6,2,2,4.4,19.4,12.4,0.291,0.06,0.415,0.021,0.023,0.03,0.083,0.227,0.177,0.513,0.643
13/09/2015 16:00,2.5,1.8,1.9,7.5,17.3,11.4,0.28,0.112,0.449,0.017,0.02,0.051,0.071,0.314,0.144,0.678,0.656
13/09/2015 17:00,2,1.4,1.9,11.5,15.5,11.1,0.256,0.164,0.467,0.012,0.02,0.074,0.041,0.358,0.117,0.686,0.703
13/09/2015 18:00,1,1.1,1.9,16.2,14.3,11.3,0.226,0.201,0.466,0.012,0.024,0.101,0.011,0.352,0.092,0.587,0.705
13/09/2015 19:00,0.3,0.9,2.1,21.7,14.7,11.7,0.2,0.227,0.442,0.025,0.029,0.135,0.008,0.32,0.07,0.494,0.679
13/09/2015 20:00,0.1,1,2.4,27,15,12.1,0.186,0.264,0.412,0.042,0.037,0.169,0.018,0.286,0.049,0.447,0.693
13/09/2015 21:00,0,1.3,3,27.5,14.7,13,0.187,0.315,0.356,0.05,0.048,0.183,0.041,0.255,0.028,0.425,0.731
13/09/2015 22:00,0,1.8,3.7,25.1,14.1,13.6,0.192,0.322,0.299,0.045,0.064,0.172,0.078,0.26,0.013,0.412,0.757
13/09/2015 23:00,0,2.6,4.4,21,14,13.5,0.204,0.337,0.249,0.029,0.083,0.126,0.09,0.284,0.004,0.375,0.739
14/09/2015 00:00,0.1,3.2,4.1,17.5,13.7,13.2,0.17,0.256,0.194,0.011,0.095,0.067,0.088,0.293,0.001,0.313,0.688
14/09/2015 01:00,0.2,2.6,2.9,13.7,11.9,12.1,0.128,0.18,0.146,0.003,0.096,0.043,0.103,0.241,0,0.251,0.615
14/09/2015 02:00,0.5,2.9,2.8,7.9,20,13.2,0.149,0.152,0.108,0.001,0.096,0.029,0.116,0.129,0,0.221,0.539
14/09/2015 03:00,1.2,4.6,2,7.1,27.9,12.8,0.135,0.13,0.094,0.001,0.096,0.019,0.101,0.164,0,0.21,0.466
14/09/2015 04:00,2.6,5.7,1.7,8.8,34.1,10.9,0.121,0.127,0.095,0,0.101,0.014,0.02,0.172,0,0.268,0.401
14/09/2015 05:00,5.5,6.1,1.4,9.9,38.7,9.8,0.115,0.155,0.109,0,0.122,0.008,0,0.123,0,0.294,0.355
14/09/2015 06:00,9.2,6.5,1.1,11,41.6,9.3,0.109,0.2,0.141,0,0.133,0.004,0,0.079,0,0.237,0.325
14/09/2015 07:00,12.2,7,1,11.6,43.4,9.8,0.106,0.239,0.182,0,0.095,0.002,0,0.047,0,0.17,0.308
14/09/2015 08:00,14,7.7,1.1,11.7,44.3,11.1,0.104,0.294,0.21,0,0.066,0.001,0,0.024,0,0.108,0.294
14/09/2015 09:00,13.5,7.7,1.4,9.9,44,13.6,0.108,0.264,0.211,0.004,0.005,0,0.001,0.012,0.001,0.064,0.278
14/09/2015 10:00,9.9,7,1.5,7.1,42.4,16.5,0.141,0.234,0.195,0.009,0,0,0.002,0.01,0.001,0.045,0.255
14/09/2015 11:00,5.2,6.2,1.6,5,38.8,18.6,0.158,0.218,0.184,0.014,0,0,0.006,0.014,0.001,0.044,0.235
14/09/2015 12:00,4.8,5.8,1.9,4.1,34.5,18.5,0.194,0.24,0.179,0.016,0.001,0,0.016,0.029,0,0.058,0.221
14/09/2015 13:00,6.3,5.8,1.8,4.5,31.7,20.3,0.217,0.295,0.182,0.015,0.002,0.001,0.044,0.092,0,0.096,0.218
14/09/2015 14:00,5.7,5.6,1.8,5.9,29,20.9,0.217,0.317,0.204,0.013,0.003,0.012,0.096,0.221,0,0.18,0.213
14/09/2015 15:00,3.9,5.9,1.9,8.9,26.9,19.5,0.203,0.292,0.247,0.008,0.003,0.032,0.146,0.378,0,0.398,0.198
14/09/2015 16:00,2.5,6.5,2.3,13.4,24.6,17.5,0.192,0.262,0.28,0.003,0.005,0.059,0.155,0.479,0.001,0.684,0.171
14/09/2015 17:00,2.1,7.6,2.4,18.7,22.4,17,0.179,0.241,0.313,0.001,0.01,0.093,0.12,0.495,0.002,0.701,0.146
14/09/2015 18:00,2.1,8.7,2.3,23.6,20.8,16.6,0.16,0.225,0.354,0,0.017,0.131,0.102,0.464,0.009,0.638,0.134
14/09/2015 19:00,2.5,8.5,1.8,27.4,19.2,16.3,0.143,0.213,0.41,0,0.024,0.158,0.068,0.395,0.026,0.568,0.137
14/09/2015 20:00,2.6,7.6,1.8,29.3,18.6,16.3,0.142,0.212,0.465,0,0.036,0.177,0.023,0.315,0.053,0.559,0.139
14/09/2015 21:00,2.5,7.7,1.8,30.1,17.8,16.2,0.167,0.22,0.469,0,0.043,0.186,0.006,0.241,0.083,0.528,0.158
14/09/2015 22:00,1.6,7.4,2.2,29.6,18.3,16,0.201,0.219,0.431,0.001,0.031,0.145,0.001,0.207,0.106,0.469,0.17
14/09/2015 23:00,1.5,9,2.3,27.3,17.7,15.8,0.221,0.212,0.367,0.001,0.011,0.078,0,0.205,0.119,0.368,0.142
15/09/2015 00:00,1.2,11.1,1.9,24,16.3,14.8,0.171,0.234,0.317,0,0.001,0.047,0,0.211,0.135,0.261,0.103
15/09/2015 01:00,1.3,10.3,1.9,18.7,11.7,12.7,0.094,0.216,0.27,0.001,0,0.03,0,0.186,0.151,0.205,0.079
15/09/2015 02:00,1.9,8.9,1.6,12,16,12.4,0.093,0.169,0.199,0.001,0,0.029,0.002,0.104,0.142,0.189,0.079
15/09/2015 03:00,2.7,12.5,0.9,9.5,25.6,11.5,0.079,0.128,0.142,0.003,0,0.035,0.009,0.103,0.12,0.194,0.086
15/09/2015 04:00,4.8,16.2,0.9,8,32,10,0.071,0.106,0.104,0.005,0,0.04,0.009,0.093,0.084,0.267,0.096
15/09/2015 05:00,7.9,17.4,1.1,7.5,36.2,9.2,0.069,0.111,0.07,0.03,0,0.036,0.005,0.064,0.051,0.311,0.118
15/09/2015 06:00,9.9,16.6,1.4,7,39.7,9,0.067,0.134,0.047,0.088,0.001,0.027,0.005,0.042,0.031,0.294,0.142
15/09/2015 07:00,10.9,15.2,1.5,6.3,42.6,9.2,0.068,0.164,0.035,0.122,0,0.017,0.007,0.03,0.024,0.266,0.164
15/09/2015 08:00,10,13.6,1.4,5.6,44.4,10,0.075,0.187,0.032,0.088,0,0.015,0.009,0.025,0.026,0.237,0.172
15/09/2015 09:00,6.9,11.8,1.1,4.6,45.1,11.6,0.068,0.169,0.027,0.076,0,0.011,0.011,0.021,0.034,0.206,0.17
15/09/2015 10:00,3.9,10.1,0.7,3.3,44.5,13.7,0.062,0.149,0.021,0.059,0,0.013,0.009,0.024,0.039,0.195,0.177
15/09/2015 11:00,1.1,9.5,0.7,2.6,40.3,15.2,0.067,0.12,0.016,0.035,0.001,0.01,0.008,0.033,0.034,0.211,0.185
15/09/2015 12:00,0.4,11.1,0.8,2.3,31.5,15.9,0.073,0.074,0.016,0.017,0.002,0.006,0.007,0.054,0.031,0.257,0.191
15/09/2015 13:00,0.2,14.2,0.8,2.9,27.1,18.2,0.094,0.162,0.023,0.009,0.004,0.005,0.008,0.113,0.032,0.346,0.186
15/09/2015 14:00,0.2,16.7,0.8,3.9,25.7,19.3,0.114,0.177,0.051,0.007,0.006,0.006,0.019,0.211,0.032,0.494,0.18
15/09/2015 15:00,0.3,17,1.2,5.1,25.6,17.8,0.138,0.174,0.118,0.005,0.007,0.019,0.039,0.337,0.025,0.65,0.171
15/09/2015 16:00,0.2,17.1,1.7,6.9,25.9,16.3,0.171,0.169,0.22,0.005,0.007,0.054,0.031,0.454,0.015,0.713,0.147
15/09/2015 17:00,0.2,16.7,2,9.3,26.2,15.4,0.213,0.167,0.361,0.006,0.008,0.093,0.023,0.499,0.008,0.644,0.114
15/09/2015 18:00,0.2,16.3,1.9,11.7,26.2,15.1,0.249,0.162,0.501,0.009,0.005,0.13,0.037,0.488,0.005,0.55,0.08
15/09/2015 19:00,0.1,15.2,1.9,13.6,25.5,15,0.261,0.156,0.626,0.019,0.003,0.158,0.072,0.444,0.005,0.498,0.058
15/09/2015 20:00,0.1,13,1.9,14.5,24.9,15.2,0.245,0.156,0.7,0.028,0.002,0.195,0.112,0.371,0.007,0.453,0.051
15/09/2015 21:00,0,11.1,1.6,16.2,23.7,14.8,0.223,0.179,0.724,0.034,0.002,0.221,0.133,0.291,0.012,0.4,0.061
15/09/2015 22:00,0,9.6,1.4,18.5,22.5,14.3,0.208,0.225,0.743,0.044,0.003,0.199,0.128,0.208,0.02,0.334,0.078
15/09/2015 23:00,0,10,1.8,19.6,22.7,13.8,0.196,0.325,0.765,0.07,0.013,0.156,0.146,0.153,0.036,0.26,0.097
16/09/2015 00:00,0,9.5,1.8,19.8,22.7,12.8,0.163,0.41,0.793,0.112,0.036,0.143,0.177,0.143,0.065,0.207,0.12
16/09/2015 01:00,0,7.6,1.3,17.1,19.6,10.9,0.104,0.332,0.815,0.157,0.064,0.109,0.196,0.143,0.114,0.182,0.149
16/09/2015 02:00,0.7,7.8,1.5,9.6,27.8,10.8,0.101,0.249,0.829,0.181,0.089,0.071,0.206,0.092,0.196,0.168,0.192
16/09/2015 03:00,2,11.3,2,7.2,38.1,10.3,0.088,0.158,0.844,0.187,0.11,0.039,0.175,0.175,0.316,0.155,0.237
16/09/2015 04:00,3.9,14,2.4,4.3,41.1,8.5,0.076,0.092,0.857,0.18,0.128,0.023,0.141,0.253,0.443,0.274,0.279
16/09/2015 05:00,6.5,15.5,3.3,2.3,42.4,7,0.076,0.063,0.865,0.162,0.138,0.019,0.114,0.256,0.506,0.367,0.317
16/09/2015 06:00,9.1,16.2,3.7,1.1,43.7,6.2,0.085,0.084,0.861,0.144,0.121,0.018,0.105,0.227,0.487,0.337,0.345
16/09/2015 07:00,10.8,16.4,3.5,0.6,44.9,6.3,0.096,0.147,0.846,0.119,0.077,0.018,0.108,0.179,0.403,0.302,0.355
16/09/2015 08:00,11.5,15.9,2.7,0.4,45.8,7.1,0.109,0.219,0.825,0.073,0.088,0.012,0.113,0.133,0.307,0.268,0.357
16/09/2015 09:00,9.8,14.9,2.2,0.4,46.5,9,0.118,0.226,0.793,0.106,0.068,0.009,0.115,0.083,0.192,0.234,0.361
16/09/2015 10:00,5.9,14.7,1.6,0.3,47,11.6,0.121,0.195,0.762,0.127,0.051,0.009,0.113,0.044,0.104,0.214,0.356
16/09/2015 11:00,3,15.2,1.3,0.3,45.2,13.5,0.101,0.154,0.742,0.128,0.042,0.01,0.112,0.022,0.065,0.225,0.325
16/09/2015 12:00,2.3,16.6,1.4,0.2,39.3,15,0.088,0.058,0.725,0.118,0.035,0.01,0.118,0.014,0.059,0.274,0.274
16/09/2015 13:00,1.5,17.8,1.3,0.3,34.8,19.8,0.071,0.211,0.713,0.101,0.025,0.01,0.133,0.03,0.077,0.35,0.22
16/09/2015 14:00,0.7,17.2,1.5,0.9,30.9,22.1,0.049,0.228,0.71,0.086,0.013,0.007,0.157,0.088,0.12,0.436,0.186
16/09/2015 15:00,0.2,15.7,1.7,1.5,26.4,21.9,0.029,0.211,0.716,0.072,0.007,0.023,0.212,0.202,0.198,0.541,0.177
16/09/2015 16:00,0.1,14.1,1.6,1.9,22.7,19.7,0.022,0.191,0.72,0.052,0.003,0.054,0.241,0.332,0.3,0.613,0.179
16/09/2015 17:00,0,13.3,1.4,2.3,22.5,17.6,0.025,0.173,0.716,0.037,0.001,0.073,0.233,0.409,0.358,0.604,0.183
16/09/2015 18:00,0,12.7,1.1,2.6,23.2,16.2,0.031,0.154,0.704,0.026,0,0.079,0.202,0.422,0.324,0.556,0.185
16/09/2015 19:00,0,12.8,1,2.9,23.6,15.3,0.041,0.134,0.685,0.039,0,0.076,0.163,0.386,0.278,0.464,0.183
16/09/2015 20:00,0,12.4,0.9,3.3,23.8,14.7,0.053,0.117,0.678,0.093,0.001,0.063,0.131,0.328,0.263,0.406,0.183
16/09/2015 21:00,0,12.5,0.9,3.6,24,13.7,0.08,0.104,0.664,0.177,0.003,0.045,0.114,0.232,0.214,0.37,0.195
16/09/2015 22:00,0,12.6,1,4.1,24,12.6,0.114,0.085,0.646,0.248,0.011,0.021,0.116,0.131,0.171,0.318,0.218
16/09/2015 23:00,0,12.4,1.1,4.6,23.2,11.6,0.124,0.069,0.633,0.259,0.032,0.013,0.123,0.069,0.144,0.266,0.241
17/09/2015 00:00,0,12,0.9,5.4,22.2,11.1,0.096,0.072,0.625,0.241,0.066,0.014,0.123,0.047,0.123,0.21,0.264
17/09/2015 01:00,0,8.9,0.8,5.9,19.7,10,0.036,0.079,0.624,0.22,0.102,0.011,0.121,0.039,0.12,0.164,0.289
17/09/2015 02:00,0.2,9.3,0.9,3.3,25.2,10.5,0.019,0.062,0.624,0.201,0.133,0.007,0.114,0.015,0.131,0.14,0.312
17/09/2015 03:00,0.6,12.1,0.9,1.8,33.4,10.7,0.013,0.027,0.618,0.186,0.154,0.004,0.073,0.024,0.143,0.118,0.32
17/09/2015 04:00,1.6,13.4,0.8,1.1,37.8,10.5,0.007,0.004,0.614,0.176,0.161,0.004,0.025,0.024,0.145,0.144,0.323
17/09/2015 05:00,3.9,14.3,0.7,0.9,39.4,10.3,0.003,0,0.619,0.17,0.168,0.008,0.002,0.017,0.133,0.234,0.333
17/09/2015 06:00,6,14.6,0.5,0.9,39.7,10.9,0.001,0,0.631,0.168,0.144,0.014,0,0.014,0.112,0.274,0.344
17/09/2015 07:00,7.7,14.3,0.4,1.1,39.6,12.1,0,0,0.646,0.148,0.103,0.013,0,0.013,0.084,0.256,0.355
17/09/2015 08:00,8.2,13.3,0.4,1.6,39.3,13.7,0,0.003,0.662,0.088,0.151,0.012,0,0.011,0.055,0.218,0.364
17/09/2015 09:00,6.8,11.6,0.4,2.3,38.6,15.6,0,0.005,0.69,0.105,0.112,0.012,0,0.008,0.036,0.175,0.371
17/09/2015 10:00,3.9,9.6,0.6,2.9,36.8,17.2,0,0.002,0.709,0.087,0.053,0.011,0,0.005,0.027,0.146,0.362
17/09/2015 11:00,1.1,8.8,0.9,3.1,32.2,16.8,0,0.001,0.718,0.042,0.022,0.007,0.002,0.007,0.026,0.141,0.336
17/09/2015 12:00,0.3,10,1.7,3.4,24.9,16.1,0,0,0.722,0.008,0.01,0.002,0.008,0.015,0.03,0.159,0.313
17/09/2015 13:00,0.3,11.1,2.3,4.4,20.9,18.5,0.001,0,0.721,0,0.006,0.001,0.024,0.048,0.038,0.215,0.302
17/09/2015 14:00,0.2,10.7,2.9,5.3,18.8,19.9,0.003,0,0.72,0,0.003,0.003,0.077,0.119,0.045,0.328,0.295
17/09/2015 15:00,0.2,9.9,3.8,6.1,18.6,19,0.006,0,0.715,0,0.002,0.012,0.182,0.216,0.055,0.501,0.278
17/09/2015 16:00,0.2,9.3,4.7,6.7,17,18.5,0.01,0,0.714,0,0.002,0.019,0.274,0.305,0.062,0.612,0.251
17/09/2015 17:00,0.2,8.5,5.1,7,15.7,18.8,0.012,0,0.705,0,0.001,0.022,0.306,0.349,0.057,0.645,0.233
17/09/2015 18:00,0.3,7.4,5.1,7.2,15,19.4,0.022,0,0.674,0,0,0.027,0.249,0.362,0.046,0.566,0.218
17/09/2015 19:00,0.5,6.3,4.8,7.2,14.9,19.7,0.056,0,0.618,0.001,0,0.034,0.152,0.362,0.042,0.54,0.201
17/09/2015 20:00,0.5,5.6,3.8,7.1,15.2,19.8,0.11,0.001,0.562,0.013,0,0.041,0.077,0.355,0.045,0.509,0.189
17/09/2015 21:00,0.2,4.6,3.7,6.8,15.7,20.2,0.121,0.004,0.488,0.033,0.005,0.043,0.045,0.304,0.05,0.447,0.192
17/09/2015 22:00,0.2,3.8,4.1,6.5,17.6,21,0.086,0.023,0.425,0.057,0.021,0.034,0.03,0.278,0.053,0.37,0.202
17/09/2015 23:00,0.1,3.6,3.8,6.3,17.1,21.5,0.049,0.145,0.395,0.094,0.056,0.023,0.023,0.286,0.055,0.346,0.207
18/09/2015 00:00,0,3.6,2.9,6.2,17,21.9,0.018,0.391,0.383,0.14,0.085,0.028,0.022,0.312,0.058,0.394,0.204
18/09/2015 01:00,0,2.3,1.6,5.6,14.3,21.4,0.002,0.468,0.381,0.172,0.083,0.023,0.029,0.308,0.063,0.31,0.199
18/09/2015 02:00,0.3,1.9,2.2,3.1,22.2,23.4,0.001,0.401,0.386,0.183,0.064,0.016,0.044,0.169,0.064,0.225,0.193
18/09/2015 03:00,0.8,1.9,2.1,3.2,27.7,28.2,0.001,0.276,0.435,0.18,0.047,0.009,0.053,0.13,0.054,0.17,0.192
18/09/2015 04:00,2,1.7,1.8,6.2,26.2,30.5,0.001,0.207,0.505,0.163,0.045,0.008,0.026,0.118,0.038,0.323,0.193
18/09/2015 05:00,3.9,1.6,1.6,9.4,24,32,0,0.251,0.559,0.13,0.067,0.006,0.012,0.181,0.025,0.467,0.204
18/09/2015 06:00,6.4,1.6,1.6,13.3,24.1,33.1,0,0.289,0.599,0.084,0.108,0.005,0.007,0.22,0.015,0.422,0.223
18/09/2015 07:00,9.4,1.8,1.8,17.3,25.7,34.1,0,0.343,0.62,0.041,0.103,0.006,0.003,0.232,0.008,0.373,0.241
18/09/2015 08:00,11.3,2.1,1.9,20.4,27.7,35.4,0,0.404,0.621,0.002,0.093,0.006,0.001,0.22,0.004,0.349,0.253
18/09/2015 09:00,11.8,2.5,1.9,21.7,30.1,36.7,0,0.447,0.605,0,0.093,0.005,0,0.18,0.004,0.342,0.261
18/09/2015 10:00,9.4,3.2,1.5,21.7,31.9,37.4,0,0.479,0.59,0,0.082,0.003,0,0.155,0.005,0.361,0.25
18/09/2015 11:00,4.1,3.4,1.7,21,31.2,37.1,0,0.466,0.58,0,0.086,0.002,0,0.16,0.008,0.41,0.214
18/09/2015 12:00,4.2,3.9,2.4,19.7,27.3,35.4,0,0.525,0.568,0,0.099,0,0,0.208,0.01,0.491,0.179
18/09/2015 13:00,5.9,4.6,2.9,20.2,24.9,34.1,0,0.489,0.552,0,0.103,0.001,0.001,0.325,0.012,0.591,0.15
18/09/2015 14:00,6.2,4.9,3.2,21.4,23.2,32.8,0,0.42,0.535,0.001,0.105,0.004,0.008,0.432,0.016,0.684,0.131
18/09/2015 15:00,4,4.6,3.5,23.4,22.5,31.8,0,0.329,0.523,0.003,0.115,0.01,0.032,0.513,0.02,0.749,0.114
18/09/2015 16:00,2.5,4.1,4.1,25,21.3,30.2,0,0.242,0.513,0.003,0.123,0.021,0.046,0.559,0.023,0.729,0.102
18/09/2015 17:00,1.6,3.5,4.8,26,20,28.9,0,0.185,0.505,0.003,0.124,0.042,0.035,0.556,0.026,0.705,0.092
18/09/2015 18:00,1.6,3.1,4.8,26.9,18.1,27.9,0,0.153,0.505,0.002,0.111,0.075,0.011,0.517,0.031,0.763,0.072
18/09/2015 19:00,1.6,2.9,5.1,27.7,17.3,27.1,0,0.136,0.503,0.001,0.082,0.117,0.017,0.469,0.035,0.766,0.051
18/09/2015 20:00,1.9,2.9,6.2,27.2,17.2,26.7,0.001,0.144,0.495,0.001,0.062,0.159,0.031,0.381,0.035,0.708,0.033
18/09/2015 21:00,1.7,2.6,7.3,24.1,16.1,26.1,0.002,0.174,0.479,0.001,0.069,0.177,0.054,0.291,0.035,0.642,0.024
18/09/2015 22:00,1.7,2.2,8.2,20.1,14.8,26,0.002,0.22,0.461,0.001,0.097,0.157,0.102,0.224,0.038,0.562,0.021
18/09/2015 23:00,1.4,2.3,8.7,16.5,13.9,25.7,0.001,0.294,0.445,0.004,0.145,0.112,0.144,0.199,0.042,0.495,0.02
19/09/2015 00:00,0.9,2.1,8.1,14.1,12.6,26.2,0,0.362,0.433,0.008,0.211,0.063,0.155,0.176,0.046,0.432,0.018
19/09/2015 01:00,1.1,0.9,6.4,12,10.2,25.3,0,0.357,0.434,0.015,0.264,0.042,0.164,0.15,0.056,0.378,0.018
19/09/2015 02:00,3,0.5,5.1,8.7,17.2,25.9,0,0.308,0.444,0.025,0.271,0.025,0.167,0.079,0.067,0.365,0.025
19/09/2015 03:00,3.6,0.5,4,9.9,21.4,27.1,0,0.294,0.466,0.034,0.22,0.013,0.133,0.062,0.073,0.337,0.042
19/09/2015 04:00,3.7,0.5,3.9,13.8,21.2,27.1,0,0.373,0.501,0.042,0.165,0.008,0.031,0.107,0.078,0.417,0.071
19/09/2015 05:00,4.6,0.8,4.9,19.4,20.5,27.2,0,0.328,0.53,0.04,0.13,0.003,0,0.122,0.085,0.459,0.108
19/09/2015 06:00,6.1,1.5,6.6,24.7,20.5,27.5,0,0.304,0.551,0.034,0.095,0.002,0.002,0.101,0.084,0.498,0.142
19/09/2015 07:00,7.7,2.3,7.5,29.1,21.1,27.7,0,0.28,0.558,0.027,0.037,0.001,0.005,0.07,0.073,0.51,0.174
19/09/2015 08:00,8.5,3,7.1,32.6,22.2,27.4,0,0.255,0.562,0.014,0.043,0,0.008,0.043,0.059,0.504,0.186
19/09/2015 09:00,7.1,3.3,7.8,34.3,22.7,28,0.001,0.232,0.566,0.029,0.053,0,0.011,0.02,0.057,0.504,0.192
19/09/2015 10:00,3.8,3.6,9.3,35.3,22.9,28.7,0.003,0.208,0.574,0.045,0.038,0,0.019,0.008,0.063,0.526,0.203
19/09/2015 11:00,1.5,4.1,10.8,36.3,21.7,26.9,0.007,0.179,0.589,0.041,0.028,0.003,0.036,0.004,0.07,0.566,0.233
19/09/2015 12:00,1.9,5.1,11.1,35.9,18.7,24.2,0.017,0.226,0.605,0.03,0.037,0.005,0.061,0.004,0.079,0.61,0.267
19/09/2015 13:00,3,6.5,9.7,32.3,18.1,23.3,0.028,0.466,0.626,0.019,0.06,0.005,0.092,0.011,0.096,0.656,0.285
19/09/2015 14:00,3.8,8.2,8.4,28.6,18.2,22.2,0.035,0.482,0.658,0.011,0.073,0.01,0.14,0.028,0.131,0.705,0.281
19/09/2015 15:00,4.2,8.5,8.6,25.8,18.1,20.6,0.028,0.43,0.683,0.005,0.056,0.017,0.244,0.08,0.185,0.725,0.238
19/09/2015 16:00,3.6,8,10.3,23.5,17.5,18.5,0.017,0.345,0.697,0.002,0.036,0.025,0.307,0.173,0.256,0.724,0.178
19/09/2015 17:00,4.2,6.4,10.3,21.7,17,16.9,0.008,0.272,0.695,0.001,0.028,0.037,0.302,0.265,0.311,0.684,0.131
19/09/2015 18:00,1.9,4.2,9.4,19.5,17.3,16.1,0.004,0.216,0.679,0.001,0.02,0.056,0.245,0.311,0.337,0.637,0.084
19/09/2015 19:00,0.9,3.7,8.4,17.7,17.7,15.8,0.001,0.177,0.648,0.003,0.013,0.081,0.15,0.309,0.34,0.568,0.046
19/09/2015 20:00,0.5,4.3,8.7,16,17.9,16.3,0,0.155,0.615,0.004,0.011,0.101,0.068,0.261,0.333,0.541,0.02
19/09/2015 21:00,0.3,4.8,7.7,13.7,16.8,17,0,0.161,0.565,0.003,0.01,0.101,0.022,0.187,0.323,0.591,0.009
19/09/2015 22:00,0.3,5.3,6.8,10.8,15.9,17.2,0,0.2,0.513,0.004,0.008,0.078,0.004,0.127,0.328,0.58,0.005
19/09/2015 23:00,0.5,6.2,5.8,9.6,15.5,17.7,0,0.347,0.479,0.004,0.007,0.045,0.001,0.093,0.332,0.468,0.003
20/09/2015 00:00,0.7,7.3,5,9.1,14.4,17.8,0,0.544,0.459,0.003,0.006,0.017,0.005,0.077,0.316,0.367,0.002
20/09/2015 01:00,1.2,6.5,4.9,7.9,11.6,17.3,0,0.536,0.45,0.002,0.008,0.006,0.037,0.076,0.29,0.293,0.003
20/09/2015 02:00,2.2,7.5,6.4,6.3,14.6,19.2,0,0.449,0.444,0.001,0.012,0.002,0.103,0.04,0.289,0.264,0.004
20/09/2015 03:00,2.4,10.5,8.4,5.6,18.6,24.4,0,0.381,0.447,0,0.02,0,0.128,0.035,0.323,0.302,0.005
20/09/2015 04:00,3,13.1,10.3,4.3,19.7,27.6,0,0.317,0.457,0.002,0.037,0,0.032,0.045,0.37,0.413,0.004
20/09/2015 05:00,4.1,14.5,10.4,3.9,19.9,29.9,0,0.242,0.464,0.012,0.061,0,0.005,0.046,0.41,0.54,0.002
20/09/2015 06:00,5.4,14.3,9.3,4.3,20.9,32,0,0.201,0.469,0.035,0.088,0,0.005,0.035,0.401,0.639,0.003
20/09/2015 07:00,6.6,13,8.2,5.3,22.9,33.7,0.001,0.205,0.469,0.048,0.072,0,0.002,0.017,0.328,0.667,0.01
20/09/2015 08:00,7.2,11.3,7,6.4,25.2,34.8,0.002,0.197,0.469,0.051,0.137,0,0.001,0.006,0.248,0.65,0.033
20/09/2015 09:00,7.4,9.8,5.8,7.1,26.7,34.2,0.006,0.172,0.47,0.083,0.221,0,0.001,0.001,0.213,0.62,0.078
20/09/2015 10:00,5.1,8.1,4.4,7.6,26.8,32,0.012,0.165,0.47,0.154,0.239,0,0.003,0,0.207,0.586,0.144
20/09/2015 11:00,1.6,7.7,3.7,8.1,24,26.6,0.017,0.141,0.47,0.192,0.208,0,0.005,0,0.225,0.569,0.215
20/09/2015 12:00,0.7,10.5,4.3,8.6,19.3,20.2,0.028,0.042,0.476,0.153,0.169,0,0.007,0.001,0.266,0.568,0.259
20/09/2015 13:00,0.5,14.5,3.9,9.6,17,18.4,0.036,0.122,0.488,0.094,0.139,0,0.029,0.009,0.325,0.593,0.257
20/09/2015 14:00,0.3,16.7,3.4,11.5,15.2,17.8,0.034,0.061,0.503,0.047,0.116,0,0.113,0.043,0.371,0.637,0.222
20/09/2015 15:00,0.2,16.3,2.9,13.8,15,18.2,0.017,0.021,0.508,0.02,0.09,0,0.202,0.107,0.379,0.643,0.156
20/09/2015 16:00,0.2,14.8,2.9,17.5,15.2,19.3,0.003,0.005,0.506,0.007,0.073,0.005,0.132,0.2,0.376,0.638,0.085
20/09/2015 17:00,0.5,12.8,3.3,20.9,14.7,19.7,0,0.001,0.501,0.003,0.061,0.026,0.039,0.291,0.391,0.613,0.033
20/09/2015 18:00,0.9,11.8,3.3,21.9,13.3,20,0,0,0.492,0.002,0.056,0.068,0.126,0.351,0.413,0.556,0.006
20/09/2015 19:00,0.9,10.8,3.4,21.2,13,20.8,0,0,0.474,0,0.061,0.123,0.269,0.367,0.43,0.507,0
20/09/2015 20:00,0.7,9.5,3.3,19.8,13.2,21.4,0.001,0,0.466,0,0.076,0.182,0.368,0.352,0.432,0.479,0
20/09/2015 21:00,0.7,9,4.3,17.4,11.9,20.4,0.005,0,0.466,0,0.084,0.218,0.395,0.291,0.444,0.458,0
20/09/2015 22:00,0.7,9.3,4.9,14.4,9.7,18.8,0.005,0.001,0.459,0,0.085,0.2,0.395,0.223,0.466,0.417,0.002
20/09/2015 23:00,0.7,9.7,4.8,11.5,8.6,17,0.004,0.016,0.451,0.005,0.081,0.121,0.388,0.183,0.452,0.328,0.011
21/09/2015 00:00,0.5,10.1,5,9.2,7.3,15.6,0.002,0.082,0.446,0.026,0.071,0.064,0.374,0.172,0.407,0.248,0.014
21/09/2015 01:00,0.9,8.5,5.9,7.6,4.6,13.2,0,0.174,0.44,0.063,0.06,0.035,0.377,0.167,0.388,0.193,0.013
21/09/2015 02:00,1.5,10,8.1,6.4,5.2,11.6,0,0.241,0.432,0.103,0.059,0.026,0.394,0.09,0.373,0.162,0.012
21/09/2015 03:00,2.1,14.3,9.8,7.9,6,15.5,0,0.243,0.42,0.131,0.054,0.02,0.378,0.109,0.42,0.151,0.013
21/09/2015 04:00,3,14.7,11.3,7.8,5.4,17.6,0,0.21,0.425,0.144,0.058,0.019,0.328,0.175,0.527,0.241,0.015
21/09/2015 05:00,4.4,14.4,11.8,8.1,4.8,18.8,0,0.162,0.466,0.152,0.071,0.017,0.105,0.139,0.607,0.394,0.018
21/09/2015 06:00,6,13.3,12.3,9.8,4.6,19.7,0,0.106,0.533,0.163,0.088,0.014,0.012,0.094,0.677,0.512,0.02
21/09/2015 07:00,6.8,11.6,12.3,12.3,5.1,20.6,0,0.055,0.599,0.147,0.075,0.006,0.01,0.059,0.739,0.547,0.018
21/09/2015 08:00,6.5,9.5,11.2,14.3,5.9,21.7,0,0.021,0.66,0.092,0.107,0.001,0.024,0.033,0.74,0.546,0.015
21/09/2015 09:00,5.1,8.3,8.5,13.8,6.7,22.1,0,0.005,0.722,0.095,0.127,0.001,0.045,0.018,0.714,0.535,0.018
21/09/2015 10:00,3,7.5,6.8,12.4,7.4,21.9,0,0,0.76,0.032,0.108,0.002,0.069,0.012,0.739,0.535,0.031
21/09/2015 11:00,1.1,6.4,5.6,10.2,8.6,20,0,0,0.77,0.006,0.084,0.005,0.092,0.01,0.798,0.549,0.052
21/09/2015 12:00,0.9,6.4,6.4,7.6,10.3,16.8,0,0,0.762,0.007,0.055,0.003,0.11,0.016,0.824,0.574,0.084
21/09/2015 13:00,1.3,6.7,6.9,6.8,12.5,16.3,0,0,0.756,0.021,0.03,0.001,0.121,0.05,0.845,0.603,0.119
21/09/2015 14:00,1.6,6.8,7.5,6.6,11.7,15.9,0.001,0,0.774,0.045,0.012,0.001,0.148,0.121,0.887,0.644,0.153
21/09/2015 15:00,1.6,6.1,8,6.7,11.2,15,0.001,0,0.806,0.054,0.004,0.002,0.155,0.219,0.919,0.666,0.178
21/09/2015 16:00,1.1,5.3,8.7,7,11.5,14.2,0,0,0.847,0.044,0.001,0.003,0.099,0.32,0.928,0.661,0.196
21/09/2015 17:00,0.9,4.9,8.6,7.2,12,14.1,0,0,0.88,0.054,0,0.008,0.096,0.382,0.927,0.602,0.209
21/09/2015 18:00,0.7,5.2,9.1,7.5,12.5,14.6,0,0,0.896,0.062,0,0.017,0.148,0.4,0.919,0.527,0.213
21/09/2015 19:00,0.6,5.7,9.5,8.2,12.3,14.8,0,0,0.901,0.071,0,0.027,0.201,0.372,0.901,0.457,0.211
21/09/2015 20:00,0.4,6,9.3,9.6,11.6,15,0,0.001,0.901,0.075,0,0.045,0.238,0.327,0.895,0.406,0.208
21/09/2015 21:00,0.5,6.8,9,11.1,10.6,15.2,0,0.003,0.896,0.085,0.001,0.064,0.296,0.282,0.922,0.379,0.201
21/09/2015 22:00,0.5,7.7,8.9,11.5,9.1,15.1,0,0.019,0.888,0.082,0.002,0.07,0.356,0.243,0.941,0.364,0.2
21/09/2015 23:00,0.5,8.3,8,12.1,8.3,15.2,0.001,0.139,0.881,0.061,0.004,0.047,0.395,0.205,0.945,0.323,0.198
22/09/2015 00:00,0.2,8.5,6.4,13.3,7.8,14.9,0.001,0.349,0.869,0.035,0.007,0.026,0.416,0.17,0.948,0.278,0.183
22/09/2015 01:00,0.1,6.1,4.6,14.4,5.9,13.5,0,0.435,0.859,0.014,0.009,0.017,0.45,0.135,0.955,0.219,0.155
22/09/2015 02:00,0.4,7.2,7.2,14.3,6.2,15.2,0,0.414,0.857,0.005,0.013,0.012,0.471,0.055,0.966,0.192,0.126
22/09/2015 03:00,1.1,10.3,8.3,15.8,5.7,18.5,0,0.3,0.855,0.002,0.018,0.013,0.495,0.1,0.973,0.202,0.11
22/09/2015 04:00,2.5,11.6,7.8,18.9,4.7,17.3,0,0.22,0.859,0.001,0.026,0.014,0.606,0.248,0.972,0.328,0.102
22/09/2015 05:00,5.3,12.3,7.4,22.4,4.4,15.3,0,0.17,0.873,0.002,0.041,0.014,0.432,0.259,0.962,0.418,0.089
22/09/2015 06:00,9.4,13,7,23.5,4.6,14,0,0.132,0.891,0.004,0.058,0.016,0.208,0.225,0.958,0.431,0.069
22/09/2015 07:00,13,14,6.3,22.1,5.4,13.5,0.001,0.099,0.9,0.012,0.037,0.015,0.114,0.183,0.956,0.388,0.049
22/09/2015 08:00,14.3,13.9,4.8,19.3,6.8,13.9,0.003,0.074,0.902,0.018,0.016,0.015,0.084,0.133,0.948,0.34,0.035
22/09/2015 09:00,13.1,13.3,2.9,17.2,8.3,15,0.007,0.056,0.901,0.028,0.008,0.015,0.067,0.097,0.943,0.307,0.028
22/09/2015 10:00,9,12.1,1.8,14.7,10.1,16.2,0.012,0.041,0.898,0.043,0.003,0.011,0.045,0.086,0.935,0.298,0.021
22/09/2015 11:00,3.5,10.6,1.9,11.1,13,17.2,0.018,0.031,0.897,0.047,0.001,0.009,0.026,0.089,0.92,0.315,0.012
22/09/2015 12:00,2.4,10,2.7,7.3,16.5,17,0.035,0.003,0.899,0.046,0.001,0.006,0.017,0.125,0.905,0.352,0.006
22/09/2015 13:00,2.3,9.3,3,5.4,18.5,18.8,0.05,0.001,0.901,0.053,0.001,0.013,0.015,0.251,0.893,0.413,0.003
22/09/2015 14:00,1.9,8.5,3.9,5.9,18,18.7,0.051,0,0.903,0.059,0.001,0.015,0.055,0.427,0.885,0.51,0.003
22/09/2015 15:00,1.2,8.1,3.9,9.1,17.1,16.8,0.032,0.001,0.899,0.054,0.002,0.005,0.207,0.544,0.882,0.616,0.008
22/09/2015 16:00,1,8.4,4.1,15.4,13.9,15,0.01,0.002,0.89,0.036,0.003,0,0.3,0.58,0.875,0.648,0.024
22/09/2015 17:00,1,8.8,4.9,22.1,11.6,13.8,0.001,0.004,0.882,0.031,0.006,0,0.316,0.557,0.868,0.604,0.053
22/09/2015 18:00,0.9,9.4,5.5,27.4,9.8,13,0,0.004,0.88,0.037,0.012,0,0.3,0.516,0.859,0.503,0.085
22/09/2015 19:00,1,10,5.8,31.4,8.3,12.8,0,0.005,0.878,0.061,0.016,0.002,0.311,0.471,0.847,0.455,0.109
22/09/2015 20:00,0.9,10.8,5.9,33.6,7.3,12.5,0.002,0.007,0.867,0.126,0.013,0.015,0.344,0.422,0.829,0.42,0.122
22/09/2015 21:00,1.4,11.7,6.4,32.8,6.3,11.8,0.011,0.011,0.831,0.223,0.005,0.035,0.367,0.356,0.796,0.381,0.121
22/09/2015 22:00,2,12.6,6.8,30.6,5.6,11.1,0.028,0.032,0.778,0.296,0.001,0.045,0.328,0.308,0.736,0.329,0.112
22/09/2015 23:00,2.8,13.1,6,28.1,5,10.4,0.045,0.163,0.722,0.316,0.001,0.032,0.271,0.264,0.652,0.276,0.101
23/09/2015 00:00,4,12.3,4.6,26.4,4.6,9.8,0.045,0.375,0.679,0.295,0.001,0.015,0.182,0.212,0.567,0.224,0.093
23/09/2015 01:00,4,8,3.6,24,3.3,9,0.021,0.469,0.66,0.27,0.003,0.011,0.122,0.145,0.494,0.189,0.097
23/09/2015 02:00,4.2,6.4,3.8,16.3,3.1,7.5,0.009,0.391,0.658,0.233,0.005,0.011,0.108,0.034,0.439,0.175,0.112
23/09/2015 03:00,4.3,10.5,4,16.4,2.2,7.1,0.005,0.259,0.683,0.185,0.008,0.012,0.101,0.018,0.423,0.16,0.138
23/09/2015 04:00,4.5,11.6,4.8,17.5,1.3,6.9,0.001,0.196,0.722,0.138,0.006,0.014,0.038,0.026,0.436,0.325,0.165
23/09/2015 05:00,4.5,10.4,6,18.2,1.1,7.5,0,0.162,0.76,0.112,0.002,0.018,0.027,0.015,0.455,0.472,0.191
23/09/2015 06:00,5.6,9.1,6.9,18.5,1,8.3,0,0.139,0.791,0.105,0,0.016,0.049,0.007,0.454,0.438,0.214
23/09/2015 07:00,6.2,8.6,6.7,18.7,1.1,9.2,0,0.131,0.809,0.094,0,0.015,0.063,0.005,0.428,0.391,0.232
23/09/2015 08:00,6.7,8.6,6,18.4,1.4,10.3,0.002,0.133,0.816,0.047,0,0.017,0.067,0.004,0.401,0.367,0.236
23/09/2015 09:00,6.2,8.8,4.5,17.2,1.7,11.2,0.006,0.127,0.813,0.063,0.004,0.026,0.064,0.004,0.348,0.364,0.208
23/09/2015 10:00,4.1,8.7,3.2,15.5,2.1,11.7,0.014,0.106,0.8,0.057,0.005,0.026,0.062,0.005,0.287,0.38,0.156
23/09/2015 11:00,1.4,7.5,2.6,13.6,2.7,12.3,0.021,0.075,0.786,0.026,0.005,0.028,0.06,0.007,0.252,0.431,0.102
23/09/2015 12:00,0.9,7.5,3,11.8,3.3,12.8,0.023,0.006,0.777,0.008,0.005,0.013,0.061,0.011,0.241,0.505,0.064
23/09/2015 13:00,1,8.1,3.5,11.1,4.1,14.8,0.028,0.011,0.771,0.003,0.003,0.018,0.07,0.027,0.241,0.585,0.045
23/09/2015 14:00,1,9.1,4.2,10.4,4.6,15.2,0.035,0.004,0.763,0.002,0.001,0.032,0.115,0.069,0.249,0.644,0.046
23/09/2015 15:00,1,10.2,4.9,10.3,4.7,13.8,0.049,0.001,0.755,0.001,0.001,0.013,0.13,0.132,0.274,0.677,0.065
23/09/2015 16:00,0.8,11.5,4.3,12.6,4.6,12.4,0.06,0,0.748,0.001,0.001,0,0.08,0.201,0.296,0.657,0.096
23/09/2015 17:00,0.7,12.6,4,17.2,3.9,11.5,0.061,0,0.737,0,0,0,0.048,0.257,0.31,0.601,0.127
23/09/2015 18:00,0.6,13.3,3.9,23,3.4,10.5,0.058,0,0.71,0,0,0,0.017,0.276,0.325,0.556,0.156
23/09/2015 19:00,0.5,14,4.5,28.1,3.3,9.7,0.067,0.001,0.669,0.001,0,0.002,0.016,0.229,0.338,0.501,0.177
23/09/2015 20:00,0.7,15.3,4.9,31.1,3.4,8.8,0.094,0.005,0.621,0.007,0,0.013,0.017,0.139,0.34,0.432,0.186
23/09/2015 21:00,0.7,14.5,5.2,30.7,3.4,8.1,0.126,0.009,0.54,0.023,0,0.024,0.013,0.093,0.291,0.38,0.179
23/09/2015 22:00,0.8,12.9,4.9,28.5,3.4,7.5,0.153,0.017,0.451,0.048,0,0.016,0.013,0.077,0.22,0.323,0.157
23/09/2015 23:00,0.6,12,4.2,25.7,3.3,6.8,0.167,0.043,0.379,0.076,0.001,0.009,0.015,0.058,0.155,0.328,0.12
24/09/2015 00:00,0.4,11.3,3.4,22.6,3.1,6.4,0.148,0.093,0.328,0.1,0.007,0.008,0.02,0.043,0.104,0.314,0.077
24/09/2015 01:00,0.5,7.9,3.1,18.4,2.3,5.6,0.076,0.151,0.297,0.112,0.022,0.005,0.025,0.035,0.073,0.289,0.045
24/09/2015 02:00,2.1,8.4,4.3,9.5,1.3,4.6,0.025,0.193,0.282,0.112,0.039,0.008,0.033,0.023,0.061,0.256,0.026
24/09/2015 03:00,4.9,12.4,5.9,7,0.6,4.1,0.016,0.22,0.288,0.107,0.051,0.008,0.034,0.014,0.068,0.227,0.021
24/09/2015 04:00,9.6,14.2,7.6,6.1,0.8,3.8,0.016,0.216,0.304,0.101,0.057,0.008,0.005,0.004,0.078,0.281,0.027
24/09/2015 05:00,15.7,15,9.5,4.6,1.1,3.9,0.02,0.187,0.298,0.102,0.058,0.014,0,0.01,0.09,0.311,0.046
24/09/2015 06:00,21.4,16,10.6,3.8,1.2,4.5,0.025,0.153,0.264,0.112,0.054,0.019,0,0.011,0.104,0.311,0.084
24/09/2015 07:00,26.5,16.8,10.7,3.5,1.1,5.2,0.029,0.121,0.215,0.111,0.015,0.025,0.001,0.01,0.106,0.283,0.14
24/09/2015 08:00,29.6,16.5,10.3,3.6,1,6.1,0.035,0.101,0.188,0.078,0,0.022,0.001,0.006,0.096,0.228,0.206
24/09/2015 09:00,29.6,15.7,8.2,3.3,1.2,6.8,0.045,0.079,0.194,0.066,0,0.015,0.001,0.004,0.078,0.177,0.274
24/09/2015 10:00,24.9,14.2,5.8,2.8,1.6,7.5,0.055,0.065,0.202,0.022,0.013,0.015,0.003,0.004,0.044,0.149,0.332
24/09/2015 11:00,15.3,14.2,5.2,2.4,2.2,8.4,0.082,0.07,0.195,0.004,0.043,0.019,0.008,0.005,0.02,0.154,0.365
24/09/2015 12:00,14.9,16.2,5.9,2.6,3,10.1,0.118,0.025,0.179,0,0.067,0.009,0.01,0.014,0.013,0.19,0.383
24/09/2015 13:00,11.6,17,5.7,4.3,4.1,13.8,0.137,0.138,0.152,0,0.08,0.011,0.01,0.059,0.015,0.27,0.387
24/09/2015 14:00,8.4,16.4,5.2,6.8,5,15.4,0.141,0.115,0.127,0,0.09,0.023,0.034,0.188,0.023,0.398,0.378
24/09/2015 15:00,7.2,14.6,5.7,11.7,5.5,14.5,0.122,0.046,0.124,0,0.084,0.038,0.124,0.369,0.027,0.557,0.361
24/09/2015 16:00,6.5,12.4,7.4,20.4,5.8,13.2,0.105,0.011,0.148,0,0.077,0.03,0.157,0.519,0.032,0.663,0.338
24/09/2015 17:00,6,11.6,7.3,29.2,5.8,12.3,0.115,0.003,0.186,0,0.075,0.018,0.113,0.604,0.036,0.636,0.322
24/09/2015 18:00,4.8,11,7.2,34.9,5.9,11.6,0.12,0.003,0.214,0,0.064,0.015,0.067,0.619,0.029,0.602,0.306
24/09/2015 19:00,3.4,10.3,8.7,37.6,5.9,11.3,0.105,0.002,0.22,0.013,0.059,0.02,0.02,0.593,0.013,0.547,0.295
24/09/2015 20:00,2.3,9.5,8.8,38.3,5.8,11.1,0.088,0.002,0.22,0.045,0.054,0.028,0.005,0.523,0.005,0.501,0.279
24/09/2015 21:00,1.5,9.1,6.8,37.1,5.4,11.3,0.091,0.001,0.19,0.063,0.05,0.026,0.006,0.421,0.005,0.46,0.278
24/09/2015 22:00,0.9,9.3,6.6,33.4,4.9,11.3,0.114,0.001,0.145,0.064,0.045,0.015,0.019,0.334,0.002,0.41,0.284
24/09/2015 23:00,0.7,9.8,6.5,29.7,4.5,11.1,0.144,0.001,0.106,0.056,0.034,0.011,0.036,0.275,0.001,0.337,0.277
25/09/2015 00:00,0.4,9.7,5.3,27.6,4.3,11.1,0.164,0.002,0.053,0.045,0.024,0.011,0.046,0.251,0.001,0.27,0.254
25/09/2015 01:00,0.6,5.9,4.4,24.9,3.1,10.3,0.138,0.022,0.014,0.035,0.017,0.005,0.043,0.233,0.001,0.228,0.233
25/09/2015 02:00,1.9,4.6,6,19.1,2.2,9,0.139,0.097,0.005,0.023,0.013,0.004,0.05,0.135,0.001,0.199,0.226
25/09/2015 03:00,4.1,6.4,8,21.2,1.5,9.4,0.139,0.184,0.015,0.012,0.012,0.004,0.043,0.159,0.003,0.17,0.219
25/09/2015 04:00,7,7.7,8.1,23.8,1.2,8.5,0.12,0.213,0.076,0.005,0.015,0.005,0.025,0.233,0.005,0.301,0.212
25/09/2015 05:00,10.3,8.7,8.4,26.4,1.3,8.9,0.084,0.198,0.136,0.004,0.02,0.006,0.032,0.185,0.011,0.399,0.217
25/09/2015 06:00,14.1,10,8.7,28.1,1.5,10.1,0.041,0.167,0.207,0.006,0.027,0.011,0.082,0.128,0.034,0.354,0.227
25/09/2015 07:00,17.1,11.5,8.3,27.7,1.9,12.1,0.013,0.133,0.228,0.012,0.016,0.018,0.127,0.085,0.068,0.302,0.249
25/09/2015 08:00,18,12.3,7.6,26.1,2.6,14.3,0.002,0.103,0.208,0.013,0.009,0.025,0.158,0.058,0.119,0.245,0.278
25/09/2015 09:00,16.8,11.6,6.6,22.5,3.3,16.2,0.001,0.078,0.183,0.004,0.002,0.018,0.183,0.043,0.177,0.199,0.316
25/09/2015 10:00,12.2,9.3,4.7,18.4,4.1,17.3,0.001,0.06,0.163,0,0,0.008,0.223,0.041,0.23,0.183,0.352
25/09/2015 11:00,5.7,6.3,3.6,15.3,5.5,17.5,0.001,0.046,0.163,0,0,0.014,0.275,0.05,0.283,0.197,0.374
25/09/2015 12:00,4.5,5.2,3.5,13.3,7.2,17.3,0.005,0.01,0.181,0,0,0.009,0.313,0.068,0.339,0.23,0.38
25/09/2015 13:00,4.4,4.3,2.9,16.1,9.6,18.6,0.013,0.019,0.201,0,0,0.009,0.323,0.12,0.4,0.289,0.39
25/09/2015 14:00,3.4,3.3,2.3,21.5,11.1,17.5,0.02,0.042,0.227,0.001,0.001,0.012,0.36,0.217,0.476,0.386,0.4
25/09/2015 15:00,2.7,2.6,1.7,28.4,11.2,15.2,0.018,0.041,0.252,0.004,0.001,0.019,0.504,0.312,0.609,0.525,0.395
25/09/2015 16:00,1.8,2.3,1.4,35.2,10,13.5,0.017,0.035,0.272,0.001,0.002,0.034,0.586,0.371,0.764,0.635,0.383
25/09/2015 17:00,1.2,2.3,1,39.8,9.1,12.8,0.021,0.027,0.289,0.001,0.003,0.036,0.597,0.403,0.86,0.58,0.367
25/09/2015 18:00,0.6,2.9,0.7,42,8.3,12.5,0.029,0.016,0.296,0.005,0.003,0.021,0.55,0.393,0.897,0.501,0.341
25/09/2015 19:00,0.3,3.8,0.4,41.3,8.8,12.3,0.034,0.011,0.294,0.028,0.002,0.007,0.392,0.382,0.918,0.454,0.314
25/09/2015 20:00,0.2,4.6,0.3,38.3,8.8,12.2,0.032,0.007,0.293,0.061,0.002,0,0.244,0.358,0.924,0.413,0.28
25/09/2015 21:00,0.1,5,0.2,35.7,9.2,12.2,0.025,0.006,0.262,0.081,0.001,0,0.176,0.333,0.911,0.383,0.274
25/09/2015 22:00,0.1,5.4,0.2,31.7,9,12.1,0.018,0.012,0.21,0.084,0,0,0.134,0.271,0.845,0.355,0.279
25/09/2015 23:00,0,5.6,0.3,28.8,8.5,11.8,0.015,0.031,0.164,0.084,0,0,0.095,0.209,0.778,0.313,0.281
26/09/2015 00:00,0,5.4,0.2,26.9,8.1,11.5,0.016,0.025,0.135,0.085,0,0,0.062,0.169,0.702,0.272,0.286
26/09/2015 01:00,0.1,2.9,0.1,24.9,6.6,10.8,0.008,0.02,0.132,0.096,0.002,0.002,0.037,0.125,0.636,0.228,0.296
26/09/2015 02:00,0.5,1.5,0.4,22,8.6,8.9,0.003,0.053,0.158,0.107,0.009,0.009,0.019,0.031,0.597,0.209,0.317
26/09/2015 03:00,1.6,1.3,0.8,25.1,9.3,9.5,0.001,0.08,0.212,0.101,0.026,0.009,0.005,0.014,0.574,0.236,0.346
26/09/2015 04:00,3.2,1.4,0.8,26.2,7.1,7.8,0,0.079,0.274,0.076,0.05,0.003,0,0.006,0.88,0.341,0.386
26/09/2015 05:00,5.3,1.5,0.8,25.9,4.6,7,0,0.06,0.328,0.048,0.084,0,0,0.003,0.987,0.38,0.426
26/09/2015 06:00,7.4,1.9,0.9,24.2,2.9,7,0,0.038,0.388,0.035,0.106,0,0,0.001,0.987,0.41,0.46
26/09/2015 07:00,10.1,2.4,1.1,21.9,1.9,7.2,0.002,0.022,0.432,0.031,0.069,0,0,0,0.99,0.388,0.491
26/09/2015 08:00,12.3,2.8,1.2,20.4,1.4,7.5,0.017,0.012,0.466,0.019,0.046,0.001,0.005,0,0.964,0.334,0.515
26/09/2015 09:00,11.6,3.1,1.3,17.8,1.3,8,0.04,0.009,0.49,0.011,0.036,0.001,0.024,0,0.898,0.287,0.528
26/09/2015 10:00,8.5,3.6,1.3,14.7,1.8,8.7,0.058,0.012,0.497,0.015,0.019,0.001,0.055,0,0.813,0.269,0.544
26/09/2015 11:00,3.7,3.8,1.4,12.9,3.3,9.5,0.056,0.017,0.494,0.027,0.01,0,0.099,0,0.718,0.282,0.556
26/09/2015 12:00,2.1,3.7,1.4,12.1,5.4,11.1,0.042,0.01,0.489,0.055,0.006,0,0.149,0,0.625,0.32,0.546
26/09/2015 13:00,1.9,3.6,1.2,15.3,6.1,14.7,0.028,0.003,0.494,0.107,0.004,0,0.219,0,0.566,0.378,0.514
26/09/2015 14:00,1.5,3.3,1,20.4,5.2,15.8,0.017,0.002,0.507,0.177,0.004,0,0.315,0.002,0.525,0.462,0.47
26/09/2015 15:00,1.1,3.3,0.8,26.5,4.3,14.5,0.015,0.004,0.525,0.227,0.006,0,0.376,0.006,0.483,0.574,0.442
26/09/2015 16:00,0.9,3.5,0.6,32.3,3.7,12.7,0.017,0.009,0.54,0.198,0.011,0,0.333,0.015,0.437,0.676,0.404
26/09/2015 17:00,0.7,4,0.3,36.1,3.8,11.4,0.019,0.015,0.544,0.108,0.016,0.001,0.215,0.033,0.383,0.682,0.355
26/09/2015 18:00,0.5,4.5,0.2,37.6,3.9,10.6,0.021,0.022,0.528,0.048,0.018,0.002,0.097,0.058,0.34,0.644,0.316
26/09/2015 19:00,0.4,4.8,0.1,36.9,4,10,0.025,0.024,0.494,0.01,0.024,0.004,0.046,0.072,0.32,0.599,0.289
26/09/2015 20:00,0.2,4.9,0.1,34,4.1,9.5,0.03,0.021,0.459,0.001,0.025,0.009,0.023,0.067,0.286,0.567,0.268
26/09/2015 21:00,0.2,4.9,0.1,30.6,4.3,9.3,0.026,0.017,0.416,0,0.022,0.014,0.018,0.035,0.211,0.578,0.256
26/09/2015 22:00,0.1,4.6,0.1,27.5,4.6,9.1,0.013,0.011,0.371,0.001,0.016,0.018,0.013,0.008,0.133,0.595,0.251
26/09/2015 23:00,0.1,4.4,0.1,24.3,4.8,8.6,0.004,0.006,0.344,0.006,0.015,0.033,0.009,0,0.076,0.53,0.258
27/09/2015 00:00,0.1,4,0.1,20.8,4.4,7.9,0.001,0.01,0.34,0.031,0.02,0.053,0.006,0,0.046,0.401,0.286
27/09/2015 01:00,0.3,2,0,16.3,3.6,6.4,0,0.008,0.352,0.072,0.03,0.05,0.003,0,0.03,0.308,0.329
27/09/2015 02:00,1,0.8,0,7.8,4.1,4.2,0,0.005,0.375,0.122,0.042,0.042,0.001,0,0.019,0.236,0.379
27/09/2015 03:00,2.3,0.9,0.1,5.6,4.4,4.1,0,0.017,0.368,0.186,0.05,0.045,0.001,0.001,0.019,0.193,0.427
27/09/2015 04:00,4.7,1.1,0.4,3,4.4,2.6,0,0.024,0.348,0.259,0.058,0.046,0.007,0.003,0.027,0.254,0.472
27/09/2015 05:00,7.8,1.4,0.8,0.8,4.8,1.7,0,0.02,0.346,0.294,0.076,0.053,0.014,0.001,0.033,0.4,0.516
27/09/2015 06:00,10.2,1.8,0.9,0.1,5.4,1.4,0,0.009,0.352,0.259,0.092,0.059,0.017,0,0.03,0.479,0.559
27/09/2015 07:00,12.1,2,1.1,0,5.2,1.4,0,0.002,0.352,0.206,0.053,0.065,0.022,0,0.02,0.446,0.593
27/09/2015 08:00,12.6,2.1,1.1,0,4.3,1.7,0.001,0,0.351,0.088,0.032,0.075,0.029,0,0.01,0.386,0.622
27/09/2015 09:00,10.8,2.3,1,0,3.4,2.2,0.005,0,0.396,0.029,0.023,0.06,0.038,0.006,0.002,0.331,0.645
27/09/2015 10:00,7.6,2.6,0.8,0,2.6,2.9,0.01,0,0.459,0.061,0.014,0.059,0.054,0.025,0,0.296,0.645
27/09/2015 11:00,3.3,2.8,0.8,0.1,2,3.8,0.012,0,0.507,0.064,0.008,0.067,0.084,0.055,0,0.3,0.622
27/09/2015 12:00,2.5,2.7,1.1,0.2,2.1,5.7,0.02,0,0.538,0.04,0.005,0.046,0.114,0.121,0,0.343,0.581
27/09/2015 13:00,2.3,2.5,0.9,0.7,2.9,9.4,0.031,0,0.547,0.018,0.005,0.014,0.154,0.233,0,0.425,0.532
27/09/2015 14:00,2.1,1.9,0.8,1.4,3.5,11.8,0.042,0,0.544,0.007,0.01,0.015,0.185,0.283,0.001,0.544,0.48
27/09/2015 15:00,1.3,1.3,0.4,1.8,3.8,12.2,0.041,0,0.547,0.003,0.02,0.024,0.224,0.284,0.001,0.646,0.414
27/09/2015 16:00,0.7,0.8,0.3,2.2,3.8,11.1,0.036,0,0.566,0.001,0.03,0.033,0.311,0.259,0.001,0.687,0.356
27/09/2015 17:00,0.5,0.8,0.1,2.6,3.9,9.6,0.038,0,0.597,0,0.045,0.044,0.431,0.217,0.001,0.62,0.325
27/09/2015 18:00,0.5,1.1,0.1,3.3,4.1,8.3,0.04,0.002,0.63,0,0.073,0.052,0.543,0.169,0.001,0.565,0.314
27/09/2015 19:00,0.3,1.7,0.1,4.4,4.3,7.2,0.038,0.008,0.646,0,0.103,0.055,0.591,0.121,0.002,0.538,0.323
27/09/2015 20:00,0.2,2.2,0.1,5.9,4.4,6.6,0.038,0.028,0.649,0,0.085,0.05,0.59,0.07,0.003,0.574,0.357
27/09/2015 21:00,0.2,2.5,0.1,8.3,4.3,6.3,0.038,0.074,0.613,0.008,0.032,0.035,0.55,0.032,0.003,0.586,0.444
27/09/2015 22:00,0.2,2.6,0.1,11.3,4.3,6.4,0.031,0.17,0.543,0.031,0.031,0.028,0.503,0.013,0.003,0.552,0.556
27/09/2015 23:00,0.2,2.7,0.1,14,4.4,6.9,0.02,0.367,0.475,0.059,0.056,0.032,0.437,0.006,0.001,0.428,0.633
28/09/2015 00:00,0.2,2.7,0.1,15.5,4.3,7.4,0.012,0.469,0.425,0.082,0.058,0.046,0.388,0.004,0.001,0.342,0.657
28/09/2015 01:00,0.2,1.5,0,15.5,3.1,6.7,0.005,0.421,0.414,0.099,0.034,0.048,0.358,0.002,0.001,0.314,0.642
28/09/2015 02:00,0.3,0.8,0.1,8.8,2.3,3.4,0.002,0.401,0.43,0.106,0.018,0.049,0.355,0,0.001,0.32,0.601
28/09/2015 03:00,1.1,0.7,0.1,4.8,2.6,3.5,0.001,0.284,0.45,0.102,0.031,0.049,0.413,0,0.001,0.278,0.547
28/09/2015 04:00,2.2,0.5,0.2,4.4,2.1,2.8,0.001,0.228,0.482,0.093,0.072,0.046,0.507,0.002,0.001,0.409,0.498
28/09/2015 05:00,3.7,0.4,0.3,2.4,1.7,1.7,0,0.203,0.509,0.087,0.087,0.043,0.491,0.002,0.002,0.454,0.469
28/09/2015 06:00,5.3,0.4,0.4,0.9,1.6,0.9,0,0.194,0.525,0.088,0.083,0.045,0.411,0.004,0.003,0.402,0.473
28/09/2015 07:00,6.5,0.6,0.6,0.3,1.6,0.6,0,0.159,0.544,0.08,0.05,0.05,0.274,0.011,0.005,0.318,0.487
28/09/2015 08:00,6.7,0.9,0.8,0.1,1.8,0.4,0,0.133,0.563,0.031,0.027,0.06,0.133,0.027,0.009,0.231,0.494
28/09/2015 09:00,5.9,1.3,0.6,0.1,2.1,0.4,0,0.082,0.618,0.043,0.032,0.051,0.048,0.045,0.015,0.158,0.477
28/09/2015 10:00,4.4,1.6,0.4,0.1,2.7,0.7,0,0.068,0.663,0.041,0.04,0.037,0.015,0.059,0.028,0.117,0.444
28/09/2015 11:00,2,2,0.7,0.1,3.4,1.2,0,0.071,0.676,0.026,0.034,0.041,0.008,0.07,0.05,0.099,0.413
28/09/2015 12:00,1,2.4,1.2,0.1,4.5,2.4,0,0.054,0.674,0.019,0.022,0.03,0.007,0.093,0.08,0.1,0.394
28/09/2015 13:00,0.9,2.4,1,0.4,6.1,4.8,0.001,0.082,0.67,0.016,0.014,0.024,0.009,0.136,0.108,0.116,0.379
28/09/2015 14:00,0.8,2.3,0.6,0.8,7.2,6,0.003,0.047,0.668,0.014,0.011,0.039,0.01,0.158,0.128,0.161,0.362
28/09/2015 15:00,0.6,2,0.3,1.3,7.1,6.2,0.008,0.02,0.655,0.013,0.015,0.051,0.011,0.169,0.133,0.302,0.348
28/09/2015 16:00,0.4,1.7,0.2,2.1,6.6,6.1,0.021,0.004,0.644,0.015,0.026,0.064,0.009,0.161,0.131,0.559,0.343
28/09/2015 17:00,0.2,1.4,0.1,3.1,5.8,5.9,0.047,0.001,0.642,0.019,0.041,0.065,0.008,0.12,0.135,0.718,0.343
28/09/2015 18:00,0.2,1.3,0.1,4.3,4.9,6.1,0.08,0,0.636,0.028,0.057,0.054,0.011,0.067,0.141,0.732,0.347
28/09/2015 19:00,0.2,1.1,0.3,5.1,4.2,6.4,0.106,0,0.63,0.058,0.067,0.042,0.014,0.024,0.148,0.601,0.358
28/09/2015 20:00,0.2,1.2,0.4,5.4,3.6,7.1,0.124,0,0.633,0.086,0.076,0.029,0.014,0.004,0.151,0.513,0.367
28/09/2015 21:00,0.2,1.4,0.4,5.4,3.6,7.8,0.13,0,0.607,0.106,0.079,0.014,0.01,0,0.145,0.473,0.388
28/09/2015 22:00,0.2,1.9,0.6,5.5,3.8,8.3,0.126,0.002,0.561,0.117,0.076,0.011,0.009,0,0.14,0.43,0.417
28/09/2015 23:00,0.3,2.4,0.8,5.4,4.3,8.5,0.121,0.011,0.515,0.125,0.076,0.014,0.028,0,0.133,0.356,0.442
29/09/2015 00:00,0.3,2.8,1.1,5.3,5.1,8.6,0.104,0.046,0.471,0.133,0.08,0.028,0.086,0,0.124,0.285,0.464
29/09/2015 01:00,0.3,1.3,0.4,4.9,4.4,7.6,0.055,0.096,0.439,0.143,0.084,0.041,0.149,0,0.112,0.24,0.484
29/09/2015 02:00,0.4,0.3,0.4,3.1,3.1,5,0.022,0.153,0.413,0.15,0.095,0.054,0.192,0,0.093,0.207,0.507
29/09/2015 03:00,0.8,0.2,0.4,1.1,4.4,6.6,0.014,0.179,0.379,0.148,0.106,0.058,0.183,0,0.069,0.18,0.516
29/09/2015 04:00,1.7,0.3,0.3,0.8,4.9,7.2,0.007,0.174,0.343,0.139,0.117,0.054,0.153,0.002,0.042,0.205,0.514
29/09/2015 05:00,2.7,0.3,0.3,1,4.8,6.6,0.002,0.144,0.311,0.133,0.118,0.041,0.068,0.001,0.023,0.178,0.51
29/09/2015 06:00,3.4,0.4,0.3,1.1,4.6,5.9,0,0.122,0.286,0.133,0.098,0.03,0.042,0.001,0.014,0.111,0.503
29/09/2015 07:00,4,0.7,0.3,1.1,4.5,5.3,0,0.114,0.264,0.125,0.042,0.02,0.034,0.006,0.011,0.054,0.496
29/09/2015 08:00,4.3,1.1,0.4,0.9,4.4,4.8,0,0.123,0.236,0.075,0.033,0.013,0.032,0.024,0.012,0.031,0.491
29/09/2015 09:00,4,1.6,0.4,0.7,4.5,4.9,0,0.14,0.234,0.061,0.014,0.009,0.031,0.05,0.02,0.028,0.481
29/09/2015 10:00,3.4,2,0.3,0.6,4.7,5.7,0,0.131,0.248,0.087,0.007,0.008,0.037,0.074,0.037,0.037,0.479
29/09/2015 11:00,1.6,2.4,0.3,0.6,5.3,7.1,0,0.113,0.255,0.091,0.004,0.008,0.049,0.093,0.058,0.058,0.491
29/09/2015 12:00,0.8,2.9,0.4,0.9,6.4,8.7,0,0.086,0.26,0.096,0.002,0.003,0.076,0.118,0.075,0.091,0.526
29/09/2015 13:00,0.6,3,0.4,1.8,8.7,11.4,0,0.087,0.264,0.118,0.001,0.001,0.131,0.154,0.095,0.136,0.58
29/09/2015 14:00,0.5,2.7,0.5,3.2,10.6,13.5,0,0.026,0.268,0.142,0,0.002,0.223,0.153,0.12,0.221,0.637
29/09/2015 15:00,0.3,2.1,0.4,4.9,11.6,15,0,0,0.279,0.125,0,0.005,0.313,0.138,0.139,0.448,0.676
29/09/2015 16:00,0.2,1.7,0.4,6.4,11.9,15.7,0,0,0.297,0.062,0.001,0.008,0.302,0.118,0.146,0.744,0.687
29/09/2015 17:00,0.1,1.5,0.4,7.6,11.1,16.2,0,0,0.311,0.01,0.002,0.008,0.245,0.086,0.141,0.766,0.682
29/09/2015 18:00,0.1,1.4,0.7,8.5,9.9,16.5,0,0,0.311,0.014,0.006,0.008,0.181,0.053,0.117,0.675,0.669
29/09/2015 19:00,0.1,1.5,1.1,9.8,8.4,16.7,0,0,0.323,0.038,0.013,0.009,0.134,0.032,0.093,0.585,0.649
29/09/2015 20:00,0.2,1.7,1.4,11.5,7.1,17,0,0,0.341,0.081,0.024,0.009,0.09,0.015,0.084,0.535,0.633
29/09/2015 21:00,0.2,1.9,1.8,11.5,5.8,17,0.001,0,0.339,0.11,0.033,0.015,0.053,0.005,0.082,0.489,0.63
29/09/2015 22:00,0.2,2.2,2.1,10,4.8,16.5,0.007,0,0.325,0.077,0.045,0.025,0.033,0.001,0.076,0.466,0.641
29/09/2015 23:00,0.1,2.5,2.2,8.7,4.3,16.5,0.02,0,0.31,0.018,0.068,0.034,0.025,0.001,0.064,0.436,0.652
30/09/2015 00:00,0,2.9,1.9,7.3,4,16.7,0.044,0,0.295,0.001,0.104,0.043,0.023,0,0.047,0.379,0.664
30/09/2015 01:00,0,1.9,0.6,5.7,3.3,15.7,0.045,0.001,0.279,0.002,0.153,0.044,0.032,0,0.03,0.352,0.672
30/09/2015 02:00,0.1,1.3,0.3,2.6,5,11.5,0.038,0.005,0.262,0.003,0.201,0.036,0.059,0,0.016,0.29,0.674
30/09/2015 03:00,0.4,1.4,0.5,0.8,8.5,12.5,0.042,0.01,0.267,0.001,0.23,0.024,0.066,0,0.009,0.196,0.666
30/09/2015 04:00,1.1,1.6,0.6,0.5,11.6,14.3,0.043,0.015,0.28,0.004,0.239,0.01,0.016,0,0.008,0.225,0.648
30/09/2015 05:00,2.1,1.6,0.6,0.4,13,16,0.035,0.021,0.264,0.008,0.233,0.004,0.001,0,0.009,0.258,0.615
30/09/2015 06:00,3.4,1.4,0.8,0.4,13.2,15,0.024,0.028,0.226,0.005,0.203,0.001,0,0,0.013,0.262,0.574
30/09/2015 07:00,4.5,1.4,0.8,0.6,13,13.2,0.013,0.04,0.198,0.002,0.112,0,0,0,0.018,0.233,0.532
30/09/2015 08:00,5.4,1.6,0.5,1,12.5,12,0.007,0.05,0.188,0.001,0.17,0,0,0,0.021,0.231,0.476
30/09/2015 09:00,5.2,1.9,0.3,1.6,12,12.6,0.008,0.044,0.187,0.004,0.157,0,0,0,0.018,0.253,0.429
30/09/2015 10:00,3.9,2.5,0.3,2.4,11.8,14.3,0.016,0.022,0.2,0.011,0.092,0,0,0,0.014,0.294,0.392
30/09/2015 11:00,1.6,2.9,0.3,2.9,11.9,15.4,0.018,0.008,0.213,0.029,0.039,0,0.001,0,0.014,0.352,0.363
30/09/2015 12:00,1.1,3.2,0.7,3.7,12.4,16,0.033,0.001,0.211,0.037,0.013,0,0.008,0.001,0.017,0.436,0.338
30/09/2015 13:00,1.1,3.4,1.1,5,14.1,18.5,0.054,0.001,0.2,0.034,0.002,0,0.035,0.004,0.022,0.56,0.323
30/09/2015 14:00,1.2,3.2,1,5.4,13.3,19.7,0.076,0,0.186,0.027,0,0,0.168,0.026,0.028,0.716,0.313
30/09/2015 15:00,1.1,2.4,0.8,4.9,11.6,19.9,0.098,0,0.175,0.017,0,0.003,0.401,0.104,0.035,0.793,0.308
30/09/2015 16:00,1,1.8,0.8,4.1,9.7,19,0.123,0,0.164,0.008,0,0.013,0.416,0.256,0.039,0.743,0.3
30/09/2015 17:00,0.7,1.6,1,3.3,8.2,17,0.153,0.001,0.168,0.005,0,0.03,0.323,0.415,0.036,0.691,0.291
30/09/2015 18:00,0.3,1.6,1.3,2.7,6.7,15.1,0.19,0.001,0.189,0.003,0,0.045,0.222,0.488,0.034,0.651,0.279
30/09/2015 19:00,0.2,1.8,1.5,2.3,5.8,13.2,0.225,0.002,0.212,0.004,0.004,0.057,0.135,0.486,0.042,0.606,0.259
30/09/2015 20:00,0.2,2.1,1.4,2.1,5.3,11.8,0.246,0.005,0.225,0.006,0.017,0.064,0.08,0.435,0.055,0.559,0.234
30/09/2015 21:00,0.1,1.9,1.1,1.8,4.8,10.4,0.248,0.017,0.213,0.012,0.035,0.051,0.052,0.338,0.064,0.468,0.209
30/09/2015 22:00,0.1,2,0.9,1.4,4.3,9.4,0.228,0.062,0.192,0.027,0.057,0.031,0.033,0.235,0.07,0.341,0.187
30/09/2015 23:00,0.1,2.4,1,1.1,4,9,0.217,0.174,0.17,0.061,0.079,0.025,0.019,0.146,0.071,0.233,0.167
01/10/2015 00:00,0.1,2.9,1.4,0.9,3.8,8.9,0.203,0.222,0.141,0.121,0.097,0.014,0.008,0.083,0.068,0.167,0.143
01/10/2015 01:00,0,2.4,0.5,0.8,2.9,8.3,0.153,0.155,0.11,0.197,0.108,0.005,0.002,0.042,0.063,0.149,0.121
01/10/2015 02:00,0.1,2.1,0.7,0.4,3.4,5.5,0.16,0.106,0.088,0.255,0.119,0.003,0.003,0.012,0.054,0.184,0.107
01/10/2015 03:00,0.4,3.4,0.9,0.1,4.8,5.4,0.203,0.087,0.089,0.257,0.142,0.003,0.004,0.021,0.043,0.206,0.104
01/10/2015 04:00,1.2,4.4,0.5,0.1,6.4,6.7,0.236,0.071,0.106,0.225,0.148,0.005,0.003,0.021,0.038,0.31,0.107
01/10/2015 05:00,2.5,3.9,0.3,0.3,8.4,7.3,0.261,0.041,0.109,0.192,0.134,0.007,0.003,0.014,0.033,0.414,0.114
01/10/2015 06:00,4.1,3.1,0.5,0.4,9.2,7.7,0.235,0.018,0.093,0.167,0.118,0.004,0.015,0.008,0.025,0.461,0.123
01/10/2015 07:00,5.1,2.3,0.7,0.5,7.8,8.1,0.179,0.008,0.083,0.137,0.062,0,0.041,0.004,0.013,0.484,0.13
01/10/2015 08:00,6.1,1.8,0.7,0.7,5.9,8.2,0.143,0.005,0.084,0.058,0.017,0.002,0.081,0.001,0.005,0.484,0.136
01/10/2015 09:00,6.2,1.6,0.4,0.9,4.4,8.1,0.131,0.005,0.095,0.102,0.007,0.008,0.119,0,0.003,0.486,0.136
01/10/2015 10:00,4.9,1.8,0.4,1.1,3.4,8.4,0.132,0.004,0.111,0.119,0.007,0.008,0.145,0,0.002,0.501,0.132
01/10/2015 11:00,2.1,2.1,0.9,1.3,3.1,8.8,0.179,0.001,0.112,0.109,0.009,0.008,0.156,0,0.004,0.524,0.116
01/10/2015 12:00,1.6,2.9,1.3,1.6,3.4,8.6,0.251,0,0.1,0.094,0.009,0.007,0.146,0.001,0.007,0.556,0.095
01/10/2015 13:00,1.9,3.7,1.8,2.3,4.3,9.1,0.281,0,0.087,0.085,0.008,0.004,0.124,0.007,0.01,0.594,0.079
01/10/2015 14:00,2.1,3.9,2.2,3.6,5.2,9.3,0.28,0,0.088,0.08,0.006,0.005,0.096,0.039,0.011,0.648,0.071
01/10/2015 15:00,2.7,3.8,2.3,5.5,5.8,9.1,0.277,0.002,0.101,0.079,0.004,0.004,0.084,0.105,0.005,0.675,0.067
01/10/2015 16:00,3.7,3.5,2.3,7,5.9,8.5,0.266,0.005,0.111,0.086,0.004,0.005,0.09,0.195,0.001,0.638,0.059
01/10/2015 17:00,5.1,3.6,1.9,8,5.1,7.6,0.249,0.007,0.111,0.106,0.006,0.01,0.099,0.28,0,0.574,0.053
01/10/2015 18:00,5.7,3.6,1.3,8,4.2,6.4,0.231,0.006,0.115,0.153,0.016,0.02,0.105,0.309,0,0.481,0.046
01/10/2015 19:00,4.1,3.4,0.9,7,3.2,5.3,0.209,0.007,0.125,0.289,0.039,0.034,0.113,0.293,0,0.408,0.043
01/10/2015 20:00,3.1,3.2,0.9,5.2,2.6,4.2,0.205,0.011,0.135,0.404,0.068,0.045,0.084,0.248,0,0.398,0.039
01/10/2015 21:00,2.5,2.9,0.8,4,2.1,3.3,0.191,0.016,0.146,0.422,0.079,0.043,0.057,0.201,0,0.401,0.034
01/10/2015 22:00,1.6,2.7,0.9,3.4,1.8,2.7,0.169,0.031,0.16,0.398,0.096,0.022,0.044,0.155,0,0.367,0.028
01/10/2015 23:00,0.7,2.8,0.9,3.3,1.7,2.6,0.145,0.112,0.177,0.362,0.123,0.012,0.04,0.112,0,0.283,0.024
02/10/2015 00:00,0.4,2.9,0.9,3.8,1.6,2.8,0.113,0.219,0.207,0.324,0.161,0.007,0.037,0.077,0,0.201,0.017
02/10/2015 01:00,0.6,1.6,0.1,5.1,1.3,2.8,0.05,0.259,0.269,0.29,0.198,0.002,0.035,0.05,0.005,0.152,0.013
02/10/2015 02:00,0.7,0.5,0,5.3,1.3,2.3,0.028,0.243,0.361,0.261,0.207,0,0.022,0.013,0.024,0.133,0.012
02/10/2015 03:00,1.1,0.6,0,2.9,2.7,2.9,0.009,0.221,0.441,0.227,0.195,0,0.004,0.013,0.039,0.124,0.013
02/10/2015 04:00,2.2,0.7,0,3.1,4.4,3.1,0.002,0.182,0.481,0.2,0.157,0.001,0,0.018,0.037,0.213,0.015
02/10/2015 05:00,3.9,0.9,0.2,3.9,5.9,2.6,0.001,0.149,0.514,0.185,0.119,0.009,0.001,0.01,0.031,0.347,0.017
02/10/2015 06:00,6.4,1.3,0.6,2.6,7,1.8,0,0.124,0.552,0.172,0.087,0.008,0.043,0.011,0.023,0.34,0.023
02/10/2015 07:00,9,1.8,0.8,1.3,8.3,1,0,0.11,0.583,0.126,0.058,0.001,0.111,0.021,0.012,0.249,0.028
02/10/2015 08:00,10.9,2.4,1.1,0.6,9.8,0.6,0,0.112,0.601,0.055,0.086,0.002,0.162,0.036,0.005,0.171,0.035
02/10/2015 09:00,12.1,3,1.1,0.3,10.9,0.4,0,0.124,0.607,0.031,0.071,0.005,0.235,0.042,0.003,0.119,0.042
02/10/2015 10:00,10.3,3.6,1.2,0.1,11.1,0.6,0,0.122,0.612,0.008,0.053,0.002,0.305,0.045,0.002,0.09,0.044
02/10/2015 11:00,4.7,3.5,1.6,0.1,9.6,0.9,0,0.115,0.62,0.001,0.045,0.006,0.337,0.057,0.001,0.084,0.039
02/10/2015 12:00,4.2,3.9,2.4,0.5,7.8,1.7,0,0.062,0.633,0.001,0.039,0.024,0.323,0.102,0.001,0.101,0.028
02/10/2015 13:00,5,4.8,2.8,1.8,7.5,2.9,0.001,0.08,0.646,0.002,0.031,0.013,0.264,0.219,0.002,0.157,0.017
02/10/2015 14:00,5.9,5.6,2.8,3.6,7.3,4.1,0.005,0.033,0.653,0.005,0.022,0.012,0.201,0.335,0.009,0.259,0.008
02/10/2015 15:00,6.2,5.8,2.9,4.9,6.6,4.6,0.013,0.003,0.674,0.011,0.015,0.02,0.196,0.407,0.026,0.428,0.003
02/10/2015 16:00,5.9,4.9,2.9,5.9,6.3,4.9,0.019,0,0.695,0.018,0.012,0.017,0.213,0.438,0.055,0.596,0.002
02/10/2015 17:00,5.7,4.8,3.1,7.1,6.3,5.2,0.023,0,0.699,0.023,0.014,0.011,0.214,0.431,0.105,0.611,0.002
02/10/2015 18:00,5.6,5.2,3.1,8.4,6.6,5.6,0.024,0,0.68,0.03,0.022,0.005,0.187,0.398,0.202,0.61,0.002
02/10/2015 19:00,5.5,5.6,3.3,9.8,7,5.8,0.021,0,0.637,0.05,0.032,0.003,0.156,0.343,0.355,0.568,0.003
02/10/2015 20:00,5.5,5.7,3.4,11,7,5.8,0.02,0,0.583,0.057,0.047,0.002,0.133,0.259,0.399,0.552,0.003
02/10/2015 21:00,5.2,5.6,3.6,12.4,6.6,5.6,0.018,0,0.513,0.051,0.072,0.001,0.114,0.192,0.407,0.474,0.005
02/10/2015 22:00,4.6,5.4,3.4,14.2,6.4,5,0.019,0,0.457,0.044,0.103,0.001,0.096,0.133,0.46,0.341,0.009
02/10/2015 23:00,3.4,5.2,2.9,16.2,6.1,4.4,0.024,0.001,0.435,0.042,0.138,0.001,0.073,0.082,0.523,0.238,0.015
03/10/2015 00:00,1.9,4.8,2.3,17.5,6,3.8,0.031,0.045,0.437,0.046,0.153,0.001,0.056,0.048,0.558,0.17,0.023
03/10/2015 01:00,1.6,2.8,1.1,17.8,4.4,3,0.015,0.141,0.458,0.048,0.146,0,0.062,0.031,0.552,0.149,0.032
03/10/2015 02:00,2.5,1.1,1.8,13.3,4.6,1.2,0.005,0.225,0.491,0.053,0.127,0.001,0.104,0.01,0.544,0.135,0.044
03/10/2015 03:00,4.4,1,2.3,6,6.1,0.6,0.001,0.272,0.541,0.053,0.112,0.001,0.145,0.014,0.523,0.115,0.053
03/10/2015 04:00,6.8,1.5,2.4,7.1,6.4,0.6,0,0.272,0.594,0.045,0.123,0.002,0.133,0.025,0.47,0.176,0.053
03/10/2015 05:00,9.2,2.4,2.1,14.7,6.8,0.3,0,0.244,0.63,0.032,0.131,0.008,0.153,0.014,0.394,0.189,0.049
03/10/2015 06:00,11.4,2.9,1.8,11.8,7.2,0.4,0,0.217,0.652,0.022,0.141,0.017,0.15,0.008,0.315,0.145,0.046
03/10/2015 07:00,13.1,3.1,1.6,9,7.8,0.6,0,0.191,0.653,0.014,0.104,0.022,0.124,0.008,0.25,0.103,0.047
03/10/2015 08:00,13.5,3,1.4,7.3,8.8,1.3,0,0.163,0.659,0.004,0.11,0.02,0.112,0.013,0.201,0.071,0.054
03/10/2015 09:00,12.6,3,1.3,6.4,10.1,2.5,0.001,0.157,0.672,0.001,0.084,0.014,0.111,0.022,0.175,0.061,0.067
03/10/2015 10:00,9,2.9,1.3,5.8,11.2,3.7,0.002,0.16,0.678,0,0.022,0.008,0.111,0.036,0.16,0.069,0.086
03/10/2015 11:00,3.9,2.3,1,5.4,11.3,4.8,0.003,0.153,0.686,0.007,0.001,0.006,0.107,0.061,0.141,0.088,0.101
03/10/2015 12:00,3.3,1.7,0.8,5.6,10.8,6.3,0.002,0.064,0.682,0.018,0,0.002,0.101,0.116,0.111,0.126,0.108
03/10/2015 13:00,3.3,1.2,0.7,7.7,12.1,9.5,0.001,0.038,0.682,0.038,0,0,0.104,0.245,0.073,0.209,0.114
03/10/2015 14:00,2.5,0.9,0.8,12.1,12.8,12.2,0.001,0.018,0.672,0.073,0,0,0.121,0.358,0.046,0.382,0.118
03/10/2015 15:00,2,0.8,0.8,19.4,13,13.5,0.001,0.003,0.661,0.102,0.001,0,0.138,0.382,0.038,0.599,0.121
03/10/2015 16:00,1.8,1.2,1,29.6,11.6,13.3,0.003,0,0.657,0.101,0.007,0,0.155,0.343,0.039,0.706,0.123
03/10/2015 17:00,1.2,2.1,1.3,38.9,11,12.4,0.009,0,0.647,0.099,0.014,0,0.176,0.253,0.042,0.714,0.121
03/10/2015 18:00,0.9,2.9,1.4,44.1,9.9,11.3,0.017,0,0.627,0.063,0.028,0,0.183,0.155,0.045,0.666,0.12
03/10/2015 19:00,0.7,3.4,1.5,45.9,9.1,10.1,0.02,0,0.602,0.031,0.036,0.001,0.156,0.077,0.048,0.578,0.13
03/10/2015 20:00,0.7,3.5,1.7,45.2,8.5,9.4,0.02,0,0.586,0.011,0.036,0.007,0.112,0.03,0.048,0.519,0.147
03/10/2015 21:00,0.7,3.1,1.7,42.9,7.8,9.1,0.023,0,0.537,0.002,0.024,0.013,0.073,0.018,0.047,0.51,0.168
03/10/2015 22:00,0.5,2.6,1.7,39.7,7.6,8.8,0.027,0,0.466,0,0.009,0.012,0.072,0.026,0.043,0.462,0.187
03/10/2015 23:00,0.2,2.3,1.8,36.3,7.3,8.5,0.03,0,0.41,0,0.003,0.013,0.118,0.045,0.037,0.367,0.197
04/10/2015 00:00,0.2,2,1.9,32.9,6.9,8,0.031,0.01,0.391,0,0.001,0.016,0.188,0.064,0.032,0.254,0.197
04/10/2015 01:00,0.3,0.9,0.7,29.4,5.6,6.9,0.014,0.042,0.398,0.001,0.002,0.009,0.27,0.066,0.029,0.167,0.198
04/10/2015 02:00,0.7,0.3,0.7,17.8,4.4,4.1,0.008,0.084,0.413,0,0.006,0.002,0.346,0.02,0.025,0.111,0.206
04/10/2015 03:00,1.1,0.3,0.6,10.8,5.9,3.4,0.006,0.147,0.422,0,0.022,0,0.292,0.033,0.02,0.09,0.225
04/10/2015 04:00,2.1,0.4,0.3,12.8,6.1,3.6,0.006,0.217,0.423,0.005,0.058,0,0.226,0.055,0.014,0.223,0.247
04/10/2015 05:00,3.4,0.5,0.3,16,5.7,3.4,0.009,0.247,0.438,0.005,0.102,0.001,0.123,0.041,0.008,0.323,0.269
04/10/2015 06:00,4.8,0.7,0.2,16.5,5.6,3.3,0.014,0.246,0.464,0.003,0.141,0.002,0.05,0.026,0.002,0.364,0.294
04/10/2015 07:00,5.7,0.9,0.2,13.1,5.7,3.4,0.024,0.241,0.495,0.001,0.085,0.002,0.015,0.014,0,0.324,0.32
04/10/2015 08:00,6.4,1,0.2,8.8,5.9,3.8,0.037,0.225,0.535,0,0.047,0.002,0.004,0.008,0,0.261,0.345
04/10/2015 09:00,5.4,1.1,0.1,6.4,6.1,4.3,0.047,0.205,0.599,0,0.026,0.001,0.002,0.007,0,0.228,0.375
04/10/2015 10:00,3.4,1.4,0.1,5,6.2,4.9,0.056,0.181,0.651,0.001,0.012,0.001,0.002,0.011,0,0.231,0.398
04/10/2015 11:00,1,1.3,0.1,4.4,6,5.6,0.049,0.149,0.669,0.004,0.005,0.001,0.003,0.024,0,0.25,0.4
04/10/2015 12:00,0.3,0.8,0.6,5.3,5.8,7.3,0.035,0.053,0.659,0.007,0.001,0.001,0.003,0.032,0,0.286,0.391
04/10/2015 13:00,0.2,0.4,1.8,7.6,5.9,11,0.015,0.017,0.639,0.009,0,0,0.003,0.035,0,0.332,0.377
04/10/2015 14:00,0.2,0.2,2.9,11.1,5.8,12.4,0.003,0.004,0.622,0.008,0,0,0.011,0.069,0,0.404,0.366
04/10/2015 15:00,0.2,0.1,3.3,14.7,6.1,11.6,0.001,0.001,0.614,0.005,0,0,0.063,0.127,0,0.506,0.346
04/10/2015 16:00,0.3,0.1,3.5,19.5,6.6,10,0.001,0,0.613,0.002,0,0,0.139,0.138,0,0.583,0.334
04/10/2015 17:00,0.5,0.3,4,26.1,7.5,8.6,0.002,0,0.611,0.002,0,0,0.181,0.096,0,0.59,0.329
04/10/2015 18:00,0.6,0.8,4.5,31.9,8.2,7.1,0.006,0,0.603,0.001,0,0,0.188,0.084,0,0.521,0.332
04/10/2015 19:00,0.7,2,4.8,34,8.6,5.8,0.011,0,0.586,0.007,0,0,0.179,0.152,0,0.491,0.367
04/10/2015 20:00,1.1,3.8,5.1,31.9,7.9,4.7,0.018,0,0.574,0.028,0,0,0.146,0.249,0,0.479,0.435
04/10/2015 21:00,1.4,4.8,5.1,28.2,6.1,3.6,0.025,0,0.539,0.053,0,0.003,0.128,0.341,0,0.578,0.487
04/10/2015 22:00,1.8,4.7,5.2,25.2,5,2.8,0.028,0.001,0.501,0.075,0.003,0.006,0.167,0.378,0,0.599,0.507
04/10/2015 23:00,1.9,4.4,5,22.2,4.4,2.1,0.031,0.004,0.476,0.093,0.023,0.008,0.269,0.346,0,0.498,0.531
05/10/2015 00:00,1.8,3.9,4.2,19.4,4,1.8,0.031,0.017,0.466,0.104,0.054,0.008,0.337,0.311,0,0.421,0.534
05/10/2015 01:00,0.5,2.3,1.1,16.3,3,1.4,0.012,0.044,0.463,0.109,0.09,0.006,0.352,0.274,0.001,0.352,0.483
05/10/2015 02:00,0.2,1.3,0.3,8.5,1.9,0.7,0.009,0.07,0.454,0.108,0.126,0.005,0.384,0.205,0.001,0.283,0.404
05/10/2015 03:00,0.9,1.6,0.4,4.6,2.8,0.8,0.005,0.101,0.448,0.101,0.118,0.004,0.489,0.163,0.005,0.214,0.315
05/10/2015 04:00,1.8,1.6,0.6,5.6,3.6,1.1,0.003,0.202,0.444,0.089,0.089,0.004,0.734,0.077,0.017,0.28,0.216
05/10/2015 05:00,2.5,1.4,0.5,7.8,4.2,1.2,0.002,0.362,0.434,0.074,0.07,0.004,0.775,0.033,0.041,0.416,0.13
05/10/2015 06:00,3.3,1.4,0.4,10.9,4.5,1.1,0.001,0.432,0.425,0.058,0.058,0.003,0.687,0.017,0.064,0.469,0.072
05/10/2015 07:00,3.9,1.5,0.4,11.4,4.6,1,0.001,0.526,0.425,0.039,0.027,0.005,0.516,0.009,0.084,0.37,0.037
05/10/2015 08:00,3.7,1.7,0.4,10.2,4.6,0.9,0.002,0.626,0.446,0.014,0.005,0.011,0.338,0.005,0.101,0.265,0.018
05/10/2015 09:00,2.9,1.9,0.4,7.8,4.7,0.9,0.003,0.695,0.513,0.01,0.003,0.02,0.205,0.006,0.122,0.19,0.007
05/10/2015 10:00,1.7,1.9,0.3,5.4,4.9,1.1,0.006,0.654,0.567,0.004,0.008,0.024,0.119,0.011,0.144,0.152,0.002
05/10/2015 11:00,0.5,1.6,0.3,4.1,5.1,1.6,0.009,0.575,0.562,0.001,0.015,0.021,0.068,0.029,0.161,0.145,0
05/10/2015 12:00,0,1,0.4,4,6.7,2.2,0.01,0.583,0.491,0.001,0.015,0.011,0.04,0.109,0.173,0.155,0
05/10/2015 13:00,0,0.6,0.4,4.6,8.6,3.6,0.006,0.716,0.422,0.001,0.011,0.009,0.03,0.343,0.183,0.186,0
05/10/2015 14:00,0.2,0.4,0.3,5.6,9.5,4.4,0.002,0.718,0.454,0.001,0.011,0.015,0.035,0.471,0.196,0.251,0
05/10/2015 15:00,0.2,0.3,0.3,6.5,10.1,4.2,0.001,0.638,0.534,0.001,0.01,0.01,0.067,0.422,0.195,0.417,0
05/10/2015 16:00,0.1,0.3,0.4,7.6,10.3,3.6,0.001,0.541,0.568,0.001,0.01,0.002,0.139,0.34,0.189,0.634,0
05/10/2015 17:00,0.1,0.2,0.6,9.1,10.6,3.1,0.001,0.46,0.571,0.002,0.012,0,0.258,0.264,0.189,0.665,0
05/10/2015 18:00,0.1,0.3,0.8,10.1,10.8,2.8,0.001,0.404,0.56,0.003,0.014,0,0.375,0.219,0.195,0.552,0.001
05/10/2015 19:00,0.1,0.4,0.9,10.2,10.8,2.7,0,0.376,0.555,0.012,0.02,0,0.4,0.215,0.2,0.477,0.005
05/10/2015 20:00,0.2,0.7,1.1,9.5,10.5,2.9,0,0.374,0.538,0.027,0.031,0.003,0.371,0.238,0.2,0.436,0.01
05/10/2015 21:00,0.2,1.1,1.2,9.1,9.3,3.1,0,0.4,0.519,0.038,0.055,0.011,0.339,0.245,0.201,0.429,0.016
05/10/2015 22:00,0.4,1.6,1.3,10.8,7.8,3.6,0,0.394,0.501,0.051,0.087,0.017,0.357,0.254,0.202,0.442,0.019
05/10/2015 23:00,0.7,2.2,1.3,13.5,6.3,4.6,0,0.403,0.484,0.063,0.122,0.018,0.398,0.253,0.198,0.435,0.019
06/10/2015 00:00,1,2.8,1.2,16.1,5.1,5.9,0,0.406,0.481,0.078,0.149,0.018,0.434,0.295,0.201,0.395,0.017
06/10/2015 01:00,0.3,2.1,0.8,17.2,3.1,6.9,0,0.414,0.477,0.093,0.168,0.011,0.49,0.413,0.208,0.348,0.011
06/10/2015 02:00,0,0.8,0.8,11.5,2.7,4.9,0,0.36,0.472,0.101,0.199,0.005,0.547,0.545,0.218,0.385,0.004
06/10/2015 03:00,0.4,0.7,1.1,4.6,3.4,5.6,0,0.295,0.457,0.097,0.214,0.005,0.507,0.59,0.223,0.371,0.002
06/10/2015 04:00,2.1,1.1,0.8,8.7,4.1,7.5,0,0.256,0.44,0.089,0.252,0.009,0.414,0.586,0.224,0.513,0.004
06/10/2015 05:00,5.1,1.3,0.8,7.7,5.1,8.5,0,0.223,0.428,0.078,0.27,0.015,0.223,0.525,0.228,0.57,0.017
06/10/2015 06:00,6.3,1.4,0.8,5.6,6.6,8.2,0,0.199,0.425,0.065,0.192,0.016,0.086,0.454,0.228,0.479,0.046
06/10/2015 07:00,5.4,1.3,0.9,4,8.4,7.1,0,0.167,0.422,0.055,0.113,0.012,0.04,0.354,0.229,0.352,0.089
06/10/2015 08:00,4.7,1.3,0.9,2.6,10.3,5.9,0,0.135,0.413,0.033,0.16,0.007,0.024,0.295,0.226,0.245,0.144
06/10/2015 09:00,4.5,1.3,0.7,1.6,11.3,5.1,0.001,0.115,0.447,0.017,0.17,0.002,0.011,0.276,0.231,0.174,0.203
06/10/2015 10:00,3.1,1.3,0.4,0.8,11.5,4.9,0.001,0.112,0.52,0.013,0.137,0,0.002,0.27,0.229,0.139,0.272
06/10/2015 11:00,1,1.3,0.6,0.3,11.4,5.1,0.002,0.12,0.591,0.009,0.098,0.001,0,0.269,0.22,0.136,0.344
06/10/2015 12:00,0.2,1.3,0.6,0.3,10.2,5.7,0.004,0.133,0.63,0.004,0.065,0.002,0,0.249,0.204,0.16,0.415
06/10/2015 13:00,0,0.9,0.5,0.9,9.4,7.6,0.006,0.125,0.638,0.001,0.036,0.001,0.001,0.231,0.194,0.206,0.481
06/10/2015 14:00,0,0.8,0.5,1.9,8.8,8.2,0.008,0.107,0.63,0,0.016,0,0.002,0.195,0.204,0.305,0.531
06/10/2015 15:00,0,0.6,0.6,3.4,8.3,7.9,0.01,0.153,0.616,0,0.007,0,0.004,0.144,0.195,0.513,0.558
06/10/2015 16:00,0,0.6,0.9,4.6,8,7.3,0.012,0.188,0.601,0,0.006,0,0.003,0.089,0.171,0.707,0.566
06/10/2015 17:00,0.1,0.5,1.1,5.4,7.6,6.4,0.013,0.192,0.593,0,0.009,0.005,0.005,0.089,0.148,0.778,0.568
06/10/2015 18:00,0.1,0.6,1.4,5.7,7,5.8,0.014,0.2,0.609,0,0.02,0.022,0.028,0.133,0.13,0.795,0.566
06/10/2015 19:00,0.1,0.8,1.8,5.4,6.2,5.4,0.013,0.207,0.634,0.001,0.044,0.051,0.061,0.179,0.115,0.755,0.572
06/10/2015 20:00,0.1,1,2.3,4.9,5.5,5.5,0.013,0.218,0.679,0.013,0.067,0.083,0.078,0.193,0.106,0.724,0.58
06/10/2015 21:00,0.2,1.2,2.8,4.4,5,5.8,0.012,0.251,0.695,0.04,0.075,0.098,0.087,0.161,0.101,0.654,0.59
06/10/2015 22:00,0.2,1.3,3.1,4.6,4.6,6.3,0.009,0.241,0.71,0.058,0.079,0.071,0.091,0.126,0.096,0.544,0.602
06/10/2015 23:00,0.4,1.3,3.4,5.3,4.4,6.8,0.009,0.27,0.732,0.067,0.087,0.049,0.105,0.105,0.095,0.432,0.615
07/10/2015 00:00,0.6,1.3,3.4,6.5,4.2,7.1,0.009,0.341,0.775,0.06,0.1,0.051,0.12,0.097,0.105,0.309,0.618
07/10/2015 01:00,0.2,0.8,2,7.8,3.4,6.8,0.006,0.264,0.807,0.046,0.11,0.046,0.146,0.074,0.118,0.227,0.623
07/10/2015 02:00,0,0.3,1.9,7,3.1,3.9,0.003,0.213,0.826,0.035,0.112,0.045,0.165,0.029,0.128,0.201,0.633
07/10/2015 03:00,0.3,0.4,1.8,2.1,4.6,2.9,0.003,0.195,0.857,0.022,0.107,0.049,0.17,0.033,0.136,0.219,0.652
07/10/2015 04:00,1.6,0.5,1.3,1.3,6,4.8,0.002,0.195,0.889,0.011,0.108,0.041,0.162,0.022,0.149,0.407,0.684
07/10/2015 05:00,3.4,0.6,0.9,3,7.5,5.8,0.002,0.201,0.908,0.006,0.125,0.033,0.082,0.015,0.17,0.562,0.714
07/10/2015 06:00,4.9,0.6,0.7,2.1,9,5.8,0.001,0.202,0.916,0.003,0.125,0.019,0.027,0.011,0.197,0.496,0.737
07/10/2015 07:00,5.7,0.7,1,1.4,10,5.4,0.001,0.196,0.914,0.002,0.1,0.018,0.017,0.012,0.228,0.376,0.752
07/10/2015 08:00,5.8,0.8,1.4,0.9,10.5,5.1,0.001,0.181,0.903,0,0.171,0.032,0.016,0.012,0.259,0.257,0.758
07/10/2015 09:00,5.1,0.9,1.3,0.8,10.9,4.9,0.001,0.163,0.882,0,0.173,0.034,0.019,0.014,0.281,0.173,0.758
07/10/2015 10:00,3,1.1,0.9,0.7,11.1,5.2,0.001,0.145,0.863,0,0.153,0.034,0.027,0.024,0.302,0.138,0.753
07/10/2015 11:00,1.2,1.1,1.1,0.7,10.8,5.6,0.001,0.131,0.867,0,0.156,0.026,0.048,0.05,0.327,0.162,0.739
07/10/2015 12:00,0.7,1,1.6,0.9,9.5,6.1,0.001,0.058,0.879,0,0.155,0.012,0.074,0.093,0.364,0.253,0.722
07/10/2015 13:00,1,0.8,2.1,1.3,9.1,8,0,0.104,0.884,0,0.133,0.011,0.088,0.132,0.398,0.428,0.709
07/10/2015 14:00,1.5,0.6,2.5,1.6,8.4,8.9,0,0.106,0.878,0,0.109,0.016,0.071,0.129,0.43,0.624,0.704
07/10/2015 15:00,2.1,0.7,2.6,1.9,7.4,9,0,0.069,0.878,0,0.102,0.018,0.032,0.098,0.41,0.75,0.703
07/10/2015 16:00,2.5,0.9,2.6,2.1,6.3,8.4,0,0.036,0.887,0,0.113,0.02,0.011,0.063,0.317,0.763,0.712
07/10/2015 17:00,2.4,1.5,2.4,2.3,5.7,7.3,0,0.018,0.902,0,0.133,0.022,0.006,0.038,0.26,0.739,0.725
07/10/2015 18:00,1.6,2.4,2.2,2.4,5.9,6.1,0,0.011,0.914,0.001,0.182,0.022,0.004,0.026,0.248,0.731,0.73
07/10/2015 19:00,1.3,3.5,1.8,2.5,7,5.2,0,0.008,0.923,0.015,0.245,0.013,0.002,0.022,0.231,0.702,0.725
07/10/2015 20:00,0.7,4.6,1.6,2.7,8.4,4.9,0,0.009,0.927,0.066,0.309,0.004,0.002,0.021,0.179,0.671,0.713
07/10/2015 21:00,0.2,5,1.8,2.6,8,5.1,0,0.028,0.908,0.147,0.314,0.001,0.003,0.02,0.141,0.65,0.7
07/10/2015 22:00,0.2,4.9,2.3,3.3,6.6,5.7,0,0.085,0.842,0.233,0.312,0,0.001,0.018,0.135,0.613,0.683
07/10/2015 23:00,0.2,4.8,3.2,4.9,5.1,6.6,0,0.169,0.735,0.259,0.358,0,0,0.014,0.133,0.557,0.659
08/10/2015 00:00,0.2,4.8,4.1,7.9,3.9,7.3,0,0.182,0.645,0.199,0.431,0,0.006,0.008,0.11,0.497,0.63
08/10/2015 01:00,0,3.4,4,11.8,2.6,7.7,0,0.155,0.58,0.159,0.527,0.001,0.041,0.002,0.08,0.434,0.602
08/10/2015 02:00,0.1,1.9,4.3,12.4,1.6,4.9,0,0.086,0.525,0.171,0.574,0.001,0.101,0,0.062,0.341,0.58
08/10/2015 03:00,0.6,2.2,4,5.3,2.4,2.4,0,0.049,0.476,0.189,0.585,0.002,0.12,0,0.053,0.239,0.556
08/10/2015 04:00,1,2.5,3.4,5.9,4.3,3.3,0,0.05,0.462,0.212,0.524,0.006,0.069,0,0.055,0.302,0.525
08/10/2015 05:00,1.9,2.7,3,6.8,7,3.6,0,0.061,0.573,0.209,0.463,0.011,0.021,0,0.063,0.422,0.485
08/10/2015 06:00,3.3,2.8,2.1,4.2,9.9,3,0,0.073,0.743,0.181,0.458,0.006,0.004,0,0.06,0.454,0.432
08/10/2015 07:00,4.4,2.9,1.6,2.4,13.1,2.4,0,0.096,0.811,0.169,0.54,0.002,0.001,0,0.037,0.435,0.364
08/10/2015 08:00,4.5,2.8,1.3,1.4,16.5,2.1,0,0.11,0.765,0.133,0.593,0.001,0.001,0,0.013,0.405,0.295
08/10/2015 09:00,4.3,2.8,1.7,1.1,19.6,2.1,0,0.118,0.648,0.135,0.742,0.001,0.008,0,0.006,0.38,0.245
08/10/2015 10:00,3.4,2.6,2.8,0.9,20.9,2.6,0.002,0.139,0.55,0.207,0.788,0.003,0.018,0,0.008,0.378,0.208
08/10/2015 11:00,1.6,2.3,4,0.9,18.7,3.2,0.004,0.157,0.522,0.213,0.729,0.007,0.027,0.002,0.016,0.401,0.17
08/10/2015 12:00,1.2,2.1,5.1,1.1,14.7,4.6,0.005,0.105,0.574,0.182,0.637,0.013,0.03,0.02,0.023,0.473,0.132
08/10/2015 13:00,1.3,2.2,6.3,1.6,12.8,6.6,0.003,0.155,0.633,0.149,0.537,0.006,0.035,0.079,0.024,0.6,0.096
08/10/2015 14:00,1.4,2.4,7.5,2.4,11.3,7.1,0.001,0.249,0.664,0.124,0.436,0.016,0.047,0.143,0.016,0.72,0.071
08/10/2015 15:00,1.8,2.8,8.1,3.6,9.8,6.2,0.001,0.248,0.641,0.113,0.361,0.035,0.064,0.181,0.006,0.789,0.056
08/10/2015 16:00,2.5,3.3,8.3,4.9,9.2,5.3,0.001,0.21,0.586,0.101,0.347,0.046,0.089,0.175,0.002,0.788,0.046
08/10/2015 17:00,2.2,4.3,8,6.6,9.3,4.8,0.003,0.183,0.525,0.084,0.421,0.045,0.085,0.131,0.001,0.762,0.041
08/10/2015 18:00,1.4,5.3,8.2,8.3,9.9,4.6,0.009,0.169,0.452,0.072,0.466,0.038,0.053,0.082,0.001,0.724,0.041
08/10/2015 19:00,0.7,6.2,7.8,10,10.5,4.4,0.022,0.175,0.403,0.079,0.44,0.03,0.024,0.055,0.001,0.687,0.047
08/10/2015 20:00,0.5,7,6.9,11.6,11.1,4.3,0.04,0.199,0.376,0.085,0.395,0.026,0.019,0.048,0.001,0.642,0.056
08/10/2015 21:00,0.2,7.6,6.7,14.3,11,4.6,0.053,0.234,0.327,0.084,0.392,0.026,0.038,0.055,0.002,0.564,0.068
08/10/2015 22:00,0.1,8.1,7.5,19.5,11.2,5.2,0.054,0.252,0.275,0.073,0.407,0.023,0.084,0.07,0.003,0.457,0.08
08/10/2015 23:00,0,8.3,7.5,26,11.6,5.8,0.05,0.247,0.241,0.056,0.427,0.021,0.153,0.084,0.007,0.376,0.088
09/10/2015 00:00,0,8.1,6.9,31.2,11.7,6.2,0.043,0.232,0.223,0.035,0.454,0.031,0.229,0.095,0.011,0.34,0.089
09/10/2015 01:00,0.1,4.9,5.8,33.8,9.5,6.3,0.02,0.192,0.214,0.019,0.481,0.031,0.271,0.097,0.014,0.325,0.087
09/10/2015 02:00,0.7,2.3,6.1,26.7,7.7,3.9,0.003,0.159,0.207,0.014,0.506,0.032,0.282,0.059,0.02,0.337,0.087
09/10/2015 03:00,1.8,2.7,7.8,15.5,12,2.1,0,0.16,0.225,0.015,0.507,0.035,0.211,0.058,0.026,0.313,0.092
09/10/2015 04:00,3.4,3.8,10.8,20.3,15.6,2.2,0,0.214,0.268,0.013,0.485,0.036,0.09,0.143,0.029,0.426,0.099
09/10/2015 05:00,5.5,4.6,13.3,23,17.2,2.1,0,0.222,0.309,0.01,0.43,0.041,0.012,0.125,0.024,0.559,0.105
09/10/2015 06:00,7.5,5.4,14.7,23,18.1,1.8,0,0.214,0.34,0.019,0.41,0.038,0.001,0.084,0.018,0.609,0.112
09/10/2015 07:00,9.1,6.1,15.2,22.1,18.3,2,0.002,0.201,0.367,0.037,0.444,0.032,0.001,0.054,0.014,0.596,0.118
09/10/2015 08:00,10.6,6.7,14.4,19.7,18.2,2.8,0.005,0.194,0.384,0.042,0.395,0.026,0.001,0.037,0.012,0.592,0.122
09/10/2015 09:00,10.8,7.1,10.4,17.2,17.5,3.9,0.009,0.189,0.385,0.045,0.289,0.027,0.001,0.03,0.006,0.596,0.126
09/10/2015 10:00,7.4,7.1,7,14.5,16.2,5.2,0.017,0.174,0.362,0.044,0.297,0.029,0.001,0.03,0.002,0.609,0.131
09/10/2015 11:00,3.4,6.2,7.1,12.3,13.5,6.8,0.028,0.16,0.32,0.041,0.265,0.023,0.002,0.037,0.001,0.633,0.131
09/10/2015 12:00,3.6,5.8,7.2,12.5,9.6,10.3,0.043,0.175,0.285,0.035,0.219,0.014,0.003,0.077,0.001,0.666,0.13
09/10/2015 13:00,4.3,5.6,6.8,17,8.2,14.8,0.047,0.169,0.268,0.022,0.174,0.015,0.006,0.143,0,0.72,0.132
09/10/2015 14:00,4.7,5.9,6.6,24.6,7.6,15.7,0.037,0.13,0.261,0.008,0.135,0.023,0.041,0.179,0,0.793,0.139
09/10/2015 15:00,4.6,6.4,5.6,32.2,7.3,14.2,0.018,0.086,0.254,0.001,0.101,0.035,0.218,0.192,0.001,0.846,0.148
09/10/2015 16:00,4,7.5,4.2,38.5,7.6,12.1,0.003,0.065,0.264,0,0.076,0.042,0.337,0.187,0.002,0.85,0.158
09/10/2015 17:00,3.2,8.8,3.7,42.8,8.6,10.3,0,0.053,0.286,0,0.06,0.041,0.231,0.156,0.006,0.815,0.169
09/10/2015 18:00,2.1,9.8,3.3,44.8,9.8,9,0,0.037,0.3,0.001,0.055,0.034,0.048,0.107,0.006,0.752,0.179
09/10/2015 19:00,1.4,10.3,3.8,45,10.6,8.1,0,0.025,0.3,0.001,0.051,0.026,0.001,0.058,0.004,0.691,0.188
09/10/2015 20:00,1.1,10,3.8,43.5,10.9,7.9,0,0.019,0.291,0.003,0.056,0.022,0.014,0.02,0.003,0.633,0.2
09/10/2015 21:00,0.6,9.3,3.6,41.8,10.2,7.6,0,0.016,0.261,0.004,0.078,0.017,0.045,0.005,0.003,0.54,0.212
09/10/2015 22:00,0.2,8.6,3.3,40.3,9.4,7.3,0.001,0.017,0.228,0.005,0.113,0.009,0.065,0.002,0.002,0.425,0.22
09/10/2015 23:00,0,8.1,2.8,38.3,8.8,7.2,0.005,0.037,0.206,0.007,0.158,0.012,0.084,0.002,0.001,0.332,0.223
10/10/2015 00:00,0,7.6,1.7,36.1,8.3,7,0.01,0.091,0.194,0.013,0.201,0.031,0.112,0.003,0.001,0.278,0.227
10/10/2015 01:00,0.1,5.1,0.6,34,6.4,6.3,0.005,0.164,0.191,0.024,0.22,0.049,0.134,0.002,0.001,0.273,0.236
10/10/2015 02:00,0.6,2,1,26.5,8.2,3.7,0.006,0.207,0.191,0.038,0.216,0.054,0.157,0.001,0,0.27,0.249
10/10/2015 03:00,2.1,1.4,1.5,24.5,13.8,3.1,0.006,0.241,0.201,0.058,0.201,0.054,0.159,0,0,0.234,0.259
10/10/2015 04:00,4.3,1.7,1.6,27.7,15.2,3.6,0.006,0.272,0.217,0.08,0.194,0.058,0.127,0.013,0,0.29,0.264
10/10/2015 05:00,7.6,2.3,1.6,32.8,15.2,5.1,0.006,0.253,0.235,0.096,0.196,0.066,0.055,0.014,0,0.345,0.268
10/10/2015 06:00,11.1,3,1.9,34.9,15.2,6.8,0.005,0.214,0.261,0.1,0.182,0.069,0.011,0.009,0.001,0.391,0.279
10/10/2015 07:00,15.2,3.5,2.3,34.1,15.3,8.2,0.005,0.181,0.282,0.077,0.113,0.058,0.001,0.005,0.001,0.432,0.302
10/10/2015 08:00,18.7,3.5,2.2,32.1,15.5,9.5,0.005,0.154,0.291,0.028,0.193,0.035,0,0.004,0,0.467,0.332
10/10/2015 09:00,18.1,3.6,1.7,29.2,16,10.7,0.01,0.143,0.287,0.01,0.186,0.012,0,0.004,0,0.486,0.367
10/10/2015 10:00,12.1,3.6,1.3,25.6,16.3,11.8,0.02,0.152,0.283,0,0.136,0.008,0,0.008,0,0.51,0.402
10/10/2015 11:00,3.9,2.6,1.6,22.3,14,12.3,0.039,0.157,0.286,0,0.1,0.011,0,0.025,0,0.553,0.422
10/10/2015 12:00,2.4,1.6,3,20.4,10.6,12.9,0.067,0.206,0.293,0,0.077,0.013,0,0.077,0,0.609,0.422
10/10/2015 13:00,1.8,1.3,4.4,24.3,10,14.9,0.093,0.309,0.289,0,0.058,0.007,0.002,0.147,0,0.656,0.415
10/10/2015 14:00,1.1,1.5,5.8,30.9,9.5,15,0.12,0.278,0.279,0,0.041,0.012,0.004,0.18,0.001,0.697,0.402
10/10/2015 15:00,0.8,2.2,6.3,38.4,9,13.4,0.123,0.211,0.282,0,0.034,0.038,0.005,0.178,0.001,0.716,0.37
10/10/2015 16:00,1.1,3.4,6,44.6,8.5,11.5,0.101,0.155,0.297,0,0.04,0.063,0.004,0.153,0.001,0.682,0.337
10/10/2015 17:00,1.4,4.7,5.2,46.9,7.9,10.2,0.078,0.121,0.311,0,0.049,0.093,0.002,0.117,0.001,0.649,0.313
10/10/2015 18:00,1.2,5.6,4.7,46.3,7.1,9.4,0.056,0.101,0.311,0.001,0.084,0.11,0.001,0.07,0.002,0.574,0.301
10/10/2015 19:00,0.7,5.8,4.3,43.6,7,8.8,0.037,0.093,0.304,0.005,0.107,0.108,0.001,0.028,0.003,0.519,0.299
10/10/2015 20:00,0.5,5.1,4.8,40.2,7.1,8.2,0.025,0.082,0.289,0.017,0.167,0.082,0.001,0.004,0.007,0.467,0.301
10/10/2015 21:00,0.3,4.4,5.6,37.1,7.2,7.3,0.021,0.076,0.254,0.039,0.264,0.057,0.001,0,0.011,0.41,0.317
10/10/2015 22:00,0.2,3.8,5.7,34.6,6.7,6,0.022,0.084,0.215,0.063,0.249,0.031,0.002,0,0.016,0.355,0.323
10/10/2015 23:00,0.2,3.7,5.2,32.2,5.3,4.9,0.025,0.141,0.181,0.087,0.278,0.023,0.005,0,0.019,0.305,0.31
11/10/2015 00:00,0.3,3.8,4.7,30.1,4,4,0.023,0.243,0.152,0.106,0.334,0.019,0.016,0,0.016,0.274,0.3
11/10/2015 01:00,0.2,2.6,3.4,27.7,2.6,3.3,0.007,0.325,0.13,0.118,0.284,0.013,0.037,0,0.013,0.261,0.301
11/10/2015 02:00,0.7,0.9,2.8,21.4,2.8,2.1,0.004,0.332,0.119,0.126,0.237,0.008,0.046,0,0.01,0.266,0.316
11/10/2015 03:00,1.6,0.8,2.8,22.3,3.4,1.9,0.005,0.3,0.12,0.137,0.243,0.008,0.071,0,0.005,0.259,0.343
11/10/2015 04:00,2.6,1,2.9,23.7,2.8,2.1,0.004,0.254,0.123,0.155,0.272,0.009,0.102,0,0.002,0.309,0.374
11/10/2015 05:00,4,1.1,3.1,27.2,2.4,2.8,0.003,0.201,0.135,0.174,0.278,0.008,0.097,0,0.001,0.336,0.399
11/10/2015 06:00,5.5,1.1,3.3,29.3,2.3,3.3,0.001,0.148,0.155,0.184,0.266,0.005,0.068,0,0.001,0.391,0.42
11/10/2015 07:00,6.7,1,3.2,28.2,2.5,3.4,0,0.101,0.176,0.17,0.207,0.001,0.037,0,0.001,0.388,0.441
11/10/2015 08:00,6.8,1.1,2.7,25,3,3.3,0,0.073,0.194,0.084,0.213,0,0.022,0,0,0.358,0.46
11/10/2015 09:00,5.4,1.2,2.2,21,3.4,3.1,0,0.049,0.224,0.134,0.365,0,0.017,0,0,0.327,0.479
11/10/2015 10:00,3.5,1.4,2.1,16.5,3.7,3.1,0,0.037,0.25,0.112,0.374,0,0.015,0,0,0.314,0.484
11/10/2015 11:00,1.2,1.6,2.1,12.7,4.2,3.3,0,0.051,0.264,0.061,0.328,0.001,0.013,0,0,0.328,0.478
11/10/2015 12:00,0.6,2.6,3.3,11,4.9,4.9,0,0.035,0.271,0.031,0.27,0.002,0.01,0,0.001,0.365,0.469
11/10/2015 13:00,0.2,4.2,4.9,12.1,5.3,8.3,0,0.006,0.274,0.016,0.205,0.003,0.007,0.003,0.006,0.422,0.464
11/10/2015 14:00,0.2,5.7,6.3,15.5,4.6,10,0.001,0.012,0.283,0.008,0.143,0.028,0.005,0.016,0.017,0.491,0.457
11/10/2015 15:00,0.2,6.3,6.4,19.8,3.9,9.7,0.002,0.002,0.29,0.006,0.094,0.072,0.001,0.035,0.028,0.563,0.452
11/10/2015 16:00,0.2,5.8,5.8,24.2,3.4,8.1,0.002,0,0.304,0.006,0.077,0.1,0,0.041,0.032,0.672,0.444
11/10/2015 17:00,0.2,5.1,5.5,27.8,3.1,6,0.002,0,0.323,0.007,0.08,0.127,0,0.024,0.035,0.71,0.402
11/10/2015 18:00,0.2,4.6,5.9,30,2.7,4.2,0.001,0,0.33,0.008,0.112,0.16,0.002,0.004,0.038,0.67,0.332
11/10/2015 19:00,0.2,3.7,6.4,30.3,2.3,2.9,0,0,0.332,0.02,0.147,0.177,0.016,0,0.048,0.59,0.258
11/10/2015 20:00,0.2,2.8,8,28.5,2,2.1,0,0,0.338,0.057,0.156,0.163,0.036,0,0.074,0.549,0.191
11/10/2015 21:00,0.3,2.2,9,27.6,1.9,1.4,0,0,0.323,0.1,0.154,0.104,0.054,0,0.078,0.527,0.151
11/10/2015 22:00,0.2,1.9,9.4,27.3,2.1,1,0.001,0,0.297,0.122,0.148,0.045,0.076,0,0.058,0.459,0.123
11/10/2015 23:00,0.2,1.9,9.3,26.1,2,0.9,0.003,0,0.269,0.136,0.149,0.03,0.112,0,0.041,0.386,0.096
12/10/2015 00:00,0.2,2.3,9.1,24.2,1.8,1,0.007,0,0.236,0.157,0.183,0.04,0.169,0,0.027,0.317,0.071
12/10/2015 01:00,0.2,2.4,6.1,22,1.4,1.3,0.005,0.004,0.204,0.194,0.236,0.045,0.222,0,0.015,0.27,0.069
12/10/2015 02:00,0.5,2.1,5.3,14.2,1.2,0.9,0.003,0.03,0.175,0.237,0.28,0.034,0.248,0,0.009,0.241,0.103
12/10/2015 03:00,0.6,2.5,4.8,8,1.8,0.8,0.003,0.095,0.179,0.27,0.295,0.012,0.179,0,0.008,0.209,0.167
12/10/2015 04:00,1.1,2.7,3.4,9.9,2.9,1.3,0.003,0.177,0.204,0.291,0.254,0.002,0.082,0.001,0.011,0.358,0.241
12/10/2015 05:00,1.1,2.2,2.3,13.6,4.4,1.4,0.005,0.24,0.227,0.302,0.204,0,0.019,0.001,0.015,0.451,0.309
12/10/2015 06:00,0.7,1.3,1.8,14.3,4.6,0.8,0.005,0.286,0.261,0.306,0.177,0,0.005,0,0.023,0.409,0.355
12/10/2015 07:00,0.5,0.6,1.5,13.4,3.9,0.3,0.004,0.302,0.306,0.297,0.108,0,0.002,0,0.036,0.334,0.395
12/10/2015 08:00,1.3,0.5,1.4,11.7,3,0.1,0.003,0.29,0.357,0.164,0.22,0,0.001,0,0.051,0.263,0.439
12/10/2015 09:00,2.1,0.7,1.1,9.5,2.2,0.1,0.002,0.241,0.395,0.188,0.27,0,0.001,0,0.08,0.207,0.483
12/10/2015 10:00,1.2,1.1,1.1,7.6,1.9,0.1,0.001,0.205,0.423,0.192,0.213,0.001,0.001,0,0.127,0.176,0.523
12/10/2015 11:00,0.3,1.3,1.1,6.1,1.9,0.1,0.001,0.18,0.442,0.167,0.15,0.005,0.001,0,0.191,0.171,0.56
12/10/2015 12:00,0.2,1.3,2.3,5.6,2.4,0.4,0.001,0.07,0.457,0.135,0.101,0.008,0.002,0.006,0.254,0.199,0.597
12/10/2015 13:00,0.2,1.1,4.3,5.8,3,0.8,0.001,0.038,0.476,0.101,0.078,0,0.004,0.024,0.282,0.261,0.615
12/10/2015 14:00,0.2,0.8,5.9,6.7,3.4,1.1,0.001,0.185,0.505,0.067,0.058,0.001,0.033,0.034,0.272,0.367,0.619
12/10/2015 15:00,0.4,0.6,6.8,8.3,3.8,1.1,0.001,0.131,0.551,0.032,0.043,0.011,0.138,0.032,0.246,0.525,0.61
12/10/2015 16:00,0.7,0.4,7.5,10.5,3.8,1.1,0.002,0.077,0.605,0.011,0.05,0.03,0.148,0.021,0.221,0.678,0.59
12/10/2015 17:00,0.9,0.4,8,13.2,3.6,1.2,0.004,0.059,0.652,0.003,0.059,0.045,0.075,0.009,0.205,0.66,0.562
12/10/2015 18:00,1.1,0.5,8.2,15.9,3.3,1.3,0.009,0.061,0.68,0,0.077,0.051,0.028,0.002,0.192,0.642,0.521
12/10/2015 19:00,1.1,0.7,7.7,18,3.1,1.3,0.018,0.059,0.693,0.001,0.104,0.05,0.009,0,0.185,0.644,0.479
12/10/2015 20:00,1.4,0.9,7.3,19.3,2.9,1.3,0.029,0.047,0.678,0.011,0.136,0.044,0.004,0,0.179,0.663,0.432
12/10/2015 21:00,1.5,1.3,7.5,21.1,2.6,1.2,0.046,0.039,0.631,0.036,0.167,0.038,0.003,0,0.183,0.756,0.4
12/10/2015 22:00,1.7,1.6,8.1,23.5,2.3,1.1,0.068,0.051,0.574,0.065,0.183,0.025,0.005,0.001,0.204,0.732,0.38
12/10/2015 23:00,1.7,1.9,8.1,25.4,1.9,1.2,0.085,0.121,0.522,0.086,0.173,0.032,0.011,0.008,0.238,0.578,0.368
13/10/2015 00:00,1.3,2.2,7.5,26.6,1.8,1.4,0.091,0.251,0.467,0.094,0.163,0.045,0.028,0.017,0.289,0.426,0.362
13/10/2015 01:00,0.8,2,3.9,26.8,1.3,1.7,0.05,0.362,0.413,0.093,0.144,0.06,0.063,0.017,0.348,0.331,0.352
13/10/2015 02:00,0.9,1.1,3,19.7,0.5,1.1,0.017,0.43,0.363,0.089,0.119,0.063,0.132,0.008,0.398,0.253,0.337
13/10/2015 03:00,1.6,1,2.8,8.9,0.8,0.8,0.031,0.476,0.374,0.084,0.099,0.052,0.129,0,0.412,0.223,0.317
13/10/2015 04:00,2.7,1.1,2.5,14,1.3,1.5,0.023,0.46,0.426,0.065,0.077,0.03,0.028,0,0.385,0.349,0.294
13/10/2015 05:00,3.3,1.3,2.6,16.4,1.7,1.6,0.014,0.414,0.464,0.029,0.059,0.019,0.002,0,0.344,0.415,0.282
13/10/2015 06:00,3.1,1.7,2.4,13.9,1.6,1.2,0.007,0.375,0.492,0.007,0.042,0.008,0.003,0,0.305,0.416,0.284
13/10/2015 07:00,3.1,2.2,1.9,12,1.4,0.7,0.004,0.362,0.515,0,0.019,0.01,0.005,0,0.283,0.387,0.296
13/10/2015 08:00,2.5,2.6,1.6,10.9,1.3,0.4,0.005,0.308,0.547,0,0.051,0.048,0.005,0,0.278,0.338,0.314
13/10/2015 09:00,2,3.1,1.3,10.5,1.1,0.3,0.011,0.187,0.557,0,0.045,0.096,0.003,0,0.28,0.292,0.334
13/10/2015 10:00,1.6,3.1,1.3,10,1.1,0.3,0.024,0.112,0.549,0.002,0.025,0.105,0.002,0,0.3,0.266,0.352
13/10/2015 11:00,2.4,3.4,1.4,9.3,1.4,0.4,0.052,0.097,0.529,0.002,0.017,0.12,0.002,0.001,0.32,0.277,0.36
13/10/2015 12:00,3.1,2.9,2.3,8.8,2.1,0.9,0.096,0.046,0.49,0.001,0.013,0.111,0.002,0.011,0.32,0.323,0.347
13/10/2015 13:00,3.9,2.8,3.8,8.9,3.1,2.1,0.131,0.142,0.43,0.001,0.012,0.102,0.005,0.041,0.3,0.405,0.332
13/10/2015 14:00,4.8,3.1,5.4,9.7,3.6,3.4,0.152,0.225,0.364,0.001,0.014,0.122,0.021,0.066,0.281,0.525,0.328
13/10/2015 15:00,4.4,2.8,5.8,11.2,3.9,3.9,0.158,0.217,0.321,0.008,0.014,0.145,0.048,0.071,0.256,0.647,0.323
13/10/2015 16:00,3.6,1.9,6,13.5,4.1,4,0.162,0.178,0.292,0.025,0.011,0.18,0.087,0.057,0.227,0.711,0.319
13/10/2015 17:00,3,1.4,5.7,16.4,4.2,3.8,0.177,0.193,0.256,0.046,0.012,0.209,0.086,0.027,0.197,0.664,0.31
13/10/2015 18:00,2.8,1.7,5.1,19,4.2,3.4,0.201,0.257,0.22,0.064,0.01,0.213,0.046,0.004,0.176,0.63,0.289
13/10/2015 19:00,3,2.4,4.5,20.5,4.2,3,0.228,0.282,0.195,0.086,0.007,0.195,0.024,0,0.161,0.626,0.264
13/10/2015 20:00,3.1,2.9,4.4,20.4,4.2,2.8,0.247,0.216,0.192,0.1,0.004,0.169,0.029,0,0.146,0.648,0.238
13/10/2015 21:00,2.9,2.6,4.5,20,4,2.7,0.231,0.149,0.192,0.101,0.004,0.111,0.042,0.009,0.14,0.631,0.227
13/10/2015 22:00,2.1,2.1,3.9,20.1,3.5,2.8,0.192,0.159,0.188,0.088,0.009,0.054,0.061,0.039,0.148,0.66,0.233
13/10/2015 23:00,1.3,1.8,3,19.7,3.1,3.2,0.153,0.164,0.194,0.088,0.018,0.026,0.083,0.079,0.16,0.555,0.243
14/10/2015 00:00,1.4,1.9,3.1,18.3,2.8,3.9,0.112,0.157,0.2,0.078,0.033,0.011,0.095,0.107,0.181,0.461,0.253
14/10/2015 01:00,1.2,1.4,2,16.5,2.3,4.5,0.045,0.079,0.19,0.069,0.053,0.004,0.102,0.116,0.199,0.394,0.278
14/10/2015 02:00,1.6,0.9,2.8,11.6,0.9,2.8,0.013,0.052,0.179,0.076,0.073,0.003,0.127,0.086,0.209,0.358,0.32
14/10/2015 03:00,1.3,1.2,2,5.2,1.1,1.4,0.033,0.082,0.17,0.098,0.089,0.008,0.125,0.018,0.214,0.307,0.376
14/10/2015 04:00,1.7,1.6,1.2,8.5,3.8,2.4,0.023,0.135,0.162,0.124,0.1,0.02,0.071,0.003,0.234,0.422,0.438
14/10/2015 05:00,2.5,1.6,0.9,10.9,4.7,3.2,0.01,0.12,0.155,0.17,0.114,0.023,0.047,0.001,0.27,0.538,0.472
14/10/2015 06:00,2.9,1.5,0.8,10.1,4.8,3.1,0.004,0.118,0.152,0.23,0.108,0.024,0.052,0,0.302,0.488,0.484
14/10/2015 07:00,3.2,1.7,0.6,8.3,4.5,2.4,0.001,0.152,0.155,0.3,0.057,0.014,0.069,0,0.356,0.399,0.502
14/10/2015 08:00,3.4,1.8,0.6,6.4,4.1,1.8,0.001,0.119,0.174,0.294,0.073,0.01,0.083,0,0.392,0.311,0.535
14/10/2015 09:00,3,1.4,0.8,4.8,3.8,1.4,0.001,0.112,0.2,0.452,0.074,0.008,0.082,0,0.425,0.245,0.575
14/10/2015 10:00,1.8,1.1,1.1,3.3,3.8,1.4,0.004,0.118,0.216,0.511,0.037,0.006,0.071,0,0.454,0.202,0.615
14/10/2015 11:00,0.8,1.4,1.9,2.1,4.2,1.9,0.017,0.107,0.218,0.46,0.008,0.004,0.062,0.002,0.461,0.186,0.641
14/10/2015 12:00,0.7,2.8,2.6,1.4,4.9,3.3,0.044,0.062,0.204,0.378,0.001,0.002,0.064,0.024,0.449,0.192,0.644
14/10/2015 13:00,0.7,3.8,2.9,1.2,5.8,6,0.062,0.012,0.185,0.299,0,0,0.096,0.087,0.414,0.227,0.621
14/10/2015 14:00,0.6,3.9,3.1,1.6,6.4,7.9,0.089,0.006,0.169,0.22,0,0.001,0.277,0.149,0.365,0.295,0.581
14/10/2015 15:00,0.3,3.8,3,3,6.7,8.3,0.124,0.002,0.164,0.161,0,0.002,0.59,0.176,0.334,0.421,0.532
14/10/2015 16:00,0.2,3.7,2.8,5.6,6.6,7.8,0.145,0.001,0.172,0.111,0,0.007,0.636,0.153,0.32,0.596,0.488
14/10/2015 17:00,0.1,3.6,2.3,8.3,5.9,7.1,0.145,0.007,0.185,0.072,0,0.013,0.548,0.101,0.303,0.666,0.46
14/10/2015 18:00,0.1,3.3,1.9,10.1,5.3,6.4,0.134,0.024,0.195,0.062,0,0.018,0.433,0.053,0.286,0.596,0.449
14/10/2015 19:00,0.1,2.7,1.9,10.9,4.7,6,0.134,0.037,0.205,0.05,0,0.015,0.361,0.024,0.269,0.55,0.442
14/10/2015 20:00,0.1,2.1,1.9,10.5,4.3,6.1,0.144,0.041,0.22,0.045,0,0.01,0.334,0.012,0.248,0.513,0.427
14/10/2015 21:00,0.1,1.6,2.2,9.2,3.6,6.4,0.148,0.044,0.225,0.037,0,0.007,0.323,0.011,0.219,0.44,0.404
14/10/2015 22:00,0.1,1.1,2.8,7.9,2.9,7.1,0.155,0.059,0.227,0.035,0,0.01,0.311,0.014,0.19,0.359,0.388
14/10/2015 23:00,0.1,0.8,3.2,6.6,2.4,8.4,0.135,0.054,0.235,0.039,0.001,0.03,0.298,0.015,0.168,0.282,0.383
15/10/2015 00:00,0.1,0.7,3.1,5.6,2.2,9.9,0.067,0.027,0.239,0.047,0.007,0.069,0.308,0.013,0.153,0.223,0.382
15/10/2015 01:00,0,0.4,1.8,4.8,1.9,10.9,0.009,0.021,0.225,0.046,0.025,0.095,0.339,0.011,0.14,0.194,0.381
15/10/2015 02:00,0.1,0.3,1.1,2.8,0.7,7.5,0.001,0.017,0.206,0.036,0.055,0.103,0.374,0.008,0.126,0.181,0.388
15/10/2015 03:00,0.9,0.3,0.9,0.8,0.5,5.4,0,0.009,0.211,0.03,0.089,0.095,0.309,0.005,0.13,0.161,0.395
15/10/2015 04:00,1.7,0.3,0.8,0.4,1.4,5.9,0,0.013,0.222,0.035,0.126,0.109,0.167,0.006,0.142,0.28,0.388
15/10/2015 05:00,2.6,0.3,0.6,0.3,2.1,6.1,0,0.03,0.222,0.045,0.166,0.11,0.041,0.007,0.146,0.338,0.375
15/10/2015 06:00,3.8,0.3,0.6,0.3,2.2,5.4,0,0.063,0.222,0.055,0.178,0.108,0.018,0.004,0.144,0.256,0.358
15/10/2015 07:00,5,0.2,0.6,0.2,2,4.5,0,0.113,0.22,0.054,0.074,0.096,0.025,0.003,0.146,0.186,0.337
15/10/2015 08:00,6,0.3,0.6,0.2,1.7,3.8,0,0.178,0.232,0.028,0.046,0.087,0.027,0.003,0.162,0.139,0.315
15/10/2015 09:00,5.9,0.3,0.6,0.1,1.5,3.4,0,0.234,0.259,0.029,0.015,0.08,0.023,0.005,0.18,0.112,0.302
15/10/2015 10:00,4.1,0.5,0.8,0.1,1.6,3.4,0,0.252,0.286,0.034,0.003,0.071,0.017,0.007,0.204,0.108,0.291
15/10/2015 11:00,1.3,0.7,1.3,0.2,1.9,3.5,0,0.218,0.302,0.023,0,0.062,0.011,0.011,0.244,0.13,0.267
15/10/2015 12:00,1,1,1.8,0.5,2.5,4.3,0,0.131,0.317,0.012,0,0.035,0.008,0.024,0.298,0.181,0.227
15/10/2015 13:00,1.1,1.3,1.8,1.2,3.2,6.6,0.001,0.02,0.332,0.005,0,0.031,0.011,0.034,0.379,0.27,0.183
15/10/2015 14:00,1.1,1.5,1.6,2.3,3.6,8.1,0.002,0.004,0.334,0.001,0,0.076,0.034,0.031,0.472,0.413,0.146
15/10/2015 15:00,1.2,1.6,1.4,3.7,3.9,8.5,0.004,0.019,0.315,0,0.001,0.117,0.079,0.019,0.546,0.606,0.131
15/10/2015 16:00,1.3,1.8,1.3,5.1,4,8.3,0.006,0.034,0.285,0,0.003,0.13,0.076,0.006,0.563,0.705,0.142
15/10/2015 17:00,1.2,1.8,1.3,6.2,3.9,7.8,0.01,0.045,0.257,0,0.013,0.12,0.033,0,0.545,0.695,0.185
15/10/2015 18:00,0.9,1.7,1.3,6.9,3.8,7.5,0.01,0.054,0.229,0,0.042,0.096,0.014,0,0.526,0.667,0.255
15/10/2015 19:00,0.8,1.5,1.1,7.5,3.6,7.3,0.003,0.047,0.207,0,0.088,0.067,0.013,0.005,0.515,0.655,0.332
15/10/2015 20:00,0.7,1.3,1,7.6,3.5,7.5,0,0.036,0.201,0,0.135,0.04,0.031,0.045,0.494,0.652,0.382
15/10/2015 21:00,0.5,1,0.9,7.1,3.4,7.9,0.001,0.049,0.213,0.002,0.162,0.02,0.072,0.111,0.466,0.644,0.4
15/10/2015 22:00,0.4,0.8,0.8,6.6,3,8.6,0.007,0.067,0.223,0.007,0.175,0.014,0.117,0.155,0.433,0.618,0.387
15/10/2015 23:00,0.3,0.6,0.9,5.9,2.6,9.8,0.019,0.097,0.2,0.01,0.184,0.029,0.132,0.161,0.401,0.529,0.367
16/10/2015 00:00,0.3,0.6,1.1,5.3,2.3,11,0.025,0.137,0.153,0.011,0.184,0.059,0.133,0.139,0.387,0.37,0.367
16/10/2015 01:00,0.6,0.3,0.5,4.6,1.8,11.5,0.009,0.105,0.101,0.019,0.179,0.061,0.124,0.11,0.377,0.265,0.395
16/10/2015 02:00,2.5,0.1,0.2,2.8,0.6,7.8,0.001,0.077,0.054,0.045,0.183,0.064,0.111,0.076,0.359,0.199,0.439
16/10/2015 03:00,4.8,0.1,0.2,0.8,0.6,6.1,0,0.062,0.017,0.071,0.189,0.066,0.064,0.018,0.352,0.154,0.475
16/10/2015 04:00,7.6,0.1,0.3,0.4,1.3,7.8,0,0.044,0.003,0.077,0.196,0.059,0.004,0.001,0.359,0.27,0.503
16/10/2015 05:00,10.6,0.4,0.4,0.3,1.8,7.3,0.001,0.031,0.003,0.067,0.195,0.056,0,0.001,0.371,0.357,0.551
16/10/2015 06:00,13.2,0.6,0.5,0.3,2,5,0.001,0.023,0.017,0.048,0.186,0.049,0,0.001,0.391,0.322,0.615
16/10/2015 07:00,15.4,0.9,0.6,0.2,1.9,3.2,0.002,0.048,0.053,0.03,0.127,0.04,0,0.001,0.431,0.238,0.675
16/10/2015 08:00,16.8,1.1,0.9,0.3,1.8,2.3,0.001,0.094,0.108,0.006,0.167,0.028,0,0.003,0.471,0.162,0.71
16/10/2015 09:00,14.9,1.4,1,0.3,1.7,2.1,0.001,0.184,0.167,0.002,0.115,0.028,0,0.003,0.501,0.111,0.718
16/10/2015 10:00,9.4,1.8,0.9,0.4,2,2.4,0.001,0.316,0.214,0.001,0.046,0.026,0,0.002,0.523,0.092,0.682
16/10/2015 11:00,3.1,2,1.3,0.6,2.8,3.2,0,0.444,0.241,0,0.01,0.024,0,0.001,0.511,0.107,0.601
16/10/2015 12:00,1.7,2.6,1.4,1.2,4,4.5,0,0.379,0.253,0,0.002,0.018,0,0.002,0.466,0.153,0.525
16/10/2015 13:00,1.3,3.1,1.3,2,5.6,7,0,0.672,0.256,0,0.001,0.029,0.001,0.003,0.418,0.24,0.522
16/10/2015 14:00,1,2.8,1,2.8,6.6,9,0,0.881,0.258,0,0.004,0.074,0.009,0.004,0.384,0.386,0.599
16/10/2015 15:00,0.8,2.1,0.8,3.1,7.3,10,0,0.885,0.272,0,0.01,0.11,0.064,0.006,0.352,0.598,0.674
16/10/2015 16:00,0.6,1.4,0.7,3.2,7.3,10.3,0.001,0.782,0.289,0,0.018,0.122,0.16,0.007,0.325,0.727,0.713
16/10/2015 17:00,0.5,0.8,0.8,3.3,6.6,10.2,0.003,0.722,0.308,0,0.039,0.112,0.257,0.003,0.299,0.746,0.728
16/10/2015 18:00,0.3,0.5,0.8,3.3,5.8,9.8,0.004,0.711,0.317,0,0.079,0.094,0.266,0.001,0.272,0.752,0.722
16/10/2015 19:00,0.2,0.3,0.9,3.5,5.3,9.4,0.007,0.726,0.307,0.013,0.125,0.076,0.21,0,0.27,0.717,0.692
16/10/2015 20:00,0.2,0.3,1.2,3.7,4.9,9.3,0.011,0.752,0.265,0.065,0.153,0.064,0.16,0,0.284,0.663,0.643
16/10/2015 21:00,0.2,0.4,1.4,3.6,4.6,9.1,0.015,0.668,0.201,0.138,0.137,0.054,0.177,0,0.282,0.586,0.604
16/10/2015 22:00,0.2,0.7,1.5,3.3,4,9.2,0.017,0.528,0.146,0.216,0.127,0.049,0.156,0,0.261,0.472,0.594
16/10/2015 23:00,0.2,1.2,1.5,2.9,3.4,9.8,0.013,0.586,0.121,0.266,0.145,0.061,0.134,0,0.243,0.382,0.602
17/10/2015 00:00,0.2,1.8,1.5,2.7,2.8,10.6,0.008,0.57,0.112,0.281,0.179,0.093,0.132,0,0.266,0.297,0.615
17/10/2015 01:00,0.2,1.4,0.4,2.8,1.9,11.1,0.003,0.489,0.106,0.271,0.191,0.084,0.145,0,0.31,0.218,0.624
17/10/2015 02:00,0.6,0.4,0.1,2.6,0.8,7.6,0.006,0.353,0.095,0.25,0.156,0.07,0.119,0,0.334,0.189,0.643
17/10/2015 03:00,0.8,0.4,0.2,1.1,1.2,5.6,0.014,0.264,0.095,0.223,0.108,0.063,0.074,0,0.328,0.177,0.661
17/10/2015 04:00,1.2,0.9,0.3,0.4,2.4,5.4,0.011,0.235,0.111,0.201,0.077,0.058,0.127,0,0.311,0.328,0.668
17/10/2015 05:00,2,1.4,0.6,0.9,3.5,4.1,0.006,0.242,0.133,0.186,0.076,0.058,0.182,0.002,0.3,0.448,0.665
17/10/2015 06:00,3,1.9,0.9,0.9,4.1,2.6,0.002,0.274,0.164,0.176,0.087,0.051,0.176,0.001,0.285,0.425,0.652
17/10/2015 07:00,3.9,2.4,1.3,0.7,4.3,1.6,0,0.272,0.201,0.153,0.06,0.045,0.123,0,0.283,0.376,0.625
17/10/2015 08:00,4.4,2.7,1.5,0.5,4.2,1,0,0.253,0.24,0.081,0.112,0.041,0.074,0,0.3,0.341,0.585
17/10/2015 09:00,3.9,2.8,1.4,0.5,4.3,0.8,0,0.214,0.261,0.09,0.089,0.035,0.054,0,0.325,0.323,0.555
17/10/2015 10:00,2.7,2.8,1.4,0.6,4.9,0.9,0,0.185,0.248,0.07,0.045,0.031,0.051,0,0.362,0.339,0.56
17/10/2015 11:00,1.6,2.5,1.8,0.6,6,1.2,0,0.179,0.211,0.041,0.018,0.033,0.047,0.002,0.425,0.397,0.604
17/10/2015 12:00,1.4,2.3,1.9,0.8,7.8,2.1,0,0.09,0.178,0.019,0.003,0.024,0.035,0.015,0.485,0.49,0.666
17/10/2015 13:00,1.1,1.8,1.8,0.9,10.7,3.6,0.003,0.116,0.158,0.007,0,0.023,0.02,0.035,0.47,0.596,0.718
17/10/2015 14:00,0.9,1.1,1.9,0.9,12.7,4.4,0.012,0.101,0.156,0.001,0,0.023,0.01,0.043,0.41,0.705,0.755
17/10/2015 15:00,0.7,0.6,1.8,1,13.1,4.8,0.027,0.074,0.169,0,0,0.017,0.021,0.043,0.333,0.768,0.773
17/10/2015 16:00,0.7,0.3,1.5,1.7,11.7,5.1,0.041,0.066,0.195,0,0,0.014,0.068,0.034,0.259,0.723,0.774
17/10/2015 17:00,0.8,0.1,1.3,3.1,10.3,5.4,0.054,0.075,0.233,0,0,0.011,0.077,0.017,0.233,0.683,0.77
17/10/2015 18:00,0.3,0.1,1.1,5.1,9.1,5.5,0.061,0.095,0.274,0.001,0,0.006,0.07,0.006,0.237,0.648,0.757
17/10/2015 19:00,0.1,0.2,0.9,7.6,7.5,5.6,0.059,0.114,0.32,0.025,0,0.003,0.06,0.002,0.241,0.63,0.739
17/10/2015 20:00,0,0.3,1.1,10.5,6.2,5.6,0.048,0.125,0.362,0.071,0,0.002,0.061,0.001,0.218,0.601,0.721
17/10/2015 21:00,0.4,0.6,1.7,11.4,4.9,5.9,0.045,0.112,0.382,0.11,0,0.005,0.112,0,0.183,0.578,0.706
17/10/2015 22:00,0.7,0.8,1.9,11,4.1,6.4,0.054,0.064,0.388,0.141,0,0.011,0.208,0,0.157,0.448,0.677
17/10/2015 23:00,0.5,1.1,1.7,10.8,3.8,7.1,0.064,0.021,0.388,0.167,0,0.019,0.315,0,0.142,0.311,0.63
18/10/2015 00:00,0.1,1.1,1.5,10.5,3.7,7.8,0.073,0.005,0.391,0.184,0,0.032,0.366,0,0.147,0.218,0.571
18/10/2015 01:00,0,0.6,0.4,9.6,2.8,7.8,0.042,0.004,0.406,0.186,0.002,0.038,0.408,0,0.168,0.167,0.51
18/10/2015 02:00,0.2,0.1,0.2,7.4,1.8,4.9,0.019,0.02,0.435,0.176,0.009,0.047,0.415,0.001,0.138,0.161,0.452
18/10/2015 03:00,0.7,0.1,0.1,2.8,3.6,3.8,0.03,0.078,0.481,0.158,0.025,0.054,0.429,0,0.112,0.163,0.407
18/10/2015 04:00,1.1,0.2,0.2,1.8,4.4,3.8,0.022,0.172,0.54,0.133,0.052,0.057,0.524,0,0.151,0.311,0.371
18/10/2015 05:00,2,0.3,0.3,2.3,4.7,2.8,0.013,0.218,0.601,0.105,0.084,0.055,0.348,0,0.21,0.464,0.337
18/10/2015 06:00,2.7,0.4,0.4,1.8,4.7,1.6,0.008,0.238,0.649,0.083,0.101,0.047,0.16,0,0.252,0.519,0.302
18/10/2015 07:00,3.2,0.6,0.4,1.5,4.4,0.9,0.005,0.274,0.681,0.063,0.045,0.038,0.048,0.001,0.308,0.491,0.27
18/10/2015 08:00,3.7,0.6,0.5,1.3,4.1,0.5,0.003,0.299,0.699,0.02,0.013,0.038,0.008,0.002,0.346,0.447,0.241
18/10/2015 09:00,3.9,0.8,0.5,1.1,3.8,0.3,0.002,0.276,0.701,0.006,0,0.037,0.001,0.002,0.339,0.413,0.208
18/10/2015 10:00,3.1,1,0.4,1,3.4,0.3,0.003,0.266,0.678,0,0,0.041,0,0.004,0.297,0.387,0.173
18/10/2015 11:00,1.2,1.2,0.7,0.9,3.4,0.6,0.005,0.249,0.648,0,0,0.04,0,0.01,0.362,0.388,0.14
18/10/2015 12:00,0.7,1.4,0.9,1.3,4.1,1.4,0.011,0.11,0.629,0.001,0,0.024,0.001,0.035,0.565,0.41,0.108
18/10/2015 13:00,0.4,1.4,0.9,1.6,5.3,2.6,0.021,0.052,0.614,0.004,0,0.022,0.002,0.066,0.71,0.447,0.083
18/10/2015 14:00,0.3,1.6,0.8,2.1,6.4,3.1,0.032,0.167,0.605,0.007,0,0.035,0.013,0.084,0.8,0.504,0.069
18/10/2015 15:00,0.2,1.5,0.8,2.7,7.7,2.9,0.053,0.029,0.617,0.008,0,0.024,0.065,0.093,0.872,0.559,0.068
18/10/2015 16:00,0.2,1.2,0.7,3.3,8.3,2.9,0.092,0,0.635,0.006,0.002,0.009,0.1,0.087,0.915,0.593,0.074
18/10/2015 17:00,0.1,1,0.6,3.8,8.4,3,0.147,0,0.635,0.006,0.023,0.002,0.055,0.068,0.931,0.615,0.081
18/10/2015 18:00,0.1,0.9,0.7,4,7.8,3.4,0.202,0,0.618,0.009,0.073,0.002,0.013,0.047,0.927,0.555,0.085
18/10/2015 19:00,0.1,0.9,0.8,4,7.5,3.8,0.233,0,0.601,0.026,0.118,0.005,0.045,0.027,0.921,0.47,0.087
18/10/2015 20:00,0.1,0.9,1.1,3.8,7.4,4.3,0.231,0,0.583,0.053,0.158,0.012,0.083,0.011,0.916,0.448,0.087
18/10/2015 21:00,0.1,0.9,1.3,4,7.8,4.9,0.212,0,0.544,0.085,0.181,0.018,0.113,0.001,0.898,0.447,0.088
18/10/2015 22:00,0.1,1,1.3,4.8,7.4,5.7,0.186,0,0.498,0.117,0.188,0.02,0.123,0,0.857,0.447,0.085
18/10/2015 23:00,0.1,1.1,1.3,5.7,7,6.8,0.159,0.014,0.459,0.137,0.21,0.021,0.12,0,0.783,0.402,0.073
19/10/2015 00:00,0.1,1.4,1.3,6.4,6.6,8.2,0.126,0.071,0.415,0.149,0.231,0.036,0.113,0,0.712,0.343,0.059
19/10/2015 01:00,0,1.3,0.4,7,5.1,9.1,0.051,0.141,0.376,0.159,0.225,0.048,0.121,0.002,0.648,0.295,0.047
19/10/2015 02:00,0.2,0.3,0,5.8,3.3,6.1,0.016,0.217,0.346,0.173,0.185,0.07,0.145,0.008,0.603,0.263,0.037
19/10/2015 03:00,1.1,0.1,0.1,1.4,7.1,4.2,0.026,0.261,0.319,0.177,0.141,0.087,0.183,0.002,0.557,0.243,0.032
19/10/2015 04:00,2.1,0.1,0.2,0.8,8.7,3.9,0.019,0.248,0.294,0.178,0.114,0.071,0.19,0,0.471,0.388,0.033
19/10/2015 05:00,2.9,0.1,0.3,1.1,8.6,2.6,0.008,0.233,0.281,0.176,0.107,0.057,0.135,0.002,0.369,0.559,0.037
19/10/2015 06:00,3.7,0.2,0.3,0.7,7.5,1.4,0.005,0.225,0.279,0.162,0.131,0.05,0.054,0.008,0.292,0.617,0.045
19/10/2015 07:00,4.9,0.4,0.4,0.5,6.1,0.6,0.005,0.245,0.284,0.138,0.121,0.045,0.008,0.011,0.241,0.542,0.06
19/10/2015 08:00,6.2,0.8,0.6,0.4,4.7,0.4,0.006,0.269,0.291,0.058,0.11,0.036,0.001,0.016,0.197,0.457,0.078
19/10/2015 09:00,6,1.1,0.8,0.6,3.7,0.5,0.012,0.232,0.334,0.045,0.117,0.026,0,0.017,0.154,0.393,0.095
19/10/2015 10:00,4.4,1.5,0.7,0.8,3.1,0.9,0.023,0.201,0.387,0.034,0.111,0.022,0,0.013,0.135,0.356,0.106
19/10/2015 11:00,1.6,1.8,0.9,0.9,3.1,1.6,0.046,0.182,0.413,0.016,0.093,0.02,0.002,0.01,0.146,0.352,0.11
19/10/2015 12:00,1.2,2.2,1.1,1.6,3.5,3.3,0.09,0.169,0.425,0.007,0.094,0.014,0.017,0.006,0.163,0.374,0.106
19/10/2015 13:00,1.2,2.3,0.9,2.5,4.5,5.2,0.135,0.135,0.425,0.004,0.101,0.014,0.045,0.003,0.176,0.42,0.102
19/10/2015 14:00,1,2,0.9,2.9,4.9,5.7,0.181,0.093,0.414,0.002,0.101,0.017,0.08,0.001,0.182,0.481,0.103
19/10/2015 15:00,0.7,1.4,0.8,3,4.7,5.1,0.225,0.273,0.402,0.001,0.1,0.011,0.114,0,0.179,0.541,0.109
19/10/2015 16:00,0.5,0.8,0.8,2.9,4.3,4.5,0.265,0.386,0.388,0.001,0.11,0.003,0.135,0,0.178,0.625,0.118
19/10/2015 17:00,0.3,0.7,0.7,2.7,3.8,4.3,0.284,0.459,0.363,0.002,0.118,0.002,0.16,0,0.201,0.649,0.133
19/10/2015 18:00,0.2,1,0.7,2.3,3.4,4.3,0.279,0.522,0.332,0.01,0.179,0.004,0.158,0,0.232,0.633,0.152
19/10/2015 19:00,0.2,1.4,0.6,1.9,3,4.7,0.263,0.647,0.3,0.07,0.251,0.008,0.109,0,0.259,0.586,0.167
19/10/2015 20:00,0.2,1.7,0.5,1.8,2.8,5.3,0.233,0.732,0.278,0.142,0.297,0.013,0.054,0,0.289,0.55,0.182
19/10/2015 21:00,0.1,1.9,0.6,1.8,2.8,6.3,0.177,0.77,0.252,0.191,0.264,0.021,0.021,0.001,0.294,0.568,0.194
19/10/2015 22:00,0,2.4,0.6,2.3,2.8,7.2,0.118,0.863,0.232,0.211,0.192,0.025,0.007,0.002,0.279,0.534,0.193
19/10/2015 23:00,0,2.8,0.7,2.8,2.9,8.1,0.076,0.919,0.22,0.216,0.169,0.029,0.002,0.002,0.249,0.464,0.186
20/10/2015 00:00,0,3.1,0.7,2.8,3.3,9.2,0.047,0.919,0.207,0.208,0.182,0.053,0.001,0.001,0.208,0.391,0.175
20/10/2015 01:00,0,2.4,0.1,2.3,2.9,10.1,0.015,0.914,0.194,0.203,0.198,0.068,0.008,0.001,0.163,0.305,0.157
20/10/2015 02:00,0.2,0.6,0,1.4,2,7.3,0.007,0.91,0.186,0.201,0.17,0.089,0.045,0.001,0.112,0.239,0.136
20/10/2015 03:00,0.8,0.4,0.1,0.2,4.4,5.5,0.02,0.91,0.181,0.191,0.12,0.102,0.075,0,0.072,0.187,0.118
20/10/2015 04:00,1.7,0.5,0.2,0.6,6.6,6.2,0.017,0.86,0.181,0.176,0.087,0.076,0.063,0.001,0.049,0.231,0.104
20/10/2015 05:00,3,0.8,0.4,0.7,7.2,4.8,0.023,0.72,0.19,0.156,0.057,0.067,0.015,0.019,0.036,0.282,0.099
20/10/2015 06:00,4.7,1.3,0.6,0.7,7,2.7,0.036,0.437,0.202,0.13,0.063,0.059,0.001,0.023,0.027,0.286,0.101
20/10/2015 07:00,6.7,2.1,0.9,0.6,6.8,1.3,0.048,0.11,0.209,0.095,0.053,0.056,0,0.023,0.021,0.252,0.106
20/10/2015 08:00,8.6,2.8,1.4,0.6,6.7,0.7,0.052,0.142,0.213,0.036,0.059,0.052,0,0.024,0.019,0.208,0.11
20/10/2015 09:00,8.3,3,1.5,0.5,6.1,0.6,0.049,0.285,0.243,0.021,0.069,0.054,0.003,0.019,0.023,0.179,0.117
20/10/2015 10:00,5.8,2.9,1.2,0.5,5.6,0.8,0.057,0.371,0.282,0.01,0.063,0.051,0.025,0.014,0.04,0.175,0.124
20/10/2015 11:00,2.6,2.7,0.9,0.6,5.8,1.3,0.08,0.322,0.314,0.003,0.054,0.051,0.068,0.011,0.076,0.192,0.127
20/10/2015 12:00,2.2,2.4,0.6,1.1,7.2,2.6,0.115,0.291,0.346,0.001,0.045,0.041,0.112,0.014,0.114,0.233,0.123
20/10/2015 13:00,2.1,2,0.6,3.2,9.1,4.8,0.126,0.313,0.378,0,0.035,0.045,0.163,0.023,0.14,0.296,0.117
20/10/2015 14:00,1.7,1.7,0.9,6.9,9.6,5.9,0.115,0.325,0.407,0,0.019,0.073,0.243,0.038,0.161,0.413,0.114
20/10/2015 15:00,1.6,1.4,0.9,10.7,9.2,5.9,0.103,0.376,0.43,0,0.008,0.086,0.338,0.047,0.176,0.584,0.114
20/10/2015 16:00,1.5,1.2,0.9,13.2,8.1,5.6,0.098,0.429,0.445,0.001,0.003,0.087,0.354,0.05,0.191,0.669,0.12
20/10/2015 17:00,1.2,0.9,0.8,13.7,7,5.3,0.095,0.43,0.457,0.002,0.003,0.084,0.248,0.046,0.213,0.578,0.133
20/10/2015 18:00,1.1,0.9,0.6,12.5,5.9,5.3,0.096,0.38,0.457,0.016,0.019,0.074,0.129,0.039,0.231,0.499,0.148
20/10/2015 19:00,0.9,1.1,0.5,10.6,5.3,5.5,0.102,0.295,0.457,0.122,0.092,0.064,0.054,0.033,0.23,0.447,0.163
20/10/2015 20:00,0.5,1.1,0.3,8.9,4.9,6.1,0.109,0.211,0.454,0.238,0.231,0.058,0.024,0.031,0.214,0.409,0.172
20/10/2015 21:00,0.2,1.1,0.3,8.6,4.4,6.7,0.116,0.118,0.42,0.286,0.359,0.055,0.012,0.035,0.199,0.413,0.176
20/10/2015 22:00,0.1,1.3,0.1,9.9,4.1,7.5,0.12,0.025,0.376,0.269,0.479,0.052,0.01,0.043,0.181,0.428,0.173
20/10/2015 23:00,0.1,1.4,0.1,12.6,3.9,8.1,0.112,0.003,0.343,0.22,0.504,0.057,0.008,0.053,0.158,0.407,0.167
21/10/2015 00:00,0,1.3,0.2,16.4,3.8,8.5,0.088,0.009,0.318,0.164,0.464,0.063,0.008,0.066,0.146,0.338,0.163
21/10/2015 01:00,0.1,0.8,0,19.5,3.3,8.6,0.032,0.061,0.3,0.114,0.404,0.065,0.025,0.076,0.137,0.27,0.159
21/10/2015 02:00,0.3,0.1,0,14.8,2.2,5.6,0.051,0.147,0.294,0.079,0.379,0.068,0.078,0.072,0.124,0.225,0.157
21/10/2015 03:00,1.8,0.1,0.1,6.9,4.2,3.3,0.065,0.181,0.317,0.054,0.358,0.071,0.073,0.026,0.105,0.185,0.162
21/10/2015 04:00,4.3,0.3,0.2,5.5,6.8,3.6,0.07,0.13,0.349,0.037,0.35,0.07,0.058,0.011,0.087,0.274,0.17
21/10/2015 05:00,6.5,0.4,0.3,2.6,8,3.7,0.085,0.052,0.369,0.031,0.308,0.075,0.018,0.003,0.078,0.343,0.185
21/10/2015 06:00,8.3,0.6,0.4,0.8,8.1,2.9,0.099,0.004,0.383,0.035,0.252,0.067,0.004,0.001,0.071,0.379,0.209
21/10/2015 07:00,9.4,0.9,0.6,0.3,7.3,1.9,0.113,0,0.395,0.037,0.17,0.062,0.007,0.001,0.068,0.329,0.249
21/10/2015 08:00,9.1,1.2,0.9,0.1,6.4,1.3,0.13,0.002,0.408,0.018,0.134,0.069,0.018,0.003,0.075,0.267,0.293
21/10/2015 09:00,7.6,1.5,1.3,0.2,5.9,0.9,0.132,0.065,0.419,0.012,0.18,0.065,0.04,0.01,0.101,0.225,0.328
21/10/2015 10:00,4.4,2.1,1.1,0.4,5.9,1.1,0.137,0.153,0.404,0.006,0.183,0.069,0.071,0.018,0.155,0.196,0.356
21/10/2015 11:00,2.1,2.6,1.1,0.9,6.3,1.5,0.118,0.181,0.39,0.001,0.154,0.068,0.111,0.032,0.225,0.182,0.383
21/10/2015 12:00,1.8,3.2,1.3,3.3,7.3,2.8,0.095,0.118,0.382,0,0.121,0.054,0.142,0.068,0.294,0.192,0.403
21/10/2015 13:00,1.6,3.4,1.5,8.2,8.9,4.7,0.065,0.12,0.374,0,0.091,0.045,0.164,0.107,0.323,0.227,0.413
21/10/2015 14:00,1.3,3.1,1.4,12.8,9.6,5.6,0.048,0.204,0.373,0,0.064,0.077,0.212,0.126,0.32,0.334,0.404
21/10/2015 15:00,0.9,2.2,1.3,15.3,9.5,5.7,0.032,0.151,0.389,0,0.044,0.105,0.334,0.118,0.311,0.538,0.378
21/10/2015 16:00,0.7,1.4,1.1,15.8,9.1,5.8,0.02,0.122,0.423,0.001,0.03,0.1,0.361,0.086,0.308,0.655,0.341
21/10/2015 17:00,0.5,0.9,1.2,15.2,8.2,6.2,0.012,0.099,0.452,0.003,0.022,0.077,0.267,0.041,0.325,0.595,0.3
21/10/2015 18:00,0.4,0.9,1.3,13.8,7.5,6.8,0.009,0.084,0.464,0.028,0.017,0.06,0.169,0.012,0.345,0.546,0.267
21/10/2015 19:00,0.4,0.9,1.3,12,6.9,7.3,0.011,0.1,0.467,0.126,0.012,0.05,0.095,0.013,0.341,0.504,0.249
21/10/2015 20:00,0.4,1.1,1.3,10.1,6.3,7.8,0.02,0.126,0.471,0.21,0.011,0.046,0.051,0.04,0.296,0.46,0.246
21/10/2015 21:00,0.5,1.4,1.4,9.5,5.4,7.8,0.037,0.144,0.435,0.239,0.011,0.043,0.028,0.095,0.254,0.429,0.256
21/10/2015 22:00,0.4,1.8,1.3,9.4,4.4,7.5,0.062,0.217,0.382,0.233,0.014,0.04,0.012,0.142,0.236,0.383,0.262
21/10/2015 23:00,0.4,1.9,1.4,8.7,3.9,7.2,0.083,0.447,0.346,0.221,0.025,0.062,0.006,0.164,0.207,0.304,0.259
22/10/2015 00:00,0.2,2.1,1.4,8,3.7,7,0.083,0.459,0.325,0.213,0.038,0.097,0.007,0.167,0.175,0.223,0.254
22/10/2015 01:00,0.2,1.6,0.4,7.7,3.1,7,0.035,0.38,0.32,0.212,0.045,0.096,0.018,0.15,0.145,0.161,0.248
22/10/2015 02:00,0.9,0.5,0.2,6.4,1.8,5.1,0.058,0.296,0.328,0.204,0.043,0.09,0.054,0.106,0.122,0.125,0.237
22/10/2015 03:00,1.7,0.3,0.5,2.4,2.9,3.1,0.051,0.221,0.345,0.188,0.032,0.087,0.067,0.021,0.099,0.094,0.227
22/10/2015 04:00,3,0.5,0.6,0.9,5.6,3.3,0.034,0.167,0.355,0.178,0.019,0.073,0.044,0,0.078,0.2,0.221
22/10/2015 05:00,5.1,1.1,0.5,1.3,6.4,3.3,0.036,0.172,0.356,0.177,0.011,0.068,0.005,0,0.067,0.308,0.21
22/10/2015 06:00,6.7,2.1,0.6,0.6,5.9,2.4,0.043,0.165,0.343,0.176,0.006,0.058,0,0,0.06,0.328,0.193
22/10/2015 07:00,7.7,3.1,0.7,0.4,4.9,1.8,0.051,0.209,0.324,0.155,0.002,0.05,0,0,0.057,0.3,0.179
22/10/2015 08:00,7.5,3.9,1,0.4,4.1,1.4,0.058,0.249,0.305,0.113,0.001,0.042,0,0,0.06,0.249,0.172
22/10/2015 09:00,6,4.4,1,0.9,4.1,1.6,0.064,0.305,0.318,0.142,0,0.031,0.002,0,0.079,0.201,0.177
22/10/2015 10:00,3.4,4.2,0.9,1.4,4.9,2.1,0.076,0.382,0.338,0.134,0,0.024,0.008,0,0.113,0.168,0.183
22/10/2015 11:00,1.6,3.8,1.3,1.8,5.8,3,0.086,0.361,0.342,0.134,0,0.02,0.019,0.001,0.152,0.159,0.181
22/10/2015 12:00,1.6,3.7,2.3,2.9,7,5.1,0.084,0.347,0.337,0.127,0,0.01,0.04,0.017,0.181,0.178,0.172
22/10/2015 13:00,1.7,3.4,3.3,4.4,8.6,8.4,0.065,0.347,0.332,0.104,0,0.004,0.066,0.04,0.195,0.23,0.167
22/10/2015 14:00,1.8,2.9,3.4,5.6,9.2,9.5,0.043,0.491,0.328,0.079,0.001,0.003,0.093,0.039,0.194,0.311,0.176
22/10/2015 15:00,2,2.1,3,6.9,8.9,9.8,0.029,0.777,0.332,0.057,0.002,0.002,0.099,0.028,0.174,0.405,0.192
22/10/2015 16:00,2.3,1.3,2.6,7.8,8,10.5,0.027,0.829,0.343,0.036,0.003,0.014,0.076,0.015,0.161,0.466,0.206
22/10/2015 17:00,3,0.8,2.3,8,7,11.1,0.03,0.829,0.348,0.037,0.006,0.043,0.075,0.004,0.165,0.511,0.227
22/10/2015 18:00,3.5,0.7,1.9,7.2,6.4,10.8,0.024,0.796,0.341,0.015,0.006,0.068,0.064,0.001,0.152,0.526,0.249
22/10/2015 19:00,3.7,0.9,1.4,5.9,6.3,10.3,0.019,0.753,0.334,0.002,0.005,0.076,0.033,0.001,0.123,0.461,0.279
22/10/2015 20:00,3.7,1.3,1.2,4.4,5.9,9.9,0.026,0.704,0.316,0.008,0.003,0.073,0.009,0.001,0.099,0.374,0.313
22/10/2015 21:00,4.2,1.5,1.3,3.6,5.1,8.8,0.028,0.668,0.264,0.026,0.001,0.055,0.003,0.001,0.096,0.289,0.34
22/10/2015 22:00,5.2,1.7,1.5,3.4,4.1,7.5,0.031,0.636,0.198,0.052,0,0.038,0.017,0.001,0.105,0.194,0.344
22/10/2015 23:00,5.7,1.9,1.8,3.4,3.6,6.6,0.041,0.618,0.138,0.084,0,0.037,0.053,0,0.113,0.16,0.335
23/10/2015 00:00,5.2,2.3,2.2,4.1,3.3,6.3,0.044,0.539,0.084,0.11,0.002,0.042,0.131,0,0.125,0.159,0.325
23/10/2015 01:00,5,2.3,1.1,5.9,2.7,6.3,0.018,0.473,0.045,0.118,0.006,0.051,0.252,0,0.127,0.131,0.33
23/10/2015 02:00,5.7,1.1,0.6,8.1,0.9,4.5,0.004,0.447,0.024,0.137,0.016,0.055,0.356,0,0.113,0.106,0.355
23/10/2015 03:00,7.6,0.5,0.9,5.1,1.4,2.8,0.002,0.434,0.034,0.177,0.031,0.051,0.442,0,0.092,0.104,0.38
23/10/2015 04:00,10.7,1.3,1,2.4,3.1,2.6,0.003,0.432,0.062,0.204,0.052,0.046,0.448,0,0.075,0.19,0.39
23/10/2015 05:00,13.7,2.1,1,1.3,3.5,2,0.007,0.431,0.098,0.24,0.077,0.031,0.341,0.002,0.058,0.256,0.377
23/10/2015 06:00,15,3,1.2,0.8,3.6,1.2,0.013,0.413,0.139,0.251,0.101,0.016,0.241,0.002,0.041,0.219,0.355
23/10/2015 07:00,14.2,3.8,1.5,0.6,3.5,0.8,0.013,0.369,0.178,0.234,0.072,0.005,0.175,0,0.029,0.154,0.34
23/10/2015 08:00,11.9,4.3,1.9,0.4,3.4,0.6,0.009,0.314,0.198,0.131,0.036,0.001,0.126,0,0.025,0.099,0.333
23/10/2015 09:00,9.3,4.4,1.8,0.3,3.5,0.6,0.008,0.315,0.208,0.14,0.026,0,0.096,0,0.031,0.063,0.341
23/10/2015 10:00,5.6,4.3,1.4,0.3,3.9,0.8,0.016,0.329,0.216,0.127,0.007,0.001,0.087,0,0.048,0.043,0.357
23/10/2015 11:00,2.3,3.8,1.4,0.3,4.5,1.5,0.039,0.287,0.215,0.1,0.001,0.003,0.105,0,0.082,0.035,0.373
23/10/2015 12:00,2.3,3.1,1.3,0.3,5.8,3.3,0.072,0.133,0.2,0.087,0,0.004,0.126,0.008,0.125,0.036,0.379
23/10/2015 13:00,3.2,2.8,1.3,0.6,7.5,5.6,0.095,0.071,0.179,0.086,0,0.003,0.144,0.031,0.16,0.054,0.374
23/10/2015 14:00,3.5,2.2,1.4,2.7,8.5,6.2,0.116,0.3,0.177,0.093,0,0.005,0.164,0.05,0.188,0.115,0.364
23/10/2015 15:00,3,1.6,1.4,6.9,8.8,5.8,0.135,0.108,0.189,0.111,0,0.013,0.204,0.061,0.204,0.3,0.352
23/10/2015 16:00,2.2,1.1,1.3,12.6,9,5.2,0.143,0.028,0.212,0.136,0.001,0.03,0.241,0.063,0.208,0.563,0.341
23/10/2015 17:00,0.9,0.8,1.1,17.8,9.1,4.6,0.161,0.01,0.235,0.163,0.001,0.058,0.264,0.044,0.221,0.682,0.323
23/10/2015 18:00,0.3,0.8,0.8,21.2,9.1,3.9,0.251,0.007,0.256,0.192,0.003,0.091,0.367,0.017,0.24,0.606,0.294
23/10/2015 19:00,0.1,1.1,0.6,22.7,9.1,3.4,0.332,0.005,0.279,0.231,0.008,0.121,0.393,0.002,0.253,0.408,0.271
23/10/2015 20:00,0.1,1.6,0.6,22.5,8.8,3.4,0.325,0.004,0.29,0.245,0.011,0.131,0.348,0,0.231,0.332,0.259
23/10/2015 21:00,0,1.7,0.9,19.6,8.1,3.8,0.251,0.005,0.283,0.229,0.013,0.115,0.317,0,0.201,0.343,0.261
23/10/2015 22:00,0,1.5,1.3,16.3,7.5,4.3,0.162,0.016,0.274,0.183,0.018,0.087,0.323,0.002,0.171,0.313,0.272
23/10/2015 23:00,0,1.4,1.3,14.2,7.1,5,0.091,0.05,0.265,0.121,0.035,0.072,0.374,0.008,0.147,0.325,0.291
24/10/2015 00:00,0,1.4,1.2,13,7,5.7,0.056,0.103,0.267,0.068,0.062,0.071,0.403,0.014,0.132,0.344,0.32
24/10/2015 01:00,0,1.3,0.1,12.2,6.5,6.1,0.036,0.162,0.279,0.029,0.094,0.062,0.425,0.012,0.107,0.31,0.348
24/10/2015 02:00,0,0.4,0,9.8,3.6,4.3,0.021,0.219,0.305,0.016,0.127,0.045,0.434,0.005,0.078,0.261,0.373
24/10/2015 03:00,0.7,0.4,0.1,4.2,5.1,3,0.013,0.26,0.347,0.027,0.146,0.032,0.506,0,0.051,0.2,0.382
24/10/2015 04:00,1.9,0.6,0.3,3.4,11.3,3,0.008,0.283,0.4,0.076,0.154,0.028,0.484,0,0.03,0.239,0.379
24/10/2015 05:00,3,0.6,0.3,5.8,11.8,2.6,0.006,0.3,0.471,0.168,0.144,0.031,0.273,0.001,0.016,0.262,0.374
24/10/2015 06:00,3.7,0.8,0.3,5.6,10.5,1.8,0.005,0.311,0.551,0.241,0.121,0.037,0.14,0.009,0.008,0.243,0.374
24/10/2015 07:00,4.5,0.8,0.1,5.8,8.7,1.3,0.006,0.312,0.613,0.258,0.044,0.037,0.083,0.011,0.005,0.188,0.388
24/10/2015 08:00,5.4,0.8,0.1,6.2,7.3,1.2,0.006,0.311,0.658,0.213,0.028,0.034,0.049,0.005,0.005,0.136,0.407
24/10/2015 09:00,4.4,1.1,0.1,6.4,6.4,1.5,0.008,0.325,0.689,0.266,0.01,0.025,0.025,0.001,0.008,0.105,0.432
24/10/2015 10:00,2,1.4,0,6.2,6.3,2,0.013,0.323,0.699,0.377,0,0.015,0.01,0,0.017,0.09,0.452
24/10/2015 11:00,0.4,1.7,0.1,5.9,6.4,2.8,0.025,0.29,0.697,0.374,0,0.006,0.003,0,0.031,0.088,0.451
24/10/2015 12:00,0.1,2,0.8,7.5,7.8,4.8,0.038,0.174,0.698,0.327,0,0.002,0.001,0.002,0.048,0.099,0.432
24/10/2015 13:00,0.1,2.3,1.6,11.1,9.8,7.7,0.046,0.03,0.697,0.289,0.001,0,0.006,0.012,0.068,0.131,0.403
24/10/2015 14:00,0.1,2.4,2.4,16.6,10.5,9.2,0.054,0.047,0.697,0.246,0.006,0.002,0.022,0.023,0.09,0.216,0.371
24/10/2015 15:00,0.1,2.4,3,22.4,10.9,9.6,0.056,0.111,0.689,0.199,0.014,0.008,0.049,0.031,0.101,0.394,0.338
24/10/2015 16:00,0.1,2.4,3.4,26.6,10.8,9.5,0.065,0.055,0.674,0.137,0.025,0.025,0.073,0.031,0.096,0.547,0.309
24/10/2015 17:00,0.1,2.6,3.8,28.9,10.7,9,0.093,0.025,0.65,0.102,0.032,0.044,0.118,0.024,0.085,0.568,0.284
24/10/2015 18:00,0.1,2.6,4.3,29.6,10.5,8.3,0.131,0.011,0.621,0.055,0.034,0.053,0.151,0.015,0.077,0.59,0.272
24/10/2015 19:00,0.1,2.3,4.8,28.2,11,7.3,0.142,0.007,0.604,0.043,0.025,0.054,0.155,0.011,0.073,0.483,0.274
24/10/2015 20:00,0.1,2.1,5.1,24.8,11.3,6.2,0.127,0.008,0.594,0.039,0.011,0.051,0.131,0.012,0.073,0.344,0.286
24/10/2015 21:00,0,2.1,5.2,20.5,11,5.4,0.112,0.011,0.571,0.046,0.001,0.04,0.101,0.023,0.068,0.247,0.309
24/10/2015 22:00,0,2.2,4.8,16.3,10.1,4.9,0.123,0.028,0.519,0.063,0,0.03,0.091,0.039,0.062,0.177,0.325
24/10/2015 23:00,0,2.3,4.3,11.8,9.3,4.8,0.155,0.095,0.472,0.084,0,0.045,0.113,0.055,0.065,0.147,0.335
25/10/2015 00:00,0,2.4,3.9,7.3,8.6,5.3,0.191,0.203,0.457,0.103,0,0.054,0.162,0.065,0.068,0.129,0.347
25/10/2015 01:00,0,2.1,1.8,3.9,7.2,5.9,0.169,0.308,0.467,0.131,0.002,0.05,0.228,0.071,0.062,0.117,0.365
25/10/2015 02:00,0,0.8,0.4,1.3,5.3,4.4,0.196,0.367,0.501,0.16,0.005,0.051,0.295,0.074,0.046,0.104,0.391
25/10/2015 03:00,0.5,0.6,0.3,0.1,10.3,4.1,0.284,0.34,0.547,0.16,0.011,0.042,0.332,0.036,0.03,0.096,0.42
25/10/2015 04:00,1.6,0.6,0.2,0.1,13.3,5,0.305,0.282,0.596,0.134,0.018,0.035,0.292,0.009,0.021,0.144,0.445
25/10/2015 05:00,3.2,0.6,0.2,0.4,13.8,4.6,0.296,0.233,0.644,0.102,0.03,0.031,0.14,0.001,0.017,0.164,0.467
25/10/2015 06:00,4.4,0.5,0.2,0.6,13.5,3.9,0.3,0.209,0.682,0.079,0.046,0.028,0.07,0,0.013,0.165,0.488
25/10/2015 07:00,4.8,0.4,0.3,0.6,12.4,3.9,0.289,0.224,0.707,0.057,0.036,0.035,0.041,0,0.01,0.162,0.509
25/10/2015 08:00,4.3,0.4,0.3,0.8,10.9,4.3,0.261,0.217,0.721,0.015,0.012,0.034,0.026,0,0.009,0.173,0.522
25/10/2015 09:00,3.7,0.7,0.4,0.9,10,4.9,0.211,0.19,0.729,0.012,0.01,0.027,0.018,0,0.015,0.189,0.526
25/10/2015 10:00,2.1,1.1,0.3,0.9,9.7,5.4,0.169,0.167,0.739,0.025,0.007,0.029,0.012,0,0.034,0.197,0.524
25/10/2015 11:00,0.6,1.5,0.6,1,9.7,5.8,0.22,0.17,0.746,0.05,0.007,0.035,0.009,0.003,0.066,0.202,0.507
25/10/2015 12:00,0.1,1.9,0.5,1.7,11.3,7.2,0.314,0.122,0.752,0.066,0.012,0.036,0.011,0.021,0.106,0.217,0.476
25/10/2015 13:00,0,2.4,0.4,3,14.4,9.6,0.358,0.079,0.759,0.077,0.013,0.012,0.021,0.06,0.137,0.246,0.435
25/10/2015 14:00,0,2.7,0.6,5.6,16.2,10.3,0.395,0.106,0.776,0.085,0.011,0.035,0.07,0.104,0.152,0.306,0.391
25/10/2015 15:00,0,2.8,0.8,9.6,16.8,9.8,0.365,0.152,0.8,0.08,0.009,0.058,0.228,0.127,0.135,0.429,0.349
25/10/2015 16:00,0,2.7,0.9,14.6,16.7,8.5,0.264,0.182,0.818,0.072,0.009,0.064,0.332,0.118,0.103,0.626,0.321
25/10/2015 17:00,0,2.5,1,18.8,16.3,7.5,0.174,0.187,0.826,0.065,0.006,0.06,0.295,0.081,0.079,0.683,0.305
25/10/2015 18:00,0,2.4,1,21.4,14.8,6.6,0.09,0.191,0.831,0.05,0.004,0.052,0.225,0.036,0.063,0.649,0.291
25/10/2015 19:00,0,2.1,1,23.2,13,5.9,0.045,0.183,0.838,0.025,0.004,0.044,0.187,0.008,0.055,0.559,0.289
25/10/2015 20:00,0,2,1.1,24.4,11.6,5.6,0.035,0.169,0.839,0.011,0.006,0.041,0.158,0,0.053,0.54,0.304
25/10/2015 21:00,0,2,1.3,25.8,10.3,5.4,0.047,0.175,0.813,0.003,0.01,0.052,0.159,0,0.054,0.533,0.325
25/10/2015 22:00,0,2.1,1.4,27.2,9.1,5.2,0.053,0.242,0.773,0,0.013,0.061,0.185,0,0.058,0.459,0.343
25/10/2015 23:00,0,2.2,1.7,27.4,8,5.3,0.053,0.408,0.742,0,0.018,0.079,0.209,0.005,0.055,0.312,0.359
26/10/2015 00:00,0,2.3,1.9,26.7,7.2,5.8,0.054,0.423,0.722,0,0.028,0.094,0.219,0.025,0.051,0.175,0.368
26/10/2015 01:00,0,1.9,0.8,25.2,5.6,6.6,0.037,0.356,0.742,0,0.047,0.093,0.207,0.038,0.041,0.093,0.367
26/10/2015 02:00,0.1,0.8,0,18.3,5.6,5.4,0.031,0.305,0.773,0.002,0.079,0.11,0.201,0.029,0.028,0.06,0.357
26/10/2015 03:00,0.4,0.8,0.1,13.7,12,5,0.061,0.28,0.815,0.01,0.116,0.094,0.185,0.006,0.012,0.05,0.348
26/10/2015 04:00,1.1,1.2,0.3,17.7,14.1,4.6,0.104,0.266,0.852,0.032,0.145,0.068,0.053,0.001,0.004,0.067,0.346
26/10/2015 05:00,2.5,1.4,0.3,10.2,13.9,3.4,0.142,0.264,0.874,0.071,0.162,0.05,0,0.009,0.001,0.131,0.355
26/10/2015 06:00,3.9,1.5,0.4,5.2,13,2.1,0.16,0.264,0.883,0.112,0.155,0.046,0,0.009,0.001,0.156,0.367
26/10/2015 07:00,4.9,1.6,0.4,3.8,12,1.1,0.134,0.245,0.887,0.129,0.072,0.046,0,0.004,0.001,0.166,0.383
26/10/2015 08:00,5.3,1.6,0.6,3.9,10.7,0.6,0.091,0.242,0.889,0.065,0.03,0.038,0,0.002,0.003,0.177,0.413
26/10/2015 09:00,4.5,1.6,0.6,4.3,9.6,0.4,0.046,0.261,0.883,0.063,0.028,0.03,0,0.001,0.013,0.191,0.439
26/10/2015 10:00,2.7,1.7,0.4,4.6,8.9,0.5,0.022,0.279,0.866,0.066,0.019,0.021,0,0,0.041,0.218,0.454
26/10/2015 11:00,0.9,1.7,0.6,5.2,8.4,0.8,0.014,0.284,0.841,0.036,0.015,0.015,0.001,0,0.087,0.265,0.45
26/10/2015 12:00,0.3,1.8,0.5,8.6,8,2.1,0.011,0.217,0.815,0.018,0.017,0.01,0.005,0.002,0.145,0.359,0.436
26/10/2015 13:00,0.2,2,0.4,14,8.8,4.8,0.009,0.145,0.798,0.009,0.027,0.004,0.011,0.008,0.2,0.51,0.417
26/10/2015 14:00,0.1,2.1,0.4,17.7,9.4,6.4,0.011,0.474,0.801,0.003,0.042,0.007,0.023,0.018,0.24,0.669,0.401
26/10/2015 15:00,0.1,1.9,0.4,18.9,10.4,6.6,0.012,0.522,0.816,0.001,0.059,0.002,0.033,0.031,0.254,0.752,0.383
26/10/2015 16:00,0.1,1.6,0.5,18.7,10.9,6.4,0.012,0.523,0.828,0,0.089,0,0.027,0.04,0.251,0.715,0.376
26/10/2015 17:00,0.1,1.5,0.6,17.9,10.2,6.5,0.011,0.542,0.83,0,0.142,0,0.043,0.028,0.245,0.659,0.382
26/10/2015 18:00,0.1,1.4,0.9,16.8,8.6,7,0.013,0.591,0.819,0,0.223,0,0.08,0.008,0.237,0.577,0.386
26/10/2015 19:00,0,1.6,1.4,15.3,7.4,8,0.019,0.647,0.793,0,0.265,0,0.088,0,0.23,0.547,0.376
26/10/2015 20:00,0,2,1.6,14,6.7,9.4,0.027,0.629,0.757,0.016,0.268,0.001,0.072,0,0.228,0.586,0.358
26/10/2015 21:00,0,2.3,1.6,14.3,5.8,11.1,0.03,0.514,0.684,0.043,0.248,0.009,0.065,0,0.227,0.636,0.346
26/10/2015 22:00,0,2.3,1.5,15.6,4.8,13.2,0.029,0.453,0.595,0.062,0.22,0.019,0.08,0,0.231,0.552,0.33
26/10/2015 23:00,0,2.3,1.2,16.7,4.2,15,0.027,0.476,0.526,0.067,0.198,0.024,0.119,0,0.239,0.444,0.305
27/10/2015 00:00,0,2.1,1,17.1,3.8,16.1,0.021,0.503,0.491,0.073,0.176,0.022,0.158,0.001,0.237,0.37,0.294
27/10/2015 01:00,0,1.8,0.5,17.2,3,16.2,0.01,0.535,0.483,0.088,0.15,0.014,0.175,0.002,0.225,0.313,0.305
27/10/2015 02:00,0.1,0.6,0.1,12.6,1.6,11.6,0.009,0.653,0.501,0.095,0.131,0.005,0.19,0.002,0.213,0.262,0.33
27/10/2015 03:00,0.5,0.6,0.1,5.1,3.4,9,0.009,0.718,0.547,0.087,0.121,0.002,0.202,0.001,0.218,0.206,0.347
27/10/2015 04:00,1.7,0.8,0.1,7.8,3.9,12.3,0.011,0.714,0.589,0.073,0.122,0.002,0.102,0,0.25,0.341,0.34
27/10/2015 05:00,3.4,0.7,0.1,6.7,4.3,10.5,0.013,0.659,0.613,0.061,0.133,0.002,0.031,0,0.293,0.49,0.311
27/10/2015 06:00,5.3,0.8,0.3,4.9,4.7,7.3,0.019,0.668,0.621,0.058,0.133,0.002,0.013,0,0.337,0.488,0.273
27/10/2015 07:00,5.7,1,0.4,4.2,5,5,0.024,0.653,0.615,0.068,0.071,0.001,0.008,0,0.381,0.41,0.24
27/10/2015 08:00,5.5,1.3,0.5,4.1,5.2,3.6,0.035,0.599,0.601,0.047,0.112,0,0.005,0,0.407,0.338,0.225
27/10/2015 09:00,3.9,1.5,0.6,4.6,5.3,2.6,0.053,0.401,0.614,0.039,0.12,0,0.005,0,0.398,0.302,0.224
27/10/2015 10:00,2.1,1.9,0.4,5.4,5.1,2.4,0.08,0.302,0.635,0.074,0.071,0,0.005,0,0.387,0.318,0.231
27/10/2015 11:00,0.8,2.5,0.6,6.8,4.8,2.8,0.119,0.328,0.642,0.114,0.041,0,0.005,0.004,0.395,0.383,0.227
27/10/2015 12:00,0.3,3,1.1,10.8,5.3,5.9,0.17,0.347,0.635,0.119,0.029,0,0.006,0.022,0.357,0.494,0.209
27/10/2015 13:00,0.2,3.4,1.8,15.8,6.4,11.8,0.196,0.218,0.633,0.105,0.025,0,0.013,0.06,0.313,0.624,0.193
27/10/2015 14:00,0.1,3.4,2.4,18,6.6,15.5,0.209,0.379,0.633,0.084,0.021,0.005,0.05,0.105,0.279,0.71,0.198
27/10/2015 15:00,0.1,3.2,2.9,18.2,5.9,16.8,0.22,0.42,0.644,0.059,0.028,0.018,0.194,0.132,0.251,0.744,0.231
27/10/2015 16:00,0.1,2.7,3.1,17.3,4.8,16.9,0.22,0.407,0.663,0.04,0.038,0.034,0.243,0.121,0.224,0.715,0.283
27/10/2015 17:00,0,2.3,3.4,16,4,16.7,0.203,0.395,0.669,0.03,0.046,0.049,0.177,0.077,0.204,0.682,0.343
27/10/2015 18:00,0,2.2,3.4,14.5,3.6,16.5,0.185,0.367,0.669,0.018,0.071,0.065,0.126,0.03,0.192,0.641,0.4
27/10/2015 19:00,0,2.2,3.5,12.8,3.3,16.3,0.183,0.334,0.663,0.012,0.104,0.078,0.107,0.012,0.183,0.574,0.444
27/10/2015 20:00,0,2.3,3.6,11.2,3.4,16,0.196,0.291,0.661,0.012,0.144,0.085,0.114,0.023,0.163,0.516,0.478
27/10/2015 21:00,0,2.3,3.6,9.9,3.5,15.2,0.225,0.248,0.642,0.013,0.177,0.066,0.117,0.05,0.145,0.47,0.503
27/10/2015 22:00,0,2.4,3.8,8.8,3.6,15,0.257,0.249,0.625,0.019,0.203,0.028,0.119,0.067,0.133,0.401,0.51
27/10/2015 23:00,0,2.4,3.9,7.8,3.4,14.9,0.264,0.311,0.622,0.041,0.238,0.022,0.128,0.069,0.11,0.328,0.493
28/10/2015 00:00,0,2.3,4.1,6.8,3.3,14.7,0.239,0.321,0.622,0.073,0.276,0.029,0.133,0.065,0.08,0.311,0.462
28/10/2015 01:00,0,1.9,2.3,6.2,2.6,14.6,0.125,0.3,0.615,0.103,0.287,0.027,0.128,0.054,0.054,0.295,0.433
28/10/2015 02:00,0,0.8,0.9,4.4,1.3,9.6,0.076,0.249,0.603,0.118,0.265,0.023,0.118,0.032,0.032,0.235,0.428
28/10/2015 03:00,0.2,0.4,0.7,1.4,3.1,6.8,0.051,0.175,0.605,0.116,0.261,0.019,0.071,0.008,0.015,0.174,0.442
28/10/2015 04:00,1.3,0.3,0.4,1.9,4.6,10.8,0.019,0.101,0.627,0.102,0.256,0.018,0.002,0,0.005,0.275,0.472
28/10/2015 05:00,3.1,0.1,0.4,4.3,4.7,10.9,0.007,0.055,0.647,0.088,0.264,0.019,0,0,0.002,0.363,0.513
28/10/2015 06:00,4.5,0.1,0.6,6.6,4.3,9.5,0.006,0.052,0.659,0.083,0.217,0.021,0.001,0,0.001,0.371,0.556
28/10/2015 07:00,4.8,0.2,0.8,9.8,3.6,8.7,0.014,0.086,0.673,0.086,0.134,0.031,0.006,0,0.001,0.361,0.595
28/10/2015 08:00,4,0.3,0.8,13.3,2.9,8.5,0.035,0.13,0.683,0.044,0.167,0.049,0.015,0,0.004,0.368,0.623
28/10/2015 09:00,3,0.3,0.8,16.3,2.1,8.5,0.063,0.181,0.668,0.007,0.109,0.059,0.028,0.001,0.011,0.403,0.633
28/10/2015 10:00,1.7,0.5,0.6,18.4,1.5,8.8,0.094,0.23,0.613,0.021,0.026,0.054,0.047,0.004,0.026,0.464,0.631
28/10/2015 11:00,0.5,0.8,0.6,19.4,1.4,9.8,0.142,0.261,0.561,0.039,0.001,0.041,0.071,0.012,0.047,0.546,0.622
28/10/2015 12:00,0.1,1.1,0.5,20.9,1.9,13.7,0.202,0.187,0.583,0.033,0,0.026,0.094,0.035,0.066,0.636,0.607
28/10/2015 13:00,0,1,0.6,24.3,2.3,19.8,0.212,0.036,0.641,0.022,0,0.014,0.112,0.054,0.076,0.724,0.599
28/10/2015 14:00,0,1,0.9,24.2,2.4,22.7,0.209,0.046,0.693,0.012,0.001,0.037,0.144,0.055,0.076,0.785,0.601
28/10/2015 15:00,0,1.3,1.2,19.8,2.4,23.8,0.225,0.025,0.731,0.008,0.011,0.09,0.272,0.041,0.064,0.814,0.609
28/10/2015 16:00,0,1.8,1.4,13.7,2.4,23.9,0.238,0.009,0.754,0.01,0.026,0.123,0.343,0.026,0.051,0.802,0.618
28/10/2015 17:00,0,2.5,1.6,10.1,2.5,23.6,0.234,0.004,0.765,0.012,0.029,0.123,0.227,0.011,0.046,0.769,0.627
28/10/2015 18:00,0.1,3.5,1.9,9.1,2.7,22.8,0.219,0.003,0.777,0.008,0.038,0.107,0.078,0.002,0.045,0.762,0.646
28/10/2015 19:00,0,4.3,2.1,8.6,2.8,20.9,0.19,0.004,0.79,0.007,0.049,0.093,0.012,0,0.045,0.726,0.671
28/10/2015 20:00,0,4.3,2.6,7.6,2.8,19.3,0.161,0.008,0.81,0.006,0.058,0.076,0.001,0.001,0.041,0.669,0.697
28/10/2015 21:00,0,3.3,3.1,7.1,2.6,18,0.143,0.014,0.822,0.006,0.042,0.053,0,0.009,0.032,0.538,0.724
28/10/2015 22:00,0,2.9,3.4,6.9,2.2,17.2,0.124,0.024,0.808,0.007,0.017,0.034,0,0.03,0.023,0.379,0.746
28/10/2015 23:00,0,2.9,3.8,6.8,1.9,16.8,0.104,0.04,0.772,0.006,0.004,0.034,0.003,0.043,0.016,0.28,0.754
29/10/2015 00:00,0,3,4.3,6.8,1.8,16.5,0.087,0.049,0.705,0.006,0.002,0.036,0.026,0.035,0.013,0.225,0.76
29/10/2015 01:00,0,2.6,2.8,6.6,1.4,16,0.038,0.048,0.63,0.004,0.003,0.031,0.075,0.015,0.011,0.22,0.769
29/10/2015 02:00,0.1,1.2,0.7,5,0.9,10.6,0.009,0.047,0.583,0.002,0.008,0.029,0.121,0.002,0.007,0.245,0.786
29/10/2015 03:00,0.2,1.3,0.3,2.8,1.3,6.5,0.002,0.053,0.568,0.001,0.019,0.034,0.114,0,0.004,0.236,0.805
29/10/2015 04:00,0.7,1.4,0.2,2.5,1.6,12.3,0,0.062,0.561,0,0.026,0.046,0.034,0,0.002,0.367,0.827
29/10/2015 05:00,1.4,1.6,0.3,2.3,1.9,10.3,0,0.071,0.572,0,0.025,0.058,0.003,0,0.002,0.445,0.845
29/10/2015 06:00,2.1,1.9,0.3,1.9,1.9,8.3,0,0.097,0.601,0.002,0.014,0.052,0,0,0.002,0.415,0.86
29/10/2015 07:00,2.4,1.4,0.1,2.5,1.9,7.4,0,0.153,0.637,0.007,0.001,0.031,0,0,0.003,0.355,0.872
29/10/2015 08:00,2.4,0.9,0.1,4.2,1.8,7.2,0.001,0.172,0.657,0.006,0,0.019,0,0,0.005,0.297,0.881
29/10/2015 09:00,2.3,1.4,0.1,6.7,1.8,8,0.005,0.16,0.676,0.001,0,0.009,0,0,0.007,0.256,0.885
29/10/2015 10:00,1.6,2.3,0.3,9,2,9.5,0.014,0.158,0.667,0.003,0,0.005,0,0,0.009,0.242,0.882
29/10/2015 11:00,0.7,4,0.6,10.7,2.8,11.6,0.031,0.169,0.633,0.015,0,0.004,0,0,0.012,0.258,0.875
29/10/2015 12:00,0.4,7.9,1.1,14.7,4.6,15.3,0.059,0.137,0.59,0.032,0,0.003,0.001,0,0.015,0.31,0.864
29/10/2015 13:00,0.2,10.9,1.9,21.1,6.6,20.5,0.081,0.068,0.552,0.044,0,0.002,0.011,0,0.02,0.386,0.851
29/10/2015 14:00,0.2,11.3,2.4,25.2,7,22.9,0.097,0.029,0.51,0.051,0,0.005,0.08,0,0.026,0.491,0.842
29/10/2015 15:00,0.2,10,2.5,24.9,6.1,23.2,0.105,0.018,0.452,0.057,0,0.026,0.306,0,0.029,0.612,0.827
29/10/2015 16:00,0.2,9.3,2.6,21.7,5,22.9,0.101,0.008,0.344,0.065,0,0.059,0.374,0,0.027,0.692,0.812
29/10/2015 17:00,0.1,8.4,3.1,17.7,3.8,22.4,0.095,0.006,0.22,0.09,0,0.089,0.225,0,0.025,0.729,0.798
29/10/2015 18:00,0,6.8,3.4,14.2,2.6,22,0.089,0.009,0.154,0.071,0,0.107,0.065,0,0.023,0.777,0.782
29/10/2015 19:00,0,5.1,3.2,11.5,1.9,22,0.08,0.02,0.161,0.068,0,0.116,0.009,0,0.02,0.764,0.763
29/10/2015 20:00,0,4.3,2.7,9.6,1.5,22.2,0.071,0.031,0.241,0.079,0,0.115,0,0.002,0.019,0.705,0.737
29/10/2015 21:00,0,3.9,2.5,8.6,1.2,22.5,0.056,0.035,0.407,0.092,0.001,0.091,0.002,0.003,0.02,0.613,0.722
29/10/2015 22:00,0,3.9,2.6,8.2,0.9,22.7,0.035,0.055,0.612,0.104,0.007,0.058,0.009,0.002,0.026,0.51,0.71
29/10/2015 23:00,0,4.9,2.9,8.6,0.7,22.6,0.022,0.093,0.762,0.126,0.019,0.055,0.019,0.001,0.034,0.451,0.686
30/10/2015 00:00,0,5.8,3.3,10.6,0.6,22.5,0.012,0.117,0.842,0.172,0.028,0.063,0.031,0,0.042,0.413,0.661
30/10/2015 01:00,0.1,4.8,2,13.7,0.7,22.2,0.003,0.136,0.877,0.235,0.037,0.055,0.05,0,0.049,0.362,0.642
30/10/2015 02:00,0.1,3.6,0.4,13.3,1.1,16.7,0,0.149,0.9,0.308,0.048,0.051,0.086,0,0.051,0.311,0.635
30/10/2015 03:00,0.2,4.3,0.2,7.8,3.6,14.2,0,0.16,0.913,0.379,0.057,0.042,0.139,0,0.041,0.282,0.645
30/10/2015 04:00,0.8,4.1,0.1,6.7,5,20.2,0,0.152,0.908,0.425,0.053,0.035,0.136,0,0.022,0.382,0.669
30/10/2015 05:00,1.9,3.6,0.1,4.4,5.3,15,0,0.123,0.89,0.43,0.036,0.031,0.068,0,0.012,0.42,0.697
30/10/2015 06:00,3,3.3,0.1,2.9,4.8,10.4,0,0.104,0.865,0.398,0.025,0.024,0.016,0,0.008,0.397,0.719
30/10/2015 07:00,3.5,3.3,0.3,2.2,3.8,7.9,0,0.104,0.829,0.369,0.007,0.018,0,0.003,0.007,0.367,0.736
30/10/2015 08:00,3.5,3.6,0.4,2.4,2.9,7.2,0.001,0.118,0.796,0.236,0.003,0.019,0,0.01,0.005,0.353,0.74
30/10/2015 09:00,2.8,3.6,0.4,3.1,2.2,7.8,0.003,0.14,0.787,0.137,0.002,0.03,0,0.016,0.006,0.355,0.724
30/10/2015 10:00,1.6,3.3,0.4,4.6,1.9,9.3,0.004,0.146,0.78,0.153,0.001,0.037,0.006,0.017,0.009,0.379,0.695
30/10/2015 11:00,0.5,2.8,0.6,6.3,2.2,11.1,0.004,0.149,0.77,0.239,0,0.037,0.027,0.021,0.018,0.434,0.653
30/10/2015 12:00,0.2,2.6,0.5,9.6,3.4,14.4,0.004,0.131,0.767,0.287,0.001,0.028,0.073,0.034,0.035,0.51,0.605
30/10/2015 13:00,0.1,2.6,0.6,13.3,5.1,19.4,0.005,0.051,0.756,0.278,0.004,0.029,0.132,0.037,0.056,0.59,0.557
30/10/2015 14:00,0.1,2.5,1.3,15.7,5.6,22.5,0.012,0.058,0.733,0.243,0.013,0.063,0.203,0.028,0.075,0.647,0.517
30/10/2015 15:00,0.2,2.8,1.7,16.8,5.5,24.1,0.028,0.123,0.695,0.203,0.027,0.082,0.251,0.016,0.093,0.68,0.481
30/10/2015 16:00,0.5,3.3,1.6,16.6,5,24.7,0.054,0.179,0.66,0.191,0.045,0.094,0.231,0.004,0.107,0.682,0.464
30/10/2015 17:00,0.9,3.8,1.3,15.9,4.6,24.9,0.082,0.227,0.642,0.19,0.066,0.08,0.171,0,0.128,0.663,0.464
30/10/2015 18:00,1.7,3.7,1.3,15.2,4.4,24.6,0.102,0.259,0.625,0.157,0.093,0.069,0.128,0.001,0.164,0.626,0.469
30/10/2015 19:00,2.5,4.3,1.5,14.9,4.3,24.4,0.105,0.279,0.601,0.182,0.124,0.068,0.097,0.005,0.216,0.561,0.476
30/10/2015 20:00,3,4.9,2.2,14.8,4.1,24.6,0.082,0.263,0.579,0.241,0.158,0.071,0.083,0.018,0.261,0.516,0.481
30/10/2015 21:00,2.4,5.1,2.3,15.2,3.8,25,0.055,0.185,0.583,0.318,0.184,0.068,0.074,0.031,0.272,0.503,0.484
30/10/2015 22:00,1,6,2.1,15.7,3.8,25.4,0.041,0.26,0.576,0.404,0.201,0.057,0.061,0.032,0.27,0.451,0.468
30/10/2015 23:00,0.2,7.2,2.4,16.3,4,26.1,0.03,0.361,0.557,0.467,0.211,0.053,0.044,0.026,0.26,0.352,0.436
31/10/2015 00:00,0.3,8.5,3.5,17.1,4.5,26.5,0.021,0.297,0.555,0.486,0.213,0.068,0.03,0.017,0.243,0.294,0.386
31/10/2015 01:00,0.5,6.8,3.8,17.3,4.5,24.8,0.006,0.241,0.549,0.464,0.203,0.072,0.029,0.009,0.216,0.261,0.328
31/10/2015 02:00,1,4.9,2.3,13.4,4.9,17.8,0.002,0.255,0.538,0.407,0.184,0.053,0.062,0.003,0.179,0.228,0.274
31/10/2015 03:00,3.4,6.9,1.6,5.3,8,16.5,0,0.26,0.541,0.332,0.173,0.058,0.155,0,0.151,0.18,0.236
31/10/2015 04:00,5.1,8,2,4.6,10.5,21.2,0,0.328,0.543,0.261,0.164,0.065,0.233,0,0.125,0.34,0.217
31/10/2015 05:00,6.6,7.4,2.1,4,10.5,14.5,0,0.379,0.538,0.228,0.176,0.067,0.218,0.002,0.104,0.432,0.208
31/10/2015 06:00,8,6.4,1.7,3.1,8.8,9.4,0,0.396,0.557,0.238,0.169,0.057,0.178,0.002,0.084,0.434,0.208
31/10/2015 07:00,8.5,5.4,1.5,2.9,6.8,7.1,0,0.416,0.578,0.262,0.084,0.053,0.126,0.001,0.068,0.416,0.213
31/10/2015 08:00,8.1,4.8,1.4,3.1,5.1,6.3,0,0.458,0.571,0.132,0.115,0.041,0.088,0,0.061,0.398,0.217
31/10/2015 09:00,6.1,4.6,1.1,3.9,4.4,6.6,0.001,0.479,0.558,0.055,0.097,0.031,0.064,0,0.063,0.401,0.216
31/10/2015 10:00,2.5,4.3,0.9,5.2,4.3,7.6,0.001,0.483,0.546,0.185,0.036,0.031,0.05,0,0.08,0.435,0.215
31/10/2015 11:00,0.7,4.2,1,7,4.6,9.2,0.002,0.481,0.537,0.417,0.004,0.034,0.036,0,0.109,0.494,0.217
31/10/2015 12:00,0.5,4.9,1.2,10.6,5.4,12.1,0.005,0.465,0.535,0.539,0,0.023,0.025,0.003,0.139,0.569,0.219
31/10/2015 13:00,0.2,5.3,2.3,15.3,6.6,17.1,0.008,0.395,0.529,0.519,0.004,0.008,0.025,0.012,0.157,0.642,0.228
31/10/2015 14:00,0.1,5.7,2.1,18.7,7.1,20.2,0.013,0.464,0.513,0.43,0.021,0.016,0.051,0.025,0.163,0.697,0.241
31/10/2015 15:00,0.2,6.1,1.7,20.1,6.7,21.7,0.022,0.633,0.498,0.324,0.034,0.029,0.148,0.039,0.163,0.724,0.249
31/10/2015 16:00,0.2,6.3,1.5,20.6,6.3,22.2,0.033,0.806,0.472,0.245,0.026,0.047,0.386,0.051,0.157,0.666,0.253
31/10/2015 17:00,0.4,6,2.1,20.9,5.2,22,0.043,0.898,0.45,0.229,0.01,0.05,0.594,0.054,0.15,0.578,0.251
31/10/2015 18:00,0.5,5.4,2.6,20.9,4.4,21.6,0.05,0.937,0.441,0.211,0.002,0.048,0.649,0.043,0.142,0.522,0.245
31/10/2015 19:00,0.7,4.8,2.5,21,3.4,21.5,0.053,0.952,0.43,0.243,0,0.049,0.619,0.023,0.14,0.501,0.234
31/10/2015 20:00,0.5,4.5,2.9,21.2,3.2,22,0.04,0.954,0.427,0.254,0,0.042,0.55,0.007,0.145,0.52,0.217
31/10/2015 21:00,0.3,4.9,2.9,22.7,3.2,23.2,0.022,0.938,0.407,0.225,0.001,0.026,0.466,0.001,0.144,0.523,0.201
31/10/2015 22:00,0.2,6.1,2.4,24.7,3.8,24.5,0.016,0.918,0.371,0.176,0,0.022,0.379,0.001,0.141,0.488,0.191
31/10/2015 23:00,0.2,7,2.1,25,4.6,25,0.022,0.899,0.334,0.132,0.001,0.034,0.332,0.001,0.139,0.409,0.178
01/11/2015 00:00,0.2,7.7,2.4,23.5,5.7,25.4,0.035,0.938,0.316,0.097,0.003,0.041,0.305,0.001,0.144,0.332,0.167
01/11/2015 01:00,0.1,6.3,1.9,20.8,5.7,25.1,0.026,0.91,0.32,0.073,0.012,0.036,0.304,0.001,0.148,0.328,0.159
01/11/2015 02:00,0,7.3,1.6,13.7,6.3,17.8,0.027,0.729,0.343,0.054,0.025,0.034,0.315,0.004,0.141,0.395,0.147
01/11/2015 03:00,0.4,9.5,2.1,5.2,11.8,15,0.028,0.648,0.413,0.041,0.028,0.031,0.453,0.012,0.122,0.369,0.133
01/11/2015 04:00,1.4,10,2.3,4.6,15.5,15.5,0.015,0.679,0.481,0.035,0.021,0.035,0.46,0.004,0.1,0.471,0.123
01/11/2015 05:00,1.8,9.5,2.3,4.3,15.3,11.9,0.008,0.658,0.517,0.038,0.01,0.03,0.235,0,0.081,0.519,0.116
01/11/2015 06:00,2.7,8.6,2.4,2.8,13.4,7.4,0.004,0.578,0.565,0.056,0.003,0.021,0.114,0,0.068,0.506,0.11
01/11/2015 07:00,3.4,8.2,2.1,2.3,11.5,4.5,0.002,0.454,0.624,0.089,0,0.011,0.059,0.009,0.062,0.459,0.112
01/11/2015 08:00,3.5,7.9,1.6,2.1,9.6,3.1,0.001,0.312,0.677,0.058,0,0.006,0.026,0.018,0.067,0.41,0.123
01/11/2015 09:00,3,6.8,1.2,1.9,8.2,2.8,0.001,0.235,0.675,0.016,0.001,0.004,0.008,0.012,0.083,0.372,0.133
01/11/2015 10:00,1.8,5.3,1.1,1.9,7.3,3,0.004,0.179,0.623,0.069,0.004,0.003,0.002,0.005,0.112,0.354,0.134
01/11/2015 11:00,0.6,4.6,1.6,2.3,6.3,3.9,0.013,0.157,0.569,0.125,0.012,0.004,0,0.002,0.154,0.355,0.125
01/11/2015 12:00,0.4,5.9,2.4,4.3,6.6,6.4,0.042,0.124,0.535,0.111,0.022,0.004,0,0.004,0.195,0.379,0.109
01/11/2015 13:00,0.5,6.7,2.8,8,7,10.3,0.084,0.3,0.529,0.08,0.032,0.003,0.001,0.009,0.225,0.416,0.095
01/11/2015 14:00,0.5,6.3,2.7,12.5,6.3,13.5,0.124,0.289,0.538,0.055,0.044,0.014,0.01,0.012,0.245,0.479,0.087
01/11/2015 15:00,0.4,5.1,2.7,16.7,5.5,15.5,0.144,0.201,0.587,0.043,0.058,0.028,0.076,0.009,0.252,0.576,0.087
01/11/2015 16:00,0.5,4.7,2.6,19.6,4.9,16.2,0.146,0.124,0.629,0.041,0.076,0.046,0.145,0.004,0.243,0.673,0.099
01/11/2015 17:00,1.1,5.1,2.6,21.3,4.2,15.9,0.135,0.074,0.645,0.055,0.085,0.068,0.137,0.001,0.231,0.629,0.113
01/11/2015 18:00,1.6,5.6,2.3,22.2,3.6,15.4,0.112,0.044,0.656,0.067,0.082,0.09,0.067,0,0.212,0.571,0.124
01/11/2015 19:00,1.5,5.7,1.9,22.9,3.2,14.9,0.087,0.027,0.666,0.112,0.068,0.104,0.013,0,0.201,0.525,0.134
01/11/2015 20:00,0.8,4.7,1.6,23.5,2.9,14.6,0.067,0.02,0.695,0.163,0.051,0.111,0.003,0.001,0.191,0.473,0.144
01/11/2015 21:00,0.4,3.4,1.4,24.7,2.6,14.3,0.053,0.021,0.702,0.192,0.03,0.078,0.014,0.002,0.184,0.401,0.147
01/11/2015 22:00,0.4,3.5,1.4,25.4,2.2,14.4,0.046,0.037,0.675,0.177,0.013,0.038,0.042,0.002,0.18,0.332,0.138
01/11/2015 23:00,0.4,4.1,1.4,24.5,2,14.9,0.045,0.071,0.625,0.123,0.005,0.048,0.071,0.004,0.175,0.274,0.128
02/11/2015 00:00,0.8,4.9,1.3,23,2.1,16.2,0.047,0.13,0.552,0.068,0.001,0.061,0.098,0.005,0.172,0.249,0.11
02/11/2015 01:00,0.4,4.1,0.6,21.4,2.3,17.3,0.028,0.193,0.468,0.032,0.001,0.048,0.124,0.01,0.173,0.239,0.085
02/11/2015 02:00,0,3.6,0.3,15,2.2,13,0.013,0.228,0.376,0.017,0.001,0.029,0.143,0.026,0.17,0.229,0.07
02/11/2015 03:00,0.2,4.4,0.3,5.8,3.1,10.5,0.012,0.208,0.328,0.011,0.002,0.017,0.1,0.025,0.17,0.241,0.065
02/11/2015 04:00,1,4.2,0.3,4.4,3.8,10.8,0.006,0.17,0.343,0.008,0.003,0.017,0.008,0.005,0.177,0.334,0.073
02/11/2015 05:00,2,3.8,0.3,2.8,3.5,8.3,0.002,0.143,0.41,0.01,0.006,0.019,0,0.001,0.182,0.381,0.096
02/11/2015 06:00,3,3.6,0.4,0.6,3,5,0.001,0.134,0.532,0.017,0.01,0.025,0,0.008,0.187,0.367,0.131
02/11/2015 07:00,4,3.7,0.4,0.1,2.9,2.6,0,0.136,0.644,0.031,0.004,0.033,0,0.039,0.186,0.329,0.166
02/11/2015 08:00,4.3,3.8,0.4,0.1,2.9,1.3,0,0.139,0.684,0.018,0,0.037,0,0.041,0.187,0.288,0.199
02/11/2015 09:00,3.4,3.8,0.3,0.1,2.6,0.6,0,0.155,0.683,0.006,0,0.043,0.007,0.028,0.187,0.251,0.227
02/11/2015 10:00,1.8,3.4,0.3,0.3,2.1,0.3,0.001,0.174,0.675,0.027,0,0.048,0.044,0.013,0.183,0.24,0.243
02/11/2015 11:00,0.6,2.9,0.5,0.8,1.4,0.3,0.006,0.18,0.688,0.066,0.001,0.052,0.108,0.004,0.17,0.261,0.251
02/11/2015 12:00,0.3,3.1,0.8,2.9,1.1,0.6,0.02,0.137,0.727,0.092,0.011,0.045,0.155,0.004,0.156,0.314,0.261
02/11/2015 13:00,0.2,3.1,0.8,7.1,1,1.4,0.039,0.011,0.757,0.116,0.028,0.036,0.164,0.009,0.142,0.393,0.274
02/11/2015 14:00,0.2,3.3,0.6,12,0.9,2.1,0.058,0.003,0.751,0.131,0.047,0.054,0.125,0.011,0.138,0.496,0.284
02/11/2015 15:00,0.1,2.9,0.4,15.3,0.9,2.5,0.066,0.001,0.744,0.128,0.063,0.063,0.063,0.016,0.145,0.625,0.294
02/11/2015 16:00,0.1,2.4,0.2,16.2,0.8,2.7,0.062,0,0.747,0.13,0.09,0.072,0.034,0.031,0.164,0.714,0.305
02/11/2015 17:00,0,2,0.1,15.3,0.8,2.8,0.053,0.004,0.746,0.144,0.134,0.083,0.03,0.039,0.194,0.685,0.313
02/11/2015 18:00,0,1.7,0.1,13.4,0.8,2.9,0.041,0.022,0.742,0.201,0.207,0.099,0.045,0.035,0.224,0.663,0.33
02/11/2015 19:00,0,1.7,0.1,11.1,0.6,3.1,0.03,0.048,0.739,0.275,0.277,0.122,0.081,0.023,0.252,0.621,0.341
02/11/2015 20:00,0,2,0.3,9,0.6,3.3,0.019,0.088,0.73,0.284,0.322,0.142,0.093,0.011,0.277,0.578,0.341
02/11/2015 21:00,0,2.2,0.4,8.9,0.4,3.8,0.01,0.127,0.682,0.248,0.317,0.128,0.096,0.002,0.312,0.526,0.339
02/11/2015 22:00,0,2.5,0.4,10.3,0.4,4.9,0.005,0.158,0.607,0.198,0.28,0.076,0.084,0,0.378,0.466,0.328
02/11/2015 23:00,0,2.9,0.7,11.7,0.4,6.3,0.004,0.195,0.541,0.156,0.241,0.067,0.046,0.003,0.485,0.395,0.303
03/11/2015 00:00,0,3.4,1,12.7,0.4,8.2,0.005,0.256,0.473,0.114,0.196,0.078,0.017,0.02,0.603,0.328,0.283
03/11/2015 01:00,0,2.6,0.4,13.3,0.4,10.1,0.004,0.358,0.407,0.083,0.16,0.093,0.007,0.07,0.654,0.264,0.27
03/11/2015 02:00,0.3,2.3,0.1,11.1,0.3,8.2,0.003,0.433,0.405,0.057,0.127,0.084,0.003,0.141,0.633,0.219,0.255
03/11/2015 03:00,2,2.6,0.1,4.6,0.4,5.7,0.003,0.459,0.482,0.038,0.108,0.065,0.001,0.127,0.581,0.191,0.248
03/11/2015 04:00,4.4,2.8,0.1,2.9,0.6,6.6,0.002,0.42,0.574,0.021,0.087,0.051,0.008,0.097,0.523,0.328,0.248
03/11/2015 05:00,7.8,2.8,0.1,2.7,0.5,5.3,0.001,0.39,0.635,0.007,0.071,0.045,0.013,0.051,0.472,0.49,0.253
03/11/2015 06:00,9.9,3.1,0.4,2.2,0.4,3.4,0,0.373,0.682,0.001,0.058,0.044,0.011,0.012,0.429,0.507,0.264
03/11/2015 07:00,10.2,3.6,0.8,2.1,0.4,1.9,0,0.352,0.713,0,0.023,0.047,0.009,0.002,0.391,0.464,0.27
03/11/2015 08:00,8.8,4.3,1.1,2.3,0.4,1.1,0,0.335,0.739,0,0.024,0.051,0.013,0,0.364,0.425,0.269
03/11/2015 09:00,6.7,4.3,1.1,2.4,0.4,0.7,0,0.309,0.771,0,0.042,0.053,0.025,0,0.345,0.388,0.27
03/11/2015 10:00,3.8,4,0.8,2.4,0.3,0.6,0,0.3,0.754,0,0.078,0.05,0.042,0,0.359,0.377,0.275
03/11/2015 11:00,2.6,4.1,0.9,2.4,0.3,0.8,0,0.295,0.669,0.003,0.111,0.045,0.063,0,0.428,0.41,0.28
03/11/2015 12:00,3,4.2,1.3,3.6,0.4,1.6,0.001,0.229,0.601,0.011,0.117,0.031,0.095,0,0.523,0.481,0.281
03/11/2015 13:00,3.4,3.8,1.8,4.9,0.5,3.1,0.002,0.094,0.583,0.017,0.102,0.015,0.133,0,0.618,0.568,0.28
03/11/2015 14:00,3.3,3.1,1.8,5.6,0.6,3.9,0.003,0.466,0.625,0.017,0.083,0.034,0.163,0.001,0.71,0.655,0.281
03/11/2015 15:00,3.1,2.6,1.5,6,0.5,4.1,0.004,0.251,0.674,0.012,0.064,0.052,0.175,0.004,0.809,0.722,0.262
03/11/2015 16:00,3,2.3,1.1,5.9,0.4,3.8,0.006,0.091,0.671,0.009,0.056,0.076,0.132,0.014,0.87,0.697,0.231
03/11/2015 17:00,2.8,1.8,1.1,5.6,0.4,3.4,0.005,0.021,0.639,0.006,0.054,0.103,0.094,0.017,0.907,0.638,0.205
03/11/2015 18:00,2.4,1.5,1.3,5.3,0.5,2.9,0.002,0.003,0.61,0.001,0.061,0.127,0.061,0.009,0.936,0.605,0.177
03/11/2015 19:00,2,1.3,1.6,4.8,0.6,2.5,0,0.001,0.586,0.001,0.076,0.142,0.037,0.005,0.96,0.56,0.148
03/11/2015 20:00,1.6,1.3,1.8,4.2,0.8,2.1,0,0,0.524,0.001,0.096,0.141,0.04,0.009,0.977,0.491,0.125
03/11/2015 21:00,1.4,1.4,2,4.3,0.8,1.8,0,0,0.407,0.002,0.104,0.118,0.077,0.019,0.985,0.396,0.124
03/11/2015 22:00,1.4,1.8,2.4,5.3,0.8,1.6,0,0.003,0.342,0.004,0.094,0.064,0.133,0.032,0.989,0.294,0.137
03/11/2015 23:00,1.4,2.1,2.8,6.1,0.7,1.4,0,0.011,0.311,0.004,0.074,0.054,0.184,0.044,0.99,0.231,0.14
04/11/2015 00:00,1.1,2.2,3.1,7.1,0.9,1.3,0,0.032,0.294,0.002,0.053,0.068,0.219,0.045,0.987,0.193,0.132
04/11/2015 01:00,0.8,1.6,2.4,8.6,1.1,1.3,0,0.07,0.307,0.001,0.036,0.072,0.228,0.042,0.98,0.21,0.122
04/11/2015 02:00,1.8,0.8,2.1,10.1,1.2,1.1,0,0.122,0.309,0,0.03,0.068,0.225,0.045,0.971,0.208,0.12
04/11/2015 03:00,3,1,2.8,5.4,2.8,0.8,0,0.197,0.314,0,0.033,0.042,0.316,0.052,0.966,0.185,0.126
04/11/2015 04:00,4.9,1.8,3.4,1.7,4.5,1.1,0.001,0.241,0.331,0.004,0.037,0.027,0.291,0.142,0.965,0.268,0.135
04/11/2015 05:00,7.5,2.6,3.9,1.7,4.4,0.9,0.001,0.222,0.362,0.031,0.042,0.017,0.113,0.275,0.969,0.315,0.148
04/11/2015 06:00,10.3,3.3,4.6,2,3.5,0.6,0,0.158,0.352,0.087,0.042,0.008,0.019,0.3,0.974,0.337,0.157
04/11/2015 07:00,12.2,3.8,5,2.4,2.5,0.3,0,0.118,0.396,0.148,0.014,0.005,0.001,0.374,0.975,0.329,0.155
04/11/2015 08:00,12.1,3.9,4.8,2.6,1.8,0.3,0,0.109,0.401,0.127,0.002,0.004,0,0.445,0.977,0.317,0.149
04/11/2015 09:00,9.6,4.2,3.9,2.1,1.6,0.4,0,0.141,0.347,0.058,0.003,0.002,0,0.415,0.979,0.324,0.147
04/11/2015 10:00,5.1,3.9,2.7,1.3,1.9,0.7,0.001,0.227,0.308,0.067,0.01,0.001,0,0.294,0.975,0.364,0.152
04/11/2015 11:00,3,3.9,3.3,0.8,2.8,1.3,0.002,0.296,0.279,0.068,0.021,0,0.001,0.159,0.953,0.457,0.154
04/11/2015 12:00,2.3,4,3,0.6,3.8,2.9,0.007,0.272,0.21,0.076,0.027,0,0.011,0.1,0.914,0.583,0.145
04/11/2015 13:00,1.7,3.8,2.3,0.6,4.6,5.7,0.012,0.043,0.201,0.083,0.023,0,0.065,0.069,0.891,0.69,0.144
04/11/2015 14:00,1.1,3.3,1.6,1.1,4.9,7.3,0.019,0.014,0.231,0.074,0.015,0,0.123,0.048,0.883,0.754,0.145
04/11/2015 15:00,0.9,2.9,1.3,2.1,4.8,7.5,0.032,0.06,0.225,0.054,0.011,0.001,0.148,0.061,0.866,0.773,0.153
04/11/2015 16:00,0.7,2.4,1.1,3.6,4.6,7.5,0.045,0.009,0.249,0.044,0.009,0.009,0.131,0.114,0.829,0.739,0.167
04/11/2015 17:00,0.7,2,1.2,4.9,4.8,7.5,0.052,0,0.278,0.039,0.007,0.026,0.102,0.223,0.785,0.666,0.187
04/11/2015 18:00,0.7,1.8,1.2,6,5,7.6,0.051,0,0.311,0.026,0.001,0.05,0.046,0.444,0.744,0.601,0.207
04/11/2015 19:00,0.8,1.8,1.1,6.4,5.2,7.6,0.047,0,0.336,0.023,0,0.077,0.011,0.712,0.701,0.487,0.21
04/11/2015 20:00,0.7,1.9,1.1,6.4,4.7,7.3,0.041,0,0.328,0.021,0,0.101,0.002,0.812,0.664,0.375,0.201
04/11/2015 21:00,0.7,1.9,1.3,7,4.1,7.1,0.027,0,0.27,0.015,0,0.097,0.006,0.779,0.677,0.285,0.185
04/11/2015 22:00,0.7,1.7,1.5,8.3,3.8,7,0.014,0,0.201,0.012,0,0.057,0.013,0.734,0.705,0.217,0.163
04/11/2015 23:00,0.6,1.4,1.6,8.5,3.7,6.8,0.008,0.017,0.145,0.011,0,0.054,0.019,0.687,0.697,0.163,0.139
05/11/2015 00:00,0.5,1.3,1.7,7.1,3.7,6.4,0.005,0.092,0.1,0.011,0.002,0.061,0.029,0.633,0.672,0.151,0.118
05/11/2015 01:00,0.4,1.2,1.1,5.1,3.3,5.8,0.002,0.16,0.063,0.009,0.008,0.057,0.046,0.581,0.633,0.176,0.102
05/11/2015 02:00,1.5,0.4,0.6,3.1,3.2,3.6,0,0.167,0.041,0.004,0.019,0.054,0.058,0.449,0.578,0.167,0.096
05/11/2015 03:00,3,0.3,1,0.8,5.2,2.1,0,0.113,0.061,0.001,0.032,0.053,0.073,0.338,0.525,0.147,0.099
05/11/2015 04:00,3.8,0.4,0.9,1.4,5.8,1.6,0,0.076,0.101,0,0.042,0.036,0.04,0.615,0.476,0.201,0.103
05/11/2015 05:00,5.8,0.7,1,2.8,4.9,0.8,0,0.066,0.133,0,0.052,0.028,0.001,0.501,0.424,0.231,0.106
05/11/2015 06:00,8.3,1.1,1.1,1.8,3.9,0.4,0,0.074,0.166,0,0.055,0.02,0,0.325,0.379,0.219,0.116
05/11/2015 07:00,9.9,1.4,1.1,1,3.1,0.4,0,0.054,0.195,0.001,0.018,0.016,0,0.204,0.338,0.179,0.133
05/11/2015 08:00,9.9,1.6,0.9,0.8,2.9,0.5,0,0.034,0.22,0.002,0.004,0.012,0.002,0.132,0.302,0.147,0.148
05/11/2015 09:00,8.1,1.8,0.7,0.9,2.8,0.8,0,0.02,0.249,0.001,0,0.015,0.021,0.089,0.279,0.135,0.159
05/11/2015 10:00,4.2,1.9,0.4,1.1,2.7,1.3,0.001,0.024,0.282,0.011,0,0.019,0.045,0.066,0.255,0.151,0.173
05/11/2015 11:00,1.5,2,0.4,1.8,2.8,2.2,0.003,0.058,0.315,0.028,0,0.023,0.06,0.058,0.229,0.192,0.188
05/11/2015 12:00,1.1,2.1,0.4,4.4,3.1,4.6,0.005,0.083,0.334,0.027,0,0.023,0.064,0.052,0.189,0.26,0.196
05/11/2015 13:00,0.8,2.1,0.3,7.9,3.4,8.3,0.008,0.031,0.336,0.021,0.001,0.02,0.071,0.035,0.147,0.355,0.2
05/11/2015 14:00,0.7,1.9,0.5,11.5,3.5,9.8,0.012,0.006,0.317,0.021,0.002,0.036,0.068,0.02,0.114,0.482,0.201
05/11/2015 15:00,0.7,1.8,0.8,13.8,3.4,8.8,0.015,0.002,0.302,0.024,0.003,0.071,0.051,0.018,0.105,0.594,0.203
05/11/2015 16:00,0.6,1.7,1.1,15.3,3.5,6.9,0.017,0,0.3,0.025,0.004,0.103,0.067,0.04,0.112,0.612,0.209
05/11/2015 17:00,0.5,1.6,1.4,16.9,3.5,5.3,0.017,0,0.311,0.024,0.005,0.136,0.104,0.1,0.119,0.613,0.209
05/11/2015 18:00,0.5,1.8,1.6,18.2,3.7,4,0.018,0,0.328,0.026,0.007,0.172,0.074,0.186,0.13,0.663,0.194
05/11/2015 19:00,0.4,1.8,1.8,19.2,4.2,3,0.019,0.003,0.348,0.047,0.006,0.205,0.045,0.264,0.141,0.599,0.174
05/11/2015 20:00,0.2,1.6,2.2,20.3,4.8,2.6,0.018,0.013,0.362,0.06,0.004,0.23,0.016,0.302,0.158,0.487,0.161
05/11/2015 21:00,0.2,1.5,2.8,22.3,5,3,0.015,0.025,0.338,0.056,0.001,0.202,0.018,0.278,0.167,0.386,0.161
05/11/2015 22:00,0.2,1.6,3.3,24.4,4.6,3.7,0.015,0.03,0.298,0.045,0,0.123,0.016,0.219,0.153,0.291,0.166
05/11/2015 23:00,0.2,1.7,3.4,25.4,4.1,4.4,0.018,0.031,0.274,0.035,0,0.09,0.005,0.169,0.126,0.213,0.166
06/11/2015 00:00,0.2,1.8,3.4,26,3.9,5.2,0.019,0.042,0.281,0.029,0,0.086,0.005,0.13,0.101,0.146,0.16
06/11/2015 01:00,0.2,1.7,1.7,26.1,3.2,6.1,0.011,0.062,0.289,0.033,0,0.077,0.03,0.101,0.071,0.124,0.154
06/11/2015 02:00,0.7,0.6,0.2,21.9,2.1,4.2,0.002,0.079,0.266,0.05,0.003,0.063,0.061,0.076,0.038,0.145,0.155
06/11/2015 03:00,1.9,0.3,0.3,10.1,3.5,2.6,0.002,0.121,0.235,0.068,0.01,0.045,0.065,0.037,0.016,0.149,0.174
06/11/2015 04:00,3.3,0.3,0.4,5.5,4.8,2.4,0.002,0.192,0.227,0.078,0.025,0.035,0.063,0.005,0.003,0.219,0.218
06/11/2015 05:00,5,0.5,0.4,8.9,5.5,1.5,0.001,0.254,0.24,0.082,0.043,0.025,0.022,0,0,0.277,0.276
06/11/2015 06:00,6.9,0.8,0.3,6.6,5.3,0.8,0.001,0.253,0.278,0.076,0.058,0.021,0.011,0,0,0.261,0.332
06/11/2015 07:00,8,1.3,0.4,6.5,4.6,0.4,0.001,0.241,0.32,0.066,0.026,0.019,0.015,0,0,0.2,0.382
06/11/2015 08:00,8.3,1.8,0.5,7.6,3.7,0.3,0.001,0.251,0.35,0.025,0.002,0.019,0.03,0,0,0.154,0.442
06/11/2015 09:00,6.7,2.2,0.6,9.2,3.1,0.3,0.003,0.261,0.359,0.004,0,0.022,0.059,0,0,0.136,0.511
06/11/2015 10:00,3.4,2.6,0.5,10.3,2.9,0.6,0.006,0.292,0.344,0,0,0.02,0.107,0,0,0.15,0.582
06/11/2015 11:00,1.1,3,0.8,12.1,3.3,1.6,0.019,0.388,0.31,0,0,0.016,0.158,0,0.002,0.187,0.626
06/11/2015 12:00,1.1,3.4,1.1,18.5,4.4,4.7,0.043,0.395,0.26,0,0,0.01,0.192,0.001,0.009,0.257,0.642
06/11/2015 13:00,1.2,3.4,1.6,23.2,5.7,9,0.068,0.398,0.215,0,0.001,0.015,0.218,0.003,0.023,0.362,0.642
06/11/2015 14:00,1.3,3.3,2.1,24,6.3,11.2,0.085,0.527,0.186,0,0.001,0.038,0.237,0.002,0.04,0.51,0.647
06/11/2015 15:00,1.2,3.1,2,22.6,6.1,11.4,0.112,0.458,0.187,0,0.002,0.071,0.243,0,0.052,0.657,0.648
06/11/2015 16:00,1.2,2.8,1.9,20.4,5.5,10.7,0.151,0.294,0.218,0,0.003,0.1,0.214,0,0.053,0.69,0.649
06/11/2015 17:00,1.2,2.5,2,18.5,5.1,10,0.187,0.184,0.257,0,0.004,0.118,0.195,0,0.055,0.702,0.652
06/11/2015 18:00,1.1,2.3,1.9,16.4,4.9,9.4,0.194,0.12,0.286,0.009,0.006,0.134,0.147,0,0.056,0.67,0.653
06/11/2015 19:00,0.8,2.3,1.8,14.7,5.1,8.8,0.172,0.088,0.306,0.079,0.008,0.151,0.083,0.001,0.06,0.601,0.654
06/11/2015 20:00,0.6,2.4,2.1,13.5,5.3,8.4,0.138,0.076,0.311,0.142,0.008,0.154,0.054,0.001,0.072,0.547,0.654
06/11/2015 21:00,0.5,2.6,2.3,13.3,5.2,8,0.105,0.088,0.273,0.163,0.008,0.118,0.064,0,0.094,0.424,0.656
06/11/2015 22:00,0.5,2.7,2.4,14.1,4.8,8,0.081,0.155,0.225,0.157,0.011,0.073,0.092,0.001,0.124,0.311,0.654
06/11/2015 23:00,0.6,2.8,2.4,14.9,4.6,8.5,0.069,0.311,0.204,0.139,0.019,0.071,0.107,0.002,0.157,0.214,0.644
07/11/2015 00:00,0.7,2.9,2.4,16,4.9,9.4,0.064,0.459,0.192,0.117,0.035,0.076,0.107,0.004,0.192,0.175,0.628
07/11/2015 01:00,0.7,2.6,1.4,17.2,4.8,10.6,0.052,0.448,0.195,0.092,0.057,0.095,0.117,0.003,0.22,0.175,0.614
07/11/2015 02:00,0.7,0.9,0.2,16.2,4.4,8.3,0.02,0.337,0.234,0.074,0.077,0.093,0.155,0.001,0.252,0.177,0.606
07/11/2015 03:00,1.5,0.9,0.1,7.4,8.5,4.8,0.015,0.323,0.272,0.063,0.095,0.076,0.124,0,0.281,0.174,0.605
07/11/2015 04:00,2.1,1,0.1,3.2,11.4,4.7,0.017,0.283,0.298,0.055,0.112,0.055,0.072,0,0.3,0.212,0.613
07/11/2015 05:00,3.6,1.1,0.2,7.3,12.4,3.3,0.007,0.225,0.337,0.044,0.128,0.044,0.019,0,0.313,0.229,0.624
07/11/2015 06:00,5.5,1.3,0.3,6,12,1.6,0.003,0.252,0.376,0.026,0.133,0.04,0.007,0.003,0.328,0.249,0.638
07/11/2015 07:00,5.9,1.4,0.3,4.6,10.8,0.9,0.001,0.227,0.409,0.013,0.058,0.039,0.004,0.011,0.348,0.224,0.65
07/11/2015 08:00,5.3,1.8,0.3,4,9.3,0.6,0.001,0.212,0.438,0.004,0.014,0.043,0.008,0.018,0.379,0.196,0.656
07/11/2015 09:00,4.1,2.2,0.3,4,7.8,0.8,0,0.18,0.459,0.003,0.002,0.046,0.03,0.019,0.411,0.184,0.654
07/11/2015 10:00,2,2.6,0.4,4.5,6.5,1.1,0,0.179,0.459,0.001,0,0.048,0.079,0.014,0.441,0.203,0.644
07/11/2015 11:00,0.5,3.1,0.9,5.9,5.8,1.9,0,0.214,0.441,0,0.001,0.047,0.133,0.011,0.459,0.261,0.63
07/11/2015 12:00,0.2,3.6,1.6,10.1,6,5.1,0,0.154,0.404,0,0.006,0.039,0.175,0.018,0.469,0.36,0.613
07/11/2015 13:00,0.2,3.8,2.1,14.9,7.2,9.8,0,0.018,0.372,0,0.014,0.02,0.233,0.029,0.479,0.493,0.594
07/11/2015 14:00,0.2,3.4,2.3,18.8,8.3,13.1,0.006,0.008,0.36,0,0.023,0.028,0.364,0.027,0.484,0.638,0.575
07/11/2015 15:00,0.1,2.8,2.5,21.3,9.8,15.1,0.023,0.003,0.371,0,0.03,0.058,0.549,0.024,0.519,0.755,0.539
07/11/2015 16:00,0.1,2.2,2.9,22.7,11.3,16.2,0.042,0.005,0.398,0,0.037,0.088,0.534,0.018,0.58,0.741,0.493
07/11/2015 17:00,0.1,1.8,3.5,23.3,12.5,16.5,0.049,0.015,0.417,0,0.045,0.112,0.332,0.01,0.65,0.725,0.447
07/11/2015 18:00,0.1,1.8,4.1,23.4,11.6,16.5,0.058,0.024,0.44,0,0.048,0.147,0.141,0.005,0.737,0.686,0.41
07/11/2015 19:00,0.1,2,4.4,23.2,11.4,16.6,0.076,0.027,0.476,0.003,0.042,0.184,0.045,0.004,0.816,0.613,0.384
07/11/2015 20:00,0,2.5,4.8,23,11,16.9,0.089,0.025,0.498,0.016,0.032,0.176,0.017,0.004,0.846,0.519,0.373
07/11/2015 21:00,0,3.5,5.2,23.6,9.8,16.7,0.077,0.017,0.514,0.03,0.026,0.112,0.018,0.006,0.828,0.445,0.377
07/11/2015 22:00,0,4.8,6.1,24.3,8.3,16.2,0.07,0.014,0.519,0.049,0.03,0.056,0.018,0.006,0.796,0.329,0.391
07/11/2015 23:00,0,5.8,6.9,24.7,7.5,16.1,0.08,0.012,0.51,0.071,0.05,0.054,0.018,0.002,0.801,0.249,0.402
08/11/2015 00:00,0,6.6,7.7,25.2,7.1,16.2,0.082,0.014,0.494,0.096,0.085,0.071,0.014,0,0.815,0.252,0.412
08/11/2015 01:00,0.1,6.6,5.1,25.5,6,16.2,0.05,0.02,0.479,0.113,0.13,0.077,0.011,0.001,0.826,0.285,0.421
08/11/2015 02:00,0.1,3.5,1.4,22.4,7.4,11.7,0.013,0.038,0.477,0.123,0.163,0.082,0.01,0.008,0.833,0.291,0.427
08/11/2015 03:00,0.3,4.3,1.3,9.3,13.8,6.4,0.006,0.144,0.478,0.139,0.182,0.068,0.011,0.03,0.853,0.278,0.425
08/11/2015 04:00,1.2,4.7,0.8,2.8,17.5,6.2,0.011,0.299,0.47,0.164,0.187,0.064,0.025,0.031,0.868,0.355,0.422
08/11/2015 05:00,2.8,4.4,0.4,4.8,18.2,5.2,0.007,0.469,0.479,0.196,0.179,0.067,0.034,0.016,0.884,0.401,0.425
08/11/2015 06:00,4.3,4.1,0.2,3.2,17.1,2.7,0.001,0.522,0.494,0.218,0.154,0.077,0.039,0.003,0.898,0.422,0.432
08/11/2015 07:00,4.8,4.1,0.1,1.9,15.2,1.5,0,0.482,0.523,0.203,0.061,0.076,0.047,0,0.905,0.404,0.446
08/11/2015 08:00,4.4,4.5,0.2,2,13,1.1,0,0.348,0.525,0.088,0.053,0.078,0.047,0,0.907,0.398,0.46
08/11/2015 09:00,3.2,4.9,0.3,3,10.5,1.2,0.001,0.324,0.519,0.062,0.019,0.087,0.034,0,0.886,0.407,0.476
08/11/2015 10:00,1.6,4.9,0.4,4.5,8.5,2.1,0.005,0.362,0.497,0.089,0.007,0.08,0.023,0,0.874,0.431,0.491
08/11/2015 11:00,0.5,4.6,0.8,7,6.8,3.8,0.027,0.503,0.45,0.039,0.009,0.074,0.016,0,0.877,0.485,0.498
08/11/2015 12:00,0.2,4.6,1.8,14.7,5.8,8.3,0.083,0.578,0.398,0.017,0.016,0.067,0.012,0.006,0.852,0.545,0.502
08/11/2015 13:00,0.1,4.5,2.9,24.3,5.6,13.2,0.144,0.604,0.358,0.01,0.024,0.034,0.008,0.025,0.858,0.586,0.51
08/11/2015 14:00,0.2,4.4,3.8,30.4,5.5,15.8,0.179,0.599,0.334,0.004,0.034,0.055,0.002,0.045,0.897,0.613,0.52
08/11/2015 15:00,0.2,4.3,4.4,32.6,5.9,16.8,0.137,0.565,0.325,0.001,0.047,0.097,0,0.051,0.947,0.641,0.519
08/11/2015 16:00,0.2,4.1,4.8,32.8,6.1,17,0.057,0.501,0.328,0,0.061,0.141,0,0.054,0.976,0.588,0.504
08/11/2015 17:00,0.2,4.1,5.1,32.3,5.9,16.9,0.012,0.442,0.342,0,0.064,0.172,0,0.077,0.985,0.54,0.486
08/11/2015 18:00,0.2,4.5,5.3,31.4,6.2,16.9,0.004,0.403,0.356,0,0.054,0.197,0,0.123,0.99,0.525,0.457
08/11/2015 19:00,0.2,5.3,5.3,30.2,6,17,0.021,0.361,0.388,0.001,0.042,0.217,0.005,0.171,0.991,0.481,0.419
08/11/2015 20:00,0.2,6.3,5.2,28.6,6.4,17.4,0.102,0.323,0.425,0.021,0.038,0.223,0.045,0.205,0.99,0.425,0.391
08/11/2015 21:00,0.2,7,5.3,27.4,6.3,17.5,0.183,0.314,0.446,0.07,0.044,0.187,0.185,0.218,0.984,0.374,0.398
08/11/2015 22:00,0.1,7.1,5.7,26.2,6.6,17.1,0.194,0.355,0.456,0.138,0.06,0.102,0.442,0.224,0.961,0.324,0.428
08/11/2015 23:00,0.1,7.1,6,24.5,8,16.8,0.21,0.334,0.459,0.19,0.084,0.088,0.559,0.225,0.912,0.277,0.447
09/11/2015 00:00,0.1,7.1,6.3,22.2,8.9,16.9,0.264,0.305,0.459,0.213,0.105,0.084,0.527,0.22,0.85,0.238,0.444
09/11/2015 01:00,0.1,5.9,4.3,19.3,8.7,16.7,0.275,0.3,0.444,0.214,0.112,0.068,0.457,0.206,0.782,0.205,0.429
09/11/2015 02:00,0,3.1,1.1,14.2,8.1,12.7,0.261,0.289,0.42,0.197,0.11,0.052,0.495,0.17,0.671,0.17,0.426
09/11/2015 03:00,0.5,4.9,0.9,4.7,11.8,9.4,0.278,0.299,0.406,0.177,0.098,0.036,0.395,0.069,0.58,0.123,0.464
09/11/2015 04:00,1.4,6.5,0.6,1.3,15.6,9.2,0.328,0.324,0.407,0.182,0.083,0.042,0.319,0.011,0.546,0.239,0.535
09/11/2015 05:00,2.8,7.1,0.5,1.6,16.7,7.8,0.311,0.332,0.41,0.226,0.077,0.05,0.229,0,0.592,0.355,0.603
09/11/2015 06:00,4.2,7.3,0.4,1.1,16.7,4.9,0.29,0.33,0.398,0.278,0.071,0.055,0.119,0,0.68,0.379,0.655
09/11/2015 07:00,5.1,7.8,0.6,0.9,17.2,3.2,0.268,0.316,0.38,0.284,0.025,0.069,0.064,0,0.697,0.355,0.689
09/11/2015 08:00,4.6,8.4,0.6,1.4,17.7,2.6,0.261,0.299,0.357,0.131,0.002,0.084,0.041,0,0.746,0.337,0.697
09/11/2015 09:00,3.4,8.5,0.6,2.9,18.3,2.6,0.235,0.281,0.342,0.144,0,0.098,0.039,0,0.878,0.338,0.683
09/11/2015 10:00,1.8,7.1,0.6,5.2,17.7,3.3,0.279,0.262,0.325,0.167,0,0.098,0.043,0.001,0.951,0.362,0.659
09/11/2015 11:00,0.5,6.1,1,8.6,15.3,4.8,0.37,0.242,0.322,0.145,0.003,0.082,0.046,0.003,0.977,0.416,0.629
09/11/2015 12:00,0.2,5.6,1.6,16.3,14.8,8.5,0.402,0.177,0.316,0.085,0.008,0.073,0.051,0.015,0.988,0.485,0.594
09/11/2015 13:00,0.2,4.9,2.3,23.2,17.1,12.8,0.398,0.183,0.296,0.046,0.009,0.069,0.045,0.026,0.991,0.552,0.569
09/11/2015 14:00,0.2,3.8,3.1,26.7,18,15.5,0.405,0.234,0.274,0.03,0.006,0.113,0.038,0.028,0.99,0.624,0.555
09/11/2015 15:00,0.3,3.2,3.6,27.1,17.4,17.3,0.396,0.146,0.261,0.022,0.004,0.167,0.037,0.025,0.99,0.689,0.547
09/11/2015 16:00,0.4,3.3,4,25.9,16.7,18.9,0.401,0.084,0.266,0.014,0.002,0.225,0.029,0.018,0.989,0.637,0.547
09/11/2015 17:00,0.4,4.2,4.1,24.6,15.9,20.5,0.425,0.044,0.289,0.009,0.001,0.264,0.018,0.012,0.987,0.57,0.563
09/11/2015 18:00,0.4,5.3,4.1,23.6,14.2,21.8,0.425,0.018,0.311,0.001,0.001,0.289,0.007,0.011,0.983,0.522,0.604
09/11/2015 19:00,0.2,6,4.3,22.7,12.1,22.9,0.466,0.007,0.334,0,0.001,0.301,0.002,0.014,0.979,0.449,0.645
09/11/2015 20:00,0.2,6.2,4.6,21.2,10.2,24.2,0.515,0.002,0.345,0,0,0.296,0.001,0.021,0.973,0.368,0.656
09/11/2015 21:00,0.2,5.9,4.8,20.5,9.3,24.8,0.526,0.001,0.347,0,0,0.231,0,0.028,0.964,0.296,0.633
09/11/2015 22:00,0.2,5.6,4.8,20.4,9.6,24.4,0.516,0.001,0.352,0.003,0,0.117,0,0.028,0.951,0.238,0.59
09/11/2015 23:00,0.2,5.4,5.2,19.7,10.6,23.7,0.501,0,0.362,0.014,0.002,0.079,0,0.02,0.937,0.204,0.535
10/11/2015 00:00,0.2,5.3,5.4,18.5,10.8,22.7,0.488,0,0.363,0.056,0.006,0.086,0,0.011,0.928,0.185,0.484
10/11/2015 01:00,0.2,5.2,4.1,17.1,10.5,21.4,0.444,0,0.35,0.169,0.016,0.076,0,0.003,0.921,0.201,0.435
10/11/2015 02:00,0,3.1,1.1,13.4,8.8,14.5,0.391,0,0.328,0.295,0.027,0.059,0.006,0,0.913,0.231,0.395
10/11/2015 03:00,0.5,3.3,0.3,5.1,14.8,9.1,0.472,0,0.3,0.323,0.038,0.057,0.008,0,0.906,0.231,0.384
10/11/2015 04:00,1.8,5.3,0.1,2.1,19.7,10.3,0.591,0,0.272,0.253,0.054,0.056,0.001,0,0.894,0.307,0.399
10/11/2015 05:00,4.1,6.1,0.1,4.2,22.6,13.7,0.711,0.001,0.25,0.183,0.073,0.06,0,0,0.889,0.405,0.414
10/11/2015 06:00,6.4,6,0.1,3.9,25,12.5,0.724,0,0.238,0.163,0.087,0.068,0,0,0.889,0.39,0.428
10/11/2015 07:00,7.6,5.6,0.3,5.1,26.7,11.3,0.751,0,0.241,0.154,0.04,0.064,0,0.006,0.893,0.337,0.445
10/11/2015 08:00,8,5.4,0.5,7.2,27.4,10.7,0.751,0,0.248,0.06,0.003,0.069,0,0.013,0.888,0.295,0.466
10/11/2015 09:00,6.4,5.1,0.5,9.7,26.6,10.7,0.672,0,0.261,0.008,0,0.072,0,0.008,0.863,0.277,0.471
10/11/2015 10:00,3.1,4.5,0.5,12.2,23.6,11.3,0.583,0,0.276,0.025,0,0.074,0,0.003,0.828,0.289,0.491
10/11/2015 11:00,0.7,4,0.6,14.5,19.3,11.3,0.586,0,0.272,0.073,0,0.07,0,0.001,0.802,0.329,0.515
10/11/2015 12:00,0.3,3.9,1.1,20.5,17.2,13.4,0.578,0,0.259,0.076,0,0.06,0,0.001,0.789,0.388,0.504
10/11/2015 13:00,0.2,3.3,2.1,26.9,16.8,16.9,0.508,0,0.249,0.053,0,0.035,0,0.002,0.775,0.457,0.466
10/11/2015 14:00,0.2,2.7,3.1,29.4,15.9,19.5,0.495,0,0.218,0.028,0,0.055,0,0.006,0.754,0.525,0.434
10/11/2015 15:00,0.2,2.4,3.8,29.4,14.5,21.4,0.499,0,0.196,0.017,0,0.072,0.002,0.005,0.732,0.606,0.405
10/11/2015 16:00,0.2,2.4,4.3,28.3,13.1,22.5,0.432,0,0.195,0.015,0,0.082,0.022,0.002,0.722,0.625,0.374
10/11/2015 17:00,0.2,2.4,4.5,27.4,12.5,23.1,0.369,0.001,0.215,0.002,0,0.084,0.044,0.001,0.72,0.603,0.341
10/11/2015 18:00,0.1,2.6,4.6,26.5,11.5,23.6,0.341,0.005,0.22,0,0,0.085,0.035,0.002,0.718,0.604,0.302
10/11/2015 19:00,0.1,3.2,4.1,25.2,11.8,23.7,0.337,0.015,0.236,0.005,0.005,0.086,0.02,0.019,0.702,0.552,0.273
10/11/2015 20:00,0,4.2,3.5,23.7,11.6,23.5,0.335,0.019,0.249,0.028,0.035,0.087,0.009,0.066,0.669,0.525,0.26
10/11/2015 21:00,0,5.6,3.4,22.3,11.6,23.4,0.32,0.019,0.233,0.045,0.089,0.087,0.002,0.129,0.603,0.437,0.264
10/11/2015 22:00,0,7.2,3.4,20.9,11.1,23,0.286,0.036,0.191,0.041,0.149,0.049,0,0.169,0.499,0.398,0.273
10/11/2015 23:00,0,8.4,3.5,19.5,11,22.6,0.249,0.1,0.14,0.046,0.195,0.054,0,0.164,0.387,0.324,0.264
11/11/2015 00:00,0,8.8,3.6,18,11,22,0.218,0.194,0.094,0.081,0.217,0.062,0,0.136,0.296,0.239,0.245
11/11/2015 01:00,0,7.5,2.6,16.7,10.7,21,0.132,0.266,0.054,0.06,0.222,0.045,0.001,0.104,0.231,0.185,0.22
11/11/2015 02:00,0.1,3.1,0.6,12.1,12,15.2,0.071,0.302,0.023,0.014,0.211,0.028,0.007,0.084,0.179,0.165,0.183
11/11/2015 03:00,0.5,2.8,0.2,4,15.7,13.2,0.091,0.315,0.008,0.004,0.193,0.016,0.025,0.054,0.156,0.147,0.15
11/11/2015 04:00,1.6,5,0.3,1.8,17.5,17,0.094,0.295,0.004,0.001,0.184,0.009,0.055,0.027,0.157,0.238,0.133
11/11/2015 05:00,3.3,6.4,0.3,2.1,18.1,18.2,0.085,0.259,0.004,0.006,0.181,0.007,0.082,0.005,0.161,0.345,0.134
11/11/2015 06:00,5.2,6.6,0.4,1.3,18.1,16.5,0.071,0.243,0.007,0.052,0.168,0.004,0.071,0,0.156,0.394,0.144
11/11/2015 07:00,6.2,6.5,0.4,1.3,18.2,14.3,0.059,0.234,0.012,0.157,0.08,0.004,0.044,0,0.147,0.388,0.164
11/11/2015 08:00,6.1,6.1,0.3,1.5,18.3,12.2,0.05,0.212,0.018,0.15,0.045,0.004,0.02,0,0.14,0.378,0.184
11/11/2015 09:00,4.8,6,0.4,2.2,18.3,11,0.05,0.154,0.022,0.127,0.049,0.004,0.006,0,0.141,0.379,0.182
11/11/2015 10:00,2.2,5.6,0.6,3.4,18.3,10.5,0.058,0.118,0.027,0.238,0.024,0.003,0.002,0,0.146,0.398,0.167
11/11/2015 11:00,0.7,5.1,0.8,5.4,17.8,9.6,0.076,0.106,0.039,0.308,0.012,0.002,0.001,0,0.15,0.444,0.157
11/11/2015 12:00,0.2,4.7,1.3,12.1,17,11.8,0.113,0.097,0.055,0.301,0.007,0,0.001,0.001,0.147,0.516,0.143
11/11/2015 13:00,0.1,4.3,1.6,20,16.1,16.2,0.152,0.023,0.061,0.273,0.003,0,0.001,0.009,0.138,0.595,0.129
11/11/2015 14:00,0,3.9,1.6,24.6,15.5,20.1,0.177,0.004,0.055,0.241,0.001,0.001,0.002,0.026,0.121,0.681,0.112
11/11/2015 15:00,0,3.4,1.4,24.5,14.1,22.7,0.178,0.127,0.046,0.2,0,0.006,0.012,0.027,0.106,0.74,0.092
11/11/2015 16:00,0.1,2.9,1.1,22.4,13.5,24.2,0.165,0.182,0.036,0.157,0,0.006,0.041,0.013,0.096,0.702,0.092
11/11/2015 17:00,0.2,2.8,0.8,20,12.7,24.7,0.149,0.243,0.029,0.136,0,0.007,0.097,0.003,0.087,0.633,0.107
11/11/2015 18:00,0.2,3.1,0.6,17.7,11.1,24.4,0.131,0.3,0.025,0.124,0.007,0.011,0.155,0.002,0.076,0.59,0.127
11/11/2015 19:00,0.2,3.9,0.6,16.5,9.1,23.6,0.109,0.368,0.029,0.142,0.06,0.019,0.162,0.003,0.062,0.538,0.148
11/11/2015 20:00,0.1,5.1,0.6,15.9,7.4,22.8,0.086,0.4,0.041,0.167,0.126,0.032,0.144,0.005,0.048,0.461,0.169
11/11/2015 21:00,0,6.3,0.6,15.1,6.6,21.9,0.071,0.334,0.06,0.177,0.175,0.046,0.14,0.005,0.035,0.398,0.191
11/11/2015 22:00,0,7.1,0.6,13.8,6.1,21.3,0.061,0.42,0.074,0.146,0.204,0.037,0.156,0.007,0.024,0.318,0.204
11/11/2015 23:00,0,7.6,0.7,12.1,6.1,21.2,0.05,0.554,0.071,0.102,0.219,0.039,0.167,0.012,0.014,0.234,0.184
12/11/2015 00:00,0,8.1,0.9,10.6,6.5,21.2,0.04,0.498,0.084,0.044,0.227,0.045,0.183,0.021,0.007,0.197,0.146
12/11/2015 01:00,0,7.6,0.6,9.3,6.5,20.7,0.02,0.447,0.114,0.005,0.233,0.037,0.206,0.036,0.004,0.207,0.125
12/11/2015 02:00,0,3.3,0,6.3,8.2,14.8,0.004,0.416,0.142,0,0.223,0.027,0.22,0.056,0.002,0.175,0.122
12/11/2015 03:00,0.2,2.5,0,1.8,13.3,12.1,0.018,0.39,0.18,0,0.203,0.02,0.128,0.049,0.001,0.146,0.144
12/11/2015 04:00,0.2,3.5,0.1,0.6,15.3,15.1,0.025,0.363,0.198,0.001,0.183,0.015,0.013,0.01,0,0.274,0.184
12/11/2015 05:00,0.9,3.7,0.1,0.1,15.1,15.8,0.022,0.299,0.213,0.045,0.179,0.012,0,0,0,0.372,0.235
12/11/2015 06:00,2.1,3.5,0.3,0,14,13.5,0.02,0.239,0.238,0.144,0.169,0.009,0,0,0,0.386,0.262
12/11/2015 07:00,3.4,3.3,0.3,0,12.5,11.1,0.018,0.191,0.255,0.205,0.11,0.007,0,0,0,0.348,0.231
12/11/2015 08:00,3.5,3.1,0.3,0.1,11.1,9.1,0.018,0.173,0.267,0.119,0.132,0.006,0,0,0.001,0.318,0.166
12/11/2015 09:00,2.5,3.3,0.4,0.2,10.2,7.8,0.02,0.197,0.271,0.104,0.05,0.004,0,0,0.001,0.296,0.124
12/11/2015 10:00,1.5,3.4,0.8,0.1,9.8,7,0.023,0.349,0.266,0.32,0.003,0.002,0,0,0.001,0.297,0.115
12/11/2015 11:00,0.2,3.3,1.4,0.1,9.2,5.7,0.028,0.301,0.264,0.45,0,0.001,0,0,0,0.338,0.105
12/11/2015 12:00,0,2.9,1.3,0.1,8.6,5.9,0.038,0.256,0.284,0.479,0,0,0,0.006,0,0.411,0.077
12/11/2015 13:00,0,2.6,0.9,0.1,8.8,7.3,0.05,0.205,0.324,0.452,0,0,0,0.011,0,0.498,0.043
12/11/2015 14:00,0.1,2.3,0.8,0.3,8.5,8.3,0.064,0.265,0.381,0.396,0,0,0,0.007,0,0.59,0.02
12/11/2015 15:00,0.1,2,0.8,0.7,7.8,9.1,0.078,0.498,0.434,0.325,0.002,0,0.001,0.002,0,0.668,0.011
12/11/2015 16:00,0.1,1.9,0.9,1.3,7.2,10,0.096,0.688,0.471,0.251,0.011,0,0.015,0.001,0,0.652,0.008
12/11/2015 17:00,0.1,1.9,1.1,2.1,6.3,10.5,0.117,0.776,0.505,0.19,0.032,0.003,0.049,0.004,0,0.586,0.008
12/11/2015 18:00,0.1,1.9,1.3,3.1,5.4,11.1,0.135,0.759,0.535,0.212,0.07,0.012,0.089,0.013,0,0.407,0.008
12/11/2015 19:00,0.1,2.1,1.8,3.9,4.5,11.8,0.145,0.686,0.578,0.245,0.103,0.032,0.094,0.03,0,0.255,0.009
12/11/2015 20:00,0.1,2.6,2.2,4.4,4.1,12.6,0.144,0.571,0.619,0.235,0.124,0.058,0.058,0.052,0,0.225,0.008
12/11/2015 21:00,0.1,3.3,2.4,4.4,3.6,12.6,0.147,0.504,0.645,0.199,0.122,0.076,0.018,0.076,0.001,0.254,0.006
12/11/2015 22:00,0.1,3.9,2.4,4.7,3.2,12.1,0.149,0.394,0.648,0.171,0.107,0.067,0.003,0.101,0.004,0.337,0.011
12/11/2015 23:00,0,4.6,2.4,5.4,3.2,11.6,0.138,0.355,0.644,0.169,0.09,0.061,0,0.132,0.008,0.425,0.016
13/11/2015 00:00,0,4.9,2.2,6.5,3.5,11.3,0.119,0.386,0.638,0.158,0.082,0.052,0.001,0.167,0.011,0.386,0.014
13/11/2015 01:00,0,4.7,1.7,8,3.7,11.1,0.073,0.57,0.638,0.125,0.074,0.035,0.002,0.2,0.009,0.281,0.013
13/11/2015 02:00,0,1.6,0.3,9.5,3.9,7.6,0.017,0.731,0.642,0.085,0.071,0.017,0.004,0.209,0.007,0.217,0.02
13/11/2015 03:00,0.2,0.8,0.1,5.9,6.8,5.3,0.01,0.722,0.649,0.049,0.075,0.006,0.001,0.138,0.011,0.164,0.041
13/11/2015 04:00,0.9,1.3,0.1,2.1,9.7,6.2,0.006,0.666,0.657,0.026,0.084,0.004,0,0.035,0.02,0.265,0.058
13/11/2015 05:00,2.1,1.2,0.2,0.3,11.5,5.1,0.004,0.57,0.661,0.012,0.089,0.005,0.006,0.003,0.025,0.383,0.057
13/11/2015 06:00,3.7,1.2,0.4,0.1,13,3.5,0.004,0.491,0.661,0.008,0.088,0.007,0.023,0,0.026,0.379,0.03
13/11/2015 07:00,4.8,1.4,0.4,0.1,13.8,2.4,0.004,0.429,0.651,0.012,0.041,0.009,0.042,0,0.026,0.325,0.008
13/11/2015 08:00,4.6,1.8,0.4,0.1,12.5,1.8,0.003,0.413,0.638,0.008,0.022,0.011,0.065,0,0.025,0.267,0.004
13/11/2015 09:00,3.7,2.3,0.4,0.1,9.1,1.8,0.002,0.397,0.622,0.005,0.012,0.011,0.094,0,0.028,0.211,0.005
13/11/2015 10:00,1.7,2.8,0.4,0.2,6.9,2.7,0.002,0.383,0.604,0.04,0.009,0.011,0.137,0,0.045,0.174,0.007
13/11/2015 11:00,0.2,3.4,0.6,0.4,5.6,4.4,0.004,0.364,0.586,0.118,0.01,0.011,0.185,0,0.077,0.144,0.015
13/11/2015 12:00,0,3.8,0.5,1.5,5.8,9.1,0.012,0.289,0.568,0.147,0.015,0.011,0.228,0.001,0.111,0.126,0.039
13/11/2015 13:00,0,3.5,0.7,3.6,6.4,14,0.03,0.42,0.547,0.154,0.018,0.002,0.264,0.006,0.137,0.128,0.062
13/11/2015 14:00,0,2.8,1,6.6,7.1,16.1,0.058,0.481,0.529,0.147,0.017,0.002,0.274,0.022,0.159,0.155,0.094
13/11/2015 15:00,0,2.2,1.3,8.4,7.7,16.6,0.088,0.362,0.516,0.133,0.018,0.004,0.289,0.035,0.16,0.194,0.128
13/11/2015 16:00,0,1.9,1.4,9.1,8,16.5,0.116,0.26,0.503,0.122,0.023,0.01,0.305,0.031,0.142,0.254,0.159
13/11/2015 17:00,0,1.8,1.3,9.8,7.8,16,0.13,0.206,0.485,0.13,0.027,0.02,0.299,0.015,0.123,0.319,0.182
13/11/2015 18:00,0,1.8,1.1,10.3,7.6,15.6,0.124,0.152,0.457,0.185,0.036,0.029,0.287,0.003,0.105,0.311,0.185
13/11/2015 19:00,0,1.8,0.9,10.3,7.2,15.4,0.104,0.108,0.426,0.267,0.048,0.035,0.284,0,0.085,0.266,0.179
13/11/2015 20:00,0,1.8,0.8,9.9,6.9,15.4,0.071,0.084,0.4,0.284,0.067,0.043,0.25,0,0.065,0.203,0.184
13/11/2015 21:00,0,1.8,0.6,9.8,6.2,15.1,0.043,0.074,0.375,0.214,0.076,0.049,0.202,0,0.059,0.162,0.21
13/11/2015 22:00,0,1.9,0.6,10,5.9,14.5,0.028,0.109,0.348,0.112,0.074,0.037,0.164,0,0.074,0.144,0.225
13/11/2015 23:00,0,2,0.5,9.8,6,13.8,0.025,0.207,0.321,0.049,0.075,0.04,0.163,0.001,0.102,0.131,0.207
14/11/2015 00:00,0,2.2,0.6,9.3,6.3,13.4,0.026,0.343,0.292,0.027,0.085,0.047,0.163,0.002,0.145,0.125,0.19
14/11/2015 01:00,0,2.1,0.5,8.5,6.1,12.9,0.015,0.438,0.261,0.022,0.107,0.035,0.151,0.001,0.174,0.131,0.192
14/11/2015 02:00,0.1,0.8,0.1,6.4,3.9,9.9,0.002,0.448,0.241,0.021,0.136,0.019,0.136,0.001,0.177,0.127,0.2
14/11/2015 03:00,0.7,0.6,0.1,1.9,6.5,6.7,0.001,0.367,0.257,0.017,0.17,0.007,0.118,0.001,0.168,0.118,0.206
14/11/2015 04:00,1.9,1,0.1,0.3,12.6,8.7,0,0.341,0.302,0.005,0.199,0.001,0.13,0,0.146,0.213,0.201
14/11/2015 05:00,3.7,1.1,0.2,0.1,15.1,8.5,0,0.308,0.352,0,0.203,0,0.169,0,0.132,0.318,0.2
14/11/2015 06:00,6.8,1,0.3,0.2,15,6.4,0,0.222,0.39,0,0.18,0,0.205,0,0.124,0.301,0.213
14/11/2015 07:00,9,0.9,0.6,0.4,14.2,4.4,0,0.151,0.41,0,0.082,0,0.25,0.003,0.126,0.252,0.235
14/11/2015 08:00,9.5,1,0.8,0.8,12.9,2.9,0,0.124,0.42,0,0.102,0,0.311,0.005,0.135,0.218,0.253
14/11/2015 09:00,7.8,1.1,0.9,1.2,10.7,2.1,0,0.132,0.431,0,0.095,0,0.363,0.003,0.186,0.206,0.259
14/11/2015 10:00,3.9,1.4,0.9,1.4,8.7,1.8,0,0.158,0.434,0,0.068,0,0.398,0.001,0.294,0.212,0.257
14/11/2015 11:00,2,1.5,0.9,1.7,7,1.9,0,0.167,0.431,0.001,0.052,0.001,0.407,0,0.392,0.227,0.251
14/11/2015 12:00,1.6,1.6,0.9,3.7,7,3,0,0.15,0.423,0.004,0.046,0.022,0.38,0,0.468,0.265,0.24
14/11/2015 13:00,1.5,1.7,1.1,5.4,7.7,5,0,0.183,0.414,0.009,0.043,0.013,0.334,0.001,0.542,0.348,0.228
14/11/2015 14:00,1.1,1.9,1.3,6.3,8,6.4,0,0.188,0.407,0.011,0.036,0.003,0.294,0.001,0.6,0.479,0.22
14/11/2015 15:00,0.8,2.1,1.3,6,8,7,0.001,0.166,0.395,0.009,0.033,0.003,0.308,0,0.637,0.588,0.224
14/11/2015 16:00,0.8,2,1.2,5.3,7.4,7.2,0.003,0.119,0.38,0.009,0.038,0.002,0.317,0,0.666,0.589,0.241
14/11/2015 17:00,0.8,2.1,1,4.6,6.3,7.7,0.005,0.081,0.376,0.016,0.041,0.004,0.272,0.004,0.673,0.56,0.268
14/11/2015 18:00,0.7,2.2,0.9,4.1,5,8.7,0.007,0.053,0.388,0.048,0.032,0.011,0.207,0.019,0.642,0.533,0.302
14/11/2015 19:00,0.7,2.5,0.8,3.6,3.9,10,0.005,0.035,0.401,0.137,0.029,0.02,0.16,0.042,0.607,0.459,0.32
14/11/2015 20:00,0.6,3,0.8,3.4,3.1,11,0.002,0.019,0.407,0.194,0.035,0.031,0.126,0.058,0.58,0.357,0.311
14/11/2015 21:00,0.5,3.6,0.8,3.3,2.6,11.5,0.001,0.031,0.367,0.201,0.032,0.037,0.1,0.074,0.544,0.255,0.302
14/11/2015 22:00,0.3,4.2,0.9,3.1,2.3,11.8,0.001,0.082,0.308,0.186,0.017,0.028,0.081,0.094,0.501,0.198,0.324
14/11/2015 23:00,0.2,4.7,0.9,2.8,2.3,11.9,0.002,0.114,0.261,0.174,0.003,0.04,0.068,0.096,0.485,0.152,0.344
15/11/2015 00:00,0.1,5.1,1,2.3,2.4,12,0.003,0.12,0.233,0.17,0,0.056,0.054,0.079,0.513,0.114,0.345
15/11/2015 01:00,0.2,4.9,0.6,1.9,2.1,12.1,0.002,0.119,0.223,0.169,0,0.042,0.046,0.061,0.552,0.093,0.325
15/11/2015 02:00,0.2,2.1,0.1,1.6,0.9,9.5,0,0.111,0.22,0.168,0.001,0.028,0.093,0.058,0.562,0.076,0.29
15/11/2015 03:00,0.9,0.8,0.1,0.4,3.1,5.7,0,0.072,0.25,0.164,0.002,0.022,0.235,0.041,0.545,0.059,0.278
15/11/2015 04:00,3,1.3,0.3,0,7.1,6.4,0,0.064,0.302,0.158,0.001,0.02,0.432,0.011,0.519,0.097,0.307
15/11/2015 05:00,6.4,1.5,0.4,0.1,9,5.8,0,0.074,0.355,0.136,0,0.015,0.398,0.002,0.499,0.133,0.341
15/11/2015 06:00,9.4,1.6,0.6,0.5,10,4.4,0,0.095,0.405,0.091,0,0.012,0.284,0,0.488,0.127,0.358
15/11/2015 07:00,11.2,1.9,0.8,1.1,10.9,3.6,0,0.154,0.443,0.048,0,0.01,0.184,0.001,0.492,0.092,0.362
15/11/2015 08:00,10.8,2.1,0.8,1.8,11.8,3.4,0.001,0.22,0.464,0.01,0,0.01,0.12,0,0.513,0.066,0.362
15/11/2015 09:00,8.3,2.4,0.6,2.3,12.3,3.4,0.001,0.209,0.476,0.02,0.003,0.01,0.082,0,0.555,0.063,0.367
15/11/2015 10:00,4.4,2.4,0.5,2.9,12.1,3.6,0.001,0.201,0.473,0.009,0.008,0.01,0.064,0,0.603,0.078,0.367
15/11/2015 11:00,2.8,2.4,0.5,4.1,10.6,4.3,0.001,0.245,0.457,0,0.016,0.01,0.069,0,0.638,0.114,0.355
15/11/2015 12:00,2.5,2.5,0.5,7.6,10.2,7,0,0.223,0.436,0,0.024,0.008,0.092,0,0.663,0.171,0.34
15/11/2015 13:00,2.3,2.5,0.6,10.1,10.5,11,0,0.266,0.43,0,0.029,0.002,0.139,0,0.676,0.268,0.334
15/11/2015 14:00,2.1,2.4,0.8,11.5,9.5,13.7,0,0.415,0.444,0,0.031,0.003,0.213,0,0.69,0.435,0.343
15/11/2015 15:00,2.1,2.5,0.8,12.2,8.4,15.5,0,0.522,0.467,0.001,0.035,0.006,0.251,0,0.686,0.619,0.364
15/11/2015 16:00,1.9,2.8,0.9,12.3,7.5,16.8,0.001,0.542,0.501,0.002,0.039,0.008,0.191,0,0.668,0.668,0.402
15/11/2015 17:00,1.6,2.8,0.8,11.6,7,17.9,0.002,0.574,0.536,0.008,0.041,0.011,0.105,0.012,0.655,0.685,0.447
15/11/2015 18:00,1.2,2.9,0.8,10.8,6.6,18.7,0.003,0.59,0.568,0.045,0.03,0.017,0.055,0.049,0.642,0.661,0.491
15/11/2015 19:00,0.7,2.8,0.7,9.7,6.4,19.2,0.005,0.567,0.59,0.128,0.021,0.028,0.025,0.084,0.627,0.532,0.504
15/11/2015 20:00,0.7,2.8,0.7,8.5,6.6,19.4,0.004,0.504,0.604,0.191,0.015,0.041,0.01,0.093,0.607,0.391,0.488
15/11/2015 21:00,0.4,2.6,0.8,8.1,6.2,18.9,0.003,0.422,0.583,0.2,0.015,0.045,0.007,0.096,0.58,0.273,0.492
15/11/2015 22:00,0.2,2.6,1.1,8.7,5.6,17.9,0.002,0.457,0.541,0.174,0.023,0.03,0.01,0.113,0.552,0.191,0.516
15/11/2015 23:00,0.2,2.8,1.4,9.5,4.8,16.8,0.001,0.511,0.509,0.135,0.04,0.035,0.02,0.12,0.517,0.134,0.554
16/11/2015 00:00,0.1,2.9,1.9,10.5,4.2,15.7,0.002,0.55,0.488,0.101,0.058,0.031,0.05,0.088,0.529,0.112,0.589
16/11/2015 01:00,0.2,2.9,1.7,11.7,3.6,14.7,0.002,0.59,0.471,0.076,0.073,0.022,0.104,0.032,0.556,0.107,0.599
16/11/2015 02:00,0.2,1.9,0.4,11.5,3.1,10.5,0,0.619,0.46,0.072,0.091,0.017,0.14,0.002,0.56,0.106,0.593
16/11/2015 03:00,1.6,0.9,0.4,5.4,6.3,5.6,0,0.641,0.498,0.088,0.117,0.01,0.129,0,0.549,0.108,0.59
16/11/2015 04:00,4.2,1.8,0.6,4.1,9.8,8,0,0.65,0.555,0.11,0.14,0.007,0.118,0,0.518,0.182,0.593
16/11/2015 05:00,7.6,2.6,0.8,13.2,11.4,9.7,0,0.67,0.595,0.13,0.153,0.007,0.12,0,0.471,0.246,0.603
16/11/2015 06:00,10.9,2.9,1.1,15.3,12,7.8,0,0.684,0.62,0.132,0.139,0.008,0.113,0,0.431,0.245,0.613
16/11/2015 07:00,12.4,3.2,1.3,16.4,12.1,5.9,0.001,0.692,0.629,0.112,0.052,0.01,0.11,0,0.393,0.208,0.63
16/11/2015 08:00,11.6,3.6,1.2,16.5,11.5,4.8,0.002,0.695,0.627,0.049,0.048,0.012,0.118,0,0.354,0.198,0.654
16/11/2015 09:00,8.9,4.1,1,15.5,10.7,4.7,0.004,0.692,0.617,0.026,0.015,0.015,0.134,0,0.332,0.222,0.682
16/11/2015 10:00,4.7,4.1,1.1,14.3,10.5,5.4,0.003,0.709,0.601,0.035,0,0.02,0.153,0,0.348,0.267,0.7
16/11/2015 11:00,3.4,4.3,1.1,13.8,10.1,6.9,0.002,0.708,0.587,0.023,0,0.031,0.17,0,0.38,0.33,0.704
16/11/2015 12:00,3.2,5.2,1.1,15.8,9.8,11,0,0.732,0.583,0.006,0,0.038,0.191,0,0.387,0.415,0.696
16/11/2015 13:00,2.9,6,1.4,16.5,10.8,16.4,0,0.772,0.59,0.001,0,0.031,0.212,0,0.365,0.513,0.683
16/11/2015 14:00,3,6.3,2.2,15.3,11.1,20.1,0,0.804,0.601,0,0.001,0.051,0.228,0,0.344,0.607,0.677
16/11/2015 15:00,3,5.6,2.7,14.7,10.7,22.4,0,0.8,0.618,0.003,0.001,0.06,0.218,0,0.326,0.68,0.678
16/11/2015 16:00,2.6,4.8,2.9,14.1,9.5,23.5,0,0.757,0.63,0.019,0.004,0.07,0.177,0,0.325,0.644,0.686
16/11/2015 17:00,2.2,4.6,3.3,12.3,8.6,23.7,0,0.72,0.631,0.054,0.014,0.093,0.154,0,0.341,0.605,0.7
16/11/2015 18:00,1.6,4.6,3.3,10.5,8.3,23.4,0,0.686,0.625,0.122,0.037,0.115,0.153,0,0.367,0.565,0.712
16/11/2015 19:00,1.4,4.1,3,9.6,8.1,23.2,0.003,0.612,0.61,0.187,0.046,0.136,0.134,0,0.422,0.495,0.725
16/11/2015 20:00,1,3.9,2.8,8.4,7.3,23.1,0.009,0.512,0.586,0.197,0.032,0.151,0.1,0,0.472,0.414,0.742
16/11/2015 21:00,0.5,3.8,2.1,6.3,6.1,22.4,0.011,0.525,0.514,0.17,0.016,0.125,0.064,0,0.492,0.336,0.746
16/11/2015 22:00,0.2,3.4,1.6,4.7,5.5,21.5,0.009,0.618,0.419,0.141,0.008,0.088,0.042,0,0.481,0.269,0.732
16/11/2015 23:00,0.2,3.4,1.3,3.8,5.5,20.7,0.008,0.669,0.345,0.123,0.006,0.123,0.035,0,0.46,0.21,0.722
17/11/2015 00:00,0.1,3.5,1.4,3.4,6.1,20.2,0.008,0.703,0.294,0.118,0.01,0.146,0.029,0,0.447,0.173,0.722
17/11/2015 01:00,0.1,3.3,1.6,3.4,5.7,20.2,0.007,0.72,0.262,0.127,0.026,0.176,0.022,0,0.427,0.154,0.727
17/11/2015 02:00,0.2,2.4,0.5,2.6,5.1,15.3,0.003,0.711,0.245,0.141,0.062,0.175,0.013,0,0.395,0.139,0.73
17/11/2015 03:00,1,1.7,0.5,1.2,8.1,9.3,0.003,0.705,0.271,0.133,0.098,0.186,0.001,0,0.364,0.11,0.737
17/11/2015 04:00,2.7,2,1.1,0.8,8.7,12,0.001,0.722,0.321,0.099,0.125,0.179,0,0,0.334,0.164,0.741
17/11/2015 05:00,5.3,3.6,1.4,0.7,8.7,12.8,0,0.722,0.353,0.054,0.145,0.167,0.001,0,0.304,0.254,0.737
17/11/2015 06:00,7.7,4.3,1.9,0.7,9.1,9,0.001,0.697,0.358,0.022,0.131,0.16,0.005,0,0.284,0.297,0.73
17/11/2015 07:00,8.8,4.6,2.4,0.6,8.7,6.4,0.001,0.626,0.342,0.009,0.041,0.136,0.019,0,0.281,0.26,0.72
17/11/2015 08:00,8.1,4.7,2.5,0.5,7.8,5,0.001,0.613,0.329,0.002,0.004,0.126,0.051,0,0.28,0.22,0.708
17/11/2015 09:00,6,4.3,2.1,0.6,6.9,4.6,0.001,0.617,0.346,0,0,0.133,0.101,0.001,0.284,0.192,0.7
17/11/2015 10:00,2.7,3.9,1.6,1,6.3,5,0.003,0.594,0.33,0,0,0.133,0.156,0.003,0.323,0.188,0.692
17/11/2015 11:00,1.1,5.3,1.2,1.8,6,6.4,0.009,0.568,0.27,0,0.004,0.125,0.202,0.007,0.358,0.22,0.687
17/11/2015 12:00,0.7,7.5,1.1,3.4,6.4,11.6,0.017,0.525,0.222,0.012,0.007,0.108,0.256,0.025,0.361,0.285,0.682
17/11/2015 13:00,0.6,8.8,1.6,4.6,7.5,18.7,0.022,0.535,0.201,0.038,0.009,0.1,0.311,0.068,0.328,0.386,0.672
17/11/2015 14:00,0.5,9.6,2.1,5.1,8.5,24.1,0.019,0.566,0.187,0.061,0.009,0.166,0.333,0.114,0.291,0.523,0.653
17/11/2015 15:00,0.5,9.5,1.9,5.3,9.4,27.8,0.015,0.481,0.175,0.068,0.009,0.207,0.279,0.132,0.265,0.667,0.613
17/11/2015 16:00,0.4,8.4,1.7,5.4,10.1,30.2,0.019,0.388,0.175,0.066,0.009,0.225,0.238,0.131,0.261,0.699,0.565
17/11/2015 17:00,0.3,7.6,1.5,6,10.3,31.9,0.024,0.309,0.192,0.069,0.008,0.236,0.238,0.136,0.267,0.683,0.535
17/11/2015 18:00,0.3,7,1.5,7,10.3,33.1,0.023,0.237,0.209,0.101,0.01,0.243,0.311,0.156,0.28,0.662,0.51
17/11/2015 19:00,0.2,6.1,1.7,7.6,10.1,33.9,0.012,0.184,0.213,0.155,0.014,0.241,0.268,0.181,0.293,0.582,0.488
17/11/2015 20:00,0.2,5.3,1.8,7.3,8.6,34.8,0.007,0.154,0.208,0.192,0.019,0.225,0.158,0.192,0.311,0.475,0.476
17/11/2015 21:00,0.1,4.9,1.6,6.9,6.6,34.8,0.007,0.145,0.204,0.199,0.028,0.202,0.055,0.149,0.332,0.385,0.475
17/11/2015 22:00,0,4.5,1.4,6.9,5.6,34.4,0.006,0.219,0.195,0.175,0.043,0.155,0.006,0.076,0.367,0.309,0.469
17/11/2015 23:00,0.1,4.4,1.4,7.3,5.1,33.6,0.004,0.323,0.176,0.13,0.064,0.112,0.004,0.022,0.408,0.246,0.454
18/11/2015 00:00,0.1,4.4,2.2,8.4,5.2,32.5,0.002,0.377,0.157,0.08,0.088,0.096,0.006,0.001,0.459,0.196,0.438
18/11/2015 01:00,0.1,4.4,2.6,10.1,5.2,30.8,0.001,0.355,0.151,0.042,0.11,0.088,0.012,0,0.503,0.162,0.428
18/11/2015 02:00,0,3.5,0.9,10.5,6.9,21.9,0,0.298,0.153,0.015,0.122,0.09,0.019,0,0.525,0.135,0.423
18/11/2015 03:00,0.2,4.5,0.3,5.8,13.2,13.5,0,0.279,0.149,0.004,0.126,0.09,0.006,0,0.523,0.104,0.428
18/11/2015 04:00,0.7,5.8,0.1,2.1,17.2,16,0,0.241,0.142,0.001,0.123,0.092,0,0,0.513,0.142,0.444
18/11/2015 05:00,1.6,6.1,0.1,0.4,18.4,20.9,0,0.207,0.134,0,0.118,0.088,0.002,0,0.501,0.269,0.477
18/11/2015 06:00,2.3,6.2,0.1,0.3,18.4,17.9,0,0.13,0.12,0,0.105,0.088,0.01,0,0.494,0.291,0.507
18/11/2015 07:00,2.5,6.6,0.2,0.4,18.1,14.7,0,0.066,0.104,0.001,0.036,0.089,0.032,0,0.506,0.243,0.53
18/11/2015 08:00,2.8,7.2,0.3,0.6,17.9,12.5,0.002,0.06,0.1,0.001,0.003,0.09,0.075,0.001,0.532,0.201,0.55
18/11/2015 09:00,2.2,7.5,0.4,0.9,17.7,11.3,0.002,0.035,0.108,0,0,0.085,0.14,0.001,0.57,0.183,0.574
18/11/2015 10:00,1.3,7,0.6,1.5,17.3,11,0.001,0.009,0.119,0,0,0.077,0.216,0.001,0.604,0.193,0.601
18/11/2015 11:00,0.7,6.7,1,3.1,16.7,10.6,0.001,0.001,0.131,0.005,0,0.07,0.272,0.002,0.622,0.228,0.619
18/11/2015 12:00,0.2,7.8,1.8,7.4,15.9,14.1,0.002,0,0.139,0.027,0,0.054,0.311,0.004,0.624,0.282,0.619
18/11/2015 13:00,0,8.1,2.6,12.5,15.7,19.9,0,0,0.125,0.053,0.001,0.06,0.317,0.006,0.619,0.362,0.61
18/11/2015 14:00,0,7.3,3.1,16.8,15.4,25.5,0,0,0.093,0.077,0.005,0.08,0.294,0.003,0.615,0.484,0.605
18/11/2015 15:00,0,6.3,3.3,18.5,15.6,30.2,0,0,0.058,0.102,0.012,0.078,0.332,0,0.606,0.635,0.589
18/11/2015 16:00,0,5.3,3,17.8,14.8,33.5,0,0,0.03,0.129,0.023,0.069,0.415,0,0.593,0.73,0.56
18/11/2015 17:00,0,4.9,2.4,16.2,13.9,35.1,0,0.002,0.017,0.139,0.052,0.068,0.438,0,0.567,0.692,0.533
18/11/2015 18:00,0,4.9,1.9,14.2,11.8,35.7,0,0.011,0.012,0.213,0.121,0.07,0.353,0.001,0.532,0.663,0.51
18/11/2015 19:00,0,4.9,1.5,12.3,10.7,35.4,0,0.017,0.007,0.293,0.178,0.071,0.239,0.008,0.486,0.593,0.502
18/11/2015 20:00,0.1,5.1,1.5,11,11.5,35,0,0.009,0.006,0.3,0.209,0.067,0.155,0.023,0.441,0.525,0.513
18/11/2015 21:00,0.1,5.9,1.6,11.8,11.3,33,0.001,0.001,0.001,0.286,0.22,0.063,0.093,0.027,0.439,0.454,0.535
18/11/2015 22:00,0.2,6.6,1.6,14.4,10.9,31.6,0.001,0,0,0.241,0.229,0.061,0.053,0.017,0.464,0.413,0.55
18/11/2015 23:00,0.2,7.3,2.2,17,11,30.4,0,0,0,0.157,0.245,0.064,0.036,0.006,0.468,0.328,0.547
19/11/2015 00:00,0.3,8.2,3.3,19.6,10.5,29.7,0,0,0,0.078,0.245,0.055,0.029,0.002,0.46,0.177,0.525
19/11/2015 01:00,0.7,8.9,3.3,21.6,9.6,28.7,0,0.004,0,0.03,0.225,0.037,0.02,0,0.44,0.111,0.482
19/11/2015 02:00,0.2,7.2,1.1,20.4,10.3,21,0,0.023,0,0.012,0.202,0.029,0.01,0,0.413,0.092,0.44
19/11/2015 03:00,0.2,8.2,1.3,8.3,15,17.7,0,0.055,0,0.007,0.199,0.021,0.002,0.001,0.373,0.075,0.41
19/11/2015 04:00,0.2,8.8,1.3,1.8,18.7,20.9,0,0.078,0,0.002,0.208,0.019,0.002,0,0.328,0.144,0.384
19/11/2015 05:00,0.8,8.5,1.1,0.9,20.7,22.8,0,0.077,0.006,0.001,0.214,0.02,0.03,0,0.301,0.209,0.368
19/11/2015 06:00,1.5,7.4,0.8,0.4,21,17.6,0.001,0.063,0.026,0.001,0.201,0.023,0.088,0,0.3,0.179,0.357
19/11/2015 07:00,2.4,6.2,0.3,0.1,20.2,12.5,0.003,0.043,0.039,0.005,0.079,0.026,0.168,0.001,0.311,0.133,0.358
19/11/2015 08:00,2.7,5.2,0.1,0.1,19,9.2,0.005,0.02,0.036,0.009,0.042,0.029,0.256,0.004,0.309,0.102,0.383
19/11/2015 09:00,2.3,4.8,0.1,0.1,17.7,8.1,0.005,0.006,0.034,0.05,0.005,0.031,0.345,0.004,0.309,0.086,0.401
19/11/2015 10:00,1.2,4.9,0.3,0.1,17,8.6,0.004,0.001,0.031,0.101,0,0.035,0.461,0.002,0.3,0.082,0.401
19/11/2015 11:00,0.1,5.3,0.6,0.4,16.6,9.3,0.003,0,0.028,0.139,0,0.038,0.556,0.001,0.295,0.088,0.375
19/11/2015 12:00,0.1,6,1.1,1.6,15.8,12.8,0.001,0,0.024,0.152,0.008,0.026,0.626,0.004,0.291,0.118,0.345
19/11/2015 13:00,0.2,5.9,1.2,4.6,14.7,18.6,0.001,0,0.025,0.13,0.015,0.027,0.661,0.012,0.276,0.176,0.342
19/11/2015 14:00,0.2,5.4,1.3,8.3,15,24,0.001,0,0.033,0.109,0.018,0.038,0.616,0.015,0.279,0.244,0.346
19/11/2015 15:00,0.2,4.9,1.3,12.3,15.6,28,0.003,0.001,0.048,0.105,0.018,0.031,0.486,0.009,0.311,0.325,0.37
19/11/2015 16:00,0.2,4.4,1.4,16.5,17.3,30.4,0.017,0.003,0.068,0.106,0.018,0.026,0.327,0.008,0.343,0.425,0.402
19/11/2015 17:00,0.3,4.2,1.7,20,17.2,31.1,0.045,0.01,0.084,0.105,0.016,0.029,0.216,0.022,0.365,0.447,0.437
19/11/2015 18:00,0.4,4.3,2.1,22.1,16.8,31.1,0.069,0.036,0.096,0.136,0.011,0.034,0.134,0.063,0.376,0.43,0.447
19/11/2015 19:00,0.4,4.8,2.6,23,17.5,30.4,0.093,0.068,0.105,0.224,0.006,0.035,0.069,0.113,0.379,0.457,0.422
19/11/2015 20:00,0.4,5.6,3,23.4,16.1,30,0.133,0.088,0.111,0.358,0.005,0.035,0.019,0.144,0.376,0.422,0.39
19/11/2015 21:00,0.3,6.8,3.4,23.5,12.7,28.6,0.156,0.074,0.101,0.478,0.003,0.039,0.001,0.141,0.353,0.382,0.397
19/11/2015 22:00,0.2,8.5,3.8,23.4,9.7,27.4,0.152,0.054,0.077,0.512,0.002,0.034,0,0.114,0.337,0.302,0.41
19/11/2015 23:00,0.2,10.1,3.8,22.7,7.8,26.6,0.135,0.053,0.053,0.49,0.001,0.041,0,0.086,0.335,0.245,0.415
20/11/2015 00:00,0.2,11,4.1,22,7.4,26.9,0.107,0.071,0.035,0.463,0.001,0.044,0.009,0.075,0.376,0.161,0.395
20/11/2015 01:00,0.1,9.3,3.7,21.7,6.8,26.8,0.062,0.118,0.03,0.415,0.001,0.036,0.044,0.087,0.416,0.101,0.374
20/11/2015 02:00,0,4.6,1.1,19.7,8,20.8,0.021,0.183,0.036,0.379,0.003,0.029,0.085,0.12,0.444,0.075,0.387
20/11/2015 03:00,0.4,4.7,0.8,8.5,10.8,17.3,0.004,0.265,0.061,0.355,0.007,0.016,0.122,0.106,0.447,0.062,0.395
20/11/2015 04:00,0.6,5.5,0.4,2.1,12.9,20.8,0.001,0.314,0.089,0.34,0.009,0.008,0.325,0.061,0.441,0.151,0.393
20/11/2015 05:00,1,4.9,0.3,1.3,13.5,21.5,0,0.312,0.112,0.329,0.01,0.004,0.545,0.027,0.428,0.312,0.391
20/11/2015 06:00,1.7,3.7,0.1,0.4,13.2,16.7,0,0.28,0.132,0.316,0.01,0.003,0.697,0.002,0.409,0.316,0.383
20/11/2015 07:00,2.4,2.8,0.1,0.1,12.5,11.6,0,0.271,0.149,0.302,0.003,0.003,0.794,0,0.377,0.229,0.391
20/11/2015 08:00,2.4,2.4,0.1,0.1,11.9,8,0,0.296,0.166,0.168,0.001,0.004,0.844,0,0.332,0.156,0.397
20/11/2015 09:00,1.9,2.2,0,0.1,11.5,6,0,0.328,0.172,0.309,0.003,0.005,0.866,0,0.286,0.101,0.409
20/11/2015 10:00,1,2.3,0.1,0.3,11.1,5.6,0,0.343,0.162,0.501,0.008,0.004,0.874,0,0.268,0.057,0.413
20/11/2015 11:00,0.1,2.4,0.1,0.7,10.5,6.1,0,0.311,0.139,0.507,0.015,0.004,0.867,0,0.271,0.02,0.406
20/11/2015 12:00,0,2.5,0.3,1.9,10.3,8.6,0,0.26,0.115,0.46,0.021,0.004,0.855,0.002,0.279,0.005,0.374
20/11/2015 13:00,0.1,2.4,0.8,4.8,11.3,11.7,0,0.085,0.103,0.394,0.021,0.009,0.819,0.007,0.294,0.001,0.36
20/11/2015 14:00,0.2,2.1,1.1,8.9,11.9,14.8,0,0.072,0.114,0.327,0.018,0.028,0.713,0.011,0.314,0.004,0.354
20/11/2015 15:00,0.2,1.8,1.3,13,11.6,17.8,0.001,0.276,0.136,0.268,0.015,0.034,0.436,0.011,0.323,0.037,0.352
20/11/2015 16:00,0.2,1.8,1.4,16.8,12.3,20.5,0.003,0.169,0.142,0.225,0.017,0.031,0.233,0.01,0.318,0.138,0.358
20/11/2015 17:00,0.2,1.8,1.4,20.5,12.3,21.9,0.012,0.096,0.13,0.186,0.018,0.034,0.158,0.011,0.319,0.281,0.367
20/11/2015 18:00,0.2,2.1,1.6,23.9,12.1,22.6,0.025,0.05,0.115,0.196,0.021,0.043,0.112,0.013,0.334,0.364,0.379
20/11/2015 19:00,0.2,2.7,1.9,26.1,12.3,23,0.037,0.024,0.106,0.223,0.025,0.057,0.093,0.016,0.338,0.32,0.386
20/11/2015 20:00,0.1,3.4,2.1,27.1,12.8,23.5,0.045,0.019,0.098,0.215,0.022,0.072,0.075,0.022,0.335,0.3,0.391
20/11/2015 21:00,0.1,4.3,2.4,27.5,13.6,23.8,0.046,0.019,0.08,0.177,0.013,0.077,0.069,0.037,0.343,0.257,0.396
20/11/2015 22:00,0,4.9,2.4,27.2,12,23.9,0.036,0.013,0.061,0.131,0.005,0.058,0.067,0.058,0.352,0.214,0.364
20/11/2015 23:00,0,5.1,2.4,25.7,10.8,23.9,0.024,0.006,0.046,0.094,0.001,0.041,0.06,0.08,0.347,0.189,0.333
21/11/2015 00:00,0,5.6,2.6,23.6,10.9,23.7,0.018,0.002,0.046,0.073,0,0.042,0.051,0.088,0.354,0.184,0.297
21/11/2015 01:00,0,5.3,2.4,21.7,10,23.1,0.013,0.001,0.061,0.074,0.004,0.039,0.031,0.083,0.347,0.229,0.281
21/11/2015 02:00,0,2.3,0.4,18.3,9.5,18.4,0.004,0.001,0.089,0.095,0.023,0.036,0.009,0.077,0.32,0.217,0.272
21/11/2015 03:00,0.3,1.9,0.3,7.6,13.2,13.4,0.003,0.006,0.124,0.134,0.039,0.028,0.007,0.059,0.292,0.198,0.259
21/11/2015 04:00,0.6,2,0.3,2.2,15.8,12.1,0.002,0.037,0.167,0.177,0.044,0.021,0.057,0.033,0.264,0.288,0.277
21/11/2015 05:00,1.3,1.6,0.3,1.8,16.3,9.6,0.001,0.097,0.223,0.214,0.037,0.018,0.131,0.016,0.248,0.446,0.311
21/11/2015 06:00,2.1,1.1,0.3,1.4,16.2,4.9,0,0.147,0.264,0.244,0.03,0.017,0.217,0.007,0.252,0.426,0.337
21/11/2015 07:00,2.5,0.9,0.1,0.5,15.9,1.9,0,0.179,0.232,0.259,0.012,0.014,0.314,0.001,0.272,0.325,0.355
21/11/2015 08:00,2.5,0.9,0.1,0.2,15.3,0.7,0,0.218,0.185,0.135,0.002,0.014,0.409,0,0.297,0.209,0.378
21/11/2015 09:00,1.7,1.1,0.1,0.1,14.4,0.4,0,0.225,0.167,0.118,0,0.014,0.473,0.001,0.336,0.106,0.379
21/11/2015 10:00,0.8,1.6,0.1,0.3,13.5,0.5,0,0.146,0.147,0.376,0,0.016,0.504,0.004,0.422,0.038,0.371
21/11/2015 11:00,0.1,2.2,0.3,1.1,12,0.9,0,0.108,0.12,0.344,0,0.016,0.532,0.021,0.516,0.006,0.354
21/11/2015 12:00,0,2.4,0.4,5.3,11,3.1,0,0.119,0.095,0.256,0,0.012,0.529,0.068,0.556,0,0.327
21/11/2015 13:00,0,2.2,0.6,13.3,11.5,6.7,0,0.027,0.072,0.182,0,0.021,0.466,0.114,0.544,0,0.301
21/11/2015 14:00,0.1,1.8,0.9,22.2,11.3,10,0,0.007,0.056,0.133,0,0.04,0.363,0.134,0.516,0.011,0.289
21/11/2015 15:00,0.1,1.7,1.1,27.8,11.2,12,0,0.02,0.059,0.101,0,0.061,0.274,0.135,0.488,0.093,0.272
21/11/2015 16:00,0.2,1.7,1.3,30.4,11.2,12.5,0,0.002,0.075,0.084,0,0.084,0.299,0.142,0.465,0.182,0.251
21/11/2015 17:00,0.2,1.8,1.4,31.4,11.3,12.3,0,0,0.089,0.076,0.003,0.109,0.3,0.174,0.489,0.195,0.238
21/11/2015 18:00,0.1,1.8,1.4,30.7,10.8,11.5,0,0,0.113,0.088,0.036,0.133,0.22,0.22,0.538,0.155,0.243
21/11/2015 19:00,0,2,1.3,28.4,9.6,10.2,0.001,0,0.158,0.118,0.102,0.151,0.127,0.246,0.568,0.122,0.251
21/11/2015 20:00,0,2.5,1.1,25.2,9.5,8.8,0.002,0.004,0.231,0.141,0.187,0.158,0.063,0.231,0.547,0.135,0.258
21/11/2015 21:00,0,3.3,1,23.2,8.6,7.8,0.006,0.02,0.32,0.141,0.262,0.144,0.025,0.167,0.527,0.123,0.274
21/11/2015 22:00,0,3.9,0.9,21.9,8.2,7.6,0.013,0.072,0.439,0.105,0.305,0.094,0.008,0.107,0.535,0.101,0.284
21/11/2015 23:00,0,4.3,0.8,20.5,8.9,7.8,0.025,0.153,0.573,0.047,0.322,0.059,0.004,0.072,0.571,0.074,0.282
22/11/2015 00:00,0,4.3,0.8,19.3,9.1,8.1,0.035,0.217,0.654,0.006,0.294,0.058,0.003,0.055,0.649,0.045,0.266
22/11/2015 01:00,0,3.8,0.9,18.9,9.8,8.6,0.032,0.238,0.663,0,0.243,0.047,0.002,0.046,0.705,0.036,0.253
22/11/2015 02:00,0,1.6,0.1,17.8,10.8,7.3,0.008,0.254,0.626,0,0.196,0.029,0.002,0.039,0.726,0.035,0.256
22/11/2015 03:00,0.2,0.8,0,7.7,15.6,4.9,0.002,0.312,0.591,0.001,0.169,0.015,0.001,0.024,0.739,0.041,0.251
22/11/2015 04:00,0.5,0.9,0.1,1.8,22.2,4.2,0.001,0.373,0.578,0.005,0.151,0.01,0.004,0.001,0.744,0.093,0.233
22/11/2015 05:00,1.2,0.8,0.1,1.1,24.1,4,0,0.407,0.583,0.021,0.135,0.01,0.058,0,0.737,0.212,0.23
22/11/2015 06:00,2.2,0.6,0.1,0.3,24,2.6,0.001,0.364,0.605,0.054,0.118,0.006,0.184,0,0.725,0.25,0.237
22/11/2015 07:00,2.8,0.6,0.1,0,23.3,1.4,0.001,0.332,0.653,0.097,0.054,0.004,0.289,0,0.71,0.236,0.264
22/11/2015 08:00,2.7,0.6,0.1,0,21.9,0.6,0,0.295,0.682,0.068,0.048,0.002,0.381,0,0.674,0.187,0.291
22/11/2015 09:00,2.2,0.6,0.1,0,19.7,0.3,0,0.255,0.671,0.053,0.038,0.001,0.459,0,0.651,0.157,0.328
22/11/2015 10:00,1.3,0.8,0.1,0.2,16.8,0.3,0,0.238,0.627,0.084,0.013,0.001,0.509,0,0.653,0.145,0.358
22/11/2015 11:00,0.4,1.5,0.1,1.7,13.1,0.6,0,0.285,0.58,0.124,0.003,0.001,0.528,0,0.639,0.146,0.362
22/11/2015 12:00,0.1,2.1,0.7,7.3,13,2.1,0,0.328,0.557,0.137,0.001,0.001,0.513,0,0.616,0.166,0.351
22/11/2015 13:00,0,2.4,1.6,15.6,14.2,5.2,0,0.148,0.586,0.111,0,0,0.467,0.001,0.601,0.227,0.336
22/11/2015 14:00,0.1,2.4,2.3,22.7,14.5,8.6,0,0.068,0.638,0.073,0,0.001,0.406,0.001,0.581,0.337,0.315
22/11/2015 15:00,0.1,2.3,2.7,24.8,13.2,10.5,0,0.259,0.666,0.046,0,0.001,0.417,0,0.554,0.464,0.264
22/11/2015 16:00,0,2.4,2.7,23.8,12.9,10.8,0,0.568,0.649,0.033,0,0.001,0.439,0,0.527,0.496,0.193
22/11/2015 17:00,0.1,2.4,2.8,22.7,12.5,10.3,0.001,0.398,0.587,0.031,0,0.003,0.367,0,0.519,0.404,0.155
22/11/2015 18:00,0.2,2.5,2.8,20.4,11.8,9.7,0.002,0.368,0.497,0.043,0,0.009,0.261,0,0.509,0.298,0.144
22/11/2015 19:00,0.2,2.4,2.8,17,11.3,9.1,0.003,0.471,0.414,0.067,0,0.023,0.187,0.003,0.481,0.225,0.143
22/11/2015 20:00,0.1,2.5,2.6,13.7,11.1,8.1,0.002,0.459,0.366,0.078,0.001,0.043,0.128,0.007,0.442,0.176,0.136
22/11/2015 21:00,0.1,2.6,2.6,11.6,10.3,7.6,0.002,0.337,0.314,0.068,0.002,0.064,0.088,0.004,0.364,0.133,0.142
22/11/2015 22:00,0,2.6,2.5,10.7,10,7.6,0.002,0.343,0.278,0.037,0.003,0.058,0.065,0.001,0.29,0.106,0.162
22/11/2015 23:00,0,2.4,2.4,9.8,9.6,7.8,0.003,0.344,0.259,0.007,0.004,0.047,0.053,0.001,0.261,0.093,0.182
23/11/2015 00:00,0,2.3,2.3,9,9.6,8.1,0.004,0.337,0.22,0,0.006,0.051,0.049,0.005,0.291,0.093,0.184
23/11/2015 01:00,0,2.2,2.3,8.1,9.1,8.5,0.002,0.344,0.186,0,0.011,0.05,0.055,0.018,0.364,0.099,0.167
23/11/2015 02:00,0,1,0.5,7.1,9.7,7.1,0,0.261,0.188,0.004,0.022,0.039,0.074,0.034,0.449,0.144,0.153
23/11/2015 03:00,0.2,0.4,0.4,2.7,14.6,6.6,0,0.207,0.21,0.026,0.039,0.033,0.05,0.02,0.507,0.156,0.146
23/11/2015 04:00,1.1,0.2,0.3,0.5,17.3,6.8,0,0.157,0.231,0.057,0.061,0.032,0.026,0.007,0.544,0.249,0.146
23/11/2015 05:00,2.5,0.1,0.3,0.3,16.6,5.6,0,0.124,0.241,0.097,0.083,0.032,0.096,0.013,0.571,0.367,0.156
23/11/2015 06:00,4,0.1,0.2,0.3,14.4,3.8,0.001,0.056,0.24,0.158,0.099,0.028,0.144,0.025,0.583,0.352,0.174
23/11/2015 07:00,4.3,0.1,0.1,0.3,11.5,2.3,0.001,0.003,0.238,0.219,0.046,0.024,0.185,0.016,0.595,0.286,0.194
23/11/2015 08:00,3.5,0.2,0.1,0.6,8.7,1.3,0.001,0,0.217,0.131,0.014,0.021,0.231,0.006,0.599,0.235,0.223
23/11/2015 09:00,2.7,0.3,0.1,1.3,6,0.9,0.001,0,0.179,0.093,0.002,0.011,0.278,0.002,0.59,0.21,0.259
23/11/2015 10:00,1.4,0.4,0.1,2.7,4.1,0.9,0,0.03,0.156,0.156,0,0.006,0.325,0.001,0.613,0.203,0.295
23/11/2015 11:00,0.4,0.9,0.3,6.3,3.1,1.4,0,0.079,0.151,0.253,0.001,0.003,0.348,0.001,0.656,0.215,0.324
23/11/2015 12:00,0.1,1.4,0.6,13.5,2.9,3.6,0,0.075,0.162,0.267,0.003,0.001,0.334,0.002,0.685,0.254,0.343
23/11/2015 13:00,0,1.6,1,18.6,2.8,7,0,0.048,0.167,0.241,0.008,0.001,0.289,0.004,0.696,0.329,0.349
23/11/2015 14:00,0,1.4,1.4,20.9,2.8,10.1,0,0.045,0.159,0.208,0.015,0.001,0.217,0.004,0.697,0.454,0.343
23/11/2015 15:00,0,1.3,1.4,20.9,2.9,12,0,0.008,0.161,0.171,0.025,0.001,0.192,0.002,0.696,0.592,0.323
23/11/2015 16:00,0,1.2,1.2,19.3,3.2,12.6,0,0.008,0.164,0.137,0.036,0.001,0.199,0,0.69,0.655,0.302
23/11/2015 17:00,0,1.3,1.1,17.6,3.3,12.4,0,0.122,0.148,0.111,0.042,0.002,0.203,0,0.679,0.621,0.274
23/11/2015 18:00,0.2,1.3,1,16.5,3.4,11.8,0,0.291,0.122,0.092,0.039,0.008,0.188,0,0.649,0.574,0.231
23/11/2015 19:00,0.3,1.2,1,16.1,4.2,11.1,0.001,0.336,0.089,0.09,0.032,0.019,0.154,0.001,0.61,0.523,0.198
23/11/2015 20:00,0.2,1.2,1,16,5.7,10.6,0.004,0.325,0.055,0.085,0.028,0.032,0.133,0.005,0.586,0.467,0.206
23/11/2015 21:00,0.1,1.2,1.1,16.5,6.8,10.5,0.007,0.516,0.026,0.068,0.035,0.047,0.108,0.007,0.593,0.407,0.233
23/11/2015 22:00,0,1.2,1.2,17.5,7.2,10.7,0.008,0.544,0.011,0.041,0.058,0.046,0.058,0.006,0.63,0.347,0.259
23/11/2015 23:00,0,1.2,1.1,18.8,7.7,11,0.007,0.607,0.008,0.018,0.101,0.03,0.027,0.002,0.651,0.294,0.279
24/11/2015 00:00,0,1.3,0.9,20.3,8,11.8,0.005,0.644,0.012,0.009,0.16,0.033,0.03,0,0.685,0.243,0.284
24/11/2015 01:00,0,1.2,1,21.7,8,12.8,0.002,0.618,0.019,0.014,0.218,0.032,0.045,0,0.714,0.187,0.286
24/11/2015 02:00,0,0.4,0.1,21.1,8.5,10.9,0,0.598,0.035,0.032,0.255,0.036,0.05,0,0.738,0.154,0.256
24/11/2015 03:00,0.1,0.1,0,11,11.8,8.1,0,0.82,0.067,0.063,0.27,0.035,0.015,0,0.75,0.125,0.212
24/11/2015 04:00,0.5,0,0,5.1,13.3,8,0,0.855,0.113,0.106,0.264,0.029,0.007,0,0.746,0.211,0.185
24/11/2015 05:00,1.6,0.1,0.1,6.4,12.3,7.8,0,0.756,0.138,0.158,0.252,0.027,0.061,0,0.73,0.264,0.176
24/11/2015 06:00,2.9,0.1,0.1,8,10.3,5.7,0,0.672,0.146,0.217,0.231,0.03,0.084,0.005,0.718,0.242,0.181
24/11/2015 07:00,3.9,0.3,0.1,7.5,8.5,4,0,0.62,0.14,0.259,0.128,0.022,0.097,0.012,0.726,0.194,0.206
24/11/2015 08:00,4.3,0.6,0.2,7.5,7.1,3.1,0,0.556,0.128,0.156,0.186,0.017,0.133,0.005,0.755,0.177,0.241
24/11/2015 09:00,3,0.9,0.2,8.1,6.3,2.9,0,0.457,0.122,0.072,0.107,0.013,0.179,0.001,0.766,0.177,0.291
24/11/2015 10:00,1.4,1.6,0.1,9.3,5.8,2.8,0,0.315,0.124,0.13,0.027,0.008,0.215,0,0.752,0.192,0.347
24/11/2015 11:00,0.3,3.3,0,12.3,5.6,3.3,0,0.283,0.127,0.22,0.003,0.005,0.232,0,0.74,0.236,0.379
24/11/2015 12:00,0.1,4.1,0.3,21.7,6.9,6.1,0,0.25,0.138,0.225,0,0.003,0.227,0,0.753,0.332,0.39
24/11/2015 13:00,0,3.8,0.9,27.6,9.3,10.5,0,0.152,0.158,0.189,0,0.001,0.203,0.003,0.77,0.494,0.386
24/11/2015 14:00,0,3,1.6,27.9,11.8,13.3,0,0.249,0.175,0.155,0,0.002,0.153,0.014,0.794,0.691,0.362
24/11/2015 15:00,0,2.4,1.8,27.2,13,14.3,0,0.21,0.164,0.123,0.001,0.011,0.144,0.023,0.883,0.8,0.318
24/11/2015 16:00,0,2.1,1.7,27,14.3,14.7,0,0.17,0.127,0.104,0.005,0.032,0.172,0.024,0.949,0.763,0.278
24/11/2015 17:00,0,1.8,1.6,25.6,14.5,14.8,0.001,0.14,0.089,0.096,0.01,0.062,0.188,0.026,0.972,0.678,0.245
24/11/2015 18:00,0,1.6,1.6,23.3,13.7,14.5,0.002,0.111,0.061,0.112,0.014,0.101,0.182,0.039,0.979,0.652,0.223
24/11/2015 19:00,0,1.4,1.7,21.4,13.1,14.5,0.011,0.076,0.041,0.153,0.012,0.147,0.208,0.066,0.984,0.599,0.206
24/11/2015 20:00,0,1.2,1.8,20.5,12.3,15.8,0.03,0.047,0.034,0.186,0.012,0.196,0.213,0.1,0.987,0.523,0.183
24/11/2015 21:00,0,1,1.8,19.9,10.4,17,0.037,0.037,0.043,0.193,0.013,0.211,0.167,0.126,0.989,0.432,0.194
24/11/2015 22:00,0,1,1.8,19.3,8.2,17.7,0.041,0.044,0.069,0.167,0.019,0.159,0.106,0.129,0.989,0.33,0.245
24/11/2015 23:00,0,1.4,2.1,18.8,7.5,18.1,0.051,0.061,0.095,0.116,0.038,0.099,0.085,0.104,0.985,0.249,0.284
25/11/2015 00:00,0.1,1.9,2.4,18.3,6.6,18.1,0.069,0.09,0.099,0.057,0.074,0.074,0.092,0.064,0.983,0.181,0.262
25/11/2015 01:00,0.2,2.1,2.2,17.3,5.6,17.1,0.053,0.119,0.068,0.014,0.112,0.062,0.115,0.028,0.986,0.158,0.245
25/11/2015 02:00,0.1,0.9,0.3,14.3,7.3,12.2,0.006,0.126,0.039,0.001,0.146,0.059,0.134,0.007,0.988,0.153,0.256
25/11/2015 03:00,0.5,0.7,0.2,5.8,10.9,9.4,0,0.102,0.032,0,0.17,0.049,0.061,0.001,0.984,0.164,0.305
25/11/2015 04:00,1.3,0.6,0.3,2,12.5,12.6,0,0.07,0.06,0,0.184,0.041,0.001,0,0.971,0.229,0.386
25/11/2015 05:00,2.6,0.5,0.2,1.1,12,11.7,0,0.045,0.103,0,0.192,0.047,0,0,0.93,0.294,0.472
25/11/2015 06:00,3.9,0.4,0.3,0.4,10.6,8,0.001,0.02,0.13,0.006,0.181,0.031,0.001,0,0.814,0.362,0.558
25/11/2015 07:00,4.5,0.3,0.2,0.2,9,4.8,0.001,0.005,0.133,0.035,0.071,0.02,0.008,0,0.619,0.377,0.578
25/11/2015 08:00,4.5,0.1,0.1,0.4,7.5,2.9,0.001,0.001,0.118,0.044,0.016,0.015,0.029,0,0.54,0.388,0.577
25/11/2015 09:00,3.4,0.1,0.1,1,7.3,2.2,0.001,0,0.101,0.036,0,0.011,0.062,0,0.583,0.434,0.56
25/11/2015 10:00,1.7,0.3,0.1,1.6,7.8,2.1,0.002,0.001,0.084,0.075,0,0.008,0.104,0,0.635,0.518,0.552
25/11/2015 11:00,0.5,1,0.4,3.8,8.6,2.5,0.004,0.003,0.076,0.112,0.002,0.005,0.151,0,0.656,0.618,0.517
25/11/2015 12:00,0.1,1.5,0.8,8.1,11.3,4.4,0.007,0.006,0.093,0.148,0.007,0.004,0.184,0,0.638,0.702,0.478
25/11/2015 13:00,0,1.5,1.4,11.6,14.5,7.4,0.017,0.001,0.131,0.167,0.012,0.006,0.209,0,0.584,0.755,0.472
25/11/2015 14:00,0.1,1.3,2,12.9,15.7,10.2,0.027,0,0.171,0.157,0.018,0.02,0.227,0,0.495,0.786,0.491
25/11/2015 15:00,0.1,0.9,2.4,11.2,15.5,12.1,0.03,0.002,0.193,0.133,0.023,0.038,0.301,0,0.447,0.779,0.502
25/11/2015 16:00,0,0.6,2.7,8.6,14.5,13.2,0.027,0.006,0.185,0.113,0.03,0.06,0.422,0,0.453,0.732,0.484
25/11/2015 17:00,0,0.4,3,5.7,13.7,13.5,0.023,0.008,0.16,0.1,0.035,0.083,0.464,0.004,0.449,0.639,0.482
25/11/2015 18:00,0,0.3,3.3,4.5,12.3,13.2,0.017,0.005,0.141,0.112,0.036,0.103,0.404,0.024,0.385,0.516,0.485
25/11/2015 19:00,0,0.3,3.7,4.2,10.9,12.7,0.012,0.003,0.136,0.162,0.035,0.119,0.232,0.047,0.31,0.425,0.479
25/11/2015 20:00,0,0.4,3.7,5.2,9.8,12.8,0.007,0.008,0.109,0.219,0.035,0.134,0.118,0.053,0.268,0.343,0.479
25/11/2015 21:00,0,0.5,3.3,8.5,8.6,13.4,0.006,0.02,0.055,0.233,0.031,0.139,0.094,0.035,0.22,0.281,0.483
25/11/2015 22:00,0,0.8,3.1,13.1,7.8,13.8,0.007,0.043,0.009,0.193,0.025,0.112,0.112,0.012,0.211,0.238,0.475
25/11/2015 23:00,0.1,1.1,3.2,16.6,7.6,13.7,0.007,0.083,0,0.123,0.025,0.076,0.101,0.004,0.223,0.201,0.467
26/11/2015 00:00,0.1,1.6,3.4,17,7.1,14,0.007,0.077,0,0.054,0.024,0.064,0.096,0.003,0.204,0.172,0.437
26/11/2015 01:00,0.1,1.9,3.5,16,5.9,14.2,0.006,0.112,0,0.01,0.022,0.065,0.118,0.003,0.16,0.159,0.424
26/11/2015 02:00,0.2,0.9,0.7,13.7,2.6,11,0.001,0.167,0,0,0.024,0.057,0.172,0.009,0.09,0.162,0.402
26/11/2015 03:00,0.7,0.6,0.6,5.8,5.4,6.8,0,0.19,0.012,0,0.03,0.059,0.179,0.015,0.057,0.157,0.413
26/11/2015 04:00,1.2,0.4,0.6,2.9,6.6,8.4,0,0.148,0.083,0,0.041,0.058,0.231,0.015,0.115,0.238,0.425
26/11/2015 05:00,2.5,0.2,0.4,4.6,5.9,8.6,0,0.081,0.144,0.005,0.053,0.047,0.153,0.035,0.171,0.326,0.433
26/11/2015 06:00,4,0.1,0.3,6.9,5,6.1,0,0.124,0.191,0.024,0.052,0.045,0.085,0.049,0.118,0.345,0.44
26/11/2015 07:00,4.8,0.1,0.3,10.2,4.1,4.3,0,0.106,0.238,0.065,0.024,0.046,0.043,0.028,0.081,0.342,0.438
26/11/2015 08:00,4.5,0.1,0.1,12.5,3.1,3.6,0,0.067,0.259,0.06,0.002,0.039,0.019,0.013,0.039,0.347,0.432
26/11/2015 09:00,3.6,0.2,0.1,14.1,2.4,3.6,0,0.012,0.253,0.037,0,0.029,0.011,0.005,0.011,0.373,0.419
26/11/2015 10:00,2,0.4,0.2,14.8,2,3.8,0,0.001,0.232,0.068,0,0.019,0.017,0.002,0.005,0.417,0.404
26/11/2015 11:00,0.9,0.8,0.2,14.1,2.2,4.6,0.001,0,0.202,0.114,0.001,0.013,0.033,0.001,0.01,0.479,0.385
26/11/2015 12:00,0.5,1,0.4,14.5,3,7.1,0.004,0,0.184,0.154,0.005,0.009,0.049,0.001,0.028,0.549,0.363
26/11/2015 13:00,0.3,0.8,0.8,14.2,3.8,10,0.016,0,0.177,0.167,0.014,0.004,0.059,0.002,0.057,0.618,0.346
26/11/2015 14:00,0.2,0.5,1,13.5,4.4,11.8,0.038,0,0.18,0.156,0.025,0.019,0.062,0.001,0.089,0.675,0.313
26/11/2015 15:00,0.2,0.3,1.3,14,4.9,12.8,0.054,0.003,0.206,0.125,0.03,0.066,0.05,0.002,0.11,0.688,0.278
26/11/2015 16:00,0.1,0.1,1.6,15.3,5.4,13.5,0.058,0.015,0.251,0.093,0.035,0.099,0.024,0.004,0.128,0.702,0.256
26/11/2015 17:00,0.1,0.2,1.6,15,5.8,14.5,0.063,0.014,0.296,0.07,0.039,0.118,0.007,0.018,0.142,0.669,0.248
26/11/2015 18:00,0.1,0.4,1.7,13.3,6,15.7,0.064,0.036,0.322,0.066,0.039,0.128,0.003,0.068,0.158,0.639,0.252
26/11/2015 19:00,0.1,0.9,1.4,10.7,6.1,16.3,0.059,0.049,0.324,0.093,0.035,0.144,0.004,0.166,0.177,0.597,0.272
26/11/2015 20:00,0.1,1.1,1.1,7,6.1,16.5,0.049,0.04,0.319,0.123,0.031,0.167,0.004,0.274,0.207,0.557,0.307
26/11/2015 21:00,0.1,1.1,0.9,4.6,5.8,15.3,0.039,0.039,0.287,0.117,0.026,0.156,0.004,0.337,0.211,0.518,0.34
26/11/2015 22:00,0.2,0.8,0.8,3.9,5.4,13.8,0.033,0.056,0.236,0.066,0.02,0.104,0.008,0.325,0.206,0.433,0.349
26/11/2015 23:00,0.2,0.5,0.8,4.5,5.3,13.1,0.03,0.103,0.194,0.013,0.023,0.066,0.024,0.262,0.18,0.301,0.362
27/11/2015 00:00,0.2,0.5,0.8,5.8,5.3,12.4,0.03,0.135,0.166,0,0.032,0.061,0.063,0.183,0.143,0.225,0.386
27/11/2015 01:00,0.2,0.7,0.7,7.1,4.8,11.6,0.019,0.136,0.154,0,0.041,0.078,0.116,0.117,0.107,0.18,0.41
27/11/2015 02:00,0.7,0.4,0.4,7.4,2.7,8.3,0.002,0.151,0.155,0,0.046,0.069,0.163,0.07,0.062,0.159,0.428
27/11/2015 03:00,2.1,0.2,0.9,3.8,4.3,4.3,0,0.179,0.176,0.004,0.055,0.05,0.115,0.031,0.028,0.139,0.445
27/11/2015 04:00,3.8,0.4,1.4,1.3,6.2,5.2,0,0.2,0.209,0.031,0.063,0.044,0.037,0.009,0.01,0.156,0.47
27/11/2015 05:00,6.2,0.6,1.8,1.7,6.8,6.8,0,0.252,0.234,0.099,0.071,0.035,0.006,0.003,0.003,0.184,0.495
27/11/2015 06:00,9.5,0.9,1.8,4.1,6.3,6.9,0.001,0.305,0.237,0.187,0.074,0.026,0.005,0.002,0.001,0.22,0.524
27/11/2015 07:00,13,1.3,1.6,3.2,5.3,6.2,0,0.293,0.226,0.272,0.03,0.017,0.014,0.005,0.002,0.215,0.553
27/11/2015 08:00,14.8,1.4,1.6,1.9,4.3,5.5,0,0.243,0.212,0.174,0.001,0.006,0.039,0.011,0.004,0.189,0.586
27/11/2015 09:00,11.9,1.4,1.1,1.6,3.8,5.5,0,0.192,0.213,0.11,0,0.003,0.08,0.021,0.004,0.176,0.623
27/11/2015 10:00,5.2,1.3,0.9,2.4,3.5,6.3,0,0.186,0.214,0.162,0.001,0.002,0.142,0.039,0.002,0.185,0.653
27/11/2015 11:00,3,1.7,1.3,3,3.7,8.1,0,0.32,0.21,0.202,0.005,0.003,0.243,0.087,0.002,0.219,0.674
27/11/2015 12:00,2.4,2.5,1.4,4,5.3,13.8,0,0.337,0.217,0.221,0.013,0.002,0.358,0.16,0.005,0.272,0.695
27/11/2015 13:00,1.6,3.3,1.9,5.6,7.2,19.9,0,0.243,0.223,0.244,0.021,0.008,0.414,0.2,0.014,0.343,0.707
27/11/2015 14:00,1.1,3.8,2.6,6.1,8.7,21.9,0,0.245,0.231,0.245,0.027,0.065,0.379,0.179,0.022,0.432,0.717
27/11/2015 15:00,0.8,3.8,2.9,5.3,9.5,20.7,0,0.544,0.24,0.209,0.03,0.112,0.374,0.12,0.022,0.516,0.724
27/11/2015 16:00,0.7,3.9,2.3,4.3,8.9,18,0.003,0.672,0.249,0.164,0.035,0.134,0.364,0.072,0.016,0.642,0.726
27/11/2015 17:00,0.5,4.1,2.1,3.8,7.4,15,0.012,0.593,0.267,0.122,0.039,0.154,0.339,0.061,0.013,0.677,0.732
27/11/2015 18:00,0.3,4.1,2.1,3.4,5.9,12.3,0.021,0.615,0.293,0.117,0.038,0.159,0.282,0.083,0.01,0.668,0.739
27/11/2015 19:00,0.2,3.7,2.2,3.3,4.9,10.3,0.025,0.692,0.311,0.134,0.037,0.176,0.201,0.123,0.01,0.649,0.762
27/11/2015 20:00,0.2,3.2,2.4,3.3,4.3,9.1,0.028,0.678,0.304,0.155,0.04,0.195,0.137,0.159,0.013,0.606,0.762
27/11/2015 21:00,0.1,3,2.3,3.1,3.9,8.2,0.029,0.656,0.278,0.151,0.045,0.185,0.091,0.156,0.017,0.543,0.746
27/11/2015 22:00,0,3.1,2.2,2.9,3.4,7.7,0.028,0.656,0.278,0.105,0.051,0.116,0.059,0.127,0.019,0.468,0.726
27/11/2015 23:00,0,3.2,1.9,3.1,3.1,7.4,0.025,0.796,0.301,0.037,0.064,0.077,0.044,0.101,0.02,0.337,0.726
28/11/2015 00:00,0,3.3,1.5,3.6,2.8,7.3,0.022,0.829,0.32,0.003,0.08,0.088,0.041,0.077,0.022,0.235,0.728
28/11/2015 01:00,0,3.3,0.9,4.3,2.5,7.5,0.013,0.804,0.313,0.001,0.091,0.105,0.038,0.054,0.024,0.165,0.733
28/11/2015 02:00,0.1,1.1,0.1,4.3,1.7,6.8,0,0.695,0.264,0.015,0.092,0.112,0.031,0.037,0.023,0.112,0.72
28/11/2015 03:00,0.3,0.4,0.4,2.2,2.3,3.1,0,0.564,0.219,0.063,0.086,0.113,0.004,0.02,0.025,0.068,0.691
28/11/2015 04:00,1.4,0.6,0.6,0.8,3.3,3.2,0,0.516,0.227,0.108,0.08,0.092,0,0.003,0.021,0.079,0.688
28/11/2015 05:00,2.9,0.5,0.8,0.9,4.6,5.7,0,0.473,0.267,0.147,0.076,0.087,0.002,0.001,0.019,0.144,0.678
28/11/2015 06:00,4.3,0.5,0.7,1.3,5.8,6.3,0,0.444,0.287,0.213,0.064,0.102,0.011,0.001,0.017,0.122,0.669
28/11/2015 07:00,5.5,0.7,0.4,1.5,6.4,6.4,0,0.414,0.274,0.272,0.023,0.14,0.033,0.001,0.011,0.093,0.655
28/11/2015 08:00,5.6,0.9,0.4,1.9,6.4,6.6,0,0.392,0.252,0.159,0.002,0.139,0.074,0.003,0.007,0.072,0.65
28/11/2015 09:00,4.5,1.3,0.6,2.6,6.5,6.7,0,0.403,0.255,0.088,0,0.127,0.126,0.004,0.004,0.066,0.686
28/11/2015 10:00,2.3,2.3,0.9,3.7,7.1,7,0,0.404,0.281,0.164,0,0.123,0.192,0.007,0.003,0.076,0.708
28/11/2015 11:00,0.6,4.3,1.9,5.6,8.1,7.7,0,0.401,0.311,0.204,0.002,0.122,0.267,0.017,0.003,0.101,0.69
28/11/2015 12:00,0.1,5.9,2.6,8.8,11.3,10.7,0,0.369,0.341,0.21,0.013,0.107,0.353,0.038,0.005,0.144,0.683
28/11/2015 13:00,0.1,6,2.9,11.6,13.8,14.5,0,0.179,0.364,0.205,0.031,0.085,0.438,0.049,0.006,0.198,0.692
28/11/2015 14:00,0.1,5.5,3.3,13.9,14.7,17,0,0.172,0.379,0.183,0.054,0.225,0.495,0.039,0.006,0.274,0.702
28/11/2015 15:00,0.1,4.9,3.6,15.9,14.8,18.9,0,0.261,0.389,0.146,0.073,0.316,0.592,0.014,0.008,0.411,0.69
28/11/2015 16:00,0,4.6,3.8,16.8,14.3,20,0.001,0.231,0.394,0.107,0.088,0.328,0.623,0,0.007,0.624,0.656
28/11/2015 17:00,0,4.4,4.1,16.4,13.4,20.4,0.005,0.213,0.397,0.079,0.097,0.317,0.475,0,0.007,0.729,0.635
28/11/2015 18:00,0,4.3,4.4,15.9,12.6,20.5,0.007,0.231,0.4,0.07,0.083,0.305,0.274,0.005,0.008,0.735,0.633
28/11/2015 19:00,0,4.1,4.3,15.7,11.6,20.8,0.008,0.252,0.388,0.09,0.05,0.32,0.135,0.036,0.009,0.624,0.644
28/11/2015 20:00,0,3.9,4.2,15.4,10.9,21.7,0.009,0.249,0.362,0.115,0.022,0.327,0.067,0.074,0.011,0.54,0.648
28/11/2015 21:00,0,3.7,3.9,12.6,10.2,22.9,0.01,0.261,0.298,0.114,0.006,0.302,0.039,0.096,0.009,0.468,0.648
28/11/2015 22:00,0,3.3,3.9,10,9.9,23.7,0.012,0.354,0.234,0.079,0.001,0.207,0.029,0.107,0.008,0.363,0.647
28/11/2015 23:00,0,3.2,3.7,9.1,9.5,23.9,0.017,0.431,0.2,0.027,0,0.144,0.021,0.11,0.009,0.278,0.647
29/11/2015 00:00,0,3.4,3.5,9.1,8.8,23.5,0.026,0.442,0.179,0.002,0,0.126,0.019,0.102,0.011,0.206,0.635
29/11/2015 01:00,0,3.3,3.1,9.3,7.8,23.3,0.027,0.379,0.167,0,0,0.108,0.032,0.093,0.011,0.152,0.606
29/11/2015 02:00,0,1.8,0.6,8.6,8.6,17.9,0.007,0.352,0.158,0.007,0,0.104,0.065,0.086,0.008,0.11,0.62
29/11/2015 03:00,0.2,1.8,0.4,4.6,15,11,0.002,0.385,0.179,0.053,0,0.091,0.047,0.052,0.005,0.074,0.624
29/11/2015 04:00,0.7,2.3,0.3,1.9,17.2,11.9,0,0.367,0.223,0.133,0.003,0.091,0.009,0.006,0.003,0.058,0.621
29/11/2015 05:00,1.7,2.4,0.2,4.3,16.5,16,0,0.349,0.272,0.21,0.012,0.08,0.005,0,0.002,0.111,0.656
29/11/2015 06:00,3,2.4,0.1,6.3,15.1,11.6,0,0.315,0.321,0.296,0.026,0.084,0.008,0,0.001,0.101,0.698
29/11/2015 07:00,3.9,2.3,0.1,6.2,13.7,7.7,0,0.27,0.359,0.358,0.013,0.093,0.014,0,0.001,0.091,0.71
29/11/2015 08:00,3.6,2.1,0.1,6,12,5.5,0,0.253,0.379,0.21,0.004,0.101,0.03,0,0.002,0.082,0.704
29/11/2015 09:00,2.8,2.1,0.1,6.4,11.2,4.5,0,0.233,0.404,0.097,0.004,0.1,0.056,0,0.003,0.082,0.692
29/11/2015 10:00,1.2,2.3,0.1,7.1,11.1,4.3,0,0.24,0.441,0.199,0.012,0.099,0.086,0,0.005,0.094,0.689
29/11/2015 11:00,0.2,2.6,0.3,8.3,11.3,4.9,0,0.219,0.454,0.259,0.029,0.118,0.125,0,0.011,0.114,0.682
29/11/2015 12:00,0,2.8,0.6,10.1,13.8,9.5,0,0.178,0.403,0.295,0.054,0.106,0.167,0,0.015,0.146,0.664
29/11/2015 13:00,0,2.6,1.2,11,17.2,16.3,0.002,0.08,0.325,0.294,0.079,0.097,0.225,0,0.018,0.199,0.654
29/11/2015 14:00,0,2.4,1.6,11.2,17.7,20.9,0.008,0.127,0.282,0.282,0.101,0.155,0.289,0,0.019,0.285,0.648
29/11/2015 15:00,0,2.3,2.1,10.4,17,23.5,0.022,0.054,0.285,0.271,0.115,0.195,0.336,0,0.017,0.437,0.643
29/11/2015 16:00,0,2.6,2.4,9.5,15.8,24.9,0.039,0.007,0.309,0.253,0.126,0.217,0.297,0,0.013,0.665,0.633
29/11/2015 17:00,0,2.8,2.4,9,15,25.1,0.05,0,0.325,0.208,0.127,0.23,0.233,0.001,0.011,0.734,0.622
29/11/2015 18:00,0,2.9,2.2,9,13.7,24.7,0.053,0,0.326,0.208,0.112,0.231,0.178,0.004,0.011,0.668,0.621
29/11/2015 19:00,0,2.9,1.9,9.5,13.3,24.1,0.044,0,0.308,0.238,0.088,0.22,0.127,0.007,0.014,0.587,0.644
29/11/2015 20:00,0,2.9,1.5,10.1,11.3,23.4,0.028,0,0.28,0.284,0.064,0.203,0.082,0.005,0.02,0.541,0.648
29/11/2015 21:00,0,2.8,1.2,10,8.9,21.9,0.02,0,0.221,0.315,0.04,0.173,0.047,0.001,0.034,0.466,0.618
29/11/2015 22:00,0,2.6,0.9,9.6,7,20,0.019,0,0.165,0.305,0.019,0.115,0.025,0,0.051,0.367,0.612
29/11/2015 23:00,0,2.4,0.8,9.5,6.1,18.2,0.019,0,0.136,0.26,0.006,0.076,0.014,0,0.067,0.279,0.613
30/11/2015 00:00,0,2.3,0.9,9.5,6.1,16.7,0.02,0,0.125,0.219,0.001,0.06,0.01,0,0.076,0.209,0.594
30/11/2015 01:00,0,2.1,0.9,9.8,6,15.8,0.014,0.002,0.13,0.238,0,0.046,0.01,0,0.074,0.155,0.568
30/11/2015 02:00,0,0.8,0,9.5,6.1,10.8,0.002,0.015,0.15,0.312,0,0.045,0.01,0,0.066,0.125,0.524
30/11/2015 03:00,0.2,0.3,0,5.2,8.4,7.6,0,0.057,0.211,0.37,0,0.041,0.001,0,0.054,0.105,0.492
30/11/2015 04:00,1.2,0.3,0.1,2,8.6,8.6,0,0.089,0.308,0.393,0,0.046,0,0,0.044,0.127,0.501
30/11/2015 05:00,2.9,0.5,0.1,3.5,8.1,7.7,0,0.107,0.407,0.395,0,0.037,0.016,0,0.041,0.206,0.543
30/11/2015 06:00,4.8,0.9,0.1,5.2,7.3,4.9,0,0.113,0.476,0.378,0,0.03,0.045,0,0.042,0.184,0.588
30/11/2015 07:00,5.7,1.2,0.3,5.2,6.8,3.3,0,0.089,0.5,0.358,0,0.031,0.077,0,0.044,0.162,0.608
30/11/2015 08:00,5.3,1.4,0.3,5.6,6.4,2.4,0.002,0.099,0.521,0.191,0,0.045,0.114,0,0.046,0.149,0.591
30/11/2015 09:00,3.5,1.6,0.3,6.4,6.4,2,0.008,0.133,0.548,0.126,0,0.063,0.142,0,0.055,0.159,0.594
30/11/2015 10:00,1.6,1.8,0.3,7.8,6.8,2.3,0.02,0.144,0.552,0.215,0.001,0.038,0.171,0,0.071,0.199,0.603
30/11/2015 11:00,0.3,1.9,0.6,11.7,7.3,3.6,0.035,0.152,0.529,0.297,0.007,0.032,0.206,0,0.088,0.265,0.586
30/11/2015 12:00,0.2,1.6,0.8,20.4,8,9,0.042,0.174,0.494,0.43,0.023,0.021,0.215,0,0.102,0.363,0.539
30/11/2015 13:00,0.1,1.6,1.2,25.2,8.8,14.7,0.036,0.08,0.454,0.446,0.044,0.044,0.201,0,0.111,0.494,0.518
30/11/2015 14:00,0.1,1.6,1.4,25.1,8.6,17.1,0.025,0.019,0.444,0.413,0.059,0.058,0.194,0,0.118,0.642,0.52
30/11/2015 15:00,0.1,1.7,1.2,22.7,8,17.8,0.017,0.014,0.476,0.381,0.066,0.072,0.276,0.004,0.128,0.732,0.535
30/11/2015 16:00,0.1,1.7,0.9,19.3,8.4,18.4,0.017,0.022,0.514,0.35,0.065,0.074,0.432,0.015,0.135,0.703,0.55
30/11/2015 17:00,0.1,1.8,0.9,15.9,9,19.2,0.023,0.054,0.538,0.314,0.051,0.077,0.476,0.019,0.133,0.639,0.556
30/11/2015 18:00,0.1,1.8,0.9,12.5,9.4,19.6,0.034,0.068,0.529,0.393,0.022,0.078,0.278,0.012,0.13,0.606,0.552
30/11/2015 19:00,0,1.8,0.8,9.4,9.4,19.3,0.049,0.045,0.51,0.483,0.004,0.08,0.114,0.004,0.121,0.575,0.552
30/11/2015 20:00,0,1.9,0.8,7,11,18.7,0.063,0.025,0.48,0.504,0,0.083,0.074,0,0.115,0.511,0.561
30/11/2015 21:00,0,1.8,0.8,5.4,11,17.3,0.062,0.065,0.412,0.437,0,0.092,0.044,0,0.112,0.432,0.535
30/11/2015 22:00,0,1.7,0.8,4.8,9.2,16.2,0.05,0.248,0.365,0.315,0,0.085,0.035,0.001,0.111,0.349,0.485
30/11/2015 23:00,0,1.5,0.8,4.8,8.2,15.5,0.035,0.46,0.346,0.231,0,0.073,0.047,0.018,0.106,0.271,0.447
01/12/2015 00:00,0,1.6,0.6,5.2,7.8,15.5,0.019,0.468,0.343,0.213,0.001,0.071,0.056,0.063,0.102,0.212,0.433
01/12/2015 01:00,0.1,1.6,0.4,5.4,6.9,15.4,0.006,0.311,0.36,0.231,0.004,0.06,0.055,0.093,0.098,0.18,0.47
01/12/2015 02:00,0.3,0.8,0.1,4.8,7,11.4,0.001,0.164,0.391,0.261,0.01,0.038,0.054,0.074,0.093,0.163,0.513
01/12/2015 03:00,1.1,0.3,0.2,2.3,9.5,6.6,0.009,0.114,0.46,0.278,0.015,0.029,0.024,0.024,0.081,0.142,0.501
01/12/2015 04:00,2.5,0.4,0.4,1.3,10.8,7.1,0.018,0.216,0.54,0.271,0.017,0.026,0,0,0.062,0.21,0.467
01/12/2015 05:00,4.5,0.9,0.8,4.1,11.3,7.4,0.018,0.279,0.613,0.302,0.019,0.029,0,0,0.045,0.305,0.432
01/12/2015 06:00,6.6,1.3,1.3,5.3,11.2,4.3,0.018,0.443,0.672,0.403,0.023,0.029,0,0,0.032,0.312,0.402
01/12/2015 07:00,7.5,1.6,1.4,4.9,10.5,2.2,0.02,0.508,0.71,0.438,0.014,0.02,0.001,0.001,0.025,0.305,0.395
01/12/2015 08:00,6.7,1.7,1.4,4.6,9.5,1.3,0.023,0.586,0.723,0.223,0.005,0.013,0.013,0.001,0.022,0.315,0.398
01/12/2015 09:00,4.7,1.9,0.9,4.2,8.4,1.4,0.025,0.542,0.718,0.087,0.006,0.008,0.053,0,0.028,0.325,0.413
01/12/2015 10:00,2.1,2.2,0.4,4,7.9,2.1,0.024,0.492,0.715,0.206,0.01,0.004,0.12,0,0.045,0.342,0.452
01/12/2015 11:00,0.5,2.6,0.2,5.3,7.8,3.6,0.024,0.529,0.73,0.313,0.007,0.002,0.19,0,0.066,0.381,0.454
01/12/2015 12:00,0.2,2.6,0.3,8.1,8.6,8.1,0.026,0.568,0.751,0.389,0.003,0.002,0.245,0,0.084,0.447,0.389
01/12/2015 13:00,0.1,2.3,0.8,9.6,10.5,12.8,0.03,0.511,0.758,0.371,0.001,0.01,0.281,0.001,0.093,0.525,0.284
01/12/2015 14:00,0.1,1.8,1,9.6,11.8,15.1,0.036,0.41,0.756,0.306,0,0.041,0.294,0.003,0.093,0.607,0.219
01/12/2015 15:00,0.2,1.6,1.1,9.1,12.1,15.8,0.042,0.386,0.763,0.249,0,0.058,0.281,0.002,0.082,0.663,0.233
01/12/2015 16:00,0.1,1.6,0.9,8.5,11.6,15.6,0.046,0.586,0.784,0.201,0,0.062,0.218,0,0.067,0.652,0.272
01/12/2015 17:00,0.1,1.4,0.8,7.9,10.5,14.7,0.049,0.675,0.806,0.161,0,0.065,0.182,0,0.059,0.593,0.321
01/12/2015 18:00,0.1,1.1,0.6,7.5,9.7,13.7,0.053,0.763,0.815,0.169,0,0.067,0.157,0,0.064,0.59,0.366
01/12/2015 19:00,0,1.1,0.6,7,9,12.7,0.061,0.82,0.815,0.202,0.001,0.068,0.1,0,0.087,0.595,0.421
01/12/2015 20:00,0,1.1,0.6,6.4,9,12.3,0.07,0.813,0.811,0.201,0.011,0.076,0.051,0,0.129,0.533,0.491
01/12/2015 21:00,0,1,0.7,5.1,7.6,12.3,0.07,0.818,0.778,0.137,0.043,0.086,0.021,0,0.134,0.439,0.53
01/12/2015 22:00,0,1,0.6,3.8,7,12.4,0.056,0.847,0.736,0.073,0.102,0.076,0.008,0,0.096,0.351,0.544
01/12/2015 23:00,0,1,0.6,3,6.8,12.3,0.037,0.815,0.702,0.035,0.179,0.068,0.003,0,0.074,0.283,0.557
02/12/2015 00:00,0,0.9,0.6,2.6,6.6,12.3,0.021,0.764,0.656,0.02,0.249,0.07,0.002,0.005,0.068,0.236,0.591
02/12/2015 01:00,0,0.9,0.5,2.3,5.8,12.3,0.009,0.707,0.594,0.019,0.291,0.061,0.001,0.026,0.064,0.203,0.641
02/12/2015 02:00,0,0.5,0.1,1.8,6.5,9.9,0.001,0.626,0.535,0.042,0.297,0.06,0,0.059,0.064,0.191,0.699
02/12/2015 03:00,0.2,0.5,0.1,1.1,9,6.1,0,0.574,0.538,0.096,0.276,0.04,0,0.068,0.069,0.179,0.741
02/12/2015 04:00,1.1,0.6,0.3,0.9,10,4.5,0.001,0.519,0.586,0.158,0.243,0.034,0,0.021,0.078,0.252,0.764
02/12/2015 05:00,3,1,0.4,0.5,9.6,4.8,0.001,0.541,0.635,0.155,0.209,0.029,0,0.003,0.084,0.297,0.778
02/12/2015 06:00,4.8,1.2,0.5,0.6,9,3.7,0.002,0.544,0.674,0.118,0.168,0.026,0,0,0.078,0.318,0.793
02/12/2015 07:00,6.5,1.2,0.5,0.7,8.2,2.6,0.003,0.599,0.697,0.111,0.057,0.031,0.002,0,0.071,0.32,0.816
02/12/2015 08:00,7.1,1.1,0.4,0.8,7.6,1.9,0.008,0.596,0.704,0.051,0.052,0.039,0.012,0,0.064,0.32,0.822
02/12/2015 09:00,5.7,1.1,0.3,1,6.9,1.6,0.02,0.494,0.687,0.008,0.042,0.036,0.031,0,0.068,0.325,0.802
02/12/2015 10:00,2.7,1.4,0.6,1.3,6.5,1.9,0.03,0.488,0.644,0.058,0.01,0.035,0.061,0,0.085,0.343,0.791
02/12/2015 11:00,1.1,2.3,1,2.2,6.6,3.2,0.04,0.371,0.579,0.15,0.002,0.036,0.097,0.003,0.115,0.382,0.788
02/12/2015 12:00,1.1,3.8,1.5,3.6,7.5,8.4,0.046,0.384,0.516,0.2,0.001,0.034,0.138,0.031,0.149,0.442,0.759
02/12/2015 13:00,1.2,4.4,2.1,5.1,8.8,14.8,0.052,0.279,0.479,0.166,0,0.027,0.163,0.056,0.185,0.51,0.714
02/12/2015 14:00,1.6,4.4,2.4,6.4,9,19.3,0.062,0.376,0.469,0.152,0,0.039,0.168,0.05,0.216,0.586,0.672
02/12/2015 15:00,1.7,4.4,2.4,7,8.9,21.9,0.072,0.527,0.459,0.161,0,0.085,0.21,0.023,0.22,0.655,0.604
02/12/2015 16:00,2.2,4.3,2.1,6.9,8.6,23.5,0.083,0.482,0.437,0.164,0,0.146,0.24,0.005,0.207,0.656,0.529
02/12/2015 17:00,2.5,4.3,1.9,6.5,8.3,24.6,0.087,0.455,0.422,0.138,0,0.201,0.195,0.002,0.206,0.625,0.478
02/12/2015 18:00,2.4,4.3,1.8,6.1,8.9,25.5,0.073,0.599,0.416,0.141,0,0.256,0.125,0.003,0.23,0.621,0.429
02/12/2015 19:00,1.6,4.4,1.8,5.4,8.3,26.2,0.046,0.625,0.413,0.175,0,0.305,0.075,0.004,0.267,0.586,0.361
02/12/2015 20:00,1.1,4.1,1.8,4.9,7.4,26.6,0.022,0.607,0.405,0.221,0,0.339,0.05,0.002,0.31,0.528,0.277
02/12/2015 21:00,0.9,3.6,2,4.6,6.9,25.9,0.011,0.513,0.347,0.27,0,0.313,0.051,0,0.355,0.454,0.233
02/12/2015 22:00,0.7,3.1,2.3,4.5,6,24.8,0.007,0.501,0.274,0.314,0.001,0.205,0.058,0,0.399,0.362,0.22
02/12/2015 23:00,0.8,2.9,2.8,4.4,5.4,23.4,0.008,0.53,0.197,0.328,0.005,0.125,0.051,0.001,0.442,0.272,0.212
03/12/2015 00:00,1.2,3.2,3.3,4.3,5.3,22,0.012,0.442,0.126,0.314,0.018,0.128,0.024,0.001,0.491,0.22,0.194
03/12/2015 01:00,1.6,2.9,2.9,4.1,4.8,20.6,0.014,0.362,0.088,0.285,0.044,0.153,0.004,0.001,0.538,0.182,0.177
03/12/2015 02:00,2.2,1,1.1,3.3,5.3,15.1,0.003,0.333,0.078,0.232,0.077,0.133,0,0.002,0.572,0.169,0.159
03/12/2015 03:00,5.7,0.3,2.3,1.6,7.4,7.6,0.002,0.311,0.107,0.16,0.103,0.112,0,0.004,0.579,0.197,0.14
03/12/2015 04:00,7.6,1,3.9,0.8,8.3,6.7,0.003,0.27,0.154,0.108,0.122,0.102,0,0,0.574,0.308,0.131
03/12/2015 05:00,8,2.4,5.4,0.2,8.5,9.1,0.002,0.223,0.191,0.093,0.136,0.107,0,0,0.58,0.37,0.131
03/12/2015 06:00,8.5,3.8,6.4,0.1,8.3,5.4,0.002,0.221,0.229,0.091,0.135,0.096,0.002,0,0.595,0.342,0.147
03/12/2015 07:00,8.5,4.8,6.1,0.1,7.9,3.3,0.004,0.258,0.275,0.091,0.056,0.093,0.009,0,0.599,0.256,0.182
03/12/2015 08:00,7.1,5.4,4.8,0.1,7.3,2.5,0.01,0.281,0.313,0.066,0.048,0.078,0.028,0,0.58,0.177,0.207
03/12/2015 09:00,4.5,6,3.4,0.3,6.9,2.4,0.017,0.262,0.315,0.014,0.042,0.061,0.065,0,0.571,0.13,0.224
03/12/2015 10:00,2.4,6.1,3.2,0.6,7.1,3,0.024,0.219,0.284,0.047,0.011,0.054,0.125,0,0.599,0.121,0.24
03/12/2015 11:00,2.1,7.2,4.5,1.5,7.2,4.6,0.037,0.179,0.248,0.212,0.002,0.05,0.183,0,0.636,0.141,0.24
03/12/2015 12:00,1.6,7.8,4.4,2.8,8,9.4,0.054,0.159,0.218,0.341,0,0.039,0.2,0.004,0.663,0.19,0.223
03/12/2015 13:00,1.1,7.6,4.3,3.8,9.3,14.6,0.071,0.044,0.199,0.332,0,0.039,0.177,0.004,0.695,0.291,0.206
03/12/2015 14:00,0.7,7.2,4.3,4.3,9.5,17.9,0.089,0.011,0.185,0.289,0,0.051,0.138,0.001,0.722,0.461,0.203
03/12/2015 15:00,0.9,6.6,5,4.2,9.4,19,0.117,0.001,0.176,0.191,0,0.073,0.106,0,0.743,0.65,0.201
03/12/2015 16:00,0.7,5.9,5.5,3.8,9.1,18.8,0.145,0.008,0.171,0.141,0,0.097,0.124,0,0.783,0.674,0.2
03/12/2015 17:00,0.5,5.5,5.9,3.4,9,18.4,0.157,0.041,0.171,0.109,0,0.125,0.183,0,0.823,0.63,0.211
03/12/2015 18:00,0.7,5.4,6.3,3.1,8.5,18.1,0.158,0.075,0.17,0.066,0.001,0.151,0.224,0.001,0.851,0.672,0.236
03/12/2015 19:00,0.8,5.6,6.3,2.8,8.1,18.2,0.157,0.085,0.167,0.042,0.005,0.17,0.253,0.005,0.873,0.705,0.267
03/12/2015 20:00,0.8,5.4,6.2,2.4,8,18.2,0.156,0.097,0.159,0.035,0.014,0.187,0.229,0.007,0.891,0.765,0.305
03/12/2015 21:00,1.2,4.9,5.2,2.4,7.8,17.8,0.145,0.112,0.14,0.033,0.021,0.178,0.197,0.003,0.918,0.651,0.347
03/12/2015 22:00,1.5,4.3,4.1,2.9,7.5,17.1,0.128,0.179,0.118,0.051,0.028,0.131,0.127,0.002,0.942,0.557,0.37
03/12/2015 23:00,1.6,3.8,3.3,4.1,7.5,16.2,0.114,0.275,0.104,0.094,0.039,0.101,0.076,0.001,0.954,0.442,0.374
04/12/2015 00:00,1.6,3.2,2.9,6,7.1,15.5,0.099,0.313,0.093,0.159,0.062,0.086,0.036,0,0.963,0.325,0.376
04/12/2015 01:00,1.8,2.4,1.9,8.6,6.8,14.7,0.068,0.274,0.08,0.214,0.105,0.065,0.021,0,0.971,0.218,0.385
04/12/2015 02:00,4.8,0.6,0.8,11.6,6.8,10.8,0.019,0.234,0.068,0.235,0.157,0.064,0.02,0,0.977,0.149,0.395
04/12/2015 03:00,6.6,0.1,1.1,9.7,12.6,5.9,0.011,0.209,0.071,0.229,0.178,0.054,0.008,0,0.978,0.141,0.398
04/12/2015 04:00,6.2,0.8,1.7,4.6,18.3,5.7,0.012,0.198,0.092,0.228,0.148,0.035,0.003,0,0.974,0.178,0.395
04/12/2015 05:00,4.8,2.4,1.9,3.4,21.5,5.5,0.012,0.164,0.118,0.227,0.104,0.028,0,0.001,0.968,0.225,0.401
04/12/2015 06:00,3.5,2.6,1.8,4.8,22.2,3.7,0.015,0.178,0.139,0.245,0.067,0.018,0,0.008,0.963,0.251,0.429
04/12/2015 07:00,5.4,1.9,1.4,4.8,21.2,2.6,0.015,0.201,0.15,0.251,0.017,0.015,0.003,0.012,0.959,0.236,0.465
04/12/2015 08:00,5.7,1.4,1.1,4.6,20,2.1,0.011,0.21,0.154,0.146,0.002,0.012,0.027,0.011,0.957,0.211,0.501
04/12/2015 09:00,4,1.3,0.8,4,19.5,1.7,0.006,0.235,0.15,0.043,0,0.012,0.057,0.008,0.953,0.192,0.523
04/12/2015 10:00,1.7,1.8,0.6,3.1,17.9,1.7,0.005,0.282,0.136,0.155,0,0.014,0.082,0.008,0.953,0.191,0.525
04/12/2015 11:00,0.3,2.4,0.7,2.8,15.6,2.3,0.004,0.281,0.112,0.442,0,0.016,0.099,0.014,0.955,0.216,0.501
04/12/2015 12:00,0.1,2.8,1.1,2.1,16.5,5.6,0.009,0.253,0.085,0.487,0.001,0.017,0.112,0.037,0.955,0.274,0.454
04/12/2015 13:00,0,2.8,1.4,2.1,18.5,9.8,0.022,0.087,0.069,0.429,0,0.026,0.127,0.057,0.953,0.371,0.394
04/12/2015 14:00,0,2.6,1.5,3.1,18.1,12.8,0.045,0.015,0.067,0.346,0,0.04,0.141,0.055,0.952,0.49,0.342
04/12/2015 15:00,0,2.4,1.4,4.8,18,14.3,0.073,0.03,0.073,0.275,0,0.053,0.163,0.044,0.95,0.586,0.319
04/12/2015 16:00,0,2.2,1.2,6.6,18,15.1,0.101,0.046,0.081,0.22,0,0.064,0.175,0.037,0.948,0.573,0.323
04/12/2015 17:00,0,1.9,0.9,8.6,17.7,15.6,0.118,0.114,0.087,0.198,0,0.079,0.215,0.033,0.948,0.533,0.343
04/12/2015 18:00,0,1.8,0.9,10.2,17.7,16.4,0.128,0.244,0.092,0.251,0,0.102,0.228,0.036,0.951,0.547,0.358
04/12/2015 19:00,0,1.6,0.9,10.8,17.6,17.5,0.125,0.395,0.101,0.348,0.001,0.134,0.231,0.059,0.954,0.62,0.375
04/12/2015 20:00,0.1,1.4,0.9,10.7,17.5,18.3,0.099,0.476,0.111,0.471,0.002,0.169,0.156,0.095,0.957,0.638,0.395
04/12/2015 21:00,0.1,1.3,1.1,10.1,16.7,17.7,0.064,0.503,0.106,0.585,0.002,0.191,0.087,0.103,0.955,0.598,0.394
04/12/2015 22:00,0.1,1.3,1.3,9.4,16,16.5,0.045,0.637,0.098,0.644,0.002,0.156,0.051,0.087,0.951,0.498,0.394
04/12/2015 23:00,0.1,1.3,1.6,8.3,15.3,15.6,0.037,0.636,0.099,0.672,0.004,0.121,0.032,0.067,0.949,0.386,0.383
05/12/2015 00:00,0,1.4,1.9,6.8,14.1,15,0.032,0.57,0.103,0.651,0.009,0.1,0.053,0.047,0.946,0.355,0.312
05/12/2015 01:00,0,1.6,1.8,5.3,12.4,14.3,0.022,0.586,0.099,0.604,0.023,0.079,0.102,0.03,0.946,0.259,0.278
05/12/2015 02:00,0,0.8,0.7,4.2,15,10.3,0.004,0.593,0.089,0.566,0.047,0.066,0.113,0.017,0.949,0.145,0.312
05/12/2015 03:00,0.3,0.4,0.8,2.6,24.5,6,0.006,0.543,0.093,0.487,0.068,0.055,0.046,0.003,0.951,0.076,0.334
05/12/2015 04:00,1,0.3,0.6,0.6,31.9,7.4,0.025,0.513,0.101,0.424,0.073,0.036,0.002,0,0.949,0.155,0.323
05/12/2015 05:00,2.6,0.2,0.4,0,34,6.4,0.028,0.5,0.113,0.368,0.067,0.028,0,0,0.947,0.249,0.374
05/12/2015 06:00,4.5,0.3,0.4,0,32.3,4.6,0.024,0.484,0.13,0.341,0.054,0.02,0.004,0,0.946,0.288,0.382
05/12/2015 07:00,5.7,0.4,0.5,0,28.4,3.4,0.018,0.462,0.142,0.327,0.017,0.016,0.028,0,0.947,0.284,0.373
05/12/2015 08:00,5.1,0.4,0.7,0,24.1,2.8,0.016,0.431,0.167,0.172,0.003,0.013,0.064,0.001,0.948,0.277,0.463
05/12/2015 09:00,3.4,0.4,0.8,0,19.9,2.3,0.016,0.398,0.189,0.118,0,0.014,0.095,0.001,0.951,0.283,0.457
05/12/2015 10:00,1.2,0.4,0.8,0,16.8,2.3,0.019,0.347,0.195,0.291,0,0.02,0.121,0.002,0.953,0.311,0.44
05/12/2015 11:00,0.3,1.1,0.9,0.1,15.9,3.2,0.024,0.283,0.189,0.282,0,0.034,0.14,0.004,0.95,0.367,0.422
05/12/2015 12:00,0.1,2.4,1.5,0.3,19.7,7.1,0.039,0.236,0.182,0.208,0,0.043,0.155,0.006,0.948,0.459,0.379
05/12/2015 13:00,0,3.8,3.1,0.6,24,12,0.064,0.11,0.188,0.144,0,0.056,0.163,0.005,0.951,0.578,0.337
05/12/2015 14:00,0.1,5.1,4.8,1.4,25.5,15.8,0.094,0.011,0.22,0.104,0,0.077,0.154,0.001,0.954,0.687,0.329
05/12/2015 15:00,0.2,5.8,5.4,2.2,26.2,18.5,0.135,0.087,0.247,0.091,0,0.097,0.166,0,0.953,0.74,0.325
05/12/2015 16:00,0.1,5.7,5.2,3,26.2,20.3,0.171,0.051,0.261,0.095,0,0.106,0.206,0,0.95,0.682,0.32
05/12/2015 17:00,0,5,4.9,3.9,25.5,21.7,0.192,0.016,0.267,0.125,0,0.113,0.233,0.004,0.948,0.595,0.311
05/12/2015 18:00,0,3.9,4.4,4.7,25.7,22.6,0.209,0.005,0.261,0.258,0.007,0.119,0.183,0.038,0.949,0.583,0.305
05/12/2015 19:00,0,3,3.8,4.8,23.5,23.1,0.233,0.003,0.249,0.444,0.033,0.124,0.119,0.105,0.95,0.562,0.311
05/12/2015 20:00,0,2.1,3.4,4.6,22,22.7,0.272,0.003,0.249,0.586,0.074,0.13,0.072,0.19,0.949,0.51,0.325
05/12/2015 21:00,0,1.7,3.2,4,19.4,20.8,0.303,0.002,0.214,0.638,0.11,0.141,0.035,0.272,0.947,0.454,0.341
05/12/2015 22:00,0,1.8,3.6,3.1,17.1,18.8,0.311,0,0.167,0.636,0.139,0.132,0.017,0.305,0.944,0.386,0.347
05/12/2015 23:00,0,2.2,4.4,2.3,14.4,17.3,0.297,0,0.142,0.595,0.173,0.112,0.017,0.308,0.942,0.305,0.355
06/12/2015 00:00,0,2.4,5.4,1.7,13.9,16.2,0.289,0,0.132,0.574,0.198,0.093,0.029,0.294,0.942,0.234,0.375
06/12/2015 01:00,0,2.3,4.9,1.3,12.7,15.7,0.227,0.001,0.119,0.504,0.205,0.084,0.043,0.275,0.954,0.174,0.393
06/12/2015 02:00,0.1,1.1,1.6,1,13,11.9,0.088,0.033,0.105,0.445,0.196,0.072,0.047,0.235,0.97,0.131,0.4
06/12/2015 03:00,0.3,1.3,1.7,0.5,19.5,7.1,0.07,0.111,0.097,0.398,0.186,0.05,0.017,0.145,0.975,0.098,0.402
06/12/2015 04:00,0.7,1.1,2.1,0.2,29.9,9.5,0.069,0.199,0.093,0.381,0.18,0.036,0,0.061,0.972,0.147,0.406
06/12/2015 05:00,1.7,0.6,2.1,0,34.6,10.9,0.032,0.255,0.09,0.374,0.18,0.027,0,0.031,0.967,0.234,0.421
06/12/2015 06:00,3,0.3,1.8,0,35.9,8.7,0.007,0.272,0.097,0.364,0.167,0.024,0,0.012,0.96,0.304,0.446
06/12/2015 07:00,4.1,0.2,1.4,0,32.9,6.6,0,0.266,0.111,0.345,0.087,0.022,0.001,0.007,0.953,0.299,0.473
06/12/2015 08:00,4.6,0.2,1,0,28.4,4.9,0,0.231,0.128,0.289,0.112,0.025,0.002,0.003,0.949,0.261,0.488
06/12/2015 09:00,4.4,0.2,0.6,0,23.5,4,0.001,0.157,0.167,0.388,0.084,0.029,0.004,0,0.947,0.242,0.479
06/12/2015 10:00,2.3,0.4,0.4,0,20.4,3.6,0.005,0.093,0.21,0.341,0.035,0.03,0.006,0,0.946,0.243,0.451
06/12/2015 11:00,0.9,1.8,0.6,0.1,19.5,4.1,0.022,0.07,0.225,0.213,0.006,0.03,0.005,0,0.942,0.263,0.416
06/12/2015 12:00,0.6,4.3,1.3,0.8,20.4,7.8,0.049,0.049,0.214,0.109,0,0.025,0.001,0,0.937,0.311,0.382
06/12/2015 13:00,0.7,5.9,2.2,1.9,20.4,12.3,0.074,0.013,0.183,0.057,0,0.025,0,0,0.934,0.398,0.348
06/12/2015 14:00,0.7,6.6,2.9,3.1,20.1,15.6,0.09,0,0.152,0.046,0,0.044,0,0,0.936,0.511,0.325
06/12/2015 15:00,0.3,6.5,3.4,4.3,20,17.6,0.097,0,0.144,0.053,0,0.047,0,0.007,0.942,0.603,0.311
06/12/2015 16:00,0.1,5.9,3.6,4.9,19.2,18.8,0.093,0.016,0.179,0.072,0,0.052,0,0.041,0.948,0.59,0.311
06/12/2015 17:00,0.1,5.1,3.5,5.4,21.4,19.5,0.086,0.033,0.242,0.145,0.001,0.061,0,0.064,0.954,0.532,0.328
06/12/2015 18:00,0.1,4.1,3.4,5.9,21.9,20,0.082,0.073,0.277,0.303,0.029,0.071,0,0.063,0.955,0.49,0.358
06/12/2015 19:00,0.1,3.2,3.6,5.7,20.9,20.2,0.077,0.057,0.274,0.399,0.09,0.082,0,0.049,0.951,0.457,0.388
06/12/2015 20:00,0.1,2.4,3.9,5,21,20.2,0.073,0.001,0.275,0.421,0.149,0.096,0,0.025,0.928,0.43,0.42
06/12/2015 21:00,0,1.8,4,4.8,19.1,19.2,0.068,0,0.266,0.422,0.175,0.113,0.001,0.012,0.901,0.396,0.456
06/12/2015 22:00,0.1,1.5,4.1,5.1,16.7,17.6,0.066,0.006,0.241,0.408,0.168,0.104,0.002,0.013,0.849,0.325,0.472
06/12/2015 23:00,0.1,1.5,4.1,5.5,15.1,16.3,0.076,0.032,0.222,0.367,0.157,0.087,0.005,0.019,0.79,0.253,0.464
07/12/2015 00:00,0.1,1.8,3.9,5.9,14.7,15.7,0.088,0.054,0.22,0.317,0.143,0.083,0.009,0.019,0.754,0.196,0.436
07/12/2015 01:00,0.2,1.8,3.6,6.3,12.6,15.6,0.078,0.039,0.249,0.273,0.128,0.077,0.019,0.011,0.75,0.148,0.407
07/12/2015 02:00,0.2,0.7,1.1,5.6,10.7,12.5,0.026,0.011,0.294,0.241,0.121,0.042,0.035,0.004,0.733,0.11,0.38
07/12/2015 03:00,0.6,0.8,0.9,3.4,17.5,7.5,0.012,0.005,0.323,0.233,0.122,0.039,0.031,0.001,0.718,0.085,0.352
07/12/2015 04:00,1.1,1,0.8,0.7,23.2,8.3,0.011,0.006,0.335,0.229,0.124,0.042,0.03,0,0.674,0.164,0.328
07/12/2015 05:00,2,0.9,0.8,0,24.9,7.3,0.005,0.01,0.335,0.23,0.114,0.051,0.037,0,0.594,0.253,0.321
07/12/2015 06:00,3.3,0.7,0.8,0,23.4,5.1,0.001,0.03,0.325,0.228,0.082,0.052,0.023,0,0.519,0.269,0.328
07/12/2015 07:00,4.6,0.6,0.7,0,20.9,3.4,0,0.101,0.305,0.22,0.019,0.053,0.011,0,0.454,0.243,0.345
07/12/2015 08:00,5.5,0.6,0.6,0,18.4,2.3,0,0.209,0.278,0.115,0.002,0.053,0.012,0,0.382,0.226,0.366
07/12/2015 09:00,4.4,0.8,0.4,0.1,15.9,1.6,0,0.24,0.266,0.088,0,0.049,0.027,0,0.343,0.226,0.402
07/12/2015 10:00,2.2,1.2,0.2,0.1,13.2,1.5,0,0.222,0.251,0.284,0,0.043,0.044,0,0.313,0.244,0.44
07/12/2015 11:00,0.5,2.2,0.1,0.4,11.7,2.4,0.001,0.219,0.238,0.157,0,0.038,0.055,0.008,0.281,0.282,0.469
07/12/2015 12:00,0.1,2.9,0.1,1.2,14.2,6.6,0.001,0.223,0.278,0.075,0.001,0.03,0.055,0.045,0.251,0.346,0.487
07/12/2015 13:00,0.1,3.6,0.6,2.3,17.3,12.5,0.004,0.108,0.344,0.036,0.005,0.06,0.044,0.05,0.237,0.44,0.496
07/12/2015 14:00,0.2,4,1.1,3.5,19.4,17.8,0.012,0.04,0.388,0.019,0.006,0.071,0.034,0.024,0.264,0.56,0.496
07/12/2015 15:00,0.2,3.9,1.6,4.6,19.6,21,0.013,0.252,0.405,0.015,0.006,0.093,0.033,0.004,0.325,0.669,0.483
07/12/2015 16:00,0.1,3.4,1.8,6.2,18.7,22.1,0.019,0.343,0.413,0.017,0.005,0.094,0.035,0,0.367,0.681,0.467
07/12/2015 17:00,0,2.8,1.8,7.6,18.5,21.9,0.025,0.281,0.41,0.029,0.005,0.108,0.035,0,0.398,0.656,0.462
07/12/2015 18:00,0,2.1,1.6,8.1,16.9,20.7,0.024,0.249,0.379,0.094,0.004,0.13,0.032,0,0.422,0.65,0.468
07/12/2015 19:00,0,1.8,1.6,8.1,16.7,19.2,0.022,0.259,0.32,0.267,0.003,0.147,0.028,0.002,0.44,0.61,0.486
07/12/2015 20:00,0,1.8,1.6,7.5,15.5,18.2,0.02,0.278,0.266,0.466,0.002,0.158,0.022,0.014,0.462,0.541,0.51
07/12/2015 21:00,0,1.8,1.5,7.3,12.9,18,0.016,0.327,0.202,0.539,0.001,0.159,0.019,0.041,0.447,0.47,0.515
07/12/2015 22:00,0,1.8,1.3,6.7,10.6,18.5,0.009,0.501,0.154,0.544,0.001,0.118,0.016,0.089,0.416,0.4,0.493
07/12/2015 23:00,0,2.1,1.3,6.2,9.1,19.5,0.006,0.544,0.104,0.532,0,0.099,0.018,0.172,0.391,0.316,0.46
08/12/2015 00:00,0,2.3,1.3,5.6,7.4,20.8,0.006,0.486,0.061,0.522,0,0.079,0.023,0.231,0.361,0.243,0.428
08/12/2015 01:00,0,2.6,1.1,4.7,6.3,22,0.005,0.472,0.069,0.507,0,0.076,0.03,0.212,0.336,0.182,0.382
08/12/2015 02:00,0.1,1.2,0.3,4.1,4.8,18.3,0.001,0.459,0.109,0.476,0,0.088,0.039,0.179,0.29,0.143,0.341
08/12/2015 03:00,0.2,0.3,0.1,2,8.5,9,0,0.454,0.156,0.408,0,0.086,0.026,0.118,0.259,0.124,0.311
08/12/2015 04:00,1.1,0.1,0.1,0.3,13.7,7.8,0,0.441,0.219,0.386,0.001,0.073,0.002,0.029,0.213,0.205,0.299
08/12/2015 05:00,3,0.2,0.1,0.3,15.5,7.5,0,0.422,0.283,0.369,0.006,0.07,0,0.003,0.145,0.323,0.32
08/12/2015 06:00,6.7,0.4,0.3,0.3,16.4,4.7,0,0.399,0.331,0.346,0.013,0.068,0,0,0.113,0.357,0.356
08/12/2015 07:00,10.2,0.8,0.4,0.3,17.5,3.1,0,0.378,0.358,0.311,0.009,0.066,0.002,0,0.114,0.297,0.386
08/12/2015 08:00,10.3,1.2,0.5,0.3,18.1,2.3,0,0.361,0.37,0.173,0.011,0.068,0.005,0,0.116,0.243,0.416
08/12/2015 09:00,8.3,1.6,0.6,0.2,16.9,1.8,0,0.337,0.371,0.167,0.011,0.066,0.012,0,0.128,0.233,0.432
08/12/2015 10:00,3.9,1.9,0.6,0.1,14.1,1.3,0.001,0.311,0.36,0.239,0.01,0.059,0.027,0,0.17,0.265,0.422
08/12/2015 11:00,1.3,2.4,0.3,0.3,11.5,1.5,0.005,0.289,0.338,0.219,0.012,0.053,0.047,0.001,0.221,0.328,0.401
08/12/2015 12:00,0.7,2.8,0.1,0.6,13.2,3.3,0.006,0.256,0.305,0.171,0.015,0.043,0.061,0.003,0.277,0.417,0.379
08/12/2015 13:00,0.2,2.8,0.2,0.9,15.5,5.6,0.005,0.201,0.261,0.134,0.017,0.038,0.068,0.001,0.332,0.525,0.352
08/12/2015 14:00,0.1,2.4,0.3,1,16.7,7.7,0.004,0.268,0.208,0.115,0.017,0.058,0.068,0,0.384,0.626,0.323
08/12/2015 15:00,0,2.1,0.5,0.7,18.6,9,0.003,0.214,0.168,0.107,0.017,0.07,0.073,0,0.398,0.697,0.297
08/12/2015 16:00,0,2,0.8,0.4,20.5,9.8,0.006,0.144,0.148,0.102,0.018,0.088,0.092,0,0.395,0.668,0.279
08/12/2015 17:00,0,2.1,0.9,0.2,20.8,10.2,0.013,0.108,0.144,0.076,0.025,0.104,0.106,0.003,0.388,0.571,0.278
08/12/2015 18:00,0,2.4,1.3,0.2,19.2,10.2,0.02,0.095,0.144,0.041,0.031,0.121,0.097,0.011,0.371,0.5,0.292
08/12/2015 19:00,0,2.6,1.6,0.4,17.2,10.3,0.025,0.1,0.141,0.019,0.041,0.14,0.068,0.012,0.361,0.449,0.324
08/12/2015 20:00,0,2.6,1.9,0.5,15.1,10.4,0.03,0.118,0.137,0.024,0.053,0.158,0.044,0.009,0.351,0.394,0.364
08/12/2015 21:00,0,2.1,1.9,0.7,13.7,11,0.03,0.166,0.114,0.058,0.061,0.156,0.021,0.004,0.328,0.316,0.414
08/12/2015 22:00,0,1.5,1.7,1.3,11.1,11.8,0.027,0.335,0.084,0.124,0.064,0.109,0.005,0.003,0.304,0.233,0.463
08/12/2015 23:00,0,1.3,1.4,3.1,9.8,12.6,0.029,0.449,0.057,0.208,0.061,0.064,0.001,0.008,0.283,0.172,0.494
09/12/2015 00:00,0,1.8,1.3,6.3,9.2,13.6,0.032,0.382,0.032,0.29,0.051,0.057,0,0.032,0.291,0.134,0.506
09/12/2015 01:00,0,2.6,0.9,8.9,7.8,14.3,0.023,0.287,0.009,0.358,0.039,0.048,0,0.072,0.316,0.114,0.503
09/12/2015 02:00,0,1.3,0.1,9.3,5.6,11.5,0.004,0.218,0.001,0.395,0.028,0.041,0,0.102,0.342,0.101,0.498
09/12/2015 03:00,0.1,0.2,0.1,6,8.6,5.4,0,0.157,0,0.395,0.018,0.041,0.002,0.1,0.376,0.085,0.498
09/12/2015 04:00,0.7,0.1,0.2,1.9,11.5,4.6,0,0.081,0.001,0.383,0.013,0.039,0.002,0.041,0.379,0.146,0.515
09/12/2015 05:00,2.1,0.1,0.3,2.8,12.2,4.5,0,0.057,0.007,0.401,0.011,0.035,0.001,0.008,0.355,0.216,0.539
09/12/2015 06:00,3.9,0.1,0.4,7.5,11.8,2.9,0,0.034,0.017,0.432,0.008,0.029,0.001,0.001,0.323,0.206,0.561
09/12/2015 07:00,5.6,0.2,0.6,10.4,10.5,2.4,0,0.015,0.024,0.446,0.002,0.033,0.002,0,0.291,0.152,0.578
09/12/2015 08:00,5.8,0.3,0.8,13.6,9.3,2.6,0,0.008,0.026,0.272,0,0.034,0.003,0,0.27,0.106,0.592
09/12/2015 09:00,4.6,0.4,0.9,16.5,8.3,3.1,0,0.011,0.023,0.268,0,0.037,0.004,0,0.27,0.076,0.598
09/12/2015 10:00,2,0.7,1.1,18,7,3.4,0,0.021,0.015,0.46,0,0.034,0.005,0,0.284,0.059,0.594
09/12/2015 11:00,0.5,1.3,1.1,15.7,5.9,4.1,0.001,0.047,0.005,0.481,0.001,0.028,0.005,0,0.287,0.061,0.581
09/12/2015 12:00,0.1,1.9,0.7,13.6,7.3,6.4,0.001,0.026,0.002,0.464,0.002,0.018,0.005,0,0.278,0.082,0.564
09/12/2015 13:00,0,2.2,0.5,12.9,9.6,9.2,0.002,0.015,0.001,0.398,0.003,0.025,0.006,0,0.263,0.125,0.555
09/12/2015 14:00,0,2.1,0.6,14.2,10.6,11.3,0.005,0.007,0,0.324,0.005,0.042,0.009,0,0.237,0.206,0.56
09/12/2015 15:00,0,1.6,0.8,16,11,12.5,0.01,0.005,0,0.241,0.006,0.065,0.014,0,0.203,0.341,0.568
09/12/2015 16:00,0,1.1,1,16.5,10.8,12.8,0.018,0.017,0,0.169,0.009,0.084,0.019,0,0.172,0.501,0.571
09/12/2015 17:00,0,1,1,16.3,10.8,12.3,0.026,0.152,0,0.125,0.012,0.098,0.022,0.001,0.145,0.539,0.568
09/12/2015 18:00,0,0.9,0.9,16.2,10.5,11.6,0.032,0.291,0,0.122,0.012,0.107,0.041,0.001,0.127,0.5,0.57
09/12/2015 19:00,0,0.6,0.9,15.2,10.3,10.9,0.039,0.298,0,0.129,0.009,0.114,0.058,0.001,0.118,0.472,0.578
09/12/2015 20:00,0,0.4,0.9,13.5,9.7,10.3,0.042,0.27,0,0.127,0.005,0.118,0.063,0.001,0.115,0.432,0.59
09/12/2015 21:00,0,0.4,0.8,11.5,8.5,10.1,0.043,0.212,0,0.115,0.001,0.104,0.063,0,0.12,0.362,0.601
09/12/2015 22:00,0.1,0.6,0.5,9,7.6,10.4,0.04,0.261,0.001,0.134,0,0.059,0.069,0.001,0.142,0.305,0.605
09/12/2015 23:00,0.1,0.9,0.3,6.3,7.3,10.9,0.034,0.379,0.008,0.179,0,0.052,0.076,0.002,0.167,0.251,0.598
10/12/2015 00:00,0.1,1.3,0.3,4.3,7.3,11.3,0.025,0.444,0.02,0.238,0.001,0.053,0.074,0.003,0.194,0.203,0.578
10/12/2015 01:00,0,1.5,0.3,2.9,6.9,11.8,0.013,0.467,0.036,0.302,0.004,0.045,0.068,0.006,0.236,0.194,0.555
10/12/2015 02:00,0.1,0.8,0,2.1,5.9,9.1,0.001,0.516,0.055,0.33,0.014,0.03,0.054,0.013,0.286,0.206,0.55
10/12/2015 03:00,0.7,0.3,0.1,0.8,8,6.1,0,0.532,0.059,0.337,0.03,0.035,0.047,0.022,0.306,0.183,0.565
10/12/2015 04:00,3.4,0.6,0.4,0.4,10.5,6.8,0,0.504,0.055,0.341,0.045,0.031,0.065,0.011,0.299,0.233,0.569
10/12/2015 05:00,7.3,0.9,0.8,1.1,11.1,6.6,0,0.419,0.054,0.352,0.066,0.028,0.067,0.003,0.291,0.221,0.565
10/12/2015 06:00,11.3,1.3,1.3,2.1,10.7,6.4,0,0.379,0.048,0.368,0.076,0.021,0.049,0.001,0.28,0.16,0.562
10/12/2015 07:00,13.5,1.4,1.8,4,10,7.1,0.002,0.413,0.048,0.368,0.034,0.024,0.028,0,0.264,0.102,0.573
10/12/2015 08:00,12.2,1.3,2.2,6.4,8.8,8.3,0.005,0.446,0.056,0.268,0.012,0.025,0.013,0,0.249,0.07,0.593
10/12/2015 09:00,8,1.3,2,7.6,7.2,9.6,0.01,0.447,0.07,0.281,0.006,0.023,0.004,0,0.245,0.061,0.613
10/12/2015 10:00,3.3,1.4,1.4,8.1,5.8,10.9,0.017,0.501,0.083,0.494,0.005,0.021,0.003,0,0.237,0.07,0.633
10/12/2015 11:00,1.3,1.8,1.1,10.2,5.4,12.3,0.022,0.504,0.085,0.523,0.009,0.022,0.008,0.002,0.218,0.089,0.644
10/12/2015 12:00,0.6,2.3,0.8,16,7.1,16.7,0.018,0.527,0.078,0.535,0.014,0.03,0.019,0.004,0.201,0.133,0.637
10/12/2015 13:00,0.3,2.3,0.8,19.6,8.8,20.3,0.012,0.566,0.061,0.539,0.016,0.032,0.032,0.002,0.184,0.209,0.635
10/12/2015 14:00,0.3,2.3,0.9,21,9.8,20.4,0.008,0.494,0.045,0.519,0.016,0.072,0.046,0.001,0.177,0.345,0.626
10/12/2015 15:00,0.3,2.6,0.8,21.1,10.5,18.8,0.012,0.647,0.041,0.498,0.014,0.13,0.067,0,0.176,0.503,0.591
10/12/2015 16:00,0.3,3.3,0.9,21.9,11,17,0.018,0.756,0.049,0.447,0.013,0.164,0.149,0.003,0.174,0.538,0.545
10/12/2015 17:00,0.3,4.2,1,25.2,11.5,15.5,0.024,0.797,0.057,0.379,0.013,0.178,0.318,0.021,0.179,0.512,0.523
10/12/2015 18:00,0.3,5.1,1.2,30.1,11.6,14.2,0.03,0.8,0.056,0.398,0.009,0.182,0.368,0.041,0.204,0.49,0.523
10/12/2015 19:00,0.3,5.5,1.8,33.4,11.3,12.8,0.042,0.773,0.058,0.447,0.005,0.18,0.289,0.031,0.227,0.473,0.516
10/12/2015 20:00,0.2,5.6,1.9,33.3,9.9,12.2,0.06,0.697,0.056,0.479,0.002,0.163,0.204,0.007,0.233,0.501,0.51
10/12/2015 21:00,0.2,5.2,2,31.4,7.2,11.5,0.069,0.591,0.032,0.527,0.002,0.136,0.156,0.007,0.236,0.402,0.538
10/12/2015 22:00,0.2,4.8,1.9,29.3,5.2,10.6,0.063,0.544,0.01,0.578,0.004,0.09,0.125,0.044,0.256,0.335,0.593
10/12/2015 23:00,0.2,4.6,1.9,27.7,4.1,10.1,0.051,0.447,0.002,0.588,0.009,0.071,0.112,0.078,0.282,0.286,0.654
11/12/2015 00:00,0.1,4.7,2.2,26.6,3.6,9.8,0.03,0.279,0.001,0.571,0.019,0.062,0.107,0.067,0.339,0.305,0.706
11/12/2015 01:00,0.1,4.1,2.5,25.1,2.9,9.2,0.011,0.343,0,0.539,0.027,0.055,0.105,0.05,0.413,0.277,0.732
11/12/2015 02:00,0.1,1.6,1.1,21.2,2.1,7,0.001,0.555,0,0.481,0.026,0.038,0.102,0.055,0.449,0.228,0.752
11/12/2015 03:00,1.1,0.3,0.9,8.6,3,3.1,0,0.55,0,0.442,0.016,0.048,0.061,0.076,0.466,0.179,0.757
11/12/2015 04:00,3.9,0.3,1.9,6.7,3.1,3.1,0,0.386,0.001,0.439,0.006,0.049,0.041,0.046,0.484,0.18,0.777
11/12/2015 05:00,7.4,0.4,2.6,6.3,2.4,2.6,0.002,0.273,0.003,0.459,0.002,0.055,0.006,0.021,0.527,0.174,0.802
11/12/2015 06:00,11.5,0.8,3.3,5.8,1.9,2.6,0.003,0.215,0.022,0.483,0.002,0.056,0,0.009,0.57,0.137,0.794
11/12/2015 07:00,12.8,1,3.6,7,1.4,3.1,0.007,0.255,0.038,0.498,0.001,0.056,0,0.002,0.574,0.095,0.746
11/12/2015 08:00,11.4,1.3,3.7,7.5,1.1,4.1,0.013,0.252,0.042,0.367,0,0.041,0.001,0.001,0.561,0.072,0.668
11/12/2015 09:00,7.1,1.3,3.1,6.7,0.7,4.9,0.015,0.283,0.039,0.421,0.002,0.026,0.009,0,0.555,0.071,0.619
11/12/2015 10:00,2.7,1.4,2.7,4.9,0.5,5.5,0.008,0.314,0.032,0.672,0.011,0.017,0.029,0,0.566,0.084,0.625
11/12/2015 11:00,0.7,1.4,2.9,4.8,0.7,6.4,0.002,0.394,0.027,0.69,0.027,0.017,0.058,0,0.568,0.105,0.644
11/12/2015 12:00,0.4,1.2,3.1,6.3,1.4,9.7,0,0.404,0.025,0.676,0.037,0.032,0.088,0,0.57,0.139,0.659
11/12/2015 13:00,0.3,0.8,3.6,8.2,2.6,12.1,0,0.352,0.023,0.624,0.042,0.037,0.117,0,0.591,0.202,0.661
11/12/2015 14:00,0.4,0.9,3.8,10,3.5,12.5,0.003,0.42,0.029,0.566,0.043,0.142,0.129,0.001,0.63,0.32,0.649
11/12/2015 15:00,0.6,1.3,3.9,11.7,4.1,12.1,0.009,0.399,0.045,0.497,0.042,0.248,0.149,0.028,0.662,0.499,0.636
11/12/2015 16:00,0.7,2.6,4.7,13.3,4.5,11.7,0.013,0.321,0.062,0.422,0.041,0.285,0.182,0.063,0.679,0.608,0.644
11/12/2015 17:00,0.7,4.5,4.4,14.7,4.4,11.5,0.023,0.257,0.076,0.355,0.032,0.274,0.183,0.079,0.691,0.604,0.668
11/12/2015 18:00,0.5,6.3,4.3,15.5,4.3,11.6,0.041,0.233,0.085,0.332,0.022,0.258,0.15,0.066,0.699,0.606,0.677
11/12/2015 19:00,0.4,8,4,15,4.6,11.8,0.058,0.228,0.086,0.305,0.013,0.261,0.137,0.044,0.712,0.571,0.637
11/12/2015 20:00,0.5,8.3,3.4,13.3,5.3,12,0.077,0.215,0.068,0.272,0.008,0.251,0.136,0.022,0.72,0.491,0.601
11/12/2015 21:00,0.4,7.1,2.8,11.8,5.1,11.9,0.115,0.172,0.046,0.251,0.006,0.209,0.12,0.012,0.729,0.414,0.613
11/12/2015 22:00,0.4,6.2,2.5,10.8,4.7,11.5,0.146,0.204,0.031,0.276,0.008,0.124,0.09,0.009,0.735,0.332,0.649
11/12/2015 23:00,0.3,5.7,2.8,10.7,4.6,10.5,0.152,0.235,0.019,0.356,0.017,0.104,0.055,0.003,0.739,0.238,0.702
12/12/2015 00:00,0.2,5.2,3.8,11,4.6,9.1,0.155,0.22,0.013,0.46,0.031,0.105,0.035,0.001,0.754,0.223,0.75
12/12/2015 01:00,0.2,4.3,3.9,11.2,4.4,7.6,0.132,0.221,0.009,0.511,0.043,0.1,0.035,0,0.779,0.201,0.776
12/12/2015 02:00,0.2,1.6,1.4,10.3,2.9,5.7,0.04,0.212,0.005,0.485,0.045,0.137,0.032,0,0.788,0.169,0.796
12/12/2015 03:00,1.5,1.6,1.2,5.6,3.3,2.2,0.012,0.19,0.011,0.43,0.032,0.138,0.041,0,0.77,0.108,0.82
12/12/2015 04:00,5,3.1,1.4,1.9,3.6,1.1,0.012,0.162,0.031,0.386,0.016,0.132,0.13,0,0.75,0.185,0.835
12/12/2015 05:00,9.4,2.8,2.1,3.3,3.6,1.7,0.012,0.16,0.073,0.375,0.007,0.119,0.296,0,0.752,0.213,0.84
12/12/2015 06:00,13.5,2.4,2.8,3.3,3.4,1.3,0.008,0.205,0.112,0.383,0.006,0.118,0.379,0,0.759,0.158,0.841
12/12/2015 07:00,15.5,2.2,3,2.3,3,0.9,0.004,0.272,0.133,0.383,0.005,0.121,0.374,0,0.768,0.1,0.851
12/12/2015 08:00,14,2.1,2.8,1.7,2.4,0.6,0.002,0.352,0.14,0.282,0.001,0.139,0.332,0,0.777,0.068,0.865
12/12/2015 09:00,9.1,1.9,2.3,1.8,1.9,0.6,0.002,0.404,0.144,0.201,0,0.146,0.273,0.003,0.789,0.059,0.872
12/12/2015 10:00,3.5,2.1,2.4,2.5,1.6,1,0.002,0.364,0.144,0.321,0,0.134,0.212,0.011,0.818,0.061,0.869
12/12/2015 11:00,1.1,2.7,3.5,4.9,1.6,2.4,0.002,0.345,0.135,0.414,0,0.117,0.152,0.031,0.829,0.063,0.855
12/12/2015 12:00,0.6,4.3,4.3,10.6,2.5,7.6,0.001,0.352,0.133,0.45,0.002,0.101,0.101,0.084,0.809,0.07,0.837
12/12/2015 13:00,0.3,5.8,5.4,16.2,3.6,13.6,0.001,0.204,0.149,0.44,0.008,0.1,0.074,0.146,0.77,0.092,0.821
12/12/2015 14:00,0.3,6.7,6.4,19.2,4.1,18.2,0.001,0.459,0.163,0.386,0.017,0.16,0.057,0.147,0.72,0.153,0.808
12/12/2015 15:00,0.3,7.3,7.6,19.8,3.9,20.7,0.003,0.619,0.183,0.328,0.025,0.172,0.045,0.118,0.635,0.316,0.799
12/12/2015 16:00,0.3,8,8.3,18.9,3.6,21.2,0.01,0.59,0.218,0.265,0.034,0.156,0.029,0.109,0.554,0.528,0.795
12/12/2015 17:00,0.3,9.3,7.8,16.9,3.6,20.5,0.025,0.529,0.254,0.224,0.051,0.146,0.026,0.1,0.527,0.54,0.806
12/12/2015 18:00,0.3,10.6,7.4,14.3,3.9,19.3,0.03,0.464,0.28,0.209,0.07,0.148,0.054,0.073,0.574,0.636,0.831
12/12/2015 19:00,0.2,11.3,6.3,11.7,4,18.1,0.02,0.413,0.3,0.196,0.077,0.157,0.112,0.047,0.626,0.52,0.865
12/12/2015 20:00,0.2,11.2,5.8,9.2,3.8,17.2,0.01,0.388,0.316,0.164,0.069,0.165,0.194,0.023,0.657,0.464,0.888
12/12/2015 21:00,0.2,9.7,4.8,6.9,3.3,16,0.006,0.397,0.274,0.134,0.054,0.167,0.291,0.016,0.642,0.428,0.895
12/12/2015 22:00,0.2,7.6,4.1,5.3,2.7,14.7,0.004,0.457,0.227,0.117,0.034,0.127,0.371,0.014,0.604,0.367,0.89
12/12/2015 23:00,0.2,6,3.8,4.6,2.2,13.6,0.007,0.399,0.206,0.111,0.016,0.071,0.387,0.009,0.584,0.291,0.875
13/12/2015 00:00,0.1,4.9,3.9,4.2,1.8,12.6,0.013,0.369,0.201,0.131,0.005,0.05,0.379,0.003,0.59,0.219,0.851
13/12/2015 01:00,0.1,3.9,3.3,3.9,1.4,12.2,0.011,0.348,0.221,0.156,0.001,0.031,0.367,0.001,0.61,0.167,0.843
13/12/2015 02:00,0.2,1.7,1.3,3.1,0.7,9.7,0.001,0.442,0.266,0.184,0.001,0.028,0.355,0,0.62,0.131,0.865
13/12/2015 03:00,0.3,0.6,1.4,1.6,0.7,4.5,0,0.334,0.366,0.219,0.003,0.024,0.289,0,0.627,0.106,0.895
13/12/2015 04:00,1.9,0.5,2.1,1,0.6,3.4,0,0.262,0.488,0.259,0.01,0.019,0.306,0,0.651,0.148,0.9
13/12/2015 05:00,4.5,0.7,2,0.6,0.5,4.8,0,0.22,0.583,0.278,0.019,0.011,0.412,0,0.674,0.168,0.895
13/12/2015 06:00,7.8,1.1,2.1,0.2,0.4,4.6,0,0.21,0.645,0.272,0.024,0.007,0.355,0,0.685,0.155,0.914
13/12/2015 07:00,9.5,1.6,2.3,0.1,0.3,3.4,0,0.199,0.664,0.264,0.008,0.003,0.286,0,0.644,0.139,0.931
13/12/2015 08:00,9.1,2.1,2.1,0.2,0.3,3.1,0,0.179,0.654,0.18,0.001,0.002,0.254,0,0.556,0.133,0.931
13/12/2015 09:00,5.9,2.5,1.2,0.4,0.3,3.3,0,0.165,0.636,0.143,0.001,0.001,0.235,0,0.554,0.133,0.923
13/12/2015 10:00,2.2,3,0.7,0.8,0.4,3.9,0,0.151,0.618,0.389,0.002,0.001,0.186,0.001,0.595,0.142,0.92
13/12/2015 11:00,0.7,3.6,1.2,2.2,0.9,5.9,0,0.133,0.581,0.518,0.005,0.001,0.121,0.043,0.571,0.162,0.924
13/12/2015 12:00,0.3,3.9,2.3,5.1,2.6,13,0,0.144,0.528,0.476,0.009,0.001,0.07,0.146,0.577,0.196,0.929
13/12/2015 13:00,0.3,3.9,2.8,8.6,4.5,19.9,0,0.211,0.479,0.38,0.014,0,0.041,0.243,0.625,0.253,0.925
13/12/2015 14:00,0.4,3.8,2.9,12.3,4.8,22.4,0.001,0.158,0.436,0.302,0.02,0,0.032,0.285,0.649,0.343,0.917
13/12/2015 15:00,0.7,4.3,2.9,15.3,4.4,22.7,0.011,0.09,0.41,0.239,0.029,0.002,0.044,0.245,0.663,0.459,0.917
13/12/2015 16:00,0.9,5,2.9,17,3.8,22,0.034,0.041,0.396,0.187,0.043,0.006,0.085,0.178,0.682,0.52,0.923
13/12/2015 17:00,0.7,5.3,2.9,17,3,21.4,0.048,0.111,0.4,0.148,0.068,0.013,0.125,0.126,0.71,0.502,0.926
13/12/2015 18:00,0.5,4.9,2.9,15.8,2.3,21.4,0.054,0.27,0.398,0.147,0.087,0.021,0.139,0.11,0.724,0.49,0.927
13/12/2015 19:00,0.3,4.2,2.9,14.3,2,21.5,0.065,0.265,0.391,0.15,0.084,0.032,0.147,0.133,0.725,0.445,0.933
13/12/2015 20:00,0.3,3.4,2.8,13,1.9,21.7,0.076,0.082,0.387,0.138,0.066,0.045,0.171,0.181,0.719,0.355,0.941
13/12/2015 21:00,0.2,2.8,2.3,12.4,1.6,20.9,0.085,0.023,0.33,0.1,0.042,0.061,0.21,0.26,0.723,0.259,0.945
13/12/2015 22:00,0.2,2.4,1.6,12.5,1.4,19.9,0.082,0.033,0.259,0.054,0.02,0.067,0.249,0.325,0.739,0.203,0.939
13/12/2015 23:00,0.1,2.4,1,12.6,1.2,19.1,0.069,0.044,0.213,0.038,0.006,0.053,0.279,0.356,0.758,0.245,0.923
14/12/2015 00:00,0.1,3.2,0.6,13.2,1.1,18.7,0.054,0.029,0.192,0.058,0.002,0.053,0.314,0.361,0.788,0.237,0.903
14/12/2015 01:00,0.1,3.9,0.4,13.8,0.9,18.3,0.026,0.019,0.182,0.096,0.005,0.04,0.367,0.334,0.829,0.189,0.881
14/12/2015 02:00,0.1,2.3,0.2,14.1,0.5,14.5,0.003,0.022,0.176,0.126,0.03,0.02,0.413,0.277,0.853,0.157,0.86
14/12/2015 03:00,0.3,0.8,1.4,8.8,0.5,7,0,0.011,0.217,0.138,0.07,0.012,0.339,0.127,0.839,0.144,0.846
14/12/2015 04:00,2.1,1.6,3.2,3.9,0.4,5.2,0,0,0.291,0.148,0.094,0.011,0.62,0.068,0.8,0.236,0.838
14/12/2015 05:00,4.7,3.1,4.3,3.9,0.4,7.8,0,0,0.349,0.163,0.097,0.011,0.652,0.054,0.766,0.311,0.826
14/12/2015 06:00,7.6,4.3,5.3,4.1,0.4,7.8,0,0.006,0.398,0.165,0.084,0.014,0.565,0.039,0.765,0.362,0.797
14/12/2015 07:00,9.5,5.6,5.6,2.7,0.5,6.2,0,0.079,0.452,0.137,0.028,0.016,0.471,0.023,0.789,0.367,0.761
14/12/2015 08:00,9,6.7,5.1,2.2,0.6,5.1,0,0.105,0.494,0.058,0.004,0.014,0.381,0.009,0.808,0.332,0.732
14/12/2015 09:00,6.2,6.8,3.4,2.4,0.6,4.8,0,0.024,0.521,0.008,0.003,0.006,0.302,0.004,0.827,0.287,0.716
14/12/2015 10:00,2.4,6.6,1.6,3.4,0.7,5.3,0.002,0.086,0.529,0.021,0.003,0.002,0.218,0.005,0.845,0.261,0.712
14/12/2015 11:00,0.6,7.7,1,6.8,1.3,7.3,0.005,0.201,0.525,0.036,0.002,0.001,0.154,0.013,0.842,0.265,0.719
14/12/2015 12:00,0.2,7.4,0.8,13.7,3,14.4,0.01,0.259,0.519,0.061,0.002,0,0.122,0.034,0.826,0.308,0.729
14/12/2015 13:00,0.2,6.4,0.8,19.5,4.7,21.5,0.015,0.272,0.51,0.055,0.002,0,0.127,0.06,0.809,0.376,0.732
14/12/2015 14:00,0.2,5.6,0.8,22.7,5.1,25,0.025,0.329,0.487,0.043,0.003,0,0.16,0.084,0.791,0.466,0.724
14/12/2015 15:00,0.2,5.5,0.8,23.9,4.8,26.4,0.036,0.507,0.457,0.03,0.004,0.002,0.192,0.101,0.759,0.57,0.722
14/12/2015 16:00,0.2,5.3,0.8,23,4.1,26.2,0.044,0.67,0.431,0.022,0.007,0.008,0.201,0.107,0.712,0.592,0.742
14/12/2015 17:00,0.2,4.8,0.8,20.6,3.6,25.1,0.045,0.713,0.403,0.021,0.013,0.02,0.192,0.118,0.668,0.556,0.775
14/12/2015 18:00,0.2,4.2,0.9,17.8,3.4,24.4,0.033,0.75,0.369,0.019,0.024,0.032,0.177,0.136,0.628,0.501,0.808
14/12/2015 19:00,0.2,3.8,1,15.9,3,24.2,0.017,0.794,0.341,0.021,0.032,0.042,0.165,0.148,0.59,0.467,0.824
14/12/2015 20:00,0.2,3.9,1,13,2.5,24.3,0.007,0.778,0.319,0.033,0.038,0.05,0.151,0.155,0.552,0.464,0.819
14/12/2015 21:00,0.1,4.2,1.1,9.6,2.4,23.5,0.006,0.705,0.265,0.051,0.039,0.063,0.142,0.147,0.507,0.43,0.792
14/12/2015 22:00,0.1,4.6,1.2,7.4,2.3,23,0.013,0.691,0.213,0.065,0.05,0.067,0.115,0.137,0.466,0.362,0.762
14/12/2015 23:00,0,5.1,1.5,6.4,1.9,22.8,0.034,0.574,0.184,0.061,0.088,0.057,0.094,0.133,0.416,0.289,0.744
15/12/2015 00:00,0,5.4,1.8,7,1.8,22.5,0.069,0.464,0.165,0.05,0.142,0.056,0.09,0.125,0.379,0.214,0.734
15/12/2015 01:00,0,4.9,1.7,7.7,1.8,21.6,0.084,0.426,0.154,0.042,0.18,0.044,0.126,0.107,0.362,0.2,0.72
15/12/2015 02:00,0,2,0.4,7.5,1.3,15.5,0.034,0.389,0.154,0.034,0.182,0.029,0.206,0.085,0.342,0.201,0.704
15/12/2015 03:00,0.6,0.8,0.4,3.8,1.4,8.9,0.024,0.334,0.194,0.021,0.147,0.023,0.243,0.069,0.317,0.179,0.69
15/12/2015 04:00,2.6,0.9,0.8,1.1,1.5,7.8,0.015,0.286,0.252,0.009,0.112,0.017,0.498,0.033,0.285,0.215,0.674
15/12/2015 05:00,5.2,1.4,1.2,0.9,1.3,6.4,0.006,0.235,0.3,0.003,0.095,0.016,0.657,0.015,0.268,0.252,0.651
15/12/2015 06:00,8.1,1.6,1.7,0.6,1,4.1,0.003,0.22,0.333,0.002,0.082,0.015,0.624,0.006,0.279,0.281,0.622
15/12/2015 07:00,9.9,1.8,1.7,0.3,0.8,2.8,0.002,0.201,0.356,0.002,0.028,0.012,0.523,0,0.299,0.279,0.601
15/12/2015 08:00,9.8,2,1.5,0.3,0.6,2.2,0.002,0.16,0.379,0.001,0.005,0.01,0.43,0,0.297,0.272,0.602
15/12/2015 09:00,6.9,2.3,1.2,0.2,0.6,2,0.003,0.153,0.394,0,0.008,0.007,0.368,0,0.291,0.278,0.615
15/12/2015 10:00,2.7,2.9,0.9,0.2,0.8,2.3,0.005,0.139,0.41,0,0.006,0.004,0.306,0,0.318,0.307,0.633
15/12/2015 11:00,0.5,4.6,1,0.5,1.5,4,0.007,0.121,0.447,0.004,0.004,0.003,0.232,0,0.374,0.364,0.645
15/12/2015 12:00,0.1,5.4,1.2,1.4,3.8,9.3,0.014,0.082,0.497,0.019,0.001,0.003,0.179,0,0.417,0.448,0.658
15/12/2015 13:00,0.1,5.1,1.2,3,6.2,13.5,0.028,0.038,0.54,0.027,0.001,0.007,0.149,0,0.431,0.553,0.674
15/12/2015 14:00,0.1,4.8,1.4,4.8,7.3,15,0.07,0.027,0.566,0.026,0,0.029,0.133,0,0.451,0.653,0.689
15/12/2015 15:00,0.2,4.9,1.8,6.3,7.6,15.3,0.146,0.032,0.581,0.017,0,0.056,0.14,0,0.481,0.705,0.698
15/12/2015 16:00,0.2,4.6,2.1,7.2,7.6,15.3,0.223,0.091,0.583,0.005,0,0.071,0.172,0,0.515,0.679,0.71
15/12/2015 17:00,0.1,4.4,2.1,7.5,6.9,14.9,0.246,0.121,0.59,0,0,0.085,0.201,0,0.536,0.61,0.727
15/12/2015 18:00,0.1,4.5,2.2,7.5,5.5,14.2,0.22,0.108,0.618,0,0,0.101,0.219,0,0.548,0.58,0.744
15/12/2015 19:00,0.1,4.7,2.5,7.8,4.4,13.8,0.178,0.086,0.656,0,0,0.121,0.206,0,0.55,0.556,0.757
15/12/2015 20:00,0.1,5.3,2.8,7.8,3.6,13.6,0.127,0.074,0.71,0.004,0,0.141,0.179,0,0.55,0.504,0.768
15/12/2015 21:00,0,4.9,2.5,7.3,2.9,13,0.1,0.104,0.733,0.017,0,0.145,0.161,0,0.541,0.442,0.777
15/12/2015 22:00,0,4,2.4,6.8,2.4,12.3,0.084,0.206,0.743,0.026,0,0.107,0.201,0,0.538,0.38,0.778
15/12/2015 23:00,0.1,3.3,2.4,6.4,2.1,11.5,0.064,0.32,0.746,0.048,0,0.07,0.278,0.001,0.534,0.302,0.777
16/12/2015 00:00,0.1,2.9,2.5,6.4,1.9,10.4,0.045,0.407,0.726,0.093,0,0.051,0.349,0.002,0.55,0.228,0.785
16/12/2015 01:00,0.2,2.1,2.6,6.1,1.6,9.3,0.021,0.398,0.701,0.157,0.003,0.034,0.418,0.005,0.576,0.164,0.8
16/12/2015 02:00,0,0.9,1.1,5.5,1.4,6.6,0.002,0.332,0.682,0.219,0.024,0.032,0.454,0.008,0.584,0.114,0.809
16/12/2015 03:00,0.2,0.4,0.6,2.9,1.8,2.4,0.001,0.29,0.713,0.238,0.065,0.027,0.462,0.013,0.571,0.09,0.808
16/12/2015 04:00,1.3,0.3,0.4,0.6,1.7,0.9,0,0.272,0.763,0.233,0.083,0.028,0.765,0.005,0.541,0.207,0.805
16/12/2015 05:00,4.1,0.1,0.5,0.1,1.6,0.7,0,0.253,0.791,0.234,0.08,0.034,0.816,0.001,0.516,0.281,0.813
16/12/2015 06:00,7.2,0.1,0.7,0,1.6,0.6,0,0.217,0.806,0.243,0.082,0.037,0.744,0,0.501,0.251,0.821
16/12/2015 07:00,8,0.3,1.1,0,1.8,1.1,0.001,0.169,0.821,0.245,0.041,0.035,0.622,0,0.485,0.219,0.823
16/12/2015 08:00,7,0.3,1.3,0.2,2.2,1.9,0.002,0.123,0.831,0.179,0.008,0.028,0.523,0,0.463,0.203,0.826
16/12/2015 09:00,4.8,0.4,1.1,0.7,2.7,2.6,0.008,0.093,0.827,0.145,0.003,0.02,0.474,0,0.438,0.209,0.835
16/12/2015 10:00,2.1,0.9,0.9,1.2,3.4,3.1,0.019,0.065,0.814,0.194,0.001,0.012,0.466,0,0.437,0.228,0.841
16/12/2015 11:00,0.6,2.3,0.5,2,4.6,4.6,0.044,0.052,0.786,0.2,0.001,0.008,0.466,0,0.435,0.281,0.838
16/12/2015 12:00,0.2,3.9,0.2,2.8,8.2,9.8,0.071,0.046,0.729,0.157,0.001,0.005,0.459,0,0.428,0.36,0.829
16/12/2015 13:00,0.1,5.1,0.4,3,11.8,13.4,0.116,0.036,0.666,0.111,0.001,0.003,0.443,0.004,0.414,0.442,0.818
16/12/2015 14:00,0.1,5.6,0.7,2.8,13,14,0.187,0.045,0.618,0.077,0.001,0.005,0.403,0.019,0.412,0.532,0.811
16/12/2015 15:00,0,5.3,1,2.6,13,13.3,0.238,0.046,0.607,0.059,0.002,0.022,0.406,0.048,0.425,0.59,0.805
16/12/2015 16:00,0,4.8,1.3,2.8,12.6,12.2,0.228,0.07,0.633,0.05,0.005,0.044,0.432,0.091,0.437,0.558,0.8
16/12/2015 17:00,0,4.3,1.4,3.1,11.5,11.5,0.193,0.135,0.654,0.051,0.009,0.063,0.394,0.135,0.464,0.451,0.811
16/12/2015 18:00,0,3.8,1.6,3.3,10.4,11.5,0.157,0.301,0.642,0.071,0.008,0.073,0.343,0.16,0.495,0.308,0.833
16/12/2015 19:00,0,3.3,1.6,3.3,9.5,11.3,0.122,0.343,0.644,0.133,0.004,0.076,0.289,0.163,0.54,0.181,0.852
16/12/2015 20:00,0,2.9,1.6,2.9,8.8,11.5,0.096,0.268,0.687,0.257,0.002,0.078,0.249,0.157,0.581,0.115,0.869
16/12/2015 21:00,0,2.4,1.7,2.9,7,11.6,0.067,0.307,0.621,0.398,0.002,0.071,0.251,0.155,0.613,0.148,0.886
16/12/2015 22:00,0,2.1,1.6,3.6,5.3,11.4,0.041,0.346,0.387,0.463,0.001,0.041,0.291,0.141,0.601,0.231,0.9
16/12/2015 23:00,0,1.9,1.6,4.5,4.5,11,0.025,0.422,0.191,0.481,0,0.034,0.36,0.106,0.568,0.195,0.906
17/12/2015 00:00,0,2,1.8,5.3,4.2,10.6,0.013,0.516,0.108,0.466,0.003,0.037,0.438,0.068,0.523,0.09,0.905
17/12/2015 01:00,0,2.1,2,5.8,4.1,9.9,0.004,0.549,0.082,0.413,0.015,0.04,0.498,0.042,0.497,0.053,0.896
17/12/2015 02:00,0.1,1.1,0.4,7.1,2.6,7.8,0.003,0.59,0.086,0.395,0.035,0.041,0.525,0.031,0.515,0.05,0.884
17/12/2015 03:00,0.6,1,0.3,5.4,4.3,4.3,0.016,0.61,0.138,0.42,0.061,0.042,0.583,0.021,0.553,0.044,0.882
17/12/2015 04:00,2.6,0.9,0.5,2.1,5.4,4.7,0.004,0.527,0.231,0.42,0.086,0.061,0.817,0.001,0.586,0.093,0.896
17/12/2015 05:00,6.3,0.8,0.8,2.7,5.5,4.5,0.001,0.552,0.312,0.392,0.108,0.061,0.794,0.001,0.592,0.24,0.914
17/12/2015 06:00,9.9,0.6,1.1,6.8,5.1,3.9,0.001,0.626,0.364,0.353,0.124,0.051,0.697,0.015,0.57,0.278,0.927
17/12/2015 07:00,12.2,0.6,1.3,8.3,4.5,4.1,0.009,0.654,0.394,0.312,0.068,0.037,0.561,0.023,0.552,0.25,0.936
17/12/2015 08:00,13,0.5,1.3,10.4,3.8,4.9,0.039,0.655,0.413,0.178,0.019,0.031,0.42,0.017,0.605,0.235,0.943
17/12/2015 09:00,10.3,0.5,1.1,12.6,3.3,5.9,0.059,0.481,0.46,0.1,0.014,0.032,0.311,0.01,0.676,0.229,0.943
17/12/2015 10:00,3.9,0.7,0.6,14.3,2.8,7.3,0.074,0.433,0.513,0.234,0.01,0.033,0.261,0.008,0.686,0.234,0.937
17/12/2015 11:00,1.4,1.6,0.4,17.9,2.8,9.6,0.112,0.464,0.558,0.261,0.014,0.031,0.251,0.023,0.724,0.263,0.931
17/12/2015 12:00,0.9,2.2,0.6,25.1,4.3,16.3,0.131,0.473,0.59,0.274,0.021,0.024,0.24,0.102,0.758,0.329,0.927
17/12/2015 13:00,0.7,2.4,1.2,29.2,5.9,22.8,0.149,0.748,0.607,0.244,0.03,0.012,0.224,0.235,0.82,0.43,0.921
17/12/2015 14:00,0.6,2.6,1.9,30.7,6.5,25.5,0.145,0.568,0.602,0.181,0.038,0.018,0.165,0.371,0.89,0.526,0.913
17/12/2015 15:00,0.5,3.1,2.7,30.6,6.3,26.5,0.135,0.538,0.586,0.132,0.035,0.026,0.105,0.471,0.895,0.586,0.903
17/12/2015 16:00,0.6,4.3,3,29.2,5.8,26.6,0.146,0.578,0.568,0.1,0.025,0.016,0.125,0.491,0.852,0.533,0.9
17/12/2015 17:00,0.6,5.6,3.4,27,5.2,26.1,0.166,0.512,0.535,0.077,0.016,0.005,0.208,0.423,0.823,0.444,0.907
17/12/2015 18:00,0.5,5.9,3,24.6,4.6,25.2,0.208,0.39,0.479,0.06,0.015,0.002,0.281,0.292,0.82,0.388,0.914
17/12/2015 19:00,0.7,5.1,2.8,22.3,4.2,24.1,0.246,0.348,0.43,0.047,0.026,0.005,0.301,0.178,0.811,0.311,0.911
17/12/2015 20:00,0.7,3.9,2.3,20.4,3.8,23.7,0.242,0.362,0.405,0.035,0.039,0.014,0.3,0.103,0.792,0.206,0.907
17/12/2015 21:00,0.5,2.8,2.2,19,3.4,23,0.208,0.485,0.359,0.02,0.035,0.03,0.26,0.069,0.774,0.145,0.913
17/12/2015 22:00,0.3,2.6,3,18,3.3,22.5,0.17,0.69,0.303,0.009,0.02,0.041,0.225,0.051,0.764,0.11,0.922
17/12/2015 23:00,0.2,2.8,4,17,3.4,22.2,0.154,0.663,0.259,0.003,0.011,0.049,0.214,0.044,0.752,0.094,0.925
18/12/2015 00:00,0.2,3.3,4.2,15.8,3.3,22.3,0.145,0.576,0.238,0.001,0.008,0.047,0.221,0.035,0.748,0.088,0.917
18/12/2015 01:00,0.2,4.1,3.3,14.3,3,22,0.114,0.515,0.233,0.005,0.011,0.041,0.22,0.024,0.758,0.088,0.901
18/12/2015 02:00,0.2,4.1,0.7,12,2.1,17,0.083,0.474,0.229,0.024,0.018,0.02,0.19,0.022,0.768,0.088,0.886
18/12/2015 03:00,1,3.8,0.6,6.4,2.8,8.3,0.12,0.538,0.245,0.055,0.027,0.012,0.125,0.017,0.768,0.084,0.877
18/12/2015 04:00,5.3,4.6,1.3,2.1,3.2,8.8,0.068,0.579,0.272,0.1,0.035,0.008,0.238,0.002,0.762,0.18,0.882
18/12/2015 05:00,10.3,6.5,2.5,2.6,3.4,11.8,0.052,0.584,0.297,0.161,0.045,0.009,0.361,0.001,0.75,0.282,0.894
18/12/2015 06:00,12.8,6.6,3.3,3.6,3.6,10.1,0.059,0.572,0.315,0.236,0.056,0.005,0.301,0.001,0.746,0.291,0.896
18/12/2015 07:00,14,6.1,2.3,2.6,3.8,7.4,0.103,0.568,0.332,0.322,0.041,0.003,0.228,0,0.778,0.237,0.886
18/12/2015 08:00,13.7,6.6,2.3,1.9,3.8,5.8,0.179,0.601,0.339,0.267,0.019,0.002,0.179,0,0.855,0.193,0.879
18/12/2015 09:00,8.5,6.7,1.9,1.5,3.6,4.8,0.216,0.627,0.334,0.305,0.023,0.004,0.145,0,0.916,0.192,0.875
18/12/2015 10:00,3,6.6,1.4,1.3,3.1,4.6,0.186,0.601,0.327,0.488,0.023,0.008,0.112,0,0.931,0.23,0.873
18/12/2015 11:00,1.4,7.7,1.9,2.4,2.9,6.1,0.221,0.55,0.32,0.511,0.025,0.017,0.067,0,0.896,0.278,0.873
18/12/2015 12:00,0.8,8.8,3.3,4.8,4.8,11.7,0.274,0.481,0.31,0.509,0.03,0.029,0.029,0.001,0.821,0.32,0.875
18/12/2015 13:00,0.5,7.8,4,8.3,7,17.8,0.292,0.316,0.295,0.476,0.029,0.021,0.011,0.003,0.775,0.342,0.881
18/12/2015 14:00,0.2,5.7,3.9,11.6,7.6,21.3,0.346,0.46,0.289,0.402,0.027,0.013,0.005,0.007,0.766,0.315,0.89
18/12/2015 15:00,0.2,5.1,3.8,14.3,7.5,23.3,0.426,0.407,0.298,0.307,0.023,0.001,0.006,0.019,0.78,0.254,0.903
18/12/2015 16:00,0.2,5.6,2.9,15.9,7.2,24.9,0.496,0.28,0.324,0.22,0.022,0.001,0.015,0.039,0.83,0.345,0.914
18/12/2015 17:00,0.2,6.4,2.2,16.6,7,25.7,0.478,0.205,0.355,0.161,0.023,0.012,0.018,0.067,0.841,0.519,0.91
18/12/2015 18:00,0.4,7.6,1.9,16.9,6.6,25.9,0.394,0.194,0.374,0.142,0.027,0.041,0.012,0.097,0.782,0.448,0.899
18/12/2015 19:00,0.3,8.5,2.1,16.7,6.8,25.3,0.331,0.186,0.386,0.132,0.027,0.081,0.027,0.126,0.72,0.374,0.9
18/12/2015 20:00,0.3,9.2,2.5,15,6.2,24.3,0.288,0.174,0.398,0.129,0.017,0.13,0.043,0.144,0.725,0.309,0.912
18/12/2015 21:00,0.2,9.1,2.1,12.5,5.5,23.2,0.248,0.148,0.38,0.139,0.007,0.186,0.043,0.154,0.727,0.241,0.919
18/12/2015 22:00,0.2,8.3,1.5,10.5,4.8,22.2,0.192,0.154,0.358,0.183,0.002,0.192,0.035,0.167,0.69,0.184,0.917
18/12/2015 23:00,0.2,7.2,0.9,9.1,4.6,21,0.167,0.157,0.344,0.248,0.001,0.133,0.049,0.183,0.641,0.139,0.901
19/12/2015 00:00,0.2,6.3,0.8,8.3,4.6,20.2,0.167,0.193,0.337,0.282,0.001,0.108,0.085,0.184,0.621,0.101,0.873
19/12/2015 01:00,0.2,5.1,0.6,8.2,4.1,19.7,0.118,0.265,0.345,0.31,0.006,0.086,0.099,0.157,0.618,0.068,0.848
19/12/2015 02:00,0.2,2.3,0.1,8.1,3.4,15.4,0.053,0.341,0.367,0.34,0.015,0.087,0.107,0.11,0.594,0.039,0.841
19/12/2015 03:00,0.2,1,0.1,5.3,4.8,7.3,0.03,0.362,0.433,0.368,0.017,0.079,0.134,0.058,0.522,0.018,0.84
19/12/2015 04:00,1.6,0.5,0.3,2,6.1,6,0.011,0.386,0.51,0.367,0.015,0.069,0.283,0.012,0.422,0.038,0.831
19/12/2015 05:00,3,0.6,0.4,0.9,7.2,5.8,0.004,0.409,0.554,0.343,0.017,0.067,0.308,0.001,0.343,0.112,0.827
19/12/2015 06:00,4.6,0.9,0.6,0.2,7.3,3.4,0.002,0.388,0.571,0.325,0.026,0.074,0.208,0,0.291,0.134,0.832
19/12/2015 07:00,6.2,1.2,0.6,0,7.3,1.3,0.004,0.342,0.568,0.318,0.02,0.099,0.11,0,0.249,0.116,0.845
19/12/2015 08:00,6.3,1.3,0.6,0,6.8,0.4,0.016,0.308,0.553,0.21,0.007,0.118,0.065,0.001,0.22,0.091,0.852
19/12/2015 09:00,5.3,1.4,0.7,0.1,5.9,0.2,0.035,0.294,0.526,0.209,0.01,0.134,0.045,0,0.223,0.084,0.849
19/12/2015 10:00,2.7,2.1,0.9,0.1,4.9,0.4,0.067,0.274,0.502,0.483,0.017,0.12,0.026,0,0.257,0.094,0.838
19/12/2015 11:00,0.7,3.6,1.2,0.1,4.1,1.3,0.142,0.268,0.484,0.583,0.026,0.129,0.008,0,0.305,0.114,0.814
19/12/2015 12:00,0.2,4.9,1.3,0.1,6,5,0.205,0.264,0.466,0.558,0.034,0.158,0.002,0.017,0.33,0.153,0.786
19/12/2015 13:00,0.2,4.9,1.7,0.5,9.4,8.3,0.245,0.106,0.457,0.44,0.044,0.132,0.011,0.048,0.343,0.21,0.763
19/12/2015 14:00,0.2,4.1,2.6,2.1,11.9,9.7,0.263,0.246,0.458,0.341,0.051,0.222,0.047,0.064,0.343,0.286,0.754
19/12/2015 15:00,0.2,3.3,2.8,4.3,13.7,10.2,0.278,0.266,0.464,0.27,0.045,0.337,0.084,0.055,0.343,0.376,0.757
19/12/2015 16:00,0.1,2.7,2.4,6.1,13.8,10,0.294,0.156,0.474,0.22,0.037,0.39,0.071,0.051,0.341,0.481,0.761
19/12/2015 17:00,0.1,2.4,2.4,7.9,14.3,9.2,0.288,0.076,0.484,0.179,0.021,0.386,0.027,0.073,0.337,0.469,0.768
19/12/2015 18:00,0.1,2.3,2.4,9.3,15.1,8.2,0.277,0.036,0.483,0.2,0.009,0.358,0.008,0.101,0.334,0.403,0.784
19/12/2015 19:00,0,2.2,2.4,10.1,16.5,7.3,0.254,0.017,0.47,0.278,0.005,0.338,0.028,0.104,0.386,0.337,0.803
19/12/2015 20:00,0,1.8,2.3,10.2,15.7,7,0.261,0.014,0.46,0.4,0.002,0.295,0.07,0.1,0.527,0.237,0.812
19/12/2015 21:00,0,1.4,2.4,9.7,13.5,7.3,0.259,0.032,0.432,0.529,0,0.207,0.114,0.081,0.669,0.142,0.799
19/12/2015 22:00,0,1.6,2.4,8.8,10.6,8,0.215,0.078,0.398,0.612,0,0.08,0.201,0.051,0.747,0.093,0.779
19/12/2015 23:00,0,2,2.5,7.6,8.6,8.4,0.168,0.138,0.373,0.633,0,0.064,0.277,0.028,0.748,0.075,0.768
20/12/2015 00:00,0,2.6,2.6,6.5,8.1,8,0.139,0.202,0.349,0.623,0,0.076,0.311,0.012,0.663,0.065,0.75
20/12/2015 01:00,0,3.2,2.9,5.6,7.6,7.1,0.102,0.245,0.328,0.603,0.001,0.069,0.295,0.005,0.488,0.069,0.725
20/12/2015 02:00,0,1.8,0.9,4.6,6.5,5.3,0.026,0.251,0.31,0.595,0.007,0.061,0.3,0.004,0.356,0.093,0.697
20/12/2015 03:00,0.4,0.4,0.4,2.3,10.6,1.9,0.005,0.228,0.306,0.596,0.022,0.055,0.33,0.001,0.312,0.087,0.676
20/12/2015 04:00,2.5,0.1,0.6,0.5,13.7,1.3,0,0.201,0.312,0.587,0.041,0.045,0.42,0,0.294,0.14,0.668
20/12/2015 05:00,6.7,0.1,1,0.5,12.8,2.1,0,0.161,0.337,0.556,0.058,0.041,0.338,0,0.261,0.164,0.666
20/12/2015 06:00,11.3,0.2,1.4,3.3,11.1,2.4,0,0.115,0.365,0.516,0.069,0.045,0.22,0.003,0.219,0.131,0.671
20/12/2015 07:00,14.4,0.4,1.6,4.9,9.3,2.8,0.001,0.088,0.381,0.481,0.036,0.044,0.155,0.006,0.211,0.084,0.674
20/12/2015 08:00,14.5,0.6,1.5,6.1,7.9,3.8,0.001,0.081,0.379,0.288,0.015,0.036,0.119,0.012,0.241,0.051,0.674
20/12/2015 09:00,10.3,0.7,1.1,6.7,6.6,5,0.002,0.085,0.39,0.202,0.018,0.034,0.079,0.019,0.272,0.031,0.668
20/12/2015 10:00,3.9,0.8,0.6,6.6,5.4,6.3,0.004,0.111,0.42,0.507,0.035,0.032,0.031,0.027,0.325,0.021,0.656
20/12/2015 11:00,1.2,1.5,0.3,7.9,4.1,8.2,0.007,0.163,0.433,0.624,0.051,0.028,0.004,0.076,0.4,0.017,0.646
20/12/2015 12:00,0.6,2.6,0.6,10.1,5,13.7,0.006,0.18,0.41,0.549,0.063,0.025,0,0.191,0.453,0.015,0.631
20/12/2015 13:00,0.4,3.6,1,11.7,7.1,18.2,0.005,0.084,0.366,0.41,0.067,0.015,0.001,0.271,0.477,0.023,0.613
20/12/2015 14:00,0.3,4,1.4,12.4,8.5,19.9,0.004,0.009,0.32,0.315,0.064,0.027,0.011,0.259,0.47,0.051,0.61
20/12/2015 15:00,0.4,4.3,1.7,13.4,9,20.1,0.007,0.019,0.285,0.256,0.058,0.049,0.046,0.187,0.444,0.14,0.619
20/12/2015 16:00,0.3,4.4,1.5,14.6,8.9,19.3,0.019,0.025,0.267,0.227,0.054,0.076,0.058,0.09,0.389,0.323,0.615
20/12/2015 17:00,0.3,4.3,1.3,15.3,8.3,17.9,0.045,0.018,0.256,0.203,0.046,0.101,0.079,0.011,0.336,0.445,0.602
20/12/2015 18:00,0.2,4.1,1.2,16.2,7.9,17,0.076,0.018,0.245,0.227,0.037,0.131,0.194,0.015,0.292,0.419,0.602
20/12/2015 19:00,0.2,3.9,1.1,17,7.4,16.3,0.11,0.021,0.24,0.296,0.027,0.159,0.373,0.076,0.269,0.405,0.61
20/12/2015 20:00,0.2,3.5,1.2,17.2,6.6,15.8,0.142,0.04,0.245,0.426,0.017,0.172,0.449,0.173,0.273,0.305,0.623
20/12/2015 21:00,0.2,3.3,1.2,16.2,5.5,15.5,0.154,0.074,0.225,0.586,0.008,0.148,0.428,0.305,0.305,0.22,0.648
20/12/2015 22:00,0.1,3.1,1,14.7,4.8,15.2,0.137,0.134,0.193,0.684,0.002,0.082,0.494,0.395,0.31,0.163,0.66
20/12/2015 23:00,0.1,3,0.9,13.3,4.8,14.1,0.115,0.289,0.164,0.7,0,0.045,0.531,0.432,0.272,0.155,0.656
21/12/2015 00:00,0,2.9,0.9,12,5.3,12.8,0.088,0.278,0.136,0.695,0,0.041,0.593,0.428,0.223,0.158,0.637
21/12/2015 01:00,0,2.6,1.1,10.7,5.3,11.8,0.045,0.339,0.113,0.689,0,0.035,0.578,0.432,0.182,0.154,0.623
21/12/2015 02:00,0,1.2,0.3,9.2,3.5,9.3,0.007,0.311,0.102,0.678,0,0.031,0.542,0.432,0.163,0.157,0.618
21/12/2015 03:00,0.2,0.7,0.1,5.2,4.9,3.4,0.002,0.27,0.115,0.672,0.002,0.025,0.523,0.323,0.172,0.143,0.603
21/12/2015 04:00,1.5,0.7,0.4,2.3,5.3,1.6,0,0.293,0.142,0.669,0.003,0.015,0.506,0.352,0.184,0.133,0.578
21/12/2015 05:00,3.7,0.8,0.6,1.6,5.1,2.9,0,0.328,0.161,0.677,0.003,0.011,0.283,0.364,0.188,0.157,0.559
21/12/2015 06:00,5.5,0.9,0.6,0.8,4.8,3.7,0,0.296,0.171,0.685,0.004,0.012,0.09,0.328,0.196,0.144,0.58
21/12/2015 07:00,6.4,1.1,0.7,0.3,4.3,3.3,0.001,0.355,0.17,0.682,0.003,0.012,0.021,0.278,0.214,0.101,0.62
21/12/2015 08:00,6.5,1.1,1,0.2,3.7,2.9,0.002,0.306,0.164,0.435,0.001,0.012,0.006,0.233,0.245,0.07,0.659
21/12/2015 09:00,5.1,1.1,1.1,0.1,2.7,2.9,0.004,0.258,0.154,0.352,0,0.012,0.004,0.233,0.285,0.065,0.661
21/12/2015 10:00,2.1,0.9,1.1,0.1,2.1,3.7,0.013,0.256,0.133,0.571,0,0.011,0.009,0.27,0.341,0.072,0.645
21/12/2015 11:00,0.5,1.7,0.9,0.4,2.3,5.8,0.03,0.249,0.105,0.574,0.001,0.013,0.026,0.34,0.401,0.084,0.624
21/12/2015 12:00,0.2,3,0.8,1.4,3.8,12.5,0.043,0.238,0.076,0.566,0.005,0.011,0.045,0.468,0.447,0.115,0.605
21/12/2015 13:00,0.1,3.7,1,3,5.9,18.5,0.042,0.172,0.055,0.463,0.014,0.015,0.056,0.507,0.481,0.183,0.597
21/12/2015 14:00,0.2,3.9,1.5,4.9,7.4,20,0.028,0.112,0.057,0.333,0.024,0.03,0.062,0.496,0.488,0.286,0.605
21/12/2015 15:00,0.2,4,1.8,7.6,8.7,19.5,0.016,0.202,0.068,0.227,0.035,0.037,0.076,0.46,0.466,0.407,0.613
21/12/2015 16:00,0.2,4.3,1.9,10.9,9.6,18.1,0.011,0.173,0.075,0.152,0.053,0.046,0.082,0.43,0.432,0.447,0.626
21/12/2015 17:00,0.1,4.5,2,14,9.7,16.7,0.008,0.172,0.076,0.107,0.073,0.067,0.07,0.433,0.401,0.471,0.66
21/12/2015 18:00,0,4.5,2.1,16.1,9.1,15.8,0.009,0.188,0.07,0.099,0.077,0.089,0.067,0.451,0.395,0.501,0.685
21/12/2015 19:00,0,4.3,2.1,16.7,8.1,15.2,0.014,0.169,0.061,0.108,0.068,0.106,0.064,0.464,0.407,0.434,0.718
21/12/2015 20:00,0,4.1,2.1,16.7,7.3,14.5,0.025,0.14,0.054,0.127,0.054,0.116,0.062,0.476,0.432,0.337,0.744
21/12/2015 21:00,0,3.8,2.3,16.2,5.8,13.2,0.028,0.197,0.045,0.16,0.034,0.116,0.054,0.464,0.433,0.27,0.751
21/12/2015 22:00,0,3.3,2.7,15.6,4.6,11.6,0.023,0.291,0.033,0.22,0.018,0.078,0.039,0.437,0.412,0.227,0.744
21/12/2015 23:00,0.1,2.7,2.9,15,4.1,10.2,0.015,0.303,0.024,0.294,0.017,0.039,0.02,0.401,0.388,0.193,0.722
22/12/2015 00:00,0.1,2.1,3,14.7,3.9,8.9,0.009,0.31,0.016,0.346,0.033,0.035,0.004,0.344,0.376,0.171,0.71
22/12/2015 01:00,0.1,1.7,3.1,14,3.9,7.7,0.007,0.318,0.012,0.349,0.07,0.029,0,0.312,0.362,0.164,0.71
22/12/2015 02:00,0,0.8,0.8,12.3,1.8,4.9,0.003,0.32,0.012,0.308,0.108,0.027,0,0.296,0.334,0.105,0.71
22/12/2015 03:00,0.1,0.5,0.1,7,2.9,1.8,0.002,0.311,0.021,0.282,0.134,0.02,0,0.214,0.32,0.057,0.7
22/12/2015 04:00,1.2,0.5,0.3,2.4,4.1,0.9,0.001,0.286,0.046,0.274,0.141,0.017,0,0.278,0.311,0.106,0.684
22/12/2015 05:00,4.8,0.4,0.5,0.6,4.8,0.4,0,0.274,0.08,0.261,0.128,0.011,0,0.323,0.29,0.192,0.661
22/12/2015 06:00,8.6,0.4,0.7,0.1,5.4,0.3,0,0.248,0.1,0.264,0.096,0.008,0.001,0.272,0.274,0.211,0.643
22/12/2015 07:00,10.2,0.4,1,0.1,5.7,0.4,0.001,0.223,0.112,0.292,0.028,0.008,0.008,0.183,0.263,0.194,0.646
22/12/2015 08:00,9.2,0.6,1.1,0.1,5.7,0.8,0.004,0.206,0.114,0.217,0.003,0.009,0.022,0.112,0.243,0.175,0.659
22/12/2015 09:00,6.6,0.8,1.3,0.1,5.6,1.4,0.011,0.224,0.103,0.148,0.006,0.014,0.032,0.061,0.223,0.168,0.668
22/12/2015 10:00,2.5,1.1,1.1,0.1,5.6,2.3,0.023,0.213,0.084,0.361,0.007,0.023,0.029,0.04,0.225,0.161,0.671
22/12/2015 11:00,0.4,1.4,0.8,0.3,5.9,4.3,0.043,0.212,0.066,0.45,0.007,0.03,0.026,0.059,0.233,0.153,0.682
22/12/2015 12:00,0.1,1.9,0.4,0.7,8.2,9.6,0.062,0.248,0.051,0.488,0.009,0.027,0.032,0.133,0.238,0.139,0.697
22/12/2015 13:00,0.2,2.8,0.4,1.4,11.6,14.3,0.088,0.195,0.041,0.508,0.015,0.014,0.049,0.175,0.249,0.131,0.718
22/12/2015 14:00,0.2,3.8,0.5,2.5,13.4,15.7,0.131,0.155,0.037,0.466,0.02,0.012,0.07,0.16,0.259,0.133,0.739
22/12/2015 15:00,0.2,4.4,0.6,3.8,13.7,15,0.173,0.274,0.04,0.392,0.021,0.012,0.085,0.121,0.294,0.155,0.74
22/12/2015 16:00,0.2,4.8,0.7,5,12.9,13.8,0.188,0.259,0.05,0.309,0.026,0.017,0.079,0.093,0.337,0.234,0.722
22/12/2015 17:00,0.2,5.4,0.6,6,11.7,13.1,0.18,0.236,0.064,0.231,0.034,0.031,0.059,0.1,0.367,0.352,0.702
22/12/2015 18:00,0.2,5.7,0.5,6.7,10.6,13,0.162,0.286,0.082,0.217,0.045,0.05,0.054,0.152,0.395,0.434,0.677
22/12/2015 19:00,0.2,5.6,0.4,6.7,9.6,13.6,0.14,0.332,0.107,0.218,0.062,0.071,0.051,0.243,0.422,0.416,0.665
22/12/2015 20:00,0.2,4.9,0.3,6.2,8.9,14.5,0.108,0.411,0.134,0.205,0.086,0.089,0.053,0.352,0.444,0.317,0.676
22/12/2015 21:00,0.3,3.8,0.3,5,7.2,15.4,0.074,0.526,0.137,0.199,0.129,0.093,0.051,0.441,0.419,0.201,0.677
22/12/2015 22:00,0.4,2.9,0.4,3.6,5.6,16,0.054,0.602,0.127,0.237,0.195,0.055,0.018,0.493,0.379,0.126,0.659
22/12/2015 23:00,0.4,2.4,0.5,2.6,4.8,15.8,0.041,0.63,0.125,0.325,0.254,0.054,0.006,0.504,0.364,0.084,0.634
23/12/2015 00:00,0.4,2,0.8,2,4.4,14.9,0.029,0.671,0.127,0.441,0.274,0.069,0.004,0.495,0.362,0.049,0.636
23/12/2015 01:00,0.3,1.6,1.1,1.7,3.9,13.8,0.024,0.739,0.144,0.517,0.259,0.073,0.006,0.479,0.355,0.027,0.642
23/12/2015 02:00,0.2,0.6,0.1,1.3,2.3,9.6,0.011,0.81,0.188,0.544,0.238,0.063,0.065,0.43,0.325,0.019,0.63
23/12/2015 03:00,0.7,0.5,0,0.4,4.2,3.5,0.018,0.856,0.259,0.54,0.236,0.057,0.155,0.233,0.296,0.018,0.606
23/12/2015 04:00,4.3,0.3,0.1,0.3,5.9,2.6,0.037,0.857,0.335,0.553,0.237,0.048,0.3,0.238,0.267,0.05,0.577
23/12/2015 05:00,9,0.3,0.3,0.2,6.1,4.5,0.05,0.865,0.403,0.557,0.223,0.045,0.397,0.158,0.242,0.155,0.582
23/12/2015 06:00,12.6,0.5,0.5,0.6,5.9,4.8,0.063,0.859,0.461,0.521,0.186,0.047,0.398,0.076,0.237,0.173,0.635
23/12/2015 07:00,13.5,0.8,0.8,1.8,5.8,4.3,0.074,0.884,0.491,0.495,0.063,0.052,0.387,0.031,0.26,0.126,0.687
23/12/2015 08:00,11.5,1.1,1,3.9,5.8,4.3,0.084,0.887,0.501,0.355,0.027,0.056,0.395,0.021,0.306,0.078,0.718
23/12/2015 09:00,7.1,1.1,1.2,6.3,5.7,5.3,0.1,0.852,0.509,0.237,0.099,0.052,0.356,0.021,0.33,0.042,0.73
23/12/2015 10:00,3,1.3,1.3,8.3,5.6,6.8,0.117,0.844,0.51,0.503,0.201,0.051,0.279,0.02,0.325,0.021,0.725
23/12/2015 11:00,0.8,1.6,1.2,11.4,5.4,8.9,0.144,0.833,0.494,0.62,0.328,0.05,0.203,0.025,0.302,0.011,0.701
23/12/2015 12:00,0.5,1.6,1.1,18.6,7.2,14.5,0.135,0.89,0.466,0.739,0.379,0.045,0.155,0.025,0.261,0.008,0.662
23/12/2015 13:00,0.4,1.6,0.9,24.3,10.3,20.6,0.118,0.885,0.438,0.716,0.363,0.027,0.133,0.018,0.215,0.009,0.627
23/12/2015 14:00,0.4,1.5,0.8,28,11.8,24.2,0.099,0.753,0.415,0.624,0.295,0.061,0.096,0.009,0.181,0.021,0.612
23/12/2015 15:00,0.5,1.3,0.7,30.1,11.7,24.8,0.112,0.72,0.383,0.506,0.212,0.115,0.07,0.005,0.184,0.077,0.593
23/12/2015 16:00,0.6,1.5,0.7,30.6,10.3,24.2,0.128,0.769,0.344,0.382,0.141,0.169,0.055,0.014,0.201,0.227,0.582
23/12/2015 17:00,0.7,2.1,0.6,30.4,8.6,23.5,0.143,0.819,0.319,0.273,0.093,0.218,0.113,0.05,0.211,0.379,0.563
23/12/2015 18:00,0.7,2.6,0.6,29.1,7.3,23.3,0.156,0.871,0.282,0.229,0.076,0.261,0.161,0.09,0.233,0.435,0.525
23/12/2015 19:00,0.7,2.8,0.6,28.6,6.4,23.8,0.164,0.853,0.255,0.177,0.081,0.272,0.153,0.095,0.262,0.398,0.51
23/12/2015 20:00,0.7,2.7,0.6,28.7,5.6,24.4,0.161,0.766,0.243,0.127,0.072,0.249,0.168,0.085,0.288,0.317,0.519
23/12/2015 21:00,0.7,2.4,0.8,27.9,4.6,24.9,0.155,0.796,0.231,0.105,0.05,0.177,0.224,0.085,0.272,0.206,0.544
23/12/2015 22:00,0.5,1.6,0.9,26.7,3.8,25,0.132,0.824,0.234,0.155,0.035,0.132,0.295,0.102,0.238,0.153,0.58
23/12/2015 23:00,0.4,1.1,0.9,24,3.3,24.5,0.118,0.854,0.24,0.277,0.031,0.16,0.387,0.125,0.221,0.115,0.619
24/12/2015 00:00,0.4,0.9,0.8,20,3,23.9,0.107,0.845,0.245,0.381,0.045,0.164,0.421,0.135,0.22,0.107,0.633
24/12/2015 01:00,0.4,0.9,0.8,16.8,2.8,23.6,0.061,0.826,0.253,0.459,0.062,0.127,0.435,0.126,0.22,0.091,0.632
24/12/2015 02:00,0.2,0.6,0.1,13.1,1.3,17.7,0.011,0.851,0.274,0.506,0.066,0.107,0.364,0.111,0.209,0.155,0.613
24/12/2015 03:00,0.7,0.4,0.1,5.3,1.9,8.8,0.022,0.817,0.334,0.51,0.07,0.102,0.272,0.069,0.185,0.167,0.558
24/12/2015 04:00,4.3,0.4,0.1,1.7,2.9,11.5,0.056,0.768,0.41,0.463,0.091,0.11,0.316,0.003,0.146,0.117,0.498
24/12/2015 05:00,8.5,0.4,0.1,5.3,3.6,16.2,0.042,0.728,0.471,0.425,0.112,0.095,0.453,0,0.108,0.158,0.434
24/12/2015 06:00,11.4,0.6,0.3,7.1,4.3,13.3,0.029,0.71,0.517,0.414,0.112,0.092,0.476,0,0.078,0.149,0.383
24/12/2015 07:00,11.7,0.9,0.4,8.2,4.7,11.8,0.033,0.692,0.538,0.409,0.046,0.102,0.428,0,0.061,0.104,0.328
24/12/2015 08:00,9.9,1.3,0.5,9.5,5.3,11.3,0.039,0.695,0.544,0.256,0.013,0.11,0.33,0,0.059,0.071,0.297
24/12/2015 09:00,6.7,2,0.6,9.4,5.6,11.1,0.05,0.692,0.537,0.127,0.022,0.118,0.227,0,0.092,0.048,0.329
24/12/2015 10:00,2.8,3.4,0.8,8.6,5.6,11.5,0.062,0.695,0.528,0.294,0.032,0.11,0.135,0,0.167,0.027,0.386
24/12/2015 11:00,0.5,6.1,0.8,8.7,6.4,13.3,0.074,0.636,0.518,0.398,0.08,0.105,0.069,0,0.256,0.007,0.39
24/12/2015 12:00,0.1,8.8,0.5,10.8,9.9,20.4,0.085,0.618,0.501,0.418,0.093,0.093,0.026,0,0.325,0,0.353
24/12/2015 13:00,0.1,9.2,0.5,10.5,14.8,28.2,0.101,0.544,0.466,0.379,0.079,0.106,0.011,0,0.358,0,0.345
24/12/2015 14:00,0.3,8.6,0.8,9.3,17.8,32.8,0.121,0.459,0.413,0.314,0.06,0.147,0.008,0,0.365,0,0.342
24/12/2015 15:00,0.4,7.8,1.1,9,18.1,34.8,0.141,0.574,0.381,0.254,0.042,0.184,0.028,0.001,0.342,0.009,0.333
24/12/2015 16:00,0.3,7.1,1.2,9.5,16.9,35.5,0.167,0.643,0.385,0.208,0.032,0.165,0.082,0.003,0.3,0.064,0.355
24/12/2015 17:00,0.2,6.7,1.3,9.9,14.8,35.5,0.176,0.651,0.431,0.172,0.017,0.141,0.1,0.003,0.256,0.124,0.43
24/12/2015 18:00,0.2,6.8,1.4,10.3,13.4,35.3,0.17,0.58,0.498,0.16,0.006,0.133,0.104,0.009,0.221,0.195,0.484
24/12/2015 19:00,0.1,7.3,1.6,11,12.1,35.2,0.161,0.472,0.532,0.122,0.002,0.132,0.144,0.029,0.194,0.236,0.476
24/12/2015 20:00,0.1,8.1,1.9,11.8,10.9,34.5,0.14,0.368,0.525,0.086,0,0.133,0.152,0.053,0.17,0.206,0.478
24/12/2015 21:00,0.1,8.5,2.1,12.4,9.4,33.9,0.1,0.373,0.429,0.056,0,0.121,0.12,0.054,0.16,0.141,0.571
24/12/2015 22:00,0.1,8.4,2.2,12.8,8.4,33.8,0.055,0.494,0.29,0.034,0,0.09,0.106,0.038,0.164,0.115,0.601
24/12/2015 23:00,0.1,8.3,2.3,12.8,8,33.4,0.03,0.532,0.187,0.049,0.001,0.06,0.104,0.018,0.173,0.111,0.574
25/12/2015 00:00,0.1,8.6,2.5,12,7.6,32.5,0.02,0.488,0.132,0.105,0.022,0.047,0.089,0.006,0.188,0.101,0.552
25/12/2015 01:00,0,7.7,3,10.8,7.2,31.4,0.014,0.449,0.105,0.179,0.073,0.048,0.075,0.002,0.195,0.103,0.555
25/12/2015 02:00,0,3.9,1.1,9.5,4.4,24.2,0.003,0.425,0.094,0.227,0.115,0.05,0.056,0,0.185,0.127,0.55
25/12/2015 03:00,0.2,2.9,0.2,5.4,8.8,15,0.001,0.408,0.12,0.234,0.134,0.053,0.027,0,0.154,0.174,0.541
25/12/2015 04:00,1.1,3.3,0.3,2.1,14,19,0.001,0.393,0.168,0.232,0.142,0.042,0.026,0,0.112,0.19,0.532
25/12/2015 05:00,2.5,4.4,0.6,1.2,15.1,20.2,0.001,0.376,0.209,0.228,0.159,0.04,0.031,0,0.084,0.214,0.544
25/12/2015 06:00,3.9,4.5,1.4,0.6,15.6,15.7,0.001,0.351,0.235,0.223,0.181,0.042,0.036,0,0.067,0.162,0.571
25/12/2015 07:00,5.3,4.6,2.1,0.3,16.2,10,0.002,0.32,0.251,0.224,0.094,0.041,0.058,0.001,0.06,0.084,0.562
25/12/2015 08:00,5.7,5,2.4,0.1,16.5,6.5,0.007,0.292,0.268,0.152,0.03,0.041,0.093,0,0.068,0.035,0.563
25/12/2015 09:00,4.8,5.4,2.3,0.1,16.3,5.3,0.02,0.284,0.294,0.067,0.044,0.034,0.137,0.001,0.102,0.022,0.57
25/12/2015 10:00,2.1,6.1,2.1,0.1,16,5.5,0.051,0.285,0.313,0.202,0.054,0.025,0.176,0.003,0.172,0.018,0.59
25/12/2015 11:00,0.7,7.4,1.8,0.4,15.8,7.6,0.094,0.274,0.305,0.383,0.053,0.017,0.192,0.017,0.255,0.009,0.603
25/12/2015 12:00,0.2,8.5,1.8,1.1,20.5,14,0.109,0.237,0.265,0.443,0.035,0.015,0.184,0.039,0.328,0.004,0.619
25/12/2015 13:00,0.1,9.1,2,2.5,25.9,20.9,0.096,0.146,0.221,0.333,0.025,0.017,0.144,0.053,0.362,0.002,0.637
25/12/2015 14:00,0.1,9.4,2.3,5.2,27.5,27.2,0.081,0.152,0.194,0.225,0.017,0.016,0.086,0.051,0.366,0.001,0.639
25/12/2015 15:00,0.2,10,2.1,8.7,26.4,31.5,0.077,0.138,0.196,0.148,0.011,0.01,0.057,0.054,0.356,0.012,0.619
25/12/2015 16:00,0.2,11.6,2,12.8,23.7,33.6,0.093,0.086,0.223,0.1,0.009,0.007,0.058,0.07,0.342,0.077,0.606
25/12/2015 17:00,0.2,13,1.9,16,20.9,34.1,0.115,0.063,0.264,0.064,0.009,0.006,0.059,0.098,0.328,0.158,0.621
25/12/2015 18:00,0.1,13.8,2,17.5,18.6,34.1,0.13,0.047,0.305,0.051,0.008,0.006,0.06,0.105,0.311,0.161,0.654
25/12/2015 19:00,0.1,14.8,2.1,18.2,16.7,33.8,0.135,0.041,0.35,0.088,0.005,0.008,0.062,0.121,0.302,0.093,0.668
25/12/2015 20:00,0.1,15.2,2.3,18.5,15,33.3,0.138,0.037,0.383,0.171,0.002,0.014,0.056,0.158,0.305,0.04,0.668
25/12/2015 21:00,0.1,14.7,2.4,18.5,13.2,32.4,0.136,0.038,0.367,0.295,0,0.027,0.034,0.135,0.305,0.024,0.673
25/12/2015 22:00,0.1,13.8,2.7,17.5,11.8,31.2,0.117,0.039,0.329,0.42,0,0.043,0.019,0.122,0.314,0.037,0.682
25/12/2015 23:00,0.2,13.2,3.3,16.1,10.5,30.2,0.093,0.035,0.318,0.505,0,0.061,0.017,0.099,0.345,0.066,0.674
26/12/2015 00:00,0.4,13,3.9,15.5,9,29.4,0.068,0.028,0.313,0.549,0,0.078,0.018,0.089,0.407,0.085,0.65
26/12/2015 01:00,0.5,11.8,4.6,14.1,8.1,28.2,0.043,0.021,0.311,0.538,0.011,0.055,0.019,0.078,0.45,0.07,0.63
26/12/2015 02:00,0.2,4.8,1.8,12,6.3,21.2,0.01,0.024,0.304,0.48,0.046,0.023,0.026,0.053,0.468,0.05,0.611
26/12/2015 03:00,0.5,2.1,0.8,6.8,14.7,11,0.004,0.041,0.324,0.437,0.079,0.012,0.032,0.014,0.466,0.045,0.59
26/12/2015 04:00,2,1.5,0.6,2.1,24,14.4,0.003,0.063,0.367,0.402,0.084,0.007,0.082,0.001,0.439,0.03,0.566
26/12/2015 05:00,4.3,1.6,0.5,0.7,25.1,13.4,0.001,0.071,0.409,0.374,0.067,0.004,0.19,0.003,0.42,0.025,0.543
26/12/2015 06:00,6.7,1.7,0.6,0.6,24.7,10.3,0.001,0.065,0.432,0.341,0.049,0.003,0.294,0.006,0.41,0.013,0.515
26/12/2015 07:00,7.5,1.8,0.8,0.2,23.9,6.5,0.001,0.057,0.459,0.294,0.017,0.003,0.382,0.008,0.414,0.013,0.499
26/12/2015 08:00,6.7,2.1,0.8,0.1,23.1,4.1,0,0.055,0.49,0.156,0.002,0.003,0.454,0.003,0.424,0.02,0.495
26/12/2015 09:00,4.5,2.6,0.7,0,22,2.9,0,0.062,0.484,0.029,0.003,0.004,0.519,0,0.436,0.025,0.484
26/12/2015 10:00,1.8,3.3,0.7,0,20.5,2.7,0.004,0.065,0.41,0.04,0.005,0.004,0.522,0,0.48,0.03,0.462
26/12/2015 11:00,0.3,4.2,0.8,0.1,18.5,3.7,0.038,0.032,0.353,0.043,0.003,0.003,0.466,0,0.51,0.039,0.442
26/12/2015 12:00,0.1,4.3,0.8,0.9,21,7.5,0.101,0.012,0.332,0.024,0.002,0.002,0.348,0,0.508,0.058,0.419
26/12/2015 13:00,0.2,4.1,1.2,3.1,24,12.5,0.174,0.001,0.347,0.002,0.002,0.003,0.198,0,0.497,0.082,0.397
26/12/2015 14:00,0.2,4.1,1.7,6.1,24.4,18.2,0.218,0,0.432,0,0.003,0.004,0.088,0,0.48,0.091,0.39
26/12/2015 15:00,0.2,4.3,1.9,9.3,23.7,22.7,0.238,0,0.605,0,0.003,0.003,0.056,0,0.47,0.091,0.387
26/12/2015 16:00,0.1,3.9,2,11.4,22.6,25.9,0.254,0,0.771,0,0.003,0.004,0.053,0,0.464,0.084,0.381
26/12/2015 17:00,0.1,3.5,2.1,12.3,20.7,28.1,0.255,0,0.849,0,0.002,0.008,0.065,0,0.462,0.063,0.395
26/12/2015 18:00,0.1,3.9,2.3,12.8,19.1,29.7,0.248,0,0.882,0,0,0.016,0.083,0.006,0.459,0.048,0.42
26/12/2015 19:00,0,5.1,2.4,11.7,17.8,30.4,0.235,0,0.929,0.005,0,0.028,0.099,0.03,0.459,0.046,0.436
26/12/2015 20:00,0,6.8,2.4,9.6,17,30.1,0.231,0,0.971,0.026,0,0.043,0.133,0.066,0.458,0.032,0.46
26/12/2015 21:00,0,8.1,2.9,8,15.2,29.2,0.209,0,0.982,0.075,0,0.058,0.158,0.101,0.457,0.006,0.479
26/12/2015 22:00,0,9.1,3.2,7.3,13.7,28.2,0.182,0,0.982,0.147,0,0.056,0.175,0.115,0.434,0.002,0.467
26/12/2015 23:00,0,9.6,2.9,7.1,11.8,26.6,0.155,0.006,0.982,0.195,0,0.05,0.179,0.101,0.382,0.014,0.442
27/12/2015 00:00,0,9.3,2.3,6.5,11,24.9,0.124,0.036,0.982,0.197,0,0.043,0.174,0.07,0.334,0.043,0.401
27/12/2015 01:00,0,8.3,2,5.6,11.1,23.2,0.054,0.089,0.985,0.168,0.007,0.023,0.168,0.039,0.278,0.059,0.355
27/12/2015 02:00,0,3.5,0.5,4.8,10.2,17.4,0.008,0.144,0.989,0.144,0.031,0.009,0.139,0.017,0.222,0.079,0.302
27/12/2015 03:00,0.2,0.9,0.3,3.1,19.4,9,0.03,0.174,0.991,0.125,0.054,0.003,0.121,0.005,0.171,0.095,0.269
27/12/2015 04:00,1.1,0.9,0.4,1.1,25.4,12.1,0.061,0.171,0.985,0.119,0.074,0.002,0.193,0,0.138,0.069,0.265
27/12/2015 05:00,2.9,1.4,0.4,0.3,25.5,13.4,0.036,0.142,0.958,0.126,0.093,0.001,0.305,0,0.119,0.064,0.273
27/12/2015 06:00,5.2,1.4,0.6,0.1,24.6,12.1,0.009,0.111,0.927,0.122,0.095,0.002,0.485,0,0.112,0.051,0.286
27/12/2015 07:00,6.1,1.4,0.8,0,23.4,10.8,0.001,0.074,0.927,0.102,0.038,0.004,0.661,0,0.118,0.028,0.31
27/12/2015 08:00,5.3,1.4,1.1,0,22.2,10,0,0.043,0.944,0.039,0.008,0.007,0.738,0,0.131,0.01,0.341
27/12/2015 09:00,3.2,1.6,1.2,0,21.8,9.2,0.001,0.029,0.953,0.002,0.009,0.01,0.752,0,0.139,0.003,0.359
27/12/2015 10:00,1.2,1.8,0.9,0.1,21.4,8.7,0.02,0.05,0.959,0,0.002,0.015,0.742,0,0.167,0.003,0.36
27/12/2015 11:00,0.2,2.2,0.6,0.6,19.6,8.9,0.088,0.115,0.962,0,0.001,0.021,0.697,0,0.209,0.002,0.347
27/12/2015 12:00,0.1,2.1,0.7,2.2,22.5,12.3,0.182,0.203,0.964,0,0.001,0.019,0.595,0,0.259,0.001,0.337
27/12/2015 13:00,0.3,1.8,0.9,4.2,26.4,16.8,0.264,0.132,0.964,0,0,0.009,0.405,0,0.288,0,0.332
27/12/2015 14:00,0.6,1.6,1.4,5.9,28.4,20.8,0.334,0.024,0.965,0,0,0.009,0.171,0,0.27,0,0.323
27/12/2015 15:00,0.4,1.5,1.6,7.3,28.1,23.7,0.383,0.006,0.97,0,0,0.013,0.1,0,0.248,0,0.31
27/12/2015 16:00,0.2,1.3,1.6,8.1,28.4,25.8,0.42,0.002,0.978,0,0.001,0.019,0.086,0.003,0.242,0,0.292
27/12/2015 17:00,0.1,1.4,1.7,8,29.3,26.9,0.444,0,0.986,0.004,0.005,0.033,0.077,0.012,0.238,0,0.285
27/12/2015 18:00,0,2.1,1.9,7.5,28.6,27.5,0.44,0,0.99,0.042,0.005,0.05,0.084,0.023,0.231,0,0.281
27/12/2015 19:00,0,2.9,2.1,7.2,27.3,27.7,0.433,0,0.99,0.11,0.005,0.064,0.083,0.028,0.22,0,0.282
27/12/2015 20:00,0,3.5,1.9,7.7,25.6,27.4,0.422,0,0.989,0.17,0.006,0.071,0.08,0.03,0.213,0.001,0.291
27/12/2015 21:00,0,3.4,1.6,8.3,23.7,27,0.381,0.002,0.988,0.206,0.003,0.068,0.084,0.03,0.2,0.005,0.289
27/12/2015 22:00,0,3.4,1.5,8.8,21.9,26.5,0.314,0.007,0.988,0.206,0,0.057,0.081,0.034,0.179,0.009,0.266
27/12/2015 23:00,0,3.8,1.3,9.3,20.2,25.7,0.261,0.02,0.988,0.179,0,0.045,0.07,0.03,0.158,0.004,0.227
28/12/2015 00:00,0,4.6,1.2,10.2,18.9,24.9,0.236,0.025,0.983,0.142,0,0.03,0.074,0.017,0.144,0,0.179
28/12/2015 01:00,0,5.3,1.3,11.5,17.4,24.1,0.172,0.025,0.976,0.106,0.001,0.015,0.099,0.005,0.125,0,0.155
28/12/2015 02:00,0,2.8,0.3,12.3,17.3,19.2,0.068,0.026,0.978,0.071,0.019,0.007,0.125,0,0.097,0,0.163
28/12/2015 03:00,0.2,0.6,0.2,7.4,26.5,9.6,0.065,0.021,0.983,0.044,0.05,0.007,0.128,0,0.07,0.002,0.188
28/12/2015 04:00,1.1,0.8,0.3,1.8,34.8,15.8,0.111,0.02,0.987,0.025,0.063,0.003,0.121,0,0.048,0.006,0.217
28/12/2015 05:00,2.9,0.9,0.4,0.4,37.3,20.4,0.084,0.017,0.99,0.014,0.078,0.001,0.084,0,0.035,0.042,0.247
28/12/2015 06:00,5.7,1.1,0.8,0.1,37.1,18.9,0.065,0.019,0.991,0.009,0.076,0,0.073,0.002,0.03,0.112,0.283
28/12/2015 07:00,7.6,1.2,1.2,0.1,35.8,16.6,0.053,0.044,0.991,0.008,0.031,0,0.09,0.005,0.031,0.186,0.314
28/12/2015 08:00,7.6,1.4,1.4,0.2,34.3,14.3,0.039,0.105,0.991,0.005,0.004,0,0.118,0.005,0.035,0.226,0.34
28/12/2015 09:00,5.2,1.7,1.6,0.3,32.2,12.4,0.032,0.192,0.991,0,0.001,0,0.161,0.004,0.055,0.231,0.355
28/12/2015 10:00,2.1,2.3,1.4,0.5,29.3,11,0.029,0.251,0.989,0,0,0,0.225,0.003,0.097,0.203,0.352
28/12/2015 11:00,0.4,2.9,1,2.4,25,10,0.043,0.259,0.985,0,0,0,0.282,0.001,0.154,0.183,0.324
28/12/2015 12:00,0.1,2.8,0.6,9.3,25.7,12.7,0.091,0.228,0.978,0,0,0,0.294,0.003,0.205,0.164,0.281
28/12/2015 13:00,0.1,2.1,0.6,18.2,27.4,17.2,0.188,0.1,0.965,0.001,0,0.002,0.248,0.009,0.241,0.119,0.241
28/12/2015 14:00,0.1,1.6,0.8,22.7,27.6,21.2,0.322,0.013,0.944,0.001,0,0.007,0.165,0.014,0.255,0.069,0.219
28/12/2015 15:00,0.1,1.4,1.1,22.5,27.3,24,0.407,0.008,0.924,0.001,0,0.015,0.153,0.016,0.241,0.031,0.211
28/12/2015 16:00,0.1,1.5,1.1,19.7,25.9,25.4,0.41,0.018,0.909,0,0,0.02,0.16,0.011,0.249,0.018,0.222
28/12/2015 17:00,0.1,2,1.1,16.4,24.7,25.9,0.367,0.025,0.905,0.002,0,0.027,0.169,0.004,0.286,0.022,0.249
28/12/2015 18:00,0,2.5,1.1,13.7,23.7,25.5,0.316,0.038,0.92,0.015,0,0.037,0.189,0.002,0.302,0.038,0.283
28/12/2015 19:00,0,2.9,1.1,12.1,21.9,25,0.283,0.061,0.926,0.048,0,0.051,0.213,0.002,0.283,0.073,0.325
28/12/2015 20:00,0,3.6,1.2,11.2,19.6,24.3,0.261,0.075,0.911,0.073,0,0.068,0.243,0.01,0.231,0.112,0.381
28/12/2015 21:00,0.1,4.1,1.1,10.5,17.1,24.2,0.217,0.143,0.905,0.076,0,0.073,0.212,0.038,0.184,0.138,0.429
28/12/2015 22:00,0.1,4.2,1.2,9.4,14.5,24.4,0.168,0.279,0.915,0.059,0,0.06,0.156,0.076,0.16,0.12,0.429
28/12/2015 23:00,0.1,4.1,1.2,8.2,12.8,23.9,0.137,0.316,0.935,0.035,0,0.063,0.094,0.092,0.144,0.094,0.384
29/12/2015 00:00,0,4.1,1.3,7.2,11.6,22.9,0.127,0.311,0.959,0.024,0.01,0.068,0.047,0.093,0.141,0.106,0.322
29/12/2015 01:00,0,4.2,1.4,6.6,10.7,21.6,0.091,0.323,0.978,0.022,0.05,0.048,0.014,0.076,0.144,0.13,0.261
29/12/2015 02:00,0,2.1,0.1,6.7,7.8,16.5,0.027,0.311,0.988,0.024,0.097,0.041,0.002,0.05,0.138,0.144,0.209
29/12/2015 03:00,0.3,0.3,0,4.2,14.1,6.6,0.012,0.282,0.991,0.018,0.121,0.043,0,0.017,0.123,0.133,0.171
29/12/2015 04:00,1.3,0.4,0.1,1.8,27.5,9.6,0.013,0.245,0.991,0.017,0.134,0.05,0.001,0.001,0.112,0.082,0.151
29/12/2015 05:00,3.5,0.9,0.3,1.8,31.6,14,0.007,0.225,0.99,0.036,0.15,0.055,0.011,0,0.119,0.111,0.14
29/12/2015 06:00,6.1,1.3,0.6,1.5,32.6,14.1,0.002,0.214,0.989,0.083,0.155,0.074,0.041,0,0.138,0.171,0.133
29/12/2015 07:00,7.4,1.4,0.9,1.2,31.7,12.2,0.002,0.206,0.988,0.152,0.083,0.065,0.076,0,0.16,0.163,0.132
29/12/2015 08:00,6.7,1.4,1.3,1.1,29.6,9.6,0.002,0.188,0.985,0.155,0.026,0.05,0.12,0,0.179,0.128,0.139
29/12/2015 09:00,4.4,1.5,1.4,0.8,25.5,7.4,0.002,0.177,0.981,0.098,0.058,0.045,0.171,0,0.223,0.087,0.155
29/12/2015 10:00,1.7,1.8,1.1,0.5,20.7,6,0.002,0.163,0.981,0.116,0.107,0.039,0.234,0,0.311,0.067,0.171
29/12/2015 11:00,0.2,1.8,0.8,0.4,16.2,5.3,0.006,0.166,0.98,0.184,0.172,0.031,0.318,0.001,0.393,0.06,0.188
29/12/2015 12:00,0.1,1.8,0.4,0.3,16.3,7.7,0.032,0.197,0.979,0.231,0.178,0.03,0.388,0.006,0.442,0.056,0.198
29/12/2015 13:00,0,1.6,0.6,0.3,18.4,12,0.089,0.165,0.977,0.195,0.162,0.023,0.383,0.024,0.466,0.043,0.194
29/12/2015 14:00,0,1.3,0.9,0.2,19.3,16,0.159,0.106,0.973,0.154,0.141,0.048,0.28,0.029,0.467,0.034,0.183
29/12/2015 15:00,0,0.9,1.1,0.1,20.4,18.9,0.242,0.069,0.962,0.113,0.116,0.065,0.263,0.03,0.445,0.04,0.181
29/12/2015 16:00,0,0.6,1.4,0.3,21.8,20.4,0.316,0.06,0.947,0.086,0.096,0.055,0.356,0.014,0.412,0.046,0.181
29/12/2015 17:00,0,0.6,1.7,0.6,21.8,20.7,0.338,0.106,0.926,0.06,0.074,0.039,0.391,0.005,0.388,0.054,0.177
29/12/2015 18:00,0,0.6,1.9,1.3,21,20,0.309,0.162,0.904,0.029,0.045,0.028,0.339,0.002,0.378,0.063,0.174
29/12/2015 19:00,0,0.6,2.1,2,18.8,18.9,0.264,0.2,0.885,0.025,0.023,0.022,0.258,0.002,0.362,0.077,0.171
29/12/2015 20:00,0.1,0.9,2,2.1,15.8,17.8,0.231,0.223,0.854,0.055,0.015,0.022,0.204,0.003,0.337,0.108,0.167
29/12/2015 21:00,0.1,1.3,1.8,1.3,13,16.5,0.201,0.237,0.81,0.167,0.027,0.03,0.203,0.003,0.317,0.143,0.158
29/12/2015 22:00,0.1,1.9,1.6,0.8,11.1,15.3,0.158,0.251,0.768,0.419,0.074,0.03,0.18,0.002,0.294,0.17,0.144
29/12/2015 23:00,0,2.5,1.5,0.7,10,14.9,0.12,0.32,0.757,0.649,0.13,0.052,0.153,0.002,0.255,0.205,0.134
30/12/2015 00:00,0,3.1,1.6,0.6,9.8,15,0.094,0.433,0.779,0.732,0.154,0.058,0.12,0.002,0.215,0.207,0.137
30/12/2015 01:00,0.1,3.6,1.7,0.6,9.4,15.2,0.067,0.459,0.807,0.75,0.148,0.054,0.089,0.001,0.178,0.142,0.142
30/12/2015 02:00,0,2.1,0.3,0.8,7,12.8,0.017,0.466,0.833,0.762,0.147,0.055,0.051,0.001,0.149,0.1,0.138
30/12/2015 03:00,0.1,0.6,0.2,0.5,10.4,5.6,0.008,0.566,0.849,0.77,0.161,0.06,0.012,0.001,0.12,0.07,0.135
30/12/2015 04:00,0.7,0.9,0.1,0.1,22.9,6.5,0.01,0.609,0.856,0.767,0.192,0.061,0.003,0,0.101,0.05,0.138
30/12/2015 05:00,2.6,0.9,0.3,0.1,24.8,8.3,0.005,0.635,0.86,0.761,0.219,0.052,0.011,0,0.093,0.127,0.14
30/12/2015 06:00,5,0.9,0.4,0,24.2,6.3,0,0.703,0.854,0.756,0.21,0.039,0.045,0,0.1,0.21,0.14
30/12/2015 07:00,6.1,0.9,0.7,0,22.5,4.4,0,0.845,0.835,0.749,0.087,0.037,0.084,0,0.112,0.207,0.142
30/12/2015 08:00,5.6,0.8,0.9,0.1,20.9,3.3,0,0.865,0.812,0.61,0.036,0.029,0.124,0,0.131,0.179,0.149
30/12/2015 09:00,4.3,0.9,1,0.4,20,2.8,0,0.863,0.803,0.472,0.093,0.028,0.142,0,0.184,0.155,0.16
30/12/2015 10:00,2,1.4,1.3,1.1,20.2,2.7,0,0.841,0.812,0.467,0.191,0.047,0.144,0,0.273,0.13,0.175
30/12/2015 11:00,0.7,2.3,1.3,4,20.3,3,0.002,0.817,0.823,0.527,0.294,0.068,0.142,0.002,0.352,0.105,0.192
30/12/2015 12:00,0.4,2.9,1.3,10.6,23.1,6.3,0.008,0.78,0.835,0.552,0.29,0.079,0.135,0.042,0.407,0.077,0.201
30/12/2015 13:00,0.3,3,1.5,16.8,25.1,11.1,0.018,0.714,0.841,0.442,0.253,0.057,0.126,0.144,0.431,0.038,0.201
30/12/2015 14:00,0.2,2.8,1.9,21.7,24.7,14.9,0.031,0.692,0.845,0.334,0.188,0.061,0.136,0.264,0.433,0.011,0.195
30/12/2015 15:00,0.1,2.6,2.5,24.9,24,16.3,0.041,0.621,0.845,0.264,0.122,0.045,0.193,0.341,0.401,0.001,0.195
30/12/2015 16:00,0.1,2.4,3.3,26,23,17.8,0.041,0.539,0.826,0.218,0.077,0.025,0.221,0.391,0.367,0,0.216
30/12/2015 17:00,0.1,2.3,3.8,25.7,21.8,19.1,0.032,0.487,0.796,0.191,0.039,0.016,0.197,0.223,0.354,0,0.234
30/12/2015 18:00,0.1,2,4.2,24.5,21.2,19.2,0.024,0.525,0.766,0.201,0.015,0.017,0.15,0.197,0.362,0,0.233
30/12/2015 19:00,0.1,1.7,4.6,23.5,19.9,18.8,0.019,0.565,0.739,0.262,0.007,0.023,0.1,0.344,0.38,0.002,0.225
30/12/2015 20:00,0.2,1.6,5,22.7,17.9,18.8,0.017,0.538,0.716,0.416,0.009,0.031,0.054,0.462,0.376,0.006,0.22
30/12/2015 21:00,0.2,1.4,5.2,22.7,15,19.4,0.013,0.556,0.695,0.58,0.033,0.045,0.027,0.492,0.358,0.005,0.236
30/12/2015 22:00,0.1,1.7,4.8,24.4,12,19.5,0.008,0.626,0.683,0.676,0.089,0.048,0.018,0.454,0.323,0.001,0.243
30/12/2015 23:00,0.1,2.1,4.6,27.4,9.8,19.7,0.004,0.593,0.68,0.713,0.144,0.054,0.021,0.401,0.297,0,0.231
31/12/2015 00:00,0.1,1.9,4.1,31.9,8.9,19.6,0.002,0.555,0.682,0.733,0.162,0.06,0.034,0.365,0.314,0,0.212
31/12/2015 01:00,0.2,1.6,3.4,34.2,8.6,18.6,0.001,0.526,0.7,0.73,0.151,0.058,0.055,0.44,0.361,0.001,0.195
31/12/2015 02:00,0.2,0.8,1.5,31.1,7,14,0.001,0.507,0.732,0.724,0.138,0.041,0.093,0.403,0.395,0.004,0.185
31/12/2015 03:00,1.2,0.3,1.2,15.2,13.9,5.7,0.002,0.514,0.756,0.7,0.141,0.039,0.059,0.258,0.383,0.011,0.178
31/12/2015 04:00,3,0.4,1,6.2,28.6,7.9,0.009,0.526,0.762,0.667,0.159,0.045,0.021,0.322,0.345,0.007,0.17
31/12/2015 05:00,6.4,0.6,1.1,5.9,31.1,9.1,0.011,0.511,0.751,0.631,0.171,0.046,0.047,0.251,0.302,0.001,0.168
31/12/2015 06:00,10.4,0.9,1.3,7,30.9,6.7,0.008,0.489,0.732,0.593,0.163,0.046,0.083,0.15,0.267,0.001,0.166
31/12/2015 07:00,12.7,1.3,1.3,4.2,29.6,5,0.006,0.479,0.711,0.556,0.069,0.045,0.114,0.109,0.241,0.008,0.165
31/12/2015 08:00,12.7,1.8,1.1,2.9,28.1,4.6,0.003,0.473,0.697,0.38,0.033,0.032,0.139,0.085,0.22,0.019,0.169
31/12/2015 09:00,9.1,2.3,0.8,3.1,29,4.8,0.002,0.459,0.685,0.471,0.105,0.024,0.167,0.082,0.201,0.024,0.17
31/12/2015 10:00,3.2,2.9,0.5,4.3,29.7,5.3,0.001,0.432,0.661,0.613,0.227,0.024,0.196,0.107,0.206,0.017,0.17
31/12/2015 11:00,0.8,3.8,0.6,9.4,28.4,6.3,0,0.401,0.633,0.626,0.3,0.025,0.227,0.167,0.244,0.008,0.183
31/12/2015 12:00,0.4,4.1,1,20.6,29.9,11.6,0,0.391,0.614,0.612,0.256,0.027,0.251,0.285,0.281,0.003,0.192
31/12/2015 13:00,0.2,3.5,1.7,29.4,32.2,18.6,0,0.251,0.594,0.552,0.202,0.023,0.272,0.358,0.293,0.002,0.2
31/12/2015 14:00,0.1,2.8,2.1,33,30.9,24.5,0.001,0.382,0.574,0.464,0.155,0.047,0.276,0.383,0.287,0.005,0.211
31/12/2015 15:00,0.1,2.6,2.1,34,28.5,26.4,0.005,0.529,0.554,0.379,0.115,0.073,0.296,0.377,0.286,0.029,0.202
31/12/2015 16:00,0.1,2.6,2,33.8,28.2,25.7,0.017,0.59,0.539,0.314,0.087,0.09,0.258,0.347,0.297,0.098,0.194
31/12/2015 17:00,0.1,2.6,1.8,33.3,26.6,25.2,0.034,0.666,0.527,0.282,0.067,0.107,0.148,0.294,0.311,0.17,0.195
31/12/2015 18:00,0.2,2.6,1.7,32.9,25.1,25,0.051,0.69,0.514,0.395,0.049,0.125,0.058,0.244,0.302,0.178,0.184
31/12/2015 19:00,0.2,2.4,1.6,32.1,23.2,24.5,0.067,0.658,0.504,0.568,0.05,0.134,0.012,0.223,0.261,0.12,0.163
31/12/2015 20:00,0.2,2.2,1.4,30.7,20.2,23,0.078,0.577,0.498,0.716,0.098,0.138,0.001,0.201,0.223,0.07,0.163
31/12/2015 21:00,0.2,1.8,1.3,28.6,15.5,21.5,0.084,0.567,0.498,0.804,0.222,0.132,0,0.183,0.201,0.049,0.192
31/12/2015 22:00,0.2,1.6,1.1,26.2,12.1,21.4,0.078,0.646,0.5,0.804,0.341,0.089,0,0.189,0.192,0.042,0.211
31/12/2015 23:00,0.2,1.8,0.9,24.1,10.4,21.7,0.073,0.557,0.501,0.769,0.356,0.06,0.002,0.219,0.18,0.042,0.206