CUSTOM_NODE,FUEL_TYPE,START_YEAR,END_YEAR,CAPACITY,,
BTNXX,HYD,1986,2066,336,,
BTNXX,HYD,2006,2086,1020,,
BTNXX,HYD,2015,2095,126,,
BTNXX,HYD,2019,2099,720,,
BTNXX,HYD,2023,2103,118,,
BTNXX,HYD,2023,2103,1020,,
BTNXX,HYD,2025,2105,1200,,
INDEA,CCG,2000,2030,116,,
INDEA,CCG,2006,2036,54,,
INDEA,COA,1965,2025,60,,
INDEA,COA,1972,2025,55,,
INDEA,COA,1973,2025,55,,
INDEA,COA,1974,2025,120,,
INDEA,COA,1975,2030,120,,
INDEA,COA,1979,2030,120,,
INDEA,COA,1982,2030,210,,
INDEA,COA,1983,2030,110,,
INDEA,COA,1983,2030,60,,
INDEA,COA,1983,2030,60,,
INDEA,COA,1984,2030,60,,
INDEA,COA,1984,2030,210,,
INDEA,COA,1985,2030,110,,
INDEA,COA,1985,2030,60,,
INDEA,COA,1985,2030,30,,
INDEA,COA,1985,2030,30,,
INDEA,COA,1985,2030,120,,
INDEA,COA,1985,2030,120,,
INDEA,COA,1985,2030,120,,
INDEA,COA,1985,2030,120,,
INDEA,COA,1986,2030,60,,
INDEA,COA,1986,2030,200,,
INDEA,COA,1986,2030,200,,
INDEA,COA,1987,2030,200,,
INDEA,COA,1987,2030,60,,
INDEA,COA,1987,2030,60,,
INDEA,COA,1988,2023,60,,
INDEA,COA,1988,2023,60,,
INDEA,COA,1988,2023,60,,
INDEA,COA,1988,2023,54,,
INDEA,COA,1988,2023,54,,
INDEA,COA,1989,2024,60,,
INDEA,COA,1990,2025,30,,
INDEA,COA,1990,2025,120,,
INDEA,COA,1990,2025,67.5,,
INDEA,COA,1990,2025,67.5,,
INDEA,COA,1991,2026,210,,
INDEA,COA,1992,2027,500,,
INDEA,COA,1992,2027,210,,
INDEA,COA,1994,2029,210,,
INDEA,COA,1994,2029,120,,
INDEA,COA,1994,2029,500,,
INDEA,COA,1994,2029,210,,
INDEA,COA,1994,2029,67.5,,
INDEA,COA,1995,2030,210,,
INDEA,COA,1995,2030,210,,
INDEA,COA,1995,2030,210,,
INDEA,COA,1995,2030,210,,
INDEA,COA,1995,2030,500,,
INDEA,COA,1996,2031,210,,
INDEA,COA,1996,2031,500,,
INDEA,COA,1996,2031,67.5,,
INDEA,COA,1996,2031,210,,
INDEA,COA,1996,2031,210,,
INDEA,COA,1997,2032,210,,
INDEA,COA,1997,2032,250,,
INDEA,COA,1998,2033,210,,
INDEA,COA,1999,2034,210,,
INDEA,COA,1999,2034,250,,
INDEA,COA,1999,2034,55,,
INDEA,COA,1999,2034,55,,
INDEA,COA,1999,2034,210,,
INDEA,COA,2000,2035,120,,
INDEA,COA,2000,2035,210,,
INDEA,COA,2000,2035,30,,
INDEA,COA,2001,2036,120,,
INDEA,COA,2001,2036,210,,
INDEA,COA,2002,2037,120,,
INDEA,COA,2003,2038,500,,
INDEA,COA,2003,2038,500,,
INDEA,COA,2005,2040,40,,
INDEA,COA,2005,2040,350,,
INDEA,COA,2005,2040,100,,
INDEA,COA,2005,2040,500,,
INDEA,COA,2005,2040,120,,
INDEA,COA,2005,2040,210,,
INDEA,COA,2006,2041,60,,
INDEA,COA,2006,2041,30,,
INDEA,COA,2006,2041,100,,
INDEA,COA,2006,2041,500,,
INDEA,COA,2007,2042,250,,
INDEA,COA,2007,2042,125,,
INDEA,COA,2007,2042,30,,
INDEA,COA,2007,2042,40,,
INDEA,COA,2007,2042,300,,
INDEA,COA,2007,2042,210,,
INDEA,COA,2008,2043,300,,
INDEA,COA,2008,2043,300,,
INDEA,COA,2008,2043,135,,
INDEA,COA,2008,2043,135,,
INDEA,COA,2008,2043,135,,
INDEA,COA,2008,2043,135,,
INDEA,COA,2008,2043,135,,
INDEA,COA,2008,2043,135,,
INDEA,COA,2008,2043,135,,
INDEA,COA,2008,2043,30,,
INDEA,COA,2008,2043,30,,
INDEA,COA,2008,2043,30,,
INDEA,COA,2008,2043,500,,
INDEA,COA,2008,2043,100,,
INDEA,COA,2008,2043,250,,
INDEA,COA,2008,2043,250,,
INDEA,COA,2009,2044,130,,
INDEA,COA,2009,2044,130,,
INDEA,COA,2009,2044,125,,
INDEA,COA,2009,2044,150,,
INDEA,COA,2009,2044,150,,
INDEA,COA,2009,2044,120,,
INDEA,COA,2009,2044,500,,
INDEA,COA,2009,2044,210,,
INDEA,COA,2010,2045,50,,
INDEA,COA,2010,2045,600,,
INDEA,COA,2010,2045,600,,
INDEA,COA,2010,2045,120,,
INDEA,COA,2010,2045,120,,
INDEA,COA,2010,2045,30,,
INDEA,COA,2010,2045,500,,
INDEA,COA,2010,2045,500,,
INDEA,COA,2010,2045,250,,
INDEA,COA,2011,2046,250,,
INDEA,COA,2011,2046,135,,
INDEA,COA,2011,2046,135,,
INDEA,COA,2011,2046,600,,
INDEA,COA,2011,2046,500,,
INDEA,COA,2011,2046,525,,
INDEA,COA,2011,2046,135,,
INDEA,COA,2011,2046,50,,
INDEA,COA,2011,2046,30,,
INDEA,COA,2011,2046,30,,
INDEA,COA,2011,2046,30,,
INDEA,COA,2011,2046,500,,
INDEA,COA,2011,2046,500,,
INDEA,COA,2011,2046,250,,
INDEA,COA,2011,2046,250,,
INDEA,COA,2011,2046,120,,
INDEA,COA,2011,2046,120,,
INDEA,COA,2011,2046,120,,
INDEA,COA,2011,2046,500,,
INDEA,COA,2012,2047,600,,
INDEA,COA,2012,2047,525,,
INDEA,COA,2012,2047,135,,
INDEA,COA,2012,2047,500,,
INDEA,COA,2012,2047,270,,
INDEA,COA,2013,2048,64,,
INDEA,COA,2013,2048,60,,
INDEA,COA,2013,2048,500,,
INDEA,COA,2013,2048,135,,
INDEA,COA,2013,2048,135,,
INDEA,COA,2013,2048,135,,
INDEA,COA,2013,2048,50,,
INDEA,COA,2013,2048,270,,
INDEA,COA,2013,2048,350,,
INDEA,COA,2013,2048,350,,
INDEA,COA,2013,2048,55,,
INDEA,COA,2013,2048,60,,
INDEA,COA,2013,2048,60,,
INDEA,COA,2014,2049,36,,
INDEA,COA,2014,2049,250,,
INDEA,COA,2014,2049,135,,
INDEA,COA,2014,2049,350,,
INDEA,COA,2014,2049,660,,
INDEA,COA,2014,2049,63,,
INDEA,COA,2014,2049,150,,
INDEA,COA,2014,2049,150,,
INDEA,COA,2014,2049,150,,
INDEA,COA,2014,2049,150,,
INDEA,COA,2014,2049,150,,
INDEA,COA,2014,2049,150,,
INDEA,COA,2014,2049,600,,
INDEA,COA,2014,2049,600,,
INDEA,COA,2015,2050,500,,
INDEA,COA,2015,2050,195,,
INDEA,COA,2015,2050,660,,
INDEA,COA,2015,2050,600,,
INDEA,COA,2015,2050,30,,
INDEA,COA,2015,2050,30,,
INDEA,COA,2015,2050,600,,
INDEA,COA,2015,2050,600,,
INDEA,COA,2016,2051,500,,
INDEA,COA,2016,2051,500,,
INDEA,COA,2016,2051,600,,
INDEA,COA,2016,2051,30,,
INDEA,COA,2016,2051,250,,
INDEA,COA,2016,2051,67.5,,
INDEA,COA,2016,2051,67.5,,
INDEA,COA,2016,2051,350,,
INDEA,COA,2017,2052,195,,
INDEA,COA,2017,2052,250,,
INDEA,COA,2017,2052,150,,
INDEA,COA,2017,2052,150,,
INDEA,COA,2018,2053,250,,
INDEA,COA,2019,2054,250,,
INDEA,COA,2019,2054,660,,
INDEA,COA,2019,2054,800,,
INDEA,COA,2019,2054,660,,
INDEA,COA,2019,2054,660,,
INDEA,COA,2021,2056,250,,
INDEA,COA,2021,2056,250,,
INDEA,COA,2021,2056,660,,
INDEA,COA,2021,2056,800,,
INDEA,COA,2021,2056,660,,
INDEA,COA,2022,2057,30,,
INDEA,COA,2022,2057,30,,
INDEA,COA,2022,2057,250,,
INDEA,COA,2022,2057,660,,
INDEA,COA,2023,2058,350,,
INDEA,COA,2023,2058,660,,
INDEA,COA,2023,2058,800,,
INDEA,COA,2023,2058,800,,
INDEA,COA,2023,2058,660,,
INDEA,COA,2023,2058,660,,
INDEA,COA,2023,2058,525,,
INDEA,COA,2023,2058,525,,
INDEA,COA,2024,2059,800,,
INDEA,COA,2024,2059,660,,
INDEA,COA,2024,2059,660,,
INDEA,COA,2024,2059,660,,
INDEA,COA,2024,2059,660,,
INDEA,COA,2024,2059,660,,
INDEA,COA,2025,2060,800,,
INDEA,COA,2025,2060,800,,
INDEA,COA,2026,2061,660,,
INDEA,COA,2026,2061,800,,
INDEA,COA,2027,2062,660,,
INDEA,COA,2027,2062,800,,
INDEA,COA,2027,2062,800,,
INDEA,HYD,1956,2056,288,,
INDEA,HYD,1959,2059,80,,
INDEA,HYD,1973,2073,510,,
INDEA,HYD,1978,2078,120,,
INDEA,HYD,1985,2085,250,,
INDEA,HYD,1988,2088,320,,
INDEA,HYD,1999,2099,600,,
INDEA,HYD,2007,2107,900,,
INDEA,HYD,2008,2108,510,,
INDEA,HYD,2013,2113,110,,
INDEA,HYD,2013,2113,132,,
INDEA,HYD,2015,2115,96,,
INDEA,HYD,2016,2116,160,,
INDEA,HYD,2017,2117,96,,
INDEA,HYD,2017,2117,97,,
INDEA,HYD,2017,2117,1200,,
INDEA,HYD,2021,2121,113,,
INDEA,HYD,2024,2124,120,,
INDEA,HYD,2024,2124,500,,
INDEA,OCG,2006,2036,122,,
INDEA,OCG,2006,2036,122,,
INDEA,OCG,2006,2036,122,,
INDEA,SPV,2015,2045,20,,
INDEA,SPV,2016,2046,20,,
INDEA,SPV,2016,2046,44,,
INDEA,SPV,2018,2048,30,,
INDEA,SPV,2018,2048,27,,
INDEA,SPV,2019,2049,40,,
INDEA,SPV,2019,2049,40,,
INDEA,WON,2019,2049,21,,
INDNE,CCG,1998,2028,97,,
INDNE,CCG,1998,2028,97,,
INDNE,CCG,1998,2028,97,,
INDNE,CCG,2006,2036,53,,
INDNE,CCG,2014,2044,363,,
INDNE,CCG,2015,2045,363,,
INDNE,CCG,2015,2045,135,,
INDNE,CCG,2016,2046,101,,
INDNE,CCG,2020,2050,162.4,,
INDNE,COA,2015,2050,250,,
INDNE,COA,2017,2052,250,,
INDNE,COA,2019,2054,250,,
INDNE,HYD,1983,2083,105,,
INDNE,HYD,1988,2088,200,,
INDNE,HYD,2000,2100,75,,
INDNE,HYD,2002,2102,405,,
INDNE,HYD,2007,2107,100,,
INDNE,HYD,2011,2111,126,,
INDNE,HYD,2018,2118,110,,
INDNE,HYD,2020,2120,600,,
INDNE,HYD,2023,2123,2000,,
INDNE,HYD,2024,2124,110,,
INDNE,OCG,2018,2048,69.755,,
INDNE,SPV,2020,2050,32,,
INDNE,SPV,2022,2052,65,,
INDNE,SPV,2022,2052,70,,
INDNO,BIO,1993,2038,65,,
INDNO,BIO,1994,2039,40,,
INDNO,BIO,2007,2052,31,,
INDNO,BIO,2017,2062,45,,
INDNO,BIO,2017,2062,32,,
INDNO,CCG,1989,2030,419.33,,
INDNO,CCG,1990,2030,663,,
INDNO,CCG,1994,2024,829.78,,
INDNO,CCG,1996,2026,270,,
INDNO,CCG,2000,2030,431.59,,
INDNO,CCG,2001,2031,110,,
INDNO,CCG,2003,2033,330.4,,
INDNO,CCG,2006,2036,77.5,,
INDNO,CCG,2007,2037,330,,
INDNO,CCG,2010,2040,238.35,,
INDNO,CCG,2011,2041,108,,
INDNO,CCG,2012,2042,750,,
INDNO,CCG,2013,2043,270.5,,
INDNO,CCG,2014,2044,750,,
INDNO,CCG,2016,2046,225,,
INDNO,CCG,2016,2046,225,,
INDNO,CCG,2021,2051,225,,
INDNO,COA,1967,2025,67.5,,
INDNO,COA,1968,2025,67.5,,
INDNO,COA,1977,2030,200,,
INDNO,COA,1978,2030,110,,
INDNO,COA,1979,2030,200,,
INDNO,COA,1981,2030,200,,
INDNO,COA,1981,2030,74,,
INDNO,COA,1982,2030,200,,
INDNO,COA,1982,2030,200,,
INDNO,COA,1982,2030,200,,
INDNO,COA,1982,2030,200,,
INDNO,COA,1983,2030,74,,
INDNO,COA,1983,2030,200,,
INDNO,COA,1983,2030,200,,
INDNO,COA,1983,2030,110,,
INDNO,COA,1983,2030,110,,
INDNO,COA,1984,2030,200,,
INDNO,COA,1984,2030,110,,
INDNO,COA,1985,2030,110,,
INDNO,COA,1986,2030,500,,
INDNO,COA,1986,2030,210,,
INDNO,COA,1987,2030,500,,
INDNO,COA,1987,2030,210,,
INDNO,COA,1988,2023,210,,
INDNO,COA,1988,2023,210,,
INDNO,COA,1988,2023,210,,
INDNO,COA,1988,2023,210,,
INDNO,COA,1988,2023,500,,
INDNO,COA,1988,2023,110,,
INDNO,COA,1989,2024,68,,
INDNO,COA,1989,2024,210,,
INDNO,COA,1989,2024,210,,
INDNO,COA,1989,2024,210,,
INDNO,COA,1989,2024,500,,
INDNO,COA,1989,2024,110,,
INDNO,COA,1990,2025,110,,
INDNO,COA,1991,2026,210,,
INDNO,COA,1992,2027,210,,
INDNO,COA,1992,2027,210,,
INDNO,COA,1993,2028,210,,
INDNO,COA,1993,2028,500,,
INDNO,COA,1993,2028,210,,
INDNO,COA,1994,2029,500,,
INDNO,COA,1994,2029,210,,
INDNO,COA,1997,2032,74,,
INDNO,COA,1997,2032,800,,
INDNO,COA,1997,2032,800,,
INDNO,COA,1997,2032,210,,
INDNO,COA,1997,2032,210,,
INDNO,COA,1998,2033,74,,
INDNO,COA,1998,2033,76.7,,
INDNO,COA,1998,2033,110,,
INDNO,COA,1998,2033,210,,
INDNO,COA,1998,2033,250,,
INDNO,COA,1999,2034,210,,
INDNO,COA,1999,2034,210,,
INDNO,COA,2000,2035,250,,
INDNO,COA,2001,2036,210,,
INDNO,COA,2001,2036,250,,
INDNO,COA,2002,2037,250,,
INDNO,COA,2003,2038,75,,
INDNO,COA,2003,2038,75,,
INDNO,COA,2003,2038,85,,
INDNO,COA,2003,2038,250,,
INDNO,COA,2004,2039,250,,
INDNO,COA,2004,2039,195,,
INDNO,COA,2005,2040,250,,
INDNO,COA,2005,2040,77,,
INDNO,COA,2005,2040,77,,
INDNO,COA,2005,2040,40,,
INDNO,COA,2005,2040,141,,
INDNO,COA,2005,2040,500,,
INDNO,COA,2005,2040,500,,
INDNO,COA,2006,2041,210,,
INDNO,COA,2006,2041,210,,
INDNO,COA,2007,2042,80,,
INDNO,COA,2007,2042,125,,
INDNO,COA,2007,2042,210,,
INDNO,COA,2008,2043,300,,
INDNO,COA,2008,2043,300,,
INDNO,COA,2008,2043,80,,
INDNO,COA,2008,2043,250,,
INDNO,COA,2009,2044,195,,
INDNO,COA,2009,2044,125,,
INDNO,COA,2009,2044,250,,
INDNO,COA,2009,2044,38,,
INDNO,COA,2009,2044,300,,
INDNO,COA,2009,2044,250,,
INDNO,COA,2010,2045,250,,
INDNO,COA,2010,2045,300,,
INDNO,COA,2010,2045,500,,
INDNO,COA,2010,2045,600,,
INDNO,COA,2010,2045,125,,
INDNO,COA,2010,2045,135,,
INDNO,COA,2010,2045,135,,
INDNO,COA,2010,2045,135,,
INDNO,COA,2010,2045,490,,
INDNO,COA,2010,2045,490,,
INDNO,COA,2010,2045,250,,
INDNO,COA,2011,2046,250,,
INDNO,COA,2011,2046,300,,
INDNO,COA,2011,2046,500,,
INDNO,COA,2011,2046,600,,
INDNO,COA,2011,2046,125,,
INDNO,COA,2011,2046,135,,
INDNO,COA,2011,2046,135,,
INDNO,COA,2011,2046,150,,
INDNO,COA,2011,2046,80,,
INDNO,COA,2011,2046,80,,
INDNO,COA,2011,2046,600,,
INDNO,COA,2011,2046,600,,
INDNO,COA,2011,2046,45,,
INDNO,COA,2011,2046,45,,
INDNO,COA,2011,2046,45,,
INDNO,COA,2011,2046,43,,
INDNO,COA,2012,2047,250,,
INDNO,COA,2012,2047,300,,
INDNO,COA,2012,2047,500,,
INDNO,COA,2012,2047,250,,
INDNO,COA,2012,2047,150,,
INDNO,COA,2012,2047,45,,
INDNO,COA,2012,2047,45,,
INDNO,COA,2012,2047,45,,
INDNO,COA,2012,2047,660,,
INDNO,COA,2012,2047,660,,
INDNO,COA,2012,2047,45,,
INDNO,COA,2012,2047,45,,
INDNO,COA,2012,2047,45,,
INDNO,COA,2012,2047,45,,
INDNO,COA,2012,2047,500,,
INDNO,COA,2013,2048,250,,
INDNO,COA,2013,2048,135,,
INDNO,COA,2013,2048,135,,
INDNO,COA,2013,2048,135,,
INDNO,COA,2013,2048,135,,
INDNO,COA,2013,2048,250,,
INDNO,COA,2013,2048,500,,
INDNO,COA,2014,2049,250,,
INDNO,COA,2014,2049,700,,
INDNO,COA,2014,2049,700,,
INDNO,COA,2014,2049,660,,
INDNO,COA,2014,2049,600,,
INDNO,COA,2014,2049,660,,
INDNO,COA,2014,2049,660,,
INDNO,COA,2015,2050,660,,
INDNO,COA,2015,2050,600,,
INDNO,COA,2015,2050,500,,
INDNO,COA,2015,2050,660,,
INDNO,COA,2015,2050,60,,
INDNO,COA,2015,2050,660,,
INDNO,COA,2016,2051,660,,
INDNO,COA,2016,2051,500,,
INDNO,COA,2016,2051,660,,
INDNO,COA,2016,2051,660,,
INDNO,COA,2016,2051,660,,
INDNO,COA,2016,2051,270,,
INDNO,COA,2016,2051,270,,
INDNO,COA,2017,2052,660,,
INDNO,COA,2017,2052,660,,
INDNO,COA,2017,2052,60,,
INDNO,COA,2017,2052,60,,
INDNO,COA,2017,2052,500,,
INDNO,COA,2018,2053,660,,
INDNO,COA,2018,2053,660,,
INDNO,COA,2019,2054,660,,
INDNO,COA,2019,2054,660,,
INDNO,COA,2021,2056,660,,
INDNO,COA,2021,2056,660,,
INDNO,COA,2021,2056,660,,
INDNO,COA,2022,2057,660,,
INDNO,COA,2023,2058,660,,
INDNO,COA,2023,2058,660,,
INDNO,COA,2023,2058,660,,
INDNO,COA,2023,2058,660,,
INDNO,COA,2024,2059,660,,
INDNO,COA,2024,2059,660,,
INDNO,COA,2024,2059,660,,
INDNO,COA,2024,2059,660,,
INDNO,COA,2024,2059,660,,
INDNO,COA,2024,2059,660,,
INDNO,HYD,1932,2032,110,,
INDNO,HYD,1955,2055,78,,
INDNO,HYD,1956,2056,78,,
INDNO,HYD,1960,2060,612,,
INDNO,HYD,1962,2062,300,,
INDNO,HYD,1966,2066,785,,
INDNO,HYD,1968,2068,172,,
INDNO,HYD,1970,2070,99,,
INDNO,HYD,1973,2073,99,,
INDNO,HYD,1975,2075,240,,
INDNO,HYD,1975,2075,198,,
INDNO,HYD,1977,2077,990,,
INDNO,HYD,1978,2078,171,,
INDNO,HYD,1978,2078,850,,
INDNO,HYD,1978,2078,206,,
INDNO,HYD,1978,2078,450,,
INDNO,HYD,1978,2078,520,,
INDNO,HYD,1978,2078,105,,
INDNO,HYD,1978,2078,396,,
INDNO,HYD,1980,2080,180,,
INDNO,HYD,1980,2080,144,,
INDNO,HYD,1983,2083,207,,
INDNO,HYD,1984,2084,120,,
INDNO,HYD,1984,2084,90,,
INDNO,HYD,1985,2085,134,,
INDNO,HYD,1987,2087,690,,
INDNO,HYD,1989,2089,90,,
INDNO,HYD,1989,2089,120,,
INDNO,HYD,1992,2092,94,,
INDNO,HYD,1994,2094,540,,
INDNO,HYD,1996,2096,480,,
INDNO,HYD,2000,2100,600,,
INDNO,HYD,2000,2100,105,,
INDNO,HYD,2001,2101,86,,
INDNO,HYD,2003,2103,300,,
INDNO,HYD,2003,2103,300,,
INDNO,HYD,2003,2103,1500,,
INDNO,HYD,2005,2105,280,,
INDNO,HYD,2006,2106,126,,
INDNO,HYD,2006,2106,1000,,
INDNO,HYD,2006,2106,400,,
INDNO,HYD,2007,2107,390,,
INDNO,HYD,2008,2108,450,,
INDNO,HYD,2008,2108,304,,
INDNO,HYD,2010,2110,192,,
INDNO,HYD,2010,2110,120,,
INDNO,HYD,2011,2111,1045,,
INDNO,HYD,2011,2111,400,,
INDNO,HYD,2011,2111,100,,
INDNO,HYD,2012,2112,231,,
INDNO,HYD,2013,2113,240,,
INDNO,HYD,2014,2114,520,,
INDNO,HYD,2014,2114,412,,
INDNO,HYD,2015,2115,450,,
INDNO,HYD,2015,2115,800,,
INDNO,HYD,2015,2115,330,,
INDNO,HYD,2016,2116,195,,
INDNO,HYD,2017,2117,100,,
INDNO,HYD,2018,2118,330,,
INDNO,HYD,2020,2120,111,,
INDNO,HYD,2020,2120,99,,
INDNO,HYD,2021,2121,100,,
INDNO,HYD,2022,2122,180,,
INDNO,HYD,2022,2122,120,,
INDNO,HYD,2023,2123,1000,,
INDNO,HYD,2023,2123,800,,
INDNO,HYD,2023,2123,150,,
INDNO,HYD,2023,2123,100,,
INDNO,HYD,2023,2123,444,,
INDNO,HYD,2025,2125,624,,
INDNO,HYD,2025,2125,240,,
INDNO,HYD,2025,2125,1000,,
INDNO,HYD,2026,2126,210,,
INDNO,OCG,2012,2042,165,,
INDNO,SPV,2011,2041,24,,
INDNO,SPV,2012,2042,40,,
INDNO,SPV,2012,2042,27,,
INDNO,SPV,2013,2043,35,,
INDNO,SPV,2013,2043,50,,
INDNO,SPV,2013,2043,30,,
INDNO,SPV,2013,2043,20,,
INDNO,SPV,2013,2043,55,,
INDNO,SPV,2014,2044,34,,
INDNO,SPV,2015,2045,100,,
INDNO,SPV,2015,2045,70,,
INDNO,SPV,2015,2045,70,,
INDNO,SPV,2015,2045,390,,
INDNO,SPV,2015,2045,20,,
INDNO,SPV,2015,2045,200,,
INDNO,SPV,2015,2045,300,,
INDNO,SPV,2015,2045,20,,
INDNO,SPV,2015,2045,20,,
INDNO,SPV,2015,2045,20,,
INDNO,SPV,2015,2045,20,,
INDNO,SPV,2015,2045,20,,
INDNO,SPV,2015,2045,50,,
INDNO,SPV,2015,2045,50,,
INDNO,SPV,2015,2045,23,,
INDNO,SPV,2015,2045,55,,
INDNO,SPV,2015,2045,50,,
INDNO,SPV,2015,2045,56,,
INDNO,SPV,2015,2045,24,,
INDNO,SPV,2015,2045,145,,
INDNO,SPV,2015,2045,55,,
INDNO,SPV,2015,2045,20,,
INDNO,SPV,2015,2045,225,,
INDNO,SPV,2015,2045,21,,
INDNO,SPV,2015,2045,300,,
INDNO,SPV,2015,2045,50,,
INDNO,SPV,2015,2045,125,,
INDNO,SPV,2015,2045,20,,
INDNO,SPV,2015,2045,32,,
INDNO,SPV,2015,2045,20,,
INDNO,SPV,2015,2045,20,,
INDNO,SPV,2015,2045,50,,
INDNO,SPV,2015,2045,25,,
INDNO,SPV,2015,2045,600,,
INDNO,SPV,2015,2045,20,,
INDNO,SPV,2015,2045,50,,
INDNO,SPV,2015,2045,70,,
INDNO,SPV,2015,2045,23,,
INDNO,SPV,2015,2045,43,,
INDNO,SPV,2015,2045,41,,
INDNO,SPV,2015,2045,325,,
INDNO,SPV,2015,2045,420,,
INDNO,SPV,2015,2045,50,,
INDNO,SPV,2015,2045,75,,
INDNO,SPV,2016,2046,37,,
INDNO,SPV,2016,2046,25,,
INDNO,SPV,2016,2046,52,,
INDNO,SPV,2016,2046,52,,
INDNO,SPV,2016,2046,52,,
INDNO,SPV,2016,2046,126,,
INDNO,SPV,2016,2046,38,,
INDNO,SPV,2016,2046,20,,
INDNO,SPV,2016,2046,37,,
INDNO,SPV,2017,2047,22,,
INDNO,SPV,2017,2047,260,,
INDNO,SPV,2017,2047,65,,
INDNO,SPV,2017,2047,30,,
INDNO,SPV,2017,2047,24,,
INDNO,SPV,2017,2047,60,,
INDNO,SPV,2017,2047,34,,
INDNO,SPV,2017,2047,25,,
INDNO,SPV,2017,2047,25,,
INDNO,SPV,2017,2047,100,,
INDNO,SPV,2017,2047,50,,
INDNO,SPV,2017,2047,20,,
INDNO,SPV,2017,2047,50,,
INDNO,SPV,2017,2047,59,,
INDNO,SPV,2017,2047,70,,
INDNO,SPV,2018,2048,200,,
INDNO,SPV,2018,2048,51,,
INDNO,SPV,2018,2048,190,,
INDNO,SPV,2018,2048,75,,
INDNO,SPV,2018,2048,50,,
INDNO,SPV,2018,2048,100,,
INDNO,SPV,2018,2048,300,,
INDNO,SPV,2019,2049,50,,
INDNO,SPV,2019,2049,262,,
INDNO,SPV,2019,2049,60,,
INDNO,SPV,2019,2049,250,,
INDNO,SPV,2019,2049,200,,
INDNO,SPV,2019,2049,250,,
INDNO,SPV,2019,2049,75,,
INDNO,SPV,2020,2050,50,,
INDNO,SPV,2020,2050,150,,
INDNO,SPV,2020,2050,300,,
INDNO,SPV,2021,2051,75,,
INDNO,SPV,2021,2051,25,,
INDNO,SPV,2021,2051,50,,
INDNO,SPV,2021,2051,20,,
INDNO,SPV,2021,2051,50,,
INDNO,SPV,2021,2051,250,,
INDNO,SPV,2021,2051,102,,
INDNO,SPV,2021,2051,300,,
INDNO,SPV,2021,2051,300,,
INDNO,SPV,2021,2051,250,,
INDNO,SPV,2021,2051,75,,
INDNO,SPV,2021,2051,140,,
INDNO,SPV,2021,2051,150,,
INDNO,SPV,2021,2051,300,,
INDNO,SPV,2021,2051,20,,
INDNO,SPV,2021,2051,110,,
INDNO,SPV,2021,2051,100,,
INDNO,SPV,2022,2052,450,,
INDNO,SPV,2022,2052,50,,
INDNO,SPV,2022,2052,300,,
INDNO,SPV,2022,2052,20,,
INDNO,SPV,2022,2052,160,,
INDNO,SPV,2022,2052,300,,
INDNO,SPV,2022,2052,300,,
INDNO,SPV,2022,2052,50,,
INDNO,SPV,2022,2052,246,,
INDNO,SPV,2022,2052,250,,
INDNO,SPV,2022,2052,450,,
INDNO,SPV,2022,2052,175,,
INDNO,SPV,2022,2052,20,,
INDNO,SPV,2022,2052,225,,
INDNO,SPV,2022,2052,50,,
INDNO,SPV,2024,2054,300,,
INDNO,URN,1981,2041,200,,
INDNO,URN,1991,2051,220,,
INDNO,URN,1992,2052,220,,
INDNO,URN,2000,2060,220,,
INDNO,URN,2000,2060,220,,
INDNO,URN,2010,2070,220,,
INDNO,URN,2010,2070,220,,
INDNO,URN,2022,2082,700,,
INDNO,URN,2023,2083,700,,
INDNO,URN,2028,2088,700,,
INDNO,URN,2028,2088,700,,
INDNO,WON,2004,2034,21,,
INDNO,WON,2006,2036,13,,
INDNO,WON,2006,2036,20,,
INDNO,WON,2006,2036,20,,
INDNO,WON,2006,2036,12,,
INDNO,WON,2007,2037,15,,
INDNO,WON,2008,2038,12,,
INDNO,WON,2008,2038,102,,
INDNO,WON,2008,2038,15,,
INDNO,WON,2008,2038,15,,
INDNO,WON,2009,2039,30,,
INDNO,WON,2009,2039,21,,
INDNO,WON,2010,2040,26,,
INDNO,WON,2010,2040,32,,
INDNO,WON,2010,2040,13,,
INDNO,WON,2010,2040,32,,
INDNO,WON,2010,2040,11,,
INDNO,WON,2010,2040,14,,
INDNO,WON,2011,2041,30,,
INDNO,WON,2011,2041,24,,
INDNO,WON,2012,2042,54,,
INDNO,WON,2012,2042,76,,
INDNO,WON,2012,2042,100,,
INDNO,WON,2012,2042,24,,
INDNO,WON,2012,2042,28,,
INDNO,WON,2013,2043,20,,
INDNO,WON,2013,2043,14,,
INDNO,WON,2013,2043,50,,
INDNO,WON,2013,2043,24,,
INDNO,WON,2013,2043,21,,
INDNO,WON,2013,2043,39,,
INDNO,WON,2013,2043,50,,
INDNO,WON,2013,2043,112,,
INDNO,WON,2013,2043,67,,
INDNO,WON,2013,2043,33,,
INDNO,WON,2013,2043,50,,
INDNO,WON,2013,2043,200,,
INDNO,WON,2013,2043,33,,
INDNO,WON,2013,2043,40,,
INDNO,WON,2013,2043,20,,
INDNO,WON,2013,2043,23,,
INDNO,WON,2013,2043,60,,
INDNO,WON,2013,2043,60,,
INDNO,WON,2013,2043,40,,
INDNO,WON,2013,2043,40,,
INDNO,WON,2013,2043,80,,
INDNO,WON,2013,2043,24,,
INDNO,WON,2013,2043,56,,
INDNO,WON,2013,2043,10,,
INDNO,WON,2013,2043,54,,
INDNO,WON,2013,2043,14,,
INDNO,WON,2013,2043,39,,
INDNO,WON,2013,2043,150,,
INDNO,WON,2013,2043,50,,
INDNO,WON,2013,2043,50,,
INDNO,WON,2013,2043,52,,
INDNO,WON,2013,2043,26,,
INDNO,WON,2013,2043,26,,
INDNO,WON,2013,2043,118,,
INDNO,WON,2013,2043,20,,
INDNO,WON,2014,2044,20,,
INDNO,WON,2014,2044,48,,
INDNO,WON,2014,2044,30,,
INDNO,WON,2015,2045,22,,
INDNO,WON,2015,2045,82,,
INDNO,WON,2015,2045,585,,
INDNO,WON,2015,2045,101,,
INDNO,WON,2015,2045,26,,
INDNO,WON,2015,2045,51,,
INDNO,WON,2015,2045,50,,
INDNO,WON,2015,2045,126,,
INDNO,WON,2016,2046,50,,
INDNO,WON,2016,2046,25,,
INDNO,WON,2016,2046,24,,
INDNO,WON,2016,2046,23,,
INDNO,WON,2016,2046,90,,
INDNO,WON,2017,2047,50,,
INDNO,WON,2017,2047,56,,
INDNO,WON,2017,2047,20,,
INDNO,WON,2017,2047,20,,
INDNO,WON,2022,2052,150,,
INDNO,WON,2022,2052,100,,
INDSO,CCG,1990,2030,100,,
INDSO,CCG,1997,2027,235,,
INDSO,CCG,1997,2027,172,,
INDSO,CCG,1998,2028,208,,
INDSO,CCG,1999,2029,165,,
INDSO,CCG,2000,2030,368,,
INDSO,CCG,2001,2031,220,,
INDSO,CCG,2001,2031,107,,
INDSO,CCG,2001,2031,331,,
INDSO,CCG,2002,2032,220,,
INDSO,CCG,2003,2033,95,,
INDSO,CCG,2004,2034,101,,
INDSO,CCG,2005,2035,220,,
INDSO,CCG,2005,2035,120,,
INDSO,CCG,2006,2036,388,,
INDSO,CCG,2006,2036,60,,
INDSO,CCG,2007,2037,58,,
INDSO,CCG,2008,2038,92,,
INDSO,CCG,2009,2039,464,,
INDSO,CCG,2010,2040,366,,
INDSO,CCG,2010,2040,445,,
INDSO,CCG,2015,2045,371,,
INDSO,CCG,2015,2045,371,,
INDSO,CCG,2015,2045,384,,
INDSO,CCG,2015,2045,384,,
INDSO,CCG,2021,2051,370,,
INDSO,COA,1965,2025,30,,
INDSO,COA,1971,2025,62.5,,
INDSO,COA,1979,2030,210,,
INDSO,COA,1979,2030,210,,
INDSO,COA,1980,2030,210,,
INDSO,COA,1980,2030,210,,
INDSO,COA,1982,2030,210,,
INDSO,COA,1983,2030,200,,
INDSO,COA,1984,2030,200,,
INDSO,COA,1984,2030,200,,
INDSO,COA,1985,2030,210,,
INDSO,COA,1986,2030,210,,
INDSO,COA,1986,2030,210,,
INDSO,COA,1986,2030,210,,
INDSO,COA,1987,2030,210,,
INDSO,COA,1987,2030,210,,
INDSO,COA,1987,2030,210,,
INDSO,COA,1988,2023,500,,
INDSO,COA,1989,2024,210,,
INDSO,COA,1989,2024,500,,
INDSO,COA,1989,2024,500,,
INDSO,COA,1989,2024,210,,
INDSO,COA,1990,2025,210,,
INDSO,COA,1990,2025,210,,
INDSO,COA,1990,2025,210,,
INDSO,COA,1991,2026,210,,
INDSO,COA,1991,2026,210,,
INDSO,COA,1991,2026,210,,
INDSO,COA,1991,2026,30,,
INDSO,COA,1991,2026,30,,
INDSO,COA,1991,2026,30,,
INDSO,COA,1992,2027,210,,
INDSO,COA,1992,2027,210,,
INDSO,COA,1993,2028,210,,
INDSO,COA,1994,2029,210,,
INDSO,COA,1994,2029,210,,
INDSO,COA,1994,2029,210,,
INDSO,COA,1994,2029,210,,
INDSO,COA,1995,2030,210,,
INDSO,COA,1995,2030,210,,
INDSO,COA,1995,2030,210,,
INDSO,COA,1996,2031,210,,
INDSO,COA,1996,2031,30,,
INDSO,COA,1997,2032,250,,
INDSO,COA,1997,2032,660,,
INDSO,COA,1997,2032,660,,
INDSO,COA,1997,2032,800,,
INDSO,COA,1998,2033,250,,
INDSO,COA,1999,2034,210,,
INDSO,COA,1999,2034,210,,
INDSO,COA,2000,2035,130,,
INDSO,COA,2000,2035,130,,
INDSO,COA,2002,2037,500,,
INDSO,COA,2002,2037,500,,
INDSO,COA,2002,2037,250,,
INDSO,COA,2002,2037,210,,
INDSO,COA,2002,2037,210,,
INDSO,COA,2003,2038,210,,
INDSO,COA,2005,2040,660,,
INDSO,COA,2005,2040,500,,
INDSO,COA,2005,2040,350,,
INDSO,COA,2005,2040,350,,
INDSO,COA,2006,2041,34,,
INDSO,COA,2006,2041,30,,
INDSO,COA,2006,2041,30,,
INDSO,COA,2006,2041,30,,
INDSO,COA,2006,2041,64,,
INDSO,COA,2007,2042,500,,
INDSO,COA,2007,2042,210,,
INDSO,COA,2007,2042,210,,
INDSO,COA,2008,2043,35,,
INDSO,COA,2008,2043,43,,
INDSO,COA,2009,2044,500,,
INDSO,COA,2009,2044,35,,
INDSO,COA,2009,2044,300,,
INDSO,COA,2009,2044,300,,
INDSO,COA,2010,2045,600,,
INDSO,COA,2010,2045,77,,
INDSO,COA,2010,2045,38.5,,
INDSO,COA,2010,2045,38.5,,
INDSO,COA,2010,2045,500,,
INDSO,COA,2010,2045,250,,
INDSO,COA,2010,2045,210,,
INDSO,COA,2011,2046,500,,
INDSO,COA,2011,2046,500,,
INDSO,COA,2011,2046,600,,
INDSO,COA,2011,2046,95,,
INDSO,COA,2011,2046,35,,
INDSO,COA,2011,2046,40,,
INDSO,COA,2011,2046,250,,
INDSO,COA,2012,2047,500,,
INDSO,COA,2012,2047,500,,
INDSO,COA,2012,2047,77,,
INDSO,COA,2012,2047,140,,
INDSO,COA,2012,2047,35,,
INDSO,COA,2012,2047,45,,
INDSO,COA,2012,2047,45,,
INDSO,COA,2012,2047,150,,
INDSO,COA,2012,2047,50,,
INDSO,COA,2012,2047,63,,
INDSO,COA,2012,2047,80,,
INDSO,COA,2012,2047,500,,
INDSO,COA,2012,2047,600,,
INDSO,COA,2013,2048,80,,
INDSO,COA,2013,2048,150,,
INDSO,COA,2013,2048,80,,
INDSO,COA,2013,2048,500,,
INDSO,COA,2013,2048,84,,
INDSO,COA,2013,2048,60,,
INDSO,COA,2013,2048,80,,
INDSO,COA,2013,2048,80,,
INDSO,COA,2013,2048,35,,
INDSO,COA,2013,2048,150,,
INDSO,COA,2013,2048,150,,
INDSO,COA,2013,2048,600,,
INDSO,COA,2013,2048,600,,
INDSO,COA,2013,2048,150,,
INDSO,COA,2014,2049,180,,
INDSO,COA,2014,2049,500,,
INDSO,COA,2014,2049,800,,
INDSO,COA,2014,2049,600,,
INDSO,COA,2015,2050,600,,
INDSO,COA,2015,2050,800,,
INDSO,COA,2015,2050,250,,
INDSO,COA,2015,2050,660,,
INDSO,COA,2015,2050,660,,
INDSO,COA,2015,2050,520,,
INDSO,COA,2015,2050,600,,
INDSO,COA,2015,2050,500,,
INDSO,COA,2015,2050,500,,
INDSO,COA,2016,2051,700,,
INDSO,COA,2016,2051,35,,
INDSO,COA,2016,2051,600,,
INDSO,COA,2016,2051,520,,
INDSO,COA,2016,2051,600,,
INDSO,COA,2016,2051,660,,
INDSO,COA,2016,2051,800,,
INDSO,COA,2016,2051,800,,
INDSO,COA,2016,2051,600,,
INDSO,COA,2016,2051,600,,
INDSO,COA,2017,2052,660,,
INDSO,COA,2017,2052,800,,
INDSO,COA,2017,2052,800,,
INDSO,COA,2017,2052,33,,
INDSO,COA,2018,2053,800,,
INDSO,COA,2018,2053,800,,
INDSO,COA,2018,2053,600,,
INDSO,COA,2019,2054,150,,
INDSO,COA,2019,2054,500,,
INDSO,COA,2020,2055,270,,
INDSO,COA,2020,2055,270,,
INDSO,COA,2021,2056,500,,
INDSO,COA,2021,2056,270,,
INDSO,COA,2021,2056,525,,
INDSO,COA,2022,2057,270,,
INDSO,COA,2023,2058,800,,
INDSO,COA,2023,2058,800,,
INDSO,COA,2023,2058,800,,
INDSO,COA,2023,2058,800,,
INDSO,COA,2023,2058,800,,
INDSO,COA,2023,2058,800,,
INDSO,COA,2023,2058,800,,
INDSO,COA,2024,2059,800,,
INDSO,COA,2024,2059,800,,
INDSO,COA,2024,2059,800,,
INDSO,COA,2024,2059,660,,
INDSO,COA,2025,2060,660,,
INDSO,COA,2025,2060,660,,
INDSO,COA,2025,2060,660,,
INDSO,COA,2025,2060,800,,
INDSO,COA,2026,2061,800,,
INDSO,HYD,1949,2049,139,,
INDSO,HYD,1955,2055,115,,
INDSO,HYD,1958,2058,161,,
INDSO,HYD,1960,2060,175,,
INDSO,HYD,1960,2060,300,,
INDSO,HYD,1964,2064,1035,,
INDSO,HYD,1965,2065,180,,
INDSO,HYD,1965,2065,200,,
INDSO,HYD,1966,2066,100,,
INDSO,HYD,1967,2067,240,,
INDSO,HYD,1972,2072,225,,
INDSO,HYD,1976,2076,780,,
INDSO,HYD,1976,2076,460,,
INDSO,HYD,1978,2078,960,,
INDSO,HYD,1978,2078,110,,
INDSO,HYD,1979,2079,900,,
INDSO,HYD,1980,2080,706,,
INDSO,HYD,1982,2082,770,,
INDSO,HYD,1985,2085,100,,
INDSO,HYD,1987,2087,75,,
INDSO,HYD,1987,2087,400,,
INDSO,HYD,1989,2089,460,,
INDSO,HYD,1997,2097,150,,
INDSO,HYD,1997,2097,180,,
INDSO,HYD,1998,2098,120,,
INDSO,HYD,2001,2101,240,,
INDSO,HYD,2001,2101,900,,
INDSO,HYD,2004,2104,290,,
INDSO,HYD,2005,2105,150,,
INDSO,HYD,2008,2108,234,,
INDSO,HYD,2015,2115,240,,
INDSO,HYD,2016,2116,120,,
INDSO,HYD,2023,2123,500,,
INDSO,OCG,1989,2030,60,,
INDSO,OCG,1989,2030,60,,
INDSO,OCG,1990,2030,60,,
INDSO,OCG,1996,2026,67.5,,
INDSO,OCG,1997,2027,63.96,,
INDSO,OCG,2006,2036,150,,
INDSO,OCG,2006,2036,113,,
INDSO,OCG,2006,2036,115,,
INDSO,OCG,2009,2039,67.5,,
INDSO,OCG,2014,2044,114,,
INDSO,OCG,2015,2045,120,,
INDSO,SPV,2014,2044,50,,
INDSO,SPV,2015,2045,50,,
INDSO,SPV,2015,2045,30,,
INDSO,SPV,2015,2045,20,,
INDSO,SPV,2015,2045,30,,
INDSO,SPV,2015,2045,30,,
INDSO,SPV,2015,2045,28,,
INDSO,SPV,2015,2045,23,,
INDSO,SPV,2015,2045,100,,
INDSO,SPV,2015,2045,40,,
INDSO,SPV,2015,2045,25,,
INDSO,SPV,2015,2045,60,,
INDSO,SPV,2015,2045,39,,
INDSO,SPV,2015,2045,20,,
INDSO,SPV,2015,2045,66,,
INDSO,SPV,2015,2045,41,,
INDSO,SPV,2015,2045,70,,
INDSO,SPV,2015,2045,22,,
INDSO,SPV,2015,2045,60,,
INDSO,SPV,2015,2045,77,,
INDSO,SPV,2015,2045,90,,
INDSO,SPV,2015,2045,60,,
INDSO,SPV,2015,2045,100,,
INDSO,SPV,2015,2045,33,,
INDSO,SPV,2015,2045,20,,
INDSO,SPV,2015,2045,22,,
INDSO,SPV,2015,2045,23,,
INDSO,SPV,2015,2045,45,,
INDSO,SPV,2015,2045,74,,
INDSO,SPV,2015,2045,40,,
INDSO,SPV,2015,2045,250,,
INDSO,SPV,2015,2045,38,,
INDSO,SPV,2015,2045,62,,
INDSO,SPV,2015,2045,25,,
INDSO,SPV,2015,2045,39,,
INDSO,SPV,2015,2045,20,,
INDSO,SPV,2015,2045,20,,
INDSO,SPV,2015,2045,20,,
INDSO,SPV,2015,2045,20,,
INDSO,SPV,2015,2045,20,,
INDSO,SPV,2015,2045,20,,
INDSO,SPV,2015,2045,50,,
INDSO,SPV,2015,2045,20,,
INDSO,SPV,2015,2045,20,,
INDSO,SPV,2015,2045,300,,
INDSO,SPV,2015,2045,75,,
INDSO,SPV,2015,2045,37,,
INDSO,SPV,2015,2045,27,,
INDSO,SPV,2015,2045,250,,
INDSO,SPV,2015,2045,34,,
INDSO,SPV,2015,2045,100,,
INDSO,SPV,2015,2045,250,,
INDSO,SPV,2015,2045,50,,
INDSO,SPV,2015,2045,100,,
INDSO,SPV,2015,2045,61,,
INDSO,SPV,2015,2045,37,,
INDSO,SPV,2015,2045,61,,
INDSO,SPV,2015,2045,28,,
INDSO,SPV,2015,2045,25,,
INDSO,SPV,2015,2045,18,,
INDSO,SPV,2015,2045,60,,
INDSO,SPV,2015,2045,40,,
INDSO,SPV,2015,2045,75,,
INDSO,SPV,2016,2046,40,,
INDSO,SPV,2016,2046,30,,
INDSO,SPV,2016,2046,20,,
INDSO,SPV,2016,2046,20,,
INDSO,SPV,2016,2046,72,,
INDSO,SPV,2016,2046,72,,
INDSO,SPV,2016,2046,72,,
INDSO,SPV,2016,2046,216,,
INDSO,SPV,2016,2046,216,,
INDSO,SPV,2016,2046,36,,
INDSO,SPV,2016,2046,30,,
INDSO,SPV,2016,2046,100,,
INDSO,SPV,2016,2046,50,,
INDSO,SPV,2016,2046,22,,
INDSO,SPV,2016,2046,22,,
INDSO,SPV,2016,2046,21,,
INDSO,SPV,2016,2046,100,,
INDSO,SPV,2016,2046,24,,
INDSO,SPV,2016,2046,40,,
INDSO,SPV,2016,2046,25,,
INDSO,SPV,2016,2046,40,,
INDSO,SPV,2016,2046,30,,
INDSO,SPV,2016,2046,36,,
INDSO,SPV,2016,2046,25,,
INDSO,SPV,2017,2047,30,,
INDSO,SPV,2017,2047,20,,
INDSO,SPV,2017,2047,20,,
INDSO,SPV,2017,2047,20,,
INDSO,SPV,2017,2047,20,,
INDSO,SPV,2017,2047,143,,
INDSO,SPV,2017,2047,20,,
INDSO,SPV,2017,2047,20,,
INDSO,SPV,2017,2047,48,,
INDSO,SPV,2017,2047,65,,
INDSO,SPV,2017,2047,30,,
INDSO,SPV,2017,2047,50,,
INDSO,SPV,2017,2047,20,,
INDSO,SPV,2017,2047,20,,
INDSO,SPV,2017,2047,20,,
INDSO,SPV,2017,2047,50,,
INDSO,SPV,2017,2047,20,,
INDSO,SPV,2017,2047,350,,
INDSO,SPV,2017,2047,68,,
INDSO,SPV,2017,2047,100,,
INDSO,SPV,2017,2047,182,,
INDSO,SPV,2017,2047,50,,
INDSO,SPV,2017,2047,50,,
INDSO,SPV,2017,2047,100,,
INDSO,SPV,2017,2047,60,,
INDSO,SPV,2017,2047,150,,
INDSO,SPV,2017,2047,50,,
INDSO,SPV,2017,2047,65,,
INDSO,SPV,2017,2047,130,,
INDSO,SPV,2017,2047,50,,
INDSO,SPV,2017,2047,30,,
INDSO,SPV,2017,2047,350,,
INDSO,SPV,2017,2047,50,,
INDSO,SPV,2017,2047,20,,
INDSO,SPV,2017,2047,100,,
INDSO,SPV,2017,2047,50,,
INDSO,SPV,2017,2047,816,,
INDSO,SPV,2017,2047,20,,
INDSO,SPV,2017,2047,20,,
INDSO,SPV,2017,2047,20,,
INDSO,SPV,2017,2047,50,,
INDSO,SPV,2017,2047,20,,
INDSO,SPV,2017,2047,20,,
INDSO,SPV,2017,2047,50,,
INDSO,SPV,2017,2047,50,,
INDSO,SPV,2017,2047,20,,
INDSO,SPV,2017,2047,50,,
INDSO,SPV,2017,2047,50,,
INDSO,SPV,2017,2047,25,,
INDSO,SPV,2017,2047,130,,
INDSO,SPV,2017,2047,42,,
INDSO,SPV,2017,2047,42,,
INDSO,SPV,2017,2047,54,,
INDSO,SPV,2017,2047,50,,
INDSO,SPV,2017,2047,50,,
INDSO,SPV,2017,2047,100,,
INDSO,SPV,2018,2048,40,,
INDSO,SPV,2018,2048,40,,
INDSO,SPV,2018,2048,40,,
INDSO,SPV,2018,2048,54,,
INDSO,SPV,2018,2048,50,,
INDSO,SPV,2018,2048,150,,
INDSO,SPV,2018,2048,50,,
INDSO,SPV,2018,2048,50,,
INDSO,SPV,2018,2048,71,,
INDSO,SPV,2018,2048,20,,
INDSO,SPV,2018,2048,20,,
INDSO,SPV,2018,2048,20,,
INDSO,SPV,2018,2048,20,,
INDSO,SPV,2018,2048,20,,
INDSO,SPV,2018,2048,100,,
INDSO,SPV,2018,2048,50,,
INDSO,SPV,2018,2048,20,,
INDSO,SPV,2018,2048,40,,
INDSO,SPV,2018,2048,20,,
INDSO,SPV,2018,2048,20,,
INDSO,SPV,2018,2048,20,,
INDSO,SPV,2018,2048,20,,
INDSO,SPV,2018,2048,350,,
INDSO,SPV,2018,2048,250,,
INDSO,SPV,2018,2048,90,,
INDSO,SPV,2018,2048,30,,
INDSO,SPV,2018,2048,30,,
INDSO,SPV,2018,2048,50,,
INDSO,SPV,2018,2048,59,,
INDSO,SPV,2018,2048,128,,
INDSO,SPV,2018,2048,100,,
INDSO,SPV,2018,2048,50,,
INDSO,SPV,2018,2048,50,,
INDSO,SPV,2018,2048,29,,
INDSO,SPV,2018,2048,50,,
INDSO,SPV,2018,2048,50,,
INDSO,SPV,2018,2048,65,,
INDSO,SPV,2018,2048,65,,
INDSO,SPV,2018,2048,100,,
INDSO,SPV,2018,2048,100,,
INDSO,SPV,2018,2048,100,,
INDSO,SPV,2018,2048,42,,
INDSO,SPV,2018,2048,56,,
INDSO,SPV,2018,2048,63,,
INDSO,SPV,2018,2048,21,,
INDSO,SPV,2018,2048,20,,
INDSO,SPV,2018,2048,20,,
INDSO,SPV,2018,2048,40,,
INDSO,SPV,2018,2048,100,,
INDSO,SPV,2018,2048,135,,
INDSO,SPV,2018,2048,54,,
INDSO,SPV,2018,2048,145,,
INDSO,SPV,2019,2049,150,,
INDSO,SPV,2019,2049,238,,
INDSO,SPV,2019,2049,300,,
INDSO,SPV,2019,2049,300,,
INDSO,SPV,2019,2049,75,,
INDSO,SPV,2019,2049,75,,
INDSO,SPV,2019,2049,20,,
INDSO,SPV,2019,2049,200,,
INDSO,SPV,2019,2049,100,,
INDSO,SPV,2019,2049,100,,
INDSO,SPV,2019,2049,100,,
INDSO,SPV,2019,2049,140,,
INDSO,SPV,2019,2049,20,,
INDSO,SPV,2019,2049,200,,
INDSO,SPV,2019,2049,78,,
INDSO,SPV,2019,2049,250,,
INDSO,SPV,2020,2050,50,,
INDSO,SPV,2020,2050,50,,
INDSO,SPV,2020,2050,100,,
INDSO,SPV,2020,2050,54,,
INDSO,SPV,2020,2050,100,,
INDSO,SPV,2020,2050,28,,
INDSO,SPV,2020,2050,30,,
INDSO,SPV,2020,2050,50,,
INDSO,SPV,2020,2050,250,,
INDSO,SPV,2021,2051,100,,
INDSO,SPV,2021,2051,76,,
INDSO,SPV,2021,2051,98,,
INDSO,SPV,2021,2051,25,,
INDSO,SPV,2021,2051,36,,
INDSO,SPV,2021,2051,30,,
INDSO,SPV,2021,2051,39,,
INDSO,SPV,2021,2051,20,,
INDSO,SPV,2021,2051,20,,
INDSO,SPV,2021,2051,20,,
INDSO,SPV,2021,2051,75,,
INDSO,SPV,2022,2052,102,,
INDSO,SPV,2022,2052,30,,
INDSO,SPV,2022,2052,76,,
INDSO,SPV,2022,2052,150,,
INDSO,SPV,2022,2052,225,,
INDSO,SPV,2024,2054,100,,
INDSO,URN,1984,2044,220,,
INDSO,URN,1986,2046,220,,
INDSO,URN,2000,2060,220,,
INDSO,URN,2000,2060,220,,
INDSO,URN,2007,2067,220,,
INDSO,URN,2011,2071,220,,
INDSO,URN,2014,2074,1000,,
INDSO,URN,2017,2077,1000,,
INDSO,URN,2022,2082,500,,
INDSO,URN,2023,2083,1000,,
INDSO,URN,2023,2083,1000,,
INDSO,URN,2026,2086,700,,
INDSO,URN,2026,2086,700,,
INDSO,URN,2026,2086,1000,,
INDSO,URN,2027,2087,1000,,
INDSO,WON,1995,2025,10,,
INDSO,WON,1996,2026,70,,
INDSO,WON,1996,2026,17,,
INDSO,WON,1996,2026,13,,
INDSO,WON,1996,2026,20,,
INDSO,WON,2004,2034,28,,
INDSO,WON,2005,2035,15,,
INDSO,WON,2006,2036,10,,
INDSO,WON,2006,2036,12,,
INDSO,WON,2006,2036,11.2,,
INDSO,WON,2008,2038,36,,
INDSO,WON,2008,2038,31,,
INDSO,WON,2008,2038,14,,
INDSO,WON,2008,2038,14,,
INDSO,WON,2009,2039,23,,
INDSO,WON,2009,2039,16,,
INDSO,WON,2009,2039,24,,
INDSO,WON,2009,2039,10,,
INDSO,WON,2009,2039,50,,
INDSO,WON,2009,2039,11,,
INDSO,WON,2010,2040,72,,
INDSO,WON,2010,2040,50,,
INDSO,WON,2010,2040,50,,
INDSO,WON,2010,2040,47,,
INDSO,WON,2011,2041,50,,
INDSO,WON,2011,2041,40,,
INDSO,WON,2011,2041,50,,
INDSO,WON,2011,2041,101,,
INDSO,WON,2012,2042,26,,
INDSO,WON,2012,2042,26,,
INDSO,WON,2012,2042,25,,
INDSO,WON,2012,2042,26,,
INDSO,WON,2012,2042,10,,
INDSO,WON,2012,2042,13,,
INDSO,WON,2012,2042,10,,
INDSO,WON,2012,2042,63,,
INDSO,WON,2012,2042,50,,
INDSO,WON,2012,2042,50,,
INDSO,WON,2012,2042,26,,
INDSO,WON,2013,2043,46,,
INDSO,WON,2013,2043,120,,
INDSO,WON,2013,2043,300,,
INDSO,WON,2013,2043,18,,
INDSO,WON,2013,2043,34,,
INDSO,WON,2013,2043,16,,
INDSO,WON,2013,2043,13,,
INDSO,WON,2013,2043,72,,
INDSO,WON,2013,2043,42,,
INDSO,WON,2013,2043,46,,
INDSO,WON,2013,2043,62,,
INDSO,WON,2013,2043,52,,
INDSO,WON,2013,2043,56,,
INDSO,WON,2013,2043,106,,
INDSO,WON,2013,2043,41,,
INDSO,WON,2013,2043,16,,
INDSO,WON,2013,2043,13,,
INDSO,WON,2013,2043,56,,
INDSO,WON,2013,2043,119,,
INDSO,WON,2013,2043,26,,
INDSO,WON,2013,2043,23,,
INDSO,WON,2013,2043,26,,
INDSO,WON,2013,2043,50,,
INDSO,WON,2013,2043,100,,
INDSO,WON,2013,2043,25,,
INDSO,WON,2013,2043,34,,
INDSO,WON,2013,2043,14,,
INDSO,WON,2013,2043,15,,
INDSO,WON,2013,2043,10,,
INDSO,WON,2013,2043,148,,
INDSO,WON,2013,2043,24,,
INDSO,WON,2013,2043,26,,
INDSO,WON,2013,2043,40,,
INDSO,WON,2013,2043,10,,
INDSO,WON,2013,2043,16,,
INDSO,WON,2013,2043,20,,
INDSO,WON,2013,2043,11,,
INDSO,WON,2013,2043,24,,
INDSO,WON,2013,2043,227,,
INDSO,WON,2013,2043,84,,
INDSO,WON,2013,2043,101,,
INDSO,WON,2013,2043,100,,
INDSO,WON,2013,2043,60,,
INDSO,WON,2013,2043,80,,
INDSO,WON,2013,2043,50,,
INDSO,WON,2013,2043,104,,
INDSO,WON,2013,2043,105,,
INDSO,WON,2013,2043,50,,
INDSO,WON,2013,2043,21,,
INDSO,WON,2013,2043,36,,
INDSO,WON,2013,2043,20,,
INDSO,WON,2013,2043,50,,
INDSO,WON,2013,2043,50,,
INDSO,WON,2013,2043,21,,
INDSO,WON,2013,2043,120,,
INDSO,WON,2013,2043,50,,
INDSO,WON,2013,2043,50,,
INDSO,WON,2013,2043,32,,
INDSO,WON,2013,2043,20,,
INDSO,WON,2013,2043,30,,
INDSO,WON,2013,2043,34,,
INDSO,WON,2013,2043,15,,
INDSO,WON,2013,2043,21,,
INDSO,WON,2013,2043,16,,
INDSO,WON,2013,2043,25,,
INDSO,WON,2013,2043,26,,
INDSO,WON,2013,2043,11,,
INDSO,WON,2013,2043,42,,
INDSO,WON,2013,2043,33,,
INDSO,WON,2013,2043,15,,
INDSO,WON,2013,2043,22,,
INDSO,WON,2013,2043,12,,
INDSO,WON,2013,2043,100,,
INDSO,WON,2013,2043,31,,
INDSO,WON,2013,2043,41,,
INDSO,WON,2013,2043,33,,
INDSO,WON,2013,2043,13,,
INDSO,WON,2013,2043,81,,
INDSO,WON,2013,2043,16,,
INDSO,WON,2013,2043,47,,
INDSO,WON,2013,2043,24,,
INDSO,WON,2013,2043,10,,
INDSO,WON,2013,2043,19,,
INDSO,WON,2013,2043,17,,
INDSO,WON,2013,2043,24,,
INDSO,WON,2013,2043,44,,
INDSO,WON,2013,2043,50,,
INDSO,WON,2013,2043,144,,
INDSO,WON,2013,2043,24,,
INDSO,WON,2013,2043,24,,
INDSO,WON,2013,2043,50,,
INDSO,WON,2013,2043,50,,
INDSO,WON,2013,2043,49,,
INDSO,WON,2013,2043,50,,
INDSO,WON,2013,2043,11,,
INDSO,WON,2013,2043,63,,
INDSO,WON,2013,2043,20,,
INDSO,WON,2013,2043,42,,
INDSO,WON,2013,2043,13,,
INDSO,WON,2013,2043,13,,
INDSO,WON,2013,2043,28,,
INDSO,WON,2013,2043,50,,
INDSO,WON,2013,2043,12,,
INDSO,WON,2013,2043,30,,
INDSO,WON,2013,2043,25,,
INDSO,WON,2013,2043,99,,
INDSO,WON,2013,2043,20,,
INDSO,WON,2013,2043,105,,
INDSO,WON,2013,2043,250,,
INDSO,WON,2013,2043,18,,
INDSO,WON,2013,2043,111,,
INDSO,WON,2013,2043,51,,
INDSO,WON,2013,2043,19,,
INDSO,WON,2013,2043,147,,
INDSO,WON,2013,2043,42,,
INDSO,WON,2013,2043,51,,
INDSO,WON,2013,2043,51,,
INDSO,WON,2013,2043,15,,
INDSO,WON,2014,2044,49,,
INDSO,WON,2014,2044,42,,
INDSO,WON,2014,2044,15,,
INDSO,WON,2014,2044,37,,
INDSO,WON,2014,2044,33,,
INDSO,WON,2014,2044,50,,
INDSO,WON,2014,2044,50,,
INDSO,WON,2014,2044,50,,
INDSO,WON,2014,2044,30,,
INDSO,WON,2015,2045,100,,
INDSO,WON,2015,2045,119,,
INDSO,WON,2015,2045,23,,
INDSO,WON,2015,2045,95,,
INDSO,WON,2015,2045,100,,
INDSO,WON,2015,2045,24,,
INDSO,WON,2015,2045,40,,
INDSO,WON,2015,2045,20,,
INDSO,WON,2015,2045,50,,
INDSO,WON,2016,2046,24,,
INDSO,WON,2016,2046,24,,
INDSO,WON,2016,2046,25,,
INDSO,WON,2016,2046,101,,
INDSO,WON,2016,2046,149,,
INDSO,WON,2016,2046,101,,
INDSO,WON,2016,2046,44,,
INDSO,WON,2016,2046,21,,
INDSO,WON,2016,2046,51,,
INDSO,WON,2016,2046,32,,
INDSO,WON,2016,2046,50,,
INDSO,WON,2016,2046,50,,
INDSO,WON,2016,2046,20,,
INDSO,WON,2016,2046,19,,
INDSO,WON,2016,2046,100,,
INDSO,WON,2016,2046,40,,
INDSO,WON,2016,2046,36,,
INDSO,WON,2016,2046,46,,
INDSO,WON,2017,2047,80,,
INDSO,WON,2017,2047,40,,
INDSO,WON,2017,2047,78,,
INDSO,WON,2017,2047,15,,
INDSO,WON,2017,2047,22,,
INDSO,WON,2017,2047,45,,
INDSO,WON,2017,2047,60,,
INDSO,WON,2017,2047,197,,
INDSO,WON,2017,2047,60,,
INDSO,WON,2017,2047,101,,
INDSO,WON,2017,2047,64,,
INDSO,WON,2017,2047,21,,
INDSO,WON,2017,2047,46,,
INDSO,WON,2018,2048,45,,
INDSO,WON,2018,2048,40,,
INDSO,WON,2018,2048,10,,
INDSO,WON,2018,2048,20,,
INDSO,WON,2018,2048,250,,
INDSO,WON,2018,2048,40,,
INDSO,WON,2018,2048,11,,
INDSO,WON,2018,2048,20,,
INDSO,WON,2018,2048,50,,
INDSO,WON,2018,2048,197,,
INDSO,WON,2018,2048,71,,
INDSO,WON,2018,2048,60,,
INDSO,WON,2018,2048,100,,
INDSO,WON,2018,2048,25,,
INDSO,WON,2018,2048,60,,
INDSO,WON,2018,2048,60,,
INDSO,WON,2018,2048,250,,
INDSO,WON,2019,2049,19,,
INDSO,WON,2021,2051,137,,
INDSO,WON,2021,2051,153,,
INDSO,WON,2021,2051,136,,
INDSO,WON,2023,2053,310,,
INDSO,WON,2023,2053,500,,
INDSO,WON,2023,2053,160,,
INDWE,BIO,2009,2054,30,,
INDWE,BIO,2012,2057,32,,
INDWE,BIO,2012,2057,49,,
INDWE,CCG,1992,2030,320,,
INDWE,CCG,1992,2030,145,,
INDWE,CCG,1993,2023,656,,
INDWE,CCG,1994,2024,672,,
INDWE,CCG,1994,2024,180,,
INDWE,CCG,1995,2025,657,,
INDWE,CCG,1997,2027,515,,
INDWE,CCG,1997,2027,50,,
INDWE,CCG,1997,2027,165,,
INDWE,CCG,1998,2028,655,,
INDWE,CCG,1998,2028,640,,
INDWE,CCG,2000,2030,50,,
INDWE,CCG,2002,2032,156,,
INDWE,CCG,2004,2034,106,,
INDWE,CCG,2006,2036,664,,
INDWE,CCG,2006,2036,500,,
INDWE,CCG,2006,2036,113,,
INDWE,CCG,2007,2037,664,,
INDWE,CCG,2007,2037,112,,
INDWE,CCG,2009,2039,374,,
INDWE,CCG,2009,2039,383,,
INDWE,CCG,2009,2039,383,,
INDWE,CCG,2009,2039,383,,
INDWE,CCG,2010,2040,380,,
INDWE,CCG,2012,2042,351,,
INDWE,CCG,2013,2043,351,,
INDWE,CCG,2013,2043,383,,
INDWE,CCG,2014,2044,376,,
INDWE,CCG,2014,2044,351,,
INDWE,CCG,2014,2044,400,,
INDWE,CCG,2014,2044,400,,
INDWE,CCG,2014,2044,400,,
INDWE,CCG,2016,2046,388,,
INDWE,CCG,2017,2047,195,,
INDWE,COA,1970,2025,140,,
INDWE,COA,1972,2025,140,,
INDWE,COA,1979,2030,200,,
INDWE,COA,1979,2030,210,,
INDWE,COA,1979,2030,200,,
INDWE,COA,1979,2030,200,,
INDWE,COA,1979,2030,110,,
INDWE,COA,1980,2030,210,,
INDWE,COA,1980,2030,210,,
INDWE,COA,1981,2030,210,,
INDWE,COA,1982,2030,210,,
INDWE,COA,1982,2030,210,,
INDWE,COA,1982,2030,30,,
INDWE,COA,1982,2030,210,,
INDWE,COA,1983,2030,210,,
INDWE,COA,1983,2030,30,,
INDWE,COA,1983,2030,210,,
INDWE,COA,1983,2030,210,,
INDWE,COA,1983,2030,200,,
INDWE,COA,1983,2030,200,,
INDWE,COA,1984,2030,210,,
INDWE,COA,1984,2030,500,,
INDWE,COA,1984,2030,210,,
INDWE,COA,1984,2030,210,,
INDWE,COA,1984,2030,200,,
INDWE,COA,1985,2030,210,,
INDWE,COA,1985,2030,110,,
INDWE,COA,1985,2030,210,,
INDWE,COA,1985,2030,210,,
INDWE,COA,1986,2030,210,,
INDWE,COA,1986,2030,210,,
INDWE,COA,1986,2030,210,,
INDWE,COA,1986,2030,210,,
INDWE,COA,1987,2030,210,,
INDWE,COA,1987,2030,500,,
INDWE,COA,1987,2030,210,,
INDWE,COA,1988,2023,110,,
INDWE,COA,1988,2023,500,,
INDWE,COA,1988,2023,210,,
INDWE,COA,1988,2023,67.5,,
INDWE,COA,1988,2023,67.5,,
INDWE,COA,1988,2023,67.5,,
INDWE,COA,1988,2023,67.5,,
INDWE,COA,1989,2024,500,,
INDWE,COA,1989,2024,210,,
INDWE,COA,1989,2024,210,,
INDWE,COA,1989,2024,210,,
INDWE,COA,1990,2025,200,,
INDWE,COA,1990,2025,210,,
INDWE,COA,1990,2025,210,,
INDWE,COA,1991,2026,200,,
INDWE,COA,1991,2026,500,,
INDWE,COA,1991,2026,210,,
INDWE,COA,1992,2027,500,,
INDWE,COA,1993,2028,210,,
INDWE,COA,1994,2029,210,,
INDWE,COA,1995,2030,250,,
INDWE,COA,1995,2030,250,,
INDWE,COA,1997,2032,50,,
INDWE,COA,1997,2032,660,,
INDWE,COA,1997,2032,660,,
INDWE,COA,1997,2032,500,,
INDWE,COA,1997,2032,800,,
INDWE,COA,1997,2032,800,,
INDWE,COA,1997,2032,600,,
INDWE,COA,1997,2032,800,,
INDWE,COA,1997,2032,800,,
INDWE,COA,1997,2032,75,,
INDWE,COA,1997,2032,30,,
INDWE,COA,1998,2033,210,,
INDWE,COA,1998,2033,210,,
INDWE,COA,1998,2033,30,,
INDWE,COA,1999,2034,500,,
INDWE,COA,1999,2034,210,,
INDWE,COA,1999,2034,210,,
INDWE,COA,1999,2034,125,,
INDWE,COA,1999,2034,40,,
INDWE,COA,1999,2034,40,,
INDWE,COA,2000,2035,500,,
INDWE,COA,2000,2035,210,,
INDWE,COA,2000,2035,125,,
INDWE,COA,2001,2036,210,,
INDWE,COA,2001,2036,55,,
INDWE,COA,2003,2038,162.5,,
INDWE,COA,2003,2038,55,,
INDWE,COA,2003,2038,30,,
INDWE,COA,2003,2038,125,,
INDWE,COA,2003,2038,34,,
INDWE,COA,2003,2038,33,,
INDWE,COA,2004,2039,37.5,,
INDWE,COA,2005,2040,600,,
INDWE,COA,2005,2040,600,,
INDWE,COA,2005,2040,600,,
INDWE,COA,2005,2040,600,,
INDWE,COA,2005,2040,600,,
INDWE,COA,2005,2040,135,,
INDWE,COA,2005,2040,135,,
INDWE,COA,2006,2041,65,,
INDWE,COA,2006,2041,30,,
INDWE,COA,2006,2041,125,,
INDWE,COA,2006,2041,500,,
INDWE,COA,2006,2041,135,,
INDWE,COA,2006,2041,135,,
INDWE,COA,2007,2042,250,,
INDWE,COA,2007,2042,250,,
INDWE,COA,2007,2042,125,,
INDWE,COA,2007,2042,30,,
INDWE,COA,2007,2042,250,,
INDWE,COA,2007,2042,500,,
INDWE,COA,2007,2042,250,,
INDWE,COA,2007,2042,30,,
INDWE,COA,2007,2042,30,,
INDWE,COA,2007,2042,43,,
INDWE,COA,2007,2042,35,,
INDWE,COA,2007,2042,500,,
INDWE,COA,2007,2042,500,,
INDWE,COA,2007,2042,55,,
INDWE,COA,2007,2042,130,,
INDWE,COA,2008,2043,250,,
INDWE,COA,2008,2043,500,,
INDWE,COA,2008,2043,250,,
INDWE,COA,2008,2043,250,,
INDWE,COA,2008,2043,250,,
INDWE,COA,2008,2043,43,,
INDWE,COA,2008,2043,30,,
INDWE,COA,2009,2044,250,,
INDWE,COA,2009,2044,210,,
INDWE,COA,2009,2044,250,,
INDWE,COA,2009,2044,250,,
INDWE,COA,2009,2044,300,,
INDWE,COA,2009,2044,330,,
INDWE,COA,2009,2044,40,,
INDWE,COA,2009,2044,75,,
INDWE,COA,2009,2044,30,,
INDWE,COA,2010,2045,250,,
INDWE,COA,2010,2045,250,,
INDWE,COA,2010,2045,500,,
INDWE,COA,2010,2045,30,,
INDWE,COA,2010,2045,300,,
INDWE,COA,2010,2045,330,,
INDWE,COA,2010,2045,330,,
INDWE,COA,2010,2045,330,,
INDWE,COA,2010,2045,660,,
INDWE,COA,2010,2045,30,,
INDWE,COA,2010,2045,300,,
INDWE,COA,2010,2045,300,,
INDWE,COA,2010,2045,135,,
INDWE,COA,2010,2045,135,,
INDWE,COA,2010,2045,125,,
INDWE,COA,2010,2045,125,,
INDWE,COA,2011,2046,660,,
INDWE,COA,2011,2046,660,,
INDWE,COA,2011,2046,43,,
INDWE,COA,2011,2046,660,,
INDWE,COA,2011,2046,660,,
INDWE,COA,2011,2046,300,,
INDWE,COA,2011,2046,300,,
INDWE,COA,2011,2046,135,,
INDWE,COA,2011,2046,135,,
INDWE,COA,2011,2046,135,,
INDWE,COA,2011,2046,45,,
INDWE,COA,2011,2046,63,,
INDWE,COA,2011,2046,30,,
INDWE,COA,2011,2046,30,,
INDWE,COA,2011,2046,61.5,,
INDWE,COA,2011,2046,61.5,,
INDWE,COA,2011,2046,61.5,,
INDWE,COA,2011,2046,61.5,,
INDWE,COA,2011,2046,500,,
INDWE,COA,2012,2047,500,,
INDWE,COA,2012,2047,660,,
INDWE,COA,2012,2047,80,,
INDWE,COA,2012,2047,660,,
INDWE,COA,2012,2047,660,,
INDWE,COA,2012,2047,135,,
INDWE,COA,2012,2047,135,,
INDWE,COA,2012,2047,135,,
INDWE,COA,2012,2047,135,,
INDWE,COA,2012,2047,135,,
INDWE,COA,2012,2047,35,,
INDWE,COA,2012,2047,151,,
INDWE,COA,2012,2047,600,,
INDWE,COA,2012,2047,800,,
INDWE,COA,2012,2047,800,,
INDWE,COA,2012,2047,800,,
INDWE,COA,2012,2047,250,,
INDWE,COA,2012,2047,45,,
INDWE,COA,2012,2047,600,,
INDWE,COA,2012,2047,40,,
INDWE,COA,2012,2047,60,,
INDWE,COA,2012,2047,60,,
INDWE,COA,2012,2047,500,,
INDWE,COA,2012,2047,30,,
INDWE,COA,2012,2047,660,,
INDWE,COA,2012,2047,500,,
INDWE,COA,2013,2048,250,,
INDWE,COA,2013,2048,250,,
INDWE,COA,2013,2048,500,,
INDWE,COA,2013,2048,500,,
INDWE,COA,2013,2048,500,,
INDWE,COA,2013,2048,600,,
INDWE,COA,2013,2048,800,,
INDWE,COA,2013,2048,800,,
INDWE,COA,2013,2048,250,,
INDWE,COA,2013,2048,500,,
INDWE,COA,2013,2048,660,,
INDWE,COA,2013,2048,660,,
INDWE,COA,2013,2048,600,,
INDWE,COA,2013,2048,50,,
INDWE,COA,2013,2048,60,,
INDWE,COA,2013,2048,60,,
INDWE,COA,2013,2048,150,,
INDWE,COA,2013,2048,150,,
INDWE,COA,2013,2048,150,,
INDWE,COA,2013,2048,150,,
INDWE,COA,2013,2048,150,,
INDWE,COA,2013,2048,150,,
INDWE,COA,2013,2048,45,,
INDWE,COA,2013,2048,660,,
INDWE,COA,2013,2048,270,,
INDWE,COA,2013,2048,270,,
INDWE,COA,2013,2048,600,,
INDWE,COA,2013,2048,300,,
INDWE,COA,2013,2048,300,,
INDWE,COA,2013,2048,30,,
INDWE,COA,2013,2048,30,,
INDWE,COA,2013,2048,500,,
INDWE,COA,2013,2048,300,,
INDWE,COA,2013,2048,300,,
INDWE,COA,2014,2049,30,,
INDWE,COA,2014,2049,600,,
INDWE,COA,2014,2049,600,,
INDWE,COA,2014,2049,60,,
INDWE,COA,2014,2049,60,,
INDWE,COA,2014,2049,660,,
INDWE,COA,2014,2049,660,,
INDWE,COA,2014,2049,600,,
INDWE,COA,2014,2049,45,,
INDWE,COA,2014,2049,660,,
INDWE,COA,2014,2049,660,,
INDWE,COA,2014,2049,660,,
INDWE,COA,2014,2049,660,,
INDWE,COA,2014,2049,270,,
INDWE,COA,2014,2049,600,,
INDWE,COA,2014,2049,600,,
INDWE,COA,2014,2049,600,,
INDWE,COA,2014,2049,500,,
INDWE,COA,2014,2049,30,,
INDWE,COA,2014,2049,30,,
INDWE,COA,2014,2049,30,,
INDWE,COA,2014,2049,660,,
INDWE,COA,2014,2049,600,,
INDWE,COA,2014,2049,600,,
INDWE,COA,2014,2049,270,,
INDWE,COA,2015,2050,660,,
INDWE,COA,2015,2050,500,,
INDWE,COA,2015,2050,600,,
INDWE,COA,2015,2050,600,,
INDWE,COA,2015,2050,660,,
INDWE,COA,2015,2050,270,,
INDWE,COA,2015,2050,270,,
INDWE,COA,2015,2050,270,,
INDWE,COA,2015,2050,600,,
INDWE,COA,2015,2050,660,,
INDWE,COA,2015,2050,300,,
INDWE,COA,2015,2050,685,,
INDWE,COA,2015,2050,360,,
INDWE,COA,2015,2050,150,,
INDWE,COA,2015,2050,150,,
INDWE,COA,2015,2050,135,,
INDWE,COA,2015,2050,600,,
INDWE,COA,2015,2050,500,,
INDWE,COA,2015,2050,300,,
INDWE,COA,2015,2050,250,,
INDWE,COA,2015,2050,250,,
INDWE,COA,2016,2051,250,,
INDWE,COA,2016,2051,660,,
INDWE,COA,2016,2051,660,,
INDWE,COA,2016,2051,500,,
INDWE,COA,2016,2051,660,,
INDWE,COA,2016,2051,50,,
INDWE,COA,2016,2051,500,,
INDWE,COA,2016,2051,685,,
INDWE,COA,2016,2051,360,,
INDWE,COA,2016,2051,135,,
INDWE,COA,2016,2051,600,,
INDWE,COA,2016,2051,300,,
INDWE,COA,2016,2051,250,,
INDWE,COA,2016,2051,600,,
INDWE,COA,2016,2051,300,,
INDWE,COA,2017,2052,660,,
INDWE,COA,2017,2052,270,,
INDWE,COA,2017,2052,270,,
INDWE,COA,2017,2052,270,,
INDWE,COA,2017,2052,270,,
INDWE,COA,2017,2052,360,,
INDWE,COA,2017,2052,300,,
INDWE,COA,2017,2052,250,,
INDWE,COA,2017,2052,300,,
INDWE,COA,2017,2052,150,,
INDWE,COA,2017,2052,660,,
INDWE,COA,2018,2053,600,,
INDWE,COA,2018,2053,600,,
INDWE,COA,2018,2053,660,,
INDWE,COA,2018,2053,300,,
INDWE,COA,2018,2053,800,,
INDWE,COA,2018,2053,800,,
INDWE,COA,2019,2054,800,,
INDWE,COA,2019,2054,45,,
INDWE,COA,2019,2054,660,,
INDWE,COA,2019,2054,360,,
INDWE,COA,2019,2054,660,,
INDWE,COA,2019,2054,660,,
INDWE,COA,2020,2055,800,,
INDWE,COA,2020,2055,660,,
INDWE,COA,2021,2056,800,,
INDWE,COA,2022,2057,65,,
INDWE,COA,2022,2057,65,,
INDWE,COA,2023,2058,660,,
INDWE,COA,2023,2058,60,,
INDWE,COA,2023,2058,60,,
INDWE,COA,2027,2062,660,,
INDWE,COA,2028,2063,800,,
INDWE,HYD,1927,2027,150,,
INDWE,HYD,1927,2027,150,,
INDWE,HYD,1960,2060,115,,
INDWE,HYD,1962,2062,600,,
INDWE,HYD,1974,2074,300,,
INDWE,HYD,1975,2075,320,,
INDWE,HYD,1986,2086,160,,
INDWE,HYD,1987,2087,80,,
INDWE,HYD,1988,2088,90,,
INDWE,HYD,1990,2090,240,,
INDWE,HYD,1991,2091,315,,
INDWE,HYD,1994,2094,120,,
INDWE,HYD,1997,2097,75,,
INDWE,HYD,1999,2099,1000,,
INDWE,HYD,2004,2104,1000,,
INDWE,HYD,2004,2104,250,,
INDWE,HYD,2005,2105,1200,,
INDWE,HYD,2007,2107,520,,
INDWE,HYD,2008,2108,250,,
INDWE,HYD,2025,2125,80,,
INDWE,OCG,2002,2032,63,,
INDWE,OCG,2016,2046,90,,
INDWE,OCG,2016,2046,90,,
INDWE,OCG,2016,2046,90,,
INDWE,OCG,2016,2046,90,,
INDWE,SPV,2011,2041,20,,
INDWE,SPV,2011,2041,40,,
INDWE,SPV,2012,2042,25,,
INDWE,SPV,2012,2042,25,,
INDWE,SPV,2012,2042,25,,
INDWE,SPV,2012,2042,25,,
INDWE,SPV,2012,2042,20,,
INDWE,SPV,2013,2043,125,,
INDWE,SPV,2013,2043,22,,
INDWE,SPV,2014,2044,25,,
INDWE,SPV,2014,2044,50,,
INDWE,SPV,2014,2044,162,,
INDWE,SPV,2014,2044,25,,
INDWE,SPV,2014,2044,130,,
INDWE,SPV,2015,2045,25,,
INDWE,SPV,2015,2045,25,,
INDWE,SPV,2015,2045,40,,
INDWE,SPV,2015,2045,20,,
INDWE,SPV,2015,2045,20,,
INDWE,SPV,2015,2045,50,,
INDWE,SPV,2015,2045,40,,
INDWE,SPV,2015,2045,25,,
INDWE,SPV,2015,2045,25,,
INDWE,SPV,2015,2045,51,,
INDWE,SPV,2015,2045,50,,
INDWE,SPV,2015,2045,20,,
INDWE,SPV,2015,2045,200,,
INDWE,SPV,2015,2045,50,,
INDWE,SPV,2015,2045,50,,
INDWE,SPV,2015,2045,53,,
INDWE,SPV,2015,2045,180,,
INDWE,SPV,2015,2045,138,,
INDWE,SPV,2015,2045,200,,
INDWE,SPV,2015,2045,56,,
INDWE,SPV,2015,2045,50,,
INDWE,SPV,2015,2045,52,,
INDWE,SPV,2015,2045,50,,
INDWE,SPV,2015,2045,20,,
INDWE,SPV,2015,2045,22,,
INDWE,SPV,2015,2045,450,,
INDWE,SPV,2015,2045,22,,
INDWE,SPV,2015,2045,50,,
INDWE,SPV,2015,2045,140,,
INDWE,SPV,2016,2046,24,,
INDWE,SPV,2016,2046,87,,
INDWE,SPV,2016,2046,24,,
INDWE,SPV,2017,2047,250,,
INDWE,SPV,2017,2047,100,,
INDWE,SPV,2017,2047,40,,
INDWE,SPV,2017,2047,51,,
INDWE,SPV,2017,2047,67,,
INDWE,SPV,2017,2047,25,,
INDWE,SPV,2017,2047,30,,
INDWE,SPV,2017,2047,42,,
INDWE,SPV,2017,2047,20,,
INDWE,SPV,2017,2047,20,,
INDWE,SPV,2017,2047,20,,
INDWE,SPV,2017,2047,40,,
INDWE,SPV,2017,2047,40,,
INDWE,SPV,2017,2047,30,,
INDWE,SPV,2018,2048,50,,
INDWE,SPV,2018,2048,250,,
INDWE,SPV,2018,2048,250,,
INDWE,SPV,2018,2048,250,,
INDWE,SPV,2018,2048,100,,
INDWE,SPV,2018,2048,20,,
INDWE,SPV,2018,2048,80,,
INDWE,SPV,2018,2048,108,,
INDWE,SPV,2018,2048,363,,
INDWE,SPV,2018,2048,32,,
INDWE,SPV,2018,2048,135,,
INDWE,SPV,2018,2048,30,,
INDWE,SPV,2018,2048,50,,
INDWE,SPV,2018,2048,50,,
INDWE,SPV,2018,2048,169,,
INDWE,SPV,2018,2048,50,,
INDWE,SPV,2019,2049,195,,
INDWE,SPV,2019,2049,40,,
INDWE,SPV,2019,2049,20,,
INDWE,SPV,2019,2049,75,,
INDWE,SPV,2019,2049,100,,
INDWE,SPV,2019,2049,27,,
INDWE,SPV,2019,2049,75,,
INDWE,SPV,2020,2050,100,,
INDWE,SPV,2020,2050,100,,
INDWE,SPV,2021,2051,75,,
INDWE,SPV,2021,2051,300,,
INDWE,SPV,2021,2051,150,,
INDWE,SPV,2021,2051,30,,
INDWE,SPV,2021,2051,100,,
INDWE,SPV,2021,2051,30,,
INDWE,SPV,2021,2051,105,,
INDWE,SPV,2021,2051,100,,
INDWE,SPV,2021,2051,70,,
INDWE,SPV,2021,2051,105,,
INDWE,SPV,2021,2051,105,,
INDWE,SPV,2022,2052,300,,
INDWE,SPV,2022,2052,66,,
INDWE,SPV,2022,2052,138,,
INDWE,SPV,2022,2052,70,,
INDWE,SPV,2022,2052,25,,
INDWE,SPV,2023,2053,102,,
INDWE,SPV,2024,2054,600,,
INDWE,URN,1969,2029,160,,
INDWE,URN,1969,2029,160,,
INDWE,URN,1993,2053,220,,
INDWE,URN,1995,2055,220,,
INDWE,URN,2005,2065,540,,
INDWE,URN,2006,2066,540,,
INDWE,URN,2021,2081,700,,
INDWE,URN,2024,2084,700,,
INDWE,WON,1990,2030,15,,
INDWE,WON,2001,2031,20,,
INDWE,WON,2001,2031,39,,
INDWE,WON,2005,2035,15,,
INDWE,WON,2005,2035,75,,
INDWE,WON,2007,2037,40,,
INDWE,WON,2007,2037,12,,
INDWE,WON,2007,2037,25,,
INDWE,WON,2008,2038,51,,
INDWE,WON,2008,2038,60,,
INDWE,WON,2009,2039,50,,
INDWE,WON,2009,2039,50,,
INDWE,WON,2009,2039,21,,
INDWE,WON,2009,2039,11,,
INDWE,WON,2009,2039,50,,
INDWE,WON,2010,2040,15,,
INDWE,WON,2010,2040,40,,
INDWE,WON,2011,2041,50,,
INDWE,WON,2011,2041,22,,
INDWE,WON,2011,2041,92,,
INDWE,WON,2011,2041,25,,
INDWE,WON,2011,2041,42,,
INDWE,WON,2011,2041,46,,
INDWE,WON,2012,2042,25,,
INDWE,WON,2012,2042,22,,
INDWE,WON,2012,2042,25,,
INDWE,WON,2012,2042,50,,
INDWE,WON,2012,2042,106,,
INDWE,WON,2012,2042,15,,
INDWE,WON,2012,2042,39,,
INDWE,WON,2012,2042,13,,
INDWE,WON,2012,2042,120,,
INDWE,WON,2012,2042,35,,
INDWE,WON,2012,2042,39,,
INDWE,WON,2012,2042,50,,
INDWE,WON,2012,2042,35,,
INDWE,WON,2012,2042,12,,
INDWE,WON,2012,2042,50,,
INDWE,WON,2013,2043,45,,
INDWE,WON,2013,2043,27,,
INDWE,WON,2013,2043,22,,
INDWE,WON,2013,2043,21,,
INDWE,WON,2013,2043,80,,
INDWE,WON,2013,2043,52,,
INDWE,WON,2013,2043,28,,
INDWE,WON,2013,2043,50,,
INDWE,WON,2013,2043,30,,
INDWE,WON,2013,2043,17,,
INDWE,WON,2013,2043,17,,
INDWE,WON,2013,2043,149,,
INDWE,WON,2013,2043,55,,
INDWE,WON,2013,2043,26,,
INDWE,WON,2013,2043,26,,
INDWE,WON,2013,2043,30,,
INDWE,WON,2013,2043,20,,
INDWE,WON,2013,2043,250,,
INDWE,WON,2013,2043,50,,
INDWE,WON,2013,2043,25,,
INDWE,WON,2013,2043,32,,
INDWE,WON,2013,2043,150,,
INDWE,WON,2013,2043,15,,
INDWE,WON,2013,2043,15,,
INDWE,WON,2013,2043,200,,
INDWE,WON,2013,2043,88,,
INDWE,WON,2013,2043,25,,
INDWE,WON,2013,2043,101,,
INDWE,WON,2013,2043,170,,
INDWE,WON,2013,2043,34,,
INDWE,WON,2013,2043,150,,
INDWE,WON,2013,2043,15,,
INDWE,WON,2013,2043,15,,
INDWE,WON,2013,2043,12,,
INDWE,WON,2013,2043,10,,
INDWE,WON,2013,2043,20,,
INDWE,WON,2013,2043,21,,
INDWE,WON,2013,2043,40,,
INDWE,WON,2013,2043,50,,
INDWE,WON,2013,2043,34,,
INDWE,WON,2013,2043,40,,
INDWE,WON,2013,2043,101,,
INDWE,WON,2013,2043,12,,
INDWE,WON,2013,2043,27,,
INDWE,WON,2013,2043,10,,
INDWE,WON,2013,2043,10,,
INDWE,WON,2013,2043,21,,
INDWE,WON,2013,2043,24,,
INDWE,WON,2013,2043,10,,
INDWE,WON,2013,2043,10,,
INDWE,WON,2013,2043,15,,
INDWE,WON,2013,2043,16,,
INDWE,WON,2013,2043,16,,
INDWE,WON,2013,2043,40,,
INDWE,WON,2013,2043,17,,
INDWE,WON,2013,2043,34,,
INDWE,WON,2013,2043,22,,
INDWE,WON,2013,2043,24,,
INDWE,WON,2013,2043,21,,
INDWE,WON,2013,2043,20,,
INDWE,WON,2013,2043,25,,
INDWE,WON,2013,2043,18,,
INDWE,WON,2013,2043,18,,
INDWE,WON,2013,2043,29,,
INDWE,WON,2013,2043,10,,
INDWE,WON,2013,2043,22,,
INDWE,WON,2013,2043,18,,
INDWE,WON,2013,2043,12,,
INDWE,WON,2013,2043,32,,
INDWE,WON,2013,2043,100,,
INDWE,WON,2013,2043,12,,
INDWE,WON,2013,2043,24,,
INDWE,WON,2013,2043,26,,
INDWE,WON,2013,2043,89,,
INDWE,WON,2013,2043,61,,
INDWE,WON,2013,2043,24,,
INDWE,WON,2013,2043,20,,
INDWE,WON,2013,2043,14,,
INDWE,WON,2013,2043,50,,
INDWE,WON,2013,2043,38,,
INDWE,WON,2013,2043,27,,
INDWE,WON,2013,2043,16,,
INDWE,WON,2013,2043,25,,
INDWE,WON,2013,2043,25,,
INDWE,WON,2013,2043,50,,
INDWE,WON,2013,2043,48,,
INDWE,WON,2013,2043,50,,
INDWE,WON,2013,2043,24,,
INDWE,WON,2013,2043,15,,
INDWE,WON,2013,2043,15,,
INDWE,WON,2013,2043,30,,
INDWE,WON,2013,2043,20,,
INDWE,WON,2013,2043,40,,
INDWE,WON,2013,2043,50,,
INDWE,WON,2013,2043,61,,
INDWE,WON,2013,2043,29,,
INDWE,WON,2013,2043,25,,
INDWE,WON,2013,2043,36,,
INDWE,WON,2013,2043,36,,
INDWE,WON,2013,2043,26,,
INDWE,WON,2013,2043,198,,
INDWE,WON,2013,2043,15,,
INDWE,WON,2013,2043,15,,
INDWE,WON,2013,2043,42,,
INDWE,WON,2013,2043,25,,
INDWE,WON,2013,2043,29,,
INDWE,WON,2013,2043,15,,
INDWE,WON,2013,2043,15,,
INDWE,WON,2013,2043,14,,
INDWE,WON,2013,2043,12,,
INDWE,WON,2013,2043,14,,
INDWE,WON,2013,2043,15,,
INDWE,WON,2013,2043,14,,
INDWE,WON,2013,2043,15,,
INDWE,WON,2013,2043,15,,
INDWE,WON,2013,2043,15,,
INDWE,WON,2013,2043,50,,
INDWE,WON,2013,2043,11,,
INDWE,WON,2013,2043,50,,
INDWE,WON,2013,2043,44,,
INDWE,WON,2013,2043,21,,
INDWE,WON,2013,2043,18,,
INDWE,WON,2013,2043,17,,
INDWE,WON,2013,2043,32,,
INDWE,WON,2013,2043,50,,
INDWE,WON,2013,2043,50,,
INDWE,WON,2013,2043,15,,
INDWE,WON,2013,2043,21,,
INDWE,WON,2013,2043,26,,
INDWE,WON,2013,2043,24,,
INDWE,WON,2013,2043,50,,
INDWE,WON,2013,2043,13.6,,
INDWE,WON,2013,2043,18,,
INDWE,WON,2013,2043,40,,
INDWE,WON,2013,2043,50,,
INDWE,WON,2013,2043,34,,
INDWE,WON,2013,2043,100,,
INDWE,WON,2013,2043,50,,
INDWE,WON,2013,2043,66,,
INDWE,WON,2014,2044,50,,
INDWE,WON,2014,2044,25,,
INDWE,WON,2014,2044,44,,
INDWE,WON,2014,2044,60,,
INDWE,WON,2014,2044,50,,
INDWE,WON,2014,2044,40,,
INDWE,WON,2014,2044,30,,
INDWE,WON,2014,2044,48,,
INDWE,WON,2014,2044,26,,
INDWE,WON,2014,2044,32,,
INDWE,WON,2014,2044,22,,
INDWE,WON,2015,2045,130,,
INDWE,WON,2015,2045,300,,
INDWE,WON,2015,2045,38,,
INDWE,WON,2015,2045,148,,
INDWE,WON,2015,2045,28,,
INDWE,WON,2015,2045,286,,
INDWE,WON,2015,2045,300,,
INDWE,WON,2015,2045,50,,
INDWE,WON,2015,2045,115,,
INDWE,WON,2015,2045,119,,
INDWE,WON,2015,2045,50,,
INDWE,WON,2015,2045,50,,
INDWE,WON,2015,2045,50,,
INDWE,WON,2015,2045,50,,
INDWE,WON,2015,2045,50,,
INDWE,WON,2015,2045,50,,
INDWE,WON,2015,2045,50,,
INDWE,WON,2015,2045,100,,
INDWE,WON,2015,2045,34,,
INDWE,WON,2015,2045,18,,
INDWE,WON,2015,2045,92,,
INDWE,WON,2015,2045,26,,
INDWE,WON,2015,2045,52,,
INDWE,WON,2015,2045,40,,
INDWE,WON,2015,2045,38,,
INDWE,WON,2015,2045,12,,
INDWE,WON,2015,2045,54,,
INDWE,WON,2015,2045,30,,
INDWE,WON,2015,2045,26,,
INDWE,WON,2015,2045,30,,
INDWE,WON,2015,2045,50,,
INDWE,WON,2015,2045,50,,
INDWE,WON,2015,2045,36,,
INDWE,WON,2016,2046,60,,
INDWE,WON,2016,2046,34,,
INDWE,WON,2016,2046,12,,
INDWE,WON,2016,2046,15,,
INDWE,WON,2016,2046,10,,
INDWE,WON,2016,2046,10,,
INDWE,WON,2016,2046,26,,
INDWE,WON,2016,2046,30,,
INDWE,WON,2016,2046,66,,
INDWE,WON,2016,2046,92,,
INDWE,WON,2016,2046,40,,
INDWE,WON,2016,2046,26,,
INDWE,WON,2016,2046,36,,
INDWE,WON,2016,2046,50,,
INDWE,WON,2016,2046,202,,
INDWE,WON,2016,2046,108,,
INDWE,WON,2016,2046,26,,
INDWE,WON,2017,2047,10,,
INDWE,WON,2017,2047,52,,
INDWE,WON,2017,2047,26,,
INDWE,WON,2017,2047,22,,
INDWE,WON,2017,2047,24,,
INDWE,WON,2017,2047,69,,
INDWE,WON,2017,2047,30,,
INDWE,WON,2017,2047,18,,
INDWE,WON,2017,2047,30,,
INDWE,WON,2017,2047,30,,
INDWE,WON,2017,2047,50,,
INDWE,WON,2017,2047,50,,
INDWE,WON,2017,2047,50,,
INDWE,WON,2017,2047,29,,
INDWE,WON,2017,2047,27,,
INDWE,WON,2017,2047,50,,
INDWE,WON,2017,2047,48,,
INDWE,WON,2017,2047,26,,
INDWE,WON,2017,2047,22,,
INDWE,WON,2017,2047,64,,
INDWE,WON,2017,2047,70,,
INDWE,WON,2017,2047,63,,
INDWE,WON,2018,2048,250,,
INDWE,WON,2018,2048,300,,
INDWE,WON,2018,2048,30,,
INDWE,WON,2018,2048,32,,
INDWE,WON,2019,2049,51,,
INDWE,WON,2019,2049,18,,
INDWE,WON,2019,2049,75,,
INDWE,WON,2019,2049,50,,
INDWE,WON,2019,2049,50,,
INDWE,WON,2019,2049,50,,
INDWE,WON,2019,2049,50,,
INDWE,WON,2019,2049,12,,
INDWE,WON,2019,2049,200,,
INDWE,WON,2019,2049,51,,
INDWE,WON,2019,2049,50,,
INDWE,WON,2019,2049,50,,
INDWE,WON,2019,2049,50,,
INDWE,WON,2019,2049,126,,
INDWE,WON,2019,2049,50,,
INDWE,WON,2019,2049,230,,
INDWE,WON,2020,2050,50,,
INDWE,WON,2020,2050,250,,
INDWE,WON,2020,2050,105,,
INDWE,WON,2020,2050,35,,
INDWE,WON,2020,2050,40,,
INDWE,WON,2020,2050,40,,
INDWE,WON,2021,2051,100,,
INDWE,WON,2021,2051,150,,
INDWE,WON,2021,2051,300,,
INDWE,WON,2021,2051,300,,
INDWE,WON,2021,2051,30,,
INDWE,WON,2022,2052,50,,
INDWE,WON,2022,2052,274,,
INDWE,WON,2022,2052,50,,
INDWE,WON,2023,2053,198,,
BGDXX,COA,2023,2053,660,,
BGDXX,COA,2023,2053,660,,
BGDXX,COA,2006,2036,125,,
BGDXX,COA,2018,2048,275,,
BGDXX,COA,2022,2052,350,,
BGDXX,COA,2030,2060,350,,
BGDXX,COA,2023,2053,600,,
BGDXX,COA,2024,2054,600,,
BGDXX,COA,2025,2055,660,,
BGDXX,COA,2025,2055,660,,
BGDXX,COA,2027,2057,660,,
BGDXX,COA,2027,2057,660,,
BGDXX,COA,2020,2050,660,,
BGDXX,COA,2020,2050,660,,
BGDXX,COA,2022,2052,660,,
BGDXX,COA,2024,2054,660,,
BGDXX,OIL,2015,2035,153.5,,
BGDXX,CCG,2017,2047,163,,
BGDXX,OIL,2019,2039,110.5,,
BGDXX,OIL,2016,2036,57.9,,
BGDXX,OIL,2020,2040,162,,
BGDXX,CCG,2002,2032,450,,
BGDXX,CCG,2015,2045,335,,
BGDXX,CCG,2024,2054,590,,
BGDXX,OIL,2013,2033,56,,
BGDXX,OIL,2018,2038,161,,
BGDXX,OIL,2023,2043,166.5,,
BGDXX,CCG,2007,2037,210,,
BGDXX,OIL,2021,2041,99.8,,
BGDXX,OIL,2014,2034,53.5,,
BGDXX,OIL,2016,2036,57.9,,
BGDXX,OIL,2014,2034,107.1,,
BGDXX,OIL,2011,2031,107.1,,
BGDXX,OIL,2018,2038,110.5,,
BGDXX,OIL,2019,2039,109.8,,
BGDXX,OIL,2018,2038,216,,
BGDXX,OIL,2016,2036,107.1,,
BGDXX,OIL,2012,2032,108,,
BGDXX,OIL,2008,2028,60,,
BGDXX,OCG,1993,2018,210,,
BGDXX,OCG,1997,2022,210,,
BGDXX,OIL,2019,2039,110.5,,
BGDXX,OIL,2012,2032,53.4,,
BGDXX,OCG,2012,2037,52.2,,
BGDXX,OCG,2016,2041,330,,
BGDXX,OCG,2021,2046,100,,
BGDXX,OCG,2010,2035,105,,
BGDXX,OCG,2011,2036,105,,
BGDXX,CCG,2015,2045,210,,
BGDXX,CCG,2019,2049,335,,
BGDXX,CCG,2019,2049,110.5,,
BGDXX,OCG,2010,2040,150,,
BGDXX,CCG,2017,2047,225,,
BGDXX,CCG,2014,2044,225,,
BGDXX,CCG,2018,2048,225,,
BGDXX,CCG,2018,2048,225,,
BGDXX,CCG,2019,2049,414,,
BGDXX,OIL,2025,2045,163,,
BGDXX,OIL,2016,2036,119.5,,
BGDXX,OIL,2018,2038,147.3,,
BGDXX,OIL,2018,2038,307.4,,
BGDXX,OCG,1998,2023,119,,
BGDXX,OIL,2011,2031,102,,
BGDXX,OIL,2016,2036,85.4,,
BGDXX,OIL,2016,2036,11.3,,
BGDXX,CCG,2020,2050,225,,
BGDXX,OCG,2005,2030,105,,
BGDXX,OIL,2019,2039,290,,
BGDXX,OIL,2019,2039,24.1,,
BGDXX,OIL,2019,2039,123.8,,
BGDXX,OIL,2015,2035,205.4,,
BGDXX,CCG,2024,2054,584,,
BGDXX,OIL,2021,2041,147.3,,
BGDXX,OIL,2021,2041,9.8,,
BGDXX,CCG,2028,2058,450,,
BGDXX,CCG,2041,2071,400,,
BGDXX,CCG,2041,2071,400,,
BGDXX,CCG,2030,2060,420,,
BGDXX,CCG,2035,2065,750,,
BGDXX,CCG,2027,2057,400,,
BGDXX,CCG,2027,2057,400,,
BGDXX,OIL,2026,2046,150,,
BGDXX,CCG,2026,2056,590,,
BGDXX,OIL,2018,2038,87.3,,
BGDXX,OIL,2018,2038,19.6,,
BGDXX,OIL,2018,2038,87.3,,
BGDXX,OIL,2018,2038,19.6,,
BGDXX,OIL,2020,2040,126.4,,
BGDXX,OIL,2015,2035,194.6,,
BGDXX,OIL,2015,2035,16,,
BGDXX,CCG,2022,2052,420,,
BGDXX,OCG,2011,2036,56,,
BGDXX,CCG,2015,2045,225,,
BGDXX,CCG,2017,2047,450,,
BGDXX,CCG,2016,2046,450,,
BGDXX,OCG,1986,2011,150,,
BGDXX,OCG,1987,2012,150,,
BGDXX,OCG,2001,2026,100,,
BGDXX,OIL,2018,2038,138.6,,
BGDXX,OIL,2018,2038,60,,
BGDXX,OIL,2018,2038,15.8,,
BGDXX,OIL,2018,2038,107.8,,
BGDXX,OIL,2011,2031,74.6,,
BGDXX,OIL,2021,2041,54.6,,
BGDXX,CCG,2017,2047,410,,
BGDXX,CCG,2015,2045,225,,
BGDXX,CCG,2021,2051,220,,
BGDXX,CCG,2015,2045,341,,
BGDXX,CCG,2019,2049,400,,
BGDXX,CCG,2021,2051,383,,
BGDXX,OIL,2012,2032,163,,
BGDXX,OIL,2017,2037,107.1,,
BGDXX,OIL,2019,2039,117.4,,
BGDXX,OIL,2017,2037,105.3,,
BGDXX,OIL,2019,2039,111.3,,
BGDXX,OIL,2019,2039,111.3,,
BGDXX,OIL,2019,2039,113,,
BGDXX,OIL,2035,2055,55.7,,
BGDXX,OIL,2035,2055,3.6,,
BGDXX,OIL,2018,2038,221,,
BGDXX,OIL,2016,2036,57.9,,
BGDXX,OIL,2011,2031,102,,
BGDXX,OIL,2019,2039,74.1,,
BGDXX,OIL,2019,2039,50.9,,
BGDXX,OIL,2011,2031,106.8,,
BGDXX,OCG,2008,2033,50,,
BGDXX,OIL,2015,2035,112,,
BGDXX,OIL,2022,2042,112,,
BGDXX,OCG,2011,2036,55.8,,
BGDXX,OCG,2009,2034,55.1,,
BGDXX,OCG,1995,2020,97,,
BGDXX,OCG,2011,2036,104,,
BGDXX,OIL,2020,2040,128.9,,
BGDXX,OIL,2020,2040,9.8,,
BGDXX,OCG,1999,2033,210,,
BGDXX,CCG,2018,2048,365,,
BGDXX,CCG,2021,2051,260,,
BGDXX,CCG,2022,2052,210,,
BGDXX,OIL,2014,2034,113.9,,
BGDXX,OIL,2011,2031,111.7,,
BGDXX,CCG,2001,2031,360,,
BGDXX,CCG,2013,2043,412,,
BGDXX,OCG,2011,2033,97.9,,
BGDXX,OIL,2035,2055,78.4,,
BGDXX,OIL,2014,2034,53.5,,
BGDXX,OIL,2012,2032,105.6,,
BGDXX,OIL,2020,2040,105.6,,
BGDXX,OIL,2018,2038,105.6,,
BGDXX,OIL,2018,2038,56.1,,
BGDXX,OIL,2021,2041,58.2,,
BGDXX,OIL,2019,2039,110.5,,
BGDXX,OIL,2012,2032,53.4,,
BGDXX,OIL,2012,2032,52.2,,
BGDXX,OIL,2015,2035,55.3,,
BGDXX,CCG,2016,2046,225,,
BGDXX,CCG,2023,2053,330,,
BGDXX,URN,2027,2087,1200,, 
BGDXX,URN,2028,2088,1200,,
BGDXX,BIO,2030,2055,70,,
BGDXX,BIO,2024,2049,42,,
BGDXX,HYD,1962,2062,230,,
BGDXX,WON,2023,2048,60,,
BGDXX,WON,2026,2051,55,,
BGDXX,WON,2030,2055,100,,
BGDXX,WON,2030,2055,220,,
BGDXX,SPV,2025,2050,3,,
BGDXX,SPV,2017,2042,1,,
BGDXX,SPV,2021,2046,2,,
BGDXX,SPV,2022,2047,5,,
BGDXX,SPV,2023,2048,3,,
BGDXX,SPV,2022,2047,2,,
BGDXX,SPV,2023,2048,200,,
BGDXX,SPV,2021,2046,2,,
BGDXX,SPV,2024,2049,68,,
BGDXX,SPV,2024,2049,2,,
BGDXX,SPV,2025,2050,1,,
BGDXX,SPV,2022,2047,1,,
BGDXX,SPV,2023,2048,2,,
BGDXX,SPV,2024,2049,2,,
BGDXX,SPV,2018,2043,5,,
BGDXX,SPV,2022,2047,6,,
BGDXX,SPV,2021,2046,35,,
BGDXX,SPV,2021,2046,134,,
BGDXX,SPV,2021,2046,100,,
BGDXX,SPV,2017,2042,2,,
BGDXX,SPV,2025,2050,65,,
BGDXX,SPV,2022,2047,30,,
BGDXX,SPV,2019,2044,1,,
BGDXX,SPV,2022,2047,3,,
BGDXX,SPV,2022,2047,1,,
BGDXX,SPV,2020,2045,5,,
BGDXX,SPV,2024,2049,68,,
BGDXX,SPV,2030,2055,75,,
BGDXX,SPV,2023,2048,275,,
BGDXX,SPV,2020,2045,50,,
BGDXX,SPV,2020,2045,5,,
BGDXX,SPV,2018,2043,20,,
BGDXX,SPV,2019,2044,10,, 
FJIXX,HYD,1983,2083,80,,
FJIXX,HYD,2012,2112,44,,
FJIXX,HYD,2004,2104,6.6,,
FJIXX,HYD,2003,2103,2.8,,
FJIXX,WON,2007,2032,9.8,,
FJIXX,OIL,2023,2048,86,,
FJIXX,OIL,2023,2048,29,,
FJIXX,OIL,2023,2048,10,,
FJIXX,OIL,2023,2023,6.8,,
FJIXX,BIO,2023,2048,9,,
FJIXX,BIO,2023,2048,5,,
FJIXX,BIO,2023,2048,20,,
CPVXX,WON,2012,2037,2,,
CPVXX,WON,2012,2037,7,,
CPVXX,WON,2025,2050,13,,
CPVXX,WON,2011,2036,9,,
CPVXX,WON,2011,2036,6,,
CPVXX,SPV,2023,2060,1,,
CPVXX,SPV,2024,2060,5,,
CPVXX,SPV,2010,2060,4,,
CPVXX,SPV,2025,2060,1,,
CPVXX,SPV,2024,2060,1,,
TZAXX,SPV,2018,2043,5,,
TZAXX,SPV,2024,2049,50,,
TZAXX,SPV,2024,2049,100,,
TZAXX,SPV,2025,2050,3,,
TZAXX,HYD,2024,2124,235,,
TZAXX,HYD,2025,2125,940,,
TZAXX,HYD,2026,2126,940,,
TZAXX,HYD,1975,2075,200,,
TZAXX,HYD,2000,2100,180,,
TZAXX,HYD,1988,2088,80,,
TZAXX,HYD,1994,2094,68,,
TZAXX,HYD,2023,2123,80,,
TZAXX,BIO,2023,2048,4,,
TZAXX,BIO,2023,2048,3,,
TZAXX,BIO,2023,2048,2.5,,
TZAXX,BIO,2023,2048,13,,
TZAXX,BIO,2023,2048,6,,
TZAXX,BIO,2023,2048,17.5,,
TZAXX,GEO,2027,2057,30,,
TZAXX,OIL,2023,2053,50,,
TZAXX,OIL,2023,2045,55,,
TZAXX,OCG,2015,2045,38,,
TZAXX,OCG,2015,2045,38,,
TZAXX,OCG,2015,2045,38,,
TZAXX,OCG,2015,2048,38,,
TZAXX,OCG,2018,2034,240,,
TZAXX,CCG,2004,2034,36,,
TZAXX,CCG,2004,2034,36,,
TZAXX,CCG,2004,2042,36,,
TZAXX,CCG,2012,2042,33,,
TZAXX,CCG,2012,2042,33,,
TZAXX,CCG,2012,2032,33,,
TZAXX,OIL,2002,2041,100,,
TZAXX,OCG,2011,2041,45,,
GHAXX,HYD,1965,2065,1020,,
GHAXX,HYD,2028,2128,50,,
GHAXX,HYD,2013,2113,404,,
GHAXX,HYD,1982,2082,160,,
GHAXX,HYD,2023,2123,60,,
GHAXX,HYD,2028,2128,56,,
GHAXX,WON,2030,2055,200,,
GHAXX,WON,2028,2053,150,,
GHAXX,WON,2030,2055,75,,
GHAXX,WON,2030,2055,200,,
GHAXX,WON,2030,2055,280,,
GHAXX,OIL,2018,2043,370,,
GHAXX,CCGT,2019,2044,203,,
GHAXX,CCGT,2021,2046,194,,
GHAXX,CCGT,2025,2050,200,,
GHAXX,OIL,2017,2042,450,,
GHAXX,CCGT,2019,2044,350,,
GHAXX,OCGT,2016,2041,110,,
GHAXX,OCGT,2016,2041,110,,
GHAXX,CCGT,2011,2036,200,,
GHAXX,CCGT,2017,2042,360,,
GHAXX,CCGT,1999,2024,330,,
GHAXX,CCGT,2013,2038,132,,
GHAXX,CCGT,2014,2039,320,,
GHAXX,OCGT,2012,2037,110,,
GHAXX,OCGT,2008,2033,110,,
GHAXX,OCGT,2010,2035,80,,
GHAXX,SPV,2023,2048,2,,
GHAXX,SPV,2023,2048,3,,
GHAXX,SPV,2020,2045,100,,
GHAXX,SPV,2022,2047,50,,
GHAXX,SPV,2023,2048,5,,
GHAXX,SPV,2023,2048,50,,
GHAXX,SPV,2016,2041,20,,
GHAXX,SPV,2023,2048,50,,
GHAXX,SPV,2030,2055,200,,
GHAXX,SPV,2021,2046,2,,
GHAXX,SPV,2030,2055,100,,
GHAXX,SPV,2030,2055,100,,
GHAXX,SPV,2018,2043,20,,
GHAXX,SPV,2021,2046,13,,
GHAXX,SPV,2024,2049,15,,
GHAXX,SPV,2023,2048,3,,
GHAXX,SPV,2022,2047,1,,
GHAXX,SPV,2020,2045,6,,
GHAXX,SPV,2021,2046,4,,
GHAXX,SPV,2026,2051,100,,
GHAXX,SPV,2030,2055,130,,
GHAXX,SPV,2024,2049,5,,
GHAXX,SPV,2023,2048,16,,
GHAXX,SPV,2027,2052,130,,
GHAXX,SPV,2024,2049,11,,
PAKXX,COA,2016,2061,30,,
PAKXX,COA,2016,2061,40,,
PAKXX,COA,2024,2069,50,,
PAKXX,COA,2017,2062,118,,
PAKXX,COA,2029,2074,150,,
PAKXX,COA,2029,2074,150,,
PAKXX,COA,2021,2066,30,,
PAKXX,COA,2019,2064,660,,
PAKXX,COA,2019,2064,660,,
PAKXX,COA,2025,2070,660,,
PAKXX,COA,2017,2062,40,,
PAKXX,COA,2017,2062,60,,
PAKXX,COA,2017,2062,60,,
PAKXX,COA,2017,2062,660,,
PAKXX,COA,2018,2063,660,,
PAKXX,COA,2022,2067,660,,
PAKXX,COA,2017,2062,660,,
PAKXX,COA,2017,2062,660,,
PAKXX,COA,2025,2070,31.5,,
PAKXX,COA,2023,2068,330,,
PAKXX,COA,2023,2068,660,,
PAKXX,COA,2023,2068,660,,
PAKXX,COA,2019,2064,330,,
PAKXX,COA,2019,2064,330,,
PAKXX,COA,2028,2073,660,,
PAKXX,COA,2028,2073,660,,
PAKXX,COA,2022,2067,330,,
PAKXX,COA,2027,2072,330,,
PAKXX,COA,2009,2054,214.5,,
PAKXX,COA,2009,2054,10,,
PAKXX,COA,2009,2054,148.5,,
PAKXX,COA,2009,2054,11.5,,
PAKXX,COA,2018,2063,1320,,
PAKXX,COA,2018,2063,1180,,
PAKXX,COA,1983,2028,210,,
PAKXX,COA,1984,2029,210,,
PAKXX,COA,1989,2034,210,,
PAKXX,COA,1990,2035,210,,
PAKXX,COA,1991,2036,210,,
PAKXX,COA,1997,2042,210,,
PAKXX,COA,2012,2057,572,,
PAKXX,COA,2022,2067,450,,
PAKXX,COA,2022,2067,450,,
PAKXX,COA,2010,2055,227,,
PAKXX,COA,1999,2044,170,,
PAKXX,COA,2011,2056,185,,
PAKXX,COA,1992,2037,272,,
PAKXX,COA,1992,2037,143,,
PAKXX,COA,2014,2059,747,,
PAKXX,COA,1987,2032,200,,
PAKXX,COA,1987,2032,400,,
PAKXX,COA,1997,2042,135.9,,
PAKXX,COA,1999,2044,140,,
PAKXX,COA,2011,2056,225,,
PAKXX,COA,2018,2063,1230,,
PAKXX,COA,1997,2042,323,,
PAKXX,COA,1997,2042,323,,
PAKXX,COA,1997,2042,323,,
PAKXX,COA,1997,2042,323,,
PAKXX,COA,1990,2035,250,,
PAKXX,COA,1989,2034,200,,
PAKXX,COA,1990,2035,200,,
PAKXX,COA,1991,2036,200,,
PAKXX,COA,1996,2041,533,,
PAKXX,COA,1996,2041,533,,
PAKXX,COA,1996,2041,534,,
PAKXX,COA,1994,2039,120,,
PAKXX,COA,1994,2039,8,,
PAKXX,COA,2015,2060,248,,
PAKXX,COA,2009,2054,86.4,,
PAKXX,COA,1994,2039,326,,
PAKXX,COA,2001,2046,235,,
PAKXX,COA,2011,2056,185.9,,
PAKXX,COA,2011,2056,14,,
PAKXX,COA,1993,2038,210,,
PAKXX,COA,1994,2039,210,,
PAKXX,COA,1995,2040,210,,
PAKXX,COA,1995,2040,200,,
PAKXX,COA,2014,2059,567,,
PAKXX,COA,2012,2057,202.4,,
PAKXX,COA,2012,2057,16.5,,
PAKXX,COA,2010,2055,185.9,,
PAKXX,COA,2010,2055,14,,
PAKXX,COA,2010,2055,185.9,,
PAKXX,COA,2010,2055,14,,
PAKXX,COA,2017,2062,50,,
PAKXX,COA,2017,2062,50,,
PAKXX,COA,2010,2055,225,,
PAKXX,COA,1995,2040,365,,
PAKXX,COA,2028,2073,204,,
PAKXX,COA,1999,2044,450,,
PAKXX,COA,1999,2044,134,,
PAKXX,COA,2010,2055,225,,
PAKXX,COA,2010,2055,225,,
PAKXX,COA,2009,2054,86.4,,
PAKXX,COA,1997,2042,126,,
PAKXX,COA,2023,2068,1263,,
PAKXX,COA,2000,2045,586,,
PAKXX,COA,2014,2059,404,,
PAKXX,SPV,2018,2043,11,,
PAKXX,SPV,2022,2047,21,,
PAKXX,SPV,2023,2048,5,,
PAKXX,SPV,2023,2048,1,,
PAKXX,SPV,2024,2049,3,,
PAKXX,SPV,2025,2050,1,,
PAKXX,SPV,2021,2046,2,,
PAKXX,SPV,2019,2044,13,,
PAKXX,SPV,2022,2047,100,,
PAKXX,SPV,2024,2049,2,,
PAKXX,SPV,2023,2048,2,,
PAKXX,SPV,2022,2047,3,,
PAKXX,SPV,2019,2044,50,,
PAKXX,SPV,2021,2046,7,,
PAKXX,SPV,2024,2049,2,,
PAKXX,SPV,2017,2042,18,,
PAKXX,SPV,2023,2048,6,,
PAKXX,SPV,2023,2048,18,,
PAKXX,SPV,2022,2047,12,,
PAKXX,SPV,2017,2042,1,,
PAKXX,SPV,2022,2047,11,,
PAKXX,SPV,2024,2049,1,,
PAKXX,SPV,2021,2046,5,,
PAKXX,SPV,2023,2048,1,,
PAKXX,SPV,2023,2048,4,,
PAKXX,SPV,2024,2049,1,,
PAKXX,SPV,2022,2047,1,,
PAKXX,SPV,2024,2049,1,,
PAKXX,SPV,2022,2047,3,,
PAKXX,SPV,2023,2048,1,,
PAKXX,SPV,2017,2042,2,,
PAKXX,SPV,2019,2044,12,,
PAKXX,SPV,2030,2055,600,,
PAKXX,SPV,2023,2048,5,,
PAKXX,SPV,2024,2049,14,,
PAKXX,SPV,2024,2049,1,,
PAKXX,SPV,2023,2048,1,,
PAKXX,SPV,2024,2049,2,,
PAKXX,SPV,2023,2048,3,,
PAKXX,SPV,2025,2050,1,,
PAKXX,SPV,2023,2048,1,,
PAKXX,SPV,2024,2049,2,,
PAKXX,SPV,2020,2045,3,,
PAKXX,SPV,2023,2048,1,,
PAKXX,SPV,2021,2046,3,,
PAKXX,SPV,2023,2048,1,,
PAKXX,SPV,2024,2049,1,,
PAKXX,SPV,2020,2045,2,,
PAKXX,SPV,2022,2047,1,,
PAKXX,SPV,2023,2048,1,,
PAKXX,SPV,2017,2042,1,,
PAKXX,SPV,2022,2047,2,,
PAKXX,SPV,2021,2046,3,,
PAKXX,SPV,2023,2048,1,,
PAKXX,SPV,2024,2049,1,,
PAKXX,SPV,2024,2049,1,,
PAKXX,SPV,2023,2048,5,,
PAKXX,SPV,2024,2049,1,,
PAKXX,SPV,2024,2049,6,,
PAKXX,SPV,2024,2049,4,,
PAKXX,SPV,2024,2049,1,,
PAKXX,SPV,2023,2048,7,,
PAKXX,SPV,2024,2049,3,,
PAKXX,SPV,2023,2048,2,,
PAKXX,SPV,2024,2049,1,,
PAKXX,SPV,2024,2049,2,,
PAKXX,SPV,2023,2048,2,,
PAKXX,SPV,2023,2048,1,,
PAKXX,SPV,2024,2049,1,,
PAKXX,SPV,2023,2048,2,,
PAKXX,SPV,2024,2049,1,,
PAKXX,SPV,2030,2055,1200,,
PAKXX,SPV,2022,2047,34,,
PAKXX,SPV,2023,2048,25,,
PAKXX,SPV,2023,2048,1,,
PAKXX,SPV,2022,2047,14,,
PAKXX,SPV,2023,2048,1,,
PAKXX,SPV,2023,2048,2,,
PAKXX,SPV,2021,2046,1,,
PAKXX,SPV,2017,2042,1,,
PAKXX,SPV,2023,2048,1,,
PAKXX,SPV,2023,2048,2,,
PAKXX,SPV,2021,2046,2,,
PAKXX,SPV,2021,2046,12,,
PAKXX,SPV,2025,2050,9,,
PAKXX,SPV,2023,2048,16,,
PAKXX,SPV,2030,2055,800,,
PAKXX,SPV,2018,2043,50,,
PAKXX,SPV,2021,2046,15,,
PAKXX,SPV,2023,2048,3,,
PAKXX,SPV,2023,2048,12,,
PAKXX,SPV,2022,2047,3,,
PAKXX,SPV,2022,2047,7,,
PAKXX,SPV,2024,2049,6,,
PAKXX,SPV,2023,2048,2,,
PAKXX,SPV,2022,2047,1,,
PAKXX,SPV,2022,2047,1,,
PAKXX,SPV,2022,2047,4,,
PAKXX,SPV,2023,2048,1,,
PAKXX,SPV,2023,2048,2,,
PAKXX,SPV,2023,2048,1,,
PAKXX,SPV,2020,2045,2,,
PAKXX,SPV,2023,2048,2,,
PAKXX,SPV,2020,2045,1,,
PAKXX,SPV,2017,2042,1,,
PAKXX,SPV,2021,2046,17,,
PAKXX,SPV,2024,2049,2,,
PAKXX,SPV,2023,2048,1,,
PAKXX,SPV,2024,2049,2,,
PAKXX,SPV,2025,2050,1,,
PAKXX,SPV,2023,2048,1,,
PAKXX,SPV,2025,2050,1,,
PAKXX,SPV,2023,2048,2,,
PAKXX,SPV,2024,2049,2,,
PAKXX,SPV,2020,2045,1,,
PAKXX,SPV,2024,2049,1,,
PAKXX,SPV,2023,2048,1,,
PAKXX,SPV,2020,2045,1,,
PAKXX,SPV,2022,2047,1,,
PAKXX,SPV,2019,2044,1,,
PAKXX,SPV,2022,2047,1,,
PAKXX,SPV,2020,2045,13,,
PAKXX,SPV,2022,2047,1,,
PAKXX,SPV,2024,2049,2,,
PAKXX,SPV,2024,2049,7,,
PAKXX,SPV,2025,2050,1,,
PAKXX,SPV,2024,2049,2,,
PAKXX,SPV,2025,2050,2,,
PAKXX,SPV,2022,2047,1,,
PAKXX,SPV,2015,2040,100,,
PAKXX,SPV,2016,2041,100,,
PAKXX,SPV,2016,2041,100,,
PAKXX,SPV,2016,2041,100,,
PAKXX,SPV,2022,2047,3,,
PAKXX,SPV,2023,2048,2,,
PAKXX,SPV,2023,2048,1,,
PAKXX,SPV,2021,2046,2,,
PAKXX,SPV,2025,2050,2,,
PAKXX,SPV,2023,2048,1,,
PAKXX,SPV,2024,2049,3,,
PAKXX,SPV,2020,2045,1,,
PAKXX,SPV,2024,2049,2,,
PAKXX,SPV,2018,2043,8,,
PAKXX,SPV,2020,2045,1,,
PAKXX,SPV,2024,2049,1,,
PAKXX,SPV,2022,2047,2,,
PAKXX,SPV,2025,2050,1,,
PAKXX,SPV,2020,2045,4,,
PAKXX,SPV,2024,2049,50,,
PAKXX,SPV,2024,2049,50,,
PAKXX,SPV,2024,2049,50,,
PAKXX,SPV,2022,2047,1,,
PAKXX,SPV,2024,2049,1,,
PAKXX,SPV,2019,2044,5,,
PAKXX,SPV,2017,2042,1,,
PAKXX,SPV,2028,2053,100,,
PAKXX,SPV,2030,2055,100,,
PAKXX,SPV,2020,2045,5,,
PAKXX,SPV,2024,2049,1,,
PAKXX,SPV,2023,2048,2,,
PAKXX,SPV,2022,2047,7,,
PAKXX,SPV,2026,2051,100,,
PAKXX,OCG,2009,,214.5,,
PAKXX,OCG,2009,,10,,
PAKXX,OCG,2009,,148.5,,
PAKXX,OCG,2009,,11.5,,
PAKXX,CCG,2018,,1320,,
PAKXX,CCG,2018,,1180,,
PAKXX,OIL,1983,,210,,
PAKXX,OIL,1984,,210,,
PAKXX,OIL,1989,,210,,
PAKXX,OIL,1990,,210,,
PAKXX,OIL,1991,,210,,
PAKXX,OIL,1997,,210,,
PAKXX,CCG,2012,,572,,
PAKXX,CCG,2022,,450,,
PAKXX,CCG,2022,,450,,
PAKXX,CCG,2010,,227,,
PAKXX,CCG,1999,,170,,
PAKXX,CCG,2011,,185,,
PAKXX,OCG,1992,,272,,
PAKXX,OCG,1992,,143,,
PAKXX,CCG,2014,,747,,
PAKXX,OCG,1987,,200,,
PAKXX,OCG,1987,,400,,
PAKXX,OCG,1997,,135.9,,
PAKXX,OCG,1999,,140,,
PAKXX,CCG,2011,,225,,
PAKXX,CCG,2018,,1230,,
PAKXX,OIL,1997,,323,,
PAKXX,OIL,1997,,323,,
PAKXX,OIL,1997,,323,,
PAKXX,OIL,1997,,323,,
PAKXX,OIL,1990,,250,,
PAKXX,OIL,1989,,200,,
PAKXX,OIL,1990,,200,,
PAKXX,OIL,1991,,200,,
PAKXX,CCG,1996,,533,,
PAKXX,CCG,1996,,533,,
PAKXX,CCG,1996,,534,,
PAKXX,OCG,1994,,120,,
PAKXX,OCG,1994,,8,,
PAKXX,CCG,2015,,248,,
PAKXX,OCG,2009,,86.4,,
PAKXX,OIL,1994,,326,,
PAKXX,CCG,2001,,235,,
PAKXX,CCG,2011,,185.9,,
PAKXX,CCG,2011,,14,,
PAKXX,OCG,1993,,210,,
PAKXX,OCG,1994,,210,,
PAKXX,OCG,1995,,210,,
PAKXX,OCG,1995,,200,,
PAKXX,CCG,2014,,567,,
PAKXX,OCG,2012,,202.4,,
PAKXX,OCG,2012,,16.5,,
PAKXX,OCG,2010,,185.9,,
PAKXX,OCG,2010,,14,,
PAKXX,OCG,2010,,185.9,,
PAKXX,OCG,2010,,14,,
PAKXX,CCG,2017,,50,,
PAKXX,CCG,2017,,50,,
PAKXX,CCG,2010,,225,,
PAKXX,OIL,1995,,365,,
PAKXX,CCG,2028,,204,,
PAKXX,CCG,1999,,450,,
PAKXX,OCG,1999,,134,,
PAKXX,CCG,2010,,225,,
PAKXX,CCG,2010,,225,,
PAKXX,OCG,2009,,86.4,,
PAKXX,OCG,1997,,126,,
PAKXX,CCG,2023,,1263,,
PAKXX,CCG,2000,,586,,
PAKXX,CCG,2014,,404,,
PAKXX,URN,2000,,325,,
PAKXX,URN,2011,,325,,
PAKXX,URN,2016,,340,,
PAKXX,URN,2017,,340,,
PAKXX,URN,2033,,1200,,
PAKXX,URN,2021,,1100,,
PAKXX,URN,2022,,1100,,
PAKXX,BIO,2017,,22,,
PAKXX,BIO,2017,,15,,
PAKXX,BIO,2015,,12,,
PAKXX,BIO,2018,,30,,
PAKXX,BIO,2017,,31,,
PAKXX,BIO,2017,,12,,
PAKXX,BIO,2018,,41,,
PAKXX,BIO,2018,,30,,
PAKXX,BIO,2019,,30,,
PAKXX,BIO,2018,,60,,
PAKXX,BIO,2017,,11,,
PAKXX,BIO,2014,,26.6,,
PAKXX,BIO,2017,,26.6,,
PAKXX,BIO,2028,,40,,
PAKXX,BIO,2018,,41,,
PAKXX,BIO,2018,,26.5,,
PAKXX,BIO,2018,,18,,
PAKXX,BIO,2027,,32,,
PAKXX,BIO,2018,,30,,
PAKXX,WON,2016,2041,30,,
PAKXX,WON,2022,2047,50,,
PAKXX,WON,2018,2043,49,,
PAKXX,WON,2022,2047,50,,
PAKXX,WON,2014,2039,50,,
PAKXX,WON,2018,2043,50,,
PAKXX,WON,2018,2043,50,,
PAKXX,WON,2022,2047,50,,
PAKXX,WON,2013,2038,50,,
PAKXX,WON,2015,2040,50,,
PAKXX,WON,2014,2039,50,,
PAKXX,WON,2016,2041,50,,
PAKXX,WON,2022,2047,50,,
PAKXX,WON,2018,2043,50,,
PAKXX,WON,2024,2049,50,,
PAKXX,WON,2017,2042,50,,
PAKXX,WON,2022,2047,50,,
PAKXX,WON,2018,2043,50,,
PAKXX,WON,2022,2047,50,,
PAKXX,WON,2022,2047,50,,
PAKXX,WON,2022,2047,50,,
PAKXX,WON,2021,2046,50,,
PAKXX,WON,2016,2041,53,,
PAKXX,WON,2024,2049,50,,
PAKXX,WON,2016,2041,50,,
PAKXX,WON,2022,2047,60,,
PAKXX,WON,2022,2047,50,,
PAKXX,WON,2030,2055,500,,
PAKXX,WON,2017,2042,50,,
PAKXX,WON,2015,2040,50,,
PAKXX,WON,2017,2042,150,,
PAKXX,WON,2016,2041,50,,
PAKXX,WON,2021,2046,50,,
PAKXX,WON,2017,2042,99,,
PAKXX,WON,2016,2041,50,,
PAKXX,WON,2019,2044,50,,
PAKXX,WON,2012,2037,50,,
PAKXX,HYD,2032,2132,600,,
PAKXX,HYD,2013,2113,121,,
PAKXX,HYD,2025,2125,99,,
PAKXX,HYD,2030,2130,300,,
PAKXX,HYD,2029,2129,215,,
PAKXX,HYD,2031,2131,350,,
PAKXX,HYD,2030,2130,54,,
PAKXX,HYD,2027,2127,701,,
PAKXX,HYD,2027,2127,300,,
PAKXX,HYD,2035,2135,7100,,
PAKXX,HYD,2032,2132,500,,
PAKXX,HYD,2001,2101,184,,
PAKXX,HYD,2026,2126,2160,,
PAKXX,HYD,2028,2128,4500,,
PAKXX,HYD,2013,2113,130,,
PAKXX,HYD,2030,2130,88,,
PAKXX,HYD,2030,2130,377,,
PAKXX,HYD,2003,2103,1450,,
PAKXX,HYD,2025,2125,100,,
PAKXX,HYD,2018,2118,108,,
PAKXX,HYD,2025,2125,84,,
PAKXX,HYD,2020,2120,102,,
PAKXX,HYD,2025,2125,48,,
PAKXX,HYD,2013,2113,96,,
PAKXX,HYD,2032,2132,548,,
PAKXX,HYD,2040,2140,3600,,
PAKXX,HYD,2030,2130,238,,
PAKXX,HYD,2022,2122,720,,
PAKXX,HYD,2028,2128,128,,
PAKXX,HYD,2012,2112,72,,
PAKXX,HYD,2028,2128,1118,,
PAKXX,HYD,2028,2128,69,,
PAKXX,HYD,2032,2132,665,,
PAKXX,HYD,2029,2129,496,,
PAKXX,HYD,2030,2130,207,,
PAKXX,HYD,2029,2129,640,,
PAKXX,HYD,2008,2108,81,,
PAKXX,HYD,2027,2127,250,,
PAKXX,HYD,1986,2086,1070,,
PAKXX,HYD,2027,2127,800,,
PAKXX,HYD,2018,2118,969,,
PAKXX,HYD,2013,2113,84,,
PAKXX,HYD,2035,2135,2400,,
PAKXX,HYD,2017,2117,150,,
PAKXX,HYD,2030,2130,80,,
PAKXX,HYD,2029,2129,132,,
PAKXX,HYD,2031,2131,137,,
PAKXX,HYD,2024,2124,884,,
PAKXX,HYD,2018,2118,1410,,
PAKXX,HYD,2026,2126,1530,,
PAKXX,HYD,1977,2077,3478,,
PAKXX,HYD,2035,2135,2220,,
PAKXX,HYD,2030,2130,82,,
PAKXX,HYD,1960,2060,243,,
PHLXX,COA,2030,2075,668,,
PHLXX,COA,2030,2075,668,,
PHLXX,COA,2017,2062,55,,
PHLXX,COA,2017,2062,55,,
PHLXX,COA,2017,2062,55,,
PHLXX,COA,2016,2061,84,,
PHLXX,COA,1984,2029,300,,
PHLXX,COA,1995,2040,300,,
PHLXX,COA,2015,2060,150,,
PHLXX,COA,2015,2060,150,,
PHLXX,COA,2010,2055,82,,
PHLXX,COA,2010,2055,82,,
PHLXX,COA,2011,2056,82,,
PHLXX,COA,2016,2061,135,,
PHLXX,COA,2028,2073,135,,
PHLXX,COA,2017,2062,150,,
PHLXX,COA,2018,2063,150,,
PHLXX,COA,2015,2060,150,,
PHLXX,COA,2016,2061,150,,
PHLXX,COA,2022,2067,668,,
PHLXX,COA,2022,2067,668,,
PHLXX,COA,2016,2061,105,,
PHLXX,COA,2019,2064,105,,
PHLXX,COA,2019,2064,138,,
PHLXX,COA,2019,2064,138,,
PHLXX,COA,2019,2064,138,,
PHLXX,COA,2020,2065,138,,
PHLXX,COA,2017,2062,134,,
PHLXX,COA,2017,2062,134,,
PHLXX,COA,2018,2063,134,,
PHLXX,COA,2019,2064,134,,
PHLXX,COA,2006,2051,52,,
PHLXX,COA,2013,2058,326,,
PHLXX,COA,2013,2058,326,,
PHLXX,COA,1998,2043,330,,
PHLXX,COA,1999,2044,344,,
PHLXX,COA,2020,2065,352,,
PHLXX,COA,2025,2070,350,,
PHLXX,COA,2026,2071,350,,
PHLXX,COA,2006,2051,116,,
PHLXX,COA,2006,2051,116,,
PHLXX,COA,2016,2061,135,,
PHLXX,COA,2016,2061,135,,
PHLXX,COA,2016,2061,135,,
PHLXX,COA,2027,2072,135,,
PHLXX,COA,2023,2050,135,,
PHLXX,COA,2010,2055,111,,
PHLXX,COA,2011,2056,111,,
PHLXX,COA,1996,2041,368,,
PHLXX,COA,1996,2041,368,,
PHLXX,COA,2018,2063,420,,
PHLXX,COA,2010,2055,82,,
PHLXX,COA,2011,2056,82,,
PHLXX,COA,2016,2061,150,,
PHLXX,COA,2013,2058,35,,
PHLXX,COA,2013,2058,35,,
PHLXX,COA,2013,2058,35,,
PHLXX,COA,2013,2058,35,,
PHLXX,COA,2015,2060,135,,
PHLXX,COA,2016,2061,135,,
PHLXX,COA,2000,2045,538,,
PHLXX,COA,2019,2064,528,,
PHLXX,COA,2029,2074,300,,
PHLXX,COA,2029,2074,300,,
PHLXX,COA,2024,2069,150,,
PHLXX,COA,2024,2069,150,,
PHLXX,COA,2024,2069,150,,
PHLXX,COA,2025,2070,150,,
PHLXX,COA,1999,2044,647,,
PHLXX,COA,1999,2044,647,,
PHLXX,COA,2019,2064,170,,
PHLXX,COA,2019,2064,170,,
PHLXX,COA,2028,2073,169,,
PHLXX,COA,2014,2059,82,,
PHLXX,COA,2028,2073,73,,
PHLXX,COA,1998,2043,30,,
PHLXX,COA,2028,2073,120,,
PHLXX,CCG,2028,2053,640,,
PHLXX,CCG,2028,2053,640,,
PHLXX,CCG,2028,2053,640,,
PHLXX,OIL,2008,2033,270,,
PHLXX,OIL,2008,2033,270,,
PHLXX,CCG,2029,2054,1100,,
PHLXX,CCG,2025,2050,438,,
PHLXX,CCG,2025,2050,438,,
PHLXX,CCG,2026,2051,438,,
PHLXX,OIL,1994,2019,235,,
PHLXX,OIL,2026,2051,95,,
PHLXX,OIL,1993,2018,55,,
PHLXX,OIL,2013,2038,113,,
PHLXX,CCG,2002,2027,626,,
PHLXX,CCG,2002,2027,626,,
PHLXX,OCG,2021,2046,151,,
PHLXX,CCG,2030,2055,1128,,
PHLXX,OIL,1975,2000,325,,
PHLXX,OIL,1975,2000,325,,
PHLXX,OCG,2015,2040,100,,
PHLXX,OIL,2013,2038,56,,
PHLXX,OIL,2013,2038,24,,
PHLXX,OIL,2013,2038,36,,
PHLXX,OIL,2013,2038,57,,
PHLXX,CCG,2026,2051,650,,
PHLXX,CCG,2028,2053,655,,
PHLXX,CCG,2028,2053,655,,
PHLXX,CCG,2016,2041,420,,
PHLXX,CCG,2002,2027,275,,
PHLXX,CCG,2002,2027,275,,
PHLXX,OIL,2026,2051,28,,
PHLXX,OIL,2026,2051,28,,
PHLXX,CCG,2025,2050,630,,
PHLXX,CCG,2025,2050,630,,
PHLXX,CCG,2000,2025,274,,
PHLXX,CCG,2000,2025,274,,
PHLXX,CCG,2001,2026,274,,
PHLXX,CCG,2001,2026,274,,
PHLXX,OIL,1994,2019,120,,
PHLXX,OIL,1994,2019,100,,
PHLXX,OIL,1994,2019,100,,
PHLXX,OIL,2013,2038,242,,
PHLXX,CCG,2029,2054,450,,
PHLXX,OIL,1997,2022,112,,
PHLXX,BIO,2016,2041,12,,
PHLXX,BIO,2015,2040,25,,
PHLXX,BIO,2015,2040,12,,
PHLXX,BIO,2016,2041,48,,
PHLXX,BIO,2017,2042,15,,
PHLXX,BIO,2014,2039,10,,
PHLXX,BIO,2015,2040,20,,
PHLXX,BIO,2015,2040,20,,
PHLXX,BIO,2016,2041,46,,
PHLXX,BIO,2017,2042,25,,
PHLXX,BIO,2018,2043,15,,
PHLXX,BIO,2017,2042,25,,
PHLXX,BIO,2017,2042,49,,
PHLXX,BIO,2014,2039,15,,
PHLXX,BIO,2015,2040,15,,
PHLXX,BIO,2015,2040,8,,
PHLXX,BIO,2015,2040,20,,
PHLXX,BIO,2017,2042,24,,
PHLXX,BIO,2014,2039,19,,
PHLXX,BIO,2015,2040,6,,
PHLXX,BIO,2018,2043,18,,
PHLXX,BIO,2016,2041,46,,
PHLXX,BIO,2016,2041,40,,
PHLXX,BIO,2029,2054,50,,
PHLXX,BIO,2028,2053,15,,
PHLXX,BIO,2030,2055,42,,
PHLXX,GEO,2026,2056,5,,
PHLXX,GEO,2027,2057,6,,
PHLXX,GEO,2027,2057,28,,
PHLXX,GEO,1993,2023,55,,
PHLXX,GEO,1993,2023,55,,
PHLXX,GEO,2021,2051,20,,
PHLXX,GEO,2021,2051,20,,
PHLXX,GEO,2025,2055,2,,
PHLXX,GEO,1997,2027,60,,
PHLXX,GEO,1997,2027,60,,
PHLXX,GEO,1997,2027,60,,
PHLXX,GEO,2014,2044,20,,
PHLXX,GEO,2018,2048,12,,
PHLXX,GEO,1979,2009,63,,
PHLXX,GEO,1979,2009,63,,
PHLXX,GEO,1980,2010,63,,
PHLXX,GEO,1980,2010,63,,
PHLXX,GEO,1981,2011,55,,
PHLXX,GEO,1982,2012,55,,
PHLXX,GEO,1996,2026,78,,
PHLXX,GEO,1997,2027,78,,
PHLXX,GEO,1997,2027,78,,
PHLXX,GEO,1997,2027,52,,
PHLXX,GEO,1999,2029,54,,
PHLXX,GEO,2022,2052,4,,
PHLXX,GEO,2014,2044,40,,
PHLXX,GEO,2024,2054,29,,
PHLXX,GEO,1983,2013,38,,
PHLXX,GEO,1983,2013,38,,
PHLXX,GEO,1983,2013,38,,
PHLXX,GEO,1994,2024,80,,
PHLXX,GEO,2025,2055,22,,
PHLXX,GEO,2023,2053,17,,
PHLXX,GEO,1979,2009,60,,
PHLXX,GEO,1979,2009,60,,
PHLXX,GEO,1980,2010,55,,
PHLXX,GEO,1980,2010,55,,
PHLXX,GEO,1981,2011,43,,
PHLXX,GEO,1980,2010,57,,
PHLXX,GEO,1983,2013,38,,
PHLXX,GEO,1983,2013,38,,
PHLXX,GEO,1983,2013,38,,
PHLXX,GEO,1996,2026,125,,
PHLXX,GEO,2029,2059,100,,
PHLXX,GEO,2031,2061,86,,
PHLXX,GEO,2029,2059,42,,
PHLXX,GEO,2030,2060,100,,
PHLXX,GEO,2029,2059,30,,
PHLXX,GEO,2030,2060,51,,
PHLXX,GEO,2027,2057,40,,
PHLXX,GEO,2029,2059,40,,
PHLXX,GEO,2031,2061,40,,
PHLXX,GEO,2031,2061,25,,
PHLXX,GEO,2027,2057,5,,
PHLXX,GEO,2027,2057,105,,
PHLXX,GEO,2030,2060,40,,
PHLXX,GEO,2030,2060,60,,
PHLXX,GEO,2030,2060,50,,
PHLXX,GEO,2029,2059,20,,
PHLXX,GEO,2030,2060,40,,
PHLXX,GEO,2030,2060,31,,
PHLXX,GEO,2031,2061,62,,
PHLXX,HYD,2027,2127,60,,
PHLXX,HYD,1992,2092,80,,
PHLXX,HYD,1979,2079,180,,
PHLXX,HYD,1985,2085,158,,
PHLXX,HYD,1985,2085,55,,
PHLXX,HYD,1953,2053,250,,
PHLXX,HYD,1983,2083,54,,
PHLXX,HYD,1956,2056,105,,
PHLXX,HYD,1967,2067,218,,
PHLXX,HYD,2000,2100,75,,
PHLXX,HYD,1960,2060,140,,
PHLXX,HYD,2001,2101,150,,
PHLXX,HYD,1983,2083,366,,
PHLXX,HYD,1983,2083,370,,
PHLXX,HYD,1983,2083,380,,
PHLXX,HYD,2018,2118,45,,
PHLXX,HYD,1977,2077,120,,
PHLXX,HYD,1985,2085,255,,
PHLXX,HYD,2003,2103,435,,
PHLXX,HYD,2029,2129,225,,
PHLXX,HYD,2030,2130,120,,
PHLXX,HYD,2032,2132,250,,
PHLXX,HYD,2033,2133,300,,
PHLXX,HYD,2032,2132,100,,
PHLXX,HYD,2030,2130,150,,
PHLXX,HYD,2031,2131,125,,
PHLXX,HYD,2034,2134,800,,
PHLXX,HYD,2027,2127,140,,
PHLXX,HYD,2032,2132,320,,
PHLXX,HYD,2032,2132,500,,
PHLXX,HYD,2031,2131,150,,
PHLXX,HYD,2032,2132,250,,
PHLXX,HYD,2029,2129,19,,
PHLXX,HYD,2028,2128,52,,
PHLXX,HYD,2037,2137,500,,
PHLXX,HYD,2033,2133,300,,
PHLXX,HYD,2027,2127,700,,
PHLXX,HYD,2027,2127,500,,
PHLXX,HYD,2031,2131,120,,
PHLXX,HYD,2033,2133,600,,
PHLXX,HYD,2031,2131,250,,
PHLXX,HYD,2029,2129,49,,
PHLXX,HYD,2030,2130,400,,
PHLXX,HYD,2030,2130,600,,
PHLXX,HYD,2032,2132,400,,
PHLXX,HYD,2032,2132,250,,
PHLXX,HYD,2031,2131,500,,
PHLXX,WON,2026,2051,62,,
PHLXX,WON,2027,2052,100,,
PHLXX,WON,2026,2051,13,,
PHLXX,WON,2026,2051,128,,
PHLXX,WON,2014,2039,19,,
PHLXX,WON,2005,2030,33,,
PHLXX,WON,2014,2039,87,,
PHLXX,WON,2014,2039,63,,
PHLXX,WON,2014,2039,70,,
PHLXX,WON,2019,2044,16,,
PHLXX,WON,2015,2040,36,,
PHLXX,WON,2024,2049,160,,
PHLXX,WON,2015,2040,54,,
PHLXX,WON,2015,2040,54,,
PHLXX,WON,2030,2055,200,,
PHLXX,WON,2029,2054,100,,
PHLXX,WON,2028,2053,99,,
PHLXX,WON,2030,2055,200,,
PHLXX,WON,2033,2058,100,,
PHLXX,WON,2026,2051,75,,
PHLXX,WON,2027,2052,100,,
PHLXX,WON,2028,2053,40,,
PHLXX,WOF,2032,2057,600,,
PHLXX,WON,2028,2053,100,,
PHLXX,WOF,2027,2052,600,,
PHLXX,WON,2033,2058,210,,
PHLXX,WON,2034,2059,62,,
PHLXX,WOF,2030,2055,500,,
PHLXX,WON,2030,2055,500,,
PHLXX,WON,2029,2054,155,,
PHLXX,WON,2026,2051,50,,
PHLXX,WON,2026,2051,50,,
PHLXX,WON,2026,2051,50,,
PHLXX,WON,2033,2058,150,,
PHLXX,WON,2030,2055,100,,
PHLXX,WOF,2033,2058,750,,
PHLXX,WOF,2029,2054,76,,
PHLXX,WON,2029,2054,132,,
PHLXX,WON,2033,2058,300,,
PHLXX,WOF,2033,2058,300,,
PHLXX,WON,2026,2051,100,,
PHLXX,WON,2028,2053,20,,
PHLXX,WON,2029,2054,240,,
PHLXX,WON,2033,2058,500,,
PHLXX,WON,2033,2058,100,,
PHLXX,WON,2033,2058,100,,
PHLXX,WON,2032,2057,51,,
PHLXX,WON,2035,2060,2000,,
PHLXX,WON,2028,2053,84,,
PHLXX,WON,2030,2055,300,,
PHLXX,WON,2030,2055,100,,
PHLXX,WON,2029,2054,86,,
PHLXX,WON,2030,2055,187,,
PHLXX,WON,2030,2055,237,,
PHLXX,WON,2031,2056,330,,
PHLXX,WON,2030,2055,112,,
PHLXX,WOF,2032,2057,1024,,
PHLXX,WON,2031,2056,500,,
PHLXX,WON,2033,2058,200,,
PHLXX,WOF,2028,2053,483,,
PHLXX,WON,2028,2053,483,,
PHLXX,WON,2033,2058,250,,
PHLXX,WON,2029,2054,50,,
PHLXX,WON,2033,2058,500,,
PHLXX,WON,2026,2051,45,,
PHLXX,WOF,2031,2056,500,,
PHLXX,WON,2033,2058,100,,
PHLXX,WOF,2030,2055,400,,
PHLXX,WOF,2030,2055,450,,
PHLXX,WON,2031,2056,200,,
PHLXX,WON,2030,2055,200,,
PHLXX,WOF,2031,2056,994,,
PHLXX,WON,2030,2055,500,,
PHLXX,WOF,2030,2055,250,,
PHLXX,WON,2030,2055,15,,
PHLXX,WON,2030,2055,100,,
PHLXX,WON,2031,2056,100,,
PHLXX,WOF,2027,2052,350,,
PHLXX,WON,2027,2052,150,,
PHLXX,WOF,2028,2053,150,,
PHLXX,WON,2033,2058,100,,
PHLXX,WON,2029,2054,500,,
PHLXX,WON,2030,2055,80,,
PHLXX,WON,2032,2057,200,,
PHLXX,WON,2030,2055,420,,
PHLXX,WOF,2030,2055,990,,
PHLXX,WON,2030,2055,30,,
PHLXX,WON,2026,2051,50,,
PHLXX,WON,2032,2057,340,,
PHLXX,WON,2032,2057,304,,
PHLXX,WON,2032,2057,100,,
PHLXX,WOF,2031,2056,574,,
PHLXX,WOF,2031,2056,364,,
PHLXX,WON,2033,2058,364,,
PHLXX,WOF,2029,2054,455,,
PHLXX,WOF,2029,2054,455,,
PHLXX,WON,2030,2055,190,,
PHLXX,WOF,2030,2055,582,,
PHLXX,WON,2030,2055,100,,
PHLXX,WOF,2029,2054,100,,
PHLXX,WOF,2029,2054,600,,
PHLXX,WON,2029,2054,600,,
PHLXX,WOF,2029,2054,630,,
PHLXX,WOF,2033,2058,460,,
PHLXX,WOF,2030,2055,600,,
PHLXX,WON,2031,2056,200,,
PHLXX,WON,2033,2058,100,,
PHLXX,WON,2030,2055,370,,
PHLXX,WON,2029,2054,100,,
PHLXX,WON,2033,2058,120,,
PHLXX,WON,2033,2058,144,,
PHLXX,WON,2031,2056,120,,
PHLXX,WOF,2030,2055,900,,
PHLXX,WON,2033,2058,90,,
PHLXX,WON,2030,2055,100,,
PHLXX,WOF,2033,2058,1000,,
PHLXX,WON,2032,2057,152,,
PHLXX,WOF,2030,2055,100,,
PHLXX,WON,2033,2058,512,,
PHLXX,WON,2032,2057,380,,
PHLXX,WON,2030,2055,100,,
PHLXX,WON,2028,2053,303,,
PHLXX,WON,2030,2055,150,,
PHLXX,WON,2029,2054,100,,
PHLXX,WON,2033,2058,36,,
PHLXX,WON,2027,2052,100,,
PHLXX,WON,2033,2058,100,,
PHLXX,WON,2027,2052,200,,
PHLXX,WOF,2030,2055,700,,
PHLXX,WON,2029,2054,100,,
PHLXX,WON,2033,2058,200,,
PHLXX,WON,2030,2055,50,,
PHLXX,WON,2028,2053,100,,
PHLXX,WON,2028,2053,112,,
PHLXX,WON,2030,2055,160,,
PHLXX,WOF,2033,2058,800,,
PHLXX,WOF,2033,2058,400,,
PHLXX,WOF,2034,2059,475,,
PHLXX,WOF,2027,2052,555,,
PHLXX,WON,2027,2052,80,,
PHLXX,WON,2033,2058,70,,
PHLXX,WON,2033,2058,50,,
PHLXX,WON,2033,2058,500,,
PHLXX,WOF,2028,2053,1248,,
PHLXX,WON,2027,2052,86,,
PHLXX,WON,2026,2051,200,,
PHLXX,WOF,2026,2051,1500,,
PHLXX,WON,2026,2051,153,,
PHLXX,WON,2026,2051,206,,
PHLXX,WON,2026,2051,206,,
PHLXX,WOF,2033,2058,100,,
PHLXX,WON,2029,2054,200,,
PHLXX,WON,2027,2052,100,,
PHLXX,WOF,2028,2053,1000,,
PHLXX,WON,2031,2056,500,,
PHLXX,WON,2028,2053,50,,
PHLXX,WON,2029,2054,100,,
PHLXX,WON,2026,2051,80,,
PHLXX,WON,2028,2053,300,,
PHLXX,WOF,2030,2055,816,,
PHLXX,WOF,2030,2055,1215,,
PHLXX,WOF,2032,2057,2320,,
PHLXX,WOF,2032,2057,3400,,
PHLXX,WON,2030,2055,100,,
PHLXX,WOF,2033,2058,3038,,
PHLXX,WON,2031,2056,380,,
PHLXX,WOF,2030,2055,100,,
PHLXX,WOF,2028,2053,2000,,
PHLXX,WOF,2030,2055,2000,,
PHLXX,WON,2029,2054,100,,
PHLXX,WON,2029,2054,100,,
PHLXX,WON,2033,2058,312,,
PHLXX,WOF,2031,2056,510,,
PHLXX,WOF,2033,2058,300,,
PHLXX,WON,2033,2058,200,,
PHLXX,WON,2034,2059,84,,
PHLXX,WON,2030,2055,120,,
PHLXX,WOF,2030,2055,440,,
PHLXX,WON,2030,2055,100,,
PHLXX,WON,2030,2055,150,,
PHLXX,WON,2030,2055,340,,
PHLXX,WON,2027,2052,150,,
PHLXX,WON,2030,2055,100,,
PHLXX,WON,2030,2055,62,,
PHLXX,WON,2027,2052,50,,
PHLXX,WON,2028,2053,80,,
PHLXX,WON,2033,2058,100,,
PHLXX,WON,2033,2058,156,,
PHLXX,WON,2030,2055,300,,
PHLXX,WON,2028,2053,300,,
PHLXX,WON,2030,2055,90,,
PHLXX,WON,2028,2053,132,,
PHLXX,WOF,2027,2052,440,,
PHLXX,WON,2026,2051,150,,
PHLXX,WON,2026,2051,50,,
PHLXX,WON,2030,2055,200,,
PHLXX,WON,2026,2051,100,,
PHLXX,WOF,2026,2051,240,,
PHLXX,WON,2026,2051,100,,
PHLXX,WON,2026,2051,50,,
PHLXX,WON,2033,2058,230,,
PHLXX,WON,2029,2054,400,,
PHLXX,WON,2033,2058,387,,
PHLXX,WOF,2030,2055,200,,
PHLXX,WOF,2027,2052,250,,
PHLXX,WON,2028,2053,90,,
PHLXX,WOF,2031,2056,650,,
PHLXX,WON,2028,2053,60,,
PHLXX,WOF,2030,2055,500,,
PHLXX,WON,2033,2058,206,,
PHLXX,WON,2030,2055,300,,
PHLXX,WON,2030,2055,100,,
PHLXX,WOF,2033,2058,593,,
PHLXX,WON,2030,2055,100,,
PHLXX,WON,2029,2054,30,,
PHLXX,WON,2026,2051,50,,
PHLXX,WON,2030,2055,94,,
PHLXX,WON,2030,2055,50,,
PHLXX,WON,2030,2055,300,,
PHLXX,WON,2028,2053,100,,
PHLXX,WON,2032,2057,100,,
PHLXX,WON,2032,2057,100,,
PHLXX,WON,2026,2051,400,,
PHLXX,WON,2029,2054,100,,
PHLXX,WON,2030,2055,100,,
PHLXX,WOF,2033,2058,600,,
PHLXX,WOF,2034,2059,600,,
PHLXX,WOF,2035,2060,600,,
PHLXX,WON,2032,2057,300,,
PHLXX,WON,2026,2051,218,,
PHLXX,WON,2032,2057,461,,
PHLXX,WON,2033,2058,461,,
PHLXX,WON,2027,2052,45,,
PHLXX,WON,2026,2051,187,,
PHLXX,WON,2028,2053,50,,
PHLXX,WON,2028,2053,30,,
PHLXX,WON,2027,2052,50,,
PHLXX,WON,2028,2053,25,,
PHLXX,WON,2029,2054,100,,
PHLXX,WOF,2033,2058,300,,
PHLXX,WOF,2033,2058,360,,
PHLXX,WON,2032,2057,510,,
PHLXX,WON,2032,2057,300,,
PHLXX,WON,2032,2057,200,,
PHLXX,WON,2030,2055,100,,
PHLXX,SPV,2027,2052,171,,
PHLXX,SPV,2026,2051,20,,
PHLXX,SPV,2028,2053,4,,
PHLXX,SPV,2026,2051,200,,
PHLXX,SPV,2026,2051,35,,
PHLXX,SPV,2028,2053,105,,
PHLXX,SPV,2027,2052,1000,,
PHLXX,SPV,2028,2053,27,,
PHLXX,SPV,2026,2051,240,,
PHLXX,SPV,2026,2051,240,,
PHLXX,SPV,2027,2052,96,,
PHLXX,SPV,2027,2052,138,,
PHLXX,SPV,2026,2051,105,,
PHLXX,SPV,2027,2052,26,,
PHLXX,SPV,2026,2051,85,,
PHLXX,SPV,2028,2053,443,,
PHLXX,SPV,2021,2046,30,,
PHLXX,SPV,2022,2047,38,,
PHLXX,SPV,2021,2046,60,,
PHLXX,SPV,2025,2050,46,,
PHLXX,SPV,2019,2044,25,,
PHLXX,SPV,2016,2041,25,,
PHLXX,SPV,2020,2045,2,,
PHLXX,SPV,2020,2045,1,,
PHLXX,SPV,2020,2045,1,,
PHLXX,SPV,2020,2045,2,,
PHLXX,SPV,2020,2045,15,,
PHLXX,SPV,2025,2050,61,,
PHLXX,SPV,2017,2042,5,,
PHLXX,SPV,2025,2050,64,,
PHLXX,SPV,2024,2049,44,,
PHLXX,SPV,2016,2041,50,,
PHLXX,SPV,2019,2044,20,,
PHLXX,SPV,2016,2041,49,,
PHLXX,SPV,2024,2049,20,,
PHLXX,SPV,2020,2045,7,,
PHLXX,SPV,2020,2045,6,,
PHLXX,SPV,2020,2045,1,,
PHLXX,SPV,2028,2053,50,,
PHLXX,SPV,2027,2052,121,,
PHLXX,SPV,2027,2052,45,,
PHLXX,SPV,2026,2051,105,,
PHLXX,SPV,2026,2051,105,,
PHLXX,SPV,2026,2051,25,,
PHLXX,SPV,2026,2051,33,,
PHLXX,SPV,2026,2051,75,,
PHLXX,SPV,2027,2052,57,,
PHLXX,SPV,2026,2051,50,,
PHLXX,SPV,2027,2052,43,,
PHLXX,SPV,2026,2051,105,,
PHLXX,SPV,2026,2051,105,,
PHLXX,SPV,2026,2051,105,,
PHLXX,SPV,2026,2051,105,,
PHLXX,SPV,2026,2051,105,,
PHLXX,SPV,2026,2051,48,,
PHLXX,SPV,2026,2051,82,,
PHLXX,SPV,2028,2053,1680,,
PHLXX,SPV,2028,2053,1203,,
PHLXX,SPV,2028,2053,120,,
PHLXX,SPV,2027,2052,35,,
PHLXX,SPV,2027,2052,12,,
PHLXX,SPV,2027,2052,30,,
PHLXX,SPV,2027,2052,200,,
PHLXX,SPV,2028,2053,150,,
PHLXX,SPV,2028,2053,244,,
PHLXX,SPV,2028,2053,179,,
PHLXX,SPV,2028,2053,60,,
PHLXX,SPV,2027,2052,75,,
PHLXX,SPV,2026,2051,209,,
PHLXX,SPV,2028,2053,35,,
PHLXX,SPV,2027,2052,21,,
PHLXX,SPV,2027,2052,20,,
PHLXX,SPV,2027,2052,960,,
PHLXX,SPV,2028,2053,960,,
PHLXX,SPV,2028,2053,80,,
PHLXX,SPV,2027,2052,140,,
PHLXX,SPV,2027,2052,104,,
PHLXX,SPV,2026,2051,337,,
PHLXX,SPV,2026,2051,375,,
PHLXX,SPV,2029,2054,300,,
PHLXX,SPV,2029,2054,660,,
PHLXX,SPV,2027,2052,50,,
PHLXX,SPV,2028,2053,333,,
PHLXX,SPV,2028,2053,150,,
PHLXX,SPV,2028,2053,125,,
PHLXX,SPV,2029,2054,600,,
PHLXX,SPV,2028,2053,103,,
PHLXX,SPV,2028,2053,95,,
PHLXX,SPV,2026,2051,70,,
PHLXX,SPV,2026,2051,80,,
PHLXX,SPV,2028,2053,178,,
PHLXX,SPV,2026,2051,54,,
PHLXX,SPV,2026,2051,120,,
PHLXX,SPV,2027,2052,34,,
PHLXX,SPV,2028,2053,317,,
PHLXX,SPV,2029,2054,303,,
PHLXX,SPV,2028,2053,268,,
PHLXX,SPV,2027,2052,17,,
PHLXX,SPV,2027,2052,41,,
PHLXX,SPV,2026,2051,162,,
PHLXX,SPV,2026,2051,88,,
PHLXX,SPV,2026,2051,318,,
PHLXX,SPV,2026,2051,98,,
PHLXX,SPV,2026,2051,37,,
PHLXX,SPV,2026,2051,49,,
PHLXX,SPV,2026,2051,125,,
PHLXX,SPV,2028,2053,300,,
PHLXX,SPV,2028,2053,101,,
PHLXX,SPV,2028,2053,224,,
PHLXX,SPV,2028,2053,56,,
PHLXX,SPV,2027,2052,147,,
PHLXX,SPV,2029,2054,205,,
PHLXX,SPV,2026,2051,49,,
PHLXX,SPV,2026,2051,79,,
PHLXX,SPV,2026,2051,200,,
PHLXX,SPV,2027,2052,108,,
PHLXX,SPV,2026,2051,20,,
PHLXX,SPV,2026,2051,1,,
PHLXX,SPV,2026,2051,90,,
PHLXX,SPV,2026,2051,24,,
PHLXX,SPV,2028,2053,17,,
PHLXX,SPV,2026,2051,40,,
PHLXX,SPV,2026,2051,778,,
PHLXX,SPV,2027,2052,2222,,
PHLXX,SPV,2027,2052,65,,
PHLXX,SPV,2026,2051,50,,
PHLXX,SPV,2027,2052,8,,
PHLXX,SPV,2026,2051,6,,
PHLXX,SPV,2023,2048,4,,
PHLXX,SPV,2023,2048,6,,
PHLXX,SPV,2022,2047,120,,
PHLXX,SPV,2022,2047,72,,
PHLXX,SPV,2023,2048,43,,
PHLXX,SPV,2024,2049,35,,
PHLXX,SPV,2016,2041,7,,
PHLXX,SPV,2020,2045,1,,
PHLXX,SPV,2016,2041,14,,
PHLXX,SPV,2016,2041,3,,
PHLXX,SPV,2025,2050,30,,
PHLXX,SPV,2016,2041,11,,
PHLXX,SPV,2016,2041,3,,
PHLXX,SPV,2016,2041,2,,
PHLXX,SPV,2020,2045,2,,
PHLXX,SPV,2016,2041,9,,
PHLXX,SPV,2016,2041,132,,
PHLXX,SPV,2024,2049,133,,
PHLXX,SPV,2024,2049,74,,
PHLXX,SPV,2016,2041,63,,
PHLXX,SPV,2024,2049,173,,
PHLXX,SPV,2020,2045,2,,
PHLXX,SPV,2015,2040,41,,
PHLXX,SPV,2024,2049,94,,
PHLXX,SPV,2016,2041,5,,
PHLXX,SPV,2016,2041,22,,
PHLXX,SPV,2019,2044,23,,
PHLXX,SPV,2020,2045,76,,
PHLXX,SPV,2019,2044,21,,
PHLXX,SPV,2020,2045,71,,
PHLXX,SPV,2025,2050,52,,
PHLXX,SPV,2023,2048,68,,
PHLXX,SPV,2016,2041,20,,
PHLXX,SPV,2025,2050,27,,
PHLXX,SPV,2016,2041,5,,
PHLXX,SPV,2022,2047,14,,
PHLXX,SPV,2016,2041,29,,
PHLXX,SPV,2020,2045,4,,
PHLXX,SPV,2020,2045,14,,
PHLXX,SPV,2020,2045,2,,
PHLXX,SPV,2025,2050,41,,
PHLXX,SPV,2021,2046,63,,
PHLXX,SPV,2016,2041,13,,
PHLXX,SPV,2016,2041,48,,
PHLXX,SPV,2016,2041,8,,
PHLXX,SPV,2016,2041,10,,
PHLXX,SPV,2016,2041,32,,
PHLXX,SPV,2024,2049,57,,
PHLXX,SPV,2024,2049,71,,
PHLXX,SPV,2016,2041,2,,
PHLXX,SPV,2025,2050,40,,
PHLXX,SPV,2025,2050,90,,
PHLXX,SPV,2025,2050,50,,
PHLXX,SPV,2020,2045,2,,
PHLXX,SPV,2024,2049,64,,
PHLXX,SPV,2017,2042,16,,
PHLXX,SPV,2020,2045,2,,
PHLXX,SPV,2020,2045,1,,
PHLXX,SPV,2017,2042,16,,
PHLXX,SPV,2017,2042,3,,
PHLXX,SPV,2020,2045,4,,
PHLXX,SPV,2017,2042,14,,
PHLXX,SPV,2020,2045,4,,
PHLXX,SPV,2020,2045,6,,
PHLXX,SPV,2024,2049,20,,
PHLXX,SPV,2015,2040,30,,
PHLXX,SPV,2025,2050,59,,
PHLXX,SPV,2020,2045,4,,
PHLXX,SPV,2016,2041,50,,
PHLXX,SPV,2020,2045,19,,
PHLXX,SPV,2020,2045,16,,
PHLXX,SPV,2023,2048,71,,
PHLXX,SPV,2024,2049,8,,
PHLXX,SPV,2025,2050,13,,
PHLXX,SPV,2016,2041,26,,
PHLXX,SPV,2025,2050,59,,
PHLXX,SPV,2014,2039,35,,
PHLXX,SPV,2015,2040,22,,
PHLXX,SPV,2025,2050,23,,
PHLXX,SPV,2025,2050,10,,
PHLXX,SPV,2024,2049,9,,
PHLXX,SPV,2024,2049,224,,
PHLXX,SPV,2021,2046,79,,
PHLXX,SPV,2020,2045,80,,
PHLXX,SPV,2022,2047,3,,
PHLXX,SPV,2016,2041,20,,
PHLXX,SPV,2017,2042,7,,
PHLXX,SPV,2017,2042,25,,
PHLXX,SPV,2026,2051,1,,
PHLXX,SPV,2026,2051,3,,
PHLXX,SPV,2026,2051,64,,
PHLXX,SPV,2026,2051,30,,
PHLXX,SPV,2026,2051,145,,
PHLXX,SPV,2026,2051,80,,
PHLXX,SPV,2026,2051,50,,
PHLXX,SPV,2026,2051,19,,
PHLXX,SPV,2026,2051,530,,
PHLXX,SPV,2026,2051,18,,
PHLXX,SPV,2026,2051,18,,
PHLXX,SPV,2026,2051,22,,
PHLXX,SPV,2026,2051,8,,
PHLXX,SPV,2026,2051,5,,
PHLXX,SPV,2026,2051,96,,
PHLXX,SPV,2026,2051,38,,
PHLXX,SPV,2026,2051,150,,
PHLXX,SPV,2026,2051,2,,
PHLXX,SPV,2026,2051,233,,
PHLXX,SPV,2026,2051,2,,
PHLXX,SPV,2026,2051,87,,
PHLXX,SPV,2026,2051,123,,
PHLXX,SPV,2026,2051,9,,
PHLXX,SPV,2026,2051,5,,
PHLXX,SPV,2026,2051,172,,
PHLXX,SPV,2026,2051,71,,
PHLXX,SPV,2026,2051,27,,
PHLXX,SPV,2026,2051,40,,
PHLXX,SPV,2026,2051,28,,
PHLXX,SPV,2026,2051,1,,
PHLXX,SPV,2026,2051,15,,
PHLXX,SPV,2026,2051,70,,
PHLXX,SPV,2026,2051,96,,
PHLXX,SPV,2027,2052,33,,
PHLXX,SPV,2027,2052,79,,
PHLXX,SPV,2026,2051,79,,
PHLXX,SPV,2026,2051,61,,
PHLXX,SPV,2026,2051,61,,
PHLXX,SPV,2026,2051,61,,
PHLXX,SPV,2026,2051,61,,
PHLXX,SPV,2026,2051,30,,
GMBXX,WON,2027,2052,350,,
GMBXX,WON,2027,2052,200,,
GMBXX,OIL,2006,2031,24,,
GMBXX,OIL,2021,2046,20,,
GMBXX,OIL,2020,2045,36,,
GMBXX,OIL,2023,2048,41,,
GMBXX,SPV,2024,2049,23,,
GMBXX,SPV,2026,2051,80,,
GMBXX,SPV,2026,2051,70,,