Month,Day,Hour,BTNXX,INDEA,INDNE,INDNO,INDSO,INDWE,BGDXX,COLXX,GHAXX,HONXX
1,1,0,0.00012,0.00009,0.00011,0.0001,0.00011,0.00011,7.58E-05,9.60E-05,9.10E-05,0.000104195
1,1,1,0.00013,0.00009,0.00012,0.00011,0.00011,0.00012,7.26E-05,9.33E-05,9.09E-05,0.000100315
1,1,2,0.00013,0.0001,0.00011,0.00012,0.00011,0.00012,7.01E-05,9.02E-05,9.17E-05,9.73E-05
1,1,3,0.00013,0.0001,0.00011,0.00012,0.00011,0.00012,6.73E-05,8.69E-05,9.29E-05,9.51E-05
1,1,4,0.00013,0.0001,0.0001,0.00012,0.00011,0.00012,6.60E-05,8.44E-05,9.30E-05,9.52E-05
1,1,5,0.00013,0.0001,0.0001,0.00012,0.00011,0.00013,6.94E-05,8.29E-05,9.77E-05,9.79E-05
1,1,6,0.00013,0.0001,0.0001,0.00011,0.00011,0.00012,7.23E-05,7.64E-05,0.00010364,9.95E-05
1,1,7,0.00013,0.0001,0.0001,0.00011,0.00011,0.00012,8.07E-05,7.72E-05,0.00010879,0.000104379
1,1,8,0.00013,0.00009,0.0001,0.00011,0.00011,0.00012,8.69E-05,8.08E-05,0.000112,0.000110791
1,1,9,0.00013,0.00009,0.0001,0.00011,0.00011,0.00012,8.51E-05,8.40E-05,0.0001151,0.000114277
1,1,10,0.00013,0.00009,0.00011,0.00011,0.00011,0.00012,8.59E-05,8.70E-05,0.00011428,0.000118328
1,1,11,0.00013,0.0001,0.00014,0.00011,0.00011,0.00012,9.08E-05,8.90E-05,0.00011183,0.000123251
1,1,12,0.00013,0.00011,0.00015,0.00011,0.00011,0.00012,9.33E-05,9.09E-05,0.000111,0.00012347
1,1,13,0.00014,0.00011,0.00015,0.00012,0.00012,0.00012,9.05E-05,9.03E-05,0.00011148,0.000124496
1,1,14,0.00014,0.00011,0.00015,0.00011,0.00012,0.00012,8.56E-05,8.85E-05,0.00011118,0.000125225
1,1,15,0.00014,0.00011,0.00015,0.00011,0.00012,0.00012,8.40E-05,8.76E-05,0.00011363,0.000124749
1,1,16,0.00013,0.0001,0.00012,0.00011,0.00012,0.00012,8.61E-05,8.64E-05,0.00011835,0.000122189
1,1,17,0.00012,0.0001,0.00012,0.0001,0.00011,0.00011,9.48E-05,8.88E-05,0.00012523,0.000120629
1,1,18,0.00012,0.0001,0.00011,0.0001,0.00011,0.00011,9.86E-05,0.00010452,0.00013413,0.000129299
1,1,19,0.00012,0.00009,0.0001,0.0001,0.00011,0.00011,9.76E-05,0.00010959,0.00014076,0.000131903
1,1,20,0.00012,0.00009,0.0001,0.0001,0.00011,0.00011,9.42E-05,0.00010793,0.0001438,0.000128079
1,1,21,0.00012,0.00009,0.0001,0.0001,0.00011,0.0001,8.86E-05,0.00010277,0.00013887,0.000122931
1,1,22,0.00012,0.00009,0.0001,0.00009,0.00011,0.0001,8.31E-05,9.85E-05,0.00012841,0.000116477
1,1,23,0.00012,0.0001,0.0001,0.00009,0.00011,0.0001,7.92E-05,9.23E-05,0.00011571,0.00010986
2,1,0,0.00012,0.0001,0.00011,0.0001,0.00011,0.00011,7.74E-05,9.84E-05,9.06E-05,0.000104195
2,1,1,0.00013,0.0001,0.00011,0.00011,0.00011,0.00012,7.52E-05,9.45E-05,9.07E-05,0.000100315
2,1,2,0.00013,0.0001,0.00011,0.00011,0.00011,0.00012,7.22E-05,9.16E-05,9.03E-05,9.73E-05
2,1,3,0.00013,0.0001,0.00011,0.00011,0.00011,0.00012,7.01E-05,9.12E-05,9.15E-05,9.51E-05
2,1,4,0.00013,0.0001,0.00011,0.00012,0.00011,0.00012,6.96E-05,9.51E-05,9.32E-05,9.52E-05
2,1,5,0.00013,0.0001,0.0001,0.00011,0.00011,0.00013,7.43E-05,0.00010595,9.77E-05,9.79E-05
2,1,6,0.00013,0.0001,0.0001,0.00011,0.00011,0.00012,8.27E-05,0.00010957,0.00010279,9.95E-05
2,1,7,0.00013,0.0001,0.0001,0.00011,0.00011,0.00012,8.84E-05,0.00011346,0.00011044,0.000104379
2,1,8,0.00013,0.00009,0.0001,0.00011,0.00011,0.00012,9.49E-05,0.00012164,0.00011378,0.000110791
2,1,9,0.00013,0.00009,0.0001,0.00011,0.00011,0.00012,9.64E-05,0.00012754,0.00011444,0.000114277
2,1,10,0.00013,0.0001,0.00011,0.00011,0.00011,0.00012,9.73E-05,0.00013388,0.00011553,0.000118328
2,1,11,0.00013,0.00011,0.00013,0.00011,0.00011,0.00012,0.00010259,0.0001373,0.00011192,0.000123251
2,1,12,0.00013,0.00011,0.00014,0.00012,0.00011,0.00012,0.00010499,0.00013451,0.00011245,0.00012347
2,1,13,0.00014,0.00012,0.00014,0.00012,0.00012,0.00012,0.000101991,0.00013529,0.00011081,0.000124496
2,1,14,0.00014,0.00012,0.00015,0.00011,0.00012,0.00012,9.80E-05,0.00013838,0.00011087,0.000125225
2,1,15,0.00014,0.00012,0.00014,0.00011,0.00012,0.00011,9.40E-05,0.00013893,0.00011343,0.000124749
2,1,16,0.00013,0.00011,0.00013,0.0001,0.00012,0.00011,9.63E-05,0.00013634,0.00011752,0.000122189
2,1,17,0.00012,0.0001,0.00012,0.0001,0.00011,0.00011,0.000101691,0.0001325,0.00012524,0.000120629
2,1,18,0.00012,0.0001,0.00011,0.0001,0.00011,0.00011,0.000103345,0.00014199,0.00013419,0.000129299
2,1,19,0.00011,0.0001,0.0001,0.0001,0.00011,0.0001,0.000102281,0.00014749,0.00014303,0.000131903
2,1,20,0.00011,0.00009,0.0001,0.0001,0.00011,0.0001,0.000101181,0.00014445,0.00014438,0.000128079
2,1,21,0.00011,0.00009,0.0001,0.0001,0.00011,0.0001,9.59E-05,0.00013672,0.00013989,0.000122931
2,1,22,0.00012,0.0001,0.0001,0.00009,0.00011,0.0001,9.00E-05,0.00012425,0.00012755,0.000116477
2,1,23,0.00012,0.0001,0.0001,0.0001,0.00011,0.0001,8.71E-05,0.00011221,0.00011422,0.00010986
3,1,0,0.00012,0.0001,0.00011,0.0001,0.00011,0.00011,8.91E-05,9.95E-05,9.04E-05,0.000104195
3,1,1,0.00012,0.0001,0.00011,0.00011,0.00011,0.00012,8.48E-05,9.60E-05,9.09E-05,0.000100315
3,1,2,0.00013,0.0001,0.00011,0.00012,0.00011,0.00012,8.22E-05,9.38E-05,9.12E-05,9.73E-05
3,1,3,0.00013,0.0001,0.0001,0.00012,0.00011,0.00012,8.03E-05,9.32E-05,9.25E-05,9.51E-05
3,1,4,0.00013,0.0001,0.0001,0.00012,0.00011,0.00012,7.90E-05,9.65E-05,9.50E-05,9.52E-05
3,1,5,0.00013,0.0001,0.0001,0.00012,0.00011,0.00013,8.09E-05,0.00010662,9.72E-05,9.79E-05
3,1,6,0.00013,0.0001,0.00011,0.00011,0.00011,0.00012,8.46E-05,0.00010876,0.00010328,9.95E-05
3,1,7,0.00012,0.0001,0.0001,0.00011,0.00011,0.00012,9.09E-05,0.00011287,0.00010836,0.000104379
3,1,8,0.00012,0.00009,0.0001,0.00011,0.00011,0.00012,9.19E-05,0.00012056,0.00011409,0.000110791
3,1,9,0.00012,0.00009,0.0001,0.00011,0.00011,0.00012,9.15E-05,0.0001257,0.00011508,0.000114277
3,1,10,0.00013,0.0001,0.00012,0.00011,0.00011,0.00012,9.34E-05,0.00013129,0.00011472,0.000118328
3,1,11,0.00013,0.0001,0.00014,0.00011,0.00011,0.00012,9.86E-05,0.0001345,0.00011277,0.000123251
3,1,12,0.00013,0.00012,0.00015,0.00012,0.0001,0.00012,0.000101441,0.00013095,0.00011142,0.00012347
3,1,13,0.00014,0.00012,0.00015,0.00012,0.00012,0.00013,8.91E-05,0.00013175,0.00011039,0.000124496
3,1,14,0.00014,0.00012,0.00016,0.00011,0.00012,0.00012,8.72E-05,0.00013504,0.00011131,0.000125225
3,1,15,0.00013,0.00012,0.00015,0.00011,0.00012,0.00012,8.55E-05,0.00013467,0.00011353,0.000124749
3,1,16,0.00012,0.00011,0.00013,0.00011,0.00011,0.00011,8.35E-05,0.00013221,0.0001181,0.000122189
3,1,17,0.00012,0.0001,0.00012,0.0001,0.00011,0.00011,8.88E-05,0.00012844,0.00012508,0.000120629
3,1,18,0.00011,0.0001,0.00011,0.0001,0.00011,0.00011,0.000100841,0.00013944,0.00013512,0.000129299
3,1,19,0.00011,0.00009,0.00011,0.0001,0.00011,0.0001,9.97E-05,0.00014534,0.00014245,0.000131903
3,1,20,0.00011,0.00009,0.0001,0.0001,0.0001,0.0001,9.75E-05,0.00014135,0.00014444,0.000128079
3,1,21,0.00011,0.00009,0.0001,0.00009,0.0001,0.0001,9.45E-05,0.00013268,0.00013984,0.000122931
3,1,22,0.00011,0.00009,0.0001,0.00009,0.0001,0.0001,9.02E-05,0.00011771,0.00012967,0.000116477
3,1,23,0.00011,0.0001,0.00011,0.00009,0.00011,0.0001,8.84E-05,0.00010701,0.00011507,0.00010986
4,1,0,0.00012,0.0001,0.00011,0.0001,0.00011,0.00011,0.000120989,9.64E-05,9.03E-05,0.000104195
4,1,1,0.00012,0.0001,0.00013,0.00011,0.00011,0.00011,0.000122989,9.14E-05,9.00E-05,0.000100315
4,1,2,0.00012,0.0001,0.00012,0.00011,0.00011,0.00012,0.000124988,8.87E-05,9.06E-05,9.73E-05
4,1,3,0.00012,0.0001,0.00011,0.00011,0.00011,0.00012,0.000123989,8.75E-05,9.15E-05,9.51E-05
4,1,4,0.00012,0.0001,0.0001,0.00011,0.00011,0.00012,0.000117989,9.05E-05,9.42E-05,9.52E-05
4,1,5,0.00012,0.0001,0.00011,0.00011,0.00011,0.00013,0.00011149,9.99E-05,9.92E-05,9.79E-05
4,1,6,0.00012,0.0001,0.00011,0.00011,0.00011,0.00012,0.00010999,0.00010099,0.00010344,9.95E-05
4,1,7,0.00011,0.0001,0.00011,0.00011,0.00011,0.00012,0.00011199,0.00010494,0.00010914,0.000104379
4,1,8,0.00011,0.00009,0.0001,0.00011,0.00011,0.00012,0.000116989,0.0001114,0.00011263,0.000110791
4,1,9,0.00011,0.00009,0.0001,0.0001,0.00011,0.00012,0.000122489,0.00011806,0.00011525,0.000114277
4,1,10,0.00012,0.0001,0.00011,0.0001,0.00011,0.00012,0.000124488,0.00012422,0.00011549,0.000118328
4,1,11,0.00012,0.0001,0.00013,0.0001,0.0001,0.00012,0.000128488,0.00012829,0.00011393,0.000123251
4,1,12,0.00012,0.00012,0.00015,0.00011,0.0001,0.00012,0.000130488,0.0001251,0.00011213,0.00012347
4,1,13,0.00013,0.00012,0.00015,0.00012,0.00012,0.00012,0.000132688,0.00012588,0.00011159,0.000124496
4,1,14,0.00014,0.00011,0.00015,0.00011,0.00011,0.00012,0.000133188,0.00012806,0.00011265,0.000125225
4,1,15,0.00013,0.00011,0.00014,0.0001,0.00011,0.00012,0.000132488,0.00012848,0.00011422,0.000124749
4,1,16,0.00012,0.0001,0.00013,0.0001,0.00011,0.00011,0.000131988,0.00012616,0.00011655,0.000122189
4,1,17,0.00011,0.0001,0.00012,0.0001,0.00011,0.00011,0.000134288,0.00012209,0.00012561,0.000120629
4,1,18,0.00011,0.00009,0.00011,0.0001,0.00011,0.0001,0.000143637,0.00013064,0.00013535,0.000129299
4,1,19,0.00011,0.00009,0.0001,0.00009,0.0001,0.0001,0.000143487,0.00013423,0.0001435,0.000131903
4,1,20,0.00011,0.00009,0.0001,0.00009,0.0001,0.0001,0.000146486,0.00012965,0.0001459,0.000128079
4,1,21,0.00011,0.00009,0.0001,0.00009,0.0001,0.0001,0.000145487,0.00012141,0.00013858,0.000122931
4,1,22,0.00011,0.00009,0.0001,0.00009,0.0001,0.0001,0.000142487,0.0001121,0.00012855,0.000116477
4,1,23,0.00012,0.00009,0.0001,0.00009,0.00011,0.0001,0.000137487,0.00010289,0.00011586,0.00010986
5,1,0,0.00012,0.0001,0.00011,0.0001,0.00011,0.00011,0.000160485,9.25E-05,9.05E-05,0.000104195
5,1,1,0.00012,0.00009,0.00012,0.00011,0.00011,0.00012,0.000158485,8.86E-05,9.03E-05,0.000100315
5,1,2,0.00012,0.0001,0.00011,0.00011,0.00011,0.00012,0.000156486,8.51E-05,9.08E-05,9.73E-05
5,1,3,0.00012,0.0001,0.00011,0.00011,0.00011,0.00012,0.000153986,8.34E-05,9.28E-05,9.51E-05
5,1,4,0.00012,0.0001,0.0001,0.00011,0.00011,0.00013,0.000151486,8.39E-05,9.38E-05,9.52E-05
5,1,5,0.00012,0.0001,0.0001,0.00011,0.00011,0.00013,1.44E-05,8.34E-05,9.83E-05,9.79E-05
5,1,6,0.00012,0.0001,0.0001,0.00011,0.00011,0.00012,0.000139987,8.17E-05,0.00010443,9.95E-05
5,1,7,0.00012,0.0001,0.00011,0.0001,0.00011,0.00012,0.000137487,8.55E-05,0.00010914,0.000104379
5,1,8,0.00011,0.00009,0.00011,0.0001,0.00011,0.00012,0.000133988,8.95E-05,0.00011207,0.000110791
5,1,9,0.00012,0.00009,0.00011,0.0001,0.00011,0.00012,0.000129488,9.32E-05,0.00011493,0.000114277
5,1,10,0.00012,0.0001,0.00012,0.00011,0.00011,0.00012,0.000130988,9.77E-05,0.00011339,0.000118328
5,1,11,0.00012,0.00011,0.00015,0.00011,0.00011,0.00011,0.000133988,9.92E-05,0.00011335,0.000123251
5,1,12,0.00012,0.00012,0.00015,0.00011,0.00011,0.00012,0.000138987,9.96E-05,0.00011252,0.00012347
5,1,13,0.00013,0.00012,0.00016,0.00012,0.00012,0.00013,0.000141287,9.96E-05,0.00011322,0.000124496
5,1,14,0.00014,0.00012,0.00016,0.00011,0.00012,0.00012,0.000140987,9.76E-05,0.00011347,0.000125225
5,1,15,0.00013,0.00012,0.00015,0.0001,0.00012,0.00012,0.000139787,9.65E-05,0.00011449,0.000124749
5,1,16,0.00012,0.00011,0.00014,0.0001,0.00012,0.00011,0.000138487,9.62E-05,0.00011813,0.000122189
5,1,17,0.00012,0.0001,0.00012,0.0001,0.00011,0.00011,0.000130988,9.84E-05,0.00012515,0.000120629
5,1,18,0.00011,0.0001,0.00011,0.0001,0.00011,0.0001,0.000153086,0.00011254,0.00013563,0.000129299
5,1,19,0.00011,0.00009,0.0001,0.00009,0.00011,0.0001,0.000156286,0.0001179,0.0001441,0.000131903
5,1,20,0.00011,0.00009,0.0001,0.00009,0.00011,0.0001,0.000158485,0.00011642,0.00014622,0.000128079
5,1,21,0.00011,0.00009,0.0001,0.00009,0.00011,0.0001,0.000158485,0.00011138,0.00013973,0.000122931
5,1,22,0.00011,0.00009,0.0001,0.00009,0.00011,0.0001,0.000157985,0.00010347,0.00012934,0.000116477
5,1,23,0.00012,0.0001,0.0001,0.00009,0.00011,0.0001,0.000156985,9.33E-05,0.00011562,0.00010986
6,1,0,0.00012,0.0001,0.0001,0.0001,0.00011,0.00011,0.000142487,9.46E-05,9.12E-05,0.000104195
6,1,1,0.00012,0.0001,0.00012,0.0001,0.00012,0.00011,0.000138987,9.06E-05,9.15E-05,0.000100315
6,1,2,0.00013,0.0001,0.00012,0.00011,0.00012,0.00012,0.000135987,8.87E-05,9.09E-05,9.73E-05
6,1,3,0.00013,0.0001,0.00011,0.00011,0.00011,0.00012,0.000132988,8.80E-05,9.32E-05,9.51E-05
6,1,4,0.00013,0.0001,0.00011,0.00011,0.00012,0.00012,0.000129988,9.12E-05,9.51E-05,9.52E-05
6,1,5,0.00013,0.0001,0.0001,0.00011,0.00011,0.00012,0.000122489,9.76E-05,9.88E-05,9.79E-05
6,1,6,0.00013,0.0001,0.0001,0.00011,0.00011,0.00012,0.000121989,0.0001005,0.00010407,9.95E-05
6,1,7,0.00013,0.0001,0.0001,0.0001,0.00011,0.00012,0.000121989,0.00010747,0.00011062,0.000104379
6,1,8,0.00012,0.00009,0.00011,0.0001,0.00011,0.00012,0.000125488,0.00011508,0.00011291,0.000110791
6,1,9,0.00013,0.00009,0.00011,0.0001,0.00011,0.00012,0.000129788,0.00012003,0.00011548,0.000114277
6,1,10,0.00013,0.0001,0.00011,0.0001,0.00011,0.00012,0.000132988,0.00012513,0.0001154,0.000118328
6,1,11,0.00013,0.0001,0.00013,0.0001,0.00011,0.00012,0.000136987,0.00012774,0.00011335,0.000123251
6,1,12,0.00013,0.00012,0.00014,0.00011,0.00011,0.00012,0.000141987,0.00012444,0.00011301,0.00012347
6,1,13,0.00014,0.00012,0.00015,0.00012,0.00012,0.00013,0.000140487,0.00012502,0.00011338,0.000124496
6,1,14,0.00014,0.00012,0.00016,0.00011,0.00012,0.00012,0.000141987,0.00012754,0.00011242,0.000125225
6,1,15,0.00013,0.00012,0.00015,0.00011,0.00011,0.00012,0.000143487,0.00012726,0.00011325,0.000124749
6,1,16,0.00013,0.00011,0.00013,0.00011,0.00011,0.00012,0.000139487,0.00012525,0.00011698,0.000122189
6,1,17,0.00012,0.0001,0.00012,0.0001,0.00011,0.00011,0.000135987,0.00012246,0.00012683,0.000120629
6,1,18,0.00011,0.0001,0.00011,0.0001,0.00011,0.00011,0.000154736,0.00013407,0.00013507,0.000129299
6,1,19,0.00011,0.0001,0.00011,0.0001,0.00011,0.00011,0.000158485,0.00013888,0.00014375,0.000131903
6,1,20,0.00011,0.00009,0.0001,0.0001,0.00011,0.0001,0.000157485,0.00013505,0.00014561,0.000128079
6,1,21,0.00011,0.00009,0.0001,0.0001,0.00011,0.0001,0.000153986,0.00012523,0.00013883,0.000122931
6,1,22,0.00012,0.00009,0.0001,0.00009,0.00011,0.0001,0.000154486,0.00011234,0.0001294,0.000116477
6,1,23,0.00012,0.00009,0.00011,0.0001,0.00011,0.00011,0.000155486,0.00010181,0.00011557,0.00010986
7,1,0,0.00012,0.0001,0.00011,0.0001,0.00012,0.00011,0.000132988,0.00010031,9.09E-05,0.000104195
7,1,1,0.00012,0.0001,0.00012,0.00011,0.00012,0.00012,0.000130988,9.74E-05,9.07E-05,0.000100315
7,1,2,0.00013,0.0001,0.00012,0.00012,0.00012,0.00012,0.000127988,9.46E-05,9.03E-05,9.73E-05
7,1,3,0.00013,0.0001,0.00011,0.00012,0.00012,0.00012,0.000119489,9.38E-05,9.25E-05,9.51E-05
7,1,4,0.00013,0.0001,0.00011,0.00012,0.00012,0.00013,0.000117189,9.57E-05,9.49E-05,9.52E-05
7,1,5,0.00013,0.0001,0.00011,0.00012,0.00012,0.00013,0.00011048,9.87E-05,9.75E-05,9.79E-05
7,1,6,0.00013,0.0001,0.0001,0.00011,0.00012,0.00013,0.00011092,0.00010172,0.00010444,9.95E-05
7,1,7,0.00013,0.0001,0.00011,0.00011,0.00012,0.00012,0.00011272,0.00010961,0.00010974,0.000104379
7,1,8,0.00013,0.00009,0.0001,0.00011,0.00012,0.00012,0.000116789,0.00011825,0.0001141,0.000110791
7,1,9,0.00013,0.0001,0.00011,0.00011,0.00012,0.00012,0.000119789,0.00012302,0.0001152,0.000114277
7,1,10,0.00013,0.0001,0.00012,0.0001,0.00012,0.00012,0.000124788,0.00012649,0.0001159,0.000118328
7,1,11,0.00013,0.0001,0.00014,0.00011,0.00012,0.00012,0.000128788,0.00013064,0.00011458,0.000123251
7,1,12,0.00013,0.00012,0.00015,0.00012,0.00011,0.00012,0.000130988,0.00012909,0.00011255,0.00012347
7,1,13,0.00014,0.00012,0.00015,0.00012,0.00012,0.00013,0.000126988,0.00012825,0.00011143,0.000124496
7,1,14,0.00014,0.00013,0.00015,0.00011,0.00012,0.00013,0.000128488,0.00013027,0.0001125,0.000125225
7,1,15,0.00014,0.00012,0.00015,0.00011,0.00012,0.00012,0.000126788,0.00012973,0.0001149,0.000124749
7,1,16,0.00013,0.00011,0.00013,0.00011,0.00012,0.00012,0.000119989,0.0001275,0.00011816,0.000122189
7,1,17,0.00012,0.0001,0.00011,0.00011,0.00012,0.00011,0.000120989,0.00012495,0.00012614,0.000120629
7,1,18,0.00012,0.0001,0.00011,0.0001,0.00011,0.00011,0.000137687,0.00013222,0.00013409,0.000129299
7,1,19,0.00011,0.0001,0.0001,0.0001,0.00011,0.00011,0.000140687,0.00013738,0.00014487,0.000131903
7,1,20,0.00011,0.0001,0.0001,0.0001,0.00011,0.00011,0.000140287,0.00013319,0.00014631,0.000128079
7,1,21,0.00011,0.0001,0.0001,0.0001,0.00011,0.0001,0.000139587,0.00012649,0.00014095,0.000122931
7,1,22,0.00012,0.0001,0.0001,0.0001,0.00011,0.0001,0.000138087,0.00011735,0.0001289,0.000116477
7,1,23,0.00012,0.0001,0.0001,0.0001,0.00011,0.00011,0.000136687,0.00010887,0.00011659,0.00010986
8,1,0,0.00012,0.0001,0.00011,0.00011,0.00012,0.00011,0.000145287,9.47E-05,9.12E-05,0.000104195
8,1,1,0.00013,0.0001,0.00012,0.00011,0.00012,0.00012,0.000140987,9.19E-05,9.15E-05,0.000100315
8,1,2,0.00013,0.0001,0.00011,0.00012,0.00012,0.00012,0.000136487,9.14E-05,9.21E-05,9.73E-05
8,1,3,0.00013,0.0001,0.0001,0.00012,0.00012,0.00013,0.000133988,9.07E-05,9.20E-05,9.51E-05
8,1,4,0.00013,0.0001,0.00011,0.00012,0.00012,0.00013,0.000130488,9.34E-05,9.51E-05,9.52E-05
8,1,5,0.00013,0.0001,0.00011,0.00011,0.00012,0.00013,0.000124788,0.00010175,9.92E-05,9.79E-05
8,1,6,0.00013,0.0001,0.00011,0.00011,0.00012,0.00013,0.000122789,0.00010369,0.00010419,9.95E-05
8,1,7,0.00013,0.0001,0.00011,0.00011,0.00012,0.00013,0.000118489,0.00011021,0.00010967,0.000104379
8,1,8,0.00013,0.00009,0.00011,0.00011,0.00012,0.00012,0.000122989,0.00011876,0.00011335,0.000110791
8,1,9,0.00013,0.0001,0.00011,0.00011,0.00012,0.00012,0.000122889,0.00012399,0.00011435,0.000114277
8,1,10,0.00013,0.0001,0.00011,0.0001,0.00012,0.00012,0.000122789,0.00012919,0.00011472,0.000118328
8,1,11,0.00013,0.00011,0.00014,0.0001,0.00012,0.00012,0.000126488,0.00013175,0.00011397,0.000123251
8,1,12,0.00013,0.00012,0.00015,0.00011,0.00011,0.00012,0.000126988,0.00012867,0.00011246,0.00012347
8,1,13,0.00014,0.00012,0.00016,0.00012,0.00012,0.00013,0.000120989,0.00012935,0.00011297,0.000124496
8,1,14,0.00014,0.00012,0.00016,0.00011,0.00012,0.00012,0.000119179,0.00013247,0.00011372,0.000125225
8,1,15,0.00014,0.00011,0.00015,0.00011,0.00012,0.00012,0.000114789,0.00013265,0.000114,0.000124749
8,1,16,0.00013,0.0001,0.00013,0.00011,0.00012,0.00012,0.00011174,0.00013079,0.00011921,0.000122189
8,1,17,0.00012,0.0001,0.00012,0.0001,0.00012,0.00011,0.00011013,0.00012653,0.00012526,0.000120629
8,1,18,0.00012,0.00009,0.00011,0.0001,0.00011,0.00011,0.000121599,0.00013564,0.00013567,0.000129299
8,1,19,0.00012,0.0001,0.0001,0.0001,0.00011,0.00011,0.000121249,0.00014156,0.00014416,0.000131903
8,1,20,0.00012,0.00009,0.0001,0.0001,0.00011,0.00011,0.000123609,0.00013775,0.00014583,0.000128079
8,1,21,0.00012,0.00009,0.0001,0.0001,0.00011,0.0001,0.000122229,0.00013027,0.00014019,0.000122931
8,1,22,0.00012,0.00009,0.0001,0.0001,0.00011,0.0001,0.000119609,0.00011769,0.00012919,0.000116477
8,1,23,0.00012,0.00009,0.0001,0.0001,0.00011,0.00011,0.000124788,0.00010726,0.00011597,0.00010986
9,1,0,0.00012,0.0001,0.00011,0.0001,0.00012,0.00011,0.000138127,9.81E-05,9.06E-05,0.000104195
9,1,1,0.00013,0.0001,0.00012,0.00011,0.00012,0.00012,0.000145986,9.52E-05,9.18E-05,0.000100315
9,1,2,0.00013,0.0001,0.00011,0.00011,0.00012,0.00012,0.000139487,9.20E-05,9.12E-05,9.73E-05
9,1,3,0.00013,0.0001,0.00011,0.00011,0.00012,0.00013,0.000134987,9.17E-05,9.24E-05,9.51E-05
9,1,4,0.00013,0.0001,0.00011,0.00011,0.00012,0.00013,0.000133988,9.41E-05,9.50E-05,9.52E-05
9,1,5,0.00013,0.0001,0.00011,0.00011,0.00012,0.00013,0.000128488,0.00010268,9.84E-05,9.79E-05
9,1,6,0.00013,0.0001,0.00011,0.00011,0.00012,0.00013,0.000126488,0.00010472,0.00010467,9.95E-05
9,1,7,0.00013,0.00009,0.00011,0.00011,0.00012,0.00012,0.000123989,0.00010979,0.00011087,0.000104379
9,1,8,0.00013,0.00009,0.00011,0.00011,0.00012,0.00012,0.000126488,0.00011627,0.00011427,0.000110791
9,1,9,0.00013,0.00009,0.00011,0.0001,0.00012,0.00012,0.000128488,0.00012026,0.00011743,0.000114277
9,1,10,0.00013,0.0001,0.00012,0.0001,0.00012,0.00012,0.000128988,0.00012404,0.00011514,0.000118328
9,1,11,0.00013,0.00011,0.00014,0.00011,0.00011,0.00012,0.000133988,0.00012722,0.000114,0.000123251
9,1,12,0.00013,0.00012,0.00016,0.00011,0.00011,0.00012,0.000135987,0.00012543,0.000113,0.00012347
9,1,13,0.00014,0.00012,0.00016,0.00012,0.00012,0.00013,0.000134688,0.00012695,0.00011339,0.000124496
9,1,14,0.00014,0.00012,0.00016,0.00011,0.00012,0.00013,0.000136987,0.00012964,0.00011286,0.000125225
9,1,15,0.00014,0.00012,0.00015,0.00011,0.00011,0.00012,0.000136987,0.00013027,0.00011421,0.000124749
9,1,16,0.00013,0.00011,0.00013,0.00011,0.00011,0.00011,0.000133488,0.00012853,0.0001187,0.000122189
9,1,17,0.00012,0.0001,0.00013,0.0001,0.00011,0.00011,0.000129688,0.00012609,0.00012675,0.000120629
9,1,18,0.00012,0.0001,0.00011,0.0001,0.00011,0.00011,0.000149986,0.00013746,0.00013595,0.000129299
9,1,19,0.00011,0.0001,0.00011,0.0001,0.00011,0.00011,0.000149986,0.00014035,0.00014419,0.000131903
9,1,20,0.00011,0.0001,0.0001,0.0001,0.00011,0.0001,0.000150586,0.00013641,0.00014658,0.000128079
9,1,21,0.00011,0.00009,0.0001,0.0001,0.00011,0.0001,0.000149986,0.00012769,0.00014152,0.000122931
9,1,22,0.00012,0.00009,0.0001,0.00009,0.00011,0.0001,0.000149986,0.00011572,0.00012935,0.000116477
9,1,23,0.00012,0.0001,0.0001,0.0001,0.00012,0.00011,0.000148486,0.00010543,0.00011484,0.00010986
10,1,0,0.00012,0.0001,0.00011,0.0001,0.00012,0.00011,0.000140987,9.92E-05,8.99E-05,0.000104195
10,1,1,0.00012,0.0001,0.00012,0.00011,0.00012,0.00012,0.000135987,9.40E-05,9.11E-05,0.000100315
10,1,2,0.00013,0.0001,0.00011,0.00011,0.00012,0.00012,0.000134987,9.09E-05,9.11E-05,9.73E-05
10,1,3,0.00013,0.0001,0.00011,0.00011,0.00012,0.00013,0.000126988,8.97E-05,9.09E-05,9.51E-05
10,1,4,0.00013,0.0001,0.0001,0.00011,0.00012,0.00013,0.000123989,9.07E-05,9.49E-05,9.52E-05
10,1,5,0.00013,0.0001,0.0001,0.00011,0.00012,0.00013,0.000122789,9.48E-05,9.90E-05,9.79E-05
10,1,6,0.00013,0.0001,0.0001,0.00011,0.00012,0.00013,0.000120989,9.58E-05,0.0001049,9.95E-05
10,1,7,0.00012,0.0001,0.0001,0.0001,0.00012,0.00012,0.000119989,0.00010247,0.00010947,0.000104379
10,1,8,0.00012,0.00009,0.0001,0.0001,0.00012,0.00012,0.000123289,0.00011077,0.00011362,0.000110791
10,1,9,0.00012,0.00009,0.0001,0.0001,0.00012,0.00012,0.000126988,0.00011579,0.00011408,0.000114277
10,1,10,0.00013,0.0001,0.0001,0.0001,0.00011,0.00012,0.000133488,0.00011948,0.00011381,0.000118328
10,1,11,0.00013,0.0001,0.00013,0.0001,0.00011,0.00012,0.000134987,0.00012143,0.00011417,0.000123251
10,1,12,0.00013,0.00012,0.00013,0.00011,0.00011,0.00012,0.000137987,0.00012007,0.00011308,0.00012347
10,1,13,0.00014,0.00012,0.00014,0.00011,0.00012,0.00013,0.000138487,0.00011601,0.00011164,0.000124496
10,1,14,0.00014,0.00012,0.00014,0.00011,0.00012,0.00012,0.000139987,0.00011284,0.00011241,0.000125225
10,1,15,0.00013,0.00012,0.00014,0.0001,0.00011,0.00012,0.000136987,0.00011043,0.00011584,0.000124749
10,1,16,0.00012,0.00011,0.00012,0.0001,0.00011,0.00012,0.000133988,0.00010956,0.00011853,0.000122189
10,1,17,0.00012,0.0001,0.00012,0.0001,0.00011,0.00011,0.000141987,0.00011197,0.00012605,0.000120629
10,1,18,0.00011,0.0001,0.00011,0.0001,0.00011,0.00011,0.000150486,0.00012902,0.00013545,0.000129299
10,1,19,0.00011,0.0001,0.0001,0.00009,0.00011,0.00011,0.000151986,0.00012735,0.00014349,0.000131903
10,1,20,0.00011,0.00009,0.0001,0.00009,0.00011,0.00011,0.000150986,0.00012112,0.00014594,0.000128079
10,1,21,0.00011,0.00009,0.0001,0.00009,0.0001,0.0001,0.000149986,0.00011316,0.00014046,0.000122931
10,1,22,0.00011,0.00009,0.0001,0.00009,0.00011,0.0001,0.000149486,0.00010328,0.00012963,0.000116477
10,1,23,0.00011,0.0001,0.0001,0.00009,0.00011,0.00011,0.000146986,9.48E-05,0.00011636,0.00010986
11,1,0,0.00012,0.0001,0.00011,0.0001,0.00011,0.00011,0.000130988,9.55E-05,9.18E-05,0.000104195
11,1,1,0.00012,0.0001,0.0001,0.00011,0.00011,0.00012,0.000124488,9.17E-05,9.11E-05,0.000100315
11,1,2,0.00012,0.0001,0.00011,0.00011,0.00011,0.00012,0.000121989,9.03E-05,9.10E-05,9.73E-05
11,1,3,0.00012,0.0001,0.0001,0.00011,0.00011,0.00013,0.000117489,8.99E-05,9.30E-05,9.51E-05
11,1,4,0.00012,0.0001,0.0001,0.00011,0.00011,0.00013,0.000113989,9.42E-05,9.49E-05,9.52E-05
11,1,5,0.00012,0.0001,0.0001,0.00011,0.00011,0.00013,0.00011199,0.00010243,9.89E-05,9.79E-05
11,1,6,0.00012,0.0001,0.0001,0.00011,0.00011,0.00013,0.00010629,0.0001047,0.00010377,9.95E-05
11,1,7,0.00011,0.0001,0.0001,0.0001,0.00011,0.00012,0.00010489,0.00010934,0.00010888,0.000104379
11,1,8,0.00011,0.00009,0.0001,0.0001,0.00011,0.00012,0.00010279,0.00011623,0.00011449,0.000110791
11,1,9,0.00011,0.00009,0.0001,0.0001,0.00011,0.00012,0.00010301,0.0001204,0.00011498,0.000114277
11,1,10,0.00012,0.00009,0.00011,0.0001,0.00011,0.00012,0.00010483,0.00012558,0.00011424,0.000118328
11,1,11,0.00012,0.0001,0.00013,0.0001,0.00011,0.00012,0.00011198,0.00012962,0.00011399,0.000123251
11,1,12,0.00012,0.00012,0.00014,0.00011,0.0001,0.00012,0.000118049,0.00012628,0.00011344,0.00012347
11,1,13,0.00013,0.00011,0.00015,0.00011,0.00011,0.00012,0.00011065,0.00012794,0.00011266,0.000124496
11,1,14,0.00013,0.00012,0.00016,0.00011,0.00011,0.00012,0.00010969,0.000131,0.00011263,0.000125225
11,1,15,0.00013,0.00012,0.00015,0.0001,0.00011,0.00012,0.00010514,0.0001311,0.00011493,0.000124749
11,1,16,0.00012,0.00011,0.00013,0.0001,0.00011,0.00012,0.000101891,0.00012938,0.00011721,0.000122189
11,1,17,0.00011,0.0001,0.00012,0.0001,0.00011,0.00011,0.000121769,0.00013283,0.00012578,0.000120629
11,1,18,0.00011,0.00009,0.00011,0.00009,0.0001,0.00011,0.000122929,0.00014132,0.00013538,0.000129299
11,1,19,0.00011,0.00009,0.00011,0.00009,0.0001,0.00011,0.000122619,0.00014014,0.00014391,0.000131903
11,1,20,0.00011,0.00009,0.00011,0.00009,0.0001,0.00011,0.000122999,0.00013442,0.00014644,0.000128079
11,1,21,0.00011,0.00009,0.00011,0.00009,0.0001,0.0001,0.000123089,0.00012589,0.00013937,0.000122931
11,1,22,0.00011,0.00009,0.00011,0.00009,0.0001,0.0001,0.000122209,0.00011402,0.00012914,0.000116477
11,1,23,0.00012,0.0001,0.00011,0.00009,0.00011,0.00011,0.000120989,0.00010192,0.00011688,0.00010986
12,1,0,0.00012,0.0001,0.00012,0.0001,0.00011,0.00011,8.22E-05,9.98E-05,9.22E-05,0.000104195
12,1,1,0.00012,0.0001,0.00012,0.00011,0.00011,0.00012,7.87E-05,9.61E-05,9.14E-05,0.000100315
12,1,2,0.00012,0.0001,0.00013,0.00011,0.00011,0.00012,7.52E-05,9.33E-05,9.09E-05,9.73E-05
12,1,3,0.00012,0.00011,0.00011,0.00011,0.00011,0.00012,7.24E-05,9.25E-05,9.25E-05,9.51E-05
12,1,4,0.00012,0.00011,0.0001,0.00011,0.00011,0.00012,7.26E-05,9.54E-05,9.45E-05,9.52E-05
12,1,5,0.00012,0.0001,0.0001,0.00011,0.00011,0.00012,7.67E-05,0.0001008,9.96E-05,9.79E-05
12,1,6,0.00012,0.0001,0.0001,0.00011,0.00011,0.00012,8.61E-05,0.00010521,0.00010497,9.95E-05
12,1,7,0.00012,0.0001,0.0001,0.0001,0.00011,0.00012,9.04E-05,0.00011335,0.00010957,0.000104379
12,1,8,0.00011,0.0001,0.0001,0.0001,0.00011,0.00011,9.09E-05,0.00012105,0.00011378,0.000110791
12,1,9,0.00012,0.0001,0.0001,0.0001,0.00011,0.00011,8.97E-05,0.00012579,0.00011503,0.000114277
12,1,10,0.00012,0.0001,0.00011,0.0001,0.00011,0.00011,9.33E-05,0.0001299,0.00011486,0.000118328
12,1,11,0.00012,0.0001,0.00014,0.0001,0.00011,0.00011,9.87E-05,0.00013328,0.00011425,0.000123251
12,1,12,0.00012,0.00012,0.00014,0.00011,0.0001,0.00011,0.000100531,0.00013006,0.00011345,0.00012347
12,1,13,0.00013,0.00012,0.00014,0.00011,0.00011,0.00012,9.63E-05,0.00012904,0.0001124,0.000124496
12,1,14,0.00014,0.00012,0.00015,0.00011,0.00011,0.00011,9.57E-05,0.00013115,0.00011315,0.000125225
12,1,15,0.00013,0.00012,0.00015,0.0001,0.00011,0.00011,9.30E-05,0.00013111,0.00011431,0.000124749
12,1,16,0.00012,0.00011,0.00013,0.0001,0.00011,0.00011,9.72E-05,0.00012943,0.00011885,0.000122189
12,1,17,0.00012,0.0001,0.00012,0.0001,0.00011,0.00011,0.00010744,0.00013116,0.00012598,0.000120629
12,1,18,0.00011,0.00009,0.00011,0.0001,0.00011,0.0001,0.00010517,0.00014227,0.00013699,0.000129299
12,1,19,0.00011,0.00009,0.0001,0.00009,0.00011,0.0001,0.00010305,0.00014136,0.00014397,0.000131903
12,1,20,0.00011,0.00009,0.0001,0.00009,0.00011,0.0001,0.000100921,0.00013623,0.00014495,0.000128079
12,1,21,0.00011,0.00009,0.0001,0.00009,0.00011,0.0001,9.58E-05,0.00012813,0.00014079,0.000122931
12,1,22,0.00011,0.00009,0.0001,0.00009,0.00011,0.0001,9.08E-05,0.00011711,0.00012945,0.000116477
12,1,23,0.00012,0.00009,0.0001,0.00009,0.00011,0.0001,8.69E-05,0.00010595,0.00011582,0.00010986
1,13,0,0.00012,0.0001,0.00011,0.0001,0.00011,0.00011,6.89E-05,0.00010021,9.04E-05,0.000104195
1,13,1,0.00012,0.0001,0.00011,0.00011,0.00011,0.00011,6.57E-05,9.60E-05,9.19E-05,0.000100315
1,13,2,0.00013,0.0001,0.00011,0.00011,0.00011,0.00012,6.36E-05,9.44E-05,9.17E-05,9.73E-05
1,13,3,0.00013,0.0001,0.00011,0.00011,0.00011,0.00012,6.17E-05,9.33E-05,9.34E-05,9.51E-05
1,13,4,0.00013,0.0001,0.00011,0.00011,0.00011,0.00013,6.12E-05,9.51E-05,9.47E-05,9.52E-05
1,13,5,0.00013,0.0001,0.0001,0.00011,0.00011,0.00013,6.59E-05,9.93E-05,9.79E-05,9.79E-05
1,13,6,0.00013,0.0001,0.00011,0.00011,0.00011,0.00012,6.99E-05,0.00010315,0.00010427,9.95E-05
1,13,7,0.00013,0.0001,0.0001,0.0001,0.00011,0.00012,7.69E-05,0.00011103,0.00010949,0.000104379
1,13,8,0.00012,0.0001,0.0001,0.0001,0.00011,0.00012,8.39E-05,0.00012,0.00011401,0.000110791
1,13,9,0.00013,0.0001,0.0001,0.0001,0.00011,0.00012,8.40E-05,0.00012512,0.00011522,0.000114277
1,13,10,0.00013,0.0001,0.00011,0.0001,0.00011,0.00012,8.51E-05,0.00012924,0.00011572,0.000118328
1,13,11,0.00013,0.00011,0.00013,0.0001,0.00011,0.00012,8.91E-05,0.00013355,0.00011324,0.000123251
1,13,12,0.00013,0.00012,0.00014,0.00011,0.0001,0.00012,9.25E-05,0.00013201,0.00011444,0.00012347
1,13,13,0.00014,0.00012,0.00015,0.00012,0.00011,0.00012,9.10E-05,0.00013212,0.00011334,0.000124496
1,13,14,0.00014,0.00012,0.00015,0.00011,0.00011,0.00012,8.70E-05,0.00013319,0.00011357,0.000125225
1,13,15,0.00013,0.00012,0.00014,0.0001,0.00011,0.00012,8.32E-05,0.00013303,0.00011373,0.000124749
1,13,16,0.00013,0.00011,0.00013,0.0001,0.00011,0.00012,8.81E-05,0.000131,0.00011801,0.000122189
1,13,17,0.00012,0.0001,0.00011,0.0001,0.0001,0.00011,1.00E-05,0.00012811,0.00012521,0.000120629
1,13,18,0.00011,0.0001,0.00011,0.0001,0.0001,0.00011,0.000102366,0.00013941,0.00013559,0.000129299
1,13,19,0.00011,0.00009,0.00009,0.0001,0.0001,0.00011,0.000101251,0.00014289,0.00014347,0.000131903
1,13,20,0.00011,0.00009,0.00009,0.0001,0.0001,0.00011,9.93E-05,0.00013718,0.00014601,0.000128079
1,13,21,0.00011,0.00009,0.00009,0.00009,0.0001,0.00011,9.15E-05,0.00013003,0.00014005,0.000122931
1,13,22,0.00012,0.00009,0.00009,0.00009,0.0001,0.00011,8.49E-05,0.0001183,0.0001292,0.000116477
1,13,23,0.00012,0.00009,0.00009,0.0001,0.0001,0.00011,8.17E-05,0.00010669,0.00011491,0.00010986
1,14,0,0.00012,0.0001,0.0001,0.00011,0.00011,0.00012,7.53E-05,0.00010141,9.07E-05,0.000104195
1,14,1,0.00012,0.0001,0.0001,0.00011,0.00011,0.00012,7.16E-05,9.81E-05,9.18E-05,0.000100315
1,14,2,0.00013,0.0001,0.0001,0.00011,0.00011,0.00012,6.91E-05,9.46E-05,9.17E-05,9.73E-05
1,14,3,0.00013,0.0001,0.00008,0.00011,0.00011,0.00013,6.67E-05,9.29E-05,9.32E-05,9.51E-05
1,14,4,0.00013,0.0001,0.00009,0.00011,0.00011,0.00013,6.65E-05,9.51E-05,9.56E-05,9.52E-05
1,14,5,0.00013,0.0001,0.00008,0.00011,0.00011,0.00013,7.10E-05,0.00010047,9.80E-05,9.79E-05
1,14,6,0.00013,0.0001,0.00008,0.00011,0.00011,0.00013,7.68E-05,0.00010339,0.000104,9.95E-05
1,14,7,0.00013,0.0001,0.00008,0.0001,0.00011,0.00012,8.75E-05,0.00011033,0.00010942,0.000104379
1,14,8,0.00013,0.00009,0.00009,0.0001,0.00011,0.00012,9.20E-05,0.00011871,0.00011375,0.000110791
1,14,9,0.00013,0.00009,0.00009,0.0001,0.00011,0.00012,9.34E-05,0.00012477,0.00011448,0.000114277
1,14,10,0.00013,0.0001,0.00009,0.0001,0.00011,0.00012,9.44E-05,0.00013208,0.00011527,0.000118328
1,14,11,0.00013,0.00011,0.00012,0.0001,0.00011,0.00012,9.56E-05,0.00013646,0.0001143,0.000123251
1,14,12,0.00013,0.00012,0.00014,0.00011,0.00011,0.00012,9.61E-05,0.00013379,0.00011282,0.00012347
1,14,13,0.00014,0.00012,0.00014,0.00011,0.00012,0.00013,9.62E-05,0.00013413,0.00011192,0.000124496
1,14,14,0.00014,0.00012,0.00015,0.00011,0.00011,0.00013,9.33E-05,0.00013665,0.00011281,0.000125225
1,14,15,0.00014,0.00012,0.00014,0.0001,0.00011,0.00012,8.87E-05,0.00013592,0.00011401,0.000124749
1,14,16,0.00013,0.00011,0.00013,0.0001,0.00011,0.00012,9.15E-05,0.00013367,0.00011874,0.000122189
1,14,17,0.00012,0.0001,0.00011,0.0001,0.00011,0.00012,9.99E-05,0.0001293,0.00012633,0.000120629
1,14,18,0.00012,0.00009,0.0001,0.0001,0.0001,0.00011,0.00010322,0.0001403,0.00013549,0.000129299
1,14,19,0.00011,0.00009,0.0001,0.0001,0.0001,0.00011,0.00010288,0.0001443,0.00014281,0.000131903
1,14,20,0.00011,0.00009,0.0001,0.0001,0.0001,0.00011,0.000100031,0.0001379,0.00014654,0.000128079
1,14,21,0.00011,0.00009,0.0001,0.00009,0.0001,0.00011,9.56E-05,0.00013078,0.00013977,0.000122931
1,14,22,0.00012,0.0001,0.0001,0.00009,0.0001,0.00011,8.79E-05,0.00011972,0.00012881,0.000116477
1,14,23,0.00012,0.0001,0.0001,0.00009,0.0001,0.00011,8.20E-05,0.00010948,0.00011528,0.00010986
1,15,0,0.00012,0.0001,0.00011,0.0001,0.00011,0.00012,7.44E-05,0.00010111,9.07E-05,0.000104195
1,15,1,0.00013,0.0001,0.00011,0.00011,0.00011,0.00012,7.18E-05,9.88E-05,9.08E-05,0.000100315
1,15,2,0.00013,0.0001,0.00011,0.00011,0.00011,0.00012,7.01E-05,9.64E-05,9.22E-05,9.73E-05
1,15,3,0.00013,0.0001,0.00009,0.00011,0.00011,0.00013,6.81E-05,9.45E-05,9.18E-05,9.51E-05
1,15,4,0.00013,0.0001,0.00009,0.00011,0.00011,0.00013,6.72E-05,9.73E-05,9.40E-05,9.52E-05
1,15,5,0.00013,0.0001,0.00009,0.00011,0.00011,0.00013,7.16E-05,0.00010086,9.86E-05,9.79E-05
1,15,6,0.00013,0.0001,0.00009,0.00011,0.00011,0.00012,7.71E-05,0.00010414,0.00010493,9.95E-05
1,15,7,0.00013,0.0001,0.00009,0.0001,0.00011,0.00012,8.62E-05,0.00011246,0.00011033,0.000104379
1,15,8,0.00013,0.00009,0.00009,0.0001,0.00011,0.00012,9.02E-05,0.00012146,0.00011475,0.000110791
1,15,9,0.00013,0.00009,0.00009,0.0001,0.00011,0.00012,9.16E-05,0.00012751,0.00011608,0.000114277
1,15,10,0.00013,0.0001,0.00009,0.0001,0.00011,0.00012,9.21E-05,0.00013283,0.00011466,0.000118328
1,15,11,0.00013,0.0001,0.00012,0.0001,0.00011,0.00012,9.33E-05,0.00013652,0.00011325,0.000123251
1,15,12,0.00013,0.00012,0.00014,0.00011,0.00011,0.00012,9.44E-05,0.00013504,0.00011169,0.00012347
1,15,13,0.00014,0.00012,0.00014,0.00011,0.00012,0.00013,9.41E-05,0.00013511,0.00011237,0.000124496
1,15,14,0.00014,0.00012,0.00014,0.00011,0.00012,0.00013,9.34E-05,0.00013692,0.00011358,0.000125225
1,15,15,0.00014,0.00012,0.00014,0.00011,0.00012,0.00013,8.79E-05,0.00013708,0.00011414,0.000124749
1,15,16,0.00013,0.00011,0.00013,0.00009,0.00011,0.00012,8.97E-05,0.00013457,0.00011936,0.000122189
1,15,17,0.00012,0.0001,0.00012,0.00009,0.00012,0.00012,0.000100771,0.00012986,0.00012596,0.000120629
1,15,18,0.00012,0.0001,0.00011,0.00007,0.00011,0.00011,0.00010314,0.00013955,0.00013574,0.000129299
1,15,19,0.00012,0.0001,0.0001,0.00009,0.00011,0.00011,0.000100761,0.00014309,0.00014456,0.000131903
1,15,20,0.00012,0.00009,0.0001,0.00009,0.0001,0.00011,9.84E-05,0.00013846,0.00014578,0.000128079
1,15,21,0.00012,0.0001,0.0001,0.00009,0.0001,0.00011,9.23E-05,0.000131,0.00014065,0.000122931
1,15,22,0.00012,0.0001,0.00009,0.00009,0.00011,0.00011,8.65E-05,0.00012127,0.00012914,0.000116477
1,15,23,0.00012,0.00009,0.0001,0.00009,0.00011,0.00011,8.26E-05,0.00011096,0.00011495,0.00010986
1,16,0,0.00012,0.00009,0.00011,0.00007,0.00011,0.00011,7.65E-05,0.00010323,9.13E-05,0.000104195
1,16,1,0.00013,0.0001,0.00011,0.00008,0.00011,0.00012,7.31E-05,9.84E-05,9.12E-05,0.000100315
1,16,2,0.00013,0.0001,0.00011,0.00009,0.00011,0.00012,7.16E-05,9.69E-05,9.08E-05,9.73E-05
1,16,3,0.00013,0.0001,0.00009,0.00009,0.00011,0.00012,6.85E-05,9.47E-05,9.23E-05,9.51E-05
1,16,4,0.00013,0.0001,0.0001,0.00009,0.00011,0.00012,6.81E-05,9.50E-05,9.51E-05,9.52E-05
1,16,5,0.00013,0.0001,0.00009,0.00009,0.00012,0.00012,7.22E-05,9.75E-05,9.87E-05,9.79E-05
1,16,6,0.00013,0.0001,0.00009,0.00009,0.00012,0.00012,7.85E-05,9.78E-05,0.00010502,9.95E-05
1,16,7,0.00013,0.0001,0.00009,0.00009,0.00012,0.00012,8.87E-05,0.0001045,0.00010816,0.000104379
1,16,8,0.00013,0.00009,0.00009,0.00009,0.00011,0.00011,9.24E-05,0.00011339,0.00011319,0.000110791
1,16,9,0.00013,0.00009,0.00009,0.00009,0.00011,0.00012,9.37E-05,0.00011951,0.00011431,0.000114277
1,16,10,0.00013,0.0001,0.00009,0.00009,0.00011,0.00012,9.63E-05,0.00012468,0.00011505,0.000118328
1,16,11,0.00013,0.0001,0.00011,0.00009,0.00011,0.00012,9.80E-05,0.0001279,0.00011297,0.000123251
1,16,12,0.00013,0.00012,0.00012,0.0001,0.0001,0.00012,0.000100691,0.00012647,0.0001123,0.00012347
1,16,13,0.00014,0.00012,0.00013,0.0001,0.00012,0.00012,9.79E-05,0.00012377,0.00011238,0.000124496
1,16,14,0.00014,0.00012,0.00014,0.0001,0.00011,0.00012,9.36E-05,0.00012168,0.000114,0.000125225
1,16,15,0.00014,0.00012,0.00014,0.00009,0.00011,0.00012,8.92E-05,0.00012032,0.00011368,0.000124749
1,16,16,0.00013,0.00011,0.00013,0.00009,0.00011,0.00012,9.21E-05,0.00011812,0.00011786,0.000122189
1,16,17,0.00012,0.0001,0.00012,0.00009,0.00011,0.00011,0.000102111,0.00011707,0.00012532,0.000120629
1,16,18,0.00012,0.00009,0.00011,0.00008,0.00011,0.00011,0.000104345,0.00013055,0.00013564,0.000129299
1,16,19,0.00011,0.00009,0.0001,0.00008,0.00011,0.00011,0.00010387,0.00013536,0.00014313,0.000131903
1,16,20,0.00011,0.00009,0.0001,0.00008,0.00011,0.00011,0.000100851,0.00013178,0.00014565,0.000128079
1,16,21,0.00011,0.00009,0.0001,0.00008,0.0001,0.00011,9.36E-05,0.00012441,0.00014149,0.000122931
1,16,22,0.00012,0.00009,0.0001,0.00008,0.00011,0.00011,8.82E-05,0.00011527,0.00012924,0.000116477
1,16,23,0.00012,0.00009,0.00011,0.00008,0.00011,0.00011,8.24E-05,0.00010599,0.00011555,0.00010986
1,17,0,0.00012,0.00009,0.00012,0.00009,0.00011,0.00011,7.66E-05,9.98E-05,9.15E-05,0.000104195
1,17,1,0.00012,0.0001,0.00011,0.0001,0.00011,0.00012,7.34E-05,9.63E-05,9.09E-05,0.000100315
1,17,2,0.00013,0.0001,0.00011,0.0001,0.00012,0.00012,7.06E-05,9.27E-05,9.09E-05,9.73E-05
1,17,3,0.00013,0.0001,0.00009,0.0001,0.00011,0.00012,6.83E-05,9.03E-05,9.29E-05,9.51E-05
1,17,4,0.00013,0.0001,0.00009,0.0001,0.00011,0.00013,6.79E-05,8.92E-05,9.45E-05,9.52E-05
1,17,5,0.00013,0.0001,0.00009,0.0001,0.00011,0.00013,7.10E-05,8.92E-05,9.86E-05,9.79E-05
1,17,6,0.00013,0.0001,0.00009,0.0001,0.00011,0.00012,7.88E-05,8.58E-05,0.00010338,9.95E-05
1,17,7,0.00012,0.0001,0.0001,0.0001,0.00011,0.00012,8.75E-05,8.99E-05,0.00010924,0.000104379
1,17,8,0.00012,0.00009,0.00009,0.0001,0.00011,0.00012,9.36E-05,9.53E-05,0.00011309,0.000110791
1,17,9,0.00012,0.00009,0.0001,0.0001,0.00011,0.00012,9.29E-05,0.00010096,0.00011585,0.000114277
1,17,10,0.00013,0.0001,0.0001,0.00009,0.00011,0.00012,9.48E-05,0.00010526,0.00011433,0.000118328
1,17,11,0.00013,0.0001,0.00013,0.0001,0.00011,0.00012,9.84E-05,0.00010864,0.00011405,0.000123251
1,17,12,0.00013,0.00012,0.00013,0.0001,0.0001,0.00012,0.000100461,0.00010966,0.00011157,0.00012347
1,17,13,0.00013,0.00012,0.00015,0.00011,0.00012,0.00013,9.69E-05,0.00010905,0.00011288,0.000124496
1,17,14,0.00014,0.00012,0.00015,0.0001,0.00011,0.00012,9.35E-05,0.00010759,0.00011234,0.000125225
1,17,15,0.00013,0.00012,0.00013,0.0001,0.00011,0.00012,8.99E-05,0.00010632,0.00011433,0.000124749
1,17,16,0.00012,0.00011,0.00012,0.0001,0.00011,0.00011,9.17E-05,0.00010468,0.00011885,0.000122189
1,17,17,0.00012,0.0001,0.00011,0.00009,0.00011,0.00011,0.000101891,0.00010407,0.00012497,0.000120629
1,17,18,0.00011,0.0001,0.0001,0.00009,0.00011,0.00011,0.00010507,0.00011897,0.0001355,0.000129299
1,17,19,0.00011,0.0001,0.0001,0.00009,0.0001,0.00011,0.000104,0.00012579,0.00014208,0.000131903
1,17,20,0.00011,0.00009,0.0001,0.00008,0.0001,0.0001,0.000101371,0.00012373,0.00014488,0.000128079
1,17,21,0.00011,0.0001,0.0001,0.00008,0.0001,0.0001,9.48E-05,0.00011949,0.00013992,0.000122931
1,17,22,0.00011,0.0001,0.0001,0.00008,0.00011,0.0001,8.76E-05,0.00011205,0.00012811,0.000116477
1,17,23,0.00011,0.0001,0.0001,0.00008,0.00011,0.00011,8.23E-05,0.0001031,0.00011502,0.00010986
1,18,0,0.00012,0.0001,0.0001,0.00009,0.00011,0.00011,7.71E-05,9.76E-05,9.10E-05,0.000104195
1,18,1,0.00012,0.0001,0.00011,0.0001,0.00011,0.00012,7.33E-05,9.41E-05,9.07E-05,0.000100315
1,18,2,0.00012,0.0001,0.00011,0.00011,0.00011,0.00012,7.02E-05,9.19E-05,9.24E-05,9.73E-05
1,18,3,0.00012,0.0001,0.0001,0.00011,0.00011,0.00012,6.89E-05,9.12E-05,9.26E-05,9.51E-05
1,18,4,0.00012,0.0001,0.0001,0.00011,0.00011,0.00013,6.74E-05,9.37E-05,9.62E-05,9.52E-05
1,18,5,0.00012,0.0001,0.0001,0.0001,0.00011,0.00013,7.17E-05,0.00010076,9.91E-05,9.79E-05
1,18,6,0.00012,0.0001,0.00009,0.0001,0.00011,0.00013,7.98E-05,0.00010355,0.00010374,9.95E-05
1,18,7,0.00011,0.0001,0.0001,0.0001,0.00011,0.00012,8.75E-05,0.00011102,0.00010925,0.000104379
1,18,8,0.00011,0.00009,0.0001,0.0001,0.00011,0.00012,9.51E-05,0.00011993,0.00011256,0.000110791
1,18,9,0.00011,0.00009,0.00007,0.0001,0.00011,0.00012,9.45E-05,0.00012557,0.00011445,0.000114277
1,18,10,0.00012,0.00009,0.00009,0.00009,0.00011,0.00012,9.46E-05,0.00013096,0.0001147,0.000118328
1,18,11,0.00012,0.0001,0.00011,0.0001,0.00011,0.00012,9.93E-05,0.0001347,0.00011394,0.000123251
1,18,12,0.00012,0.00012,0.00014,0.0001,0.0001,0.00011,0.000101991,0.00013228,0.0001121,0.00012347
1,18,13,0.00013,0.00012,0.00014,0.00011,0.00011,0.00012,9.95E-05,0.00013294,0.00011204,0.000124496
1,18,14,0.00013,0.00012,0.00014,0.0001,0.00011,0.00012,9.58E-05,0.00013518,0.00011111,0.000125225
1,18,15,0.00013,0.00012,0.00013,0.0001,0.00011,0.00012,9.23E-05,0.00013448,0.0001126,0.000124749
1,18,16,0.00012,0.00011,0.00013,0.0001,0.00011,0.00012,9.57E-05,0.00013211,0.000117,0.000122189
1,18,17,0.00011,0.0001,0.00012,0.00009,0.00011,0.00011,0.00010543,0.00012829,0.00012501,0.000120629
1,18,18,0.00011,0.0001,0.0001,0.00009,0.00011,0.00011,0.000103995,0.00013886,0.00013556,0.000129299
1,18,19,0.00011,0.0001,0.0001,0.00009,0.0001,0.00011,0.00010304,0.00014233,0.0001434,0.000131903
1,18,20,0.00011,0.00009,0.0001,0.00008,0.0001,0.0001,9.94E-05,0.00013827,0.00014431,0.000128079
1,18,21,0.00011,0.0001,0.0001,0.00008,0.0001,0.0001,9.52E-05,0.00013134,0.00013952,0.000122931
1,18,22,0.00011,0.0001,0.0001,0.00008,0.00011,0.0001,8.81E-05,0.00011933,0.00012865,0.000116477
1,18,23,0.00011,0.0001,0.0001,0.00008,0.00011,0.00011,8.45E-05,0.0001084,0.00011544,0.00010986
1,19,0,0.00012,0.0001,0.0001,0.00009,0.00011,0.00011,7.93E-05,0.00010284,9.03E-05,0.000104195
1,19,1,0.00012,0.0001,0.00011,0.0001,0.00011,0.00012,7.47E-05,9.88E-05,9.03E-05,0.000100315
1,19,2,0.00012,0.0001,0.00011,0.00011,0.00011,0.00012,7.25E-05,9.52E-05,9.14E-05,9.73E-05
1,19,3,0.00012,0.0001,0.0001,0.00011,0.00011,0.00012,7.01E-05,9.43E-05,9.13E-05,9.51E-05
1,19,4,0.00012,0.00011,0.0001,0.00011,0.00012,0.00013,6.94E-05,9.69E-05,9.34E-05,9.52E-05
1,19,5,0.00012,0.0001,0.0001,0.00011,0.00012,0.00013,7.20E-05,0.00010553,9.88E-05,9.79E-05
1,19,6,0.00012,0.00011,0.0001,0.00011,0.00011,0.00012,7.31E-05,0.0001083,0.00010342,9.95E-05
1,19,7,0.00012,0.0001,0.0001,0.0001,0.00011,0.00012,8.19E-05,0.00011365,0.00010914,0.000104379
1,19,8,0.00011,0.0001,0.0001,0.0001,0.00011,0.00012,8.43E-05,0.00012226,0.00011288,0.000110791
1,19,9,0.00012,0.0001,0.0001,0.0001,0.00011,0.00012,8.60E-05,0.00012724,0.00011546,0.000114277
1,19,10,0.00012,0.0001,0.00011,0.0001,0.00011,0.00012,8.56E-05,0.00013263,0.00011411,0.000118328
1,19,11,0.00012,0.0001,0.00014,0.0001,0.00011,0.00012,9.09E-05,0.00013599,0.00011297,0.000123251
1,19,12,0.00012,0.00012,0.00015,0.0001,0.00011,0.00012,9.62E-05,0.00013348,0.00011116,0.00012347
1,19,13,0.00013,0.00012,0.00016,0.00011,0.00012,0.00013,8.59E-05,0.00013417,0.00011106,0.000124496
1,19,14,0.00014,0.00012,0.00017,0.00011,0.00012,0.00013,7.71E-05,0.00013646,0.00011213,0.000125225
1,19,15,0.00013,0.00012,0.00015,0.0001,0.00012,0.00012,7.39E-05,0.00013552,0.00011406,0.000124749
1,19,16,0.00012,0.00011,0.00013,0.0001,0.00011,0.00012,7.74E-05,0.00013365,0.00011785,0.000122189
1,19,17,0.00012,0.0001,0.00012,0.00009,0.00011,0.00011,9.00E-05,0.00012908,0.00012483,0.000120629
1,19,18,0.00011,0.0001,0.0001,0.00009,0.00011,0.00011,9.51E-05,0.00014152,0.00013467,0.000129299
1,19,19,0.00011,0.0001,0.0001,0.00009,0.0001,0.00011,9.50E-05,0.00014546,0.0001432,0.000131903
1,19,20,0.00011,0.00009,0.0001,0.00008,0.0001,0.0001,9.34E-05,0.00014037,0.00014522,0.000128079
1,19,21,0.00011,0.0001,0.0001,0.00008,0.0001,0.0001,9.03E-05,0.00013144,0.00013921,0.000122931
1,19,22,0.00011,0.0001,0.0001,0.00008,0.00011,0.0001,8.46E-05,0.00012078,0.00012695,0.000116477
1,19,23,0.00012,0.0001,0.0001,0.00008,0.00011,0.00011,7.93E-05,0.00011075,0.00011485,0.00010986
1,20,0,0.00012,0.0001,0.0001,0.00009,0.00011,0.00011,7.31E-05,0.00010235,8.94E-05,0.000104195
1,20,1,0.00012,0.0001,0.00011,0.0001,0.00011,0.00012,6.96E-05,9.73E-05,9.03E-05,0.000100315
1,20,2,0.00013,0.0001,0.00011,0.00011,0.00011,0.00012,6.73E-05,9.43E-05,8.97E-05,9.73E-05
1,20,3,0.00013,0.00011,0.00011,0.00011,0.00012,0.00013,6.58E-05,9.40E-05,9.26E-05,9.51E-05
1,20,4,0.00013,0.00011,0.00011,0.00011,0.00012,0.00013,6.48E-05,9.67E-05,9.50E-05,9.52E-05
1,20,5,0.00013,0.0001,0.00011,0.00011,0.00012,0.00013,6.83E-05,0.00010644,9.85E-05,9.79E-05
1,20,6,0.00013,0.0001,0.00011,0.00011,0.00012,0.00013,7.35E-05,0.00010933,0.000103,9.95E-05
1,20,7,0.00013,0.0001,0.00011,0.0001,0.00012,0.00012,8.09E-05,0.00011579,0.00010936,0.000104379
1,20,8,0.00012,0.0001,0.00011,0.0001,0.00012,0.00012,8.75E-05,0.00012362,0.00011167,0.000110791
1,20,9,0.00013,0.0001,0.00011,0.0001,0.00012,0.00012,9.10E-05,0.00012919,0.00011442,0.000114277
1,20,10,0.00013,0.0001,0.00012,0.0001,0.00012,0.00012,9.14E-05,0.00013483,0.00011446,0.000118328
1,20,11,0.00013,0.00011,0.00014,0.0001,0.00012,0.00012,9.38E-05,0.00013878,0.00011349,0.000123251
1,20,12,0.00013,0.00012,0.00015,0.00011,0.00011,0.00012,9.55E-05,0.00013435,0.00011203,0.00012347
1,20,13,0.00013,0.00012,0.00014,0.00011,0.00012,0.00013,9.64E-05,0.00013529,0.00011151,0.000124496
1,20,14,0.00014,0.00012,0.00016,0.00011,0.00012,0.00013,9.22E-05,0.0001377,0.00011177,0.000125225
1,20,15,0.00013,0.00012,0.00014,0.0001,0.00012,0.00012,8.94E-05,0.00013787,0.00011288,0.000124749
1,20,16,0.00013,0.00011,0.00014,0.0001,0.00011,0.00012,8.99E-05,0.00013471,0.00011758,0.000122189
1,20,17,0.00012,0.0001,0.00012,0.0001,0.00012,0.00012,0.000100791,0.00013086,0.0001253,0.000120629
1,20,18,0.00011,0.0001,0.00011,0.00009,0.00011,0.00011,0.00010554,0.00014212,0.00013317,0.000129299
1,20,19,0.00011,0.0001,0.0001,0.00009,0.00011,0.00011,0.00010439,0.00014573,0.00014292,0.000131903
1,20,20,0.00011,0.0001,0.0001,0.00009,0.00011,0.00011,9.99E-05,0.00013921,0.00014471,0.000128079
1,20,21,0.00011,0.0001,0.0001,0.00009,0.00011,0.00011,9.70E-05,0.00013127,0.00013794,0.000122931
1,20,22,0.00011,0.0001,0.0001,0.00009,0.00011,0.00011,9.20E-05,0.00012004,0.00012729,0.000116477
1,20,23,0.00012,0.0001,0.0001,0.00009,0.00011,0.00011,8.59E-05,0.0001111,0.00011539,0.00010986
1,21,0,0.00012,0.0001,0.00011,0.0001,0.00012,0.00012,8.09E-05,0.00010213,9.01E-05,0.000104195
1,21,1,0.00012,0.0001,0.00011,0.00011,0.00012,0.00012,7.42E-05,9.81E-05,9.04E-05,0.000100315
1,21,2,0.00013,0.0001,0.00011,0.00011,0.00012,0.00012,7.21E-05,9.53E-05,9.08E-05,9.73E-05
1,21,3,0.00013,0.00011,0.0001,0.00011,0.00012,0.00013,6.96E-05,9.48E-05,9.16E-05,9.51E-05
1,21,4,0.00013,0.00011,0.00009,0.00011,0.00012,0.00013,6.96E-05,9.76E-05,9.44E-05,9.52E-05
1,21,5,0.00013,0.00011,0.00009,0.00011,0.00012,0.00013,7.39E-05,0.00010495,9.72E-05,9.79E-05
1,21,6,0.00013,0.0001,0.00009,0.00011,0.00011,0.00013,8.07E-05,0.00010865,0.00010375,9.95E-05
1,21,7,0.00013,0.0001,0.00009,0.0001,0.00012,0.00012,8.75E-05,0.00011426,0.00010834,0.000104379
1,21,8,0.00013,0.0001,0.00009,0.0001,0.00011,0.00012,9.10E-05,0.00012232,0.00011314,0.000110791
1,21,9,0.00013,0.0001,0.0001,0.0001,0.00011,0.00012,9.40E-05,0.00012886,0.00011417,0.000114277
1,21,10,0.00013,0.0001,0.0001,0.0001,0.00011,0.00012,9.65E-05,0.00013429,0.00011296,0.000118328
1,21,11,0.00013,0.00011,0.00012,0.0001,0.00011,0.00012,9.90E-05,0.00013665,0.00011241,0.000123251
1,21,12,0.00013,0.00012,0.00014,0.00011,0.00011,0.00012,0.000101991,0.00013489,0.00011263,0.00012347
1,21,13,0.00014,0.00012,0.00015,0.00011,0.00012,0.00013,9.80E-05,0.00013618,0.0001113,0.000124496
1,21,14,0.00014,0.00012,0.00014,0.00011,0.00012,0.00012,9.40E-05,0.00013713,0.00011138,0.000125225
1,21,15,0.00014,0.00012,0.00014,0.0001,0.00012,0.00012,9.19E-05,0.00013719,0.00011172,0.000124749
1,21,16,0.00013,0.00011,0.00012,0.0001,0.00012,0.00012,9.33E-05,0.00013467,0.00011695,0.000122189
1,21,17,0.00012,0.0001,0.00012,0.0001,0.00012,0.00012,0.00010499,0.00013154,0.00012429,0.000120629
1,21,18,0.00012,0.0001,0.0001,0.0001,0.00011,0.00011,0.00010624,0.00014133,0.00013436,0.000129299
1,21,19,0.00011,0.0001,0.00009,0.00009,0.00011,0.00011,0.00010275,0.00014452,0.00014209,0.000131903
1,21,20,0.00011,0.0001,0.00009,0.00009,0.00011,0.00011,0.000101891,0.00014043,0.00014461,0.000128079
1,21,21,0.00011,0.0001,0.00009,0.00009,0.00011,0.00011,9.64E-05,0.00013275,0.00013748,0.000122931
1,21,22,0.00012,0.0001,0.00009,0.00009,0.00011,0.00011,8.96E-05,0.00012153,0.00012852,0.000116477
1,21,23,0.00012,0.0001,0.0001,0.00009,0.00011,0.00011,8.32E-05,0.00011136,0.00011498,0.00010986
1,22,0,0.00012,0.0001,0.00011,0.0001,0.00011,0.00012,7.75E-05,0.00010415,9.08E-05,0.000104195
1,22,1,0.00013,0.0001,0.0001,0.00011,0.00011,0.00012,7.34E-05,0.00010039,9.07E-05,0.000100315
1,22,2,0.00013,0.00011,0.00011,0.00011,0.00012,0.00012,7.15E-05,9.79E-05,8.97E-05,9.73E-05
1,22,3,0.00013,0.00011,0.0001,0.00011,0.00012,0.00013,6.94E-05,9.68E-05,9.18E-05,9.51E-05
1,22,4,0.00013,0.00011,0.00009,0.00011,0.00012,0.00013,6.94E-05,9.86E-05,9.38E-05,9.52E-05
1,22,5,0.00013,0.00011,0.00009,0.00011,0.00012,0.00013,7.31E-05,0.00010636,9.62E-05,9.79E-05
1,22,6,0.00013,0.0001,0.00009,0.00011,0.00012,0.00012,8.09E-05,0.00010941,0.00010263,9.95E-05
1,22,7,0.00013,0.0001,0.00009,0.0001,0.00012,0.00012,8.75E-05,0.00011637,0.00010926,0.000104379
1,22,8,0.00013,0.0001,0.0001,0.0001,0.00012,0.00012,9.40E-05,0.00012529,0.00011165,0.000110791
1,22,9,0.00013,0.0001,0.0001,0.0001,0.00012,0.00012,9.45E-05,0.00013114,0.00011515,0.000114277
1,22,10,0.00013,0.0001,0.0001,0.0001,0.00012,0.00012,9.75E-05,0.00013627,0.00011451,0.000118328
1,22,11,0.00013,0.0001,0.00011,0.0001,0.00012,0.00012,1.00E-04,0.00014006,0.00011115,0.000123251
1,22,12,0.00013,0.00012,0.00013,0.0001,0.00011,0.00012,0.000101391,0.00013711,0.00011227,0.00012347
1,22,13,0.00014,0.00012,0.00014,0.00011,0.00012,0.00013,9.68E-05,0.00013689,0.00011192,0.000124496
1,22,14,0.00014,0.00013,0.00015,0.00011,0.00012,0.00012,9.37E-05,0.0001395,0.00011249,0.000125225
1,22,15,0.00014,0.00012,0.00013,0.00011,0.00012,0.00012,9.09E-05,0.0001398,0.00011215,0.000124749
1,22,16,0.00013,0.00011,0.00011,0.00011,0.00012,0.00012,9.07E-05,0.00013667,0.00011629,0.000122189
1,22,17,0.00012,0.0001,0.0001,0.0001,0.00012,0.00011,0.000101171,0.00013193,0.00012458,0.000120629
1,22,18,0.00012,0.0001,0.00009,0.0001,0.00011,0.00011,0.000105845,0.00014079,0.00013538,0.000129299
1,22,19,0.00012,0.0001,0.0001,0.0001,0.00011,0.00011,0.00010539,0.00014459,0.00014092,0.000131903
1,22,20,0.00012,0.0001,0.00009,0.00009,0.00011,0.00011,0.000102011,0.00013988,0.00014266,0.000128079
1,22,21,0.00012,0.0001,0.0001,0.00009,0.00011,0.00011,9.54E-05,0.00013306,0.00013836,0.000122931
1,22,22,0.00012,0.0001,0.0001,0.00009,0.00011,0.00011,9.01E-05,0.0001232,0.00012769,0.000116477
1,22,23,0.00012,0.0001,0.0001,0.00009,0.00011,0.00011,8.23E-05,0.00011336,0.00011526,0.00010986
1,23,0,0.00012,0.0001,0.00011,0.0001,0.00012,0.00011,7.79E-05,0.00010775,8.96E-05,0.000104195
1,23,1,0.00013,0.0001,0.00011,0.00011,0.00012,0.00012,7.29E-05,0.00010292,8.97E-05,0.000100315
1,23,2,0.00013,0.0001,0.00011,0.00011,0.00012,0.00012,7.00E-05,0.00010066,8.99E-05,9.73E-05
1,23,3,0.00013,0.00011,0.0001,0.00011,0.00012,0.00012,6.89E-05,9.96E-05,9.12E-05,9.51E-05
1,23,4,0.00013,0.00011,0.0001,0.00011,0.00012,0.00013,6.76E-05,0.0001003,9.37E-05,9.52E-05
1,23,5,0.00013,0.0001,0.00009,0.00011,0.00012,0.00013,7.07E-05,0.00010214,9.75E-05,9.79E-05
1,23,6,0.00013,0.00011,0.00009,0.00011,0.00012,0.00013,7.84E-05,0.00010118,0.0001026,9.95E-05
1,23,7,0.00013,0.0001,0.00009,0.0001,0.00012,0.00012,8.95E-05,0.00010871,0.00010752,0.000104379
1,23,8,0.00013,0.0001,0.00009,0.0001,0.00011,0.00012,9.30E-05,0.00011691,0.00011162,0.000110791
1,23,9,0.00013,0.0001,0.00009,0.0001,0.00012,0.00012,9.35E-05,0.00012227,0.00011336,0.000114277
1,23,10,0.00013,0.0001,0.0001,0.0001,0.00012,0.00012,9.52E-05,0.00012733,0.00011281,0.000118328
1,23,11,0.00013,0.0001,0.00011,0.0001,0.00011,0.00012,9.97E-05,0.00013057,0.00011245,0.000123251
1,23,12,0.00013,0.00012,0.00012,0.00011,0.00011,0.00012,0.000101991,0.00012943,0.00011119,0.00012347
1,23,13,0.00014,0.00012,0.00015,0.00011,0.00012,0.00013,9.98E-05,0.00012576,0.0001117,0.000124496
1,23,14,0.00014,0.00012,0.00013,0.00011,0.00012,0.00012,9.67E-05,0.00012385,0.00011071,0.000125225
1,23,15,0.00014,0.00012,0.00011,0.0001,0.00011,0.00012,9.16E-05,0.00012351,0.00011278,0.000124749
1,23,16,0.00013,0.00011,0.00011,0.0001,0.00012,0.00012,9.28E-05,0.00012122,0.00011643,0.000122189
1,23,17,0.00012,0.0001,0.00011,0.0001,0.00012,0.00011,0.00010339,0.0001205,0.00012358,0.000120629
1,23,18,0.00012,0.0001,0.0001,0.0001,0.00011,0.00011,0.0001065,0.00013419,0.00013377,0.000129299
1,23,19,0.00011,0.0001,0.0001,0.0001,0.00011,0.00011,0.00010564,0.00013883,0.00014182,0.000131903
1,23,20,0.00011,0.0001,0.0001,0.00009,0.00011,0.00011,0.00010274,0.00013525,0.00014384,0.000128079
1,23,21,0.00011,0.0001,0.0001,0.00009,0.00011,0.00011,9.87E-05,0.00012747,0.0001389,0.000122931
1,23,22,0.00012,0.0001,0.0001,0.00009,0.00011,0.00011,9.23E-05,0.00011624,0.00012654,0.000116477
1,23,23,0.00012,0.0001,0.00011,0.00009,0.00011,0.00011,8.60E-05,0.0001078,0.0001125,0.00010986
1,24,0,0.00012,0.0001,0.00011,0.0001,0.00012,0.00012,7.85E-05,0.00010168,8.93E-05,0.000104195
1,24,1,0.00012,0.0001,0.00011,0.00011,0.00012,0.00012,7.50E-05,9.68E-05,8.97E-05,0.000100315
1,24,2,0.00013,0.0001,0.00011,0.00011,0.00012,0.00013,7.21E-05,9.42E-05,9.03E-05,9.73E-05
1,24,3,0.00013,0.0001,0.00011,0.00011,0.00012,0.00012,7.02E-05,9.21E-05,9.13E-05,9.51E-05
1,24,4,0.00013,0.0001,0.00011,0.00011,0.00011,0.00012,6.84E-05,9.05E-05,9.28E-05,9.52E-05
1,24,5,0.00013,0.0001,0.0001,0.00011,0.00012,0.00012,7.21E-05,9.08E-05,9.76E-05,9.79E-05
1,24,6,0.00013,0.0001,0.0001,0.00011,0.00012,0.00012,8.03E-05,8.80E-05,0.00010259,9.95E-05
1,24,7,0.00012,0.0001,0.0001,0.0001,0.00012,0.00012,9.05E-05,9.14E-05,0.00010804,0.000104379
1,24,8,0.00012,0.00009,0.0001,0.0001,0.00011,0.00012,9.45E-05,9.76E-05,0.00011299,0.000110791
1,24,9,0.00012,0.00009,0.0001,0.0001,0.00011,0.00011,9.70E-05,0.0001025,0.00011383,0.000114277
1,24,10,0.00013,0.00009,0.00011,0.0001,0.00011,0.00011,9.79E-05,0.0001065,0.00011237,0.000118328
1,24,11,0.00013,0.0001,0.00012,0.0001,0.00011,0.00011,0.000100081,0.00010962,0.00011185,0.000123251
1,24,12,0.00013,0.00012,0.00014,0.0001,0.00011,0.00011,0.00010336,0.00011038,0.00011133,0.00012347
1,24,13,0.00013,0.00012,0.00014,0.00011,0.00012,0.00012,9.90E-05,0.00010919,0.00011128,0.000124496
1,24,14,0.00014,0.00012,0.00015,0.0001,0.00012,0.00012,9.30E-05,0.00010715,0.00011046,0.000125225
1,24,15,0.00013,0.00012,0.00014,0.0001,0.00011,0.00011,9.28E-05,0.00010606,0.00011229,0.000124749
1,24,16,0.00012,0.00011,0.00012,0.0001,0.00011,0.00011,9.50E-05,0.00010465,0.00011638,0.000122189
1,24,17,0.00012,0.0001,0.00011,0.0001,0.00011,0.00011,0.00010399,0.00010399,0.00012403,0.000120629
1,24,18,0.00011,0.0001,0.0001,0.00009,0.00011,0.00011,0.000104515,0.00012016,0.00013385,0.000129299
1,24,19,0.00011,0.00009,0.00009,0.00009,0.00011,0.0001,0.00010363,0.00012807,0.00013985,0.000131903
1,24,20,0.00011,0.00009,0.00009,0.00009,0.00011,0.0001,0.000101551,0.00012575,0.00014332,0.000128079
1,24,21,0.00011,0.0001,0.00009,0.00009,0.00011,0.0001,9.65E-05,0.00012031,0.00013695,0.000122931
1,24,22,0.00011,0.00009,0.00009,0.00009,0.00011,0.0001,9.04E-05,0.0001113,0.00012689,0.000116477
1,24,23,0.00011,0.0001,0.00009,0.00009,0.00011,0.0001,8.41E-05,0.00010163,0.0001134,0.00010986
1,25,0,0.00012,0.0001,0.0001,0.0001,0.00012,0.00011,7.65E-05,9.68E-05,8.95E-05,0.000104195
1,25,1,0.00012,0.0001,0.00011,0.0001,0.00012,0.00011,7.23E-05,9.39E-05,8.90E-05,0.000100315
1,25,2,0.00012,0.0001,0.00011,0.00011,0.00012,0.00012,7.11E-05,9.14E-05,9.01E-05,9.73E-05
1,25,3,0.00012,0.0001,0.00011,0.00011,0.00012,0.00013,6.97E-05,9.07E-05,9.09E-05,9.51E-05
1,25,4,0.00012,0.0001,0.0001,0.00011,0.00012,0.00013,6.84E-05,9.38E-05,9.31E-05,9.52E-05
1,25,5,0.00012,0.0001,0.0001,0.00011,0.00012,0.00013,7.25E-05,0.00010204,9.77E-05,9.79E-05
1,25,6,0.00012,0.0001,0.0001,0.00011,0.00012,0.00012,7.96E-05,0.00010537,0.00010221,9.95E-05
1,25,7,0.00011,0.0001,0.0001,0.0001,0.00012,0.00012,8.83E-05,0.00011172,0.00010814,0.000104379
1,25,8,0.00011,0.00009,0.0001,0.0001,0.00011,0.00012,9.35E-05,0.00012057,0.00011207,0.000110791
1,25,9,0.00011,0.00009,0.0001,0.0001,0.00011,0.00012,9.70E-05,0.00012615,0.00011291,0.000114277
1,25,10,0.00012,0.0001,0.00011,0.0001,0.00011,0.00012,9.80E-05,0.00013189,0.00011293,0.000118328
1,25,11,0.00012,0.0001,0.00012,0.0001,0.00011,0.00012,0.000101991,0.00013568,0.00011125,0.000123251
1,25,12,0.00012,0.00012,0.00014,0.0001,0.00011,0.00012,0.00010299,0.00013313,0.00011025,0.00012347
1,25,13,0.00013,0.00012,0.00015,0.00011,0.00011,0.00012,1.00E-04,0.00013343,0.00010941,0.000124496
1,25,14,0.00013,0.00012,0.00015,0.00011,0.00011,0.00012,9.60E-05,0.00013559,0.00010946,0.000125225
1,25,15,0.00013,0.00012,0.00013,0.0001,0.00011,0.00012,9.35E-05,0.00013568,0.00011228,0.000124749
1,25,16,0.00012,0.00011,0.00012,0.0001,0.00011,0.00012,9.38E-05,0.00013368,0.00011612,0.000122189
1,25,17,0.00011,0.0001,0.00011,0.0001,0.00011,0.00011,0.00010449,0.00012943,0.0001238,0.000120629
1,25,18,0.00011,0.0001,0.0001,0.00009,0.00011,0.00011,0.000105325,0.00013878,0.00013288,0.000129299
1,25,19,0.00011,0.0001,0.00009,0.00009,0.00011,0.00011,0.0001033,0.00014204,0.00014079,0.000131903
1,25,20,0.00011,0.0001,0.00009,0.00009,0.00011,0.00011,0.000101581,0.00013768,0.00014165,0.000128079
1,25,21,0.00011,0.00009,0.00009,0.00009,0.00011,0.00011,9.62E-05,0.00013038,0.00013647,0.000122931
1,25,22,0.00011,0.00009,0.00009,0.00009,0.00011,0.00011,9.04E-05,0.00011784,0.00012566,0.000116477
1,25,23,0.00011,0.0001,0.0001,0.00009,0.00011,0.00011,8.33E-05,0.00010742,0.00011226,0.00010986
1,26,0,0.00012,0.0001,0.0001,0.0001,0.00011,0.00012,8.11E-05,0.00010092,8.84E-05,0.000104195
1,26,1,0.00012,0.0001,0.00011,0.00011,0.00011,0.00012,7.62E-05,9.68E-05,9.09E-05,0.000100315
1,26,2,0.00012,0.0001,0.00011,0.00011,0.00011,0.00012,7.35E-05,9.43E-05,9.00E-05,9.73E-05
1,26,3,0.00012,0.00011,0.0001,0.00011,0.00012,0.00012,7.17E-05,9.34E-05,9.11E-05,9.51E-05
1,26,4,0.00012,0.00011,0.00009,0.00011,0.00012,0.00013,7.05E-05,9.65E-05,9.23E-05,9.52E-05
1,26,5,0.00012,0.00011,0.00009,0.00011,0.00012,0.00013,7.24E-05,0.00010559,9.64E-05,9.79E-05
1,26,6,0.00012,0.00011,0.00009,0.0001,0.00012,0.00013,7.58E-05,0.00010746,0.00010126,9.95E-05
1,26,7,0.00012,0.0001,0.00009,0.0001,0.00011,0.00012,8.21E-05,0.00011347,0.000108,0.000104379
1,26,8,0.00011,0.0001,0.00009,0.0001,0.00011,0.00012,8.48E-05,0.00012173,0.00011192,0.000110791
1,26,9,0.00012,0.00009,0.00009,0.00009,0.00011,0.00012,8.38E-05,0.00012667,0.0001134,0.000114277
1,26,10,0.00012,0.00009,0.0001,0.00009,0.00012,0.00012,8.43E-05,0.00013286,0.00011248,0.000118328
1,26,11,0.00012,0.0001,0.00012,0.00009,0.00011,0.00012,9.19E-05,0.0001357,0.00011086,0.000123251
1,26,12,0.00012,0.00012,0.00012,0.0001,0.00011,0.00012,9.83E-05,0.00013364,0.00011033,0.00012347
1,26,13,0.00013,0.00012,0.00014,0.00011,0.00012,0.00013,8.34E-05,0.00013467,0.00011001,0.000124496
1,26,14,0.00013,0.00012,0.00014,0.0001,0.00012,0.00012,7.50E-05,0.0001375,0.00011054,0.000125225
1,26,15,0.00013,0.00012,0.00013,0.0001,0.00011,0.00012,7.28E-05,0.00013733,0.00011074,0.000124749
1,26,16,0.00012,0.00011,0.00012,0.0001,0.00011,0.00012,7.51E-05,0.00013419,0.00011534,0.000122189
1,26,17,0.00012,0.0001,0.00011,0.0001,0.00012,0.00011,8.56E-05,0.00013037,0.00012248,0.000120629
1,26,18,0.00011,0.0001,0.0001,0.0001,0.00011,0.00011,9.14E-05,0.00013973,0.00013094,0.000129299
1,26,19,0.00011,0.0001,0.0001,0.00009,0.00011,0.00011,9.16E-05,0.00014515,0.00014029,0.000131903
1,26,20,0.00011,0.0001,0.0001,0.00009,0.0001,0.00011,9.14E-05,0.00014094,0.00014199,0.000128079
1,26,21,0.00011,0.0001,0.0001,0.00009,0.00011,0.00011,8.76E-05,0.00013188,0.00013618,0.000122931
1,26,22,0.00011,0.0001,0.0001,0.00009,0.00011,0.00011,8.19E-05,0.00012033,0.00012569,0.000116477
1,26,23,0.00012,0.0001,0.0001,0.00009,0.00012,0.00011,7.82E-05,0.00010959,0.00011365,0.00010986
1,27,0,0.00012,0.0001,0.00011,0.0001,0.00012,0.00012,7.18E-05,0.00010242,8.93E-05,0.000104195
1,27,1,0.00012,0.0001,0.00011,0.00011,0.00012,0.00012,6.85E-05,9.87E-05,8.95E-05,0.000100315
1,27,2,0.00013,0.0001,0.00011,0.00011,0.00012,0.00013,6.57E-05,9.54E-05,8.92E-05,9.73E-05
1,27,3,0.00013,0.0001,0.00011,0.00011,0.00012,0.00013,6.49E-05,9.51E-05,9.08E-05,9.51E-05
1,27,4,0.00013,0.0001,0.00011,0.00011,0.00012,0.00013,6.28E-05,9.85E-05,9.29E-05,9.52E-05
1,27,5,0.00013,0.0001,0.00011,0.00011,0.00012,0.00013,6.64E-05,0.00010783,9.60E-05,9.79E-05
1,27,6,0.00013,0.00011,0.00011,0.00011,0.00011,0.00013,7.42E-05,0.00010941,0.00010097,9.95E-05
1,27,7,0.00012,0.00011,0.0001,0.0001,0.00011,0.00012,8.20E-05,0.00011526,0.00010703,0.000104379
1,27,8,0.00012,0.0001,0.0001,0.0001,0.00011,0.00012,8.83E-05,0.00012317,0.00011062,0.000110791
1,27,9,0.00012,0.0001,0.0001,0.0001,0.00011,0.00012,8.77E-05,0.00012831,0.00011253,0.000114277
1,27,10,0.00013,0.0001,0.00011,0.0001,0.00011,0.00012,8.85E-05,0.00013395,0.00011269,0.000118328
1,27,11,0.00013,0.00011,0.00013,0.0001,0.00011,0.00012,9.23E-05,0.00013808,0.00011063,0.000123251
1,27,12,0.00013,0.00012,0.00014,0.0001,0.00011,0.00012,9.55E-05,0.00013493,0.00011008,0.00012347
1,27,13,0.00013,0.00013,0.00015,0.00012,0.00012,0.00013,9.25E-05,0.00013524,0.00010936,0.000124496
1,27,14,0.00014,0.00013,0.00015,0.00011,0.00011,0.00013,8.95E-05,0.0001385,0.00010915,0.000125225
1,27,15,0.00013,0.00013,0.00014,0.0001,0.00011,0.00012,8.50E-05,0.00013891,0.00011054,0.000124749
1,27,16,0.00012,0.00012,0.00014,0.0001,0.00011,0.00012,8.63E-05,0.00013592,0.00011476,0.000122189
1,27,17,0.00012,0.00011,0.00012,0.0001,0.00011,0.00012,9.92E-05,0.00013118,0.00012301,0.000120629
1,27,18,0.00011,0.00011,0.00011,0.0001,0.00011,0.00011,0.00010268,0.00014061,0.00013281,0.000129299
1,27,19,0.00011,0.0001,0.00011,0.0001,0.00011,0.00011,0.000102121,0.00014585,0.00013901,0.000131903
1,27,20,0.00011,0.0001,0.00011,0.00009,0.00011,0.00011,9.91E-05,0.00014227,0.00014181,0.000128079
1,27,21,0.00011,0.0001,0.00011,0.00009,0.00011,0.00011,9.49E-05,0.00013379,0.00013678,0.000122931
1,27,22,0.00011,0.0001,0.00011,0.00009,0.00011,0.00011,8.80E-05,0.00012205,0.00012611,0.000116477
1,27,23,0.00012,0.00011,0.00011,0.0001,0.00011,0.00011,8.28E-05,0.00011039,0.0001117,0.00010986
1,28,0,0.00012,0.00011,0.00012,0.0001,0.00012,0.00012,7.79E-05,0.00010332,8.90E-05,0.000104195
1,28,1,0.00012,0.00011,0.00012,0.00011,0.00012,0.00012,7.47E-05,9.95E-05,8.91E-05,0.000100315
1,28,2,0.00013,0.00011,0.00012,0.00012,0.00012,0.00012,7.25E-05,9.71E-05,8.95E-05,9.73E-05
1,28,3,0.00013,0.00011,0.00012,0.00011,0.00011,0.00013,7.08E-05,9.60E-05,8.91E-05,9.51E-05
1,28,4,0.00013,0.00011,0.00011,0.00011,0.00012,0.00013,6.94E-05,9.94E-05,9.07E-05,9.52E-05
1,28,5,0.00013,0.00011,0.00011,0.00011,0.00012,0.00013,7.35E-05,0.00010842,9.53E-05,9.79E-05
1,28,6,0.00013,0.00011,0.00011,0.00011,0.00011,0.00013,8.06E-05,0.00011025,0.00010188,9.95E-05
1,28,7,0.00013,0.00011,0.0001,0.00011,0.00011,0.00012,9.06E-05,0.00011564,0.00010684,0.000104379
1,28,8,0.00013,0.0001,0.0001,0.00011,0.00011,0.00012,9.55E-05,0.00012382,0.00011071,0.000110791
1,28,9,0.00013,0.0001,0.0001,0.0001,0.00011,0.00012,9.46E-05,0.00012903,0.00011276,0.000114277
1,28,10,0.00013,0.00011,0.00011,0.0001,0.00011,0.00012,9.62E-05,0.00013422,0.00011112,0.000118328
1,28,11,0.00013,0.00011,0.00013,0.0001,0.00011,0.00012,1.00E-04,0.00013821,0.00010992,0.000123251
1,28,12,0.00013,0.00013,0.00014,0.00011,0.00011,0.00012,0.00010259,0.00013596,0.0001098,0.00012347
1,28,13,0.00014,0.00013,0.00015,0.00012,0.00012,0.00013,9.75E-05,0.00013741,0.00010821,0.000124496
1,28,14,0.00014,0.00013,0.00015,0.00011,0.00012,0.00013,9.43E-05,0.00014032,0.00010917,0.000125225
1,28,15,0.00014,0.00013,0.00014,0.00011,0.00012,0.00012,8.96E-05,0.0001402,0.00011171,0.000124749
1,28,16,0.00013,0.00012,0.00013,0.0001,0.00012,0.00012,9.10E-05,0.00013765,0.00011572,0.000122189
1,28,17,0.00012,0.00011,0.00011,0.0001,0.00012,0.00011,0.0001028,0.00013355,0.00012176,0.000120629
1,28,18,0.00012,0.00011,0.0001,0.0001,0.00011,0.00011,0.000105065,0.00014414,0.00013129,0.000129299
1,28,19,0.00011,0.0001,0.0001,0.00009,0.00011,0.00011,0.0001038,0.00014842,0.00013899,0.000131903
1,28,20,0.00011,0.0001,0.0001,0.00009,0.00011,0.00011,0.000100281,0.00014284,0.00014056,0.000128079
1,28,21,0.00011,0.0001,0.0001,0.00009,0.00011,0.00011,9.45E-05,0.00013451,0.00013583,0.000122931
1,28,22,0.00012,0.00011,0.0001,0.00009,0.00011,0.00011,8.88E-05,0.00012311,0.00012462,0.000116477
1,28,23,0.00012,0.00011,0.0001,0.00009,0.00011,0.00011,8.48E-05,0.00011231,0.00011205,0.00010986
1,29,0,0.00012,0.00011,0.00011,0.00011,0.00012,0.00012,7.85E-05,0.0001044,8.90E-05,0.000104195
1,29,1,0.00013,0.00011,0.00012,0.00012,0.00012,0.00012,7.46E-05,0.00010083,8.78E-05,0.000100315
1,29,2,0.00013,0.00011,0.00012,0.00012,0.00012,0.00013,7.26E-05,9.83E-05,8.85E-05,9.73E-05
1,29,3,0.00013,0.00011,0.00011,0.00011,0.00011,0.00013,7.03E-05,9.82E-05,8.94E-05,9.51E-05
1,29,4,0.00013,0.00011,0.00011,0.00011,0.00011,0.00013,7.01E-05,0.0001006,9.20E-05,9.52E-05
1,29,5,0.00013,0.00011,0.00011,0.00011,0.00011,0.00013,7.39E-05,0.00011047,9.55E-05,9.79E-05
1,29,6,0.00013,0.0001,0.00011,0.00011,0.00012,0.00012,8.04E-05,0.00011321,0.00010025,9.95E-05
1,29,7,0.00013,0.0001,0.00011,0.00011,0.00011,0.00012,9.11E-05,0.00011902,0.00010644,0.000104379
1,29,8,0.00013,0.0001,0.0001,0.0001,0.00011,0.00012,9.56E-05,0.00012736,0.0001098,0.000110791
1,29,9,0.00013,0.0001,0.0001,0.0001,0.00011,0.00012,9.36E-05,0.00013067,0.00011129,0.000114277
1,29,10,0.00013,0.0001,0.00011,0.0001,0.00011,0.00012,9.49E-05,0.00013614,0.00011112,0.000118328
1,29,11,0.00013,0.00011,0.00012,0.0001,0.00011,0.00012,9.95E-05,0.00013982,0.00010985,0.000123251
1,29,12,0.00013,0.00012,0.00014,0.00011,0.00011,0.00012,0.000102321,0.00013506,0.00010967,0.00012347
1,29,13,0.00014,0.00012,0.00015,0.00011,0.00012,0.00013,9.81E-05,0.00013604,0.00010878,0.000124496
1,29,14,0.00014,0.00012,0.00015,0.00011,0.00012,0.00013,9.47E-05,0.00014023,0.0001088,0.000125225
1,29,15,0.00014,0.00012,0.00014,0.0001,0.00012,0.00012,9.00E-05,0.00014059,0.0001102,0.000124749
1,29,16,0.00013,0.00011,0.00012,0.0001,0.00011,0.00012,9.26E-05,0.00013621,0.00011471,0.000122189
1,29,17,0.00012,0.00011,0.00011,0.0001,0.00012,0.00012,0.00010424,0.00013174,0.00012145,0.000120629
1,29,18,0.00012,0.0001,0.0001,0.00009,0.00011,0.00011,0.000106245,0.00014161,0.00013043,0.000129299
1,29,19,0.00012,0.0001,0.0001,0.00009,0.00011,0.00011,0.00010422,0.000146,0.00013753,0.000131903
1,29,20,0.00011,0.0001,0.0001,0.00009,0.00011,0.00011,0.000101761,0.00013989,0.00014101,0.000128079
1,29,21,0.00012,0.0001,0.0001,0.00009,0.00011,0.00011,9.51E-05,0.00013095,0.00013627,0.000122931
1,29,22,0.00012,0.00011,0.00011,0.00009,0.00011,0.00011,8.96E-05,0.00012182,0.00012315,0.000116477
1,29,23,0.00012,0.0001,0.00012,0.00011,0.00012,0.00012,8.46E-05,0.00011184,0.00011177,0.00010986
1,30,0,0.00012,0.0001,0.00011,0.00011,0.00012,0.00012,7.86E-05,0.0001045,8.80E-05,0.000104195
1,30,1,0.00013,0.00011,0.00011,0.00012,0.00012,0.00012,7.58E-05,0.000102,8.82E-05,0.000100315
1,30,2,0.00013,0.00011,0.00011,0.00011,0.00012,0.00012,7.30E-05,9.86E-05,8.74E-05,9.73E-05
1,30,3,0.00013,0.00011,0.0001,0.00011,0.00012,0.00013,7.13E-05,9.72E-05,8.94E-05,9.51E-05
1,30,4,0.00013,0.00011,0.0001,0.00011,0.00012,0.00013,7.02E-05,9.82E-05,9.09E-05,9.52E-05
1,30,5,0.00013,0.0001,0.0001,0.00011,0.00011,0.00012,7.47E-05,0.00010296,9.54E-05,9.79E-05
1,30,6,0.00013,0.0001,0.0001,0.00011,0.00011,0.00012,8.30E-05,0.00010187,0.00010048,9.95E-05
1,30,7,0.00013,0.0001,0.0001,0.00011,0.00011,0.00012,9.22E-05,0.00010925,0.00010646,0.000104379
1,30,8,0.00013,0.0001,0.0001,0.00011,0.00011,0.00012,9.63E-05,0.00011976,0.00010991,0.000110791
1,30,9,0.00013,0.0001,0.00011,0.0001,0.00011,0.00012,9.72E-05,0.00012356,0.00011208,0.000114277
1,30,10,0.00013,0.00011,0.00013,0.0001,0.00011,0.00012,9.82E-05,0.00012935,0.00010997,0.000118328
1,30,11,0.00013,0.00012,0.00014,0.00011,0.00011,0.00012,0.000100991,0.00013177,0.00010969,0.000123251
1,30,12,0.00013,0.00013,0.00015,0.00012,0.00012,0.00013,0.00010399,0.00013084,0.00010744,0.00012347
1,30,13,0.00014,0.00013,0.00015,0.00011,0.00012,0.00012,9.96E-05,0.00012825,0.00010853,0.000124496
1,30,14,0.00014,0.00012,0.00014,0.00011,0.00012,0.00012,9.55E-05,0.00012485,0.00010857,0.000125225
1,30,15,0.00014,0.00011,0.00012,0.0001,0.00012,0.00012,8.97E-05,0.00012381,0.00010845,0.000124749
1,30,16,0.00013,0.00011,0.00011,0.0001,0.00011,0.00012,9.34E-05,0.00012156,0.00011375,0.000122189
1,30,17,0.00012,0.0001,0.0001,0.0001,0.00011,0.00011,0.000102141,0.00012024,0.00012065,0.000120629
1,30,18,0.00012,0.0001,0.0001,0.00009,0.00011,0.00011,0.00010599,0.00013229,0.00013051,0.000129299
1,30,19,0.00011,0.0001,0.00009,0.00009,0.00011,0.00011,0.00010331,0.0001379,0.00013725,0.000131903
1,30,20,0.00011,0.0001,0.00009,0.00009,0.00011,0.00011,0.000100621,0.0001342,0.00014095,0.000128079
1,30,21,0.00011,0.0001,0.0001,0.00009,0.00011,0.00011,9.54E-05,0.00012695,0.00013514,0.000122931
1,30,22,0.00011,0.00011,0.0001,0.00009,0.00011,0.00011,9.04E-05,0.00011892,0.00012448,0.000116477
1,30,23,0.00012,0.0001,0.00011,0.0001,0.00011,0.00012,8.56E-05,0.00011015,0.00011207,0.00010986
1,31,0,0.00012,0.0001,0.00011,0.00011,0.00011,0.00012,8.01E-05,0.00010167,8.77E-05,0.000104195
1,31,1,0.00012,0.00011,0.00011,0.00011,0.00011,0.00012,7.73E-05,9.72E-05,8.70E-05,0.000100315
1,31,2,0.00013,0.00011,0.0001,0.00011,0.00011,0.00012,7.38E-05,9.33E-05,8.79E-05,9.73E-05
1,31,3,0.00013,0.00011,0.0001,0.00011,0.00011,0.00012,7.15E-05,9.13E-05,8.82E-05,9.51E-05
1,31,4,0.00013,0.00011,0.0001,0.00011,0.00011,0.00013,7.12E-05,9.07E-05,9.07E-05,9.52E-05
1,31,5,0.00013,0.00011,0.0001,0.00011,0.00011,0.00012,7.51E-05,9.15E-05,9.52E-05,9.79E-05
1,31,6,0.00012,0.00011,0.0001,0.00011,0.00011,0.00012,8.25E-05,8.77E-05,9.97E-05,9.95E-05
1,31,7,0.00012,0.0001,0.0001,0.00011,0.00011,0.00012,9.25E-05,9.14E-05,0.00010603,0.000104379
1,31,8,0.00012,0.0001,0.0001,0.0001,0.00011,0.00012,9.80E-05,9.67E-05,0.00010993,0.000110791
1,31,9,0.00012,0.0001,0.00011,0.0001,0.00011,0.00012,9.80E-05,0.00010179,0.00011078,0.000114277
1,31,10,0.00012,0.00011,0.00013,0.0001,0.00011,0.00012,9.90E-05,0.00010581,0.00010989,0.000118328
1,31,11,0.00013,0.00012,0.00014,0.00011,0.00011,0.00012,0.00010299,0.00010847,0.00010906,0.000123251
1,31,12,0.00013,0.00012,0.00015,0.00011,0.00012,0.00013,0.00010499,0.00010889,0.0001078,0.00012347
1,31,13,0.00013,0.00013,0.00016,0.00011,0.00011,0.00012,9.96E-05,0.00010809,0.00010772,0.000124496
1,31,14,0.00014,0.00012,0.00014,0.0001,0.00011,0.00012,9.66E-05,0.00010662,0.00010852,0.000125225
1,31,15,0.00013,0.00011,0.00014,0.0001,0.00011,0.00012,9.35E-05,0.00010475,0.00010967,0.000124749
1,31,16,0.00012,0.00011,0.00012,0.0001,0.00011,0.00012,9.53E-05,0.0001045,0.00011252,0.000122189
1,31,17,0.00012,0.0001,0.00011,0.0001,0.00011,0.00011,0.00010409,0.00010498,0.00012054,0.000120629
1,31,18,0.00011,0.0001,0.0001,0.0001,0.00011,0.00011,0.00010616,0.0001192,0.00012928,0.000129299
1,31,19,0.00011,0.0001,0.0001,0.00009,0.0001,0.00011,0.00010346,0.00012763,0.00013641,0.000131903
1,31,20,0.00011,0.0001,0.0001,0.00009,0.0001,0.00011,0.000102041,0.00012727,0.00013913,0.000128079
1,31,21,0.00011,0.0001,0.0001,0.00009,0.00011,0.00011,9.68E-05,0.00012211,0.00013583,0.000122931
1,31,22,0.00011,0.0001,0.0001,0.00009,0.00011,0.00011,8.95E-05,0.00011356,0.00012385,0.000116477
1,31,23,0.00011,0.0001,0.00011,0.0001,0.00011,0.00012,8.58E-05,0.00010589,0.00011101,0.00010986
1,2,0,0.00012,0.00011,0.00011,0.00011,0.00011,0.00012,7.47E-05,8.77E-05,8.99E-05,0.000104195
1,2,1,0.00012,0.00011,0.00011,0.00011,0.00011,0.00012,7.02E-05,8.48E-05,8.94E-05,0.000100315
1,2,2,0.00012,0.00011,0.00011,0.00011,0.00011,0.00012,6.67E-05,8.25E-05,8.98E-05,9.73E-05
1,2,3,0.00012,0.00011,0.0001,0.00011,0.0001,0.00013,6.55E-05,8.12E-05,9.03E-05,9.51E-05
1,2,4,0.00012,0.00011,0.0001,0.00011,0.0001,0.00013,6.51E-05,8.11E-05,9.37E-05,9.52E-05
1,2,5,0.00012,0.00011,0.0001,0.00011,0.0001,0.00012,6.90E-05,8.22E-05,9.76E-05,9.79E-05
1,2,6,0.00012,0.0001,0.0001,0.00011,0.0001,0.00012,7.32E-05,8.10E-05,0.00010173,9.95E-05
1,2,7,0.00011,0.00009,0.0001,0.0001,0.0001,0.00012,8.14E-05,8.56E-05,0.00010663,0.000104379
1,2,8,0.00011,0.0001,0.0001,0.0001,0.0001,0.00012,8.61E-05,9.21E-05,0.00011196,0.000110791
1,2,9,0.00011,0.0001,0.00011,0.0001,0.0001,0.00012,8.82E-05,9.82E-05,0.00011192,0.000114277
1,2,10,0.00012,0.00011,0.00012,0.0001,0.0001,0.00012,8.90E-05,0.00010165,0.00011308,0.000118328
1,2,11,0.00012,0.00012,0.00014,0.0001,0.0001,0.00011,9.29E-05,0.00010342,0.00011202,0.000123251
1,2,12,0.00012,0.00012,0.00015,0.00011,0.00011,0.00012,9.60E-05,0.00010531,0.00011166,0.00012347
1,2,13,0.00013,0.00012,0.00015,0.0001,0.00011,0.00012,9.11E-05,0.00010431,0.00011173,0.000124496
1,2,14,0.00013,0.00012,0.00014,0.0001,0.00011,0.00012,8.61E-05,0.00010235,0.00011417,0.000125225
1,2,15,0.00013,0.00011,0.00012,0.0001,0.00011,0.00012,8.48E-05,0.00010155,0.00011834,0.000124749
1,2,16,0.00012,0.0001,0.00011,0.0001,0.00011,0.00011,8.63E-05,0.00010082,0.00012201,0.000122189
1,2,17,0.00011,0.0001,0.0001,0.00009,0.0001,0.00011,0.000100551,0.0001026,0.00012913,0.000120629
1,2,18,0.00011,0.0001,0.0001,0.00009,0.0001,0.00011,9.89E-05,0.00011755,0.00013534,0.000129299
1,2,19,0.00011,0.0001,0.0001,0.00009,0.0001,0.00011,9.77E-05,0.00012058,0.00013992,0.000131903
1,2,20,0.00011,0.0001,0.00009,0.00008,0.0001,0.00011,9.62E-05,0.00011751,0.00014052,0.000128079
1,2,21,0.00011,0.0001,0.0001,0.00008,0.0001,0.00011,9.01E-05,0.00011209,0.00013691,0.000122931
1,2,22,0.00011,0.00011,0.0001,0.00008,0.0001,0.00011,8.25E-05,0.00010477,0.00012948,0.000116477
1,2,23,0.00011,0.00011,0.00011,0.00009,0.00011,0.00012,7.87E-05,9.72E-05,0.00011944,0.00010986
2,2,0,0.00012,0.00011,0.00012,0.0001,0.00011,0.00012,8.09E-05,0.00010406,8.95E-05,0.000104195
2,2,1,0.00012,0.00011,0.00011,0.0001,0.00011,0.00012,7.73E-05,0.00010016,8.92E-05,0.000100315
2,2,2,0.00012,0.00011,0.00011,0.0001,0.00011,0.00012,7.52E-05,9.70E-05,9.01E-05,9.73E-05
2,2,3,0.00012,0.00011,0.00011,0.00011,0.00011,0.00012,7.19E-05,9.61E-05,9.25E-05,9.51E-05
2,2,4,0.00012,0.00011,0.00009,0.0001,0.00011,0.00013,7.02E-05,0.00010016,9.42E-05,9.52E-05
2,2,5,0.00012,0.00011,0.00009,0.0001,0.00011,0.00012,7.36E-05,0.00011127,9.85E-05,9.79E-05
2,2,6,0.00012,0.00011,0.0001,0.0001,0.00011,0.00012,7.62E-05,0.00011306,0.00010173,9.95E-05
2,2,7,0.00011,0.0001,0.0001,0.0001,0.00011,0.00012,8.41E-05,0.00011679,0.000108,0.000104379
2,2,8,0.00011,0.0001,0.0001,0.00009,0.00011,0.00012,8.86E-05,0.00012483,0.00011093,0.000110791
2,2,9,0.00011,0.00011,0.0001,0.00009,0.00011,0.00012,8.75E-05,0.00012974,0.00011293,0.000114277
2,2,10,0.00012,0.00011,0.00012,0.0001,0.00011,0.00012,8.74E-05,0.00013537,0.00011271,0.000118328
2,2,11,0.00012,0.00013,0.00014,0.0001,0.00011,0.00012,9.29E-05,0.00013975,0.00011243,0.000123251
2,2,12,0.00012,0.00013,0.00015,0.00011,0.00011,0.00012,9.66E-05,0.00013499,0.00011273,0.00012347
2,2,13,0.00013,0.00013,0.00016,0.0001,0.00011,0.00012,8.40E-05,0.00013568,0.00011143,0.000124496
2,2,14,0.00013,0.00013,0.00015,0.0001,0.00011,0.00012,7.93E-05,0.00014026,0.00011568,0.000125225
2,2,15,0.00013,0.00012,0.00013,0.0001,0.00011,0.00011,7.57E-05,0.00014121,0.00011819,0.000124749
2,2,16,0.00012,0.00011,0.00011,0.00009,0.00011,0.00011,7.70E-05,0.00013759,0.00012344,0.000122189
2,2,17,0.00012,0.0001,0.0001,0.00008,0.00011,0.00011,8.82E-05,0.00013331,0.00012899,0.000120629
2,2,18,0.00011,0.0001,0.0001,0.00007,0.0001,0.00011,9.30E-05,0.00014295,0.00013591,0.000129299
2,2,19,0.00011,0.0001,0.00009,0.00007,0.0001,0.0001,9.30E-05,0.00014972,0.00013985,0.000131903
2,2,20,0.00011,0.0001,0.00009,0.0001,0.0001,0.0001,9.28E-05,0.00014637,0.00014112,0.000128079
2,2,21,0.00011,0.0001,0.00009,0.00009,0.00011,0.0001,8.87E-05,0.00013722,0.00013818,0.000122931
2,2,22,0.00011,0.0001,0.0001,0.00009,0.00011,0.00011,8.32E-05,0.00012528,0.00013092,0.000116477
2,2,23,0.00012,0.0001,0.0001,0.00008,0.00011,0.00011,7.93E-05,0.00011322,0.00011975,0.00010986
3,2,0,0.00012,0.0001,0.0001,0.00009,0.00011,0.00011,8.32E-05,9.93E-05,9.09E-05,0.000104195
3,2,1,0.00012,0.00011,0.00011,0.00009,0.00011,0.00012,7.79E-05,9.42E-05,9.13E-05,0.000100315
3,2,2,0.00013,0.00011,0.0001,0.00009,0.00011,0.00012,7.65E-05,9.21E-05,9.16E-05,9.73E-05
3,2,3,0.00013,0.00011,0.0001,0.00009,0.00011,0.00012,7.50E-05,9.12E-05,9.33E-05,9.51E-05
3,2,4,0.00013,0.00011,0.0001,0.00009,0.00011,0.00012,7.30E-05,9.47E-05,9.44E-05,9.52E-05
3,2,5,0.00013,0.00011,0.00009,0.00009,0.00011,0.00012,7.66E-05,0.00010571,9.90E-05,9.79E-05
3,2,6,0.00013,0.00011,0.00009,0.00009,0.00011,0.00012,8.52E-05,0.00010761,0.00010291,9.95E-05
3,2,7,0.00012,0.00011,0.0001,0.00009,0.00011,0.00012,9.27E-05,0.00011146,0.00010827,0.000104379
3,2,8,0.00012,0.00011,0.0001,0.00009,0.00011,0.00012,9.72E-05,0.00011817,0.00011159,0.000110791
3,2,9,0.00012,0.00011,0.00011,0.00009,0.00011,0.00012,9.38E-05,0.00012269,0.00011411,0.000114277
3,2,10,0.00013,0.00011,0.00011,0.00009,0.00011,0.00012,9.79E-05,0.00012769,0.00011304,0.000118328
3,2,11,0.00013,0.00012,0.00014,0.0001,0.00011,0.00012,0.000100121,0.00013181,0.0001127,0.000123251
3,2,12,0.00013,0.00013,0.00014,0.0001,0.00012,0.00012,0.00010317,0.00012812,0.00011217,0.00012347
3,2,13,0.00013,0.00013,0.00015,0.0001,0.00011,0.00012,0.000101491,0.00012892,0.00011343,0.000124496
3,2,14,0.00014,0.00013,0.00014,0.00009,0.00011,0.00012,0.000100441,0.00013147,0.00011518,0.000125225
3,2,15,0.00013,0.00012,0.00012,0.00009,0.00011,0.00012,9.80E-05,0.00013153,0.0001184,0.000124749
3,2,16,0.00012,0.00011,0.00011,0.00009,0.00011,0.00012,9.63E-05,0.00013061,0.00012438,0.000122189
3,2,17,0.00012,0.00011,0.00011,0.00008,0.00011,0.00011,0.00010418,0.00012773,0.0001293,0.000120629
3,2,18,0.00011,0.0001,0.0001,0.00008,0.00011,0.00011,0.000113509,0.00013827,0.00013573,0.000129299
3,2,19,0.00011,0.0001,0.0001,0.00008,0.0001,0.00011,0.00011093,0.00014379,0.00014105,0.000131903
3,2,20,0.00011,0.0001,0.0001,0.00008,0.0001,0.00011,0.00010792,0.0001394,0.00014268,0.000128079
3,2,21,0.00011,0.0001,0.0001,0.00008,0.0001,0.00011,0.00010284,0.00012811,0.00013845,0.000122931
3,2,22,0.00011,0.00011,0.0001,0.00008,0.00011,0.00011,9.76E-05,0.00011654,0.00013192,0.000116477
3,2,23,0.00012,0.00011,0.00011,0.00009,0.00011,0.00011,9.49E-05,0.00010511,0.00012108,0.00010986
4,2,0,0.00012,0.00011,0.00011,0.0001,0.00011,0.00012,0.000133988,9.63E-05,9.20E-05,0.000104195
4,2,1,0.00012,0.00011,0.00011,0.00011,0.00011,0.00012,0.000131988,9.23E-05,9.11E-05,0.000100315
4,2,2,0.00013,0.00011,0.00011,0.0001,0.00011,0.00012,0.000132988,8.92E-05,9.13E-05,9.73E-05
4,2,3,0.00013,0.00011,0.00011,0.0001,0.00011,0.00012,0.000131988,8.76E-05,9.17E-05,9.51E-05
4,2,4,0.00013,0.00011,0.0001,0.0001,0.00011,0.00013,0.000128988,8.82E-05,9.58E-05,9.52E-05
4,2,5,0.00013,0.00011,0.0001,0.0001,0.00011,0.00012,0.000119989,9.09E-05,9.88E-05,9.79E-05
4,2,6,0.00013,0.00011,0.0001,0.0001,0.00011,0.00012,0.000121489,9.14E-05,0.0001028,9.95E-05
4,2,7,0.00013,0.0001,0.0001,0.00009,0.00011,0.00012,0.000121489,9.78E-05,0.00010847,0.000104379
4,2,8,0.00013,0.0001,0.0001,0.0001,0.00011,0.00012,0.000122489,0.00010639,0.00011219,0.000110791
4,2,9,0.00013,0.00011,0.0001,0.0001,0.00011,0.00012,0.000126988,0.00011145,0.00011446,0.000114277
4,2,10,0.00013,0.00011,0.00012,0.0001,0.00011,0.00012,0.000128988,0.00011516,0.00011314,0.000118328
4,2,11,0.00013,0.00012,0.00014,0.0001,0.0001,0.00012,0.000131988,0.00011795,0.00011374,0.000123251
4,2,12,0.00013,0.00012,0.00015,0.00011,0.00012,0.00012,0.000133988,0.00011709,0.00011234,0.00012347
4,2,13,0.00013,0.00013,0.00015,0.0001,0.00012,0.00012,0.000136987,0.00011472,0.00011471,0.000124496
4,2,14,0.00014,0.00013,0.00014,0.0001,0.00011,0.00012,0.000137987,0.00011176,0.00011529,0.000125225
4,2,15,0.00014,0.00011,0.00013,0.0001,0.00011,0.00011,0.000136987,0.00011032,0.00011873,0.000124749
4,2,16,0.00013,0.00011,0.00011,0.00009,0.00011,0.00011,0.000130988,0.00010643,0.00012453,0.000122189
4,2,17,0.00012,0.00011,0.0001,0.00009,0.00011,0.00011,0.000137987,0.00010662,0.00012996,0.000120629
4,2,18,0.00012,0.0001,0.0001,0.00009,0.00011,0.00011,0.000146736,0.00012072,0.00013658,0.000129299
4,2,19,0.00011,0.0001,0.0001,0.00008,0.00011,0.00011,0.000147986,0.000125,0.00014208,0.000131903
4,2,20,0.00011,0.0001,0.0001,0.00008,0.00011,0.0001,0.000149986,0.00012027,0.00014208,0.000128079
4,2,21,0.00011,0.0001,0.0001,0.00008,0.00011,0.0001,0.000150986,0.0001124,0.00013901,0.000122931
4,2,22,0.00012,0.0001,0.0001,0.00008,0.00011,0.00011,0.000147486,0.00010387,0.00013109,0.000116477
4,2,23,0.00012,0.0001,0.00011,0.00009,0.00011,0.00011,0.000143987,9.62E-05,0.00012163,0.00010986
5,2,0,0.00012,0.0001,0.00012,0.00011,0.00011,0.00011,0.000155986,8.90E-05,9.27E-05,0.000104195
5,2,1,0.00013,0.00011,0.00011,0.00011,0.00011,0.00012,0.000153986,8.69E-05,9.22E-05,0.000100315
5,2,2,0.00013,0.00011,0.00011,0.00011,0.00011,0.00012,0.000150986,8.50E-05,9.30E-05,9.73E-05
5,2,3,0.00013,0.0001,0.00011,0.00011,0.00011,0.00012,0.000144987,8.51E-05,9.38E-05,9.51E-05
5,2,4,0.00013,0.00011,0.0001,0.0001,0.00011,0.00012,0.000143487,8.89E-05,9.57E-05,9.52E-05
5,2,5,0.00013,0.00011,0.0001,0.0001,0.00011,0.00012,0.000138987,9.64E-05,9.91E-05,9.79E-05
5,2,6,0.00013,0.0001,0.0001,0.0001,0.00011,0.00012,0.000138987,9.74E-05,0.00010379,9.95E-05
5,2,7,0.00013,0.0001,0.0001,0.0001,0.00011,0.00012,0.000138487,0.00010491,0.00010941,0.000104379
5,2,8,0.00013,0.0001,0.0001,0.0001,0.00011,0.00012,0.000141987,0.00011272,0.00011245,0.000110791
5,2,9,0.00013,0.0001,0.00011,0.0001,0.00011,0.00012,0.000143987,0.00011764,0.00011393,0.000114277
5,2,10,0.00013,0.0001,0.00013,0.0001,0.00011,0.00012,0.000146986,0.00012329,0.00011453,0.000118328
5,2,11,0.00013,0.00012,0.00015,0.0001,0.00011,0.00012,0.000147986,0.00012668,0.00011345,0.000123251
5,2,12,0.00013,0.00012,0.00015,0.00011,0.00012,0.00012,0.000151986,0.00012364,0.00011261,0.00012347
5,2,13,0.00014,0.00013,0.00016,0.00011,0.00012,0.00012,0.000152486,0.00012312,0.00011502,0.000124496
5,2,14,0.00014,0.00013,0.00015,0.0001,0.00012,0.00012,0.000153786,0.00012561,0.00011688,0.000125225
5,2,15,0.00014,0.00011,0.00013,0.0001,0.00012,0.00012,0.000152786,0.00012584,0.00012001,0.000124749
5,2,16,0.00013,0.00011,0.00012,0.0001,0.00012,0.00011,0.000148986,0.00012379,0.00012655,0.000122189
5,2,17,0.00012,0.0001,0.0001,0.00009,0.00011,0.00011,0.000142987,0.00012181,0.00013097,0.000120629
5,2,18,0.00012,0.0001,0.0001,0.00009,0.00011,0.00011,0.000157735,0.00013134,0.00013786,0.000129299
5,2,19,0.00012,0.0001,0.0001,0.00009,0.00011,0.00011,0.000156486,0.00013434,0.00014229,0.000131903
5,2,20,0.00011,0.0001,0.0001,0.00009,0.00011,0.0001,0.000154986,0.00012976,0.00014406,0.000128079
5,2,21,0.00012,0.0001,0.0001,0.00008,0.00011,0.0001,0.000154286,0.00012168,0.00013955,0.000122931
5,2,22,0.00012,0.00011,0.0001,0.00009,0.00012,0.00011,0.000154986,0.00010941,0.00013211,0.000116477
5,2,23,0.00012,0.00011,0.00011,0.0001,0.00012,0.00011,0.000152486,9.84E-05,0.00012246,0.00010986
6,2,0,0.00012,0.00011,0.00012,0.00011,0.00012,0.00012,0.000150986,9.44E-05,9.24E-05,0.000104195
6,2,1,0.00013,0.00011,0.00012,0.00011,0.00012,0.00012,0.000147486,9.05E-05,9.19E-05,0.000100315
6,2,2,0.00013,0.00011,0.00011,0.00011,0.00012,0.00012,0.000143487,8.84E-05,9.29E-05,9.73E-05
6,2,3,0.00013,0.00011,0.00011,0.00011,0.00012,0.00012,0.000138487,8.78E-05,9.33E-05,9.51E-05
6,2,4,0.00013,0.00011,0.0001,0.00011,0.00012,0.00012,0.000136487,9.14E-05,9.63E-05,9.52E-05
6,2,5,0.00013,0.00011,0.00011,0.0001,0.00012,0.00012,0.000130188,9.95E-05,9.91E-05,9.79E-05
6,2,6,0.00013,0.0001,0.0001,0.0001,0.00011,0.00012,0.000128988,0.00010148,0.00010446,9.95E-05
6,2,7,0.00013,0.0001,0.0001,0.0001,0.00011,0.00012,0.000129488,0.00010782,0.00010947,0.000104379
6,2,8,0.00013,0.0001,0.0001,0.0001,0.00012,0.00012,0.000132988,0.00011492,0.00011274,0.000110791
6,2,9,0.00013,0.0001,0.00011,0.0001,0.00012,0.00012,0.000135987,0.00011934,0.00011533,0.000114277
6,2,10,0.00013,0.00011,0.00013,0.0001,0.00012,0.00012,0.000139987,0.0001229,0.00011467,0.000118328
6,2,11,0.00013,0.00013,0.00015,0.0001,0.00011,0.00011,0.000143737,0.00012632,0.00011473,0.000123251
6,2,12,0.00013,0.00013,0.00015,0.00011,0.00012,0.00012,0.000144987,0.00012432,0.00011355,0.00012347
6,2,13,0.00013,0.00013,0.00016,0.00011,0.00012,0.00012,0.000147486,0.00012507,0.00011571,0.000124496
6,2,14,0.00014,0.00013,0.00015,0.0001,0.00012,0.00012,0.000148486,0.00012737,0.00011651,0.000125225
6,2,15,0.00014,0.00012,0.00013,0.0001,0.00012,0.00011,0.000147486,0.00012798,0.00012026,0.000124749
6,2,16,0.00013,0.00011,0.00012,0.0001,0.00012,0.00011,0.000144987,0.00012617,0.00012506,0.000122189
6,2,17,0.00012,0.00011,0.00011,0.00009,0.00011,0.00011,0.000137487,0.00012352,0.00013159,0.000120629
6,2,18,0.00011,0.00011,0.0001,0.00009,0.00011,0.00011,0.000152736,0.00013367,0.00013804,0.000129299
6,2,19,0.00011,0.0001,0.0001,0.00009,0.00011,0.0001,0.000157985,0.0001379,0.00014233,0.000131903
6,2,20,0.00011,0.0001,0.0001,0.00009,0.00011,0.0001,0.000159485,0.00013443,0.00014478,0.000128079
6,2,21,0.00011,0.0001,0.0001,0.00009,0.00011,0.0001,0.000157985,0.000126,0.00014036,0.000122931
6,2,22,0.00011,0.0001,0.0001,0.00009,0.00012,0.00011,0.000157985,0.00011386,0.00013167,0.000116477
6,2,23,0.00012,0.0001,0.00011,0.0001,0.00012,0.00011,0.000156985,0.00010332,0.00012237,0.00010986
7,2,0,0.00012,0.0001,0.00011,0.00011,0.00012,0.00011,0.000131988,0.00010149,9.29E-05,0.000104195
7,2,1,0.00012,0.00011,0.00011,0.00011,0.00012,0.00012,0.000127688,9.74E-05,9.29E-05,0.000100315
7,2,2,0.00013,0.00011,0.0001,0.00011,0.00012,0.00012,0.000121689,9.46E-05,9.25E-05,9.73E-05
7,2,3,0.00013,0.00011,0.0001,0.00011,0.00012,0.00012,0.000119689,9.36E-05,9.31E-05,9.51E-05
7,2,4,0.00013,0.00011,0.0001,0.00011,0.00012,0.00012,0.000117389,9.48E-05,9.64E-05,9.52E-05
7,2,5,0.00013,0.00011,0.00009,0.00011,0.00012,0.00012,0.000113489,9.61E-05,0.00010152,9.79E-05
7,2,6,0.00012,0.00011,0.00009,0.0001,0.00012,0.00012,0.00011179,9.69E-05,0.00010502,9.95E-05
7,2,7,0.00012,0.0001,0.0001,0.0001,0.00011,0.00012,0.00011149,0.00010364,0.00011003,0.000104379
7,2,8,0.00012,0.0001,0.0001,0.0001,0.00011,0.00012,0.000116389,0.00011165,0.00011492,0.000110791
7,2,9,0.00012,0.00011,0.0001,0.0001,0.00012,0.00012,0.000119589,0.00011716,0.00011553,0.000114277
7,2,10,0.00012,0.00011,0.00012,0.0001,0.00012,0.00012,0.000123689,0.00012098,0.00011509,0.000118328
7,2,11,0.00013,0.00012,0.00014,0.0001,0.00011,0.00011,0.000125988,0.00012292,0.00011499,0.000123251
7,2,12,0.00013,0.00013,0.00015,0.00011,0.00012,0.00012,0.000126288,0.00012109,0.00011411,0.00012347
7,2,13,0.00013,0.00013,0.00015,0.00011,0.00012,0.00012,0.000123989,0.00011832,0.00011335,0.000124496
7,2,14,0.00014,0.00013,0.00014,0.0001,0.00012,0.00012,0.000122489,0.00011564,0.00011764,0.000125225
7,2,15,0.00013,0.00012,0.00012,0.0001,0.00012,0.00011,0.000119239,0.00011385,0.00012105,0.000124749
7,2,16,0.00012,0.00011,0.00011,0.0001,0.00012,0.00011,0.000118489,0.00011204,0.00012588,0.000122189
7,2,17,0.00012,0.00011,0.00012,0.00009,0.00011,0.00011,0.000119489,0.00011137,0.00013142,0.000120629
7,2,18,0.00011,0.0001,0.00011,0.00009,0.00011,0.00011,0.000132188,0.00012285,0.00013816,0.000129299
7,2,19,0.00011,0.0001,0.00009,0.00009,0.00011,0.00011,0.000136187,0.00012898,0.00014338,0.000131903
7,2,20,0.00011,0.0001,0.00009,0.00009,0.00011,0.00011,0.000137987,0.00012578,0.0001445,0.000128079
7,2,21,0.00011,0.0001,0.00009,0.00009,0.00011,0.0001,0.000136787,0.00011881,0.00013962,0.000122931
7,2,22,0.00011,0.00011,0.0001,0.00009,0.00012,0.00011,0.000134987,0.00011002,0.00013238,0.000116477
7,2,23,0.00011,0.0001,0.0001,0.0001,0.00012,0.00011,0.000131788,0.00010215,0.00012286,0.00010986
8,2,0,0.00012,0.0001,0.00011,0.00011,0.00011,0.00011,0.000120829,9.84E-05,9.30E-05,0.000104195
8,2,1,0.00012,0.00011,0.0001,0.00011,0.00012,0.00012,0.000115719,9.43E-05,9.29E-05,0.000100315
8,2,2,0.00012,0.00011,0.0001,0.00011,0.00012,0.00012,0.00010966,9.21E-05,9.31E-05,9.73E-05
8,2,3,0.00012,0.00011,0.0001,0.00011,0.00012,0.00012,0.00010603,9.09E-05,9.42E-05,9.51E-05
8,2,4,0.00012,0.00011,0.0001,0.0001,0.00012,0.00012,0.00010276,9.43E-05,9.60E-05,9.52E-05
8,2,5,0.00012,0.00011,0.0001,0.0001,0.00011,0.00012,9.85E-05,0.00010416,0.00010058,9.79E-05
8,2,6,0.00011,0.0001,0.0001,0.0001,0.00011,0.00012,9.52E-05,0.00010671,0.00010415,9.95E-05
8,2,7,0.00011,0.0001,0.0001,0.0001,0.00011,0.00012,9.53E-05,0.00011245,0.00011032,0.000104379
8,2,8,0.00011,0.0001,0.0001,0.0001,0.00011,0.00012,9.46E-05,0.00012041,0.00011417,0.000110791
8,2,9,0.00011,0.0001,0.0001,0.0001,0.00011,0.00012,9.55E-05,0.0001247,0.00011664,0.000114277
8,2,10,0.00012,0.0001,0.00011,0.00009,0.00011,0.00011,9.61E-05,0.00012927,0.00011556,0.000118328
8,2,11,0.00012,0.00012,0.00013,0.0001,0.0001,0.00011,0.000100021,0.00013219,0.00011423,0.000123251
8,2,12,0.00012,0.00012,0.00014,0.00011,0.00012,0.00012,0.00010656,0.00012932,0.00011526,0.00012347
8,2,13,0.00013,0.00012,0.00015,0.00011,0.00012,0.00012,0.000101451,0.00013015,0.00011573,0.000124496
8,2,14,0.00013,0.00012,0.00014,0.0001,0.00012,0.00011,9.85E-05,0.00013263,0.00011785,0.000125225
8,2,15,0.00013,0.00011,0.00013,0.0001,0.00012,0.00011,9.61E-05,0.0001326,0.000121,0.000124749
8,2,16,0.00012,0.00011,0.00011,0.0001,0.00012,0.00011,9.61E-05,0.00013122,0.0001267,0.000122189
8,2,17,0.00011,0.0001,0.00011,0.00009,0.00011,0.00011,9.46E-05,0.0001258,0.00013247,0.000120629
8,2,18,0.00011,0.0001,0.00011,0.00009,0.00011,0.00011,0.000113894,0.00013601,0.00013827,0.000129299
8,2,19,0.00011,0.0001,0.0001,0.00009,0.00011,0.00011,0.000117449,0.00014217,0.000145,0.000131903
8,2,20,0.00011,0.0001,0.0001,0.00009,0.00011,0.00011,0.000118149,0.00013917,0.0001442,0.000128079
8,2,21,0.00011,0.0001,0.0001,0.00009,0.00011,0.00011,0.000118149,0.0001317,0.00014028,0.000122931
8,2,22,0.00011,0.0001,0.0001,0.00009,0.00011,0.00011,0.000117959,0.00011787,0.00013231,0.000116477
8,2,23,0.00011,0.0001,0.0001,0.00009,0.00011,0.00011,0.000118419,0.00010743,0.00012271,0.00010986
9,2,0,0.00012,0.00011,0.00011,0.0001,0.00011,0.00011,0.000143987,9.82E-05,9.31E-05,0.000104195
9,2,1,0.00012,0.0001,0.00011,0.00011,0.00012,0.00012,0.000141987,9.38E-05,9.33E-05,0.000100315
9,2,2,0.00012,0.00011,0.0001,0.00012,0.00012,0.00012,0.000137987,9.18E-05,9.37E-05,9.73E-05
9,2,3,0.00012,0.00012,0.0001,0.00011,0.00012,0.00012,0.000136987,9.09E-05,9.56E-05,9.51E-05
9,2,4,0.00012,0.00011,0.0001,0.00011,0.00012,0.00013,0.000134987,9.41E-05,9.78E-05,9.52E-05
9,2,5,0.00012,0.00011,0.0001,0.00011,0.00012,0.00013,0.000127488,0.0001026,9.95E-05,9.79E-05
9,2,6,0.00012,0.00011,0.0001,0.00011,0.00012,0.00013,0.000126988,0.00010474,0.00010521,9.95E-05
9,2,7,0.00011,0.00011,0.0001,0.0001,0.00012,0.00012,0.000124988,0.00011043,0.0001112,0.000104379
9,2,8,0.00011,0.0001,0.0001,0.0001,0.00012,0.00012,0.000125688,0.00011765,0.0001155,0.000110791
9,2,9,0.00011,0.00011,0.00011,0.0001,0.00012,0.00012,0.000129788,0.00012271,0.00011568,0.000114277
9,2,10,0.00012,0.00011,0.00011,0.0001,0.00012,0.00012,0.000130188,0.00012695,0.00011458,0.000118328
9,2,11,0.00012,0.00011,0.00012,0.0001,0.00012,0.00012,0.000136487,0.00012943,0.00011574,0.000123251
9,2,12,0.00012,0.00013,0.00014,0.0001,0.00012,0.00011,0.000137987,0.00012698,0.00011492,0.00012347
9,2,13,0.00013,0.00013,0.00015,0.00011,0.00012,0.00012,0.000138987,0.0001274,0.00011645,0.000124496
9,2,14,0.00013,0.00013,0.00015,0.00011,0.00012,0.00012,0.000139187,0.00012976,0.0001182,0.000125225
9,2,15,0.00013,0.00013,0.00014,0.0001,0.00012,0.00012,0.000138487,0.00013012,0.00012149,0.000124749
9,2,16,0.00012,0.00012,0.00012,0.0001,0.00012,0.00011,0.000136487,0.00012799,0.00012649,0.000122189
9,2,17,0.00011,0.00012,0.00011,0.0001,0.00012,0.00011,0.000130488,0.00012499,0.00013302,0.000120629
9,2,18,0.00011,0.00011,0.00011,0.0001,0.00012,0.00011,0.000152486,0.00013608,0.00014038,0.000129299
9,2,19,0.00011,0.00011,0.0001,0.00009,0.00012,0.00011,0.000152486,0.00013867,0.0001445,0.000131903
9,2,20,0.00011,0.0001,0.0001,0.00009,0.00011,0.0001,0.000151986,0.00013416,0.00014574,0.000128079
9,2,21,0.00011,0.0001,0.0001,0.00009,0.00012,0.0001,0.000150486,0.00012634,0.00014169,0.000122931
9,2,22,0.00011,0.0001,0.0001,0.00009,0.00012,0.0001,0.000151486,0.00011549,0.00013429,0.000116477
9,2,23,0.00012,0.0001,0.00011,0.00009,0.00012,0.00011,0.000149986,0.00010611,0.00012415,0.00010986
10,2,0,0.00012,0.00011,0.00011,0.0001,0.00012,0.00011,0.000140987,8.91E-05,9.34E-05,0.000104195
10,2,1,0.00012,0.00011,0.00011,0.00012,0.00012,0.00011,0.000136987,8.64E-05,9.41E-05,0.000100315
10,2,2,0.00013,0.00011,0.00011,0.00012,0.00012,0.00012,0.000134987,8.36E-05,9.29E-05,9.73E-05
10,2,3,0.00013,0.00011,0.0001,0.00011,0.00012,0.00012,0.000131988,8.18E-05,9.54E-05,9.51E-05
10,2,4,0.00013,0.00011,0.0001,0.00011,0.00012,0.00012,0.000129988,8.20E-05,9.78E-05,9.52E-05
10,2,5,0.00013,0.00011,0.0001,0.00011,0.00012,0.00012,0.000128988,8.19E-05,0.00010025,9.79E-05
10,2,6,0.00012,0.00011,0.0001,0.00011,0.00012,0.00012,0.000126688,7.91E-05,0.00010691,9.95E-05
10,2,7,0.00012,0.00011,0.0001,0.0001,0.00012,0.00012,0.000124788,8.37E-05,0.00011008,0.000104379
10,2,8,0.00012,0.0001,0.0001,0.0001,0.00012,0.00012,0.000125988,8.88E-05,0.00011496,0.000110791
10,2,9,0.00012,0.0001,0.0001,0.0001,0.00012,0.00012,0.000129988,9.30E-05,0.00011529,0.000114277
10,2,10,0.00013,0.00011,0.0001,0.0001,0.00012,0.00012,0.000133488,9.60E-05,0.00011749,0.000118328
10,2,11,0.00013,0.00011,0.00012,0.0001,0.00012,0.00012,0.000134987,9.85E-05,0.00011524,0.000123251
10,2,12,0.00013,0.00012,0.00014,0.0001,0.00012,0.00012,0.000136487,9.83E-05,0.00011598,0.00012347
10,2,13,0.00013,0.00013,0.00014,0.00011,0.00013,0.00012,0.000136187,9.72E-05,0.0001166,0.000124496
10,2,14,0.00014,0.00013,0.00014,0.00011,0.00013,0.00012,0.000135487,9.50E-05,0.00011873,0.000125225
10,2,15,0.00013,0.00013,0.00013,0.0001,0.00013,0.00012,0.000132488,9.36E-05,0.00012206,0.000124749
10,2,16,0.00012,0.00012,0.00011,0.0001,0.00013,0.00012,0.000126988,9.40E-05,0.00012653,0.000122189
10,2,17,0.00012,0.00011,0.0001,0.0001,0.00013,0.00012,0.000140987,9.83E-05,0.00013394,0.000120629
10,2,18,0.00011,0.0001,0.0001,0.0001,0.00011,0.00011,0.000143057,0.00011728,0.00014117,0.000129299
10,2,19,0.00011,0.0001,0.0001,0.00009,0.00012,0.00011,0.000141787,0.00011986,0.00014517,0.000131903
10,2,20,0.00011,0.0001,0.00009,0.00009,0.00011,0.00011,0.000140787,0.00011617,0.00014604,0.000128079
10,2,21,0.00011,0.0001,0.00009,0.00009,0.00011,0.00011,0.000140687,0.00010862,0.00014187,0.000122931
10,2,22,0.00011,0.0001,0.00009,0.00009,0.00012,0.00011,0.000140487,9.92E-05,0.00013402,0.000116477
10,2,23,0.00012,0.0001,0.00009,0.00009,0.00012,0.00011,0.000139487,9.13E-05,0.00012297,0.00010986
11,2,0,0.00012,0.00011,0.00009,0.0001,0.00012,0.00011,0.000115989,9.58E-05,9.42E-05,0.000104195
11,2,1,0.00012,0.00011,0.00009,0.00011,0.00012,0.00012,0.00011249,9.30E-05,9.43E-05,0.000100315
11,2,2,0.00013,0.00011,0.00009,0.00011,0.00012,0.00012,0.00010838,9.07E-05,9.50E-05,9.73E-05
11,2,3,0.00013,0.00012,0.00008,0.00011,0.00012,0.00012,0.00010431,8.99E-05,9.48E-05,9.51E-05
11,2,4,0.00013,0.00011,0.00008,0.00011,0.00012,0.00012,0.000102101,9.31E-05,9.82E-05,9.52E-05
11,2,5,0.00013,0.00011,0.00008,0.00011,0.00012,0.00012,9.97E-05,0.00010185,0.0001005,9.79E-05
11,2,6,0.00013,0.00011,0.00008,0.00011,0.00012,0.00012,9.98E-05,0.00010483,0.00010692,9.95E-05
11,2,7,0.00012,0.00011,0.00008,0.0001,0.00012,0.00012,0.000100861,0.0001099,0.00011105,0.000104379
11,2,8,0.00012,0.0001,0.00008,0.0001,0.00012,0.00012,0.000101701,0.00011587,0.0001163,0.000110791
11,2,9,0.00013,0.00011,0.00008,0.0001,0.00012,0.00012,0.000102151,0.00012028,0.00011805,0.000114277
11,2,10,0.00013,0.00011,0.00009,0.0001,0.00012,0.00012,0.00010738,0.00012415,0.0001165,0.000118328
11,2,11,0.00013,0.00011,0.0001,0.0001,0.00012,0.00012,0.00011304,0.00012693,0.00011569,0.000123251
11,2,12,0.00013,0.00013,0.00012,0.0001,0.00011,0.00012,0.000116989,0.00012383,0.00011715,0.00012347
11,2,13,0.00013,0.00013,0.00013,0.00011,0.00013,0.00013,0.000117989,0.00012458,0.00011678,0.000124496
11,2,14,0.00014,0.00013,0.00013,0.00011,0.00012,0.00012,0.000118489,0.00012796,0.00011911,0.000125225
11,2,15,0.00013,0.00013,0.00012,0.0001,0.00012,0.00012,0.000114989,0.00012851,0.00012176,0.000124749
11,2,16,0.00013,0.00012,0.0001,0.0001,0.00012,0.00012,0.000118989,0.00012683,0.00012792,0.000122189
11,2,17,0.00012,0.00011,0.00009,0.0001,0.00012,0.00012,0.000130988,0.00012946,0.00013381,0.000120629
11,2,18,0.00012,0.00011,0.00009,0.00009,0.00011,0.00011,0.000131638,0.00014133,0.0001398,0.000129299
11,2,19,0.00011,0.0001,0.00009,0.00009,0.00011,0.00011,0.000130228,0.00014016,0.00014514,0.000131903
11,2,20,0.00011,0.0001,0.00009,0.00009,0.00011,0.00011,0.000131938,0.00013491,0.00014698,0.000128079
11,2,21,0.00011,0.0001,0.00009,0.00009,0.00011,0.00011,0.000128488,0.00012516,0.0001415,0.000122931
11,2,22,0.00012,0.0001,0.00008,0.00009,0.00011,0.00011,0.000125488,0.00011324,0.00013384,0.000116477
11,2,23,0.00012,0.00011,0.00009,0.00009,0.00012,0.00011,0.000121989,0.00010136,0.00012541,0.00010986
12,2,0,0.00012,0.00011,0.00009,0.0001,0.00012,0.00012,8.30E-05,9.82E-05,9.37E-05,0.000104195
12,2,1,0.00013,0.00011,0.00009,0.00011,0.00012,0.00012,8.05E-05,9.51E-05,9.46E-05,0.000100315
12,2,2,0.00013,0.00012,0.00009,0.00011,0.00012,0.00012,7.78E-05,9.23E-05,9.46E-05,9.73E-05
12,2,3,0.00013,0.00012,0.00009,0.00011,0.00012,0.00012,7.55E-05,9.09E-05,9.49E-05,9.51E-05
12,2,4,0.00013,0.00012,0.00009,0.00011,0.00012,0.00012,7.43E-05,9.42E-05,9.77E-05,9.52E-05
12,2,5,0.00013,0.00011,0.00008,0.00011,0.00012,0.00012,7.62E-05,9.96E-05,0.00010175,9.79E-05
12,2,6,0.00013,0.00011,0.00008,0.00011,0.00012,0.00012,8.44E-05,0.0001039,0.00010645,9.95E-05
12,2,7,0.00013,0.00011,0.00008,0.0001,0.00012,0.00012,9.03E-05,0.00011289,0.0001122,0.000104379
12,2,8,0.00013,0.0001,0.00008,0.0001,0.00012,0.00012,9.07E-05,0.000121,0.00011591,0.000110791
12,2,9,0.00013,0.00011,0.00008,0.0001,0.00012,0.00012,8.82E-05,0.00012542,0.0001175,0.000114277
12,2,10,0.00013,0.00011,0.00009,0.0001,0.00012,0.00012,9.05E-05,0.00012879,0.00011713,0.000118328
12,2,11,0.00013,0.00011,0.0001,0.0001,0.00012,0.00012,9.60E-05,0.00013239,0.00011672,0.000123251
12,2,12,0.00013,0.00013,0.00012,0.0001,0.00011,0.00012,9.96E-05,0.00012918,0.00011667,0.00012347
12,2,13,0.00013,0.00013,0.00013,0.00011,0.00012,0.00013,9.46E-05,0.00012927,0.00011682,0.000124496
12,2,14,0.00014,0.00013,0.00013,0.0001,0.00012,0.00012,9.13E-05,0.00013039,0.00011998,0.000125225
12,2,15,0.00014,0.00013,0.00012,0.0001,0.00012,0.00012,9.12E-05,0.00012993,0.00012193,0.000124749
12,2,16,0.00013,0.00012,0.00011,0.0001,0.00012,0.00012,9.47E-05,0.00012897,0.00012757,0.000122189
12,2,17,0.00012,0.00012,0.00009,0.00009,0.00012,0.00012,0.00010748,0.00013128,0.00013368,0.000120629
12,2,18,0.00012,0.00011,0.0001,0.00009,0.00011,0.00011,0.000104715,0.00014004,0.00013987,0.000129299
12,2,19,0.00011,0.0001,0.0001,0.00009,0.00011,0.00011,0.00010273,0.0001385,0.0001454,0.000131903
12,2,20,0.00011,0.0001,0.00009,0.00008,0.00011,0.00011,9.96E-05,0.00013342,0.00014661,0.000128079
12,2,21,0.00011,0.0001,0.0001,0.00008,0.00011,0.00011,9.37E-05,0.00012505,0.00014242,0.000122931
12,2,22,0.00012,0.0001,0.0001,0.00008,0.00011,0.00011,9.10E-05,0.00011543,0.00013503,0.000116477
12,2,23,0.00012,0.00011,0.0001,0.00008,0.00011,0.00011,8.76E-05,0.00010557,0.00012514,0.00010986
2,13,0,0.00012,0.00011,0.0001,0.00009,0.00011,0.00011,8.10E-05,0.00010376,9.37E-05,0.000104195
2,13,1,0.00013,0.00011,0.00011,0.0001,0.00011,0.00012,7.76E-05,9.95E-05,9.35E-05,0.000100315
2,13,2,0.00013,0.00012,0.00011,0.00011,0.00011,0.00012,7.50E-05,9.69E-05,9.54E-05,9.73E-05
2,13,3,0.00013,0.00012,0.00009,0.00011,0.00012,0.00012,7.33E-05,9.56E-05,9.66E-05,9.51E-05
2,13,4,0.00013,0.00012,0.00009,0.00011,0.00011,0.00012,7.29E-05,9.69E-05,9.85E-05,9.52E-05
2,13,5,0.00013,0.00012,0.00008,0.00011,0.00011,0.00012,7.66E-05,9.97E-05,0.00010224,9.79E-05
2,13,6,0.00013,0.00011,0.00009,0.00011,0.00012,0.00011,8.50E-05,0.00010067,0.00010755,9.95E-05
2,13,7,0.00013,0.00011,0.00008,0.0001,0.00011,0.00011,9.41E-05,0.00010772,0.00011178,0.000104379
2,13,8,0.00013,0.0001,0.00008,0.0001,0.00011,0.00011,9.85E-05,0.00011616,0.00011615,0.000110791
2,13,9,0.00013,0.00011,0.00009,0.0001,0.00011,0.00011,9.92E-05,0.00012317,0.00011762,0.000114277
2,13,10,0.00013,0.00011,0.00009,0.0001,0.00011,0.00011,0.000102141,0.00012787,0.00011759,0.000118328
2,13,11,0.00013,0.00011,0.00011,0.0001,0.00011,0.00011,0.00010406,0.00013034,0.00011651,0.000123251
2,13,12,0.00013,0.00013,0.00012,0.0001,0.00011,0.00011,0.00010634,0.00012899,0.00011516,0.00012347
2,13,13,0.00013,0.00013,0.00013,0.0001,0.00012,0.00012,0.000102391,0.00012651,0.00011699,0.000124496
2,13,14,0.00014,0.00013,0.00013,0.0001,0.00012,0.00012,9.98E-05,0.00012349,0.00011806,0.000125225
2,13,15,0.00013,0.00013,0.00012,0.00009,0.00012,0.00011,9.67E-05,0.00012191,0.00012278,0.000124749
2,13,16,0.00013,0.00012,0.00011,0.00009,0.00012,0.00011,9.57E-05,0.00011905,0.0001284,0.000122189
2,13,17,0.00012,0.00011,0.0001,0.00008,0.00011,0.00011,0.00010274,0.00011861,0.00013589,0.000120629
2,13,18,0.00011,0.0001,0.00009,0.00008,0.00011,0.0001,0.00010849,0.0001307,0.00014054,0.000129299
2,13,19,0.00011,0.0001,0.00009,0.00007,0.00011,0.0001,0.00010629,0.00013664,0.00014627,0.000131903
2,13,20,0.00011,0.0001,0.00009,0.00007,0.00011,0.0001,0.00010399,0.00013265,0.00014572,0.000128079
2,13,21,0.00011,0.0001,0.00009,0.00009,0.00011,0.0001,9.97E-05,0.0001246,0.00014424,0.000122931
2,13,22,0.00011,0.0001,0.00009,0.00006,0.00011,0.0001,9.33E-05,0.00011513,0.0001357,0.000116477
2,13,23,0.00012,0.0001,0.00009,0.00007,0.00011,0.0001,8.83E-05,0.00010649,0.00012482,0.00010986
2,14,0,0.00012,0.0001,0.0001,0.00008,0.00011,0.0001,8.30E-05,9.97E-05,9.48E-05,0.000104195
2,14,1,0.00012,0.0001,0.0001,0.00009,0.00011,0.00011,7.97E-05,9.56E-05,9.55E-05,0.000100315
2,14,2,0.00013,0.00011,0.0001,0.00009,0.00011,0.00011,7.64E-05,9.29E-05,9.48E-05,9.73E-05
2,14,3,0.00013,0.00011,0.00009,0.00009,0.00011,0.00011,7.43E-05,9.12E-05,9.64E-05,9.51E-05
2,14,4,0.00013,0.00011,0.00009,0.00009,0.00011,0.00011,7.46E-05,9.04E-05,9.78E-05,9.52E-05
2,14,5,0.00013,0.00011,0.00009,0.00009,0.00011,0.00011,7.73E-05,9.07E-05,0.00010178,9.79E-05
2,14,6,0.00012,0.00011,0.00009,0.00009,0.00011,0.00011,8.57E-05,8.67E-05,0.00010718,9.95E-05
2,14,7,0.00012,0.00011,0.00008,0.00009,0.00011,0.0001,9.50E-05,9.05E-05,0.00011184,0.000104379
2,14,8,0.00012,0.0001,0.00008,0.00009,0.00011,0.0001,9.90E-05,9.62E-05,0.00011618,0.000110791
2,14,9,0.00012,0.0001,0.00009,0.00009,0.00011,0.0001,9.95E-05,0.00010108,0.00011822,0.000114277
2,14,10,0.00012,0.00011,0.00009,0.00008,0.0001,0.0001,0.000100491,0.00010499,0.00011847,0.000118328
2,14,11,0.00012,0.00011,0.00011,0.00008,0.0001,0.0001,0.00010569,0.00010848,0.00011707,0.000123251
2,14,12,0.00013,0.00013,0.00013,0.00009,0.0001,0.0001,0.00010769,0.00010967,0.00011633,0.00012347
2,14,13,0.00013,0.00013,0.00013,0.0001,0.00011,0.00011,0.00010289,0.00010898,0.00011791,0.000124496
2,14,14,0.00013,0.00013,0.00013,0.00009,0.00011,0.00011,0.000100991,0.00010749,0.00012092,0.000125225
2,14,15,0.00013,0.00013,0.00013,0.00009,0.00011,0.00011,9.79E-05,0.00010608,0.00012327,0.000124749
2,14,16,0.00012,0.00012,0.00012,0.00008,0.00011,0.0001,9.56E-05,0.00010385,0.00012903,0.000122189
2,14,17,0.00011,0.0001,0.00011,0.00008,0.00011,0.0001,0.00010299,0.00010316,0.00013475,0.000120629
2,14,18,0.00011,0.0001,0.0001,0.00008,0.0001,0.0001,0.000109385,0.0001175,0.0001416,0.000129299
2,14,19,0.00011,0.00009,0.00009,0.00008,0.0001,0.0001,0.00010796,0.00012745,0.00014508,0.000131903
2,14,20,0.00011,0.00009,0.00009,0.00008,0.0001,0.0001,0.00010487,0.0001261,0.00014671,0.000128079
2,14,21,0.00011,0.00008,0.00009,0.00008,0.0001,0.00009,9.89E-05,0.00012081,0.00014298,0.000122931
2,14,22,0.00011,0.00008,0.00008,0.00008,0.0001,0.00009,9.29E-05,0.0001121,0.0001352,0.000116477
2,14,23,0.00011,0.00008,0.00009,0.00008,0.0001,0.0001,8.91E-05,0.00010256,0.00012565,0.00010986
2,15,0,0.00012,0.00011,0.0001,0.00008,0.0001,0.0001,8.42E-05,9.70E-05,9.47E-05,0.000104195
2,15,1,0.00012,0.0001,0.0001,0.0001,0.0001,0.0001,8.05E-05,9.31E-05,9.52E-05,0.000100315
2,15,2,0.00012,0.00009,0.00011,0.0001,0.0001,0.00011,7.77E-05,9.06E-05,9.44E-05,9.73E-05
2,15,3,0.00012,0.00009,0.0001,0.0001,0.00011,0.00011,7.60E-05,9.10E-05,9.69E-05,9.51E-05
2,15,4,0.00012,0.0001,0.00009,0.0001,0.0001,0.00011,7.49E-05,9.57E-05,9.98E-05,9.52E-05
2,15,5,0.00012,0.0001,0.00009,0.0001,0.00011,0.00011,7.85E-05,0.00010596,0.00010316,9.79E-05
2,15,6,0.00011,0.0001,0.00009,0.0001,0.0001,0.00011,9.05E-05,0.00010856,0.0001073,9.95E-05
2,15,7,0.00011,0.0001,0.00009,0.00009,0.0001,0.00011,9.60E-05,0.00011331,0.00011304,0.000104379
2,15,8,0.00011,0.00009,0.00009,0.00009,0.0001,0.00011,0.000100191,0.00012185,0.00011652,0.000110791
2,15,9,0.00011,0.00009,0.00009,0.00009,0.0001,0.00011,0.000102491,0.00012765,0.00011819,0.000114277
2,15,10,0.00011,0.0001,0.0001,0.00009,0.0001,0.00011,0.00010479,0.00013218,0.00011736,0.000118328
2,15,11,0.00012,0.0001,0.00011,0.00009,0.0001,0.00011,0.00010979,0.00013696,0.00011803,0.000123251
2,15,12,0.00012,0.00012,0.00013,0.00009,0.00009,0.0001,0.00011094,0.00013391,0.00011687,0.00012347
2,15,13,0.00013,0.00012,0.00013,0.0001,0.00011,0.00011,0.00010639,0.00013432,0.00011974,0.000124496
2,15,14,0.00013,0.00012,0.00013,0.0001,0.00011,0.00011,0.00010314,0.00013687,0.00011996,0.000125225
2,15,15,0.00013,0.00012,0.00012,0.00009,0.00011,0.00011,1.00E-04,0.00013711,0.00012372,0.000124749
2,15,16,0.00012,0.00011,0.00011,0.00009,0.00011,0.00011,9.82E-05,0.00013542,0.0001281,0.000122189
2,15,17,0.00011,0.0001,0.0001,0.00009,0.00011,0.0001,0.00010319,0.00013163,0.00013463,0.000120629
2,15,18,0.00011,0.0001,0.00009,0.00008,0.0001,0.0001,0.00010809,0.00014029,0.0001424,0.000129299
2,15,19,0.00011,0.00009,0.00008,0.00008,0.0001,0.0001,0.00010589,0.00014618,0.00014774,0.000131903
2,15,20,0.00011,0.00009,0.00008,0.00008,0.0001,0.0001,0.00010559,0.0001424,0.00014647,0.000128079
2,15,21,0.00011,0.00009,0.00008,0.00008,0.0001,0.0001,9.96E-05,0.00013457,0.00014335,0.000122931
2,15,22,0.00011,0.00009,0.00008,0.00008,0.0001,0.0001,9.50E-05,0.00012247,0.00013457,0.000116477
2,15,23,0.00011,0.0001,0.00008,0.00008,0.0001,0.0001,9.10E-05,0.00011022,0.00012495,0.00010986
2,16,0,0.00012,0.0001,0.0001,0.00009,0.00011,0.0001,8.72E-05,0.00010307,9.49E-05,0.000104195
2,16,1,0.00012,0.00011,0.00011,0.0001,0.00011,0.00011,8.28E-05,9.98E-05,9.45E-05,0.000100315
2,16,2,0.00012,0.00011,0.00011,0.0001,0.00011,0.00011,8.04E-05,9.73E-05,9.50E-05,9.73E-05
2,16,3,0.00012,0.00011,0.0001,0.0001,0.00011,0.00011,7.78E-05,9.61E-05,9.66E-05,9.51E-05
2,16,4,0.00012,0.00011,0.0001,0.0001,0.00011,0.00012,7.70E-05,9.99E-05,9.88E-05,9.52E-05
2,16,5,0.00012,0.00011,0.0001,0.0001,0.00011,0.00012,7.99E-05,0.00011054,0.0001031,9.79E-05
2,16,6,0.00012,0.00011,0.0001,0.00009,0.00011,0.00011,6.95E-05,0.00011245,0.00010676,9.95E-05
2,16,7,0.00011,0.0001,0.00009,0.00009,0.00011,0.00011,7.41E-05,0.00011688,0.00011363,0.000104379
2,16,8,0.00011,0.0001,0.0001,0.00009,0.00011,0.00011,8.70E-05,0.00012473,0.00011645,0.000110791
2,16,9,0.00011,0.0001,0.00009,0.00009,0.00011,0.00011,9.10E-05,0.00012937,0.00011859,0.000114277
2,16,10,0.00012,0.0001,0.0001,0.00009,0.00011,0.00011,9.45E-05,0.00013372,0.00011875,0.000118328
2,16,11,0.00012,0.00011,0.00011,0.00009,0.0001,0.00011,9.80E-05,0.00013715,0.00011743,0.000123251
2,16,12,0.00012,0.00012,0.00013,0.00009,0.0001,0.00011,0.000101991,0.00013457,0.00011726,0.00012347
2,16,13,0.00013,0.00013,0.00014,0.00011,0.00012,0.00012,9.00E-05,0.00013628,0.00011833,0.000124496
2,16,14,0.00013,0.00013,0.00014,0.0001,0.00012,0.00011,8.66E-05,0.00013816,0.00012013,0.000125225
2,16,15,0.00013,0.00013,0.00014,0.0001,0.00012,0.00011,8.43E-05,0.00013756,0.00012387,0.000124749
2,16,16,0.00012,0.00012,0.00013,0.00009,0.00011,0.00011,8.36E-05,0.00013689,0.00012825,0.000122189
2,16,17,0.00011,0.00011,0.00011,0.00009,0.00011,0.00011,9.00E-05,0.00013348,0.00013461,0.000120629
2,16,18,0.00011,0.0001,0.0001,0.00008,0.0001,0.0001,9.89E-05,0.00014193,0.00014104,0.000129299
2,16,19,0.00011,0.0001,0.00009,0.00008,0.00011,0.0001,9.84E-05,0.00014741,0.00014611,0.000131903
2,16,20,0.00011,0.0001,0.00009,0.00008,0.0001,0.0001,9.76E-05,0.00014365,0.00014716,0.000128079
2,16,21,0.00011,0.0001,0.00009,0.00008,0.0001,0.0001,9.33E-05,0.00013602,0.00014258,0.000122931
2,16,22,0.00011,0.0001,0.00009,0.00008,0.0001,0.0001,9.33E-05,0.00012459,0.00013703,0.000116477
2,16,23,0.00012,0.0001,0.0001,0.00008,0.00011,0.0001,8.33E-05,0.00011286,0.00012597,0.00010986
2,17,0,0.00012,0.00011,0.00011,0.00009,0.00011,0.00011,8.16E-05,0.00010469,9.57E-05,0.000104195
2,17,1,0.00012,0.00011,0.0001,0.00011,0.00011,0.00011,7.75E-05,0.00010074,9.50E-05,0.000100315
2,17,2,0.00012,0.00011,0.0001,0.00011,0.00011,0.00011,7.60E-05,9.86E-05,9.42E-05,9.73E-05
2,17,3,0.00013,0.00011,0.0001,0.0001,0.00011,0.00012,7.32E-05,9.80E-05,9.62E-05,9.51E-05
2,17,4,0.00013,0.00011,0.0001,0.0001,0.00011,0.00012,7.23E-05,0.00010164,9.69E-05,9.52E-05
2,17,5,0.00013,0.00011,0.0001,0.0001,0.00011,0.00012,7.63E-05,0.0001116,0.00010239,9.79E-05
2,17,6,0.00012,0.00011,0.0001,0.0001,0.00011,0.00012,8.41E-05,0.00011314,0.00010779,9.95E-05
2,17,7,0.00012,0.00011,0.0001,0.00009,0.00011,0.00012,9.35E-05,0.00011593,0.00011294,0.000104379
2,17,8,0.00012,0.0001,0.00009,0.00009,0.00011,0.00011,9.40E-05,0.00012316,0.0001178,0.000110791
2,17,9,0.00012,0.0001,0.00009,0.00009,0.00011,0.00011,9.37E-05,0.00012747,0.0001177,0.000114277
2,17,10,0.00012,0.0001,0.0001,0.00009,0.00011,0.00011,9.70E-05,0.00013358,0.00011867,0.000118328
2,17,11,0.00013,0.00011,0.00011,0.00009,0.00011,0.00011,0.000100491,0.00013753,0.00011759,0.000123251
2,17,12,0.00013,0.00012,0.00014,0.0001,0.0001,0.00011,0.00010299,0.00013533,0.000117,0.00012347
2,17,13,0.00013,0.00013,0.00014,0.00011,0.00012,0.00012,9.93E-05,0.00013652,0.0001182,0.000124496
2,17,14,0.00014,0.00013,0.00014,0.0001,0.00012,0.00012,9.63E-05,0.00013947,0.00011939,0.000125225
2,17,15,0.00013,0.00013,0.00013,0.0001,0.00011,0.00012,9.50E-05,0.00013956,0.00012425,0.000124749
2,17,16,0.00012,0.00012,0.00012,0.00009,0.00011,0.00011,9.30E-05,0.00013764,0.00012802,0.000122189
2,17,17,0.00012,0.00011,0.00011,0.00009,0.00011,0.00011,0.00010329,0.00013279,0.00013522,0.000120629
2,17,18,0.00011,0.0001,0.0001,0.00008,0.0001,0.00011,0.000111715,0.00014118,0.00014174,0.000129299
2,17,19,0.00011,0.0001,0.00009,0.00008,0.00011,0.0001,0.00010929,0.00014682,0.00014752,0.000131903
2,17,20,0.00011,0.0001,0.00009,0.00008,0.0001,0.0001,0.00010669,0.00014314,0.00014751,0.000128079
2,17,21,0.00011,0.0001,0.00009,0.00008,0.0001,0.0001,0.000102391,0.0001347,0.00014283,0.000122931
2,17,22,0.00011,0.0001,0.00009,0.00008,0.00011,0.0001,9.53E-05,0.00012304,0.00013469,0.000116477
2,17,23,0.00012,0.0001,0.0001,0.00008,0.00011,0.00011,9.05E-05,0.00011173,0.00012524,0.00010986
2,18,0,0.00012,0.0001,0.0001,0.00009,0.00011,0.00011,8.54E-05,0.00010467,9.49E-05,0.000104195
2,18,1,0.00012,0.0001,0.0001,0.00011,0.00011,0.00012,8.15E-05,0.00010154,9.48E-05,0.000100315
2,18,2,0.00013,0.00011,0.0001,0.00011,0.00011,0.00012,7.94E-05,9.95E-05,9.55E-05,9.73E-05
2,18,3,0.00013,0.00011,0.00008,0.0001,0.00011,0.00012,7.72E-05,9.85E-05,9.74E-05,9.51E-05
2,18,4,0.00013,0.00011,0.00008,0.0001,0.00011,0.00012,7.66E-05,0.00010202,9.76E-05,9.52E-05
2,18,5,0.00013,0.00011,0.00009,0.0001,0.00011,0.00012,7.80E-05,0.00011264,0.00010256,9.79E-05
2,18,6,0.00012,0.0001,0.00009,0.0001,0.00011,0.00012,8.56E-05,0.00011404,0.00010799,9.95E-05
2,18,7,0.00012,0.0001,0.00009,0.00009,0.00011,0.00012,9.60E-05,0.0001179,0.00011325,0.000104379
2,18,8,0.00012,0.0001,0.00009,0.00009,0.00011,0.00012,0.000101491,0.00012552,0.0001168,0.000110791
2,18,9,0.00012,0.0001,0.00009,0.00009,0.00011,0.00012,1.00E-04,0.00012994,0.00011711,0.000114277
2,18,10,0.00013,0.0001,0.00009,0.00009,0.00011,0.00012,0.00010399,0.00013544,0.00011744,0.000118328
2,18,11,0.00013,0.0001,0.0001,0.00009,0.0001,0.00012,0.00010799,0.00013891,0.00011873,0.000123251
2,18,12,0.00013,0.00012,0.00013,0.00009,0.0001,0.00011,0.00010824,0.00013483,0.00011733,0.00012347
2,18,13,0.00013,0.00013,0.00013,0.00011,0.00012,0.00012,0.00010399,0.00013639,0.00011805,0.000124496
2,18,14,0.00014,0.00013,0.00014,0.0001,0.00012,0.00012,0.000101491,0.00013972,0.0001204,0.000125225
2,18,15,0.00013,0.00013,0.00013,0.0001,0.00011,0.00012,9.87E-05,0.00013892,0.00012305,0.000124749
2,18,16,0.00013,0.00012,0.00011,0.00009,0.00011,0.00012,9.60E-05,0.0001365,0.00012918,0.000122189
2,18,17,0.00012,0.00011,0.0001,0.00009,0.00011,0.00011,0.00010599,0.00013239,0.00013677,0.000120629
2,18,18,0.00011,0.0001,0.00009,0.00009,0.0001,0.00011,0.00011244,0.00014131,0.00014263,0.000129299
2,18,19,0.00011,0.0001,0.00009,0.00008,0.00011,0.00011,0.00011024,0.00014717,0.00014676,0.000131903
2,18,20,0.00011,0.00009,0.00009,0.00008,0.0001,0.00011,0.00010792,0.00014234,0.00014727,0.000128079
2,18,21,0.00011,0.00009,0.00009,0.00008,0.0001,0.00011,1.00E-04,0.0001356,0.00014378,0.000122931
2,18,22,0.00012,0.0001,0.00009,0.00008,0.00011,0.00011,9.62E-05,0.00012324,0.0001344,0.000116477
2,18,23,0.00012,0.0001,0.0001,0.00008,0.00011,0.00011,9.13E-05,0.0001117,0.00012632,0.00010986
2,19,0,0.00012,0.0001,0.0001,0.00009,0.00011,0.00011,8.70E-05,0.00010321,9.53E-05,0.000104195
2,19,1,0.00013,0.00011,0.0001,0.00011,0.00011,0.00012,8.26E-05,9.98E-05,9.56E-05,0.000100315
2,19,2,0.00013,0.00011,0.0001,0.00011,0.00011,0.00012,7.99E-05,9.73E-05,9.47E-05,9.73E-05
2,19,3,0.00013,0.00011,0.0001,0.0001,0.00011,0.00012,7.72E-05,9.68E-05,9.58E-05,9.51E-05
2,19,4,0.00013,0.00011,0.00009,0.0001,0.00011,0.00012,7.64E-05,9.99E-05,9.78E-05,9.52E-05
2,19,5,0.00013,0.00011,0.00009,0.0001,0.00011,0.00012,7.97E-05,0.00010996,0.00010306,9.79E-05
2,19,6,0.00013,0.00011,0.00009,0.0001,0.00011,0.00012,8.95E-05,0.00011149,0.0001082,9.95E-05
2,19,7,0.00013,0.0001,0.00009,0.00009,0.00011,0.00012,9.75E-05,0.00011689,0.00011305,0.000104379
2,19,8,0.00013,0.0001,0.00009,0.00009,0.00011,0.00012,0.000101491,0.00012469,0.00011706,0.000110791
2,19,9,0.00013,0.0001,0.00009,0.00009,0.00011,0.00012,0.000101991,0.00013002,0.0001183,0.000114277
2,19,10,0.00013,0.0001,0.00009,0.00009,0.00011,0.00012,0.00010499,0.00013521,0.00011884,0.000118328
2,19,11,0.00013,0.00011,0.0001,0.00009,0.00011,0.00012,0.00010899,0.00013865,0.0001181,0.000123251
2,19,12,0.00013,0.00012,0.00013,0.0001,0.00011,0.00011,0.00010919,0.00013484,0.00011719,0.00012347
2,19,13,0.00013,0.00013,0.00014,0.00011,0.00012,0.00013,0.00010699,0.00013583,0.00011881,0.000124496
2,19,14,0.00014,0.00013,0.00014,0.0001,0.00012,0.00013,0.00010339,0.0001386,0.0001201,0.000125225
2,19,15,0.00014,0.00012,0.00013,0.0001,0.00012,0.00012,0.000101491,0.00013827,0.00012418,0.000124749
2,19,16,0.00013,0.00011,0.00012,0.0001,0.00012,0.00012,1.00E-04,0.00013608,0.00013025,0.000122189
2,19,17,0.00012,0.0001,0.0001,0.00009,0.00012,0.00011,0.00010649,0.00013132,0.00013585,0.000120629
2,19,18,0.00012,0.0001,0.0001,0.00009,0.00011,0.00011,0.000115239,0.0001393,0.00014079,0.000129299
2,19,19,0.00011,0.0001,0.00009,0.00008,0.00011,0.00011,0.00011239,0.00014479,0.00014603,0.000131903
2,19,20,0.00011,0.0001,0.00009,0.00008,0.00011,0.00011,0.00010915,0.00014103,0.00014787,0.000128079
2,19,21,0.00011,0.0001,0.00009,0.00008,0.00011,0.00011,0.00010399,0.00013317,0.0001425,0.000122931
2,19,22,0.00012,0.0001,0.00009,0.00008,0.00011,0.00011,9.77E-05,0.00012353,0.00013564,0.000116477
2,19,23,0.00012,0.0001,0.00009,0.00008,0.00011,0.00011,9.33E-05,0.000114,0.00012602,0.00010986
2,20,0,0.00012,0.0001,0.0001,0.00009,0.00012,0.00011,8.90E-05,0.00010624,9.47E-05,0.000104195
2,20,1,0.00013,0.0001,0.0001,0.00009,0.00012,0.00011,8.27E-05,0.00010159,9.50E-05,0.000100315
2,20,2,0.00013,0.0001,0.0001,0.00009,0.00012,0.00011,8.05E-05,9.92E-05,9.52E-05,9.73E-05
2,20,3,0.00013,0.00011,0.0001,0.00011,0.00012,0.00012,7.76E-05,9.77E-05,9.59E-05,9.51E-05
2,20,4,0.00013,0.00011,0.0001,0.00011,0.00012,0.00012,7.78E-05,9.88E-05,9.80E-05,9.52E-05
2,20,5,0.00013,0.00011,0.00009,0.0001,0.00012,0.00013,8.26E-05,0.0001021,0.00010264,9.79E-05
2,20,6,0.00013,0.00011,0.00009,0.0001,0.00012,0.00012,9.05E-05,0.00010414,0.00010763,9.95E-05
2,20,7,0.00013,0.00011,0.00009,0.0001,0.00012,0.00012,9.90E-05,0.00011035,0.00011242,0.000104379
2,20,8,0.00013,0.0001,0.00009,0.0001,0.00012,0.00012,0.000101991,0.00011871,0.00011794,0.000110791
2,20,9,0.00013,0.0001,0.00009,0.0001,0.00011,0.00012,0.00010299,0.00012501,0.00011878,0.000114277
2,20,10,0.00013,0.0001,0.00009,0.0001,0.00012,0.00012,0.00010549,0.00012963,0.00011836,0.000118328
2,20,11,0.00013,0.00011,0.0001,0.0001,0.00012,0.00012,0.00010869,0.00013241,0.00011718,0.000123251
2,20,12,0.00013,0.00012,0.00013,0.0001,0.00011,0.00011,1.00E-04,0.00013015,0.00011713,0.00012347
2,20,13,0.00013,0.00013,0.00014,0.00011,0.00013,0.00012,0.00010359,0.00012709,0.00011769,0.000124496
2,20,14,0.00014,0.00013,0.00014,0.0001,0.00013,0.00012,0.000100991,0.00012501,0.00011988,0.000125225
2,20,15,0.00013,0.00013,0.00013,0.0001,0.00012,0.00012,9.95E-05,0.00012285,0.00012378,0.000124749
2,20,16,0.00012,0.00012,0.00013,0.0001,0.00012,0.00012,0.000100991,0.00012006,0.00012799,0.000122189
2,20,17,0.00012,0.00011,0.00011,0.00009,0.00012,0.00011,0.00010762,0.00011993,0.00013554,0.000120629
2,20,18,0.00011,0.0001,0.00009,0.00009,0.00011,0.00011,0.000114809,0.00013144,0.00014171,0.000129299
2,20,19,0.00011,0.0001,0.00009,0.00009,0.00011,0.00011,0.00011246,0.00013708,0.0001459,0.000131903
2,20,20,0.00011,0.0001,0.00009,0.00008,0.00011,0.00011,0.00010799,0.00013292,0.00014803,0.000128079
2,20,21,0.00011,0.0001,0.00009,0.00008,0.00011,0.00011,0.000101991,0.00012595,0.00014348,0.000122931
2,20,22,0.00011,0.0001,0.00009,0.00008,0.00011,0.00011,9.84E-05,0.00011708,0.00013624,0.000116477
2,20,23,0.00012,0.0001,0.00009,0.00008,0.00012,0.00011,9.34E-05,0.00010772,0.00012619,0.00010986
2,21,0,0.00012,0.00011,0.0001,0.00009,0.00012,0.00011,8.85E-05,0.00010079,9.44E-05,0.000104195
2,21,1,0.00012,0.00011,0.0001,0.00009,0.00012,0.00012,8.40E-05,9.68E-05,9.45E-05,0.000100315
2,21,2,0.00012,0.00011,0.0001,0.0001,0.00012,0.00012,8.08E-05,9.37E-05,9.60E-05,9.73E-05
2,21,3,0.00013,0.00011,0.0001,0.0001,0.00012,0.00012,7.85E-05,9.18E-05,9.61E-05,9.51E-05
2,21,4,0.00013,0.00011,0.0001,0.0001,0.00012,0.00012,7.63E-05,9.07E-05,9.89E-05,9.52E-05
2,21,5,0.00012,0.00011,0.00009,0.0001,0.00012,0.00012,7.76E-05,9.03E-05,0.00010287,9.79E-05
2,21,6,0.00012,0.00011,0.00009,0.00009,0.00011,0.00012,8.12E-05,8.74E-05,0.00010893,9.95E-05
2,21,7,0.00012,0.00011,0.00009,0.00009,0.00012,0.00012,8.92E-05,9.08E-05,0.00011226,0.000104379
2,21,8,0.00012,0.0001,0.00009,0.00009,0.00012,0.00012,8.87E-05,9.56E-05,0.00011718,0.000110791
2,21,9,0.00012,0.0001,0.00009,0.00009,0.00012,0.00012,8.89E-05,0.00010033,0.00011906,0.000114277
2,21,10,0.00012,0.0001,0.0001,0.00009,0.00012,0.00012,9.22E-05,0.00010372,0.00011875,0.000118328
2,21,11,0.00012,0.00011,0.00011,0.00009,0.00012,0.00011,9.81E-05,0.0001071,0.00011744,0.000123251
2,21,12,0.00012,0.00013,0.00013,0.0001,0.00011,0.00011,0.000100411,0.00010922,0.0001182,0.00012347
2,21,13,0.00013,0.00013,0.00014,0.0001,0.00013,0.00012,9.83E-05,0.00010918,0.00011801,0.000124496
2,21,14,0.00013,0.00013,0.00013,0.0001,0.00012,0.00012,9.20E-05,0.00010733,0.00012147,0.000125225
2,21,15,0.00013,0.00013,0.00013,0.0001,0.00012,0.00012,8.49E-05,0.00010583,0.0001239,0.000124749
2,21,16,0.00012,0.00012,0.00012,0.00009,0.00012,0.00011,8.41E-05,0.00010507,0.00012841,0.000122189
2,21,17,0.00011,0.00011,0.00011,0.00009,0.00012,0.00011,8.91E-05,0.00010662,0.00013457,0.000120629
2,21,18,0.00011,0.00011,0.00009,0.00008,0.00012,0.00011,9.92E-05,0.00011963,0.0001409,0.000129299
2,21,19,0.00011,0.0001,0.00009,0.00008,0.00012,0.0001,9.79E-05,0.00012643,0.00014614,0.000131903
2,21,20,0.00011,0.0001,0.00009,0.00008,0.00011,0.0001,9.83E-05,0.00012446,0.00014786,0.000128079
2,21,21,0.00011,0.0001,0.00009,0.00008,0.00011,0.0001,9.62E-05,0.00011888,0.00014325,0.000122931
2,21,22,0.00011,0.0001,0.00009,0.00008,0.00011,0.0001,8.94E-05,0.00010998,0.00013609,0.000116477
2,21,23,0.00011,0.0001,0.0001,0.00008,0.00012,0.00011,8.78E-05,0.00010153,0.00012565,0.00010986
2,22,0,0.00012,0.0001,0.0001,0.00009,0.00012,0.00011,8.18E-05,9.60E-05,9.48E-05,0.000104195
2,22,1,0.00012,0.0001,0.0001,0.0001,0.00012,0.00011,7.92E-05,9.33E-05,9.50E-05,0.000100315
2,22,2,0.00012,0.0001,0.0001,0.0001,0.00012,0.00012,7.62E-05,9.13E-05,9.58E-05,9.73E-05
2,22,3,0.00012,0.0001,0.0001,0.0001,0.00012,0.00012,7.43E-05,9.07E-05,9.83E-05,9.51E-05
2,22,4,0.00012,0.0001,0.0001,0.0001,0.00012,0.00012,7.37E-05,9.49E-05,9.96E-05,9.52E-05
2,22,5,0.00012,0.00011,0.0001,0.0001,0.00012,0.00012,7.52E-05,0.00010624,0.00010238,9.79E-05
2,22,6,0.00011,0.0001,0.00009,0.0001,0.00012,0.00012,8.25E-05,0.00010836,0.00010825,9.95E-05
2,22,7,0.00011,0.0001,0.00009,0.0001,0.00012,0.00011,9.16E-05,0.00011277,0.00011329,0.000104379
2,22,8,0.00011,0.00009,0.00009,0.00009,0.00012,0.00011,9.24E-05,0.00012066,0.00011724,0.000110791
2,22,9,0.00011,0.00009,0.0001,0.00009,0.00011,0.00011,9.29E-05,0.00012501,0.00011843,0.000114277
2,22,10,0.00011,0.0001,0.0001,0.00009,0.00011,0.00011,9.59E-05,0.00013057,0.00011894,0.000118328
2,22,11,0.00012,0.0001,0.0001,0.00009,0.00011,0.00011,0.000100661,0.00013436,0.00011775,0.000123251
2,22,12,0.00012,0.00012,0.00012,0.00009,0.0001,0.00011,0.00010306,0.00013048,0.00011765,0.00012347
2,22,13,0.00012,0.00013,0.00013,0.00011,0.00012,0.00012,0.000100261,0.00013166,0.00011842,0.000124496
2,22,14,0.00013,0.00012,0.00013,0.0001,0.00012,0.00012,9.79E-05,0.00013538,0.00011963,0.000125225
2,22,15,0.00013,0.00012,0.00013,0.0001,0.00012,0.00012,9.20E-05,0.00013571,0.00012441,0.000124749
2,22,16,0.00012,0.00011,0.00012,0.0001,0.00012,0.00011,8.71E-05,0.00013403,0.00012863,0.000122189
2,22,17,0.00011,0.0001,0.0001,0.00009,0.00012,0.00011,9.43E-05,0.00013004,0.00013521,0.000120629
2,22,18,0.00011,0.0001,0.00009,0.00009,0.00011,0.00011,0.00010535,0.00013868,0.00014255,0.000129299
2,22,19,0.00011,0.0001,0.00009,0.00008,0.00011,0.00011,0.00010494,0.00014431,0.0001469,0.000131903
2,22,20,0.00011,0.0001,0.00009,0.00008,0.00011,0.0001,0.00010269,0.00013982,0.00014788,0.000128079
2,22,21,0.00011,0.00009,0.00009,0.00008,0.00011,0.0001,9.89E-05,0.00013134,0.00014405,0.000122931
2,22,22,0.00011,0.0001,0.00009,0.00008,0.00011,0.00011,8.87E-05,0.00012031,0.00013497,0.000116477
2,22,23,0.00011,0.0001,0.00009,0.00008,0.00012,0.00011,8.49E-05,0.00010849,0.00012598,0.00010986
2,23,0,0.00012,0.0001,0.0001,0.00009,0.00012,0.00011,7.70E-05,0.00010142,9.52E-05,0.000104195
2,23,1,0.00012,0.0001,0.0001,0.00011,0.00012,0.00011,7.40E-05,9.80E-05,9.42E-05,0.000100315
2,23,2,0.00012,0.00011,0.0001,0.00011,0.00012,0.00012,7.33E-05,9.57E-05,9.53E-05,9.73E-05
2,23,3,0.00012,0.00011,0.0001,0.0001,0.00012,0.00012,7.25E-05,9.47E-05,9.65E-05,9.51E-05
2,23,4,0.00012,0.00011,0.00009,0.0001,0.00012,0.00012,7.21E-05,9.86E-05,9.89E-05,9.52E-05
2,23,5,0.00012,0.00011,0.00009,0.0001,0.00012,0.00012,7.45E-05,0.00010923,0.00010206,9.79E-05
2,23,6,0.00011,0.00011,0.00009,0.0001,0.00012,0.00012,7.70E-05,0.00011122,0.00010719,9.95E-05
2,23,7,0.00011,0.00011,0.00007,0.0001,0.00012,0.00012,8.31E-05,0.00011579,0.00011259,0.000104379
2,23,8,0.00011,0.0001,0.00008,0.00009,0.00012,0.00012,8.59E-05,0.00012368,0.00011747,0.000110791
2,23,9,0.00011,0.0001,0.00008,0.00009,0.00011,0.00012,8.62E-05,0.00012833,0.00011914,0.000114277
2,23,10,0.00011,0.00011,0.00009,0.00009,0.00011,0.00012,8.98E-05,0.00013453,0.00011896,0.000118328
2,23,11,0.00012,0.00011,0.0001,0.00009,0.00012,0.00012,9.35E-05,0.00013739,0.00011802,0.000123251
2,23,12,0.00012,0.00012,0.00013,0.0001,0.00011,0.00011,9.74E-05,0.00013421,0.00011794,0.00012347
2,23,13,0.00013,0.00013,0.00014,0.00011,0.00012,0.00012,8.61E-05,0.00013491,0.00011841,0.000124496
2,23,14,0.00013,0.00013,0.00015,0.0001,0.00012,0.00012,8.23E-05,0.00013868,0.00012076,0.000125225
2,23,15,0.00013,0.00013,0.00013,0.0001,0.00012,0.00012,8.03E-05,0.00013808,0.00012347,0.000124749
2,23,16,0.00012,0.00012,0.00012,0.0001,0.00012,0.00012,7.90E-05,0.00013676,0.00012928,0.000122189
2,23,17,0.00011,0.00011,0.0001,0.00009,0.00012,0.00012,8.57E-05,0.00013396,0.00013497,0.000120629
2,23,18,0.00011,0.0001,0.00009,0.00009,0.00011,0.00011,9.75E-05,0.00014166,0.00014202,0.000129299
2,23,19,0.00011,0.0001,0.0001,0.00009,0.00011,0.00011,9.49E-05,0.00014641,0.00014636,0.000131903
2,23,20,0.00011,0.0001,0.00009,0.00008,0.00011,0.00011,9.47E-05,0.00014259,0.00014753,0.000128079
2,23,21,0.00011,0.0001,0.00009,0.00008,0.00011,0.00011,9.29E-05,0.0001345,0.00014453,0.000122931
2,23,22,0.00011,0.0001,0.00009,0.00008,0.00011,0.00011,8.81E-05,0.00012126,0.00013567,0.000116477
2,23,23,0.00012,0.00011,0.0001,0.00009,0.00011,0.00011,8.56E-05,0.00010931,0.00012612,0.00010986
2,24,0,0.00012,0.0001,0.00011,0.0001,0.00012,0.00012,8.09E-05,0.00010181,9.55E-05,0.000104195
2,24,1,0.00012,0.00011,0.0001,0.00011,0.00012,0.00012,7.63E-05,9.79E-05,9.50E-05,0.000100315
2,24,2,0.00012,0.00011,0.00011,0.00011,0.00012,0.00012,7.43E-05,9.57E-05,9.63E-05,9.73E-05
2,24,3,0.00013,0.00011,0.0001,0.0001,0.00012,0.00012,7.28E-05,9.52E-05,9.58E-05,9.51E-05
2,24,4,0.00013,0.00011,0.0001,0.0001,0.00012,0.00013,7.13E-05,9.89E-05,9.94E-05,9.52E-05
2,24,5,0.00012,0.00011,0.00009,0.0001,0.00012,0.00013,7.35E-05,0.00010979,0.00010286,9.79E-05
2,24,6,0.00012,0.00011,0.00009,0.0001,0.00011,0.00012,8.02E-05,0.00011137,0.00010724,9.95E-05
2,24,7,0.00012,0.00011,0.00008,0.0001,0.00011,0.00012,8.85E-05,0.00011639,0.00011129,0.000104379
2,24,8,0.00012,0.0001,0.00009,0.0001,0.00011,0.00012,9.21E-05,0.00012384,0.00011755,0.000110791
2,24,9,0.00012,0.0001,0.00008,0.0001,0.00012,0.00012,8.90E-05,0.00012843,0.00011776,0.000114277
2,24,10,0.00012,0.0001,0.00009,0.0001,0.00012,0.00012,9.40E-05,0.00013358,0.00011922,0.000118328
2,24,11,0.00012,0.00011,0.00009,0.0001,0.00012,0.00012,9.77E-05,0.00013847,0.00011702,0.000123251
2,24,12,0.00013,0.00013,0.00013,0.0001,0.00011,0.00012,0.000101541,0.00013518,0.00011654,0.00012347
2,24,13,0.00013,0.00013,0.00013,0.00011,0.00012,0.00011,0.000101281,0.00013542,0.00011722,0.000124496
2,24,14,0.00013,0.00013,0.00013,0.00011,0.00012,0.0001,9.78E-05,0.00013909,0.00012,0.000125225
2,24,15,0.00013,0.00013,0.00015,0.0001,0.00012,0.00012,9.48E-05,0.00013961,0.00012403,0.000124749
2,24,16,0.00012,0.00012,0.00012,0.0001,0.00012,0.00011,9.45E-05,0.00013748,0.0001291,0.000122189
2,24,17,0.00012,0.00011,0.0001,0.00009,0.00012,0.00011,0.000102221,0.00013401,0.00013517,0.000120629
2,24,18,0.00011,0.00011,0.0001,0.00009,0.00011,0.00011,0.000109875,0.00014242,0.00014208,0.000129299
2,24,19,0.00011,0.00011,0.00009,0.00009,0.00012,0.00011,0.00010755,0.00014743,0.0001462,0.000131903
2,24,20,0.00011,0.00011,0.00009,0.00008,0.00011,0.00011,0.00010641,0.00014299,0.00014793,0.000128079
2,24,21,0.00011,0.0001,0.00009,0.00008,0.00011,0.00011,0.000102431,0.00013491,0.00014558,0.000122931
2,24,22,0.00011,0.0001,0.00009,0.00008,0.00011,0.00011,9.69E-05,0.00012152,0.00013576,0.000116477
2,24,23,0.00012,0.00011,0.0001,0.00008,0.00012,0.00011,9.21E-05,0.00011078,0.00012509,0.00010986
2,25,0,0.00012,0.00011,0.0001,0.00009,0.00012,0.00012,8.81E-05,0.00010428,9.54E-05,0.000104195
2,25,1,0.00012,0.00011,0.0001,0.00011,0.00012,0.00012,8.31E-05,0.00010032,9.53E-05,0.000100315
2,25,2,0.00012,0.00011,0.0001,0.00011,0.00012,0.00012,7.85E-05,9.77E-05,9.51E-05,9.73E-05
2,25,3,0.00013,0.00012,0.00009,0.0001,0.00012,0.00012,7.68E-05,9.64E-05,9.66E-05,9.51E-05
2,25,4,0.00013,0.00012,0.00009,0.0001,0.00012,0.00012,7.48E-05,9.97E-05,9.82E-05,9.52E-05
2,25,5,0.00013,0.00012,0.00009,0.0001,0.00012,0.00012,7.44E-05,0.00011144,0.0001023,9.79E-05
2,25,6,0.00012,0.00012,0.00009,0.0001,0.00012,0.00012,7.87E-05,0.00011356,0.00010721,9.95E-05
2,25,7,0.00012,0.00011,0.00009,0.00009,0.00012,0.00011,8.67E-05,0.00011832,0.0001131,0.000104379
2,25,8,0.00012,0.00011,0.00009,0.00009,0.00011,0.00011,9.13E-05,0.00012444,0.00011668,0.000110791
2,25,9,0.00012,0.00011,0.00009,0.00009,0.00011,0.00011,9.37E-05,0.00012776,0.00011928,0.000114277
2,25,10,0.00012,0.00011,0.0001,0.00009,0.00011,0.00012,9.72E-05,0.0001322,0.00011833,0.000118328
2,25,11,0.00013,0.00011,0.0001,0.00009,0.00012,0.00011,0.000100651,0.0001355,0.00011705,0.000123251
2,25,12,0.00013,0.00013,0.00013,0.0001,0.00011,0.00011,0.000102101,0.00013242,0.00011708,0.00012347
2,25,13,0.00013,0.00013,0.00014,0.00011,0.00013,0.00013,9.99E-05,0.00013307,0.00011773,0.000124496
2,25,14,0.00014,0.00013,0.00015,0.00011,0.00012,0.00012,9.71E-05,0.00013612,0.00011977,0.000125225
2,25,15,0.00013,0.00013,0.00014,0.0001,0.00013,0.00012,8.63E-05,0.00013637,0.00012323,0.000124749
2,25,16,0.00012,0.00012,0.00012,0.0001,0.00012,0.00012,9.08E-05,0.00013474,0.00012825,0.000122189
2,25,17,0.00012,0.00011,0.00011,0.00009,0.00012,0.00011,9.66E-05,0.00013212,0.00013486,0.000120629
2,25,18,0.00011,0.00011,0.0001,0.00009,0.00011,0.00011,0.000101086,0.00014124,0.00014144,0.000129299
2,25,19,0.00011,0.0001,0.00009,0.00009,0.00011,0.00011,9.60E-05,0.00014452,0.0001462,0.000131903
2,25,20,0.00011,0.0001,0.00009,0.00009,0.00011,0.00011,9.02E-05,0.00013909,0.00014814,0.000128079
2,25,21,0.00011,0.0001,0.00009,0.00009,0.00011,0.00011,8.76E-05,0.00013152,0.00014389,0.000122931
2,25,22,0.00011,0.0001,0.00009,0.00008,0.00011,0.00011,8.29E-05,0.00012023,0.00013584,0.000116477
2,25,23,0.00012,0.00011,0.0001,0.00009,0.00011,0.00011,7.82E-05,0.00010925,0.00012559,0.00010986
2,26,0,0.00012,0.00011,0.0001,0.0001,0.00012,0.00012,7.31E-05,0.00010023,9.41E-05,0.000104195
2,26,1,0.00012,0.00011,0.00011,0.00011,0.00012,0.00012,6.88E-05,9.63E-05,9.57E-05,0.000100315
2,26,2,0.00013,0.00011,0.0001,0.00011,0.00012,0.00012,6.74E-05,9.40E-05,9.67E-05,9.73E-05
2,26,3,0.00013,0.00012,0.0001,0.00011,0.00012,0.00012,6.66E-05,9.38E-05,9.64E-05,9.51E-05
2,26,4,0.00013,0.00012,0.0001,0.00011,0.00012,0.00013,6.61E-05,9.70E-05,9.80E-05,9.52E-05
2,26,5,0.00013,0.00012,0.0001,0.0001,0.00012,0.00012,6.49E-05,0.00010784,0.00010186,9.79E-05
2,26,6,0.00013,0.00012,0.0001,0.0001,0.00012,0.00012,6.61E-05,0.00011094,0.00010729,9.95E-05
2,26,7,0.00013,0.00011,0.0001,0.0001,0.00012,0.00012,7.21E-05,0.00011577,0.00011253,0.000104379
2,26,8,0.00013,0.0001,0.0001,0.00009,0.00011,0.00012,7.72E-05,0.00012288,0.00011797,0.000110791
2,26,9,0.00013,0.00011,0.00009,0.00009,0.00012,0.00012,7.72E-05,0.00012704,0.00011818,0.000114277
2,26,10,0.00013,0.0001,0.0001,0.00009,0.00012,0.00012,7.89E-05,0.00013211,0.00011886,0.000118328
2,26,11,0.00013,0.00011,0.00011,0.00009,0.00012,0.00011,8.23E-05,0.00013541,0.00011725,0.000123251
2,26,12,0.00013,0.00012,0.00014,0.0001,0.00011,0.00011,8.79E-05,0.00013216,0.00011712,0.00012347
2,26,13,0.00013,0.00013,0.00014,0.00011,0.00013,0.00012,8.61E-05,0.00013269,0.00011807,0.000124496
2,26,14,0.00014,0.00013,0.00014,0.00011,0.00013,0.00012,8.31E-05,0.0001352,0.00011944,0.000125225
2,26,15,0.00013,0.00013,0.00013,0.0001,0.00013,0.00012,7.85E-05,0.00013566,0.00012386,0.000124749
2,26,16,0.00013,0.00012,0.00012,0.0001,0.00012,0.00012,7.93E-05,0.0001338,0.00012809,0.000122189
2,26,17,0.00012,0.00011,0.0001,0.00009,0.00012,0.00011,8.70E-05,0.00012986,0.00013526,0.000120629
2,26,18,0.00012,0.00011,0.00009,0.00009,0.00012,0.00011,9.48E-05,0.00013973,0.00014248,0.000129299
2,26,19,0.00011,0.0001,0.00009,0.00009,0.00012,0.00011,9.31E-05,0.00014424,0.00014692,0.000131903
2,26,20,0.00011,0.0001,0.00009,0.00009,0.00012,0.00011,9.33E-05,0.00013874,0.00014717,0.000128079
2,26,21,0.00011,0.0001,0.00008,0.00009,0.00011,0.00011,9.17E-05,0.00013186,0.00014239,0.000122931
2,26,22,0.00012,0.0001,0.00009,0.00008,0.00012,0.00011,8.64E-05,0.00012008,0.00013592,0.000116477
2,26,23,0.00012,0.0001,0.00009,0.00009,0.00012,0.00011,8.44E-05,0.00010926,0.00012445,0.00010986
2,27,0,0.00012,0.00011,0.0001,0.0001,0.00012,0.00011,7.84E-05,0.00010093,9.47E-05,0.000104195
2,27,1,0.00012,0.0001,0.0001,0.00011,0.00012,0.00011,7.59E-05,9.65E-05,9.50E-05,0.000100315
2,27,2,0.00013,0.00011,0.0001,0.00011,0.00012,0.00012,7.35E-05,9.41E-05,9.36E-05,9.73E-05
2,27,3,0.00013,0.00011,0.00009,0.00011,0.00012,0.00012,7.21E-05,9.30E-05,9.66E-05,9.51E-05
2,27,4,0.00013,0.00011,0.00009,0.0001,0.00012,0.00012,7.12E-05,9.35E-05,9.78E-05,9.52E-05
2,27,5,0.00013,0.00011,0.00009,0.0001,0.00012,0.00012,7.52E-05,9.69E-05,0.00010193,9.79E-05
2,27,6,0.00013,0.00011,0.00009,0.0001,0.00012,0.00012,8.30E-05,9.82E-05,0.00010726,9.95E-05
2,27,7,0.00012,0.00011,0.00009,0.0001,0.00012,0.00012,9.36E-05,0.00010565,0.0001128,0.000104379
2,27,8,0.00012,0.0001,0.00009,0.0001,0.00012,0.00012,9.69E-05,0.00011455,0.00011627,0.000110791
2,27,9,0.00012,0.0001,0.00009,0.0001,0.00012,0.00012,9.79E-05,0.00012077,0.00011852,0.000114277
2,27,10,0.00013,0.00011,0.00009,0.0001,0.00011,0.00012,0.000101311,0.00012574,0.00011667,0.000118328
2,27,11,0.00013,0.00011,0.0001,0.00009,0.00012,0.00012,0.00010662,0.00012838,0.00011729,0.000123251
2,27,12,0.00013,0.00013,0.00013,0.0001,0.00011,0.00011,0.00010627,0.00012679,0.00011673,0.00012347
2,27,13,0.00013,0.00014,0.00014,0.00011,0.00013,0.00013,0.00010259,0.000124,0.00011692,0.000124496
2,27,14,0.00014,0.00014,0.00014,0.00011,0.00012,0.00013,1.00E-05,0.00012165,0.0001192,0.000125225
2,27,15,0.00013,0.00013,0.00013,0.0001,0.00012,0.00012,9.56E-05,0.00011941,0.00012238,0.000124749
2,27,16,0.00012,0.00012,0.00012,0.0001,0.00012,0.00012,9.61E-05,0.00011697,0.00012785,0.000122189
2,27,17,0.00012,0.00011,0.0001,0.0001,0.00012,0.00012,0.000101291,0.00011616,0.00013442,0.000120629
2,27,18,0.00011,0.00011,0.0001,0.0001,0.00012,0.00011,0.000110215,0.0001297,0.0001413,0.000129299
2,27,19,0.00011,0.0001,0.00009,0.00009,0.00012,0.00011,0.00010759,0.00013649,0.00014609,0.000131903
2,27,20,0.00011,0.0001,0.00009,0.00009,0.00012,0.00011,0.00010395,0.00013248,0.00014776,0.000128079
2,27,21,0.00011,0.0001,0.00009,0.00009,0.00012,0.00011,9.75E-05,0.0001257,0.000143,0.000122931
2,27,22,0.00011,0.0001,0.00009,0.00009,0.00012,0.00011,9.34E-05,0.0001144,0.00013455,0.000116477
2,27,23,0.00012,0.00011,0.0001,0.00009,0.00012,0.00011,8.97E-05,0.00010519,0.00012556,0.00010986
2,28,0,0.00012,0.00011,0.0001,0.0001,0.00012,0.00011,8.51E-05,9.86E-05,9.47E-05,0.000104195
2,28,1,0.00012,0.00011,0.0001,0.00011,0.00012,0.00012,8.17E-05,9.38E-05,9.46E-05,0.000100315
2,28,2,0.00012,0.00011,0.0001,0.00011,0.00012,0.00012,7.93E-05,9.05E-05,9.59E-05,9.73E-05
2,28,3,0.00012,0.00012,0.0001,0.00011,0.00012,0.00012,7.73E-05,8.87E-05,9.59E-05,9.51E-05
2,28,4,0.00012,0.00012,0.0001,0.0001,0.00012,0.00012,7.60E-05,8.80E-05,9.76E-05,9.52E-05
2,28,5,0.00012,0.00012,0.00009,0.0001,0.00012,0.00012,7.95E-05,8.80E-05,0.00010191,9.79E-05
2,28,6,0.00012,0.00012,0.0001,0.0001,0.00012,0.00012,8.71E-05,8.51E-05,0.00010736,9.95E-05
2,28,7,0.00012,0.00011,0.00009,0.0001,0.00012,0.00012,9.69E-05,8.89E-05,0.00011237,0.000104379
2,28,8,0.00012,0.00011,0.0001,0.0001,0.00012,0.00012,0.000101091,9.54E-05,0.00011686,0.000110791
2,28,9,0.00012,0.00011,0.00009,0.0001,0.00012,0.00012,0.000101361,0.00010019,0.0001185,0.000114277
2,28,10,0.00012,0.00011,0.00009,0.0001,0.00012,0.00012,0.00010504,0.00010445,0.00011777,0.000118328
2,28,11,0.00012,0.00011,0.0001,0.00009,0.00012,0.00012,0.00010873,0.00010744,0.00011673,0.000123251
2,28,12,0.00012,0.00013,0.00013,0.0001,0.00011,0.00012,0.00011111,0.00010829,0.00011629,0.00012347
2,28,13,0.00013,0.00014,0.00014,0.00011,0.00012,0.00013,0.00010564,0.00010773,0.00011702,0.000124496
2,28,14,0.00013,0.00014,0.00014,0.00011,0.00012,0.00013,0.00010399,0.00010592,0.00011793,0.000125225
2,28,15,0.00013,0.00013,0.00014,0.0001,0.00012,0.00012,9.94E-05,0.00010479,0.00012306,0.000124749
2,28,16,0.00012,0.00013,0.00012,0.0001,0.00012,0.00012,9.83E-05,0.00010326,0.00012767,0.000122189
2,28,17,0.00011,0.00012,0.0001,0.0001,0.00012,0.00011,0.00010536,0.00010362,0.00013299,0.000120629
2,28,18,0.00011,0.00011,0.0001,0.00009,0.00012,0.00011,0.000113484,0.0001198,0.00014142,0.000129299
2,28,19,0.00011,0.00011,0.00009,0.00009,0.00012,0.00011,0.00011026,0.00012873,0.00014558,0.000131903
2,28,20,0.00011,0.00011,0.00009,0.00009,0.00012,0.00011,0.00010776,0.00012731,0.00014611,0.000128079
2,28,21,0.00011,0.0001,0.00009,0.00009,0.00012,0.00011,0.00010327,0.00012196,0.0001426,0.000122931
2,28,22,0.00011,0.0001,0.00009,0.00009,0.00011,0.00011,9.77E-05,0.00011103,0.00013391,0.000116477
2,28,23,0.00011,0.00011,0.00009,0.00009,0.00011,0.00011,9.41E-05,0.00010187,0.00012509,0.00010986
1,3,0,0.00011,0.00011,0.0001,0.0001,0.00011,0.00012,7.82E-05,9.18E-05,8.50E-05,0.000104195
1,3,1,0.00012,0.00011,0.0001,0.00011,0.00012,0.00012,7.05E-05,8.75E-05,8.48E-05,0.000100315
1,3,2,0.00012,0.00011,0.0001,0.00011,0.00012,0.00012,6.77E-05,8.51E-05,8.60E-05,9.73E-05
1,3,3,0.00012,0.00011,0.0001,0.0001,0.00011,0.00012,6.48E-05,8.32E-05,8.62E-05,9.51E-05
1,3,4,0.00012,0.00011,0.00009,0.0001,0.00012,0.00012,6.46E-05,8.20E-05,8.70E-05,9.52E-05
1,3,5,0.00012,0.00011,0.00009,0.0001,0.00012,0.00012,6.92E-05,8.25E-05,9.19E-05,9.79E-05
1,3,6,0.00011,0.00011,0.00009,0.0001,0.00011,0.00012,7.47E-05,7.94E-05,9.76E-05,9.95E-05
1,3,7,0.00011,0.00011,0.00009,0.0001,0.00011,0.00012,8.39E-05,8.32E-05,0.00010307,0.000104379
1,3,8,0.00011,0.0001,0.00009,0.0001,0.00011,0.00012,8.96E-05,8.88E-05,0.00010806,0.000110791
1,3,9,0.00011,0.0001,0.00009,0.00009,0.00011,0.00012,8.92E-05,9.37E-05,0.00010792,0.000114277
1,3,10,0.00011,0.0001,0.00009,0.00009,0.00011,0.00012,8.98E-05,9.75E-05,0.00010938,0.000118328
1,3,11,0.00012,0.0001,0.0001,0.00009,0.00011,0.00011,9.29E-05,0.00010043,0.00010739,0.000123251
1,3,12,0.00012,0.00012,0.00013,0.00009,0.00011,0.00011,9.55E-05,0.00010141,0.00010649,0.00012347
1,3,13,0.00012,0.00013,0.00013,0.00011,0.00012,0.00012,9.08E-05,0.00010101,0.00010684,0.000124496
1,3,14,0.00013,0.00013,0.00014,0.0001,0.00012,0.00012,8.84E-05,9.99E-05,0.00010666,0.000125225
1,3,15,0.00013,0.00013,0.00013,0.0001,0.00012,0.00012,8.47E-05,9.85E-05,0.00010843,0.000124749
1,3,16,0.00012,0.00012,0.00012,0.0001,0.00012,0.00012,8.66E-05,9.76E-05,0.00011304,0.000122189
1,3,17,0.00011,0.00012,0.0001,0.0001,0.00012,0.00012,0.000101301,9.98E-05,0.00012012,0.000120629
1,3,18,0.00011,0.00011,0.0001,0.00009,0.00011,0.00011,0.000100776,0.00011531,0.00012973,0.000129299
1,3,19,0.00011,0.00011,0.00009,0.00009,0.00011,0.00011,9.99E-05,0.00012045,0.00013901,0.000131903
1,3,20,0.00011,0.00011,0.00009,0.00009,0.00011,0.00011,9.67E-05,0.00011857,0.00013983,0.000128079
1,3,21,0.00011,0.00011,0.00009,0.00009,0.00011,0.00011,9.16E-05,0.00011359,0.00013402,0.000122931
1,3,22,0.00011,0.00011,0.00009,0.00009,0.00011,0.00011,8.56E-05,0.0001058,0.0001239,0.000116477
1,3,23,0.00011,0.00011,0.0001,0.00009,0.00012,0.00011,7.97E-05,9.75E-05,0.00010968,0.00010986
2,3,0,0.00012,0.00011,0.0001,0.0001,0.00012,0.00012,7.34E-05,0.00010768,8.54E-05,0.000104195
2,3,1,0.00012,0.00011,0.00011,0.00011,0.00012,0.00012,6.98E-05,0.00010432,8.55E-05,0.000100315
2,3,2,0.00012,0.00011,0.0001,0.00011,0.00012,0.00012,6.78E-05,0.00010137,8.53E-05,9.73E-05
2,3,3,0.00012,0.00012,0.0001,0.00011,0.00012,0.00012,6.61E-05,9.98E-05,8.77E-05,9.51E-05
2,3,4,0.00012,0.00012,0.00009,0.0001,0.00012,0.00012,6.53E-05,0.0001034,8.94E-05,9.52E-05
2,3,5,0.00012,0.00011,0.00009,0.0001,0.00012,0.00012,6.94E-05,0.00011403,9.37E-05,9.79E-05
2,3,6,0.00011,0.00011,0.00009,0.0001,0.00012,0.00012,7.51E-05,0.00011641,9.88E-05,9.95E-05
2,3,7,0.00011,0.0001,0.00009,0.0001,0.00012,0.00012,8.50E-05,0.00012069,0.00010459,0.000104379
2,3,8,0.00011,0.0001,0.00009,0.0001,0.00012,0.00012,8.81E-05,0.00012843,0.00010835,0.000110791
2,3,9,0.00011,0.00011,0.00009,0.0001,0.00012,0.00012,8.99E-05,0.00013346,0.00010985,0.000114277
2,3,10,0.00011,0.00011,0.0001,0.0001,0.00012,0.00012,9.12E-05,0.00013847,0.00010949,0.000118328
2,3,11,0.00012,0.00011,0.00011,0.0001,0.00012,0.00012,9.56E-05,0.00013957,0.00010948,0.000123251
2,3,12,0.00012,0.00013,0.00013,0.0001,0.00011,0.00012,9.69E-05,0.00013822,0.00010604,0.00012347
2,3,13,0.00012,0.00013,0.00014,0.00011,0.00013,0.00013,9.41E-05,0.00013959,0.00010737,0.000124496
2,3,14,0.00013,0.00013,0.00015,0.00011,0.00013,0.00013,8.83E-05,0.00014251,0.00010801,0.000125225
2,3,15,0.00013,0.00013,0.00013,0.0001,0.00013,0.00012,8.78E-05,0.00014339,0.00010982,0.000124749
2,3,16,0.00012,0.00012,0.00012,0.0001,0.00013,0.00012,8.78E-05,0.00014177,0.00011311,0.000122189
2,3,17,0.00011,0.00012,0.0001,0.00009,0.00013,0.00012,9.65E-05,0.0001372,0.00012074,0.000120629
2,3,18,0.00011,0.00011,0.0001,0.00009,0.00012,0.00012,0.000104775,0.00014434,0.00013101,0.000129299
2,3,19,0.00011,0.00011,0.00009,0.00009,0.00012,0.00011,0.00010307,0.00014928,0.00013934,0.000131903
2,3,20,0.00011,0.00011,0.00009,0.00009,0.00012,0.00011,0.000100241,0.0001448,0.0001412,0.000128079
2,3,21,0.00011,0.00011,0.00009,0.00009,0.00012,0.00011,9.59E-05,0.00013892,0.00013561,0.000122931
2,3,22,0.00011,0.00011,0.00009,0.00009,0.00012,0.00011,8.92E-05,0.00012698,0.00012348,0.000116477
2,3,23,0.00011,0.00011,0.0001,0.00009,0.00012,0.00012,8.46E-05,0.00011494,0.00011109,0.00010986
3,3,0,0.00012,0.00011,0.00011,0.0001,0.00012,0.00012,8.92E-05,9.78E-05,8.48E-05,0.000104195
3,3,1,0.00012,0.00011,0.0001,0.00011,0.00012,0.00012,8.55E-05,9.40E-05,8.63E-05,0.000100315
3,3,2,0.00012,0.00011,0.0001,0.00011,0.00012,0.00012,8.30E-05,9.16E-05,8.67E-05,9.73E-05
3,3,3,0.00012,0.00012,0.00009,0.0001,0.00012,0.00012,7.96E-05,9.12E-05,8.82E-05,9.51E-05
3,3,4,0.00012,0.00012,0.00009,0.0001,0.00012,0.00012,7.91E-05,9.51E-05,9.04E-05,9.52E-05
3,3,5,0.00012,0.00012,0.00009,0.0001,0.00012,0.00013,8.27E-05,0.00010563,9.41E-05,9.79E-05
3,3,6,0.00012,0.00012,0.00009,0.0001,0.00012,0.00012,9.25E-05,0.000108,9.87E-05,9.95E-05
3,3,7,0.00012,0.00011,0.00009,0.0001,0.00012,0.00012,0.000101491,0.0001134,0.00010441,0.000104379
3,3,8,0.00012,0.00011,0.00009,0.0001,0.00012,0.00012,0.00010319,0.00012046,0.00010846,0.000110791
3,3,9,0.00012,0.00011,0.00009,0.0001,0.00012,0.00012,0.00010269,0.00012495,0.00011008,0.000114277
3,3,10,0.00012,0.00011,0.0001,0.0001,0.00012,0.00012,0.00010699,0.00013049,0.00010854,0.000118328
3,3,11,0.00012,0.00011,0.0001,0.0001,0.00012,0.00012,0.00011039,0.00013421,0.00010848,0.000123251
3,3,12,0.00012,0.00013,0.00012,0.0001,0.00012,0.00012,0.000113389,0.00013037,0.0001093,0.00012347
3,3,13,0.00013,0.00014,0.00013,0.00011,0.00013,0.00013,0.00010939,0.00013084,0.00010585,0.000124496
3,3,14,0.00013,0.00014,0.00014,0.00011,0.00013,0.00013,0.00010729,0.00013376,0.00010759,0.000125225
3,3,15,0.00013,0.00014,0.00013,0.0001,0.00013,0.00013,0.00010549,0.00013381,0.00011052,0.000124749
3,3,16,0.00012,0.00013,0.00012,0.0001,0.00013,0.00012,0.00010399,0.00013246,0.00011384,0.000122189
3,3,17,0.00011,0.00012,0.0001,0.0001,0.00013,0.00012,0.00010699,0.0001278,0.00012221,0.000120629
3,3,18,0.00011,0.00011,0.00009,0.0001,0.00012,0.00012,0.000117139,0.00013931,0.00013153,0.000129299
3,3,19,0.00011,0.00011,0.00009,0.0001,0.00012,0.00011,0.000114589,0.00014501,0.0001404,0.000131903
3,3,20,0.00011,0.00011,0.00009,0.0001,0.00012,0.00011,0.00011064,0.00014074,0.00014214,0.000128079
3,3,21,0.00011,0.00011,0.00009,0.00009,0.00012,0.00011,0.00010399,0.00013163,0.0001347,0.000122931
3,3,22,0.00011,0.00011,0.00009,0.00009,0.00012,0.00011,0.000100711,0.0001181,0.00012491,0.000116477
3,3,23,0.00011,0.00011,0.0001,0.00009,0.00012,0.00011,9.80E-05,0.00010647,0.00011118,0.00010986
4,3,0,0.00012,0.00011,0.0001,0.0001,0.00012,0.00012,0.000141987,9.01E-05,8.45E-05,0.000104195
4,3,1,0.00012,0.00011,0.0001,0.00011,0.00012,0.00012,0.000138987,8.52E-05,8.61E-05,0.000100315
4,3,2,0.00012,0.00011,0.0001,0.00011,0.00012,0.00012,0.000137487,8.19E-05,8.73E-05,9.73E-05
4,3,3,0.00012,0.00011,0.0001,0.00011,0.00012,0.00012,0.000135987,8.03E-05,8.77E-05,9.51E-05
4,3,4,0.00012,0.00012,0.0001,0.00011,0.00012,0.00012,0.000129488,7.95E-05,8.93E-05,9.52E-05
4,3,5,0.00012,0.00011,0.0001,0.0001,0.00012,0.00013,0.000122489,7.90E-05,9.27E-05,9.79E-05
4,3,6,0.00012,0.00011,0.00009,0.00011,0.00012,0.00012,0.000121489,7.55E-05,0.00010068,9.95E-05
4,3,7,0.00012,0.00011,0.00009,0.0001,0.00012,0.00012,0.000121989,7.97E-05,0.00010556,0.000104379
4,3,8,0.00012,0.0001,0.00009,0.0001,0.00012,0.00012,0.000125988,8.64E-05,0.00010928,0.000110791
4,3,9,0.00012,0.0001,0.00009,0.0001,0.00012,0.00012,0.000129988,9.02E-05,0.00011092,0.000114277
4,3,10,0.00012,0.0001,0.0001,0.0001,0.00012,0.00012,0.000131488,9.46E-05,0.00011182,0.000118328
4,3,11,0.00013,0.00011,0.0001,0.0001,0.00012,0.00012,0.000133988,9.77E-05,0.00010956,0.000123251
4,3,12,0.00013,0.00012,0.00012,0.0001,0.00011,0.00012,0.000135487,9.86E-05,0.00010755,0.00012347
4,3,13,0.00013,0.00013,0.00013,0.00011,0.00013,0.00013,0.000138987,9.76E-05,0.00010841,0.000124496
4,3,14,0.00013,0.00013,0.00014,0.00011,0.00013,0.00013,0.000139987,9.54E-05,0.00010767,0.000125225
4,3,15,0.00013,0.00013,0.00013,0.0001,0.00013,0.00012,0.000140987,9.38E-05,0.00011002,0.000124749
4,3,16,0.00012,0.00012,0.00013,0.00011,0.00012,0.00012,0.000132988,9.28E-05,0.00011461,0.000122189
4,3,17,0.00012,0.00011,0.0001,0.0001,0.00012,0.00012,0.000139987,9.33E-05,0.000121,0.000120629
4,3,18,0.00011,0.00011,0.0001,0.0001,0.00011,0.00011,0.000148736,0.00010896,0.00013199,0.000129299
4,3,19,0.00011,0.00011,0.0001,0.0001,0.00011,0.00011,0.000149986,0.00011674,0.00013903,0.000131903
4,3,20,0.00011,0.00011,0.00009,0.0001,0.00011,0.00011,0.000152486,0.00011816,0.00014301,0.000128079
4,3,21,0.00011,0.00011,0.00009,0.0001,0.00011,0.00011,0.000152986,0.00011252,0.00013582,0.000122931
4,3,22,0.00011,0.00011,0.00009,0.00009,0.00011,0.00011,0.000148986,0.00010569,0.00012507,0.000116477
4,3,23,0.00012,0.00011,0.0001,0.0001,0.00011,0.00011,0.000141987,9.45E-05,0.00011185,0.00010986
5,3,0,0.00012,0.00011,0.0001,0.00011,0.00012,0.00011,0.000142987,9.19E-05,8.65E-05,0.000104195
5,3,1,0.00012,0.0001,0.0001,0.00011,0.00012,0.00012,0.000135987,8.89E-05,8.62E-05,0.000100315
5,3,2,0.00013,0.00011,0.0001,0.00011,0.00012,0.00012,0.000131988,8.74E-05,8.72E-05,9.73E-05
5,3,3,0.00013,0.00011,0.0001,0.00011,0.00012,0.00012,0.000128988,8.69E-05,8.84E-05,9.51E-05
5,3,4,0.00013,0.00011,0.00009,0.00011,0.00012,0.00012,0.000123989,9.08E-05,9.08E-05,9.52E-05
5,3,5,0.00013,0.00011,0.0001,0.00011,0.00012,0.00013,0.000118989,9.87E-05,9.55E-05,9.79E-05
5,3,6,0.00013,0.00011,0.00009,0.00011,0.00012,0.00013,0.000115989,0.00010045,0.00010003,9.95E-05
5,3,7,0.00012,0.00011,0.0001,0.0001,0.00012,0.00013,0.000115789,0.00010648,0.00010508,0.000104379
5,3,8,0.00012,0.0001,0.0001,0.0001,0.00012,0.00013,0.000120289,0.00011422,0.00011063,0.000110791
5,3,9,0.00013,0.00011,0.00008,0.0001,0.00012,0.00013,0.000124089,0.00011878,0.00011117,0.000114277
5,3,10,0.00013,0.00011,0.00009,0.0001,0.00012,0.00013,0.000128588,0.00012404,0.00011146,0.000118328
5,3,11,0.00013,0.00011,0.00009,0.0001,0.00012,0.00012,0.000135787,0.0001272,0.00011001,0.000123251
5,3,12,0.00013,0.00013,0.00013,0.0001,0.00011,0.00012,0.000140987,0.00012411,0.00010919,0.00012347
5,3,13,0.00013,0.00014,0.00013,0.00011,0.00013,0.00013,0.000135737,0.00012483,0.00010865,0.000124496
5,3,14,0.00014,0.00014,0.00014,0.00011,0.00013,0.00013,0.000138987,0.00012849,0.00010825,0.000125225
5,3,15,0.00013,0.00013,0.00013,0.00011,0.00013,0.00013,0.000138487,0.00012813,0.00011084,0.000124749
5,3,16,0.00013,0.00012,0.00012,0.00011,0.00013,0.00013,0.000135487,0.00012617,0.00011466,0.000122189
5,3,17,0.00012,0.00011,0.0001,0.0001,0.00013,0.00013,0.000126988,0.00012341,0.00012288,0.000120629
5,3,18,0.00011,0.00011,0.0001,0.0001,0.00012,0.00012,0.000147861,0.00013381,0.00013216,0.000129299
5,3,19,0.00011,0.00011,0.0001,0.0001,0.00012,0.00012,0.000147706,0.00013752,0.00014132,0.000131903
5,3,20,0.00011,0.00011,0.0001,0.0001,0.00011,0.00012,0.000150736,0.00013318,0.000142,0.000128079
5,3,21,0.00011,0.00011,0.0001,0.0001,0.00011,0.00012,0.000151486,0.00012554,0.00013761,0.000122931
5,3,22,0.00011,0.00011,0.0001,0.0001,0.00011,0.00012,0.000151486,0.00011364,0.00012616,0.000116477
5,3,23,0.00012,0.00011,0.0001,0.0001,0.00012,0.00012,0.000149786,0.00010261,0.00011137,0.00010986
6,3,0,0.00012,0.00011,0.00011,0.00011,0.00012,0.00012,0.000152786,9.64E-05,8.55E-05,0.000104195
6,3,1,0.00012,0.00011,0.00011,0.00011,0.00012,0.00012,0.000147986,9.26E-05,8.71E-05,0.000100315
6,3,2,0.00013,0.00011,0.0001,0.00011,0.00012,0.00012,0.000142487,8.99E-05,8.73E-05,9.73E-05
6,3,3,0.00013,0.00011,0.0001,0.00011,0.00012,0.00013,0.000138987,8.97E-05,8.78E-05,9.51E-05
6,3,4,0.00013,0.00011,0.0001,0.00011,0.00012,0.00013,0.000135187,9.32E-05,9.07E-05,9.52E-05
6,3,5,0.00013,0.00011,0.0001,0.00011,0.00012,0.00013,0.000128988,0.00010068,9.53E-05,9.79E-05
6,3,6,0.00012,0.00011,0.00009,0.00011,0.00012,0.00013,0.000127988,0.00010453,1.00E-04,9.95E-05
6,3,7,0.00012,0.00011,0.00009,0.0001,0.00012,0.00013,0.000125988,0.00011138,0.00010599,0.000104379
6,3,8,0.00012,0.0001,0.00009,0.0001,0.00012,0.00013,0.000125688,0.00011743,0.00010969,0.000110791
6,3,9,0.00012,0.00011,0.00008,0.0001,0.00012,0.00013,0.000130288,0.00012079,0.00011188,0.000114277
6,3,10,0.00012,0.00011,0.00009,0.0001,0.00012,0.00013,0.000133988,0.00012482,0.00011183,0.000118328
6,3,11,0.00013,0.00012,0.00009,0.0001,0.00012,0.00012,0.000136987,0.00012727,0.00011059,0.000123251
6,3,12,0.00013,0.00012,0.00012,0.0001,0.00012,0.00012,0.000140987,0.00012404,0.00010947,0.00012347
6,3,13,0.00013,0.00013,0.00012,0.00011,0.00013,0.00013,0.000142487,0.00012381,0.00010916,0.000124496
6,3,14,0.00013,0.00013,0.00013,0.00011,0.00013,0.00013,0.000142987,0.00012617,0.00010954,0.000125225
6,3,15,0.00013,0.00013,0.00012,0.00011,0.00013,0.00013,0.000141987,0.00012611,0.00011181,0.000124749
6,3,16,0.00012,0.00013,0.00011,0.0001,0.00013,0.00013,0.000138987,0.00012496,0.00011535,0.000122189
6,3,17,0.00012,0.00012,0.00009,0.0001,0.00013,0.00013,0.000128488,0.00012281,0.00012383,0.000120629
6,3,18,0.00011,0.00011,0.00009,0.0001,0.00012,0.00012,0.000146486,0.00013224,0.00013245,0.000129299
6,3,19,0.00011,0.00011,0.00009,0.0001,0.00012,0.00012,0.000150986,0.00013568,0.00014161,0.000131903
6,3,20,0.00011,0.00011,0.00009,0.0001,0.00012,0.00012,0.000149986,0.00013011,0.00014293,0.000128079
6,3,21,0.00011,0.00011,0.00008,0.0001,0.00012,0.00012,0.000145986,0.00012253,0.00013927,0.000122931
6,3,22,0.00011,0.00011,0.00009,0.0001,0.00012,0.00012,0.000146986,0.00011415,0.00012537,0.000116477
6,3,23,0.00011,0.00011,0.00009,0.0001,0.00012,0.00012,0.000144987,0.00010434,0.00011306,0.00010986
7,3,0,0.00012,0.00011,0.00009,0.00011,0.00012,0.00012,0.000129488,9.64E-05,8.70E-05,0.000104195
7,3,1,0.00012,0.00011,0.00009,0.00012,0.00012,0.00012,0.000124588,9.25E-05,8.83E-05,0.000100315
7,3,2,0.00012,0.00011,0.00009,0.00011,0.00012,0.00012,0.000121189,8.96E-05,8.76E-05,9.73E-05
7,3,3,0.00012,0.00011,0.00009,0.00011,0.00012,0.00013,0.000116989,8.83E-05,8.90E-05,9.51E-05
7,3,4,0.00012,0.00012,0.00009,0.00011,0.00012,0.00013,0.000115189,8.73E-05,9.00E-05,9.52E-05
7,3,5,0.00012,0.00011,0.00008,0.00011,0.00012,0.00013,0.001111297,8.66E-05,9.53E-05,9.79E-05
7,3,6,0.00012,0.00011,0.00008,0.00011,0.00012,0.00013,0.00011199,8.29E-05,0.00010071,9.95E-05
7,3,7,0.00012,0.00011,0.00009,0.00011,0.00012,0.00013,0.000113589,8.68E-05,0.00010711,0.000104379
7,3,8,0.00012,0.0001,0.00009,0.0001,0.00012,0.00013,0.000114489,9.17E-05,0.00011036,0.000110791
7,3,9,0.00012,0.0001,0.00009,0.0001,0.00012,0.00013,0.000118989,9.62E-05,0.00011247,0.000114277
7,3,10,0.00012,0.00011,0.0001,0.0001,0.00012,0.00013,0.000122489,9.92E-05,0.00011222,0.000118328
7,3,11,0.00012,0.00011,0.0001,0.0001,0.00011,0.00012,0.000124688,0.00010117,0.00011129,0.000123251
7,3,12,0.00012,0.00012,0.00012,0.0001,0.00011,0.00012,0.000128588,0.00010204,0.00011058,0.00012347
7,3,13,0.00013,0.00014,0.00013,0.00011,0.00012,0.00013,0.000128188,0.0001015,0.00010983,0.000124496
7,3,14,0.00013,0.00013,0.00014,0.00011,0.00012,0.00013,0.000131788,1.00E-04,0.00010961,0.000125225
7,3,15,0.00013,0.00013,0.00012,0.00011,0.00012,0.00013,0.000128088,9.85E-05,0.00011069,0.000124749
7,3,16,0.00012,0.00013,0.00012,0.00011,0.00012,0.00012,0.000125088,9.70E-05,0.00011692,0.000122189
7,3,17,0.00011,0.00012,0.0001,0.00011,0.00012,0.00013,0.000121289,9.68E-05,0.00012246,0.000120629
7,3,18,0.00011,0.00011,0.0001,0.0001,0.00012,0.00012,0.000138387,0.00010844,0.00013326,0.000129299
7,3,19,0.00011,0.00011,0.00009,0.0001,0.00012,0.00012,0.000141487,0.00011694,0.00014136,0.000131903
7,3,20,0.00011,0.00011,0.00009,0.0001,0.00011,0.00012,0.000142487,0.00011515,0.00014406,0.000128079
7,3,21,0.00011,0.00011,0.00009,0.0001,0.00011,0.00011,0.000142687,0.00011052,0.00013938,0.000122931
7,3,22,0.00011,0.00011,0.00009,0.0001,0.00011,0.00011,0.000142387,0.00010369,0.00012609,0.000116477
7,3,23,0.00011,0.00011,0.00009,0.0001,0.00012,0.00012,0.000140787,9.71E-05,0.00011359,0.00010986
8,3,0,0.00011,0.00011,0.00009,0.0001,0.00012,0.00012,0.000113369,9.96E-05,8.66E-05,0.000104195
8,3,1,0.00012,0.00011,0.00009,0.00011,0.00012,0.00012,0.00010892,9.62E-05,8.72E-05,0.000100315
8,3,2,0.00012,0.00011,0.00009,0.00011,0.00012,0.00012,0.00010565,9.42E-05,8.69E-05,9.73E-05
8,3,3,0.00012,0.00011,0.00009,0.00011,0.00011,0.00012,0.000103315,9.32E-05,9.03E-05,9.51E-05
8,3,4,0.00012,0.00011,0.00009,0.00011,0.00011,0.00012,0.000100981,9.69E-05,9.15E-05,9.52E-05
8,3,5,0.00011,0.00011,0.00009,0.00011,0.00011,0.00013,9.44E-05,0.00010703,9.53E-05,9.79E-05
8,3,6,0.00011,0.00011,0.00008,0.00011,0.00011,0.00012,9.67E-05,0.00010829,0.00010085,9.95E-05
8,3,7,0.00011,0.00011,0.00009,0.0001,0.00012,0.00012,9.93E-05,0.00011373,0.0001065,0.000104379
8,3,8,0.00011,0.0001,0.00009,0.0001,0.00011,0.00012,0.00010471,0.00012054,0.0001107,0.000110791
8,3,9,0.00011,0.0001,0.00009,0.0001,0.00011,0.00012,0.00010772,0.00012521,0.00011394,0.000114277
8,3,10,0.00011,0.00011,0.00009,0.0001,0.00011,0.00012,0.00010952,0.00012906,0.00011108,0.000118328
8,3,11,0.00011,0.00011,0.0001,0.0001,0.00011,0.00011,0.000114879,0.0001326,0.00011128,0.000123251
8,3,12,0.00012,0.00012,0.00013,0.0001,0.00011,0.00011,0.000119089,0.00013011,0.00011162,0.00012347
8,3,13,0.00012,0.00013,0.00013,0.00011,0.00012,0.00012,0.000115279,0.00013001,0.00010892,0.000124496
8,3,14,0.00013,0.00013,0.00014,0.00011,0.00012,0.00012,0.000113759,0.00013044,0.00010974,0.000125225
8,3,15,0.00013,0.00013,0.00012,0.00011,0.00012,0.00012,0.00011167,0.00013053,0.00011193,0.000124749
8,3,16,0.00012,0.00012,0.00012,0.00011,0.00012,0.00012,0.00011233,0.00012875,0.00011498,0.000122189
8,3,17,0.00011,0.00012,0.0001,0.00011,0.00012,0.00012,0.0001101,0.00012595,0.0001228,0.000120629
8,3,18,0.00011,0.00011,0.0001,0.0001,0.00012,0.00012,0.000129348,0.00013548,0.00013359,0.000129299
8,3,19,0.00011,0.00011,0.00009,0.0001,0.00011,0.00011,0.000130838,0.00014026,0.00014271,0.000131903
8,3,20,0.0001,0.00011,0.00009,0.0001,0.00011,0.00011,0.000132688,0.00013712,0.00014415,0.000128079
8,3,21,0.00011,0.00011,0.00009,0.0001,0.00011,0.00011,0.000132788,0.00012828,0.00013766,0.000122931
8,3,22,0.00011,0.00011,0.00009,0.0001,0.00011,0.00011,0.000131388,0.00011625,0.00012788,0.000116477
8,3,23,0.00011,0.00011,0.00009,0.0001,0.00011,0.00011,0.000130188,0.00010572,0.00011357,0.00010986
9,3,0,0.00011,0.00011,0.0001,0.00011,0.00011,0.00012,0.000147486,9.89E-05,8.71E-05,0.000104195
9,3,1,0.00012,0.00011,0.0001,0.00011,0.00011,0.00012,0.000144987,9.50E-05,8.86E-05,0.000100315
9,3,2,0.00012,0.00011,0.0001,0.00011,0.00011,0.00012,0.000137487,9.30E-05,8.77E-05,9.73E-05
9,3,3,0.00012,0.00011,0.00009,0.00011,0.00011,0.00013,0.000132488,9.16E-05,8.89E-05,9.51E-05
9,3,4,0.00012,0.00012,0.00009,0.00011,0.00012,0.00013,0.000124988,9.33E-05,9.18E-05,9.52E-05
9,3,5,0.00012,0.00012,0.00009,0.00011,0.00012,0.00013,0.000118989,9.54E-05,9.70E-05,9.79E-05
9,3,6,0.00011,0.00011,0.00009,0.00011,0.00012,0.00013,0.000115289,9.73E-05,0.00010181,9.95E-05
9,3,7,0.00011,0.00011,0.00009,0.00011,0.00012,0.00012,0.000114989,0.00010463,0.00010779,0.000104379
9,3,8,0.00011,0.00011,0.00009,0.00011,0.00012,0.00012,0.000115489,0.00011411,0.00011132,0.000110791
9,3,9,0.00011,0.00011,0.00008,0.00011,0.00012,0.00012,0.000118489,0.00011955,0.00011347,0.000114277
9,3,10,0.00011,0.00011,0.00009,0.0001,0.00012,0.00012,0.000123189,0.00012466,0.00011301,0.000118328
9,3,11,0.00012,0.00011,0.0001,0.0001,0.00011,0.00012,0.000125988,0.00012713,0.00011182,0.000123251
9,3,12,0.00012,0.00012,0.00012,0.0001,0.00011,0.00012,0.000129988,0.00012519,0.00011028,0.00012347
9,3,13,0.00012,0.00013,0.00013,0.00011,0.00012,0.00013,0.000131988,0.00012261,0.00010911,0.000124496
9,3,14,0.00013,0.00013,0.00012,0.00011,0.00012,0.00013,0.000133988,0.00012008,0.0001111,0.000125225
9,3,15,0.00013,0.00013,0.00013,0.00011,0.00012,0.00013,0.000134987,0.00011822,0.00011148,0.000124749
9,3,16,0.00012,0.00012,0.00011,0.00011,0.00012,0.00012,0.000132488,0.00011573,0.0001168,0.000122189
9,3,17,0.00011,0.00012,0.0001,0.00011,0.00012,0.00012,0.000128488,0.00011575,0.00012404,0.000120629
9,3,18,0.00011,0.00011,0.00009,0.0001,0.00011,0.00012,0.000148986,0.00013058,0.00013413,0.000129299
9,3,19,0.00011,0.00011,0.00009,0.0001,0.00011,0.00012,0.000147986,0.00013477,0.00014198,0.000131903
9,3,20,0.00011,0.00011,0.00009,0.0001,0.00011,0.00011,0.000149786,0.00013085,0.00014506,0.000128079
9,3,21,0.00011,0.00011,0.00008,0.0001,0.00011,0.00011,0.000148186,0.00012252,0.00013901,0.000122931
9,3,22,0.00011,0.00011,0.00008,0.0001,0.00011,0.00012,0.000145986,0.00011349,0.00012806,0.000116477
9,3,23,0.00011,0.00012,0.00008,0.0001,0.00011,0.00012,0.000145487,0.00010506,0.00011354,0.00010986
10,3,0,0.00012,0.00011,0.00009,0.00011,0.00012,0.00012,0.000134987,8.71E-05,8.79E-05,0.000104195
10,3,1,0.00012,0.00011,0.0001,0.00011,0.00012,0.00012,0.000132488,8.45E-05,8.84E-05,0.000100315
10,3,2,0.00012,0.00011,0.00009,0.00011,0.00011,0.00012,0.000127988,8.28E-05,8.87E-05,9.73E-05
10,3,3,0.00012,0.00012,0.00008,0.00011,0.00012,0.00013,0.000122989,8.24E-05,8.88E-05,9.51E-05
10,3,4,0.00012,0.00011,0.00009,0.00011,0.00012,0.00013,0.000119489,8.55E-05,9.21E-05,9.52E-05
10,3,5,0.00012,0.00011,0.00008,0.00011,0.00012,0.00013,0.000115489,9.37E-05,9.55E-05,9.79E-05
10,3,6,0.00012,0.00011,0.00009,0.00011,0.00011,0.00013,0.00011249,9.81E-05,0.00010045,9.95E-05
10,3,7,0.00012,0.00011,0.00009,0.00011,0.00012,0.00013,0.00011299,0.00010617,0.00010821,0.000104379
10,3,8,0.00012,0.00011,0.00009,0.00011,0.00011,0.00012,0.000114489,0.00011428,0.00011245,0.000110791
10,3,9,0.00012,0.00011,0.00009,0.00011,0.00012,0.00012,0.000115889,0.00011968,0.0001131,0.000114277
10,3,10,0.00012,0.00011,0.00009,0.00011,0.00011,0.00013,0.000115989,0.00012506,0.00011403,0.000118328
10,3,11,0.00012,0.00011,0.0001,0.0001,0.00011,0.00012,0.000120989,0.00012836,0.00011129,0.000123251
10,3,12,0.00012,0.00012,0.00013,0.0001,0.00011,0.00012,0.000122989,0.00012574,0.00011136,0.00012347
10,3,13,0.00013,0.00013,0.00013,0.00011,0.00013,0.00013,0.000121989,0.00012674,0.00011056,0.000124496
10,3,14,0.00013,0.00013,0.00014,0.00011,0.00013,0.00013,0.000119989,0.0001296,0.00011098,0.000125225
10,3,15,0.00013,0.00013,0.00014,0.00011,0.00012,0.00013,0.000117939,0.00012967,0.00011245,0.000124749
10,3,16,0.00012,0.00013,0.00012,0.00011,0.00012,0.00012,0.000117289,0.00012774,0.00011786,0.000122189
10,3,17,0.00011,0.00012,0.00011,0.00011,0.00012,0.00012,0.000129988,0.00012664,0.00012482,0.000120629
10,3,18,0.00011,0.00012,0.0001,0.0001,0.00012,0.00012,0.000133593,0.0001403,0.00013489,0.000129299
10,3,19,0.00011,0.00011,0.00009,0.0001,0.00012,0.00012,0.000133888,0.00014017,0.00014345,0.000131903
10,3,20,0.00011,0.00011,0.00009,0.0001,0.00012,0.00011,0.000131388,0.00013604,0.00014631,0.000128079
10,3,21,0.00011,0.00011,0.00009,0.0001,0.00012,0.00011,0.000130028,0.00012732,0.00013915,0.000122931
10,3,22,0.00011,0.00011,0.00009,0.0001,0.00012,0.00011,0.000126388,0.00011534,0.00012753,0.000116477
10,3,23,0.00011,0.00011,0.0001,0.0001,0.00012,0.00012,0.000126298,0.0001046,0.00011452,0.00010986
11,3,0,0.00012,0.00011,0.0001,0.00011,0.00012,0.00012,0.000116989,9.50E-05,8.83E-05,0.000104195
11,3,1,0.00012,0.00011,0.0001,0.00011,0.00012,0.00012,0.000114989,9.20E-05,8.80E-05,0.000100315
11,3,2,0.00012,0.00011,0.0001,0.00011,0.00012,0.00012,0.00011158,8.95E-05,8.95E-05,9.73E-05
11,3,3,0.00012,0.00011,0.00009,0.00011,0.00012,0.00012,0.0001059,8.89E-05,9.07E-05,9.51E-05
11,3,4,0.00012,0.00012,0.00009,0.00011,0.00012,0.00013,0.00010438,9.31E-05,9.23E-05,9.52E-05
11,3,5,0.00012,0.00012,0.00009,0.00011,0.00012,0.00013,0.000102041,0.00010153,9.71E-05,9.79E-05
11,3,6,0.00012,0.00012,0.00009,0.00011,0.00011,0.00013,0.00010461,0.00010416,0.00010253,9.95E-05
11,3,7,0.00012,0.00012,0.00009,0.00011,0.00011,0.00012,0.00010541,0.00011023,0.00010864,0.000104379
11,3,8,0.00012,0.00011,0.00009,0.00011,0.00011,0.00012,0.00010854,0.00011786,0.00011078,0.000110791
11,3,9,0.00012,0.00011,0.0001,0.00011,0.00012,0.00012,0.00011089,0.00012269,0.00011388,0.000114277
11,3,10,0.00012,0.00011,0.0001,0.0001,0.00012,0.00012,0.000115489,0.00012759,0.00011319,0.000118328
11,3,11,0.00012,0.00011,0.0001,0.0001,0.00012,0.00012,0.000120989,0.00013091,0.00011212,0.000123251
11,3,12,0.00013,0.00012,0.00013,0.0001,0.00011,0.00011,0.000122239,0.00012812,0.00011197,0.00012347
11,3,13,0.00013,0.00013,0.00013,0.00011,0.00013,0.00013,0.000120489,0.00012916,0.00011128,0.000124496
11,3,14,0.00013,0.00013,0.00014,0.00011,0.00013,0.00013,0.000120089,0.00013328,0.00011086,0.000125225
11,3,15,0.00013,0.00013,0.00013,0.00011,0.00013,0.00013,0.000118789,0.00013398,0.00011249,0.000124749
11,3,16,0.00012,0.00013,0.00012,0.0001,0.00012,0.00012,0.000120489,0.0001321,0.00011751,0.000122189
11,3,17,0.00012,0.00012,0.00011,0.0001,0.00012,0.00012,0.000133488,0.00013384,0.00012483,0.000120629
11,3,18,0.00011,0.00012,0.0001,0.0001,0.00012,0.00012,0.000133488,0.00014502,0.00013434,0.000129299
11,3,19,0.00011,0.00011,0.0001,0.0001,0.00011,0.00011,0.000132488,0.00014315,0.0001449,0.000131903
11,3,20,0.00011,0.00011,0.00009,0.0001,0.00011,0.00011,0.000129488,0.00013773,0.00014562,0.000128079
11,3,21,0.00011,0.00011,0.00009,0.00009,0.00012,0.00011,0.000126468,0.00012911,0.00014031,0.000122931
11,3,22,0.00011,0.00011,0.0001,0.00009,0.00012,0.00011,0.000123469,0.00011721,0.00012768,0.000116477
11,3,23,0.00012,0.00011,0.0001,0.00009,0.00012,0.00012,0.000120989,0.00010605,0.0001142,0.00010986
12,3,0,0.00012,0.00011,0.0001,0.0001,0.00012,0.00012,8.27E-05,9.77E-05,8.77E-05,0.000104195
12,3,1,0.00012,0.00011,0.0001,0.00011,0.00012,0.00012,7.85E-05,9.28E-05,8.76E-05,0.000100315
12,3,2,0.00012,0.00011,0.0001,0.00011,0.00012,0.00012,7.56E-05,8.99E-05,8.98E-05,9.73E-05
12,3,3,0.00013,0.00011,0.00009,0.00011,0.00012,0.00012,7.39E-05,8.83E-05,9.15E-05,9.51E-05
12,3,4,0.00013,0.00011,0.00009,0.00011,0.00012,0.00012,7.28E-05,8.97E-05,9.31E-05,9.52E-05
12,3,5,0.00013,0.00012,0.00009,0.00011,0.00012,0.00013,7.31E-05,9.21E-05,9.59E-05,9.79E-05
12,3,6,0.00012,0.00012,0.00009,0.00011,0.00012,0.00013,8.30E-05,9.49E-05,0.00010223,9.95E-05
12,3,7,0.00012,0.00011,0.00009,0.00011,0.00012,0.00012,9.01E-05,0.00010262,0.00010633,0.000104379
12,3,8,0.00012,0.00011,0.00009,0.0001,0.00011,0.00012,9.10E-05,0.00011074,0.00011127,0.000110791
12,3,9,0.00012,0.00011,0.00009,0.0001,0.00012,0.00013,8.94E-05,0.00011629,0.00011406,0.000114277
12,3,10,0.00013,0.00011,0.00009,0.0001,0.00012,0.00012,9.26E-05,0.0001201,0.00011441,0.000118328
12,3,11,0.00013,0.00011,0.00011,0.0001,0.00012,0.00012,9.92E-05,0.00012303,0.00011293,0.000123251
12,3,12,0.00013,0.00012,0.00013,0.0001,0.00011,0.00012,0.000100281,0.00012157,0.00011373,0.00012347
12,3,13,0.00013,0.00013,0.00014,0.00011,0.00013,0.00013,9.55E-05,0.00011867,0.00011061,0.000124496
12,3,14,0.00013,0.00013,0.00014,0.00011,0.00013,0.00013,9.14E-05,0.00011647,0.00011104,0.000125225
12,3,15,0.00013,0.00013,0.00013,0.0001,0.00012,0.00013,9.29E-05,0.00011486,0.00011309,0.000124749
12,3,16,0.00012,0.00012,0.00012,0.0001,0.00012,0.00012,9.45E-05,0.00011345,0.00011831,0.000122189
12,3,17,0.00012,0.00012,0.00011,0.0001,0.00012,0.00012,0.00011048,0.00011751,0.0001255,0.000120629
12,3,18,0.00011,0.00011,0.0001,0.0001,0.00012,0.00012,0.000104105,0.00013257,0.00013653,0.000129299
12,3,19,0.00011,0.00011,0.00009,0.0001,0.00011,0.00012,0.000102251,0.00013308,0.00014335,0.000131903
12,3,20,0.00011,0.00011,0.0001,0.0001,0.00012,0.00011,0.000101811,0.00012864,0.00014711,0.000128079
12,3,21,0.00011,0.00011,0.00009,0.00009,0.00012,0.00011,9.57E-05,0.00012094,0.00014033,0.000122931
12,3,22,0.00011,0.00011,0.00009,0.00009,0.00012,0.00011,9.10E-05,0.00011102,0.00012868,0.000116477
12,3,23,0.00012,0.00011,0.00009,0.00009,0.00012,0.00011,8.72E-05,0.00010189,0.00011454,0.00010986
3,13,0,0.00012,0.00011,0.0001,0.00011,0.00012,0.00012,0.00010419,9.25E-05,8.98E-05,0.000104195
3,13,1,0.00012,0.00011,0.0001,0.00011,0.00012,0.00012,0.000101191,8.78E-05,8.90E-05,0.000100315
3,13,2,0.00013,0.00011,0.0001,0.00011,0.00012,0.00012,0.00010619,8.50E-05,8.91E-05,9.73E-05
3,13,3,0.00013,0.00012,0.0001,0.00011,0.00012,0.00012,0.00010849,8.39E-05,9.09E-05,9.51E-05
3,13,4,0.00013,0.00012,0.00009,0.00011,0.00012,0.00012,0.000100491,8.18E-05,9.27E-05,9.52E-05
3,13,5,0.00013,0.00012,0.00009,0.00011,0.00012,0.00012,9.26E-05,8.17E-05,9.69E-05,9.79E-05
3,13,6,0.00012,0.00012,0.00009,0.00011,0.00012,0.00012,9.41E-05,7.86E-05,0.00010299,9.95E-05
3,13,7,0.00012,0.00012,0.00009,0.0001,0.00012,0.00012,9.96E-05,8.37E-05,0.0001092,0.000104379
3,13,8,0.00012,0.00011,0.0001,0.0001,0.00011,0.00012,0.00010499,8.93E-05,0.00011185,0.000110791
3,13,9,0.00012,0.00012,0.0001,0.0001,0.00012,0.00012,0.00010879,9.34E-05,0.00011457,0.000114277
3,13,10,0.00012,0.00012,0.0001,0.0001,0.00012,0.00012,0.000113789,9.64E-05,0.0001149,0.000118328
3,13,11,0.00012,0.00012,0.00011,0.0001,0.00012,0.00012,0.000118989,0.00010007,0.00011313,0.000123251
3,13,12,0.00013,0.00013,0.00013,0.0001,0.00011,0.00012,0.000119489,0.00010047,0.00011224,0.00012347
3,13,13,0.00013,0.00014,0.00013,0.00011,0.00013,0.00012,0.000120489,9.99E-05,0.0001102,0.000124496
3,13,14,0.00013,0.00014,0.00014,0.00011,0.00013,0.00013,0.000118989,9.80E-05,0.00011232,0.000125225
3,13,15,0.00013,0.00014,0.00013,0.00011,0.00012,0.00012,0.000119989,9.65E-05,0.00011266,0.000124749
3,13,16,0.00012,0.00013,0.00012,0.00011,0.00013,0.00012,0.000119989,9.53E-05,0.00011844,0.000122189
3,13,17,0.00011,0.00012,0.0001,0.0001,0.00013,0.00012,0.000121989,9.62E-05,0.00012568,0.000120629
3,13,18,0.00011,0.00012,0.0001,0.0001,0.00012,0.00012,0.000126988,0.0001119,0.0001357,0.000129299
3,13,19,0.00011,0.00012,0.00009,0.0001,0.00012,0.00011,0.000126388,0.00012001,0.00014317,0.000131903
3,13,20,0.00011,0.00012,0.00009,0.0001,0.00012,0.00011,0.000125988,0.00011891,0.00014697,0.000128079
3,13,21,0.00011,0.00011,0.00009,0.00009,0.00011,0.00011,0.000122489,0.00011247,0.00014083,0.000122931
3,13,22,0.00011,0.00012,0.00009,0.00009,0.00011,0.00011,0.000119089,0.00010271,0.00012824,0.000116477
3,13,23,0.00011,0.00012,0.00009,0.0001,0.00012,0.00011,0.000114989,9.39E-05,0.00011567,0.00010986
3,14,0,0.00012,0.00011,0.0001,0.00011,0.00012,0.00011,0.00011049,8.74E-05,8.82E-05,0.000104195
3,14,1,0.00012,0.00011,0.00009,0.00011,0.00012,0.00011,0.00010699,8.43E-05,8.89E-05,0.000100315
3,14,2,0.00012,0.00011,0.00009,0.00011,0.00012,0.00012,0.00010869,8.31E-05,8.91E-05,9.73E-05
3,14,3,0.00012,0.00012,0.0001,0.00011,0.00012,0.00012,0.00011299,8.23E-05,9.09E-05,9.51E-05
3,14,4,0.00012,0.00012,0.0001,0.00011,0.00012,0.00012,0.00010679,8.56E-05,9.29E-05,9.52E-05
3,14,5,0.00012,0.00012,0.0001,0.00011,0.00012,0.00012,9.90E-05,9.62E-05,9.66E-05,9.79E-05
3,14,6,0.00012,0.00012,0.00009,0.00011,0.00011,0.00012,0.000100491,9.87E-05,0.00010299,9.95E-05
3,14,7,0.00012,0.00012,0.00009,0.00011,0.00011,0.00012,0.00010569,0.00010539,0.00010937,0.000104379
3,14,8,0.00012,0.00011,0.00009,0.0001,0.00011,0.00012,0.00011149,0.00011453,0.00011217,0.000110791
3,14,9,0.00012,0.00012,0.0001,0.0001,0.00011,0.00012,0.000114989,0.00011941,0.00011455,0.000114277
3,14,10,0.00012,0.00012,0.00009,0.0001,0.00011,0.00012,0.000119489,0.00012513,0.00011324,0.000118328
3,14,11,0.00012,0.00012,0.00011,0.0001,0.00011,0.00012,0.000122989,0.00012902,0.00011378,0.000123251
3,14,12,0.00012,0.00013,0.00012,0.0001,0.00011,0.00011,0.000122489,0.0001271,0.00011262,0.00012347
3,14,13,0.00013,0.00014,0.00014,0.00011,0.00012,0.00012,0.000121989,0.00012755,0.00011102,0.000124496
3,14,14,0.00013,0.00014,0.00014,0.00011,0.00012,0.00012,0.000113989,0.0001295,0.00011234,0.000125225
3,14,15,0.00013,0.00014,0.00013,0.00011,0.00012,0.00012,0.000115989,0.00012953,0.00011416,0.000124749
3,14,16,0.00012,0.00014,0.00012,0.00011,0.00012,0.00011,0.000118489,0.0001276,0.00011711,0.000122189
3,14,17,0.00011,0.00012,0.0001,0.00011,0.00012,0.00011,0.000118189,0.00012302,0.00012649,0.000120629
3,14,18,0.00011,0.00012,0.0001,0.0001,0.00011,0.00011,0.000125268,0.00013253,0.00013612,0.000129299
3,14,19,0.00011,0.00011,0.0001,0.0001,0.00011,0.00011,0.000124238,0.00013829,0.00014501,0.000131903
3,14,20,0.00011,0.00011,0.00009,0.0001,0.00011,0.0001,0.000124888,0.00013366,0.00014779,0.000128079
3,14,21,0.0001,0.00011,0.0001,0.0001,0.00011,0.0001,0.000121989,0.0001253,0.00014025,0.000122931
3,14,22,0.00011,0.00011,0.0001,0.0001,0.00011,0.0001,0.000117389,0.00011356,0.00012957,0.000116477
3,14,23,0.00011,0.00011,0.0001,0.0001,0.00011,0.0001,0.00011329,0.00010312,0.00011541,0.00010986
3,15,0,0.00011,0.00011,0.0001,0.0001,0.00011,0.00011,0.00010789,9.56E-05,8.89E-05,0.000104195
3,15,1,0.00012,0.00011,0.0001,0.00011,0.00011,0.00011,0.00010299,9.17E-05,9.01E-05,0.000100315
3,15,2,0.00012,0.00011,0.0001,0.00011,0.00011,0.00011,0.000102241,8.93E-05,8.94E-05,9.73E-05
3,15,3,0.00012,0.00011,0.00009,0.00011,0.00011,0.00011,0.00010709,8.85E-05,9.05E-05,9.51E-05
3,15,4,0.00012,0.00011,0.0001,0.00011,0.00011,0.00011,0.000101291,9.17E-05,9.39E-05,9.52E-05
3,15,5,0.00011,0.00011,0.0001,0.00011,0.00011,0.00012,9.23E-05,0.000103,9.75E-05,9.79E-05
3,15,6,0.00011,0.00011,0.0001,0.00011,0.00011,0.00012,8.87E-05,0.00010448,0.00010349,9.95E-05
3,15,7,0.00011,0.0001,0.00009,0.0001,0.00011,0.00012,9.00E-05,0.00010814,0.00010998,0.000104379
3,15,8,0.00011,0.00009,0.00009,0.0001,0.00011,0.00012,9.26E-05,0.00011531,0.00011414,0.000110791
3,15,9,0.00011,0.00009,0.0001,0.0001,0.00011,0.00012,9.84E-05,0.00011871,0.00011515,0.000114277
3,15,10,0.00011,0.0001,0.0001,0.0001,0.00011,0.00012,0.000101491,0.00012295,0.00011532,0.000118328
3,15,11,0.00011,0.0001,0.0001,0.00009,0.00011,0.00011,0.00010749,0.0001273,0.00011404,0.000123251
3,15,12,0.00012,0.00011,0.00012,0.0001,0.00011,0.00011,0.00011099,0.0001237,0.00011151,0.00012347
3,15,13,0.00012,0.00013,0.00013,0.00011,0.00012,0.00012,0.00010599,0.00012457,0.00011252,0.000124496
3,15,14,0.00013,0.00013,0.00014,0.00011,0.00012,0.00012,0.00011059,0.00012778,0.00011266,0.000125225
3,15,15,0.00013,0.00013,0.00013,0.00011,0.00012,0.00012,0.00010949,0.0001282,0.00011462,0.000124749
3,15,16,0.00012,0.00012,0.00012,0.00011,0.00012,0.00012,0.00011049,0.00012674,0.00011698,0.000122189
3,15,17,0.00011,0.00011,0.0001,0.00011,0.00012,0.00012,0.000114889,0.00012229,0.00012628,0.000120629
3,15,18,0.00011,0.00011,0.00009,0.0001,0.00011,0.00012,0.000121589,0.00013175,0.00013697,0.000129299
3,15,19,0.0001,0.0001,0.00009,0.0001,0.00011,0.00012,0.000122639,0.00013848,0.00014543,0.000131903
3,15,20,0.0001,0.0001,0.00008,0.0001,0.00011,0.00011,0.000122989,0.00013512,0.00014825,0.000128079
3,15,21,0.0001,0.0001,0.00008,0.0001,0.00011,0.00011,0.000121989,0.00012684,0.00014257,0.000122931
3,15,22,0.00011,0.0001,0.00008,0.0001,0.00011,0.00011,0.000115989,0.0001148,0.00013031,0.000116477
3,15,23,0.00011,0.00011,0.00009,0.0001,0.00011,0.00011,0.00011199,0.00010329,0.00011582,0.00010986
3,16,0,0.00011,0.00011,0.0001,0.00011,0.00011,0.00011,0.00010774,9.63E-05,8.94E-05,0.000104195
3,16,1,0.00012,0.00011,0.0001,0.00011,0.00012,0.00012,0.00010499,9.20E-05,9.00E-05,0.000100315
3,16,2,0.00012,0.00011,0.0001,0.00011,0.00011,0.00012,0.00010924,8.95E-05,9.13E-05,9.73E-05
3,16,3,0.00012,0.00011,0.00009,0.00011,0.00011,0.00012,0.00010949,8.83E-05,9.13E-05,9.51E-05
3,16,4,0.00012,0.00011,0.00009,0.00011,0.00012,0.00012,0.00010273,9.17E-05,9.29E-05,9.52E-05
3,16,5,0.00011,0.00011,0.00009,0.00011,0.00012,0.00013,9.39E-05,0.00010324,9.72E-05,9.79E-05
3,16,6,0.00011,0.00011,0.00009,0.00011,0.00011,0.00012,9.54E-05,0.00010436,0.00010225,9.95E-05
3,16,7,0.00011,0.0001,0.00009,0.0001,0.00012,0.00012,9.80E-06,0.00010965,0.0001098,0.000104379
3,16,8,0.00011,0.0001,0.00008,0.0001,0.00011,0.00012,0.00010349,0.0001172,0.00011372,0.000110791
3,16,9,0.00011,0.00011,0.00009,0.0001,0.00011,0.00013,0.00010799,0.00012173,0.00011592,0.000114277
3,16,10,0.00011,0.00011,0.00009,0.0001,0.00011,0.00013,0.00011199,0.00012662,0.00011445,0.000118328
3,16,11,0.00011,0.00011,0.0001,0.0001,0.00011,0.00012,0.000114489,0.00012986,0.00011402,0.000123251
3,16,12,0.00012,0.00012,0.00013,0.0001,0.00011,0.00012,0.000115489,0.00012642,0.00011236,0.00012347
3,16,13,0.00012,0.00014,0.00013,0.00011,0.00012,0.00013,0.000118989,0.00012741,0.00011158,0.000124496
3,16,14,0.00013,0.00014,0.00014,0.00012,0.00012,0.00013,0.000117489,0.00013148,0.00011298,0.000125225
3,16,15,0.00013,0.00013,0.00013,0.00011,0.00012,0.00013,0.000116989,0.00013142,0.00011303,0.000124749
3,16,16,0.00012,0.00013,0.00012,0.00011,0.00012,0.00012,0.000118489,0.00012869,0.00011799,0.000122189
3,16,17,0.00011,0.00012,0.0001,0.00011,0.00012,0.00012,0.000120989,0.00012493,0.00012707,0.000120629
3,16,18,0.00011,0.00012,0.0001,0.00011,0.00012,0.00012,0.000125988,0.00013399,0.00013695,0.000129299
3,16,19,0.00011,0.00011,0.00009,0.0001,0.00011,0.00011,0.000124918,0.00013932,0.00014449,0.000131903
3,16,20,0.0001,0.00011,0.00008,0.0001,0.00011,0.00011,0.000127988,0.00013527,0.0001467,0.000128079
3,16,21,0.00011,0.00011,0.00009,0.0001,0.00011,0.00011,0.000124888,0.00012739,0.00014153,0.000122931
3,16,22,0.00011,0.00011,0.00008,0.0001,0.00011,0.00011,0.000114789,0.00011607,0.00012871,0.000116477
3,16,23,0.00011,0.00011,0.00009,0.0001,0.00011,0.00011,0.00010679,0.00010481,0.00011458,0.00010986
3,17,0,0.00012,0.00011,0.0001,0.00011,0.00011,0.00012,9.05E-05,9.68E-05,8.89E-05,0.000104195
3,17,1,0.00012,0.00011,0.0001,0.00011,0.00011,0.00012,9.49E-05,9.20E-05,8.94E-05,0.000100315
3,17,2,0.00012,0.00011,0.0001,0.00011,0.00011,0.00012,0.000101791,9.01E-05,9.12E-05,9.73E-05
3,17,3,0.00012,0.00012,0.0001,0.00011,0.00011,0.00012,0.00010489,8.94E-05,9.10E-05,9.51E-05
3,17,4,0.00012,0.00012,0.0001,0.00011,0.00011,0.00013,9.90E-05,9.25E-05,9.36E-05,9.52E-05
3,17,5,0.00012,0.00012,0.0001,0.00011,0.00011,0.00013,9.09E-05,0.0001022,9.83E-05,9.79E-05
3,17,6,0.00012,0.00011,0.00009,0.00011,0.00011,0.00013,9.20E-05,0.00010432,0.00010356,9.95E-05
3,17,7,0.00012,0.00011,0.00009,0.00011,0.00011,0.00012,9.61E-05,0.0001106,0.00010981,0.000104379
3,17,8,0.00012,0.00011,0.00009,0.00011,0.00011,0.00012,0.000100391,0.00011828,0.00011417,0.000110791
3,17,9,0.00012,0.00011,0.00009,0.00011,0.00011,0.00012,0.00010599,0.00012275,0.00011577,0.000114277
3,17,10,0.00012,0.00011,0.0001,0.0001,0.00011,0.00012,0.00010979,0.00012589,0.00011493,0.000118328
3,17,11,0.00012,0.00011,0.00011,0.0001,0.00011,0.00012,0.00011209,0.00012907,0.00011493,0.000123251
3,17,12,0.00012,0.00012,0.00014,0.0001,0.00011,0.00012,0.000116989,0.00012695,0.00011292,0.00012347
3,17,13,0.00013,0.00014,0.00014,0.00011,0.00012,0.00013,0.000119489,0.00012714,0.00011263,0.000124496
3,17,14,0.00013,0.00013,0.00014,0.00012,0.00012,0.00013,0.000118989,0.00012985,0.0001124,0.000125225
3,17,15,0.00013,0.00013,0.00013,0.00011,0.00012,0.00013,0.000118989,0.00013017,0.00011474,0.000124749
3,17,16,0.00012,0.00013,0.00012,0.00011,0.00012,0.00012,0.000118989,0.00012745,0.00011738,0.000122189
3,17,17,0.00011,0.00012,0.00011,0.00011,0.00012,0.00012,0.000122989,0.00012434,0.00012567,0.000120629
3,17,18,0.00011,0.00012,0.0001,0.00011,0.00011,0.00012,0.000127638,0.00013308,0.00013745,0.000129299
3,17,19,0.00011,0.00011,0.0001,0.0001,0.00011,0.00012,0.000128988,0.00013771,0.00014501,0.000131903
3,17,20,0.00011,0.00011,0.00009,0.0001,0.00011,0.00012,0.000129988,0.00013272,0.00014813,0.000128079
3,17,21,0.00011,0.00011,0.0001,0.0001,0.00011,0.00011,0.000127988,0.00012497,0.00014088,0.000122931
3,17,22,0.00011,0.00011,0.0001,0.0001,0.00011,0.00011,0.000121989,0.00011327,0.00012968,0.000116477
3,17,23,0.00011,0.00011,0.00011,0.0001,0.00012,0.00011,0.000117489,0.00010311,0.00011457,0.00010986
3,18,0,0.00012,0.00011,0.00012,0.00011,0.00012,0.00012,0.00011249,9.55E-05,9.10E-05,0.000104195
3,18,1,0.00012,0.00011,0.00011,0.00011,0.00012,0.00012,0.00010949,9.18E-05,9.07E-05,0.000100315
3,18,2,0.00012,0.00011,0.00009,0.00011,0.00011,0.00012,0.00011099,8.97E-05,9.11E-05,9.73E-05
3,18,3,0.00012,0.00011,0.0001,0.00011,0.00011,0.00012,0.00011219,8.85E-05,9.10E-05,9.51E-05
3,18,4,0.00012,0.00012,0.0001,0.00011,0.00012,0.00012,0.00010469,9.16E-05,9.32E-05,9.52E-05
3,18,5,0.00012,0.00012,0.0001,0.00011,0.00011,0.00013,9.75E-05,0.00010213,9.89E-05,9.79E-05
3,18,6,0.00012,0.00012,0.00009,0.00011,0.00011,0.00012,9.75E-05,0.00010358,0.00010325,9.95E-05
3,18,7,0.00012,0.00012,0.00009,0.00011,0.00011,0.00012,0.000101991,0.0001088,0.00010876,0.000104379
3,18,8,0.00012,0.00011,0.00009,0.00011,0.00011,0.00012,0.00010949,0.00011647,0.00011395,0.000110791
3,18,9,0.00012,0.00012,0.00009,0.00011,0.00011,0.00012,0.000114489,0.00012154,0.00011509,0.000114277
3,18,10,0.00012,0.00012,0.0001,0.00011,0.00011,0.00012,0.000116989,0.00012596,0.00011559,0.000118328
3,18,11,0.00012,0.00012,0.00011,0.0001,0.00011,0.00012,0.000118989,0.00013016,0.00011587,0.000123251
3,18,12,0.00012,0.00012,0.00013,0.0001,0.00011,0.00011,0.000120989,0.00012701,0.00011451,0.00012347
3,18,13,0.00013,0.00014,0.00013,0.00011,0.00013,0.00012,0.000124488,0.00012779,0.00011233,0.000124496
3,18,14,0.00013,0.00014,0.00013,0.00012,0.00013,0.00013,0.000123989,0.00013074,0.00011313,0.000125225
3,18,15,0.00013,0.00014,0.00013,0.00011,0.00012,0.00013,0.000122989,0.00013109,0.00011462,0.000124749
3,18,16,0.00012,0.00013,0.00012,0.00011,0.00012,0.00013,0.000119989,0.00012861,0.00011777,0.000122189
3,18,17,0.00011,0.00012,0.0001,0.00011,0.00012,0.00012,0.000126488,0.00012407,0.00012645,0.000120629
3,18,18,0.00011,0.00012,0.00009,0.00011,0.00012,0.00012,0.000131838,0.00013224,0.00013638,0.000129299
3,18,19,0.00011,0.00012,0.00009,0.0001,0.00011,0.00012,0.000134188,0.00013683,0.0001472,0.000131903
3,18,20,0.00011,0.00012,0.00009,0.0001,0.00011,0.00011,0.000134488,0.0001327,0.00014853,0.000128079
3,18,21,0.00011,0.00012,0.00009,0.0001,0.00011,0.00011,0.000130488,0.0001249,0.00014245,0.000122931
3,18,22,0.00011,0.00012,0.00009,0.0001,0.00011,0.00011,0.000125488,0.00011513,0.00013023,0.000116477
3,18,23,0.00011,0.00012,0.00009,0.0001,0.00011,0.00012,0.000121489,0.00010548,0.00011493,0.00010986
3,19,0,0.00012,0.00011,0.0001,0.00011,0.00012,0.00012,0.000115989,9.79E-05,8.95E-05,0.000104195
3,19,1,0.00012,0.00011,0.0001,0.00011,0.00012,0.00012,0.000113689,9.41E-05,9.02E-05,0.000100315
3,19,2,0.00012,0.00011,0.0001,0.00011,0.00012,0.00012,0.000115289,9.17E-05,9.10E-05,9.73E-05
3,19,3,0.00013,0.00012,0.0001,0.00011,0.00012,0.00012,0.000116489,9.06E-05,9.16E-05,9.51E-05
3,19,4,0.00013,0.00012,0.00009,0.00011,0.00012,0.00013,0.00010869,9.13E-05,9.40E-05,9.52E-05
3,19,5,0.00012,0.00012,0.00009,0.00011,0.00012,0.00013,0.000100691,9.42E-05,9.83E-05,9.79E-05
3,19,6,0.00012,0.00012,0.00009,0.00011,0.00012,0.00013,0.000101591,9.49E-05,0.0001045,9.95E-05
3,19,7,0.00012,0.00012,0.00009,0.00011,0.00012,0.00013,0.00010639,0.00010207,0.00010956,0.000104379
3,19,8,0.00012,0.00012,0.00009,0.00011,0.00011,0.00013,0.00011169,0.00011076,0.00011406,0.000110791
3,19,9,0.00012,0.00012,0.00009,0.00011,0.00012,0.00013,0.000115989,0.00011722,0.00011669,0.000114277
3,19,10,0.00012,0.00012,0.0001,0.00011,0.00012,0.00013,0.000118989,0.00012214,0.00011479,0.000118328
3,19,11,0.00013,0.00012,0.00011,0.0001,0.00012,0.00012,0.000120989,0.00012483,0.00011348,0.000123251
3,19,12,0.00013,0.00013,0.00012,0.00011,0.00011,0.00012,0.000122239,0.00012289,0.00011367,0.00012347
3,19,13,0.00013,0.00013,0.00013,0.00012,0.00013,0.00013,0.000123989,0.00011969,0.00011443,0.000124496
3,19,14,0.00013,0.00013,0.00013,0.00012,0.00013,0.00013,0.000122489,0.00011736,0.00011377,0.000125225
3,19,15,0.00013,0.00013,0.00011,0.00011,0.00013,0.00013,0.000117989,0.00011531,0.00011411,0.000124749
3,19,16,0.00012,0.00012,0.00009,0.00011,0.00013,0.00013,0.000116739,0.00011256,0.00011941,0.000122189
3,19,17,0.00012,0.00012,0.00007,0.00011,0.00012,0.00012,0.000117999,0.00011171,0.00012683,0.000120629
3,19,18,0.00011,0.00012,0.00009,0.00011,0.00012,0.00012,0.000117624,0.00012551,0.00013648,0.000129299
3,19,19,0.00011,0.00011,0.0001,0.00011,0.00012,0.00012,0.000119549,0.00012988,0.00014581,0.000131903
3,19,20,0.00011,0.00011,0.00008,0.00011,0.00012,0.00012,0.000124099,0.0001243,0.0001475,0.000128079
3,19,21,0.00011,0.00011,0.00009,0.00011,0.00012,0.00012,0.000122779,0.00011714,0.00014188,0.000122931
3,19,22,0.00011,0.00011,0.0001,0.0001,0.00012,0.00012,0.000118589,0.00011052,0.00013137,0.000116477
3,19,23,0.00012,0.00012,0.00009,0.0001,0.00012,0.00012,0.000114489,0.0001025,0.00011603,0.00010986
3,20,0,0.00012,0.00011,0.00006,0.00011,0.00012,0.00012,0.00010897,9.35E-05,9.06E-05,0.000104195
3,20,1,0.00012,0.00011,0.00006,0.00012,0.00012,0.00012,0.00010758,8.96E-05,9.07E-05,0.000100315
3,20,2,0.00012,0.00011,0.00007,0.00011,0.00012,0.00012,0.00010731,8.72E-05,9.02E-05,9.73E-05
3,20,3,0.00013,0.00012,0.00007,0.00011,0.00012,0.00013,0.00010334,8.56E-05,9.12E-05,9.51E-05
3,20,4,0.00013,0.00012,0.00007,0.00011,0.00012,0.00013,8.97E-05,8.53E-05,9.40E-05,9.52E-05
3,20,5,0.00012,0.00012,0.00008,0.00011,0.00012,0.00013,8.12E-05,8.50E-05,9.87E-05,9.79E-05
3,20,6,0.00012,0.00012,0.00008,0.00012,0.00011,0.00013,8.13E-05,8.30E-05,0.00010338,9.95E-05
3,20,7,0.00012,0.00012,0.00008,0.00011,0.00012,0.00013,8.44E-05,8.58E-05,0.00010932,0.000104379
3,20,8,0.00012,0.00011,0.00009,0.00011,0.00012,0.00012,8.93E-05,9.13E-05,0.00011307,0.000110791
3,20,9,0.00012,0.00012,0.00009,0.00011,0.00012,0.00013,9.47E-05,9.52E-05,0.00011634,0.000114277
3,20,10,0.00012,0.00012,0.00009,0.00011,0.00012,0.00012,9.55E-05,9.83E-05,0.00011551,0.000118328
3,20,11,0.00012,0.00012,0.00009,0.00011,0.00011,0.00012,9.98E-05,0.00010063,0.00011492,0.000123251
3,20,12,0.00012,0.00012,0.00012,0.00011,0.00011,0.00012,0.00010299,0.00010289,0.00011175,0.00012347
3,20,13,0.00013,0.00013,0.00012,0.00012,0.00013,0.00013,0.00010409,0.00010206,0.00011357,0.000124496
3,20,14,0.00013,0.00014,0.00013,0.00012,0.00013,0.00013,0.00010514,0.00010042,0.0001132,0.000125225
3,20,15,0.00013,0.00014,0.00013,0.00011,0.00013,0.00013,0.00010389,9.91E-05,0.00011404,0.000124749
3,20,16,0.00012,0.00013,0.00011,0.00011,0.00012,0.00013,0.00010329,9.77E-05,0.00012004,0.000122189
3,20,17,0.00011,0.00013,0.00009,0.00011,0.00012,0.00013,0.00010363,9.64E-05,0.00012675,0.000120629
3,20,18,0.00011,0.00012,0.00008,0.00011,0.00012,0.00012,0.00010534,0.00010925,0.00013793,0.000129299
3,20,19,0.00011,0.00012,0.00008,0.00011,0.00012,0.00012,0.00010588,0.00011848,0.00014541,0.000131903
3,20,20,0.00011,0.00012,0.00008,0.00011,0.00012,0.00012,0.00010667,0.00011661,0.00014795,0.000128079
3,20,21,0.00011,0.00012,0.00008,0.00011,0.00012,0.00012,0.00010517,0.00011187,0.00014245,0.000122931
3,20,22,0.00011,0.00012,0.00008,0.0001,0.00011,0.00012,0.000101121,0.00010406,0.00013012,0.000116477
3,20,23,0.00011,0.00012,0.00009,0.0001,0.00012,0.00012,9.75E-05,9.60E-05,0.00011553,0.00010986
3,21,0,0.00012,0.00012,0.00009,0.00011,0.00012,0.00012,9.43E-05,9.12E-05,9.09E-05,0.000104195
3,21,1,0.00012,0.00011,0.00009,0.00012,0.00012,0.00012,9.23E-05,8.81E-05,9.09E-05,0.000100315
3,21,2,0.00012,0.00011,0.0001,0.00011,0.00012,0.00012,9.63E-05,8.58E-05,9.01E-05,9.73E-05
3,21,3,0.00012,0.00012,0.0001,0.00011,0.00012,0.00012,9.83E-05,8.51E-05,9.07E-05,9.51E-05
3,21,4,0.00012,0.00012,0.0001,0.00011,0.00012,0.00013,8.74E-05,8.60E-05,9.39E-05,9.52E-05
3,21,5,0.00012,0.00012,0.0001,0.00011,0.00012,0.00013,8.06E-05,8.71E-05,9.90E-05,9.79E-05
3,21,6,0.00012,0.00012,0.0001,0.00011,0.00012,0.00013,8.19E-05,8.49E-05,0.00010303,9.95E-05
3,21,7,0.00012,0.00012,0.0001,0.00011,0.00012,0.00013,8.78E-05,9.22E-05,0.00010978,0.000104379
3,21,8,0.00012,0.00011,0.0001,0.00011,0.00011,0.00013,9.26E-05,9.90E-05,0.00011487,0.000110791
3,21,9,0.00012,0.00011,0.0001,0.00011,0.00012,0.00013,9.54E-05,0.00010255,0.000115,0.000114277
3,21,10,0.00012,0.00012,0.00009,0.00011,0.00011,0.00013,0.000100611,0.00010736,0.00011518,0.000118328
3,21,11,0.00012,0.00012,0.00011,0.0001,0.00011,0.00012,0.000101231,0.00011105,0.00011535,0.000123251
3,21,12,0.00012,0.00012,0.00014,0.0001,0.00011,0.00012,0.00010332,0.00011142,0.00011384,0.00012347
3,21,13,0.00012,0.00013,0.00015,0.00011,0.00012,0.00013,0.0001032,0.00010968,0.00011315,0.000124496
3,21,14,0.00013,0.00014,0.00015,0.00011,0.00012,0.00013,0.000100571,0.00010711,0.00011213,0.000125225
3,21,15,0.00013,0.00013,0.00014,0.00011,0.00012,0.00013,0.000100731,0.00010548,0.00011434,0.000124749
3,21,16,0.00012,0.00013,0.00014,0.00011,0.00012,0.00012,0.000102161,0.00010374,0.00011789,0.000122189
3,21,17,0.00011,0.00013,0.00011,0.00011,0.00012,0.00012,0.000102451,0.00010287,0.00012582,0.000120629
3,21,18,0.00011,0.00012,0.0001,0.0001,0.00012,0.00012,9.98E-05,0.00011691,0.00013716,0.000129299
3,21,19,0.00011,0.00012,0.00009,0.0001,0.00012,0.00012,9.57E-05,0.00012488,0.00014702,0.000131903
3,21,20,0.0001,0.00012,0.00009,0.0001,0.00011,0.00012,9.47E-05,0.00012257,0.00014802,0.000128079
3,21,21,0.0001,0.00012,0.00009,0.0001,0.00011,0.00012,9.43E-05,0.00011664,0.00014205,0.000122931
3,21,22,0.00011,0.00012,0.00009,0.00009,0.00011,0.00011,9.38E-05,0.00010775,0.00013111,0.000116477
3,21,23,0.00011,0.00012,0.0001,0.00009,0.00011,0.00012,9.18E-05,9.99E-05,0.00011614,0.00010986
3,22,0,0.00011,0.00012,0.0001,0.0001,0.00011,0.00012,8.85E-05,9.37E-05,8.99E-05,0.000104195
3,22,1,0.00011,0.00011,0.0001,0.0001,0.00011,0.00012,8.72E-05,9.05E-05,9.02E-05,0.000100315
3,22,2,0.00012,0.00011,0.0001,0.0001,0.00011,0.00012,8.83E-05,8.86E-05,9.09E-05,9.73E-05
3,22,3,0.00012,0.00011,0.00009,0.0001,0.00011,0.00012,9.19E-05,8.78E-05,9.19E-05,9.51E-05
3,22,4,0.00011,0.00012,0.00009,0.0001,0.00011,0.00012,8.33E-05,8.92E-05,9.42E-05,9.52E-05
3,22,5,0.00011,0.00011,0.00009,0.00011,0.00011,0.00013,7.48E-05,9.32E-05,9.86E-05,9.79E-05
3,22,6,0.00011,0.00011,0.0001,0.00011,0.00011,0.00013,7.25E-05,9.52E-05,0.00010398,9.95E-05
3,22,7,0.00011,0.00011,0.00009,0.00011,0.00011,0.00012,7.52E-05,0.00010319,0.00010977,0.000104379
3,22,8,0.00011,0.00011,0.00009,0.00011,0.00011,0.00012,7.95E-05,0.00011255,0.00011454,0.000110791
3,22,9,0.00011,0.00011,0.0001,0.0001,0.00011,0.00012,8.24E-05,0.00011841,0.00011496,0.000114277
3,22,10,0.00011,0.00011,0.0001,0.0001,0.00011,0.00012,8.53E-05,0.00012393,0.00011547,0.000118328
3,22,11,0.00011,0.00011,0.0001,0.0001,0.00011,0.00012,9.07E-05,0.00012651,0.00011517,0.000123251
3,22,12,0.00011,0.00012,0.00013,0.0001,0.00011,0.00012,9.73E-05,0.00012358,0.0001134,0.00012347
3,22,13,0.00012,0.00013,0.00014,0.00011,0.00012,0.00013,8.77E-05,0.00012394,0.00011293,0.000124496
3,22,14,0.00012,0.00013,0.00014,0.00011,0.00012,0.00013,9.03E-05,0.00012655,0.00011234,0.000125225
3,22,15,0.00012,0.00013,0.00013,0.00011,0.00012,0.00013,8.99E-05,0.00012561,0.00011448,0.000124749
3,22,16,0.00012,0.00013,0.00012,0.00011,0.00012,0.00013,9.17E-05,0.00012313,0.00011933,0.000122189
3,22,17,0.00011,0.00012,0.0001,0.00011,0.00012,0.00013,9.72E-05,0.00011872,0.00012818,0.000120629
3,22,18,0.00011,0.00012,0.0001,0.00011,0.00012,0.00012,0.000101221,0.00012902,0.00013805,0.000129299
3,22,19,0.0001,0.00011,0.00009,0.0001,0.00012,0.00012,0.000101931,0.00013428,0.00014626,0.000131903
3,22,20,0.0001,0.00011,0.00009,0.0001,0.00011,0.00012,0.00010353,0.00013037,0.00014798,0.000128079
3,22,21,0.0001,0.00011,0.00009,0.0001,0.00011,0.00012,0.00010309,0.00012327,0.0001408,0.000122931
3,22,22,0.00011,0.00011,0.00009,0.0001,0.00011,0.00012,9.90E-05,0.00011251,0.00013017,0.000116477
3,22,23,0.00011,0.00012,0.00009,0.0001,0.00012,0.00012,9.51E-05,0.00010305,0.0001161,0.00010986
3,23,0,0.00011,0.00011,0.0001,0.00011,0.00012,0.00012,9.07E-05,9.69E-05,8.99E-05,0.000104195
3,23,1,0.00012,0.00011,0.0001,0.00011,0.00012,0.00012,8.78E-05,9.24E-05,8.97E-05,0.000100315
3,23,2,0.00012,0.00011,0.0001,0.00011,0.00012,0.00012,9.02E-05,9.02E-05,9.02E-05,9.73E-05
3,23,3,0.00012,0.00012,0.0001,0.00011,0.00012,0.00012,9.39E-05,8.90E-05,9.33E-05,9.51E-05
3,23,4,0.00012,0.00012,0.00009,0.00011,0.00012,0.00013,8.40E-05,9.06E-05,9.49E-05,9.52E-05
3,23,5,0.00011,0.00012,0.00009,0.00011,0.00012,0.00013,7.73E-05,9.46E-05,9.85E-05,9.79E-05
3,23,6,0.00011,0.00012,0.00009,0.00011,0.00012,0.00013,8.02E-05,9.66E-05,0.0001043,9.95E-05
3,23,7,0.00011,0.00012,0.00009,0.0001,0.00012,0.00013,8.63E-05,0.00010391,0.00010984,0.000104379
3,23,8,0.00011,0.00011,0.00009,0.00011,0.00011,0.00013,9.32E-05,0.00011239,0.00011386,0.000110791
3,23,9,0.00011,0.00011,0.00009,0.0001,0.00012,0.00013,9.59E-05,0.00011763,0.00011655,0.000114277
3,23,10,0.00011,0.00011,0.00009,0.0001,0.00012,0.00013,9.91E-05,0.00012341,0.00011586,0.000118328
3,23,11,0.00011,0.00012,0.0001,0.0001,0.00011,0.00012,0.00010398,0.00012708,0.00011408,0.000123251
3,23,12,0.00012,0.00012,0.00013,0.0001,0.00011,0.00012,0.00010684,0.00012344,0.0001144,0.00012347
3,23,13,0.00012,0.00014,0.00013,0.00011,0.00012,0.00013,0.00010803,0.00012199,0.0001137,0.000124496
3,23,14,0.00013,0.00014,0.00013,0.00011,0.00012,0.00013,0.00010843,0.00012243,0.00011276,0.000125225
3,23,15,0.00013,0.00014,0.00012,0.00011,0.00012,0.00013,0.00010727,0.00012125,0.00011532,0.000124749
3,23,16,0.00012,0.00013,0.00012,0.00011,0.00012,0.00013,0.00010774,0.00011804,0.00011859,0.000122189
3,23,17,0.00011,0.00013,0.0001,0.00011,0.00012,0.00013,0.00011063,0.00011458,0.00012819,0.000120629
3,23,18,0.00011,0.00012,0.00009,0.00011,0.00012,0.00012,0.000112195,0.00012373,0.00013759,0.000129299
3,23,19,0.0001,0.00012,0.00008,0.0001,0.00012,0.00012,0.0001106,0.00012955,0.00014567,0.000131903
3,23,20,0.0001,0.00012,0.00008,0.0001,0.00011,0.00012,0.0001079,0.00012693,0.00014798,0.000128079
3,23,21,0.0001,0.00012,0.00008,0.0001,0.00011,0.00012,0.00010374,0.00011989,0.00014244,0.000122931
3,23,22,0.00011,0.00012,0.00008,0.0001,0.00012,0.00012,0.000100101,0.00011102,0.00012976,0.000116477
3,23,23,0.00011,0.00012,0.00008,0.0001,0.00012,0.00012,9.99E-05,0.00010183,0.00011721,0.00010986
3,24,0,0.00012,0.00012,0.00009,0.0001,0.00012,0.00012,9.58E-05,9.41E-05,9.12E-05,0.000104195
3,24,1,0.00012,0.00011,0.0001,0.00011,0.00012,0.00012,9.04E-05,8.91E-05,9.07E-05,0.000100315
3,24,2,0.00012,0.00012,0.00009,0.00011,0.00012,0.00012,8.51E-05,8.64E-05,8.95E-05,9.73E-05
3,24,3,0.00012,0.00012,0.00009,0.00011,0.00011,0.00012,8.98E-05,8.47E-05,9.18E-05,9.51E-05
3,24,4,0.00012,0.00012,0.0001,0.00011,0.00012,0.00013,8.27E-05,8.43E-05,9.43E-05,9.52E-05
3,24,5,0.00012,0.00012,0.00009,0.00011,0.00012,0.00013,7.65E-05,8.42E-05,9.82E-05,9.79E-05
3,24,6,0.00012,0.00012,0.00007,0.00011,0.00012,0.00013,8.03E-05,8.12E-05,0.00010395,9.95E-05
3,24,7,0.00012,0.00012,0.00007,0.0001,0.00012,0.00013,8.54E-05,8.48E-05,0.00010836,0.000104379
3,24,8,0.00012,0.00011,0.00007,0.0001,0.00011,0.00013,9.07E-05,9.09E-05,0.00011326,0.000110791
3,24,9,0.00012,0.00012,0.00008,0.0001,0.00012,0.00013,9.71E-05,9.52E-05,0.00011641,0.000114277
3,24,10,0.00012,0.00012,0.00009,0.0001,0.00011,0.00013,0.000100211,9.91E-05,0.00011619,0.000118328
3,24,11,0.00012,0.00012,0.0001,0.0001,0.00011,0.00012,0.00010525,0.0001026,0.00011337,0.000123251
3,24,12,0.00012,0.00012,0.00013,0.0001,0.00011,0.00011,0.00010975,0.00010369,0.00011526,0.00012347
3,24,13,0.00012,0.00013,0.00014,0.0001,0.00012,0.00012,0.00011193,0.00010291,0.00011469,0.000124496
3,24,14,0.00013,0.00013,0.00015,0.00011,0.00013,0.00012,0.00011299,0.00010116,0.00011425,0.000125225
3,24,15,0.00013,0.00014,0.00014,0.00011,0.00013,0.00012,0.00011327,0.00010018,0.00011481,0.000124749
3,24,16,0.00012,0.00013,0.00013,0.00011,0.00012,0.00012,0.00011176,9.88E-05,0.0001204,0.000122189
3,24,17,0.00011,0.00013,0.00011,0.00011,0.00013,0.00012,0.00010789,9.70E-05,0.00012783,0.000120629
3,24,18,0.00011,0.00013,0.0001,0.0001,0.00012,0.00012,0.000111805,0.00010904,0.00013759,0.000129299
3,24,19,0.00011,0.00012,0.00009,0.0001,0.00012,0.00011,0.00011092,0.00011565,0.00014634,0.000131903
3,24,20,0.00011,0.00012,0.00009,0.0001,0.00012,0.00011,0.00011214,0.0001127,0.00014829,0.000128079
3,24,21,0.00011,0.00012,0.00009,0.0001,0.00012,0.00011,0.00011123,0.00010839,0.00014391,0.000122931
3,24,22,0.00011,0.00012,0.00009,0.00009,0.00012,0.00011,0.00011029,0.00010155,0.00013009,0.000116477
3,24,23,0.00011,0.00012,0.00009,0.00009,0.00012,0.00011,0.00010571,9.32E-05,0.00011661,0.00010986
3,25,0,0.00012,0.00011,0.0001,0.0001,0.00012,0.00011,0.000101001,8.83E-05,9.09E-05,0.000104195
3,25,1,0.00012,0.00011,0.0001,0.0001,0.00012,0.00011,9.93E-05,8.54E-05,8.89E-05,0.000100315
3,25,2,0.00012,0.00011,0.0001,0.0001,0.00012,0.00011,0.000101221,8.30E-05,9.12E-05,9.73E-05
3,25,3,0.00012,0.00011,0.0001,0.0001,0.00012,0.0001,0.00010301,8.17E-05,9.17E-05,9.51E-05
3,25,4,0.00012,0.00011,0.00009,0.0001,0.00012,0.0001,9.18E-05,8.09E-05,9.37E-05,9.52E-05
3,25,5,0.00012,0.00011,0.00009,0.0001,0.00012,0.0001,8.51E-05,8.02E-05,9.84E-05,9.79E-05
3,25,6,0.00012,0.00011,0.00009,0.0001,0.00012,0.0001,8.78E-05,7.59E-05,0.0001035,9.95E-05
3,25,7,0.00012,0.00011,0.00009,0.0001,0.00012,0.0001,9.27E-05,7.95E-05,0.00011031,0.000104379
3,25,8,0.00012,0.00011,0.00009,0.00009,0.00012,0.0001,9.88E-05,8.49E-05,0.00011465,0.000110791
3,25,9,0.00012,0.00011,0.00009,0.00009,0.00012,0.0001,0.00010322,8.82E-05,0.00011582,0.000114277
3,25,10,0.00012,0.00011,0.00009,0.00009,0.00012,0.0001,0.00010742,9.09E-05,0.000116,0.000118328
3,25,11,0.00012,0.00011,0.0001,0.00009,0.00012,0.0001,0.00011227,9.32E-05,0.00011582,0.000123251
3,25,12,0.00012,0.00012,0.00013,0.00009,0.00011,0.00009,0.000115279,9.55E-05,0.00011434,0.00012347
3,25,13,0.00013,0.00013,0.00013,0.0001,0.00012,0.0001,0.000118689,9.51E-05,0.00011197,0.000124496
3,25,14,0.00013,0.00013,0.00014,0.0001,0.00012,0.0001,0.000118989,9.39E-05,0.00011268,0.000125225
3,25,15,0.00013,0.00013,0.00014,0.0001,0.00012,0.0001,0.000118889,9.31E-05,0.00011584,0.000124749
3,25,16,0.00012,0.00013,0.00012,0.0001,0.00012,0.0001,0.000118489,9.18E-05,0.00011953,0.000122189
3,25,17,0.00011,0.00013,0.0001,0.00009,0.00012,0.0001,0.000122189,9.12E-05,0.00012764,0.000120629
3,25,18,0.00011,0.00012,0.00009,0.00009,0.00012,0.0001,0.000126448,0.00010298,0.0001378,0.000129299
3,25,19,0.00011,0.00012,0.00009,0.00009,0.00012,0.0001,0.000128108,0.0001105,0.00014593,0.000131903
3,25,20,0.00011,0.00012,0.00009,0.00009,0.00011,0.0001,0.000129238,0.00010888,0.00014862,0.000128079
3,25,21,0.00011,0.00011,0.00009,0.00009,0.00011,0.0001,0.000121979,0.00010594,0.00014172,0.000122931
3,25,22,0.00011,0.00011,0.00009,0.00008,0.00012,0.0001,0.000119489,0.00010053,0.00012957,0.000116477
3,25,23,0.00011,0.00012,0.00009,0.00008,0.00011,0.0001,0.00011299,9.41E-05,0.00011575,0.00010986
3,26,0,0.00012,0.00011,0.00009,0.00009,0.00012,0.0001,0.00010699,8.76E-05,8.94E-05,0.000104195
3,26,1,0.00012,0.00011,0.0001,0.0001,0.00012,0.0001,0.00010379,8.34E-05,9.02E-05,0.000100315
3,26,2,0.00012,0.00011,0.0001,0.0001,0.00012,0.0001,0.00010299,8.22E-05,8.97E-05,9.73E-05
3,26,3,0.00012,0.00011,0.0001,0.0001,0.00012,0.00011,0.000101491,7.92E-05,9.26E-05,9.51E-05
3,26,4,0.00012,0.00012,0.00009,0.0001,0.00012,0.00012,9.06E-05,7.90E-05,9.42E-05,9.52E-05
3,26,5,0.00012,0.00012,0.00009,0.0001,0.00012,0.00012,8.28E-05,8.00E-05,9.95E-05,9.79E-05
3,26,6,0.00012,0.00012,0.00009,0.0001,0.00012,0.00012,7.96E-05,7.99E-05,0.00010502,9.95E-05
3,26,7,0.00012,0.00011,0.00009,0.0001,0.00012,0.00012,8.21E-05,8.67E-05,0.00010964,0.000104379
3,26,8,0.00012,0.00011,0.00009,0.00009,0.00012,0.00012,8.54E-05,9.53E-05,0.00011514,0.000110791
3,26,9,0.00012,0.00011,0.0001,0.00009,0.00012,0.00012,8.85E-05,0.00010187,0.00011703,0.000114277
3,26,10,0.00012,0.00011,0.0001,0.00009,0.00012,0.00012,9.36E-05,0.00010633,0.00011613,0.000118328
3,26,11,0.00012,0.00011,0.0001,0.00009,0.0001,0.00011,9.80E-05,0.000109,0.00011571,0.000123251
3,26,12,0.00013,0.00012,0.00013,0.00009,0.00011,0.00011,0.00010556,0.00010935,0.00011416,0.00012347
3,26,13,0.00013,0.00013,0.00013,0.0001,0.00013,0.00011,0.00010776,0.00010744,0.00011394,0.000124496
3,26,14,0.00013,0.00013,0.00014,0.0001,0.00013,0.00012,0.00010669,0.00010383,0.00011323,0.000125225
3,26,15,0.00013,0.00013,0.00013,0.0001,0.00013,0.00012,0.00010706,0.00010361,0.00011529,0.000124749
3,26,16,0.00012,0.00012,0.00012,0.00009,0.00013,0.00012,0.00010712,0.00010152,0.00012041,0.000122189
3,26,17,0.00011,0.00012,0.00011,0.00009,0.00013,0.00012,0.00011095,0.00010204,0.00012709,0.000120629
3,26,18,0.00011,0.00011,0.0001,0.00009,0.00012,0.00011,0.000117959,0.00011597,0.00013877,0.000129299
3,26,19,0.00011,0.00011,0.0001,0.00009,0.00012,0.00011,0.000117619,0.0001231,0.00014709,0.000131903
3,26,20,0.00011,0.00011,0.0001,0.00009,0.00012,0.00011,0.000121059,0.00011715,0.00014849,0.000128079
3,26,21,0.00011,0.00011,0.00009,0.00008,0.00012,0.00011,0.000118949,0.00011111,0.00014297,0.000122931
3,26,22,0.00011,0.00011,0.00009,0.00008,0.00012,0.00011,0.000114789,0.00010416,0.00013054,0.000116477
3,26,23,0.00011,0.00011,0.0001,0.00008,0.00012,0.00011,0.00010983,9.76E-05,0.00011731,0.00010986
3,27,0,0.00012,0.00011,0.0001,0.00009,0.00012,0.00011,0.00010679,9.16E-05,9.01E-05,0.000104195
3,27,1,0.00012,0.00011,0.00011,0.0001,0.00012,0.00011,0.00010429,8.80E-05,9.03E-05,0.000100315
3,27,2,0.00012,0.00011,0.0001,0.0001,0.00011,0.00011,0.00010559,8.85E-05,8.94E-05,9.73E-05
3,27,3,0.00012,0.00011,0.00011,0.0001,0.00012,0.00011,0.00010724,8.42E-05,9.25E-05,9.51E-05
3,27,4,0.00012,0.00011,0.0001,0.0001,0.00012,0.00012,9.74E-05,8.27E-05,9.51E-05,9.52E-05
3,27,5,0.00012,0.00012,0.00009,0.0001,0.00012,0.00012,9.04E-05,8.22E-05,9.80E-05,9.79E-05
3,27,6,0.00012,0.00011,0.00009,0.0001,0.00011,0.00012,9.27E-05,7.89E-05,0.00010362,9.95E-05
3,27,7,0.00012,0.00011,0.00009,0.00009,0.00011,0.00012,9.91E-05,8.27E-05,0.00011006,0.000104379
3,27,8,0.00012,0.00012,0.0001,0.00009,0.00011,0.00011,0.00010447,8.82E-05,0.00011414,0.000110791
3,27,9,0.00012,0.00012,0.0001,0.00009,0.00011,0.00012,0.00010921,9.28E-05,0.00011665,0.000114277
3,27,10,0.00012,0.00012,0.0001,0.00009,0.00011,0.00011,0.000115239,9.70E-05,0.00011658,0.000118328
3,27,11,0.00012,0.00011,0.0001,0.00009,0.00011,0.00011,0.000118989,0.00010031,0.00011374,0.000123251
3,27,12,0.00012,0.00012,0.00013,0.00009,0.00011,0.00011,0.000124488,0.00010169,0.00011407,0.00012347
3,27,13,0.00013,0.00013,0.00014,0.0001,0.00012,0.00012,0.000123989,0.0001009,0.00011318,0.000124496
3,27,14,0.00013,0.00013,0.00015,0.00011,0.00012,0.00012,0.000123489,9.89E-05,0.00011374,0.000125225
3,27,15,0.00013,0.00014,0.00013,0.0001,0.00012,0.00012,0.000120989,9.73E-05,0.00011676,0.000124749
3,27,16,0.00012,0.00013,0.00012,0.0001,0.00012,0.00012,0.000120689,9.56E-05,0.00011989,0.000122189
3,27,17,0.00011,0.00013,0.0001,0.0001,0.00012,0.00012,0.000119989,9.76E-05,0.00012629,0.000120629
3,27,18,0.00011,0.00012,0.0001,0.00009,0.00012,0.00011,0.000119114,0.00011299,0.00013751,0.000129299
3,27,19,0.00011,0.00012,0.00009,0.00009,0.00012,0.00011,0.000118139,0.00012023,0.00014732,0.000131903
3,27,20,0.00011,0.00011,0.00009,0.00009,0.00012,0.00011,0.000119339,0.00011759,0.00014811,0.000128079
3,27,21,0.00011,0.00011,0.00009,0.00009,0.00012,0.00011,0.000120939,0.00011174,0.0001418,0.000122931
3,27,22,0.00011,0.00011,0.00009,0.00009,0.00012,0.00011,0.000117109,0.00010358,0.00013024,0.000116477
3,27,23,0.00011,0.00012,0.00009,0.00008,0.00012,0.00011,0.000113799,9.50E-05,0.00011609,0.00010986
3,28,0,0.00011,0.00011,0.0001,0.0001,0.00012,0.00011,0.00010886,9.04E-05,8.98E-05,0.000104195
3,28,1,0.00012,0.00011,0.00011,0.0001,0.00012,0.00011,0.0001072,8.70E-05,9.14E-05,0.000100315
3,28,2,0.00012,0.00011,0.0001,0.0001,0.00012,0.00011,0.00010922,8.44E-05,9.10E-05,9.73E-05
3,28,3,0.00012,0.00011,0.0001,0.0001,0.00012,0.00012,0.00010926,8.39E-05,9.10E-05,9.51E-05
3,28,4,0.00012,0.00011,0.0001,0.0001,0.00012,0.00012,0.000100241,8.74E-05,9.44E-05,9.52E-05
3,28,5,0.00012,0.00012,0.00009,0.0001,0.00012,0.00012,9.40E-05,9.64E-05,9.69E-05,9.79E-05
3,28,6,0.00012,0.00012,0.00009,0.0001,0.00012,0.00012,9.46E-05,9.80E-05,0.00010403,9.95E-05
3,28,7,0.00012,0.00011,0.00009,0.0001,0.00012,0.00012,9.82E-05,0.00010483,0.00011119,0.000104379
3,28,8,0.00012,0.00011,0.00009,0.0001,0.00011,0.00012,0.00010704,0.00011496,0.00011411,0.000110791
3,28,9,0.00012,0.00011,0.00009,0.00009,0.00011,0.00012,0.000113489,0.00012009,0.00011656,0.000114277
3,28,10,0.00012,0.00011,0.0001,0.00009,0.00011,0.00012,0.000116989,0.00012597,0.00011635,0.000118328
3,28,11,0.00012,0.00011,0.0001,0.00009,0.00011,0.00012,0.000119489,0.00012895,0.00011488,0.000123251
3,28,12,0.00012,0.00012,0.00012,0.00009,0.00011,0.00011,0.000121989,0.00012696,0.00011334,0.00012347
3,28,13,0.00012,0.00013,0.00014,0.0001,0.00012,0.00012,0.000124988,0.00012738,0.00011319,0.000124496
3,28,14,0.00013,0.00013,0.00013,0.00011,0.00012,0.00013,0.000124488,0.00013007,0.00011334,0.000125225
3,28,15,0.00013,0.00013,0.00013,0.0001,0.00012,0.00012,0.000120989,0.00012963,0.00011332,0.000124749
3,28,16,0.00012,0.00013,0.00012,0.0001,0.00013,0.00012,0.000118989,0.00012841,0.00011955,0.000122189
3,28,17,0.00011,0.00012,0.0001,0.0001,0.00013,0.00012,0.000119489,0.00012532,0.00012677,0.000120629
3,28,18,0.00011,0.00012,0.00009,0.0001,0.00012,0.00012,0.000122164,0.00013445,0.00013732,0.000129299
3,28,19,0.0001,0.00011,0.00009,0.00009,0.00012,0.00012,0.000124988,0.00013825,0.00014534,0.000131903
3,28,20,0.0001,0.00011,0.00008,0.00009,0.00012,0.00012,0.000126938,0.000133,0.00014904,0.000128079
3,28,21,0.0001,0.00011,0.00008,0.00009,0.00012,0.00011,0.000125238,0.00012524,0.00014219,0.000122931
3,28,22,0.0001,0.00011,0.00008,0.00009,0.00012,0.00011,0.000121989,0.00011477,0.00013164,0.000116477
3,28,23,0.00011,0.00011,0.00009,0.00009,0.00012,0.00011,0.000119389,0.00010424,0.00011551,0.00010986
3,29,0,0.00011,0.00011,0.00009,0.0001,0.00012,0.00012,0.000114689,9.59E-05,9.05E-05,0.000104195
3,29,1,0.00011,0.0001,0.0001,0.0001,0.00012,0.00012,0.00011229,9.24E-05,8.99E-05,0.000100315
3,29,2,0.00011,0.00011,0.0001,0.0001,0.00011,0.00011,0.000113789,8.98E-05,9.13E-05,9.73E-05
3,29,3,0.00011,0.00011,0.0001,0.0001,0.00011,0.00012,0.00011279,8.90E-05,9.29E-05,9.51E-05
3,29,4,0.00011,0.00011,0.00009,0.0001,0.00011,0.00012,0.00010439,9.25E-05,9.36E-05,9.52E-05
3,29,5,0.00011,0.00011,0.00009,0.0001,0.00012,0.00012,9.49E-05,0.00010189,9.93E-05,9.79E-05
3,29,6,0.00011,0.00011,0.0001,0.0001,0.00011,0.00012,9.59E-05,0.00010308,0.00010424,9.95E-05
3,29,7,0.00011,0.00011,0.0001,0.0001,0.00011,0.00012,9.72E-05,0.00010934,0.00010892,0.000104379
3,29,8,0.00011,0.00011,0.00009,0.0001,0.00011,0.00012,0.000101741,0.00011638,0.00011409,0.000110791
3,29,9,0.00011,0.00011,0.0001,0.00009,0.00011,0.00012,0.00010329,0.00012113,0.0001166,0.000114277
3,29,10,0.00011,0.00011,0.0001,0.00009,0.00011,0.00012,0.00010764,0.00012675,0.00011576,0.000118328
3,29,11,0.00011,0.00011,0.0001,0.00009,0.00011,0.00011,0.00011249,0.00013096,0.00011446,0.000123251
3,29,12,0.00011,0.00012,0.00013,0.00009,0.00011,0.00011,0.000117089,0.00012831,0.00011345,0.00012347
3,29,13,0.00012,0.00013,0.00013,0.0001,0.00012,0.00012,0.00011219,0.00013003,0.00011273,0.000124496
3,29,14,0.00012,0.00013,0.00013,0.00011,0.00012,0.00012,0.000114189,0.00013272,0.00011288,0.000125225
3,29,15,0.00012,0.00013,0.00012,0.0001,0.00012,0.00012,0.00011324,0.00013292,0.00011467,0.000124749
3,29,16,0.00011,0.00013,0.00012,0.0001,0.00012,0.00012,0.000114739,0.0001316,0.00011828,0.000122189
3,29,17,0.00011,0.00012,0.0001,0.0001,0.00012,0.00012,0.000118989,0.00012678,0.00012686,0.000120629
3,29,18,0.00011,0.00012,0.0001,0.00009,0.00011,0.00011,0.000128738,0.00013555,0.00013646,0.000129299
3,29,19,0.0001,0.00012,0.00009,0.00009,0.00012,0.00011,0.000129888,0.00014112,0.00014515,0.000131903
3,29,20,0.0001,0.00011,0.00009,0.00009,0.00011,0.00011,0.000132488,0.00013553,0.00014943,0.000128079
3,29,21,0.0001,0.00012,0.00009,0.00009,0.00011,0.00011,0.000130788,0.00012829,0.00014333,0.000122931
3,29,22,0.00011,0.00012,0.00009,0.00009,0.00012,0.00011,0.000127288,0.00011768,0.0001304,0.000116477
3,29,23,0.00011,0.00012,0.00009,0.00009,0.00011,0.00011,0.000123189,0.00010553,0.00011672,0.00010986
3,30,0,0.00011,0.00011,0.00009,0.0001,0.00011,0.00011,0.000118189,9.80E-05,9.00E-05,0.000104195
3,30,1,0.00011,0.00011,0.00009,0.0001,0.00011,0.00011,0.000115989,9.42E-05,9.06E-05,0.000100315
3,30,2,0.00012,0.00011,0.00009,0.0001,0.00011,0.00011,0.000116489,9.17E-05,9.02E-05,9.73E-05
3,30,3,0.00012,0.00011,0.0001,0.0001,0.00011,0.00012,0.000118489,9.08E-05,9.16E-05,9.51E-05
3,30,4,0.00011,0.00012,0.0001,0.0001,0.00012,0.00012,0.00011049,9.41E-05,9.46E-05,9.52E-05
3,30,5,0.00011,0.00012,0.0001,0.0001,0.00012,0.00012,0.000102291,0.00010303,9.88E-05,9.79E-05
3,30,6,0.00011,0.00012,0.00009,0.0001,0.00012,0.00012,0.00010299,0.00010449,0.00010397,9.95E-05
3,30,7,0.00011,0.00011,0.0001,0.0001,0.00012,0.00012,0.00010779,0.00010925,0.00010906,0.000104379
3,30,8,0.00011,0.00011,0.00009,0.0001,0.00011,0.00012,0.00011079,0.00011727,0.00011428,0.000110791
3,30,9,0.00011,0.00012,0.00009,0.0001,0.00012,0.00012,0.000115989,0.00012231,0.0001155,0.000114277
3,30,10,0.00011,0.00012,0.0001,0.0001,0.00012,0.00012,0.000117989,0.00012799,0.00011614,0.000118328
3,30,11,0.00011,0.00012,0.0001,0.0001,0.00012,0.00011,0.000120989,0.00013048,0.00011403,0.000123251
3,30,12,0.00011,0.00012,0.00013,0.00009,0.00012,0.00011,0.000125988,0.0001265,0.00011412,0.00012347
3,30,13,0.00012,0.00013,0.00014,0.00011,0.00013,0.00012,0.000125488,0.00012586,0.0001123,0.000124496
3,30,14,0.00012,0.00013,0.00014,0.00011,0.00013,0.00012,0.000126488,0.00012864,0.00011343,0.000125225
3,30,15,0.00012,0.00013,0.00013,0.0001,0.00013,0.00012,0.000124988,0.00012728,0.00011476,0.000124749
3,30,16,0.00012,0.00013,0.00011,0.0001,0.00013,0.00012,0.000126988,0.00012726,0.00011893,0.000122189
3,30,17,0.00011,0.00012,0.00011,0.0001,0.00013,0.00012,0.000131488,0.00012556,0.00012774,0.000120629
3,30,18,0.00011,0.00012,0.0001,0.0001,0.00012,0.00011,0.000137487,0.00013428,0.00013823,0.000129299
3,30,19,0.0001,0.00012,0.00009,0.00009,0.00012,0.00012,0.000138487,0.00013803,0.00014578,0.000131903
3,30,20,0.0001,0.00012,0.00009,0.00009,0.00012,0.00011,0.000140487,0.00013217,0.00014799,0.000128079
3,30,21,0.0001,0.00012,0.00009,0.00009,0.00012,0.00011,0.000139987,0.00012462,0.00014218,0.000122931
3,30,22,0.00011,0.00012,0.00009,0.00009,0.00012,0.00011,0.000138987,0.00011278,0.00013097,0.000116477
3,30,23,0.00011,0.00012,0.00009,0.00009,0.00012,0.00011,0.000132488,0.00010281,0.00011579,0.00010986
3,31,0,0.00011,0.00011,0.0001,0.0001,0.00012,0.00011,0.000129988,9.59E-05,9.07E-05,0.000104195
3,31,1,0.00012,0.00011,0.0001,0.00011,0.00012,0.00012,0.000124988,9.18E-05,8.96E-05,0.000100315
3,31,2,0.00012,0.00011,0.0001,0.0001,0.00012,0.00011,0.000125488,8.87E-05,9.06E-05,9.73E-05
3,31,3,0.00012,0.00011,0.00009,0.0001,0.00012,0.00012,0.000125988,8.81E-05,9.17E-05,9.51E-05
3,31,4,0.00012,0.00012,0.00009,0.0001,0.00012,0.00012,0.000115489,9.18E-05,9.52E-05,9.52E-05
3,31,5,0.00012,0.00012,0.00009,0.0001,0.00012,0.00012,9.80E-05,0.00010054,9.79E-05,9.79E-05
3,31,6,0.00012,0.00012,0.00009,0.0001,0.00012,0.00012,7.23E-05,0.00010283,0.00010347,9.95E-05
3,31,7,0.00012,0.00011,0.00009,0.0001,0.00012,0.00012,5.63E-05,0.00010799,0.00011089,0.000104379
3,31,8,0.00012,0.00012,0.00009,0.0001,0.00012,0.00012,7.12E-05,0.00011537,0.00011495,0.000110791
3,31,9,0.00012,0.00012,0.00009,0.0001,0.00012,0.00012,8.35E-05,0.0001198,0.00011568,0.000114277
3,31,10,0.00012,0.00012,0.00009,0.0001,0.00011,0.00012,9.52E-05,0.00012479,0.00011603,0.000118328
3,31,11,0.00012,0.00012,0.0001,0.0001,0.00011,0.00011,0.00010853,0.00012903,0.00011533,0.000123251
3,31,12,0.00012,0.00012,0.00013,0.00009,0.00011,0.00011,0.000115059,0.00012538,0.00011351,0.00012347
3,31,13,0.00012,0.00013,0.00014,0.0001,0.00013,0.00012,0.000121989,0.00012628,0.0001126,0.000124496
3,31,14,0.00013,0.00013,0.00014,0.0001,0.00012,0.00012,0.000125048,0.00012918,0.00011317,0.000125225
3,31,15,0.00013,0.00013,0.00013,0.0001,0.00012,0.00012,0.000124198,0.00012926,0.00011587,0.000124749
3,31,16,0.00012,0.00013,0.00012,0.00009,0.00012,0.00012,0.000123489,0.00012732,0.00011943,0.000122189
3,31,17,0.00011,0.00012,0.0001,0.00009,0.00012,0.00012,0.000126488,0.00012469,0.00012675,0.000120629
3,31,18,0.00011,0.00012,0.00009,0.00009,0.00012,0.00011,0.000135237,0.00013326,0.00013688,0.000129299
3,31,19,0.00011,0.00012,0.00009,0.00009,0.00012,0.00011,0.000134488,0.00013709,0.00014526,0.000131903
3,31,20,0.00011,0.00011,0.00009,0.00008,0.00012,0.0001,0.000139487,0.00013312,0.00014757,0.000128079
3,31,21,0.00011,0.00011,0.00009,0.00008,0.00012,0.0001,0.000139187,0.00012606,0.00014234,0.000122931
3,31,22,0.00011,0.00011,0.00009,0.00008,0.00012,0.0001,0.000132988,0.00011488,0.00013046,0.000116477
3,31,23,0.00011,0.00011,0.00009,0.00009,0.00012,0.0001,0.000128988,0.00010406,0.00011573,0.00010986
1,4,0,0.00011,0.0001,0.0001,0.0001,0.00012,0.0001,7.49E-05,9.19E-05,8.69E-05,0.000104195
1,4,1,0.00012,0.0001,0.0001,0.0001,0.00012,0.00011,7.09E-05,8.85E-05,8.76E-05,0.000100315
1,4,2,0.00012,0.0001,0.0001,0.0001,0.00012,0.00011,6.82E-05,8.60E-05,8.82E-05,9.73E-05
1,4,3,0.00012,0.00011,0.00009,0.0001,0.00012,0.00011,6.82E-05,8.56E-05,8.91E-05,9.51E-05
1,4,4,0.00012,0.00011,0.00009,0.0001,0.00012,0.00012,6.48E-05,8.66E-05,9.03E-05,9.52E-05
1,4,5,0.00012,0.00011,0.00008,0.0001,0.00012,0.00012,6.84E-05,9.00E-05,9.47E-05,9.79E-05
1,4,6,0.00012,0.00011,0.00008,0.0001,0.00012,0.00012,7.37E-05,9.21E-05,0.00010083,9.95E-05
1,4,7,0.00012,0.00011,0.00007,0.0001,0.00012,0.00012,8.42E-05,0.0001,0.00010664,0.000104379
1,4,8,0.00012,0.00011,0.00008,0.0001,0.00012,0.00012,8.85E-05,0.00010949,0.00011115,0.000110791
1,4,9,0.00012,0.00011,0.00008,0.0001,0.00012,0.00012,8.97E-05,0.00011508,0.00011326,0.000114277
1,4,10,0.00012,0.00011,0.00009,0.0001,0.00012,0.00012,9.11E-05,0.00012016,0.00011331,0.000118328
1,4,11,0.00012,0.00011,0.0001,0.0001,0.00011,0.00011,9.51E-05,0.00012407,0.00011117,0.000123251
1,4,12,0.00012,0.00012,0.00013,0.0001,0.00011,0.00011,9.77E-05,0.00012361,0.00010985,0.00012347
1,4,13,0.00012,0.00013,0.00013,0.0001,0.00012,0.00012,9.29E-05,0.00012298,0.00011051,0.000124496
1,4,14,0.00013,0.00013,0.00014,0.00011,0.00012,0.00012,8.94E-05,0.00012417,0.00011054,0.000125225
1,4,15,0.00013,0.00012,0.00013,0.0001,0.00012,0.00012,8.57E-05,0.00012403,0.00011259,0.000124749
1,4,16,0.00012,0.00012,0.00012,0.0001,0.00012,0.00012,8.89E-05,0.00012247,0.00011644,0.000122189
1,4,17,0.00011,0.00012,0.0001,0.0001,0.00012,0.00012,0.000101061,0.00012218,0.00012391,0.000120629
1,4,18,0.00011,0.00012,0.00009,0.0001,0.00011,0.00012,9.99E-05,0.00013382,0.00013382,0.000129299
1,4,19,0.00011,0.00011,0.00008,0.0001,0.00011,0.00011,9.86E-05,0.00013506,0.00014246,0.000131903
1,4,20,0.00011,0.00011,0.00008,0.00009,0.00011,0.00011,9.68E-05,0.00013019,0.00014344,0.000128079
1,4,21,0.00011,0.00011,0.00008,0.00009,0.00011,0.00011,9.14E-05,0.00012413,0.00013869,0.000122931
1,4,22,0.00011,0.00011,0.00008,0.00009,0.00011,0.00011,8.55E-05,0.000114,0.00012795,0.000116477
1,4,23,0.00011,0.00011,0.00009,0.0001,0.00011,0.00011,8.17E-05,0.00010355,0.00011358,0.00010986
2,4,0,0.00012,0.00011,0.00009,0.0001,0.00011,0.00011,7.92E-05,0.00010811,8.77E-05,0.000104195
2,4,1,0.00012,0.00011,0.0001,0.00011,0.00011,0.00011,7.50E-05,0.00010288,8.84E-05,0.000100315
2,4,2,0.00012,0.00011,0.0001,0.0001,0.00011,0.00011,7.28E-05,9.94E-05,8.96E-05,9.73E-05
2,4,3,0.00012,0.00011,0.0001,0.0001,0.00011,0.00012,7.08E-05,9.85E-05,9.02E-05,9.51E-05
2,4,4,0.00012,0.00011,0.00009,0.0001,0.00012,0.00012,7.01E-05,0.00010221,9.14E-05,9.52E-05
2,4,5,0.00012,0.00012,0.00008,0.0001,0.00012,0.00012,7.31E-05,0.00011323,9.58E-05,9.79E-05
2,4,6,0.00012,0.00011,0.00008,0.0001,0.00011,0.00012,8.05E-05,0.00011451,0.00010245,9.95E-05
2,4,7,0.00012,0.00011,0.00008,0.00009,0.00011,0.00012,9.00E-05,0.00012017,0.00010759,0.000104379
2,4,8,0.00012,0.00011,0.00007,0.00009,0.00011,0.00012,9.30E-05,0.00012828,0.00011343,0.000110791
2,4,9,0.00012,0.00011,0.00008,0.00009,0.00011,0.00012,9.22E-05,0.00013261,0.00011323,0.000114277
2,4,10,0.00012,0.00012,0.00009,0.00009,0.00011,0.00012,9.38E-05,0.00013768,0.00011269,0.000118328
2,4,11,0.00012,0.00012,0.00009,0.00009,0.00011,0.00012,9.75E-05,0.00014183,0.00011259,0.000123251
2,4,12,0.00012,0.00012,0.00012,0.00009,0.00011,0.00011,9.98E-05,0.00013836,0.00010971,0.00012347
2,4,13,0.00013,0.00013,0.00012,0.00011,0.00013,0.00012,9.70E-05,0.00013957,0.00011069,0.000124496
2,4,14,0.00013,0.00014,0.00013,0.00011,0.00013,0.00012,9.37E-05,0.00014245,0.00011205,0.000125225
2,4,15,0.00013,0.00014,0.00012,0.00011,0.00013,0.00012,8.87E-05,0.0001424,0.00011194,0.000124749
2,4,16,0.00012,0.00013,0.00011,0.00011,0.00013,0.00012,8.87E-05,0.00013992,0.00011703,0.000122189
2,4,17,0.00011,0.00013,0.00009,0.00008,0.00013,0.00012,9.72E-05,0.00013652,0.00012427,0.000120629
2,4,18,0.00011,0.00012,0.00009,0.00009,0.00012,0.00012,0.000103865,0.00014452,0.0001356,0.000129299
2,4,19,0.00011,0.00012,0.00008,0.00009,0.00012,0.00012,0.00010277,0.00014849,0.00014216,0.000131903
2,4,20,0.00011,0.00012,0.00008,0.00009,0.00012,0.00012,0.000100881,0.00014433,0.00014514,0.000128079
2,4,21,0.00011,0.00012,0.00009,0.00009,0.00011,0.00012,9.64E-05,0.00013746,0.00014031,0.000122931
2,4,22,0.00011,0.00012,0.00008,0.00009,0.00012,0.00011,9.01E-05,0.000124,0.0001289,0.000116477
2,4,23,0.00011,0.00012,0.00009,0.00009,0.00012,0.00011,8.49E-05,0.00011152,0.00011463,0.00010986
3,4,0,0.00012,0.00011,0.0001,0.0001,0.00012,0.00012,9.39E-05,9.92E-05,8.76E-05,0.000104195
3,4,1,0.00012,0.00011,0.0001,0.0001,0.00012,0.00011,8.98E-05,9.51E-05,8.83E-05,0.000100315
3,4,2,0.00012,0.00011,0.0001,0.0001,0.00011,0.00011,8.47E-05,9.30E-05,8.88E-05,9.73E-05
3,4,3,0.00012,0.00011,0.00009,0.0001,0.00011,0.00012,8.23E-05,9.22E-05,8.96E-05,9.51E-05
3,4,4,0.00012,0.00011,0.00009,0.0001,0.00012,0.00012,8.13E-05,9.59E-05,9.18E-05,9.52E-05
3,4,5,0.00012,0.0001,0.00008,0.00009,0.00012,0.00012,8.22E-05,0.00010576,9.66E-05,9.79E-05
3,4,6,0.00012,0.00011,0.00008,0.0001,0.00012,0.00012,8.81E-05,0.00010677,0.00010219,9.95E-05
3,4,7,0.00012,0.00011,0.00007,0.00009,0.00012,0.00012,9.73E-05,0.00011224,0.0001098,0.000104379
3,4,8,0.00012,0.00011,0.00008,0.00009,0.00011,0.00012,0.000102331,0.00011942,0.00011248,0.000110791
3,4,9,0.00012,0.00011,0.00009,0.00009,0.00012,0.00012,0.000100951,0.00012409,0.00011408,0.000114277
3,4,10,0.00012,0.00011,0.00008,0.00009,0.00012,0.00012,0.000101711,0.00012973,0.0001126,0.000118328
3,4,11,0.00012,0.00011,0.00009,0.00009,0.00012,0.00012,0.000107,0.00013365,0.00011312,0.000123251
3,4,12,0.00012,0.00012,0.00012,0.00009,0.00011,0.00011,0.00010859,0.00013058,0.00011312,0.00012347
3,4,13,0.00012,0.00013,0.00013,0.00011,0.00013,0.00012,0.00010399,0.00013128,0.00011088,0.000124496
3,4,14,0.00013,0.00014,0.00013,0.00011,0.00013,0.00012,0.00010524,0.00013403,0.00011138,0.000125225
3,4,15,0.00013,0.00013,0.00013,0.0001,0.00013,0.00012,0.00010399,0.00013303,0.00011276,0.000124749
3,4,16,0.00012,0.00014,0.00011,0.0001,0.00013,0.00012,0.000101891,0.00013035,0.00011767,0.000122189
3,4,17,0.00011,0.00013,0.00009,0.0001,0.00013,0.00012,0.00010589,0.00012719,0.00012453,0.000120629
3,4,18,0.00011,0.00012,0.00009,0.00009,0.00012,0.00012,0.000115329,0.00013718,0.00013534,0.000129299
3,4,19,0.00011,0.00012,0.00008,0.00009,0.00012,0.00012,0.00011191,0.00014221,0.00014271,0.000131903
3,4,20,0.00011,0.00012,0.00008,0.00009,0.00012,0.00012,0.00010946,0.00013874,0.00014634,0.000128079
3,4,21,0.00011,0.00012,0.00008,0.00009,0.00012,0.00011,0.00010543,0.00012808,0.00014034,0.000122931
3,4,22,0.00011,0.00012,0.00008,0.00009,0.00012,0.00011,0.000100591,0.00011775,0.0001286,0.000116477
3,4,23,0.00011,0.00012,0.00009,0.00009,0.00012,0.00011,9.74E-05,0.00010794,0.00011474,0.00010986
4,4,0,0.00011,0.00011,0.0001,0.0001,0.00012,0.00011,0.000139987,8.72E-05,8.90E-05,0.000104195
4,4,1,0.00012,0.00011,0.00009,0.0001,0.00012,0.00011,0.000137487,8.40E-05,8.80E-05,0.000100315
4,4,2,0.00012,0.00011,0.00009,0.0001,0.00012,0.00011,0.000138487,8.20E-05,9.07E-05,9.73E-05
4,4,3,0.00012,0.00011,0.00009,0.0001,0.00012,0.00012,0.000137487,8.18E-05,9.04E-05,9.51E-05
4,4,4,0.00012,0.00012,0.00009,0.0001,0.00012,0.00012,0.000135487,8.54E-05,9.38E-05,9.52E-05
4,4,5,0.00012,0.00012,0.00008,0.0001,0.00012,0.00013,0.000127488,9.43E-05,9.66E-05,9.79E-05
4,4,6,0.00012,0.00011,0.00008,0.0001,0.00012,0.00012,0.000127488,9.56E-05,0.00010345,9.95E-05
4,4,7,0.00012,0.00011,0.00008,0.00009,0.00012,0.00012,0.000129988,0.00010085,0.00010924,0.000104379
4,4,8,0.00012,0.00011,0.00008,0.00009,0.00012,0.00012,0.000131988,0.00011053,0.00011289,0.000110791
4,4,9,0.00012,0.00012,0.00009,0.00009,0.00012,0.00012,0.000133988,0.00011608,0.00011455,0.000114277
4,4,10,0.00012,0.00012,0.00009,0.00009,0.00012,0.00012,0.000135987,0.00012357,0.00011451,0.000118328
4,4,11,0.00012,0.00012,0.0001,0.00009,0.00012,0.00012,0.000136987,0.00012735,0.00011136,0.000123251
4,4,12,0.00012,0.00012,0.00012,0.0001,0.00012,0.00011,0.000139987,0.00012441,0.00011146,0.00012347
4,4,13,0.00012,0.00014,0.00013,0.00011,0.00013,0.00012,0.000140987,0.00012525,0.00011198,0.000124496
4,4,14,0.00013,0.00014,0.00014,0.00011,0.00013,0.00012,0.000142987,0.00012776,0.00011314,0.000125225
4,4,15,0.00012,0.00014,0.00013,0.00011,0.00013,0.00012,0.000143987,0.00012776,0.00011408,0.000124749
4,4,16,0.00012,0.00013,0.00012,0.0001,0.00013,0.00012,0.000141987,0.00012565,0.00011767,0.000122189
4,4,17,0.00011,0.00012,0.0001,0.0001,0.00013,0.00012,0.000148986,0.00012235,0.00012674,0.000120629
4,4,18,0.00011,0.00012,0.00009,0.0001,0.00012,0.00012,0.000150986,0.0001322,0.00013563,0.000129299
4,4,19,0.0001,0.00012,0.00009,0.00009,0.00012,0.00012,0.000152986,0.00013706,0.00014399,0.000131903
4,4,20,0.0001,0.00012,0.00009,0.00009,0.00012,0.00012,0.000154986,0.00013317,0.00014652,0.000128079
4,4,21,0.0001,0.00012,0.00008,0.00009,0.00012,0.00011,0.000153986,0.00012464,0.00014151,0.000122931
4,4,22,0.0001,0.00012,0.00008,0.00009,0.00012,0.00011,0.000149986,0.00011231,0.00013088,0.000116477
4,4,23,0.00011,0.00012,0.00009,0.00009,0.00012,0.00011,0.000144987,0.00010134,0.00011608,0.00010986
5,4,0,0.00011,0.00011,0.0001,0.0001,0.00012,0.00012,0.000140987,9.62E-05,8.79E-05,0.000104195
5,4,1,0.00011,0.00011,0.00009,0.0001,0.00012,0.00012,0.000139487,9.27E-05,9.05E-05,0.000100315
5,4,2,0.00011,0.00011,0.00009,0.0001,0.00011,0.00012,0.000135687,9.06E-05,9.03E-05,9.73E-05
5,4,3,0.00011,0.00011,0.00009,0.0001,0.00011,0.00012,0.000134488,8.97E-05,9.15E-05,9.51E-05
5,4,4,0.00011,0.00011,0.00008,0.0001,0.00011,0.00012,0.000131988,9.38E-05,9.43E-05,9.52E-05
5,4,5,0.00011,0.00011,0.00008,0.0001,0.00011,0.00012,0.000128188,0.00010281,9.64E-05,9.79E-05
5,4,6,0.00011,0.00011,0.00008,0.0001,0.00011,0.00012,0.000125988,0.00010407,0.00010351,9.95E-05
5,4,7,0.00011,0.00011,0.00009,0.00009,0.00011,0.00011,0.000126988,0.00010999,0.00011044,0.000104379
5,4,8,0.00011,0.00011,0.00009,0.00009,0.00011,0.00012,0.000131388,0.0001171,0.000114,0.000110791
5,4,9,0.00011,0.00011,0.00009,0.00009,0.00011,0.00012,0.000131988,0.00012123,0.00011601,0.000114277
5,4,10,0.00011,0.00011,0.00009,0.00009,0.00011,0.00012,0.000135987,0.00012617,0.00011475,0.000118328
5,4,11,0.00011,0.00011,0.0001,0.00009,0.00011,0.00011,0.000139987,0.00012917,0.0001134,0.000123251
5,4,12,0.00011,0.00012,0.00012,0.00009,0.00011,0.00011,0.000144487,0.0001262,0.00011264,0.00012347
5,4,13,0.00012,0.00013,0.00012,0.0001,0.00013,0.00012,0.000148986,0.00012719,0.00011169,0.000124496
5,4,14,0.00012,0.00013,0.00014,0.00011,0.00013,0.00012,0.000152486,0.00013068,0.00011146,0.000125225
5,4,15,0.00012,0.00014,0.00012,0.0001,0.00013,0.00012,0.000150486,0.00013058,0.0001139,0.000124749
5,4,16,0.00011,0.00013,0.0001,0.0001,0.00013,0.00012,0.000146986,0.00012824,0.00011947,0.000122189
5,4,17,0.00011,0.00013,0.0001,0.0001,0.00012,0.00012,0.000140487,0.00012454,0.00012634,0.000120629
5,4,18,0.0001,0.00012,0.00009,0.0001,0.00012,0.00012,0.000154986,0.00013547,0.00013625,0.000129299
5,4,19,0.0001,0.00012,0.00009,0.00009,0.00012,0.00012,0.000144987,0.0001402,0.00014493,0.000131903
5,4,20,0.0001,0.00012,0.00009,0.00009,0.00012,0.00012,0.000146886,0.0001359,0.00014782,0.000128079
5,4,21,0.0001,0.00012,0.00009,0.00009,0.00012,0.00012,0.000148486,0.00012739,0.00014205,0.000122931
5,4,22,0.0001,0.00012,0.00009,0.00009,0.00012,0.00011,0.000147486,0.00011531,0.00012994,0.000116477
5,4,23,0.00011,0.00012,0.00009,0.00009,0.00012,0.00012,0.000141987,0.00010513,0.00011555,0.00010986
6,4,0,0.00011,0.00011,0.0001,0.0001,0.00012,0.00012,0.000142987,9.75E-05,9.07E-05,0.000104195
6,4,1,0.00011,0.00011,0.0001,0.0001,0.00012,0.00012,1.40E-05,9.31E-05,8.92E-05,0.000100315
6,4,2,0.00011,0.00011,0.0001,0.0001,0.00012,0.00012,0.000135987,9.04E-05,9.03E-05,9.73E-05
6,4,3,0.00011,0.00011,0.0001,0.0001,0.00012,0.00012,0.000132488,9.10E-05,9.14E-05,9.51E-05
6,4,4,0.00011,0.00012,0.00009,0.0001,0.00012,0.00012,0.000128988,9.22E-05,9.27E-05,9.52E-05
6,4,5,0.00011,0.00012,0.00009,0.0001,0.00012,0.00012,0.000123489,9.27E-05,9.75E-05,9.79E-05
6,4,6,0.00011,0.00012,0.00009,0.0001,0.00012,0.00013,0.000120989,9.47E-05,0.0001026,9.95E-05
6,4,7,0.00011,0.00012,0.00009,0.00009,0.00012,0.00013,0.000120489,0.00010118,0.00010928,0.000104379
6,4,8,0.00011,0.00011,0.00009,0.0001,0.00011,0.00013,0.000123189,0.00011069,0.00011335,0.000110791
6,4,9,0.00011,0.00012,0.00009,0.0001,0.00012,0.00013,0.000127788,0.0001159,0.00011613,0.000114277
6,4,10,0.00011,0.00012,0.00009,0.00009,0.00012,0.00013,0.000131288,0.00012109,0.00011599,0.000118328
6,4,11,0.00011,0.00012,0.0001,0.00009,0.00012,0.00012,0.000136487,0.00012376,0.0001141,0.000123251
6,4,12,0.00011,0.00012,0.00012,0.00009,0.00011,0.00012,0.000137387,0.0001229,0.00011336,0.00012347
6,4,13,0.00012,0.00013,0.00013,0.00011,0.00013,0.00012,0.000140487,0.00012016,0.0001123,0.000124496
6,4,14,0.00012,0.00013,0.00013,0.00011,0.00013,0.00013,0.000145487,0.00011817,0.00011356,0.000125225
6,4,15,0.00012,0.00013,0.00012,0.00011,0.00013,0.00013,0.000143047,0.00011688,0.000114,0.000124749
6,4,16,0.00011,0.00013,0.00011,0.0001,0.00013,0.00012,0.000132988,0.00011412,0.0001189,0.000122189
6,4,17,0.00011,0.00013,0.0001,0.0001,0.00013,0.00012,0.000129388,0.00011376,0.0001268,0.000120629
6,4,18,0.0001,0.00013,0.00009,0.0001,0.00012,0.00012,0.000147061,0.00012551,0.00013762,0.000129299
6,4,19,0.0001,0.00013,0.00009,0.0001,0.00012,0.00012,0.000149386,0.00013158,0.00014521,0.000131903
6,4,20,0.0001,0.00012,0.00009,0.0001,0.00012,0.00012,0.000149486,0.00012815,0.00014817,0.000128079
6,4,21,0.0001,0.00012,0.00009,0.00009,0.00012,0.00012,0.000148986,0.00012139,0.00014253,0.000122931
6,4,22,0.00011,0.00012,0.00009,0.00009,0.00012,0.00011,0.000148186,0.00011236,0.00012915,0.000116477
6,4,23,0.00011,0.00012,0.00008,0.0001,0.00012,0.00012,0.000147486,0.00010331,0.00011561,0.00010986
7,4,0,0.00011,0.00011,0.00009,0.0001,0.00012,0.00012,0.000135787,9.16E-05,8.97E-05,0.000104195
7,4,1,0.00012,0.00011,0.0001,0.0001,0.00012,0.00012,0.000132188,8.79E-05,8.99E-05,0.000100315
7,4,2,0.00012,0.00011,0.0001,0.0001,0.00012,0.00012,0.000127188,8.48E-05,9.02E-05,9.73E-05
7,4,3,0.00012,0.00011,0.00009,0.0001,0.00012,0.00012,0.000123289,8.32E-05,9.17E-05,9.51E-05
7,4,4,0.00012,0.00012,0.00009,0.0001,0.00012,0.00013,0.000121489,8.39E-05,9.39E-05,9.52E-05
7,4,5,0.00012,0.00012,0.00009,0.0001,0.00012,0.00013,0.000114989,8.29E-05,9.82E-05,9.79E-05
7,4,6,0.00012,0.00012,0.00008,0.0001,0.00011,0.00013,0.000115239,8.08E-05,0.00010514,9.95E-05
7,4,7,0.00012,0.00012,0.00009,0.0001,0.00012,0.00012,0.000115189,8.55E-05,0.00010974,0.000104379
7,4,8,0.00012,0.00012,0.00009,0.0001,0.00012,0.00013,0.000117289,9.13E-05,0.00011386,0.000110791
7,4,9,0.00012,0.00012,0.00009,0.0001,0.00012,0.00013,0.000121389,9.77E-05,0.00011695,0.000114277
7,4,10,0.00012,0.00012,0.00009,0.00009,0.00011,0.00013,1.45E-05,0.00010276,0.00011518,0.000118328
7,4,11,0.00012,0.00012,0.0001,0.00009,0.00012,0.00012,0.000128488,0.0001064,0.00011473,0.000123251
7,4,12,0.00012,0.00012,0.00012,0.00009,0.00012,0.00012,0.000129488,0.00010727,0.00011482,0.00012347
7,4,13,0.00012,0.00014,0.00012,0.0001,0.00013,0.00013,0.000128588,0.00010606,0.00011326,0.000124496
7,4,14,0.00013,0.00014,0.00013,0.00011,0.00013,0.00013,0.000126988,0.00010343,0.00011445,0.000125225
7,4,15,0.00013,0.00014,0.00013,0.0001,0.00013,0.00013,0.000126188,0.00010119,0.00011552,0.000124749
7,4,16,0.00012,0.00014,0.00013,0.0001,0.00013,0.00013,0.000122489,9.99E-05,0.00011976,0.000122189
7,4,17,0.00011,0.00013,0.00012,0.0001,0.00013,0.00013,0.000120989,0.00010014,0.00012738,0.000120629
7,4,18,0.00011,0.00013,0.00008,0.00009,0.00012,0.00013,0.000135237,0.00011298,0.00013775,0.000129299
7,4,19,0.0001,0.00012,0.00008,0.00009,0.00012,0.00012,0.000140987,0.00012287,0.0001463,0.000131903
7,4,20,0.0001,0.00012,0.00008,0.00009,0.00012,0.00012,0.000142487,0.0001209,0.00014802,0.000128079
7,4,21,0.0001,0.00012,0.00008,0.00009,0.00012,0.00012,0.000141487,0.00011547,0.00014169,0.000122931
7,4,22,0.00011,0.00012,0.00008,0.00009,0.00012,0.00012,0.000140187,0.00010733,0.00013091,0.000116477
7,4,23,0.00011,0.00012,0.00008,0.00009,0.00012,0.00012,0.000138787,0.00010003,0.00011634,0.00010986
8,4,0,0.00011,0.00011,0.00009,0.0001,0.00012,0.00012,0.000125688,9.90E-05,8.98E-05,0.000104195
8,4,1,0.00012,0.00011,0.00009,0.0001,0.00012,0.00012,0.000121989,9.58E-05,9.01E-05,0.000100315
8,4,2,0.00012,0.00011,0.00009,0.00009,0.00012,0.00012,0.000118389,9.38E-05,9.09E-05,9.73E-05
8,4,3,0.00012,0.00012,0.00009,0.00009,0.00012,0.00012,0.00010763,9.34E-05,9.29E-05,9.51E-05
8,4,4,0.00012,0.00012,0.0001,0.0001,0.00012,0.00013,0.00011149,9.65E-05,9.56E-05,9.52E-05
8,4,5,0.00012,0.00012,0.0001,0.0001,0.00012,0.00013,0.00010829,0.00010446,9.95E-05,9.79E-05
8,4,6,0.00012,0.00012,0.0001,0.0001,0.00012,0.00013,0.00010729,0.00010641,0.00010505,9.95E-05
8,4,7,0.00012,0.00012,0.00009,0.00009,0.00012,0.00013,0.00010984,0.00011164,0.00011114,0.000104379
8,4,8,0.00012,0.00012,0.0001,0.00009,0.00011,0.00013,0.000118189,0.00011834,0.00011552,0.000110791
8,4,9,0.00012,0.00012,0.00009,0.00009,0.00012,0.00013,0.000118089,0.00012252,0.00011662,0.000114277
8,4,10,0.00012,0.00013,0.00009,0.00009,0.00012,0.00013,0.000120589,0.00012688,0.00011582,0.000118328
8,4,11,0.00012,0.00012,0.0001,0.00009,0.00012,0.00012,0.000126188,0.00012991,0.0001157,0.000123251
8,4,12,0.00012,0.00013,0.00012,0.00009,0.00012,0.00012,0.000129088,0.00012675,0.00011425,0.00012347
8,4,13,0.00012,0.00014,0.00013,0.0001,0.00013,0.00012,0.000127488,0.00012793,0.00011371,0.000124496
8,4,14,0.00013,0.00014,0.00013,0.00011,0.00013,0.00013,0.000127388,0.00013104,0.00011451,0.000125225
8,4,15,0.00013,0.00014,0.00012,0.0001,0.00013,0.00013,0.000120789,0.00013075,0.00011519,0.000124749
8,4,16,0.00012,0.00013,0.00011,0.0001,0.00013,0.00013,0.00011309,0.00012883,0.00011973,0.000122189
8,4,17,0.00011,0.00013,0.00009,0.0001,0.00013,0.00013,0.00010502,0.0001256,0.00012778,0.000120629
8,4,18,0.00011,0.00013,0.00008,0.0001,0.00012,0.00012,0.000127088,0.00013449,0.00013869,0.000129299
8,4,19,0.00011,0.00012,0.00008,0.0001,0.00012,0.00012,0.000130988,0.0001406,0.00014528,0.000131903
8,4,20,0.00011,0.00012,0.00008,0.0001,0.00012,0.00012,0.000130888,0.00013666,0.00014763,0.000128079
8,4,21,0.00011,0.00012,0.00008,0.00009,0.00012,0.00012,0.000129888,0.0001284,0.00014343,0.000122931
8,4,22,0.00011,0.00012,0.00008,0.00009,0.00012,0.00012,0.000130988,0.00011587,0.00013063,0.000116477
8,4,23,0.00011,0.00012,0.00009,0.0001,0.00012,0.00012,0.000130088,0.00010513,0.0001172,0.00010986
9,4,0,0.00012,0.00011,0.00009,0.0001,0.00012,0.00012,0.000137987,9.85E-05,9.05E-05,0.000104195
9,4,1,0.00012,0.00011,0.0001,0.0001,0.00012,0.00012,0.000137987,9.44E-05,9.16E-05,0.000100315
9,4,2,0.00012,0.00012,0.00009,0.0001,0.00011,0.00012,0.000132988,9.14E-05,9.09E-05,9.73E-05
9,4,3,0.00012,0.00012,0.00009,0.0001,0.00011,0.00012,0.000131988,8.97E-05,9.09E-05,9.51E-05
9,4,4,0.00012,0.00013,0.00009,0.0001,0.00012,0.00012,0.000128988,8.90E-05,9.50E-05,9.52E-05
9,4,5,0.00012,0.00013,0.00008,0.0001,0.00012,0.00013,0.000123489,8.80E-05,1.00E-04,9.79E-05
9,4,6,0.00012,0.00013,0.00009,0.0001,0.00012,0.00012,0.000120489,8.55E-05,0.00010528,9.95E-05
9,4,7,0.00012,0.00013,0.00009,0.00009,0.00011,0.00012,0.000121489,8.95E-05,0.00011124,0.000104379
9,4,8,0.00012,0.00012,0.00009,0.0001,0.00011,0.00012,0.000125488,9.56E-05,0.00011633,0.000110791
9,4,9,0.00012,0.00013,0.00009,0.0001,0.00011,0.00012,0.000128488,0.00010031,0.00011689,0.000114277
9,4,10,0.00012,0.00013,0.00009,0.0001,0.00011,0.00012,0.000131988,0.00010458,0.00011702,0.000118328
9,4,11,0.00012,0.00012,0.00011,0.0001,0.00011,0.00012,0.000137987,0.00010721,0.00011558,0.000123251
9,4,12,0.00012,0.00013,0.00013,0.0001,0.00011,0.00012,0.000138987,0.00010815,0.00011558,0.00012347
9,4,13,0.00012,0.00014,0.00014,0.00011,0.00013,0.00013,0.000137987,0.00010716,0.00011425,0.000124496
9,4,14,0.00013,0.00014,0.00014,0.00011,0.00012,0.00013,0.000138687,0.00010529,0.0001159,0.000125225
9,4,15,0.00013,0.00012,0.00013,0.00011,0.00013,0.00013,0.000137487,0.00010428,0.00011599,0.000124749
9,4,16,0.00012,0.00012,0.00012,0.00011,0.00013,0.00013,0.000133488,0.00010269,0.00011999,0.000122189
9,4,17,0.00011,0.00012,0.0001,0.0001,0.00012,0.00012,0.000130988,0.0001033,0.00012903,0.000120629
9,4,18,0.00011,0.00013,0.00008,0.0001,0.00012,0.00012,0.000147986,0.000118,0.00013825,0.000129299
9,4,19,0.00011,0.00012,0.00008,0.0001,0.00012,0.00012,0.000150986,0.0001231,0.00014678,0.000131903
9,4,20,0.00011,0.00012,0.00008,0.0001,0.00012,0.00012,0.000153486,0.00012207,0.00014946,0.000128079
9,4,21,0.00011,0.00012,0.00008,0.00009,0.00012,0.00012,0.000150986,0.00011602,0.0001437,0.000122931
9,4,22,0.00011,0.00012,0.00008,0.00009,0.00012,0.00012,0.000150986,0.00010761,0.00013119,0.000116477
9,4,23,0.00011,0.00012,0.00009,0.0001,0.00012,0.00012,0.000149986,9.98E-05,0.00011675,0.00010986
10,4,0,0.00012,0.00011,0.00009,0.0001,0.00012,0.00012,0.000122169,9.74E-05,9.16E-05,0.000104195
10,4,1,0.00012,0.00011,0.0001,0.0001,0.00012,0.00012,0.000116679,9.36E-05,9.07E-05,0.000100315
10,4,2,0.00012,0.00012,0.00009,0.0001,0.00011,0.00012,0.00011175,9.19E-05,9.20E-05,9.73E-05
10,4,3,0.00012,0.00012,0.00009,0.0001,0.00011,0.00012,0.00010743,9.12E-05,9.25E-05,9.51E-05
10,4,4,0.00012,0.00012,0.00009,0.0001,0.00012,0.00013,0.0001068,9.50E-05,9.41E-05,9.52E-05
10,4,5,0.00012,0.00012,0.00009,0.0001,0.00012,0.00013,0.000100611,0.00010366,9.95E-05,9.79E-05
10,4,6,0.00012,0.00012,0.00009,0.0001,0.00012,0.00013,9.64E-05,0.00010563,0.00010491,9.95E-05
10,4,7,0.00012,0.00012,0.00009,0.0001,0.00012,0.00013,9.66E-05,0.00011206,0.00011115,0.000104379
10,4,8,0.00012,0.00012,0.00008,0.0001,0.00012,0.00012,9.53E-05,0.00011982,0.00011589,0.000110791
10,4,9,0.00012,0.00013,0.00009,0.0001,0.00012,0.00013,9.61E-05,0.00012547,0.00011683,0.000114277
10,4,10,0.00012,0.00012,0.0001,0.0001,0.00012,0.00013,9.81E-05,0.00012941,0.00011687,0.000118328
10,4,11,0.00012,0.00012,0.0001,0.0001,0.00012,0.00012,0.00010525,0.00013269,0.00011549,0.000123251
10,4,12,0.00012,0.00012,0.00013,0.0001,0.00012,0.00012,0.00010817,0.00012985,0.0001146,0.00012347
10,4,13,0.00012,0.00014,0.00012,0.00011,0.00013,0.00013,9.82E-05,0.0001309,0.00011489,0.000124496
10,4,14,0.00013,0.00014,0.00013,0.00011,0.00013,0.00013,9.93E-05,0.00013438,0.00011496,0.000125225
10,4,15,0.00013,0.00014,0.00012,0.00011,0.00013,0.00013,9.51E-05,0.00013381,0.00011679,0.000124749
10,4,16,0.00012,0.00014,0.00011,0.0001,0.00013,0.00013,9.51E-05,0.00013247,0.00012175,0.000122189
10,4,17,0.00011,0.00013,0.0001,0.0001,0.00013,0.00013,0.00010816,0.00013194,0.00012944,0.000120629
10,4,18,0.00011,0.00013,0.00009,0.0001,0.00012,0.00013,0.000115039,0.00014332,0.00013856,0.000129299
10,4,19,0.00011,0.00013,0.00009,0.0001,0.00012,0.00012,0.000115029,0.00014332,0.00014757,0.000131903
10,4,20,0.0001,0.00012,0.00009,0.0001,0.00012,0.00012,0.000114609,0.00013855,0.00015043,0.000128079
10,4,21,0.0001,0.00012,0.00009,0.00009,0.00012,0.00012,0.000113829,0.00012992,0.00014405,0.000122931
10,4,22,0.00011,0.00012,0.00009,0.0001,0.00012,0.00012,0.00011267,0.00011761,0.00013215,0.000116477
10,4,23,0.00011,0.00012,0.00009,0.0001,0.00012,0.00012,0.00011057,0.00010635,0.00011792,0.00010986
11,4,0,0.00011,0.00011,0.0001,0.0001,0.00012,0.00012,0.000115989,9.91E-05,9.20E-05,0.000104195
11,4,1,0.00012,0.00011,0.0001,0.0001,0.00012,0.00012,0.000113989,9.53E-05,9.13E-05,0.000100315
11,4,2,0.00012,0.00011,0.0001,0.0001,0.00012,0.00012,0.00010999,9.30E-05,9.14E-05,9.73E-05
11,4,3,0.00012,0.00012,0.00009,0.0001,0.00011,0.00013,0.00010488,9.21E-05,9.30E-05,9.51E-05
11,4,4,0.00012,0.00012,0.0001,0.0001,0.00012,0.00013,0.000102131,9.59E-05,9.62E-05,9.52E-05
11,4,5,0.00012,0.00012,0.00009,0.0001,0.00012,0.00013,9.94E-05,0.00010405,0.00010004,9.79E-05
11,4,6,0.00012,0.00012,0.00009,0.0001,0.00011,0.00013,0.00010315,0.00010644,0.00010563,9.95E-05
11,4,7,0.00012,0.00012,0.00009,0.0001,0.00012,0.00013,0.00010292,0.00011227,0.00011004,0.000104379
11,4,8,0.00012,0.00012,0.00009,0.0001,0.00011,0.00013,0.00010711,0.00011993,0.00011588,0.000110791
11,4,9,0.00012,0.00012,0.0001,0.00009,0.00012,0.00013,0.00010976,0.00012553,0.00011777,0.000114277
11,4,10,0.00012,0.00012,0.0001,0.00009,0.00011,0.00013,0.000113939,0.00012973,0.00011643,0.000118328
11,4,11,0.00012,0.00011,0.0001,0.00009,0.00011,0.00012,0.000120489,0.00013241,0.00011614,0.000123251
11,4,12,0.00012,0.00012,0.00013,0.0001,0.00011,0.00012,0.000122989,0.00012907,0.00011456,0.00012347
11,4,13,0.00012,0.00013,0.00014,0.00011,0.00013,0.00013,0.000121489,0.00012946,0.000115,0.000124496
11,4,14,0.00012,0.00013,0.00014,0.00011,0.00013,0.00012,0.000122489,0.00013187,0.00011518,0.000125225
11,4,15,0.00012,0.00013,0.00014,0.0001,0.00013,0.00012,0.000117589,0.0001324,0.00011597,0.000124749
11,4,16,0.00011,0.00013,0.00012,0.0001,0.00013,0.00012,0.000118689,0.00013014,0.00012166,0.000122189
11,4,17,0.00011,0.00012,0.00011,0.0001,0.00013,0.00012,0.000131988,0.00013282,0.00012853,0.000120629
11,4,18,0.0001,0.00012,0.0001,0.0001,0.00013,0.00012,0.000133538,0.00014213,0.00014003,0.000129299
11,4,19,0.0001,0.00011,0.00009,0.0001,0.00013,0.00012,0.000132288,0.00014009,0.0001477,0.000131903
11,4,20,0.0001,0.0001,0.0001,0.0001,0.00013,0.00012,0.000128988,0.00013547,0.00015212,0.000128079
11,4,21,0.0001,0.0001,0.0001,0.0001,0.00013,0.00012,0.000125368,0.00012639,0.00014524,0.000122931
11,4,22,0.0001,0.00009,0.00009,0.0001,0.00013,0.00012,0.000123739,0.00011646,0.00013166,0.000116477
11,4,23,0.00011,0.00009,0.0001,0.0001,0.00013,0.00012,0.000121609,0.0001069,0.00011817,0.00010986
12,4,0,0.00011,0.00009,0.0001,0.0001,0.00012,0.00012,8.28E-05,9.53E-05,9.19E-05,0.000104195
12,4,1,0.00011,0.00009,0.00009,0.0001,0.00012,0.00012,7.83E-05,9.05E-05,9.16E-05,0.000100315
12,4,2,0.00011,0.0001,0.00009,0.0001,0.00012,0.00012,7.59E-05,8.76E-05,9.24E-05,9.73E-05
12,4,3,0.00011,0.0001,0.00009,0.0001,0.00012,0.00012,7.42E-05,8.58E-05,9.42E-05,9.51E-05
12,4,4,0.00011,0.0001,0.00009,0.0001,0.00012,0.00012,7.37E-05,8.57E-05,9.69E-05,9.52E-05
12,4,5,0.00011,0.00011,0.00009,0.0001,0.00012,0.00012,7.66E-05,8.54E-05,0.00010133,9.79E-05
12,4,6,0.00011,0.00011,0.00009,0.0001,0.00012,0.00012,8.36E-05,8.33E-05,0.00010693,9.95E-05
12,4,7,0.00011,0.00011,0.00009,0.00009,0.00012,0.00012,9.07E-05,8.86E-05,0.000111,0.000104379
12,4,8,0.00011,0.00011,0.00009,0.00009,0.00011,0.00012,9.05E-05,9.47E-05,0.00011634,0.000110791
12,4,9,0.00011,0.00011,0.00009,0.00009,0.00011,0.00012,8.88E-05,9.98E-05,0.00011982,0.000114277
12,4,10,0.00011,0.00011,0.00008,0.00009,0.00012,0.00012,9.10E-05,0.00010338,0.00011806,0.000118328
12,4,11,0.00011,0.00011,0.00008,0.00009,0.00011,0.00012,9.59E-05,0.0001062,0.00011633,0.000123251
12,4,12,0.00011,0.00012,0.00011,0.00009,0.00011,0.00011,9.97E-05,0.00010694,0.0001143,0.00012347
12,4,13,0.00011,0.00013,0.0001,0.0001,0.00012,0.00012,9.39E-05,0.00010587,0.0001144,0.000124496
12,4,14,0.00012,0.00013,0.0001,0.00011,0.00012,0.00012,9.19E-05,0.0001039,0.00011447,0.000125225
12,4,15,0.00012,0.00013,0.00011,0.00011,0.00013,0.00012,9.18E-05,0.00010235,0.0001164,0.000124749
12,4,16,0.00011,0.00011,0.0001,0.0001,0.00013,0.00012,9.51E-05,0.00010149,0.00012071,0.000122189
12,4,17,0.00011,0.00011,0.00009,0.0001,0.00013,0.00013,0.00010888,0.00010617,0.00012943,0.000120629
12,4,18,0.0001,0.00011,0.00008,0.0001,0.00012,0.00012,0.00010312,0.0001221,0.00013927,0.000129299
12,4,19,0.0001,0.00011,0.00008,0.0001,0.00012,0.00012,0.000102291,0.00012411,0.00014836,0.000131903
12,4,20,0.0001,0.0001,0.00007,0.0001,0.00012,0.00012,9.96E-05,0.00012226,0.00015101,0.000128079
12,4,21,0.0001,0.0001,0.00007,0.0001,0.00012,0.00012,9.49E-05,0.00011635,0.00014604,0.000122931
12,4,22,0.0001,0.0001,0.00007,0.0001,0.00012,0.00012,9.06E-05,0.0001082,0.00013332,0.000116477
12,4,23,0.00011,0.0001,0.00007,0.0001,0.00012,0.00012,8.63E-05,0.00010002,0.00012,0.00010986
4,13,0,0.00011,0.0001,0.00008,0.0001,0.00012,0.00012,0.00011264,9.21E-05,9.17E-05,0.000104195
4,13,1,0.00011,0.0001,0.00008,0.0001,0.00012,0.00012,0.00010909,8.83E-05,9.15E-05,0.000100315
4,13,2,0.00011,0.0001,0.00008,0.0001,0.00012,0.00012,0.00010709,8.63E-05,9.14E-05,9.73E-05
4,13,3,0.00011,0.0001,0.00007,0.0001,0.00011,0.00012,0.00010389,8.53E-05,9.39E-05,9.51E-05
4,13,4,0.00011,0.00011,0.00008,0.0001,0.00012,0.00013,0.000101441,8.84E-05,9.56E-05,9.52E-05
4,13,5,0.00011,0.00011,0.00008,0.0001,0.00012,0.00013,9.64E-05,9.51E-05,0.00010022,9.79E-05
4,13,6,0.00011,0.00011,0.00008,0.0001,0.00011,0.00013,9.62E-05,9.80E-05,0.00010587,9.95E-05
4,13,7,0.00011,0.00011,0.00008,0.0001,0.00012,0.00013,9.87E-05,0.00010689,0.00011344,0.000104379
4,13,8,0.00011,0.00011,0.00008,0.0001,0.00012,0.00013,9.80E-05,0.00011566,0.00011647,0.000110791
4,13,9,0.00011,0.00012,0.00007,0.0001,0.00012,0.00013,9.80E-05,0.00011832,0.00011812,0.000114277
4,13,10,0.00011,0.00012,0.00008,0.0001,0.00012,0.00012,9.94E-05,0.00012201,0.00011774,0.000118328
4,13,11,0.00011,0.00012,0.00008,0.0001,0.00012,0.00012,0.00010398,0.00012551,0.00011704,0.000123251
4,13,12,0.00011,0.00012,0.00012,0.0001,0.00012,0.00012,0.00010853,0.00012527,0.00011699,0.00012347
4,13,13,0.00012,0.00014,0.00011,0.00011,0.00013,0.00013,0.00011229,0.00012569,0.00011512,0.000124496
4,13,14,0.00012,0.00014,0.00013,0.00011,0.00013,0.00013,0.00011279,0.00012819,0.00011669,0.000125225
4,13,15,0.00012,0.00014,0.00012,0.00011,0.00013,0.00013,0.00010972,0.00012825,0.00011644,0.000124749
4,13,16,0.00011,0.00013,0.00011,0.00011,0.00013,0.00013,0.00010643,0.00012593,0.00012312,0.000122189
4,13,17,0.00011,0.00013,0.00011,0.00011,0.00013,0.00013,0.000102041,0.00012262,0.00012932,0.000120629
4,13,18,0.0001,0.00013,0.0001,0.0001,0.00013,0.00013,0.000121759,0.00013259,0.00014025,0.000129299
4,13,19,0.0001,0.00012,0.0001,0.0001,0.00012,0.00012,0.000126488,0.00013679,0.00014896,0.000131903
4,13,20,0.0001,0.00012,0.00009,0.0001,0.00012,0.00012,0.000126988,0.00013223,0.00015165,0.000128079
4,13,21,0.0001,0.00012,0.00009,0.0001,0.00012,0.00012,0.000124988,0.00012447,0.00014577,0.000122931
4,13,22,0.00011,0.00012,0.00008,0.0001,0.00012,0.00012,0.000124388,0.00011329,0.00013332,0.000116477
4,13,23,0.00011,0.00012,0.00008,0.0001,0.00012,0.00012,0.000122439,0.00010074,0.00011981,0.00010986
4,14,0,0.00011,0.00011,0.00009,0.0001,0.00012,0.00012,0.000118189,9.46E-05,9.20E-05,0.000104195
4,14,1,0.00012,0.00011,0.00009,0.00011,0.00012,0.00012,0.000114989,9.17E-05,9.15E-05,0.000100315
4,14,2,0.00012,0.00011,0.00009,0.0001,0.00011,0.00012,0.00011069,9.06E-05,9.31E-05,9.73E-05
4,14,3,0.00012,0.00012,0.00009,0.0001,0.00011,0.00012,0.00010819,9.01E-05,9.50E-05,9.51E-05
4,14,4,0.00012,0.00012,0.00009,0.0001,0.00012,0.00013,0.00010699,9.39E-05,9.65E-05,9.52E-05
4,14,5,0.00012,0.00012,0.00008,0.0001,0.00012,0.00013,0.000100991,0.00010322,0.00010003,9.79E-05
4,14,6,0.00012,0.00012,0.00008,0.0001,0.00012,0.00012,0.000101491,0.0001041,0.0001076,9.95E-05
4,14,7,0.00012,0.00012,0.00009,0.0001,0.00012,0.00012,0.000102391,0.00010974,0.00011227,0.000104379
4,14,8,0.00012,0.00012,0.00009,0.0001,0.00012,0.00012,0.00010309,0.00011721,0.00011692,0.000110791
4,14,9,0.00012,0.00012,0.0001,0.0001,0.00012,0.00012,0.00010339,0.00012196,0.00011826,0.000114277
4,14,10,0.00012,0.00012,0.00009,0.0001,0.00012,0.00012,0.00010599,0.00012741,0.00011876,0.000118328
4,14,11,0.00012,0.00011,0.00011,0.0001,0.00012,0.00012,0.00011019,0.00013037,0.00011727,0.000123251
4,14,12,0.00012,0.00012,0.00013,0.0001,0.00012,0.00012,0.000113889,0.00012657,0.00011654,0.00012347
4,14,13,0.00012,0.00013,0.00014,0.00011,0.00013,0.00012,0.000116989,0.00012755,0.00011628,0.000124496
4,14,14,0.00013,0.00013,0.00015,0.00012,0.00013,0.00013,0.000116989,0.00013122,0.0001158,0.000125225
4,14,15,0.00012,0.00014,0.00014,0.00011,0.00013,0.00013,0.000114989,0.00013153,0.0001179,0.000124749
4,14,16,0.00012,0.00013,0.00012,0.00011,0.00013,0.00013,0.00011199,0.00012891,0.00012105,0.000122189
4,14,17,0.00011,0.00013,0.00012,0.00011,0.00013,0.00013,0.00010969,0.00012485,0.00013058,0.000120629
4,14,18,0.00011,0.00012,0.00011,0.00011,0.00013,0.00013,0.000126738,0.00013439,0.00013961,0.000129299
4,14,19,0.0001,0.00012,0.00009,0.0001,0.00012,0.00012,0.000127988,0.00013909,0.00014796,0.000131903
4,14,20,0.0001,0.00012,0.00009,0.0001,0.00012,0.00012,0.000128788,0.00013491,0.0001533,0.000128079
4,14,21,0.0001,0.00012,0.00009,0.0001,0.00012,0.00012,0.000129988,0.00012782,0.0001463,0.000122931
4,14,22,0.00011,0.00012,0.00009,0.0001,0.00012,0.00012,0.000128988,0.00011634,0.0001341,0.000116477
4,14,23,0.00011,0.00012,0.00008,0.0001,0.00012,0.00012,0.000128988,0.00010551,0.00011989,0.00010986
4,15,0,0.00011,0.00011,0.00009,0.00011,0.00012,0.00012,0.000125788,9.87E-05,9.24E-05,0.000104195
4,15,1,0.00012,0.00011,0.00011,0.00011,0.00012,0.00012,0.000121189,9.58E-05,9.19E-05,0.000100315
4,15,2,0.00012,0.00011,0.00011,0.0001,0.00012,0.00012,0.000118689,9.32E-05,9.18E-05,9.73E-05
4,15,3,0.00012,0.00011,0.00011,0.0001,0.00012,0.00012,0.000116489,9.22E-05,9.32E-05,9.51E-05
4,15,4,0.00012,0.00011,0.0001,0.0001,0.00012,0.00013,0.00011319,9.61E-05,9.66E-05,9.52E-05
4,15,5,0.00012,0.00012,0.00009,0.0001,0.00012,0.00013,0.00010799,0.00010435,0.00010212,9.79E-05
4,15,6,0.00012,0.00012,0.00009,0.0001,0.00012,0.00013,0.00010789,0.00010434,0.00010729,9.95E-05
4,15,7,0.00012,0.00012,0.00009,0.0001,0.00012,0.00012,0.00010749,0.0001111,0.00011265,0.000104379
4,15,8,0.00012,0.00012,0.00009,0.0001,0.00012,0.00012,0.00011249,0.00011904,0.00011609,0.000110791
4,15,9,0.00012,0.00012,0.00009,0.0001,0.00011,0.00013,0.000113989,0.00012407,0.00012088,0.000114277
4,15,10,0.00012,0.00012,0.0001,0.0001,0.00012,0.00012,0.000119289,0.00012993,0.00011859,0.000118328
4,15,11,0.00012,0.00011,0.0001,0.0001,0.00011,0.00012,0.000122989,0.00013343,0.00011739,0.000123251
4,15,12,0.00012,0.00012,0.00013,0.0001,0.00012,0.00012,0.000127488,0.00013006,0.00011747,0.00012347
4,15,13,0.00012,0.00012,0.00014,0.00011,0.00013,0.00012,0.000127988,0.0001307,0.00011702,0.000124496
4,15,14,0.00013,0.00012,0.00014,0.00011,0.00013,0.00013,0.000130988,0.00013399,0.00011649,0.000125225
4,15,15,0.00013,0.00012,0.00015,0.00011,0.00013,0.00013,0.000128988,0.00013413,0.00011809,0.000124749
4,15,16,0.00012,0.00012,0.00013,0.00011,0.00013,0.00013,0.000125488,0.00013178,0.00012183,0.000122189
4,15,17,0.00011,0.00011,0.00011,0.00011,0.00013,0.00013,0.000121789,0.00012739,0.00013052,0.000120629
4,15,18,0.00011,0.00011,0.00011,0.00011,0.00012,0.00013,0.000138462,0.00013525,0.00014085,0.000129299
4,15,19,0.00011,0.00011,0.00009,0.0001,0.00012,0.00012,0.000139787,0.00013924,0.00014966,0.000131903
4,15,20,0.0001,0.0001,0.00009,0.0001,0.00012,0.00012,0.000143487,0.00013508,0.00015204,0.000128079
4,15,21,0.00011,0.0001,0.00008,0.0001,0.00012,0.00012,0.000141787,0.00012844,0.0001459,0.000122931
4,15,22,0.00011,0.0001,0.00014,0.0001,0.00012,0.00012,0.000141487,0.00011862,0.0001339,0.000116477
4,15,23,0.00011,0.00011,0.00009,0.0001,0.00012,0.00012,0.000140987,0.00010966,0.00011915,0.00010986
4,16,0,0.00011,0.0001,0.0001,0.00011,0.00012,0.00012,0.000136487,0.00010289,9.30E-05,0.000104195
4,16,1,0.00012,0.0001,0.0001,0.00011,0.00012,0.00012,1.33E-05,9.86E-05,9.30E-05,0.000100315
4,16,2,0.00012,0.00011,0.0001,0.0001,0.00012,0.00012,0.000129988,9.60E-05,9.23E-05,9.73E-05
4,16,3,0.00012,0.00011,0.0001,0.0001,0.00012,0.00012,0.000126488,9.50E-05,9.36E-05,9.51E-05
4,16,4,0.00012,0.00011,0.00009,0.0001,0.00012,0.00013,0.000125788,9.58E-05,9.81E-05,9.52E-05
4,16,5,0.00012,0.00011,0.00009,0.0001,0.00012,0.00013,0.000121689,9.80E-05,0.0001021,9.79E-05
4,16,6,0.00012,0.00011,0.00009,0.0001,0.00012,0.00013,0.000119489,9.95E-05,0.00010685,9.95E-05
4,16,7,0.00012,0.00011,0.0001,0.0001,0.00012,0.00012,0.001209888,0.00010634,0.00011238,0.000104379
4,16,8,0.00012,0.00011,0.0001,0.0001,0.00012,0.00013,0.000124488,0.00011478,0.00011783,0.000110791
4,16,9,0.00012,0.00011,0.0001,0.0001,0.00012,0.00012,0.000127988,0.0001186,0.00011925,0.000114277
4,16,10,0.00012,0.00011,0.00011,0.0001,0.00012,0.00012,0.000128988,0.00012283,0.00011979,0.000118328
4,16,11,0.00012,0.00011,0.00011,0.0001,0.00012,0.00012,0.000134987,0.00012539,0.00011794,0.000123251
4,16,12,0.00012,0.00012,0.00014,0.0001,0.00012,0.00011,0.000137487,0.00012536,0.00011806,0.00012347
4,16,13,0.00012,0.00013,0.00015,0.00011,0.00013,0.00012,0.000137987,0.00012327,0.00011628,0.000124496
4,16,14,0.00013,0.00013,0.00015,0.00012,0.00013,0.00012,0.000138737,0.00012055,0.00011597,0.000125225
4,16,15,0.00013,0.00013,0.00013,0.00011,0.00013,0.00012,0.000118989,0.00011859,0.00011735,0.000124749
4,16,16,0.00012,0.00013,0.00013,0.00011,0.00013,0.00012,0.000113739,0.000116,0.0001238,0.000122189
4,16,17,0.00011,0.00012,0.00011,0.00011,0.00013,0.00012,0.00010793,0.00011584,0.0001304,0.000120629
4,16,18,0.00011,0.00012,0.00011,0.00011,0.00012,0.00012,0.000123589,0.00012822,0.00014331,0.000129299
4,16,19,0.00011,0.00011,0.00009,0.0001,0.00012,0.00012,0.000124788,0.00013176,0.00014921,0.000131903
4,16,20,0.00011,0.00011,0.00009,0.0001,0.00012,0.00011,0.000128288,0.00012838,0.00015204,0.000128079
4,16,21,0.00011,0.00011,0.00009,0.0001,0.00012,0.00011,0.000129988,0.00012162,0.00014753,0.000122931
4,16,22,0.00011,0.00011,0.00008,0.0001,0.00012,0.00011,0.000129988,0.00011332,0.00013487,0.000116477
4,16,23,0.00011,0.00011,0.00008,0.0001,0.00012,0.00011,0.000130488,0.00010558,0.00012081,0.00010986
4,17,0,0.00011,0.00011,0.0001,0.00011,0.00012,0.00011,0.000125988,9.86E-05,9.22E-05,0.000104195
4,17,1,0.00012,0.00011,0.00011,0.00011,0.00012,0.00011,0.000123989,9.31E-05,9.28E-05,0.000100315
4,17,2,0.00012,0.00011,0.0001,0.0001,0.00012,0.00012,0.000121489,8.68E-05,9.31E-05,9.73E-05
4,17,3,0.00012,0.00011,0.00009,0.0001,0.00012,0.00012,0.000119489,8.42E-05,9.44E-05,9.51E-05
4,17,4,0.00012,0.00012,0.00009,0.0001,0.00012,0.00013,0.000118989,8.30E-05,9.70E-05,9.52E-05
4,17,5,0.00012,0.00012,0.00009,0.0001,0.00012,0.00013,0.000115989,8.20E-05,0.00010186,9.79E-05
4,17,6,0.00012,0.00012,0.00008,0.0001,0.00012,0.00012,0.000114189,8.03E-05,0.00010599,9.95E-05
4,17,7,0.00012,0.00012,0.00009,0.0001,0.00012,0.00012,0.000115589,8.43E-05,0.00011265,0.000104379
4,17,8,0.00012,0.00012,0.00009,0.0001,0.00012,0.00012,0.000117189,8.91E-05,0.00011884,0.000110791
4,17,9,0.00012,0.00011,0.00009,0.0001,0.00012,0.00012,0.000126488,9.35E-05,0.00011869,0.000114277
4,17,10,0.00012,0.0001,0.0001,0.0001,0.00012,0.00012,0.000132288,9.68E-05,0.00011845,0.000118328
4,17,11,0.00012,0.0001,0.00011,0.0001,0.00011,0.00011,0.000134987,9.99E-05,0.00011801,0.000123251
4,17,12,0.00012,0.0001,0.00013,0.0001,0.00011,0.00011,0.000140287,0.00010202,0.00011733,0.00012347
4,17,13,0.00012,0.0001,0.00014,0.00011,0.00013,0.00012,0.000140987,0.00010084,0.00011574,0.000124496
4,17,14,0.00013,0.0001,0.00015,0.00011,0.00013,0.00012,0.000141987,9.89E-05,0.00011756,0.000125225
4,17,15,0.00013,0.0001,0.00013,0.00011,0.00013,0.00012,0.000140487,9.71E-05,0.00011758,0.000124749
4,17,16,0.00012,0.0001,0.00013,0.00011,0.00013,0.00012,0.000135487,9.58E-05,0.00012293,0.000122189
4,17,17,0.00011,0.0001,0.00012,0.00011,0.00012,0.00011,0.000122989,9.91E-05,0.00013104,0.000120629
4,17,18,0.00011,0.00009,0.0001,0.00011,0.00012,0.00011,0.000128988,0.00011233,0.00014195,0.000129299
4,17,19,0.0001,0.00009,0.0001,0.00011,0.00012,0.00011,0.000128488,0.0001199,0.00014972,0.000131903
4,17,20,0.0001,0.00009,0.00009,0.00011,0.00012,0.0001,0.000130988,0.0001194,0.00015365,0.000128079
4,17,21,0.0001,0.00009,0.00008,0.0001,0.00012,0.0001,0.000134987,0.00011459,0.00014679,0.000122931
4,17,22,0.00011,0.00009,0.00008,0.0001,0.00012,0.0001,0.000135987,0.00010649,0.00013421,0.000116477
4,17,23,0.00011,0.00009,0.00008,0.00011,0.00012,0.0001,0.000137987,9.70E-05,0.00012199,0.00010986
4,18,0,0.00011,0.00009,0.00009,0.00011,0.00012,0.0001,0.000131988,8.97E-05,9.23E-05,0.000104195
4,18,1,0.00011,0.00009,0.0001,0.00011,0.00012,0.00011,0.000128988,8.65E-05,9.42E-05,0.000100315
4,18,2,0.00012,0.00009,0.0001,0.0001,0.00012,0.00011,0.000126488,8.45E-05,9.38E-05,9.73E-05
4,18,3,0.00012,0.0001,0.00009,0.0001,0.00012,0.00011,0.000123489,8.43E-05,9.42E-05,9.51E-05
4,18,4,0.00012,0.0001,0.0001,0.0001,0.00012,0.00012,0.000117789,8.81E-05,9.66E-05,9.52E-05
4,18,5,0.00012,0.0001,0.0001,0.0001,0.00012,0.00012,0.00011231,9.94E-05,0.00010119,9.79E-05
4,18,6,0.00012,0.0001,0.0001,0.0001,0.00012,0.00012,0.00011219,0.00010213,0.00010831,9.95E-05
4,18,7,0.00011,0.0001,0.0001,0.0001,0.00011,0.00012,0.00010999,0.00010898,0.00011409,0.000104379
4,18,8,0.00011,0.0001,0.00011,0.0001,0.00011,0.00012,0.000116789,0.00011771,0.00011675,0.000110791
4,18,9,0.00011,0.0001,0.00009,0.0001,0.00012,0.00012,0.000122189,0.00012362,0.00012026,0.000114277
4,18,10,0.00012,0.0001,0.0001,0.0001,0.00012,0.00012,0.000128488,0.00012926,0.00011835,0.000118328
4,18,11,0.00012,0.00011,0.00011,0.0001,0.00012,0.00011,0.000132388,0.00013244,0.00011783,0.000123251
4,18,12,0.00012,0.00011,0.00013,0.0001,0.00011,0.00011,0.000138287,0.00012885,0.00011737,0.00012347
4,18,13,0.00012,0.00013,0.00014,0.00011,0.00013,0.00012,0.000139387,0.0001298,0.00011572,0.000124496
4,18,14,0.00012,0.00013,0.00015,0.00011,0.00013,0.00012,0.000142587,0.00013319,0.00011717,0.000125225
4,18,15,0.00012,0.00013,0.00014,0.00011,0.00013,0.00012,0.000142987,0.00013242,0.00011812,0.000124749
4,18,16,0.00011,0.00012,0.00013,0.0001,0.00013,0.00011,0.000136487,0.00012921,0.00012372,0.000122189
4,18,17,0.00011,0.00012,0.00013,0.00011,0.00013,0.00011,0.000131688,0.0001247,0.00013117,0.000120629
4,18,18,0.0001,0.00011,0.00011,0.0001,0.00012,0.00011,0.000149236,0.00013472,0.00014263,0.000129299
4,18,19,0.0001,0.00011,0.0001,0.0001,0.00012,0.00011,0.000149986,0.00013993,0.00015062,0.000131903
4,18,20,0.0001,0.0001,0.0001,0.0001,0.00012,0.00011,0.000150786,0.00013639,0.00015364,0.000128079
4,18,21,0.0001,0.0001,0.0001,0.00009,0.00012,0.00011,0.000147986,0.00012855,0.00014722,0.000122931
4,18,22,0.0001,0.0001,0.0001,0.00009,0.00012,0.00011,0.000146486,0.00011711,0.00013478,0.000116477
4,18,23,0.0001,0.0001,0.0001,0.0001,0.00012,0.00011,0.000145487,0.00010635,0.00012036,0.00010986
4,19,0,0.00011,0.0001,0.00011,0.0001,0.00012,0.00011,0.000141487,9.66E-05,9.31E-05,0.000104195
4,19,1,0.00011,0.0001,0.00011,0.0001,0.00012,0.00011,0.000137987,9.13E-05,9.47E-05,0.000100315
4,19,2,0.00011,0.0001,0.0001,0.0001,0.00011,0.00011,0.000135987,8.99E-05,9.35E-05,9.73E-05
4,19,3,0.00011,0.0001,0.0001,0.0001,0.00011,0.00011,0.000132488,8.87E-05,9.59E-05,9.51E-05
4,19,4,0.00011,0.0001,0.00009,0.00009,0.00011,0.00012,0.000130988,9.18E-05,9.66E-05,9.52E-05
4,19,5,0.00011,0.0001,0.00009,0.00009,0.00011,0.00012,0.000123989,0.00010032,0.00010328,9.79E-05
4,19,6,0.00011,0.0001,0.00009,0.00009,0.00011,0.00012,0.000120989,0.00010217,0.00010822,9.95E-05
4,19,7,0.0001,0.0001,0.00009,0.00009,0.00011,0.00012,0.000118989,0.00010974,0.00011409,0.000104379
4,19,8,0.0001,0.00009,0.00009,0.00009,0.00011,0.00012,0.000117489,0.00011859,0.00011825,0.000110791
4,19,9,0.0001,0.00009,0.00009,0.00009,0.00011,0.00012,0.000117789,0.00012341,0.00012084,0.000114277
4,19,10,0.00011,0.00009,0.0001,0.00009,0.00011,0.00012,0.000120989,0.00012852,0.0001203,0.000118328
4,19,11,0.00011,0.00009,0.00009,0.00009,0.00011,0.00011,0.000124188,0.00013156,0.00011874,0.000123251
4,19,12,0.00011,0.0001,0.00013,0.00009,0.0001,0.00011,0.000132688,0.00012894,0.00011783,0.00012347
4,19,13,0.00011,0.00012,0.00014,0.0001,0.00012,0.00012,0.000128288,0.00013031,0.00011595,0.000124496
4,19,14,0.00012,0.00012,0.00014,0.00011,0.00012,0.00012,0.000130888,0.00013258,0.00011681,0.000125225
4,19,15,0.00012,0.00011,0.00013,0.00011,0.00012,0.00012,0.000129688,0.00013206,0.00011757,0.000124749
4,19,16,0.00011,0.00011,0.00012,0.0001,0.00012,0.00012,0.000127488,0.00012986,0.0001233,0.000122189
4,19,17,0.00011,0.0001,0.00011,0.0001,0.00012,0.00012,0.000122989,0.00012535,0.0001302,0.000120629
4,19,18,0.0001,0.0001,0.0001,0.0001,0.00012,0.00012,0.000140637,0.00013602,0.00014213,0.000129299
4,19,19,0.0001,0.00009,0.0001,0.0001,0.00011,0.00012,0.000142587,0.00014175,0.00015181,0.000131903
4,19,20,0.0001,0.00009,0.0001,0.00009,0.00011,0.00012,0.000145187,0.00013754,0.00015231,0.000128079
4,19,21,0.0001,0.00009,0.0001,0.00009,0.00011,0.00012,0.000145986,0.00012996,0.00014711,0.000122931
4,19,22,0.0001,0.00009,0.0001,0.00009,0.00011,0.00012,0.000147986,0.00011897,0.00013397,0.000116477
4,19,23,0.00011,0.00009,0.0001,0.0001,0.00009,0.00012,0.000146986,0.00010828,0.0001207,0.00010986
4,20,0,0.00011,0.00009,0.00011,0.0001,0.00012,0.00012,0.000145986,9.81E-05,9.36E-05,0.000104195
4,20,1,0.00011,0.00009,0.00011,0.0001,0.00012,0.00012,0.000141487,9.40E-05,9.25E-05,0.000100315
4,20,2,0.00011,0.00009,0.00011,0.0001,0.00012,0.00012,0.000138487,9.21E-05,9.42E-05,9.73E-05
4,20,3,0.00011,0.0001,0.0001,0.0001,0.00012,0.00012,0.000134987,9.13E-05,9.49E-05,9.51E-05
4,20,4,0.00011,0.0001,0.0001,0.0001,0.00012,0.00012,0.000131988,9.42E-05,9.79E-05,9.52E-05
4,20,5,0.00011,0.00011,0.0001,0.0001,0.00012,0.00012,0.000127788,0.00010334,0.00010157,9.79E-05
4,20,6,0.00011,0.00011,0.0001,0.0001,0.00012,0.00013,0.000126488,0.00010458,0.000107,9.95E-05
4,20,7,0.00011,0.0001,0.00009,0.0001,0.00012,0.00013,0.000124988,0.00011216,0.00011406,0.000104379
4,20,8,0.00011,0.0001,0.00009,0.0001,0.00012,0.00012,0.000126188,0.00011997,0.00011904,0.000110791
4,20,9,0.00011,0.00011,0.0001,0.0001,0.00012,0.00012,0.000129288,0.00012457,0.00012024,0.000114277
4,20,10,0.00011,0.0001,0.0001,0.0001,0.00011,0.00012,0.000132688,0.0001294,0.00012056,0.000118328
4,20,11,0.00011,0.0001,0.0001,0.0001,0.00011,0.00012,0.000137987,0.00013215,0.00011879,0.000123251
4,20,12,0.00011,0.00011,0.00013,0.0001,0.00011,0.00011,0.000139987,0.00012876,0.00011794,0.00012347
4,20,13,0.00011,0.00013,0.00013,0.00011,0.00012,0.00012,0.000140887,0.00012938,0.00011758,0.000124496
4,20,14,0.00012,0.00013,0.00014,0.00011,0.00012,0.00012,0.000143187,0.00013165,0.00011737,0.000125225
4,20,15,0.00012,0.00013,0.00014,0.00011,0.00012,0.00012,0.000143987,0.00013127,0.00011919,0.000124749
4,20,16,0.00011,0.00012,0.00012,0.00011,0.00012,0.00012,0.000139987,0.00012996,0.00012307,0.000122189
4,20,17,0.00011,0.00012,0.00011,0.00011,0.00012,0.00012,0.000138487,0.00012642,0.00013275,0.000120629
4,20,18,0.0001,0.00011,0.0001,0.0001,0.00012,0.00012,0.000154986,0.00013648,0.00014111,0.000129299
4,20,19,0.0001,0.00011,0.00009,0.0001,0.00012,0.00012,0.000154486,0.00014048,0.00015125,0.000131903
4,20,20,0.0001,0.00011,0.00009,0.0001,0.00012,0.00011,0.000157485,0.00013583,0.00015452,0.000128079
4,20,21,0.0001,0.0001,0.00008,0.0001,0.00012,0.00011,0.000154986,0.00012839,0.00014765,0.000122931
4,20,22,0.0001,0.00011,0.00008,0.0001,0.00012,0.00011,0.000155986,0.00011602,0.0001343,0.000116477
4,20,23,0.00011,0.00011,0.00009,0.0001,0.00012,0.00011,0.000154986,0.00010379,0.0001204,0.00010986
4,21,0,0.00011,0.00011,0.0001,0.0001,0.00012,0.00011,0.000152986,9.71E-05,9.35E-05,0.000104195
4,21,1,0.00011,0.0001,0.0001,0.00011,0.00012,0.00011,0.000150986,9.40E-05,9.31E-05,0.000100315
4,21,2,0.00012,0.00011,0.00011,0.0001,0.00012,0.00011,0.000146486,9.15E-05,9.46E-05,9.73E-05
4,21,3,0.00012,0.00011,0.0001,0.0001,0.00012,0.00012,0.000143987,9.13E-05,9.47E-05,9.51E-05
4,21,4,0.00012,0.00011,0.0001,0.0001,0.00012,0.00013,0.000142687,9.45E-05,9.91E-05,9.52E-05
4,21,5,0.00012,0.00011,0.0001,0.0001,0.00012,0.00013,0.000135987,0.00010364,0.00010166,9.79E-05
4,21,6,0.00012,0.00011,0.0001,0.0001,0.00012,0.00012,0.000134987,0.00010484,0.00010776,9.95E-05
4,21,7,0.00011,0.00011,0.0001,0.0001,0.00012,0.00012,0.000134987,0.00011258,0.0001148,0.000104379
4,21,8,0.00011,0.00011,0.0001,0.0001,0.00011,0.00012,0.000138787,0.00012113,0.00011769,0.000110791
4,21,9,0.00011,0.00011,0.0001,0.0001,0.00011,0.00012,0.000142487,0.00012504,0.0001206,0.000114277
4,21,10,0.00012,0.00011,0.0001,0.0001,0.00011,0.00013,0.000145487,0.00012949,0.00012004,0.000118328
4,21,11,0.00012,0.00011,0.00011,0.0001,0.00011,0.00012,0.000146986,0.00013345,0.00012073,0.000123251
4,21,12,0.00012,0.00011,0.00013,0.0001,0.00011,0.00012,0.000151186,0.00013023,0.0001174,0.00012347
4,21,13,0.00012,0.00013,0.00015,0.00011,0.00012,0.00012,0.000151486,0.00013136,0.00011815,0.000124496
4,21,14,0.00012,0.00013,0.00015,0.00011,0.00012,0.00013,0.000153486,0.00013522,0.00011824,0.000125225
4,21,15,0.00012,0.00013,0.00015,0.00011,0.00012,0.00013,0.000152986,0.00013532,0.00011832,0.000124749
4,21,16,0.00011,0.00012,0.00014,0.00011,0.00013,0.00013,0.000147486,0.00013354,0.00012299,0.000122189
4,21,17,0.00011,0.00011,0.00011,0.00011,0.00012,0.00013,0.000140987,0.00012877,0.00013079,0.000120629
4,21,18,0.0001,0.00011,0.0001,0.00011,0.00012,0.00012,0.000156985,0.00013824,0.00014196,0.000129299
4,21,19,0.0001,0.00011,0.00009,0.0001,0.00012,0.00012,0.000156985,0.00014269,0.00014979,0.000131903
4,21,20,0.0001,0.00011,0.0001,0.0001,0.00012,0.00012,0.000159985,0.0001389,0.00015396,0.000128079
4,21,21,0.0001,0.0001,0.00009,0.0001,0.00012,0.00012,0.000158985,0.000131,0.00014812,0.000122931
4,21,22,0.0001,0.0001,0.00009,0.0001,0.00012,0.00012,0.000157485,0.00011965,0.00013486,0.000116477
4,21,23,0.00011,0.00011,0.0001,0.0001,0.00012,0.00012,0.000154986,0.00010788,0.00012097,0.00010986
4,22,0,0.00011,0.0001,0.0001,0.00011,0.00012,0.00012,0.000150986,0.00010077,9.38E-05,0.000104195
4,22,1,0.00011,0.0001,0.00011,0.00011,0.00012,0.00012,0.000148486,9.64E-05,9.36E-05,0.000100315
4,22,2,0.00012,0.00011,0.00011,0.0001,0.00011,0.00012,0.000145986,9.44E-05,9.31E-05,9.73E-05
4,22,3,0.00012,0.00011,0.0001,0.0001,0.00011,0.00012,0.000141987,9.36E-05,9.48E-05,9.51E-05
4,22,4,0.00012,0.00011,0.0001,0.0001,0.00011,0.00013,0.000139987,9.70E-05,9.83E-05,9.52E-05
4,22,5,0.00012,0.00012,0.0001,0.0001,0.00012,0.00013,0.000136487,0.00010515,0.00010211,9.79E-05
4,22,6,0.00012,0.00011,0.0001,0.00011,0.00011,0.00013,0.000134488,0.00010668,0.00010769,9.95E-05
4,22,7,0.00012,0.00011,0.0001,0.0001,0.00011,0.00012,0.000135487,0.00011426,0.00011432,0.000104379
4,22,8,0.00012,0.00011,0.00009,0.0001,0.00011,0.00013,0.000138987,0.00012249,0.00011884,0.000110791
4,22,9,0.00012,0.00011,0.00009,0.0001,0.00011,0.00013,0.000141987,0.00012665,0.00012044,0.000114277
4,22,10,0.00012,0.00012,0.00009,0.0001,0.00011,0.00013,0.000144487,0.00013153,0.00011994,0.000118328
4,22,11,0.00012,0.00011,0.0001,0.0001,0.00011,0.00012,0.000147986,0.00013367,0.00011741,0.000123251
4,22,12,0.00012,0.00011,0.00013,0.0001,0.00011,0.00012,0.000150986,0.00013039,0.0001183,0.00012347
4,22,13,0.00012,0.00013,0.00014,0.00011,0.00013,0.00013,0.000151786,0.00013148,0.0001182,0.000124496
4,22,14,0.00012,0.00013,0.00014,0.00012,0.00012,0.00013,0.000152186,0.00013415,0.00011684,0.000125225
4,22,15,0.00012,0.00013,0.00013,0.00012,0.00012,0.00013,0.000151486,0.0001336,0.00011867,0.000124749
4,22,16,0.00012,0.00013,0.00013,0.00012,0.00012,0.00013,0.000148186,0.0001317,0.00012269,0.000122189
4,22,17,0.00011,0.00012,0.00012,0.00011,0.00012,0.00013,0.000145986,0.00012897,0.000133,0.000120629
4,22,18,0.00011,0.00012,0.00011,0.00011,0.00012,0.00013,0.000162735,0.00013734,0.00014253,0.000129299
4,22,19,0.0001,0.00011,0.0001,0.00011,0.00012,0.00012,0.000164985,0.00013906,0.00015104,0.000131903
4,22,20,0.0001,0.00011,0.0001,0.00011,0.00011,0.00012,0.000166985,0.00013513,0.00015286,0.000128079
4,22,21,0.0001,0.00011,0.0001,0.0001,0.00011,0.00012,0.000163985,0.00012786,0.00014855,0.000122931
4,22,22,0.00011,0.00011,0.0001,0.0001,0.00011,0.00012,0.000162985,0.00011845,0.00013528,0.000116477
4,22,23,0.00011,0.00011,0.0001,0.00011,0.00012,0.00012,0.000158985,0.00010749,0.00011968,0.00010986
4,23,0,0.00011,0.00011,0.00011,0.00011,0.00012,0.00012,0.000152986,0.00010089,9.36E-05,0.000104195
4,23,1,0.00012,0.00011,0.0001,0.00011,0.00012,0.00012,0.000151986,9.62E-05,9.30E-05,0.000100315
4,23,2,0.00012,0.00011,0.00011,0.00011,0.00011,0.00012,0.000148986,9.32E-05,9.33E-05,9.73E-05
4,23,3,0.00012,0.00011,0.0001,0.00011,0.00011,0.00012,0.000145986,9.23E-05,9.42E-05,9.51E-05
4,23,4,0.00012,0.00011,0.0001,0.00011,0.00012,0.00013,0.000144987,9.37E-05,9.78E-05,9.52E-05
4,23,5,0.00012,0.00012,0.0001,0.00011,0.00012,0.00013,0.000135987,9.61E-05,0.00010177,9.79E-05
4,23,6,0.00012,0.00012,0.0001,0.00011,0.00011,0.00013,0.000135987,9.78E-05,0.00010713,9.95E-05
4,23,7,0.00012,0.00012,0.0001,0.0001,0.00011,0.00013,0.000136987,0.00010575,0.00011455,0.000104379
4,23,8,0.00012,0.00012,0.0001,0.00011,0.00011,0.00013,0.000140487,0.00011362,0.0001181,0.000110791
4,23,9,0.00012,0.00012,0.0001,0.00011,0.00011,0.00013,0.000143987,0.00012027,0.00011977,0.000114277
4,23,10,0.00012,0.00012,0.0001,0.0001,0.00011,0.00013,0.000144487,0.00012506,0.00012023,0.000118328
4,23,11,0.00012,0.00012,0.0001,0.0001,0.00011,0.00012,0.000148736,0.00012765,0.00011897,0.000123251
4,23,12,0.00012,0.00012,0.00013,0.0001,0.00011,0.00012,0.000149986,0.00012582,0.00011767,0.00012347
4,23,13,0.00012,0.00014,0.00014,0.00011,0.00012,0.00012,0.000151986,0.00012294,0.00011808,0.000124496
4,23,14,0.00013,0.00014,0.00014,0.00012,0.00012,0.00012,0.000152986,0.00012009,0.00011711,0.000125225
4,23,15,0.00013,0.00014,0.00014,0.00012,0.00012,0.00012,0.000151986,0.00011787,0.0001188,0.000124749
4,23,16,0.00012,0.00014,0.00013,0.00011,0.00012,0.00012,0.000149486,0.00011513,0.00012407,0.000122189
4,23,17,0.00011,0.00013,0.00012,0.00011,0.00012,0.00012,0.000147986,0.00011374,0.00013208,0.000120629
4,23,18,0.00011,0.00013,0.00011,0.00011,0.00011,0.00012,0.000165235,0.00012841,0.0001417,0.000129299
4,23,19,0.00011,0.00013,0.0001,0.00011,0.00011,0.00012,0.000166235,0.00013247,0.00015115,0.000131903
4,23,20,0.0001,0.00012,0.0001,0.00011,0.00011,0.00012,0.000167185,0.00012907,0.00015354,0.000128079
4,23,21,0.00011,0.00012,0.00009,0.00011,0.00011,0.00012,0.000164485,0.0001225,0.00014896,0.000122931
4,23,22,0.00011,0.00012,0.00009,0.0001,0.00011,0.00012,0.000162485,0.00011309,0.00013519,0.000116477
4,23,23,0.00011,0.00012,0.0001,0.00011,0.00011,0.00012,0.000161485,0.00010476,0.00012074,0.00010986
4,24,0,0.00011,0.00011,0.0001,0.00011,0.00011,0.00012,0.000156985,9.76E-05,9.25E-05,0.000104195
4,24,1,0.00012,0.00011,0.00011,0.00011,0.00011,0.00011,0.000155486,9.20E-05,9.37E-05,0.000100315
4,24,2,0.00012,0.00011,0.00011,0.00011,0.00011,0.00012,0.000151986,8.91E-05,9.45E-05,9.73E-05
4,24,3,0.00012,0.00012,0.00011,0.0001,0.00011,0.00012,0.000148486,8.74E-05,9.45E-05,9.51E-05
4,24,4,0.00012,0.00012,0.0001,0.0001,0.00011,0.00013,0.000144487,8.69E-05,9.75E-05,9.52E-05
4,24,5,0.00012,0.00012,0.0001,0.0001,0.00011,0.00013,0.000139987,8.58E-05,0.00010222,9.79E-05
4,24,6,0.00012,0.00012,0.0001,0.0001,0.00011,0.00012,0.000135487,8.15E-05,0.00010787,9.95E-05
4,24,7,0.00012,0.00012,0.0001,0.0001,0.00011,0.00012,0.000135987,8.66E-05,0.00011351,0.000104379
4,24,8,0.00012,0.00012,0.0001,0.0001,0.00011,0.00012,0.000139987,9.21E-05,0.00011939,0.000110791
4,24,9,0.00012,0.00012,0.0001,0.0001,0.00011,0.00013,0.000143987,9.75E-05,0.00012011,0.000114277
4,24,10,0.00012,0.00012,0.0001,0.0001,0.00011,0.00013,0.000147986,0.00010137,0.00011932,0.000118328
4,24,11,0.00012,0.00012,0.0001,0.0001,0.00011,0.00012,0.000149986,0.00010383,0.0001195,0.000123251
4,24,12,0.00012,0.00012,0.00012,0.0001,0.00011,0.00012,0.000151986,0.000104,0.00011714,0.00012347
4,24,13,0.00012,0.00014,0.00012,0.00011,0.00012,0.00013,0.000152586,0.0001024,0.00011856,0.000124496
4,24,14,0.00013,0.00014,0.00015,0.00012,0.00012,0.00013,0.000154986,0.00010056,0.00011687,0.000125225
4,24,15,0.00012,0.00014,0.00014,0.00012,0.00012,0.00013,0.000152986,9.90E-05,0.00011841,0.000124749
4,24,16,0.00012,0.00014,0.00013,0.00011,0.00012,0.00013,0.000151986,9.85E-05,0.0001241,0.000122189
4,24,17,0.00011,0.00013,0.00012,0.00011,0.00012,0.00013,0.000148486,0.00010101,0.0001314,0.000120629
4,24,18,0.00011,0.00013,0.00011,0.00011,0.00012,0.00013,0.000164585,0.00011507,0.00014253,0.000129299
4,24,19,0.0001,0.00012,0.00009,0.00011,0.00012,0.00012,0.000165985,0.00011942,0.00015155,0.000131903
4,24,20,0.0001,0.00012,0.0001,0.00011,0.00011,0.00012,0.000167724,0.00011741,0.00015407,0.000128079
4,24,21,0.0001,0.00012,0.00009,0.00011,0.00011,0.00012,0.000165985,0.00011194,0.00014775,0.000122931
4,24,22,0.0001,0.00012,0.00009,0.0001,0.00011,0.00012,0.000162485,0.0001032,0.00013537,0.000116477
4,24,23,0.00011,0.00012,0.0001,0.00011,0.00012,0.00012,0.000160985,9.23E-05,0.00012097,0.00010986
4,25,0,0.00011,0.00011,0.0001,0.00011,0.00011,0.00012,0.000158485,8.67E-05,9.32E-05,0.000104195
4,25,1,0.00011,0.00011,0.00011,0.00011,0.00012,0.00012,0.000156985,8.37E-05,9.53E-05,0.000100315
4,25,2,0.00012,0.00011,0.00011,0.0001,0.00011,0.00012,0.000153986,8.13E-05,9.42E-05,9.73E-05
4,25,3,0.00012,0.00011,0.0001,0.0001,0.00011,0.00012,0.000151986,8.14E-05,9.54E-05,9.51E-05
4,25,4,0.00012,0.00012,0.0001,0.0001,0.00011,0.00013,0.000148986,8.62E-05,9.78E-05,9.52E-05
4,25,5,0.00012,0.00012,0.00009,0.0001,0.00011,0.00013,0.000139987,9.56E-05,0.00010205,9.79E-05
4,25,6,0.00011,0.00012,0.00009,0.00011,0.00011,0.00013,0.000137987,9.80E-05,0.00010803,9.95E-05
4,25,7,0.00011,0.00012,0.00009,0.0001,0.00011,0.00013,0.000127988,0.00010557,0.0001138,0.000104379
4,25,8,0.00011,0.00012,0.00009,0.0001,0.00011,0.00013,0.000141487,0.00011441,0.00011884,0.000110791
4,25,9,0.00011,0.00012,0.00009,0.0001,0.00011,0.00013,0.000147486,0.00011917,0.00012133,0.000114277
4,25,10,0.00011,0.00012,0.00008,0.0001,0.00011,0.00013,0.000144987,0.00012372,0.00011914,0.000118328
4,25,11,0.00012,0.00012,0.00011,0.0001,0.00011,0.00013,0.000151486,0.0001276,0.00011846,0.000123251
4,25,12,0.00012,0.00012,0.00012,0.0001,0.00011,0.00012,0.000155486,0.00012537,0.00011723,0.00012347
4,25,13,0.00012,0.00014,0.00012,0.00011,0.00012,0.00013,0.000155986,0.00012554,0.00011763,0.000124496
4,25,14,0.00012,0.00014,0.00013,0.00012,0.00012,0.00013,0.000155486,0.00012933,0.00011637,0.000125225
4,25,15,0.00012,0.00014,0.00013,0.00012,0.00012,0.00013,0.000154486,0.00013022,0.00011936,0.000124749
4,25,16,0.00011,0.00013,0.00011,0.00011,0.00012,0.00013,0.000151986,0.0001284,0.0001241,0.000122189
4,25,17,0.00011,0.00013,0.00009,0.00011,0.00012,0.00013,0.000149986,0.0001244,0.0001323,0.000120629
4,25,18,0.0001,0.00013,0.00008,0.00011,0.00012,0.00013,0.000166485,0.00013467,0.00014257,0.000129299
4,25,19,0.0001,0.00013,0.00007,0.00011,0.00012,0.00013,0.000166485,0.00013885,0.00015147,0.000131903
4,25,20,0.0001,0.00012,0.00007,0.00011,0.00012,0.00012,0.000166185,0.00013504,0.00015391,0.000128079
4,25,21,0.0001,0.00012,0.00007,0.00011,0.00012,0.00012,0.000165985,0.00012706,0.00014858,0.000122931
4,25,22,0.0001,0.00012,0.00006,0.00011,0.00012,0.00012,0.000165485,0.00011527,0.00013376,0.000116477
4,25,23,0.0001,0.00012,0.00006,0.00011,0.00012,0.00012,0.000163485,0.00010268,0.00012084,0.00010986
4,26,0,0.00011,0.00011,0.00006,0.00011,0.00011,0.00012,0.000159485,9.56E-05,9.31E-05,0.000104195
4,26,1,0.00011,0.00011,0.00007,0.00011,0.00011,0.00012,0.000157485,9.09E-05,9.48E-05,0.000100315
4,26,2,0.00011,0.00011,0.00007,0.00011,0.00011,0.00012,0.000154986,8.76E-05,9.50E-05,9.73E-05
4,26,3,0.00011,0.00011,0.00008,0.0001,0.00011,0.00012,0.000151986,8.73E-05,9.50E-05,9.51E-05
4,26,4,0.00011,0.00011,0.00009,0.0001,0.00011,0.00013,0.000149986,9.13E-05,9.73E-05,9.52E-05
4,26,5,0.00011,0.00011,0.00009,0.0001,0.00011,0.00013,0.000144987,0.00010047,0.00010148,9.79E-05
4,26,6,0.00011,0.00011,0.00009,0.0001,0.00011,0.00012,0.000139987,0.00010154,0.00010839,9.95E-05
4,26,7,0.0001,0.00011,0.00009,0.0001,0.00011,0.00012,0.000133488,0.00010809,0.00011546,0.000104379
4,26,8,0.0001,0.00011,0.0001,0.0001,0.00011,0.00012,0.000130788,0.00011796,0.00011902,0.000110791
4,26,9,0.0001,0.00011,0.0001,0.0001,0.00011,0.00012,0.000132688,0.0001235,0.00012024,0.000114277
4,26,10,0.00011,0.00012,0.00009,0.0001,0.00011,0.00012,0.000135287,0.00012836,0.0001202,0.000118328
4,26,11,0.00011,0.00011,0.00009,0.0001,0.00011,0.00012,0.000141787,0.00013176,0.00011926,0.000123251
4,26,12,0.00011,0.00012,0.00013,0.0001,0.0001,0.00011,0.000143987,0.0001287,0.00011643,0.00012347
4,26,13,0.00011,0.00014,0.00014,0.00011,0.00011,0.00012,0.000141987,0.00012963,0.00011664,0.000124496
4,26,14,0.00012,0.00014,0.00014,0.00012,0.00011,0.00013,0.000145487,0.00013265,0.00011882,0.000125225
4,26,15,0.00012,0.00014,0.00014,0.00011,0.00012,0.00013,0.000141487,0.00013261,0.00011946,0.000124749
4,26,16,0.00011,0.00014,0.00014,0.00011,0.00012,0.00013,0.000142487,0.00013024,0.00012358,0.000122189
4,26,17,0.0001,0.00013,0.00013,0.00012,0.00012,0.00013,0.000135487,0.00012675,0.00013109,0.000120629
4,26,18,0.0001,0.00013,0.0001,0.00011,0.00012,0.00013,0.000155986,0.00013682,0.00014205,0.000129299
4,26,19,0.0001,0.00013,0.00009,0.00011,0.00011,0.00012,0.000157485,0.00013962,0.000152,0.000131903
4,26,20,0.0001,0.00012,0.00009,0.00011,0.00011,0.00012,0.000158685,0.00013551,0.00015427,0.000128079
4,26,21,0.0001,0.00012,0.00009,0.00011,0.00011,0.00012,0.000158185,0.00012787,0.00014734,0.000122931
4,26,22,0.0001,0.00012,0.00008,0.00011,0.00011,0.00012,0.000156985,0.00011563,0.0001353,0.000116477
4,26,23,0.0001,0.00013,0.00009,0.00011,0.00011,0.00012,0.000154986,0.00010272,0.0001208,0.00010986
4,27,0,0.00011,0.00012,0.00009,0.00011,0.00011,0.00012,0.000149986,9.43E-05,9.40E-05,0.000104195
4,27,1,0.00011,0.00011,0.0001,0.00011,0.00011,0.00012,0.000145986,9.02E-05,9.35E-05,0.000100315
4,27,2,0.00011,0.00011,0.0001,0.00011,0.00011,0.00012,0.000142487,8.83E-05,9.50E-05,9.73E-05
4,27,3,0.00011,0.00012,0.00009,0.00011,0.00011,0.00013,0.000138987,8.76E-05,9.49E-05,9.51E-05
4,27,4,0.00011,0.00013,0.0001,0.00011,0.00011,0.00013,0.000136487,9.02E-05,9.65E-05,9.52E-05
4,27,5,0.00011,0.00013,0.0001,0.00011,0.00012,0.00013,0.000131488,1.00E-04,0.00010274,9.79E-05
4,27,6,0.00011,0.00013,0.0001,0.00011,0.00011,0.00013,0.000128988,0.00010317,0.0001079,9.95E-05
4,27,7,0.0001,0.00013,0.0001,0.00011,0.00012,0.00013,0.000128488,0.00011082,0.00011369,0.000104379
4,27,8,0.0001,0.00013,0.0001,0.00011,0.00012,0.00013,0.000130988,0.00011807,0.00011788,0.000110791
4,27,9,0.0001,0.00013,0.0001,0.00011,0.00012,0.00013,0.000135987,0.00012236,0.00011966,0.000114277
4,27,10,0.00011,0.00013,0.0001,0.00011,0.00012,0.00013,0.000137987,0.00012729,0.00011928,0.000118328
4,27,11,0.00011,0.00013,0.0001,0.00011,0.00012,0.00013,0.000143987,0.00013106,0.00011868,0.000123251
4,27,12,0.00011,0.00012,0.00014,0.0001,0.00011,0.00012,0.000147986,0.000128,0.00011795,0.00012347
4,27,13,0.00011,0.00015,0.00014,0.00012,0.00013,0.00013,0.000150986,0.00012817,0.00011731,0.000124496
4,27,14,0.00012,0.00014,0.00014,0.00012,0.00013,0.00013,0.000151986,0.00013057,0.00011794,0.000125225
4,27,15,0.00012,0.00014,0.00014,0.00012,0.00012,0.00013,0.000152986,0.00013002,0.00011933,0.000124749
4,27,16,0.00011,0.00014,0.00013,0.00012,0.00013,0.00013,0.000151986,0.00012736,0.00012253,0.000122189
4,27,17,0.0001,0.00014,0.00012,0.00012,0.00012,0.00013,0.000149486,0.00012471,0.00013232,0.000120629
4,27,18,0.0001,0.00013,0.00012,0.00012,0.00012,0.00013,0.000166735,0.0001356,0.00014304,0.000129299
4,27,19,0.0001,0.00013,0.0001,0.00011,0.00011,0.00013,0.000167484,0.00013855,0.00015213,0.000131903
4,27,20,0.0001,0.00013,0.00009,0.00011,0.00011,0.00013,0.000166485,0.00013454,0.00015153,0.000128079
4,27,21,0.0001,0.00013,0.00009,0.00011,0.00011,0.00012,0.000165185,0.00012722,0.00014816,0.000122931
4,27,22,0.0001,0.00013,0.00009,0.00011,0.00012,0.00012,0.000164485,0.00011509,0.00013585,0.000116477
4,27,23,0.00011,0.00013,0.0001,0.00011,0.00012,0.00012,0.000161485,0.0001048,0.00012021,0.00010986
4,28,0,0.00011,0.00012,0.0001,0.00011,0.00012,0.00012,0.000157685,9.59E-05,9.25E-05,0.000104195
4,28,1,0.00011,0.00012,0.0001,0.00011,0.00012,0.00012,0.000154686,9.17E-05,9.43E-05,0.000100315
4,28,2,0.00012,0.00012,0.0001,0.00011,0.00012,0.00012,0.000153986,8.93E-05,9.27E-05,9.73E-05
4,28,3,0.00012,0.00012,0.0001,0.00011,0.00012,0.00013,0.000151186,8.84E-05,9.53E-05,9.51E-05
4,28,4,0.00012,0.00012,0.0001,0.00011,0.00012,0.00013,0.000150486,9.29E-05,9.83E-05,9.52E-05
4,28,5,0.00012,0.00013,0.00009,0.00011,0.00012,0.00013,0.000147586,0.00010265,0.00010328,9.79E-05
4,28,6,0.00011,0.00013,0.00009,0.00011,0.00012,0.00013,0.000144487,0.00010395,0.00010817,9.95E-05
4,28,7,0.00011,0.00013,0.00009,0.00011,0.00012,0.00013,0.000144487,0.000111,0.00011371,0.000104379
4,28,8,0.00011,0.00013,0.00009,0.00011,0.00012,0.00013,0.000146486,0.00011851,0.00011906,0.000110791
4,28,9,0.00011,0.00013,0.00009,0.00011,0.00012,0.00014,0.000148486,0.00012229,0.00012016,0.000114277
4,28,10,0.00011,0.00013,0.00009,0.00011,0.00012,0.00013,0.000151486,0.0001268,0.0001195,0.000118328
4,28,11,0.00012,0.00013,0.00011,0.00011,0.00012,0.00013,0.000153486,0.00012926,0.00011867,0.000123251
4,28,12,0.00012,0.00012,0.00014,0.00011,0.00011,0.00013,0.000154986,0.00012568,0.00011787,0.00012347
4,28,13,0.00012,0.00014,0.00014,0.00012,0.00013,0.00013,0.000157985,0.00012529,0.00011661,0.000124496
4,28,14,0.00012,0.00014,0.00014,0.00012,0.00013,0.00014,0.000158485,0.00012673,0.00011783,0.000125225
4,28,15,0.00012,0.00014,0.00015,0.00012,0.00012,0.00013,0.000157985,0.00012668,0.00011952,0.000124749
4,28,16,0.00011,0.00014,0.00013,0.00012,0.00013,0.00013,0.000156985,0.00012515,0.00012452,0.000122189
4,28,17,0.00011,0.00014,0.00012,0.00012,0.00012,0.00014,0.000152786,0.00012333,0.00013216,0.000120629
4,28,18,0.0001,0.00013,0.00012,0.00012,0.00012,0.00013,0.000167734,0.0001343,0.00014254,0.000129299
4,28,19,0.0001,0.00013,0.0001,0.00011,0.00012,0.00013,0.000166985,0.00013699,0.00015165,0.000131903
4,28,20,0.0001,0.00013,0.00009,0.00011,0.00012,0.00013,0.000171484,0.00013291,0.00015358,0.000128079
4,28,21,0.0001,0.00013,0.00009,0.00011,0.00012,0.00013,0.000168984,0.00012433,0.00014685,0.000122931
4,28,22,0.0001,0.00013,0.00009,0.00011,0.00012,0.00013,0.000168484,0.00011199,0.00013499,0.000116477
4,28,23,0.00011,0.00013,0.00009,0.00011,0.00012,0.00013,0.000165985,0.00010159,0.00012069,0.00010986
4,29,0,0.00011,0.00012,0.00009,0.00011,0.00011,0.00013,0.000161985,9.43E-05,9.30E-05,0.000104195
4,29,1,0.00011,0.00012,0.0001,0.00011,0.00011,0.00012,0.000159985,9.05E-05,9.44E-05,0.000100315
4,29,2,0.00012,0.00011,0.0001,0.00011,0.00011,0.00012,0.000157985,8.86E-05,9.40E-05,9.73E-05
4,29,3,0.00012,0.00011,0.00009,0.00011,0.00011,0.00012,0.000155986,9.01E-05,9.50E-05,9.51E-05
4,29,4,0.00012,0.00011,0.00009,0.00011,0.00011,0.00012,0.000153986,9.21E-05,9.72E-05,9.52E-05
4,29,5,0.00012,0.00012,0.00009,0.00011,0.00011,0.00013,0.000149986,0.00010109,0.00010235,9.79E-05
4,29,6,0.00012,0.00012,0.00008,0.00011,0.00011,0.00013,0.000145986,0.00010252,0.00010752,9.95E-05
4,29,7,0.00011,0.00012,0.00009,0.00011,0.00011,0.00012,0.000146986,0.000109,0.00011329,0.000104379
4,29,8,0.00011,0.00012,0.00009,0.00011,0.00011,0.00012,0.000141987,0.00011657,0.00011768,0.000110791
4,29,9,0.00011,0.00012,0.0001,0.00011,0.00011,0.00013,0.000149986,0.00012116,0.00011881,0.000114277
4,29,10,0.00012,0.00012,0.0001,0.00011,0.00011,0.00012,0.000154986,0.00012633,0.00011953,0.000118328
4,29,11,0.00012,0.00011,0.00011,0.00011,0.00011,0.00012,0.000157985,0.0001299,0.00011712,0.000123251
4,29,12,0.00012,0.00012,0.00013,0.00011,0.0001,0.00011,0.000159985,0.00012677,0.00011741,0.00012347
4,29,13,0.00012,0.00014,0.00013,0.00011,0.00012,0.00012,0.000160985,0.00012721,0.00011695,0.000124496
4,29,14,0.00012,0.00014,0.00013,0.00012,0.00012,0.00013,0.000161985,0.00013018,0.00011767,0.000125225
4,29,15,0.00012,0.00013,0.00013,0.00012,0.00012,0.00013,0.000160485,0.00013035,0.00011857,0.000124749
4,29,16,0.00012,0.00013,0.00011,0.00012,0.00012,0.00013,0.000158985,0.00012868,0.00012332,0.000122189
4,29,17,0.00011,0.00013,0.0001,0.00012,0.00012,0.00013,0.000154986,0.0001254,0.00013088,0.000120629
4,29,18,0.00011,0.00013,0.00009,0.00012,0.00012,0.00013,0.000167984,0.00013447,0.00014232,0.000129299
4,29,19,0.0001,0.00012,0.00007,0.00012,0.00011,0.00012,0.000168984,0.00013728,0.00014975,0.000131903
4,29,20,0.0001,0.00012,0.00007,0.00011,0.00011,0.00012,0.000171984,0.00013296,0.00015423,0.000128079
4,29,21,0.0001,0.00012,0.00006,0.00011,0.00011,0.00012,0.000170984,0.00012563,0.00014639,0.000122931
4,29,22,0.00011,0.00012,0.00006,0.00011,0.00011,0.00012,0.000170984,0.00011576,0.00013616,0.000116477
4,29,23,0.00011,0.00012,0.00007,0.00011,0.00011,0.00012,0.000168984,0.00010492,0.00012183,0.00010986
4,30,0,0.00011,0.00011,0.00007,0.00012,0.00011,0.00012,0.000162985,9.80E-05,9.14E-05,0.000104195
4,30,1,0.00012,0.00011,0.00008,0.00011,0.00011,0.00012,0.000160985,9.38E-05,9.31E-05,0.000100315
4,30,2,0.00012,0.00011,0.00008,0.00011,0.00011,0.00012,0.000158985,9.16E-05,9.33E-05,9.73E-05
4,30,3,0.00012,0.00012,0.00008,0.00011,0.00011,0.00012,0.000157485,9.06E-05,9.49E-05,9.51E-05
4,30,4,0.00012,0.00012,0.00008,0.00011,0.00011,0.00013,0.000155986,9.16E-05,9.82E-05,9.52E-05
4,30,5,0.00012,0.00013,0.00008,0.00011,0.00011,0.00013,0.000150486,9.37E-05,0.00010239,9.79E-05
4,30,6,0.00012,0.00012,0.00009,0.00011,0.00011,0.00013,0.000148986,9.60E-05,0.00010747,9.95E-05
4,30,7,0.00012,0.00012,0.00009,0.00011,0.00011,0.00013,0.000147486,0.0001038,0.00011367,0.000104379
4,30,8,0.00012,0.00012,0.00009,0.00011,0.00011,0.00013,0.000151986,0.00011248,0.00011845,0.000110791
4,30,9,0.00012,0.00013,0.00009,0.00011,0.00011,0.00013,0.000155486,0.00011748,0.00011978,0.000114277
4,30,10,0.00012,0.00013,0.00009,0.00011,0.00011,0.00013,0.000157985,0.00012195,0.00011984,0.000118328
4,30,11,0.00012,0.00012,0.00011,0.00011,0.00011,0.00013,0.000160985,0.00012403,0.00011933,0.000123251
4,30,12,0.00012,0.00012,0.00013,0.00011,0.00011,0.00013,0.000162485,0.00012159,0.00011681,0.00012347
4,30,13,0.00012,0.00014,0.00014,0.00011,0.00012,0.00013,0.000162985,0.0001174,0.00011563,0.000124496
4,30,14,0.00013,0.00014,0.00013,0.00012,0.00012,0.00013,0.000163985,0.00011422,0.00011696,0.000125225
4,30,15,0.00013,0.00014,0.00013,0.00012,0.00012,0.00013,0.000164485,0.00011255,0.00011821,0.000124749
4,30,16,0.00012,0.00013,0.0001,0.00012,0.00012,0.00013,0.000163485,0.00011137,0.00012411,0.000122189
4,30,17,0.00011,0.00013,0.00009,0.00012,0.00013,0.00013,0.000155986,0.0001131,0.00013058,0.000120629
4,30,18,0.00011,0.00013,0.00007,0.00012,0.00012,0.00013,0.000167484,0.00012532,0.00014197,0.000129299
4,30,19,0.0001,0.00012,0.00007,0.00012,0.00012,0.00013,0.000168484,0.00012731,0.00015186,0.000131903
4,30,20,0.0001,0.00012,0.00006,0.00011,0.00012,0.00012,0.000169984,0.0001234,0.00015452,0.000128079
4,30,21,0.0001,0.00012,0.00007,0.00011,0.00012,0.00012,0.000165985,0.00011693,0.00014768,0.000122931
4,30,22,0.00011,0.00012,0.00007,0.00011,0.00012,0.00012,0.000166985,0.00010815,0.00013441,0.000116477
4,30,23,0.00011,0.00012,0.00007,0.00011,0.00012,0.00012,0.000164485,9.86E-05,0.00012166,0.00010986
1,5,0,0.00011,0.00011,0.00006,0.00012,0.00012,0.00012,7.62E-05,9.73E-05,9.06E-05,0.000104195
1,5,1,0.00012,0.00011,0.00008,0.00012,0.00012,0.00012,7.21E-05,9.28E-05,9.05E-05,0.000100315
1,5,2,0.00012,0.00011,0.00008,0.00011,0.00012,0.00012,6.87E-05,9.08E-05,9.03E-05,9.73E-05
1,5,3,0.00012,0.00011,0.00009,0.00011,0.00012,0.00012,6.69E-05,9.02E-05,9.20E-05,9.51E-05
1,5,4,0.00012,0.00012,0.00009,0.00011,0.00012,0.00013,6.58E-05,9.17E-05,9.36E-05,9.52E-05
1,5,5,0.00012,0.00012,0.00008,0.00011,0.00012,0.00013,6.75E-05,9.58E-05,9.96E-05,9.79E-05
1,5,6,0.00012,0.00012,0.00009,0.00011,0.00012,0.00013,7.09E-05,9.76E-05,0.0001051,9.95E-05
1,5,7,0.00012,0.00012,0.00009,0.00011,0.00012,0.00013,7.76E-05,0.0001052,0.00010894,0.000104379
1,5,8,0.00012,0.00012,0.00009,0.00011,0.00012,0.00013,8.13E-05,0.00011407,0.00011517,0.000110791
1,5,9,0.00012,0.00013,0.0001,0.00011,0.00012,0.00013,8.12E-05,0.00011887,0.00011473,0.000114277
1,5,10,0.00012,0.00012,0.0001,0.00011,0.00012,0.00013,8.12E-05,0.00012455,0.00011559,0.000118328
1,5,11,0.00012,0.00012,0.0001,0.00011,0.00011,0.00012,8.73E-05,0.00012868,0.00011315,0.000123251
1,5,12,0.00012,0.00012,0.00012,0.00011,0.00012,0.00012,9.23E-05,0.00012734,0.000113,0.00012347
1,5,13,0.00012,0.00013,0.00013,0.00011,0.00013,0.00013,8.02E-05,0.00012699,0.0001137,0.000124496
1,5,14,0.00012,0.00014,0.00013,0.00012,0.00013,0.00013,7.48E-05,0.00012787,0.00011251,0.000125225
1,5,15,0.00012,0.00014,0.00013,0.00012,0.00013,0.00013,7.26E-05,0.0001281,0.00011438,0.000124749
1,5,16,0.00011,0.00013,0.00011,0.00012,0.00013,0.00013,7.57E-05,0.00012623,0.00011861,0.000122189
1,5,17,0.00011,0.00013,0.00009,0.00012,0.00013,0.00013,8.92E-05,0.00012386,0.00012721,0.000120629
1,5,18,0.0001,0.00013,0.00009,0.00012,0.00012,0.00013,9.15E-05,0.00013571,0.00013704,0.000129299
1,5,19,0.0001,0.00012,0.00008,0.00011,0.00012,0.00012,9.11E-05,0.00013761,0.00014507,0.000131903
1,5,20,0.0001,0.00012,0.00007,0.00011,0.00012,0.00012,8.90E-05,0.00013333,0.00014734,0.000128079
1,5,21,0.0001,0.00012,0.00007,0.00011,0.00012,0.00012,8.59E-05,0.00012708,0.00014309,0.000122931
1,5,22,0.0001,0.00012,0.00006,0.00011,0.00012,0.00012,8.11E-05,0.00011592,0.00012998,0.000116477
1,5,23,0.00011,0.00012,0.00005,0.00011,0.00012,0.00012,7.65E-05,0.00010678,0.00011708,0.00010986
2,5,0,0.00011,0.00011,0.00006,0.00011,0.00012,0.00012,7.89E-05,0.00010311,9.06E-05,0.000104195
2,5,1,0.00011,0.00011,0.00006,0.00011,0.00012,0.00012,7.58E-05,9.91E-05,8.98E-05,0.000100315
2,5,2,0.00011,0.00011,0.00008,0.00011,0.00012,0.00012,7.34E-05,9.70E-05,9.05E-05,9.73E-05
2,5,3,0.00012,0.00011,0.00008,0.00011,0.00012,0.00012,7.13E-05,9.61E-05,9.06E-05,9.51E-05
2,5,4,0.00012,0.00012,0.00009,0.00011,0.00012,0.00013,7.08E-05,9.97E-05,9.38E-05,9.52E-05
2,5,5,0.00011,0.00012,0.00008,0.00011,0.00012,0.00013,7.56E-05,0.00010947,9.76E-05,9.79E-05
2,5,6,0.00011,0.00012,0.00008,0.00011,0.00012,0.00013,8.35E-05,0.00011181,0.00010298,9.95E-05
2,5,7,0.00011,0.00012,0.00008,0.00011,0.00012,0.00012,9.23E-05,0.00011641,0.00010987,0.000104379
2,5,8,0.00011,0.00012,0.00008,0.00011,0.00012,0.00013,9.44E-05,0.00012304,0.00011457,0.000110791
2,5,9,0.00011,0.00012,0.00009,0.00011,0.00012,0.00013,9.70E-05,0.00012652,0.00011525,0.000114277
2,5,10,0.00011,0.00012,0.00008,0.00011,0.00012,0.00013,9.80E-05,0.00013102,0.00011618,0.000118328
2,5,11,0.00011,0.00011,0.00007,0.00011,0.00012,0.00012,0.000101491,0.0001347,0.00011464,0.000123251
2,5,12,0.00011,0.00011,0.0001,0.00011,0.00011,0.00012,0.000102491,0.00013157,0.00011345,0.00012347
2,5,13,0.00012,0.00013,0.00012,0.00012,0.00013,0.00012,9.90E-05,0.00013238,0.00011304,0.000124496
2,5,14,0.00012,0.00013,0.00013,0.00012,0.00013,0.00013,9.65E-05,0.00013449,0.00011246,0.000125225
2,5,15,0.00012,0.00013,0.00013,0.00012,0.00012,0.00013,9.37E-05,0.00013475,0.00011594,0.000124749
2,5,16,0.00011,0.00013,0.00011,0.00012,0.00012,0.00013,9.24E-05,0.00013122,0.00011902,0.000122189
2,5,17,0.0001,0.00012,0.0001,0.00012,0.00012,0.00013,0.00010259,0.00012811,0.00012703,0.000120629
2,5,18,0.0001,0.00012,0.00008,0.00012,0.00012,0.00013,0.00010574,0.00013717,0.00013731,0.000129299
2,5,19,0.0001,0.00012,0.00007,0.00012,0.00012,0.00012,0.00010464,0.00014202,0.00014582,0.000131903
2,5,20,0.0001,0.00012,0.00006,0.00011,0.00011,0.00012,0.000102541,0.00013787,0.00014907,0.000128079
2,5,21,0.0001,0.00012,0.00006,0.00011,0.00011,0.00012,9.69E-05,0.00013003,0.00014293,0.000122931
2,5,22,0.0001,0.00012,0.00006,0.00011,0.00011,0.00012,9.20E-05,0.00011954,0.00013046,0.000116477
2,5,23,0.0001,0.00012,0.00006,0.00011,0.00012,0.00012,8.70E-05,0.0001095,0.00011734,0.00010986
3,5,0,0.00011,0.00011,0.00007,0.00012,0.00011,0.00012,9.29E-05,0.00010061,9.00E-05,0.000104195
3,5,1,0.00011,0.00011,0.00007,0.00012,0.00011,0.00012,8.96E-05,9.63E-05,9.04E-05,0.000100315
3,5,2,0.00011,0.0001,0.00008,0.00011,0.00012,0.00012,8.50E-05,9.35E-05,9.10E-05,9.73E-05
3,5,3,0.00011,0.0001,0.00008,0.00011,0.00011,0.00012,8.43E-05,9.21E-05,9.16E-05,9.51E-05
3,5,4,0.00011,0.0001,0.00008,0.00012,0.00011,0.00012,8.28E-05,9.30E-05,9.37E-05,9.52E-05
3,5,5,0.00011,0.00011,0.00008,0.00011,0.00012,0.00012,8.54E-05,9.64E-05,9.85E-05,9.79E-05
3,5,6,0.0001,0.00011,0.00008,0.00011,0.00011,0.00012,9.28E-05,9.81E-05,0.00010344,9.95E-05
3,5,7,0.0001,0.00011,0.00008,0.00011,0.00012,0.00012,0.000100991,0.0001055,0.00010919,0.000104379
3,5,8,0.0001,0.0001,0.00008,0.00011,0.00011,0.00012,0.00010379,0.00011401,0.00011457,0.000110791
3,5,9,0.0001,0.00011,0.00009,0.00011,0.00011,0.00012,0.00010481,0.00011928,0.00011553,0.000114277
3,5,10,0.0001,0.00011,0.00009,0.00011,0.00011,0.00012,0.00010837,0.00012395,0.00011659,0.000118328
3,5,11,0.00011,0.0001,0.00009,0.00011,0.00011,0.00012,0.00011219,0.00012682,0.00011505,0.000123251
3,5,12,0.00011,0.0001,0.00011,0.00011,0.00011,0.00011,0.00011109,0.00012551,0.00011514,0.00012347
3,5,13,0.00011,0.00012,0.00014,0.00011,0.00012,0.00012,0.00010759,0.0001229,0.00011373,0.000124496
3,5,14,0.00012,0.00012,0.00013,0.00012,0.00012,0.00012,0.00010735,0.00012072,0.00011342,0.000125225
3,5,15,0.00012,0.00013,0.00012,0.00012,0.00012,0.00012,0.00010551,0.00011897,0.00011394,0.000124749
3,5,16,0.00011,0.00012,0.00011,0.00012,0.00012,0.00012,0.00010529,0.0001168,0.00011988,0.000122189
3,5,17,0.0001,0.00012,0.00009,0.00012,0.00012,0.00012,0.00010889,0.00011581,0.00012747,0.000120629
3,5,18,0.0001,0.00012,0.00007,0.00012,0.00012,0.00012,0.000119139,0.00012935,0.00013847,0.000129299
3,5,19,0.0001,0.00012,0.00007,0.00012,0.00012,0.00012,0.000116389,0.00013579,0.00014485,0.000131903
3,5,20,0.0001,0.00012,0.00007,0.00011,0.00011,0.00012,0.0001122,0.00013152,0.00014769,0.000128079
3,5,21,0.0001,0.00012,0.00006,0.00011,0.00011,0.00012,0.00010719,0.00012284,0.00014203,0.000122931
3,5,22,0.0001,0.00012,0.00006,0.00011,0.00011,0.00012,0.000102191,0.00011297,0.00013251,0.000116477
3,5,23,0.0001,0.00012,0.00007,0.00011,0.00012,0.00012,9.95E-05,0.00010402,0.00011728,0.00010986
4,5,0,0.00011,0.00011,0.00006,0.00012,0.00011,0.00012,0.000139987,9.50E-05,9.05E-05,0.000104195
4,5,1,0.00011,0.0001,0.00008,0.00012,0.00011,0.00012,0.000138987,9.21E-05,9.05E-05,0.000100315
4,5,2,0.00011,0.00011,0.00007,0.00012,0.00011,0.00012,0.000138487,9.05E-05,9.12E-05,9.73E-05
4,5,3,0.00011,0.00011,0.00008,0.00012,0.00012,0.00013,0.000137987,8.98E-05,9.09E-05,9.51E-05
4,5,4,0.00011,0.00011,0.00008,0.00012,0.00012,0.00013,0.000134987,9.30E-05,9.34E-05,9.52E-05
4,5,5,0.00011,0.00012,0.00008,0.00012,0.00012,0.00013,0.000129988,0.00010224,9.85E-05,9.79E-05
4,5,6,0.00011,0.00012,0.00009,0.00013,0.00011,0.00013,0.000128988,0.00010287,0.00010453,9.95E-05
4,5,7,0.0001,0.00012,0.00009,0.00012,0.00012,0.00013,0.000126988,0.00010714,0.00011064,0.000104379
4,5,8,0.0001,0.00012,0.00009,0.00012,0.00012,0.00013,0.000126988,0.00011493,0.00011541,0.000110791
4,5,9,0.0001,0.00012,0.00009,0.00012,0.00012,0.00013,0.000128488,0.00011959,0.00011682,0.000114277
4,5,10,0.00011,0.00012,0.00008,0.00012,0.00012,0.00013,0.000128988,0.00012383,0.00011613,0.000118328
4,5,11,0.00011,0.00012,0.00009,0.00012,0.00011,0.00013,0.000133988,0.00012917,0.00011349,0.000123251
4,5,12,0.00011,0.00012,0.00013,0.00012,0.00011,0.00012,0.000135987,0.00012611,0.00011387,0.00012347
4,5,13,0.00011,0.00013,0.00014,0.00012,0.00013,0.00012,0.000135487,0.00012697,0.0001135,0.000124496
4,5,14,0.00012,0.00013,0.00014,0.00013,0.00013,0.00013,0.000136987,0.00012918,0.00011417,0.000125225
4,5,15,0.00012,0.00013,0.00013,0.00013,0.00012,0.00013,0.000138987,0.00012831,0.00011574,0.000124749
4,5,16,0.00011,0.00013,0.00012,0.00012,0.00012,0.00013,0.000137987,0.00012573,0.0001191,0.000122189
4,5,17,0.0001,0.00012,0.0001,0.00012,0.00012,0.00013,0.000137987,0.00012332,0.00012857,0.000120629
4,5,18,0.0001,0.00012,0.00008,0.00012,0.00012,0.00013,0.000149486,0.00013435,0.00013694,0.000129299
4,5,19,0.0001,0.00012,0.00008,0.00012,0.00012,0.00012,0.000150986,0.00013822,0.00014726,0.000131903
4,5,20,0.0001,0.00012,0.00007,0.00011,0.00011,0.00012,0.000152986,0.00013434,0.00014809,0.000128079
4,5,21,0.0001,0.00011,0.00007,0.00011,0.00011,0.00012,0.000151486,0.00012523,0.00014369,0.000122931
4,5,22,0.0001,0.00011,0.00007,0.00011,0.00011,0.00012,0.000149986,0.00011218,0.00013078,0.000116477
4,5,23,0.00011,0.00011,0.00008,0.00011,0.00012,0.00012,0.000143987,0.00010177,0.00011687,0.00010986
5,5,0,0.00011,0.0001,0.00008,0.00012,0.00011,0.00012,0.000137987,9.72E-05,9.03E-05,0.000104195
5,5,1,0.00011,0.0001,0.00009,0.00012,0.00011,0.00012,0.000130988,9.21E-05,9.16E-05,0.000100315
5,5,2,0.00011,0.0001,0.00009,0.00011,0.00012,0.00012,0.00011224,8.74E-05,9.04E-05,9.73E-05
5,5,3,0.00012,0.00011,0.00009,0.00011,0.00012,0.00012,0.00011194,8.67E-05,9.16E-05,9.51E-05
5,5,4,0.00012,0.00011,0.00009,0.00012,0.00012,0.00013,0.00011211,9.11E-05,9.40E-05,9.52E-05
5,5,5,0.00011,0.00011,0.00009,0.00012,0.00012,0.00013,0.00010991,0.00010127,9.93E-05,9.79E-05
5,5,6,0.00011,0.00012,0.00009,0.00012,0.00011,0.00013,0.00011018,0.00010487,0.00010367,9.95E-05
5,5,7,0.00011,0.00012,0.0001,0.00012,0.00012,0.00013,0.00010873,0.00011141,0.00011135,0.000104379
5,5,8,0.00011,0.00012,0.00009,0.00012,0.00012,0.00013,0.000116149,0.00011921,0.00011375,0.000110791
5,5,9,0.00011,0.00012,0.00009,0.00012,0.00012,0.00013,0.000120559,0.00012384,0.00011656,0.000114277
5,5,10,0.00011,0.00012,0.00009,0.00012,0.00012,0.00013,0.000125758,0.00012922,0.00011502,0.000118328
5,5,11,0.00011,0.00012,0.0001,0.00012,0.00012,0.00012,0.000132588,0.00013186,0.00011563,0.000123251
5,5,12,0.00012,0.00012,0.00013,0.00011,0.00012,0.00012,0.000136787,0.00012813,0.0001131,0.00012347
5,5,13,0.00012,0.00014,0.00014,0.00012,0.00013,0.00012,0.000137287,0.00012807,0.00011315,0.000124496
5,5,14,0.00012,0.00014,0.00013,0.00013,0.00013,0.00013,0.000139987,0.00013151,0.00011372,0.000125225
5,5,15,0.00012,0.00014,0.00013,0.00012,0.00013,0.00013,0.000139727,0.00013218,0.00011519,0.000124749
5,5,16,0.00011,0.00014,0.00012,0.00012,0.00013,0.00012,0.000138487,0.00013064,0.0001189,0.000122189
5,5,17,0.00011,0.00013,0.0001,0.00012,0.00012,0.00013,0.000130488,0.0001285,0.00012736,0.000120629
5,5,18,0.0001,0.00013,0.00009,0.00012,0.00012,0.00013,0.000143737,0.00013756,0.00013733,0.000129299
5,5,19,0.0001,0.00012,0.00009,0.00012,0.00012,0.00012,0.000136987,0.00014038,0.00014562,0.000131903
5,5,20,0.0001,0.00012,0.00008,0.00012,0.00012,0.00012,0.000118489,0.00013725,0.00015011,0.000128079
5,5,21,0.0001,0.00012,0.00008,0.00012,0.00012,0.00012,9.83E-05,0.00012942,0.00014307,0.000122931
5,5,22,0.0001,0.00012,0.00008,0.00011,0.00012,0.00012,9.17E-05,0.00011628,0.00012859,0.000116477
5,5,23,0.00011,0.00012,0.00009,0.00012,0.00012,0.00012,9.83E-05,0.00010409,0.00011643,0.00010986
6,5,0,0.00011,0.00011,0.0001,0.00012,0.00012,0.00012,0.000144487,9.57E-05,8.99E-05,0.000104195
6,5,1,0.00011,0.00011,0.0001,0.00012,0.00012,0.00012,0.000140487,9.17E-05,9.03E-05,0.000100315
6,5,2,0.00011,0.00011,0.0001,0.00012,0.00012,0.00012,0.000135187,8.90E-05,9.18E-05,9.73E-05
6,5,3,0.00012,0.00011,0.00009,0.00012,0.00012,0.00012,0.000130488,8.65E-05,9.24E-05,9.51E-05
6,5,4,0.00012,0.00012,0.00009,0.00012,0.00012,0.00013,0.000128188,8.58E-05,9.34E-05,9.52E-05
6,5,5,0.00012,0.00012,0.00009,0.00012,0.00012,0.00013,0.000124188,8.34E-05,9.75E-05,9.79E-05
6,5,6,0.00011,0.00012,0.00009,0.00012,0.00012,0.00013,0.000124488,8.19E-05,0.00010305,9.95E-05
6,5,7,0.00011,0.00013,0.0001,0.00012,0.00012,0.00013,0.000123989,8.67E-05,0.00011084,0.000104379
6,5,8,0.00011,0.00012,0.0001,0.00012,0.00012,0.00013,0.000129988,9.21E-05,0.00011418,0.000110791
6,5,9,0.00011,0.00012,0.0001,0.00012,0.00012,0.00013,0.000131788,9.68E-05,0.00011685,0.000114277
6,5,10,0.00011,0.00013,0.0001,0.00011,0.00012,0.00013,0.000135187,0.0001005,0.00011614,0.000118328
6,5,11,0.00012,0.00012,0.00011,0.00011,0.00012,0.00012,0.000140987,0.00010337,0.00011454,0.000123251
6,5,12,0.00012,0.00012,0.00013,0.00011,0.00012,0.00012,0.000143487,0.00010493,0.0001144,0.00012347
6,5,13,0.00012,0.00014,0.00014,0.00012,0.00013,0.00012,0.000144687,0.00010444,0.00011465,0.000124496
6,5,14,0.00012,0.00014,0.00014,0.00013,0.00013,0.00013,0.000146986,0.00010274,0.00011407,0.000125225
6,5,15,0.00012,0.00014,0.00013,0.00012,0.00013,0.00013,0.000147986,0.00010122,0.00011561,0.000124749
6,5,16,0.00011,0.00014,0.00012,0.00012,0.00013,0.00013,0.000144987,0.00010027,0.0001197,0.000122189
6,5,17,0.00011,0.00013,0.0001,0.00012,0.00012,0.00013,0.000140987,0.00010103,0.00012644,0.000120629
6,5,18,0.0001,0.00013,0.0001,0.00012,0.00012,0.00012,0.000159485,0.00011172,0.00013786,0.000129299
6,5,19,0.0001,0.00012,0.00008,0.00012,0.00012,0.00012,0.000161985,0.00012016,0.00014595,0.000131903
6,5,20,0.0001,0.00012,0.00008,0.00012,0.00011,0.00012,0.000162485,0.00011806,0.00014841,0.000128079
6,5,21,0.0001,0.00012,0.00009,0.00012,0.00012,0.00012,0.000160985,0.0001134,0.00014254,0.000122931
6,5,22,0.0001,0.00012,0.00008,0.00012,0.00012,0.00012,0.000159985,0.00010707,0.00013112,0.000116477
6,5,23,0.00011,0.00012,0.00008,0.00012,0.00011,0.00012,0.000154986,9.99E-05,0.00011729,0.00010986
7,5,0,0.00011,0.00011,0.00009,0.00012,0.00011,0.00012,0.000133288,9.47E-05,9.05E-05,0.000104195
7,5,1,0.00011,0.00011,0.00009,0.00012,0.00011,0.00012,0.000129188,9.08E-05,8.99E-05,0.000100315
7,5,2,0.00012,0.00011,0.0001,0.00012,0.00012,0.00012,0.000127588,8.84E-05,8.96E-05,9.73E-05
7,5,3,0.00012,0.00011,0.00009,0.00012,0.00012,0.00012,0.000123589,8.86E-05,9.14E-05,9.51E-05
7,5,4,0.00012,0.00012,0.00009,0.00012,0.00012,0.00013,0.000122289,9.21E-05,9.40E-05,9.52E-05
7,5,5,0.00012,0.00012,0.00009,0.00012,0.00012,0.00013,0.000115489,9.84E-05,9.96E-05,9.79E-05
7,5,6,0.00012,0.00013,0.00009,0.00012,0.00012,0.00013,0.00011099,0.00010099,0.00010407,9.95E-05
7,5,7,0.00012,0.00013,0.00009,0.00012,0.00012,0.00013,0.00010959,0.00010877,0.00011107,0.000104379
7,5,8,0.00012,0.00012,0.0001,0.00012,0.00012,0.00013,0.00010829,0.0001178,0.00011391,0.000110791
7,5,9,0.00012,0.00013,0.0001,0.00012,0.00012,0.00013,0.00010674,0.00012231,0.0001163,0.000114277
7,5,10,0.00012,0.00013,0.0001,0.00012,0.00012,0.00013,0.00010602,0.00012791,0.0001166,0.000118328
7,5,11,0.00012,0.00012,0.0001,0.00012,0.00012,0.00012,0.00011166,0.0001306,0.00011403,0.000123251
7,5,12,0.00012,0.00012,0.00013,0.00012,0.00012,0.00012,0.000117299,0.00012824,0.00011345,0.00012347
7,5,13,0.00012,0.00014,0.00014,0.00012,0.00013,0.00012,0.00011134,0.00012854,0.00011356,0.000124496
7,5,14,0.00012,0.00014,0.00014,0.00013,0.00013,0.00013,0.00011226,0.00012984,0.00011383,0.000125225
7,5,15,0.00012,0.00014,0.00014,0.00013,0.00013,0.00013,0.00010796,0.00012994,0.0001153,0.000124749
7,5,16,0.00012,0.00014,0.00012,0.00012,0.00013,0.00013,0.00010645,0.00012771,0.00012019,0.000122189
7,5,17,0.00011,0.00014,0.0001,0.00013,0.00013,0.00013,0.0001032,0.00012439,0.00012655,0.000120629
7,5,18,0.00011,0.00013,0.00008,0.00013,0.00013,0.00013,0.000115779,0.00013199,0.00013694,0.000129299
7,5,19,0.0001,0.00013,0.00008,0.00013,0.00012,0.00013,0.000132058,0.00013771,0.00014512,0.000131903
7,5,20,0.0001,0.00013,0.00007,0.00012,0.00012,0.00012,0.000132278,0.00013372,0.00014624,0.000128079
7,5,21,0.0001,0.00013,0.00007,0.00012,0.00012,0.00012,0.000129728,0.00012563,0.00014311,0.000122931
7,5,22,0.00011,0.00013,0.00007,0.00012,0.00012,0.00012,0.000130268,0.00011453,0.00012957,0.000116477
7,5,23,0.00011,0.00013,0.00008,0.00012,0.00012,0.00012,0.000130948,0.00010413,0.00011617,0.00010986
8,5,0,0.00011,0.00011,0.00008,0.00012,0.00012,0.00012,0.000127188,9.77E-05,8.90E-05,0.000104195
8,5,1,0.00011,0.00011,0.00009,0.00012,0.00012,0.00012,0.000123289,9.42E-05,9.06E-05,0.000100315
8,5,2,0.00012,0.00011,0.00009,0.00012,0.00012,0.00012,0.000118989,9.23E-05,9.04E-05,9.73E-05
8,5,3,0.00012,0.00012,0.00009,0.00012,0.00012,0.00012,0.000116989,9.21E-05,9.20E-05,9.51E-05
8,5,4,0.00012,0.00012,0.00009,0.00012,0.00012,0.00013,0.000115489,9.55E-05,9.37E-05,9.52E-05
8,5,5,0.00012,0.00013,0.0001,0.00012,0.00012,0.00013,0.00010859,0.00010401,9.73E-05,9.79E-05
8,5,6,0.00012,0.00013,0.0001,0.00012,0.00012,0.00012,0.00010549,0.00010555,0.00010329,9.95E-05
8,5,7,0.00011,0.00013,0.00009,0.00012,0.00012,0.00012,0.00010399,0.00011191,0.00010979,0.000104379
8,5,8,0.00011,0.00013,0.0001,0.00012,0.00012,0.00012,0.000103575,0.00011939,0.0001133,0.000110791
8,5,9,0.00011,0.00013,0.0001,0.00012,0.00012,0.00012,0.00010316,0.00012477,0.0001157,0.000114277
8,5,10,0.00012,0.00012,0.0001,0.00012,0.00012,0.00012,0.00010336,0.00013031,0.0001158,0.000118328
8,5,11,0.00012,0.00012,0.00011,0.00012,0.00012,0.00012,0.00010438,0.00013412,0.00011459,0.000123251
8,5,12,0.00012,0.00012,0.00013,0.00012,0.00012,0.00012,0.00010553,0.00013095,0.00011306,0.00012347
8,5,13,0.00012,0.00014,0.00015,0.00012,0.00013,0.00012,0.00010753,0.00013108,0.00011344,0.000124496
8,5,14,0.00012,0.00014,0.00015,0.00012,0.00013,0.00013,0.00010696,0.00013368,0.0001122,0.000125225
8,5,15,0.00012,0.00014,0.00013,0.00012,0.00013,0.00013,9.78E-05,0.00013366,0.00011569,0.000124749
8,5,16,0.00011,0.00014,0.00013,0.00012,0.00012,0.00013,8.75E-05,0.00013165,0.00011888,0.000122189
8,5,17,0.00011,0.00014,0.00011,0.00012,0.00012,0.00013,8.62E-05,0.00012768,0.00012804,0.000120629
8,5,18,0.0001,0.00013,0.00009,0.00012,0.00012,0.00013,0.000111945,0.00013477,0.00013881,0.000129299
8,5,19,0.0001,0.00013,0.00008,0.00012,0.00012,0.00013,0.000116109,0.00014086,0.00014661,0.000131903
8,5,20,0.0001,0.00013,0.00008,0.00012,0.00012,0.00012,0.000120579,0.00013645,0.00014866,0.000128079
8,5,21,0.0001,0.00013,0.00007,0.00012,0.00012,0.00012,0.000120179,0.00012886,0.00014342,0.000122931
8,5,22,0.0001,0.00013,0.00007,0.00012,0.00012,0.00012,0.000121949,0.0001188,0.000131,0.000116477
8,5,23,0.00011,0.00012,0.00007,0.00012,0.00012,0.00012,0.000120919,0.00011005,0.00011635,0.00010986
9,5,0,0.00011,0.00011,0.00008,0.00012,0.00011,0.00012,0.000145986,9.44E-05,8.97E-05,0.000104195
9,5,1,0.00011,0.00011,0.00009,0.00012,0.00012,0.00012,0.000143987,9.16E-05,9.09E-05,0.000100315
9,5,2,0.00011,0.00011,0.00009,0.00012,0.00012,0.00012,0.000140987,8.94E-05,9.12E-05,9.73E-05
9,5,3,0.00011,0.00012,0.00009,0.00012,0.00012,0.00012,0.000137987,8.91E-05,9.35E-05,9.51E-05
9,5,4,0.00011,0.00012,0.00009,0.00012,0.00012,0.00012,0.000131988,9.30E-05,9.36E-05,9.52E-05
9,5,5,0.00011,0.00013,0.00009,0.00012,0.00012,0.00012,0.000126488,0.00010111,9.85E-05,9.79E-05
9,5,6,0.00011,0.00013,0.00009,0.00012,0.00012,0.00012,0.000126988,0.00010288,0.0001036,9.95E-05
9,5,7,0.00011,0.00013,0.0001,0.00012,0.00012,0.00012,0.000124488,0.00010931,0.00010943,0.000104379
9,5,8,0.00011,0.00013,0.0001,0.00012,0.00012,0.00012,0.000124488,0.00011909,0.00011554,0.000110791
9,5,9,0.00011,0.00013,0.0001,0.00012,0.00012,0.00012,0.000127488,0.00012565,0.00011553,0.000114277
9,5,10,0.00011,0.00013,0.0001,0.00012,0.00012,0.00012,0.000130988,0.00013052,0.00011648,0.000118328
9,5,11,0.00011,0.00012,0.00011,0.00011,0.00012,0.00012,0.000132988,0.0001334,0.00011348,0.000123251
9,5,12,0.00011,0.00012,0.00013,0.00011,0.00012,0.00011,0.000135987,0.00013009,0.00011296,0.00012347
9,5,13,0.00011,0.00013,0.00015,0.00011,0.00012,0.00012,0.000137987,0.00013073,0.00011311,0.000124496
9,5,14,0.00012,0.00013,0.00014,0.00012,0.00013,0.00012,0.000139887,0.00013282,0.00011208,0.000125225
9,5,15,0.00012,0.00013,0.00014,0.00012,0.00012,0.00013,0.000137987,0.00013272,0.00011547,0.000124749
9,5,16,0.00011,0.00013,0.00012,0.00012,0.00013,0.00013,0.000135987,0.00013067,0.00011989,0.000122189
9,5,17,0.0001,0.00013,0.0001,0.00012,0.00013,0.00013,0.000132988,0.00012792,0.00012727,0.000120629
9,5,18,0.0001,0.00013,0.00008,0.00012,0.00012,0.00013,0.000150986,0.00014154,0.00013694,0.000129299
9,5,19,0.0001,0.00013,0.00008,0.00012,0.00012,0.00012,0.000152986,0.00014541,0.00014647,0.000131903
9,5,20,0.0001,0.00012,0.00007,0.00012,0.00012,0.00012,0.000153486,0.00014021,0.00014801,0.000128079
9,5,21,0.0001,0.00012,0.00007,0.00012,0.00012,0.00012,0.000152486,0.00012993,0.00014263,0.000122931
9,5,22,0.0001,0.00012,0.00007,0.00011,0.00012,0.00012,0.000151986,0.00011614,0.00013008,0.000116477
9,5,23,0.0001,0.00012,0.00007,0.00012,0.00012,0.00012,0.000151486,0.00010554,0.00011573,0.00010986
10,5,0,0.0001,0.00011,0.00007,0.00012,0.00012,0.00012,0.00010737,9.93E-05,9.02E-05,0.000104195
10,5,1,0.00011,0.00011,0.00008,0.00012,0.00012,0.00011,0.00010376,9.55E-05,9.02E-05,0.000100315
10,5,2,0.00011,0.00011,0.00009,0.00012,0.00012,0.00011,0.000100491,9.29E-05,8.95E-05,9.73E-05
10,5,3,0.00011,0.00011,0.00009,0.00012,0.00011,0.00011,9.70E-05,9.23E-05,9.10E-05,9.51E-05
10,5,4,0.00011,0.00011,0.00008,0.00012,0.00011,0.00012,9.39E-05,9.59E-05,9.31E-05,9.52E-05
10,5,5,0.00011,0.00011,0.00008,0.00012,0.00012,0.00012,9.07E-05,0.00010464,9.84E-05,9.79E-05
10,5,6,0.0001,0.00011,0.00008,0.00012,0.00012,0.00012,9.33E-05,0.00010711,0.00010379,9.95E-05
10,5,7,0.0001,0.00011,0.00008,0.00012,0.00012,0.00011,9.50E-05,0.00011327,0.00010972,0.000104379
10,5,8,0.0001,0.00011,0.00007,0.00011,0.00012,0.00012,9.60E-05,0.00011965,0.00011431,0.000110791
10,5,9,0.0001,0.00011,0.00007,0.00011,0.00011,0.00012,9.78E-05,0.00012362,0.00011575,0.000114277
10,5,10,0.0001,0.00011,0.00008,0.00011,0.00011,0.00012,0.000102401,0.00012871,0.00011505,0.000118328
10,5,11,0.00011,0.0001,0.00008,0.00011,0.00011,0.00011,0.00010766,0.00013164,0.00011451,0.000123251
10,5,12,0.00011,0.00009,0.00012,0.0001,0.00011,0.00011,0.00011249,0.00012807,0.00011384,0.00012347
10,5,13,0.00011,0.00011,0.00013,0.00011,0.00011,0.00012,0.00011069,0.00012869,0.00011315,0.000124496
10,5,14,0.00012,0.0001,0.00014,0.00012,0.00012,0.00012,0.00011049,0.00013223,0.00011353,0.000125225
10,5,15,0.00012,0.00011,0.00013,0.00012,0.00012,0.00012,0.00010849,0.00013224,0.00011481,0.000124749
10,5,16,0.00011,0.00011,0.00012,0.00012,0.00012,0.00012,0.00010966,0.00013015,0.00012087,0.000122189
10,5,17,0.0001,0.00011,0.0001,0.00012,0.00012,0.00012,0.000123369,0.00012974,0.00012574,0.000120629
10,5,18,0.0001,0.0001,0.00008,0.00012,0.00011,0.00012,0.000130433,0.00014179,0.00013761,0.000129299
10,5,19,0.0001,0.0001,0.00008,0.00011,0.00011,0.00012,0.000128378,0.0001415,0.00014664,0.000131903
10,5,20,0.0001,0.0001,0.00007,0.00011,0.00011,0.00012,0.000127878,0.00013743,0.00014821,0.000128079
10,5,21,0.0001,0.0001,0.00006,0.00011,0.00011,0.00011,0.000127288,0.00012834,0.0001427,0.000122931
10,5,22,0.0001,0.0001,0.00006,0.00011,0.00011,0.00011,0.000124158,0.00011654,0.00013065,0.000116477
10,5,23,0.0001,0.0001,0.00007,0.00011,0.00011,0.00011,0.000120939,0.00010641,0.00011569,0.00010986
11,5,0,0.00011,0.00009,0.00008,0.00012,0.00011,0.00011,0.000117189,9.98E-05,8.95E-05,0.000104195
11,5,1,0.00011,0.00009,0.00009,0.00011,0.00012,0.00011,0.00011109,9.58E-05,9.19E-05,0.000100315
11,5,2,0.00011,0.0001,0.00009,0.00012,0.00012,0.00011,0.00010701,9.34E-05,8.92E-05,9.73E-05
11,5,3,0.00011,0.0001,0.00009,0.00012,0.00012,0.00012,0.00010374,9.24E-05,9.11E-05,9.51E-05
11,5,4,0.00011,0.00011,0.00009,0.00012,0.00012,0.00013,0.000101321,9.35E-05,9.45E-05,9.52E-05
11,5,5,0.00011,0.00011,0.00009,0.00012,0.00012,0.00013,0.000100331,9.58E-05,9.71E-05,9.79E-05
11,5,6,0.0001,0.00011,0.00009,0.00012,0.00012,0.00013,0.00010467,9.81E-05,0.00010286,9.95E-05
11,5,7,0.0001,0.00012,0.0001,0.00012,0.00012,0.00013,0.00010594,0.00010602,0.00011019,0.000104379
11,5,8,0.0001,0.00011,0.0001,0.00012,0.00012,0.00013,0.00010632,0.00011495,0.00011406,0.000110791
11,5,9,0.0001,0.00012,0.0001,0.00012,0.00012,0.00013,0.00010925,0.00012061,0.00011623,0.000114277
11,5,10,0.0001,0.00012,0.00011,0.00012,0.00012,0.00013,0.0001126,0.00012554,0.00011413,0.000118328
11,5,11,0.00011,0.00011,0.00011,0.00011,0.00012,0.00012,0.000119619,0.00012746,0.00011349,0.000123251
11,5,12,0.00011,0.00011,0.00013,0.00011,0.00011,0.00012,0.000121389,0.00012378,0.0001132,0.00012347
11,5,13,0.00011,0.00013,0.00015,0.00012,0.00013,0.00012,0.000120639,0.00012122,0.00011179,0.000124496
11,5,14,0.00012,0.00012,0.00015,0.00013,0.00013,0.00013,0.000121079,0.00011814,0.00011289,0.000125225
11,5,15,0.00012,0.00012,0.00014,0.00012,0.00013,0.00013,0.000116689,0.0001169,0.00011427,0.000124749
11,5,16,0.00011,0.00012,0.00013,0.00012,0.00013,0.00013,0.000117089,0.0001147,0.00011843,0.000122189
11,5,17,0.0001,0.00012,0.00012,0.00012,0.00013,0.00013,0.000128188,0.00012042,0.00012765,0.000120629
11,5,18,0.0001,0.00011,0.0001,0.00012,0.00012,0.00013,0.000126488,0.00013289,0.00013704,0.000129299
11,5,19,0.0001,0.00011,0.00009,0.00012,0.00012,0.00012,0.000122259,0.00013152,0.00014575,0.000131903
11,5,20,0.0001,0.00011,0.00007,0.00012,0.00012,0.00012,0.000119009,0.00012757,0.00014866,0.000128079
11,5,21,0.0001,0.00011,0.00007,0.00011,0.00012,0.00012,0.000116949,0.00011921,0.00014236,0.000122931
11,5,22,0.0001,0.00011,0.00006,0.00011,0.00012,0.00012,0.0001124,0.00010968,0.00012982,0.000116477
11,5,23,0.0001,0.0001,0.00007,0.00011,0.00012,0.00012,0.00011139,0.00010039,0.00011703,0.00010986
12,5,0,0.00011,0.0001,0.00007,0.00012,0.00012,0.00012,8.21E-05,9.44E-05,9.03E-05,0.000104195
12,5,1,0.00011,0.0001,0.00008,0.00012,0.00012,0.00012,7.76E-05,9.05E-05,9.07E-05,0.000100315
12,5,2,0.00011,0.0001,0.00009,0.00012,0.00012,0.00012,7.51E-05,8.88E-05,9.12E-05,9.73E-05
12,5,3,0.00011,0.00011,0.00008,0.00012,0.00012,0.00012,7.31E-05,8.78E-05,9.07E-05,9.51E-05
12,5,4,0.00011,0.00011,0.00008,0.00012,0.00012,0.00013,7.20E-05,9.02E-05,9.36E-05,9.52E-05
12,5,5,0.00011,0.00011,0.00009,0.00012,0.00013,0.00013,7.55E-05,9.61E-05,9.75E-05,9.79E-05
12,5,6,0.00011,0.00012,0.0001,0.00012,0.00012,0.00013,8.19E-05,0.00010118,0.0001055,9.95E-05
12,5,7,0.00011,0.00012,0.0001,0.00012,0.00012,0.00013,8.84E-05,0.00010967,0.00011057,0.000104379
12,5,8,0.00011,0.00012,0.0001,0.00012,0.00012,0.00013,8.96E-05,0.00011817,0.00011319,0.000110791
12,5,9,0.00011,0.00012,0.0001,0.00012,0.00012,0.00013,8.85E-05,0.00012182,0.00011577,0.000114277
12,5,10,0.00011,0.00012,0.0001,0.00012,0.00012,0.00013,9.14E-05,0.00012806,0.00011445,0.000118328
12,5,11,0.00011,0.00011,0.0001,0.00011,0.00012,0.00012,9.60E-05,0.00013145,0.00011455,0.000123251
12,5,12,0.00011,0.00011,0.00013,0.00011,0.00011,0.00012,9.97E-05,0.00012892,0.0001121,0.00012347
12,5,13,0.00012,0.00013,0.00014,0.00011,0.00013,0.00012,9.52E-05,0.00012914,0.00011251,0.000124496
12,5,14,0.00012,0.00013,0.00014,0.00013,0.00013,0.00013,9.15E-05,0.00013051,0.0001138,0.000125225
12,5,15,0.00012,0.00013,0.00014,0.00012,0.00013,0.00013,9.15E-05,0.00012958,0.00011446,0.000124749
12,5,16,0.00011,0.00013,0.00014,0.00012,0.00013,0.00013,9.54E-05,0.00012888,0.00011784,0.000122189
12,5,17,0.0001,0.00012,0.00012,0.00012,0.00013,0.00013,0.00010744,0.00013098,0.00012591,0.000120629
12,5,18,0.0001,0.00012,0.00011,0.00012,0.00012,0.00013,0.00010343,0.00014374,0.0001367,0.000129299
12,5,19,0.0001,0.00012,0.0001,0.00012,0.00012,0.00013,0.000102001,0.00014221,0.00014416,0.000131903
12,5,20,0.0001,0.00012,0.00009,0.00012,0.00012,0.00012,9.82E-05,0.00013806,0.00014794,0.000128079
12,5,21,0.0001,0.00011,0.00009,0.00012,0.00012,0.00012,9.47E-05,0.00012904,0.00014237,0.000122931
12,5,22,0.0001,0.00011,0.00009,0.00011,0.00012,0.00012,8.94E-05,0.00011745,0.0001308,0.000116477
12,5,23,0.00011,0.00011,0.00009,0.00012,0.00012,0.00012,8.57E-05,0.00010593,0.00011635,0.00010986
5,13,0,0.00011,0.0001,0.0001,0.00012,0.00012,0.00012,0.000125498,9.98E-05,8.83E-05,0.000104195
5,13,1,0.00011,0.0001,0.0001,0.00012,0.00012,0.00011,0.000121969,9.65E-05,8.90E-05,0.000100315
5,13,2,0.00011,0.00011,0.00011,0.00012,0.00013,0.00011,0.000120019,9.46E-05,8.95E-05,9.73E-05
5,13,3,0.00011,0.00011,0.0001,0.00012,0.00012,0.00012,0.000113389,9.39E-05,9.06E-05,9.51E-05
5,13,4,0.00011,0.00011,0.0001,0.00012,0.00013,0.00013,0.00011236,9.75E-05,9.44E-05,9.52E-05
5,13,5,0.00011,0.00012,0.0001,0.00012,0.00012,0.00013,0.00010825,0.00010279,9.79E-05,9.79E-05
5,13,6,0.00011,0.00012,0.00011,0.00012,0.00012,0.00013,0.00010981,0.00010575,0.00010343,9.95E-05
5,13,7,0.00011,0.00012,0.0001,0.00012,0.00012,0.00013,0.00011095,0.00011163,0.0001093,0.000104379
5,13,8,0.00011,0.00012,0.0001,0.00012,0.00012,0.00013,0.000116769,0.00012032,0.00011198,0.000110791
5,13,9,0.00011,0.00012,0.00011,0.00012,0.00012,0.00013,0.000120139,0.00012625,0.00011426,0.000114277
5,13,10,0.00011,0.00012,0.00011,0.00012,0.00012,0.00013,0.000126038,0.00013142,0.00011425,0.000118328
5,13,11,0.00012,0.00011,0.00012,0.00012,0.00012,0.00012,0.000129038,0.00013478,0.00011372,0.000123251
5,13,12,0.00012,0.00012,0.00014,0.00011,0.00012,0.00012,0.000131688,0.00013221,0.00011234,0.00012347
5,13,13,0.00012,0.00014,0.00015,0.00012,0.00013,0.00012,0.000132868,0.00013235,0.00011288,0.000124496
5,13,14,0.00012,0.00014,0.00015,0.00013,0.00013,0.00013,0.000136287,0.00013469,0.00011431,0.000125225
5,13,15,0.00012,0.00014,0.00015,0.00012,0.00013,0.00012,0.000134188,0.00013394,0.00011456,0.000124749
5,13,16,0.00011,0.00013,0.00014,0.00012,0.00013,0.00013,0.000133188,0.00013141,0.00011815,0.000122189
5,13,17,0.00011,0.00013,0.00013,0.00012,0.00013,0.00013,0.000127888,0.0001284,0.00012604,0.000120629
5,13,18,0.0001,0.00012,0.00011,0.00012,0.00012,0.00012,0.000148386,0.00013794,0.00013609,0.000129299
5,13,19,0.0001,0.00012,0.00011,0.00012,0.00012,0.00012,0.000150186,0.00014093,0.00014475,0.000131903
5,13,20,0.0001,0.00012,0.00011,0.00012,0.00012,0.00012,0.000150986,0.00013498,0.00014836,0.000128079
5,13,21,0.0001,0.00011,0.0001,0.00012,0.00012,0.00012,0.000149986,0.00012688,0.00014187,0.000122931
5,13,22,0.0001,0.00011,0.0001,0.00011,0.00012,0.00012,0.000149686,0.00011772,0.00013044,0.000116477
5,13,23,0.00011,0.00011,0.0001,0.00012,0.00012,0.00012,0.000145736,0.00010936,0.00011588,0.00010986
5,14,0,0.00011,0.0001,0.00011,0.00012,0.00012,0.00012,0.000142987,9.94E-05,8.90E-05,0.000104195
5,14,1,0.00011,0.0001,0.00011,0.00012,0.00012,0.00011,0.000138687,9.41E-05,9.00E-05,0.000100315
5,14,2,0.00012,0.0001,0.0001,0.00012,0.00012,0.00011,0.000135987,9.17E-05,8.97E-05,9.73E-05
5,14,3,0.00012,0.0001,0.00011,0.00012,0.00012,0.00012,0.000133288,9.09E-05,9.13E-05,9.51E-05
5,14,4,0.00012,0.00011,0.00011,0.00012,0.00012,0.00012,0.000128988,9.23E-05,9.40E-05,9.52E-05
5,14,5,0.00012,0.00012,0.0001,0.00012,0.00012,0.00013,0.000122689,9.35E-05,9.80E-05,9.79E-05
5,14,6,0.00012,0.00012,0.0001,0.00013,0.00012,0.00012,0.000122949,9.87E-05,0.00010378,9.95E-05
5,14,7,0.00011,0.00012,0.00009,0.00012,0.00012,0.00012,0.000124488,0.00010766,0.00010941,0.000104379
5,14,8,0.00011,0.00011,0.00009,0.00012,0.00012,0.00013,0.000127988,0.00011481,0.00011274,0.000110791
5,14,9,0.00011,0.00012,0.00009,0.00013,0.00012,0.00013,0.000131788,0.00012034,0.00011523,0.000114277
5,14,10,0.00012,0.00012,0.00009,0.00012,0.00012,0.00013,0.000133488,0.00012561,0.00011401,0.000118328
5,14,11,0.00012,0.00011,0.0001,0.00012,0.00012,0.00012,0.000138487,0.0001286,0.00011339,0.000123251
5,14,12,0.00012,0.00011,0.00012,0.00012,0.00012,0.00012,0.000140987,0.0001266,0.00011224,0.00012347
5,14,13,0.00012,0.00013,0.00013,0.00012,0.00013,0.00012,0.000142987,0.0001233,0.00011267,0.000124496
5,14,14,0.00012,0.00013,0.00013,0.00013,0.00013,0.00013,0.000144487,0.00012077,0.00011227,0.000125225
5,14,15,0.00012,0.00013,0.00012,0.00013,0.00013,0.00013,0.000142987,0.00011849,0.0001137,0.000124749
5,14,16,0.00012,0.00013,0.00011,0.00012,0.00013,0.00013,0.000141487,0.00011613,0.00011747,0.000122189
5,14,17,0.00011,0.00012,0.00009,0.00013,0.00013,0.00013,0.000133988,0.00011436,0.00012759,0.000120629
5,14,18,0.0001,0.00012,0.00008,0.00013,0.00012,0.00013,0.000154186,0.00012962,0.00013596,0.000129299
5,14,19,0.0001,0.00011,0.00007,0.00013,0.00012,0.00013,0.000153986,0.00013304,0.00014366,0.000131903
5,14,20,0.0001,0.00011,0.00007,0.00012,0.00012,0.00012,0.000155986,0.00012785,0.00014696,0.000128079
5,14,21,0.0001,0.00011,0.00007,0.00012,0.00012,0.00012,0.000155286,0.0001198,0.00014202,0.000122931
5,14,22,0.0001,0.00011,0.00007,0.00012,0.00012,0.00012,0.000152686,0.00010952,0.00012848,0.000116477
5,14,23,0.00011,0.00011,0.00007,0.00012,0.00012,0.00012,0.000152686,0.00010068,0.00011642,0.00010986
5,15,0,0.00011,0.0001,0.00008,0.00012,0.00012,0.00012,0.000149486,9.71E-05,8.91E-05,0.000104195
5,15,1,0.00011,0.0001,0.00009,0.00012,0.00012,0.00012,0.000147486,9.35E-05,9.03E-05,0.000100315
5,15,2,0.00012,0.0001,0.00009,0.00012,0.00012,0.00012,0.000143987,9.14E-05,9.01E-05,9.73E-05
5,15,3,0.00012,0.00011,0.00009,0.00012,0.00012,0.00012,0.000139187,8.97E-05,9.11E-05,9.51E-05
5,15,4,0.00012,0.00011,0.00009,0.00013,0.00012,0.00013,0.000135487,8.89E-05,9.48E-05,9.52E-05
5,15,5,0.00012,0.00012,0.0001,0.00013,0.00012,0.00013,0.000129488,8.72E-05,9.78E-05,9.79E-05
5,15,6,0.00011,0.00012,0.0001,0.00013,0.00011,0.00013,0.000126988,8.54E-05,0.0001035,9.95E-05
5,15,7,0.00011,0.00012,0.0001,0.00013,0.00011,0.00013,0.000127688,9.03E-05,0.00010846,0.000104379
5,15,8,0.00011,0.00012,0.0001,0.00013,0.00011,0.00012,0.000129988,9.55E-05,0.00011334,0.000110791
5,15,9,0.00011,0.00012,0.0001,0.00013,0.00011,0.00012,0.000134688,0.00010095,0.00011417,0.000114277
5,15,10,0.00011,0.00011,0.00011,0.00013,0.00012,0.00009,0.000138387,0.00010463,0.0001154,0.000118328
5,15,11,0.00012,0.00011,0.00011,0.00012,0.00012,0.00013,0.000141987,0.00010782,0.00011306,0.000123251
5,15,12,0.00012,0.00011,0.00014,0.00012,0.00012,0.00012,0.000145487,0.00010891,0.00011382,0.00012347
5,15,13,0.00012,0.00012,0.00015,0.00012,0.00013,0.00012,0.000147486,0.0001086,0.00011231,0.000124496
5,15,14,0.00012,0.00012,0.00015,0.00013,0.00013,0.00013,0.000149486,0.0001069,0.00011112,0.000125225
5,15,15,0.00012,0.00013,0.00015,0.00013,0.00013,0.00013,0.000148486,0.00010571,0.00011362,0.000124749
5,15,16,0.00011,0.00012,0.00013,0.00013,0.00013,0.00013,0.000146286,0.00010438,0.00011931,0.000122189
5,15,17,0.00011,0.00012,0.00011,0.00013,0.00012,0.00013,0.000139987,0.00010498,0.00012598,0.000120629
5,15,18,0.0001,0.00012,0.0001,0.00013,0.00012,0.00013,0.000159485,0.00011648,0.00013653,0.000129299
5,15,19,0.0001,0.00011,0.00009,0.00013,0.00012,0.00013,0.000159485,0.00012425,0.00014425,0.000131903
5,15,20,0.0001,0.00011,0.00009,0.00013,0.00012,0.00012,0.000159985,0.00012255,0.000147,0.000128079
5,15,21,0.0001,0.00011,0.00009,0.00012,0.00012,0.00012,0.000159985,0.00011742,0.00014039,0.000122931
5,15,22,0.0001,0.00011,0.00008,0.00012,0.00012,0.00012,0.000158985,0.00011035,0.00012817,0.000116477
5,15,23,0.0001,0.00011,0.00008,0.00012,0.00012,0.00012,0.000157485,0.00010206,0.00011491,0.00010986
5,16,0,0.00011,0.0001,0.00009,0.00012,0.00012,0.00012,0.000155986,9.48E-05,8.89E-05,0.000104195
5,16,1,0.00011,0.0001,0.00009,0.00012,0.00012,0.00012,0.000152986,8.92E-05,8.94E-05,0.000100315
5,16,2,0.00011,0.0001,0.0001,0.00012,0.00012,0.00012,0.000149286,8.67E-05,9.01E-05,9.73E-05
5,16,3,0.00011,0.0001,0.0001,0.00012,0.00011,0.00012,0.000145487,8.59E-05,9.11E-05,9.51E-05
5,16,4,0.00011,0.00011,0.0001,0.00013,0.00012,0.00013,0.000142487,8.94E-05,9.37E-05,9.52E-05
5,16,5,0.00011,0.00012,0.0001,0.00013,0.00011,0.00013,0.000135487,9.67E-05,9.69E-05,9.79E-05
5,16,6,0.00011,0.00012,0.0001,0.00013,0.00011,0.00012,0.000134987,9.84E-05,0.00010234,9.95E-05
5,16,7,0.00011,0.00011,0.0001,0.00013,0.00011,0.00013,0.000133288,0.00010711,0.00010794,0.000104379
5,16,8,0.00011,0.00011,0.0001,0.00013,0.00011,0.00013,0.000136187,0.00011678,0.00011285,0.000110791
5,16,9,0.00011,0.00012,0.0001,0.00013,0.00011,0.00013,0.000140687,0.00012151,0.00011463,0.000114277
5,16,10,0.00011,0.00012,0.00011,0.00013,0.00011,0.00013,0.000145487,0.00012758,0.00011433,0.000118328
5,16,11,0.00011,0.00011,0.00011,0.00012,0.00011,0.00012,0.000148686,0.00013184,0.000113,0.000123251
5,16,12,0.00011,0.00011,0.00013,0.00012,0.00011,0.00012,0.000152186,0.00012805,0.00011233,0.00012347
5,16,13,0.00011,0.00013,0.00014,0.00012,0.00013,0.00013,0.000151486,0.00012813,0.00011285,0.000124496
5,16,14,0.00012,0.00013,0.00015,0.00013,0.00013,0.00013,0.000152486,0.00013147,0.00011269,0.000125225
5,16,15,0.00012,0.00013,0.00015,0.00013,0.00013,0.00013,0.000153486,0.00013207,0.00011373,0.000124749
5,16,16,0.00011,0.00012,0.00013,0.00013,0.00013,0.00013,0.000149486,0.00013026,0.00011823,0.000122189
5,16,17,0.0001,0.00012,0.0001,0.00013,0.00012,0.00013,0.000144987,0.00012691,0.00012535,0.000120629
5,16,18,0.0001,0.00012,0.00009,0.00013,0.00012,0.00013,0.000158485,0.00013801,0.00013634,0.000129299
5,16,19,0.0001,0.00012,0.00009,0.00013,0.00012,0.00012,0.000154486,0.00014042,0.00014417,0.000131903
5,16,20,0.0001,0.00011,0.00008,0.00013,0.00012,0.00012,0.000158485,0.00013682,0.00014705,0.000128079
5,16,21,0.00009,0.00011,0.00008,0.00012,0.00011,0.00012,0.000159985,0.00012753,0.00014032,0.000122931
5,16,22,0.0001,0.00011,0.00008,0.00012,0.00012,0.00012,0.000159485,0.00011571,0.0001285,0.000116477
5,16,23,0.0001,0.00011,0.00008,0.00012,0.00012,0.00012,0.000158485,0.00010246,0.00011383,0.00010986
5,17,0,0.0001,0.0001,0.00009,0.00012,0.00011,0.00012,0.000156985,9.55E-05,8.83E-05,0.000104195
5,17,1,0.00011,0.0001,0.00008,0.00012,0.00011,0.00012,0.000155486,9.24E-05,8.89E-05,0.000100315
5,17,2,0.00011,0.0001,0.00008,0.00012,0.00011,0.00012,0.000151986,8.99E-05,8.88E-05,9.73E-05
5,17,3,0.00011,0.0001,0.00009,0.00012,0.00011,0.00012,0.000145986,8.98E-05,9.22E-05,9.51E-05
5,17,4,0.00011,0.0001,0.0001,0.00012,0.00011,0.00012,0.000141987,9.34E-05,9.29E-05,9.52E-05
5,17,5,0.0001,0.0001,0.0001,0.00013,0.00011,0.00012,0.000133488,0.00010092,9.64E-05,9.79E-05
5,17,6,0.0001,0.00011,0.0001,0.00013,0.00011,0.00012,0.000131988,0.00010369,0.00010376,9.95E-05
5,17,7,0.0001,0.00011,0.0001,0.00012,0.00011,0.00012,0.000130688,0.00011056,0.00010781,0.000104379
5,17,8,0.0001,0.0001,0.0001,0.00013,0.00011,0.00012,0.000129288,0.00011757,0.00011442,0.000110791
5,17,9,0.0001,0.00011,0.00009,0.00013,0.00011,0.00012,0.000129688,0.00012222,0.00011472,0.000114277
5,17,10,0.0001,0.00011,0.0001,0.00013,0.00011,0.00012,0.000133488,0.00012915,0.0001142,0.000118328
5,17,11,0.0001,0.0001,0.0001,0.00012,0.00011,0.00012,0.000137687,0.00013199,0.00011134,0.000123251
5,17,12,0.00011,0.0001,0.00013,0.00012,0.00011,0.00011,0.000142387,0.00012627,0.00011235,0.00012347
5,17,13,0.00011,0.00012,0.00015,0.00012,0.00012,0.00012,0.000139987,0.00012906,0.00011172,0.000124496
5,17,14,0.00011,0.00012,0.00015,0.00013,0.00012,0.00012,0.000141737,0.00013241,0.00011262,0.000125225
5,17,15,0.00012,0.00012,0.00014,0.00013,0.00012,0.00012,0.000143987,0.00013317,0.00011243,0.000124749
5,17,16,0.00011,0.00012,0.00013,0.00013,0.00012,0.00012,0.000137987,0.00013095,0.00011855,0.000122189
5,17,17,0.0001,0.00012,0.00011,0.00013,0.00012,0.00013,0.000132488,0.00012782,0.00012623,0.000120629
5,17,18,0.0001,0.00011,0.0001,0.00013,0.00012,0.00013,0.000152486,0.00013847,0.00013606,0.000129299
5,17,19,0.0001,0.00011,0.00009,0.00013,0.00012,0.00013,0.000153486,0.0001423,0.00014385,0.000131903
5,17,20,0.00009,0.00011,0.00009,0.00013,0.00011,0.00012,0.000156985,0.00013828,0.00014543,0.000128079
5,17,21,0.0001,0.00011,0.00009,0.00012,0.00011,0.00012,0.000157485,0.00012944,0.0001398,0.000122931
5,17,22,0.0001,0.00011,0.00009,0.00012,0.00011,0.00012,0.000159985,0.00011515,0.0001278,0.000116477
5,17,23,0.0001,0.00011,0.00009,0.00013,0.00011,0.00012,0.000157985,0.00010517,0.00011479,0.00010986
5,18,0,0.0001,0.0001,0.00009,0.00012,0.00011,0.00012,0.000155986,9.86E-05,8.85E-05,0.000104195
5,18,1,0.00011,0.0001,0.0001,0.00012,0.00011,0.00012,0.000151986,9.46E-05,8.81E-05,0.000100315
5,18,2,0.00011,0.0001,0.0001,0.00012,0.00011,0.00012,0.000146986,9.26E-05,8.95E-05,9.73E-05
5,18,3,0.00011,0.00011,0.0001,0.00012,0.00011,0.00012,0.000143487,9.30E-05,9.05E-05,9.51E-05
5,18,4,0.00011,0.00011,0.0001,0.00013,0.00011,0.00013,0.000138787,9.61E-05,9.22E-05,9.52E-05
5,18,5,0.00011,0.00012,0.0001,0.00013,0.00011,0.00013,0.000129988,0.00010356,9.68E-05,9.79E-05
5,18,6,0.0001,0.00012,0.0001,0.00013,0.00011,0.00013,0.000125788,0.00010702,0.00010216,9.95E-05
5,18,7,0.0001,0.00012,0.00011,0.00013,0.00011,0.00013,0.000121989,0.00011404,0.00010744,0.000104379
5,18,8,0.0001,0.00012,0.00011,0.00013,0.00011,0.00013,0.000120289,0.00012107,0.00011295,0.000110791
5,18,9,0.0001,0.00012,0.00011,0.00013,0.00011,0.00013,0.000116889,0.00012319,0.00011484,0.000114277
5,18,10,0.0001,0.00012,0.00011,0.00013,0.00011,0.00013,0.00011259,0.00012737,0.00011377,0.000118328
5,18,11,0.00011,0.00011,0.00011,0.00013,0.00011,0.00013,0.000116689,0.00013089,0.00011227,0.000123251
5,18,12,0.00011,0.00011,0.00013,0.00012,0.00011,0.00012,0.000119249,0.00012784,0.00011145,0.00012347
5,18,13,0.00011,0.00013,0.00013,0.00012,0.00012,0.00012,0.000122699,0.00012954,0.00011121,0.000124496
5,18,14,0.00011,0.00014,0.00015,0.00013,0.00012,0.00013,0.000125998,0.0001323,0.00011129,0.000125225
5,18,15,0.00012,0.00014,0.00015,0.00013,0.00012,0.00013,0.000126628,0.00013137,0.0001128,0.000124749
5,18,16,0.00011,0.00013,0.00014,0.00013,0.00011,0.00013,0.000127158,0.00013144,0.00011753,0.000122189
5,18,17,0.0001,0.00013,0.00013,0.00013,0.00012,0.00013,0.000124468,0.00012661,0.0001242,0.000120629
5,18,18,0.0001,0.00012,0.00014,0.00013,0.00011,0.00013,0.000144207,0.00013848,0.00013529,0.000129299
5,18,19,0.0001,0.00012,0.00011,0.00013,0.00011,0.00012,0.000143487,0.00014228,0.00014256,0.000131903
5,18,20,0.0001,0.00012,0.0001,0.00013,0.00011,0.00012,0.000143697,0.00013777,0.00014567,0.000128079
5,18,21,0.0001,0.00012,0.0001,0.00013,0.00011,0.00012,0.000141187,0.00012987,0.00013881,0.000122931
5,18,22,0.0001,0.00012,0.0001,0.00013,0.00011,0.00012,0.000141067,0.00011775,0.00012817,0.000116477
5,18,23,0.0001,0.00012,0.0001,0.00013,0.00011,0.00012,0.000141257,0.00010505,0.00011439,0.00010986
5,19,0,0.00011,0.00011,0.00011,0.00013,0.00011,0.00012,0.000137987,9.61E-05,8.82E-05,0.000104195
5,19,1,0.00011,0.00011,0.00011,0.00013,0.00011,0.00012,0.000132188,9.15E-05,8.87E-05,0.000100315
5,19,2,0.00011,0.00011,0.00011,0.00012,0.00011,0.00012,0.000129188,9.05E-05,8.95E-05,9.73E-05
5,19,3,0.00011,0.00011,0.00009,0.00013,0.00011,0.00012,0.000126988,8.96E-05,8.92E-05,9.51E-05
5,19,4,0.00011,0.00012,0.00011,0.00013,0.00011,0.00012,0.000125188,9.33E-05,9.32E-05,9.52E-05
5,19,5,0.00011,0.00012,0.00011,0.00013,0.00011,0.00013,1.94E-05,0.00010066,9.70E-05,9.79E-05
5,19,6,0.00011,0.00012,0.0001,0.00013,0.00011,0.00013,0.000118889,0.00010257,0.00010189,9.95E-05
5,19,7,0.00011,0.00012,0.0001,0.00013,0.00012,0.00013,0.000118989,0.00010935,0.00010811,0.000104379
5,19,8,0.00011,0.00012,0.00011,0.00013,0.00011,0.00013,0.000124288,0.00011872,0.00011186,0.000110791
5,19,9,0.00011,0.00012,0.00011,0.00013,0.00012,0.00013,0.000127188,0.00012302,0.00011398,0.000114277
5,19,10,0.00011,0.00012,0.00011,0.00013,0.00012,0.00013,0.000131488,0.00012979,0.00011484,0.000118328
5,19,11,0.00011,0.00011,0.00012,0.00013,0.00012,0.00013,0.000136387,0.00013412,0.00011231,0.000123251
5,19,12,0.00011,0.00011,0.00014,0.00013,0.00011,0.00013,0.000139987,0.00013101,0.00011162,0.00012347
5,19,13,0.00011,0.00013,0.00015,0.00012,0.00013,0.00012,0.000139987,0.000131,0.00010991,0.000124496
5,19,14,0.00012,0.00013,0.00015,0.00013,0.00013,0.00013,0.000140987,0.00013376,0.00011111,0.000125225
5,19,15,0.00012,0.00013,0.00014,0.00013,0.00013,0.00013,0.000138487,0.00013319,0.00011223,0.000124749
5,19,16,0.00011,0.00013,0.00014,0.00013,0.00013,0.00013,0.000130988,0.00013028,0.00011704,0.000122189
5,19,17,0.0001,0.00013,0.00012,0.00013,0.00013,0.00013,0.000120989,0.00012682,0.00012377,0.000120629
5,19,18,0.0001,0.00012,0.00011,0.00013,0.00012,0.00013,0.000139737,0.0001381,0.0001343,0.000129299
5,19,19,0.0001,0.00012,0.0001,0.00013,0.00012,0.00013,0.000139287,0.0001445,0.00014445,0.000131903
5,19,20,0.0001,0.00012,0.0001,0.00013,0.00012,0.00012,0.000139537,0.00013948,0.00014653,0.000128079
5,19,21,0.0001,0.00012,0.0001,0.00013,0.00011,0.00012,0.000137147,0.00013092,0.00013876,0.000122931
5,19,22,0.0001,0.00012,0.0001,0.00013,0.00012,0.00012,0.000135097,0.00012282,0.00012849,0.000116477
5,19,23,0.0001,0.00012,0.0001,0.00013,0.00012,0.00012,0.000134208,0.00010917,0.00011456,0.00010986
5,20,0,0.00011,0.00011,0.0001,0.00013,0.00012,0.00012,0.000128388,9.79E-05,8.85E-05,0.000104195
5,20,1,0.00011,0.0001,0.00011,0.00013,0.00012,0.00012,0.000123419,9.42E-05,8.75E-05,0.000100315
5,20,2,0.00011,0.00011,0.0001,0.00012,0.00012,0.00012,0.000119119,9.16E-05,8.89E-05,9.73E-05
5,20,3,0.00011,0.00011,0.00011,0.00013,0.00012,0.00012,0.000114919,9.13E-05,9.06E-05,9.51E-05
5,20,4,0.00011,0.00012,0.00011,0.00013,0.00012,0.00013,0.00011262,9.48E-05,9.12E-05,9.52E-05
5,20,5,0.00011,0.00012,0.00011,0.00013,0.00012,0.00013,0.0001069,0.0001013,9.63E-05,9.79E-05
5,20,6,0.00011,0.00012,0.00011,0.00013,0.00012,0.00013,0.00010812,0.00010419,0.00010181,9.95E-05
5,20,7,0.00011,0.00012,0.00012,0.00013,0.00012,0.00012,0.00010883,0.00011372,0.00010741,0.000104379
5,20,8,0.00011,0.00012,0.00011,0.00013,0.00012,0.00013,0.000114159,0.00012475,0.00011085,0.000110791
5,20,9,0.00011,0.00013,0.0001,0.00013,0.00012,0.00013,0.000118479,0.00012969,0.00011322,0.000114277
5,20,10,0.00011,0.00013,0.00011,0.00013,0.00012,0.00013,0.000125888,0.00013507,0.00011301,0.000118328
5,20,11,0.00011,0.00012,0.00011,0.00013,0.00012,0.00013,0.000130288,0.00013849,0.00011174,0.000123251
5,20,12,0.00011,0.00012,0.00012,0.00012,0.00012,0.00012,0.000125678,0.00013484,0.00011105,0.00012347
5,20,13,0.00012,0.00014,0.00014,0.00012,0.00013,0.00012,0.000124238,0.00013611,0.00011037,0.000124496
5,20,14,0.00012,0.00014,0.00014,0.00013,0.00013,0.00013,0.000124288,0.00013821,0.0001106,0.000125225
5,20,15,0.00012,0.00014,0.00014,0.00013,0.00013,0.00013,1.29E-05,0.00013687,0.00011188,0.000124749
5,20,16,0.00011,0.00014,0.00014,0.00013,0.00013,0.00013,0.000123789,0.00013241,0.00011633,0.000122189
5,20,17,0.00011,0.00013,0.00012,0.00013,0.00013,0.00013,0.000120989,0.00012849,0.00012523,0.000120629
5,20,18,0.0001,0.00012,0.00011,0.00013,0.00012,0.00013,0.000140402,0.00013928,0.00013415,0.000129299
5,20,19,0.0001,0.00012,0.0001,0.00013,0.00012,0.00013,0.000141337,0.00014343,0.00014247,0.000131903
5,20,20,0.0001,0.00012,0.0001,0.00013,0.00012,0.00012,0.000141687,0.00013724,0.0001444,0.000128079
5,20,21,0.0001,0.00012,0.0001,0.00013,0.00011,0.00012,0.000140337,0.0001296,0.00013801,0.000122931
5,20,22,0.0001,0.00012,0.0001,0.00013,0.00012,0.00012,0.000139887,0.0001217,0.00012676,0.000116477
5,20,23,0.00011,0.00012,0.0001,0.00013,0.00012,0.00012,0.000139687,0.0001123,0.00011375,0.00010986
5,21,0,0.00011,0.00011,0.0001,0.00013,0.00012,0.00012,0.000135987,0.00010535,8.75E-05,0.000104195
5,21,1,0.00011,0.0001,0.00011,0.00013,0.00012,0.00012,0.000132988,9.90E-05,8.90E-05,0.000100315
5,21,2,0.00011,0.00011,0.0001,0.00012,0.00012,0.00012,0.000127988,9.58E-05,8.80E-05,9.73E-05
5,21,3,0.00012,0.00011,0.00011,0.00013,0.00012,0.00012,0.000122989,9.47E-05,8.88E-05,9.51E-05
5,21,4,0.00012,0.00012,0.00011,0.00013,0.00012,0.00013,0.000118689,9.63E-05,9.10E-05,9.52E-05
5,21,5,0.00012,0.00012,0.0001,0.00013,0.00012,0.00013,0.000113869,9.71E-05,9.54E-05,9.79E-05
5,21,6,0.00011,0.00012,0.0001,0.00013,0.00012,0.00013,0.000113529,9.86E-05,0.00010144,9.95E-05
5,21,7,0.00011,0.00011,0.0001,0.00013,0.00012,0.00013,0.000114349,0.0001057,0.0001072,0.000104379
5,21,8,0.00011,0.00011,0.00011,0.00013,0.00012,0.00013,0.000119049,0.00011735,0.00011215,0.000110791
5,21,9,0.00011,0.00011,0.00011,0.00013,0.00012,0.00013,0.000125868,0.00012322,0.0001133,0.000114277
5,21,10,0.00012,0.00012,0.00011,0.00013,0.00012,0.00013,0.000129798,0.00012799,0.00011378,0.000118328
5,21,11,0.00012,0.00011,0.00012,0.00013,0.00012,0.00012,0.000132988,0.00013106,0.00011074,0.000123251
5,21,12,0.00012,0.00011,0.00014,0.00012,0.00012,0.00012,0.000137687,0.00012892,0.00011127,0.00012347
5,21,13,0.00012,0.00013,0.00015,0.00013,0.00013,0.00012,0.000138427,0.0001255,0.00010887,0.000124496
5,21,14,0.00012,0.00013,0.00014,0.00013,0.00013,0.00013,0.000139607,0.00012389,0.00011167,0.000125225
5,21,15,0.00012,0.00013,0.00014,0.00013,0.00013,0.00013,0.000139417,0.00012255,0.00010992,0.000124749
5,21,16,0.00011,0.00013,0.00013,0.00013,0.00013,0.00013,0.000134538,0.00011844,0.00011623,0.000122189
5,21,17,0.00011,0.00013,0.00012,0.00013,0.00013,0.00013,0.000130548,0.00011741,0.00012279,0.000120629
5,21,18,0.0001,0.00012,0.00011,0.00014,0.00012,0.00013,0.000152486,0.0001305,0.00013367,0.000129299
5,21,19,0.0001,0.00012,0.00011,0.00014,0.00012,0.00012,0.000155836,0.0001358,0.0001413,0.000131903
5,21,20,0.0001,0.00012,0.00011,0.00013,0.00012,0.00012,0.000155836,0.00013241,0.00014415,0.000128079
5,21,21,0.0001,0.00012,0.0001,0.00013,0.00011,0.00012,0.000153666,0.00012605,0.0001394,0.000122931
5,21,22,0.0001,0.00012,0.0001,0.00013,0.00011,0.00012,0.000155486,0.00011635,0.00012679,0.000116477
5,21,23,0.00011,0.00012,0.0001,0.00013,0.00012,0.00012,0.000154486,0.00010677,0.00011383,0.00010986
5,22,0,0.00011,0.00011,0.00011,0.00013,0.00012,0.00012,0.000150986,0.00010024,8.72E-05,0.000104195
5,22,1,0.00011,0.00011,0.00011,0.00013,0.00012,0.00012,0.000144787,9.55E-05,8.71E-05,0.000100315
5,22,2,0.00011,0.00011,0.00011,0.00013,0.00012,0.00012,0.000140987,9.27E-05,8.68E-05,9.73E-05
5,22,3,0.00012,0.00012,0.00011,0.00013,0.00012,0.00012,0.000133988,9.09E-05,8.90E-05,9.51E-05
5,22,4,0.00012,0.00012,0.00011,0.00013,0.00012,0.00012,0.000127488,8.99E-05,9.16E-05,9.52E-05
5,22,5,0.00012,0.00012,0.00011,0.00013,0.00012,0.00012,0.000113869,8.77E-05,9.61E-05,9.79E-05
5,22,6,0.00011,0.00013,0.0001,0.00013,0.00012,0.00012,0.00010852,8.56E-05,0.00010096,9.95E-05
5,22,7,0.00011,0.00013,0.00011,0.00014,0.00012,0.00012,0.00010868,8.95E-05,0.00010769,0.000104379
5,22,8,0.00011,0.00012,0.00011,0.00013,0.00012,0.00012,0.000113739,9.52E-05,0.00010946,0.000110791
5,22,9,0.00011,0.00013,0.0001,0.00013,0.00012,0.00013,0.000116389,0.00010044,0.00011228,0.000114277
5,22,10,0.00011,0.00012,0.00011,0.00013,0.00012,0.00012,0.000120699,0.0001049,0.00011296,0.000118328
5,22,11,0.00011,0.00012,0.00011,0.00013,0.00012,0.00012,0.000126388,0.00010864,0.00011125,0.000123251
5,22,12,0.00012,0.00012,0.00014,0.00013,0.00012,0.00012,0.000131988,0.00011029,0.00010964,0.00012347
5,22,13,0.00012,0.00013,0.00015,0.00013,0.00013,0.00012,0.000135687,0.00010945,0.00010952,0.000124496
5,22,14,0.00012,0.00013,0.00015,0.00014,0.00013,0.00013,0.000136987,0.00010695,0.00011025,0.000125225
5,22,15,0.00012,0.00013,0.00015,0.00014,0.00013,0.00013,0.000137287,0.0001061,0.00011058,0.000124749
5,22,16,0.00011,0.00013,0.00014,0.00013,0.00013,0.00013,0.000134788,0.00010302,0.00011548,0.000122189
5,22,17,0.0001,0.00013,0.00013,0.00014,0.00013,0.00013,0.000129488,0.00010312,0.00012273,0.000120629
5,22,18,0.0001,0.00013,0.00012,0.00014,0.00012,0.00012,0.000150086,0.00011966,0.00013307,0.000129299
5,22,19,0.0001,0.00012,0.00012,0.00014,0.00012,0.00012,0.000152986,0.000127,0.00014149,0.000131903
5,22,20,0.0001,0.00012,0.00011,0.00013,0.00012,0.00012,0.000155486,0.00012527,0.0001421,0.000128079
5,22,21,0.0001,0.00011,0.00011,0.00013,0.00012,0.00012,0.000154486,0.00011976,0.00013788,0.000122931
5,22,22,0.0001,0.00011,0.00011,0.00013,0.00012,0.00012,0.000154986,0.00011201,0.00012636,0.000116477
5,22,23,0.0001,0.00011,0.00011,0.00013,0.00012,0.00011,0.000154986,0.00010234,0.00011327,0.00010986
5,23,0,0.00011,0.00011,0.00011,0.00013,0.00012,0.00012,0.000151986,9.49E-05,8.67E-05,0.000104195
5,23,1,0.00011,0.0001,0.00012,0.00013,0.00012,0.00012,0.000145986,9.21E-05,8.64E-05,0.000100315
5,23,2,0.00011,0.00011,0.00012,0.00013,0.00012,0.00012,0.000142987,9.03E-05,8.80E-05,9.73E-05
5,23,3,0.00011,0.00011,0.00013,0.00013,0.00012,0.00012,0.000136987,9.07E-05,8.86E-05,9.51E-05
5,23,4,0.00011,0.00011,0.00012,0.00013,0.00012,0.00012,0.000135487,9.42E-05,9.19E-05,9.52E-05
5,23,5,0.00011,0.00012,0.00012,0.00013,0.00012,0.00012,0.000129488,0.00010224,9.57E-05,9.79E-05
5,23,6,0.00011,0.00012,0.00012,0.00013,0.00012,0.00012,0.000127988,0.00010455,9.99E-05,9.95E-05
5,23,7,0.00011,0.00012,0.00012,0.00014,0.00012,0.00012,0.000129688,0.00011322,0.00010561,0.000104379
5,23,8,0.00011,0.00012,0.00012,0.00013,0.00012,0.00012,0.000131488,0.0001228,0.00011055,0.000110791
5,23,9,0.00011,0.00012,0.00013,0.00013,0.00012,0.00012,0.000135987,0.00012783,0.00011129,0.000114277
5,23,10,0.00011,0.00012,0.00012,0.00013,0.00012,0.00013,0.000140787,0.00013247,0.00011167,0.000118328
5,23,11,0.00011,0.00012,0.00012,0.00013,0.00012,0.00012,0.000143987,0.00013564,0.00011132,0.000123251
5,23,12,0.00011,0.00012,0.00012,0.00013,0.00012,0.00012,0.000149986,0.00013249,0.00010968,0.00012347
5,23,13,0.00011,0.00012,0.00012,0.00013,0.00012,0.00012,0.000150986,0.00013395,0.0001092,0.000124496
5,23,14,0.00012,0.00012,0.00012,0.00014,0.00012,0.00012,0.000152486,0.0001358,0.00011,0.000125225
5,23,15,0.00012,0.00014,0.00015,0.00014,0.00012,0.00012,0.000151586,0.00013535,0.0001105,0.000124749
5,23,16,0.00011,0.00014,0.00015,0.00013,0.00012,0.00012,0.000149986,0.00013131,0.0001151,0.000122189
5,23,17,0.0001,0.00013,0.00014,0.00014,0.00012,0.00012,0.000141987,0.00012904,0.00012281,0.000120629
5,23,18,0.0001,0.00013,0.00013,0.00013,0.00012,0.00012,0.000158485,0.00013841,0.00013237,0.000129299
5,23,19,0.0001,0.00013,0.00013,0.00013,0.00012,0.00012,0.000159985,0.00014387,0.00014091,0.000131903
5,23,20,0.0001,0.00012,0.00012,0.00013,0.00011,0.00012,0.000163985,0.00013879,0.00014319,0.000128079
5,23,21,0.00009,0.00012,0.00012,0.00013,0.00011,0.00012,0.000160385,0.00013033,0.00013787,0.000122931
5,23,22,0.0001,0.00012,0.00012,0.00013,0.00011,0.00011,0.000158485,0.00011769,0.00012651,0.000116477
5,23,23,0.0001,0.00012,0.00011,0.00013,0.00011,0.00012,0.000156486,0.00010719,0.00011269,0.00010986
5,24,0,0.0001,0.00011,0.00012,0.00013,0.00011,0.00012,0.000153986,0.00010069,8.74E-05,0.000104195
5,24,1,0.00011,0.00011,0.00012,0.00013,0.00012,0.00011,0.000152486,9.68E-05,8.73E-05,0.000100315
5,24,2,0.00011,0.00011,0.00012,0.00012,0.00012,0.00011,0.000143487,9.44E-05,8.73E-05,9.73E-05
5,24,3,0.00011,0.00011,0.00012,0.00012,0.00012,0.00011,0.000143487,9.44E-05,8.90E-05,9.51E-05
5,24,4,0.00011,0.00011,0.00012,0.00013,0.00012,0.00011,0.000140487,9.80E-05,9.02E-05,9.52E-05
5,24,5,0.0001,0.00011,0.00011,0.00013,0.00012,0.00012,0.000130788,0.00010563,9.43E-05,9.79E-05
5,24,6,0.0001,0.00011,0.00011,0.00013,0.00012,0.00012,0.000124788,0.00010805,9.84E-05,9.95E-05
5,24,7,0.0001,0.00011,0.00012,0.00013,0.00012,0.00012,0.000121989,0.00011394,0.00010551,0.000104379
5,24,8,0.0001,0.00011,0.00012,0.00013,0.00012,0.00012,0.000119689,0.00012132,0.00011004,0.000110791
5,24,9,0.0001,0.00011,0.00012,0.00013,0.00012,0.00012,0.000123189,0.00012531,0.00011157,0.000114277
5,24,10,0.0001,0.0001,0.00012,0.00013,0.00012,0.00012,0.000127538,0.00013035,0.00011137,0.000118328
5,24,11,0.0001,0.0001,0.00011,0.00013,0.00011,0.00012,0.000134528,0.00013432,0.00011083,0.000123251
5,24,12,0.00011,0.0001,0.00013,0.00012,0.00011,0.00011,0.000141487,0.00013063,0.00010813,0.00012347
5,24,13,0.00011,0.00011,0.00015,0.00012,0.00012,0.00011,0.000137487,0.00013155,0.0001094,0.000124496
5,24,14,0.00011,0.00012,0.00015,0.00013,0.00012,0.00012,0.000142487,0.00013429,0.00010979,0.000125225
5,24,15,0.00011,0.00012,0.00015,0.00013,0.00012,0.00012,0.000141287,0.00013492,0.0001094,0.000124749
5,24,16,0.00011,0.00012,0.00014,0.00013,0.00012,0.00012,0.000138387,0.00013188,0.0001153,0.000122189
5,24,17,0.0001,0.00012,0.00013,0.00013,0.00012,0.00012,0.000129488,0.00012917,0.0001221,0.000120629
5,24,18,0.0001,0.00012,0.00013,0.00014,0.00012,0.00012,0.000151386,0.00014046,0.00013239,0.000129299
5,24,19,0.00009,0.00012,0.00012,0.00013,0.00011,0.00012,0.000153786,0.00014458,0.00014026,0.000131903
5,24,20,0.00009,0.00011,0.00012,0.00013,0.00011,0.00011,0.000158485,0.00013906,0.00014191,0.000128079
5,24,21,0.00009,0.00011,0.00011,0.00013,0.00011,0.00011,0.000157485,0.0001309,0.00013701,0.000122931
5,24,22,0.0001,0.00011,0.00012,0.00013,0.00011,0.00011,0.000158385,0.00011821,0.00012609,0.000116477
5,24,23,0.0001,0.00011,0.00011,0.00013,0.00011,0.00011,0.000158485,0.0001074,0.00011207,0.00010986
5,25,0,0.0001,0.0001,0.00011,0.00013,0.00011,0.00012,0.000157485,0.00010149,8.61E-05,0.000104195
5,25,1,0.00011,0.0001,0.00012,0.00013,0.00011,0.00011,0.000153986,9.76E-05,8.78E-05,0.000100315
5,25,2,0.00011,0.0001,0.00011,0.00013,0.00011,0.00012,0.000148486,9.55E-05,8.62E-05,9.73E-05
5,25,3,0.00011,0.0001,0.00011,0.00013,0.00012,0.00012,0.000145986,9.45E-05,8.84E-05,9.51E-05
5,25,4,0.00011,0.0001,0.00012,0.00013,0.00012,0.00012,0.000145237,9.85E-05,8.97E-05,9.52E-05
5,25,5,0.0001,0.0001,0.00012,0.00013,0.00012,0.00013,0.000135487,0.00010609,9.47E-05,9.79E-05
5,25,6,0.0001,0.00011,0.00011,0.00013,0.00012,0.00013,0.000134488,0.00010705,9.91E-05,9.95E-05
5,25,7,0.0001,0.00011,0.0001,0.00013,0.00012,0.00012,0.000129888,0.00011392,0.00010665,0.000104379
5,25,8,0.0001,0.00011,0.0001,0.00013,0.00012,0.00012,0.000129938,0.00012226,0.0001081,0.000110791
5,25,9,0.0001,0.00012,0.0001,0.00013,0.00012,0.00013,0.000129988,0.00012707,0.0001114,0.000114277
5,25,10,0.0001,0.00011,0.0001,0.00013,0.00012,0.00013,0.000134188,0.00013127,0.00011017,0.000118328
5,25,11,0.00011,0.00011,0.0001,0.00013,0.00011,0.00012,0.000139487,0.0001331,0.00010834,0.000123251
5,25,12,0.00011,0.00011,0.00012,0.00012,0.00011,0.00011,0.000143487,0.00012787,0.00010881,0.00012347
5,25,13,0.00011,0.00013,0.00014,0.00012,0.00012,0.00012,0.000145487,0.00013083,0.00010835,0.000124496
5,25,14,0.00011,0.00013,0.00013,0.00014,0.00012,0.00012,0.000147986,0.00013363,0.00010861,0.000125225
5,25,15,0.00012,0.00013,0.00014,0.00013,0.00012,0.00012,0.000149486,0.00013296,0.00010966,0.000124749
5,25,16,0.00011,0.00013,0.00013,0.00013,0.00012,0.00012,0.000146986,0.00012961,0.00011487,0.000122189
5,25,17,0.0001,0.00013,0.00012,0.00014,0.00012,0.00012,0.000141987,0.00012671,0.00012136,0.000120629
5,25,18,0.0001,0.00013,0.00011,0.00014,0.00012,0.00012,0.000148486,0.00013839,0.00013132,0.000129299
5,25,19,0.0001,0.00012,0.00011,0.00013,0.00012,0.00012,0.000144987,0.00014026,0.0001397,0.000131903
5,25,20,0.00009,0.00012,0.00011,0.00013,0.00011,0.00012,0.000142907,0.00013334,0.00014155,0.000128079
5,25,21,0.0001,0.00012,0.00011,0.00013,0.00011,0.00011,0.000145986,0.00012388,0.00013671,0.000122931
5,25,22,0.0001,0.00012,0.0001,0.00013,0.00011,0.00011,0.000154486,0.00011147,0.00012483,0.000116477
5,25,23,0.0001,0.00011,0.0001,0.00013,0.00012,0.00011,0.000154986,0.00010182,0.00011221,0.00010986
5,26,0,0.00011,0.00011,0.0001,0.00013,0.00011,0.00012,0.000153486,9.53E-05,8.68E-05,0.000104195
5,26,1,0.00011,0.00011,0.00012,0.00013,0.00011,0.00011,0.000151986,9.19E-05,8.59E-05,0.000100315
5,26,2,0.00011,0.00011,0.00011,0.00013,0.00012,0.00011,0.000148986,9.05E-05,8.68E-05,9.73E-05
5,26,3,0.00011,0.00011,0.0001,0.00013,0.00012,0.00012,0.000145986,8.93E-05,8.69E-05,9.51E-05
5,26,4,0.00011,0.00011,0.00011,0.00013,0.00012,0.00012,0.000139687,9.30E-05,9.05E-05,9.52E-05
5,26,5,0.00011,0.00011,0.00011,0.00013,0.00012,0.00013,0.000131688,0.00010107,9.33E-05,9.79E-05
5,26,6,0.00011,0.00012,0.00013,0.00013,0.00012,0.00012,0.000129788,0.00010342,9.99E-05,9.95E-05
5,26,7,0.00011,0.00011,0.00011,0.00013,0.00012,0.00012,0.000125988,0.00010956,0.00010589,0.000104379
5,26,8,0.00011,0.00012,0.00011,0.00013,0.00012,0.00013,0.000128488,0.00011738,0.000108,0.000110791
5,26,9,0.00011,0.00012,0.0001,0.00013,0.00012,0.00013,0.000129488,0.00012103,0.00011118,0.000114277
5,26,10,0.00011,0.00012,0.0001,0.00013,0.00012,0.00013,0.000127988,0.00012488,0.00010956,0.000118328
5,26,11,0.00011,0.00011,0.00011,0.00013,0.00011,0.00012,0.000130988,0.00012874,0.00010901,0.000123251
5,26,12,0.00011,0.00011,0.00012,0.00013,0.00011,0.00011,0.000134788,0.00012517,0.00010831,0.00012347
5,26,13,0.00011,0.00013,0.00015,0.00013,0.00012,0.00012,0.000135587,0.0001257,0.0001073,0.000124496
5,26,14,0.00012,0.00013,0.00015,0.00013,0.00012,0.00013,0.000136987,0.00012836,0.00010709,0.000125225
5,26,15,0.00012,0.00013,0.00015,0.00014,0.00012,0.00012,0.000136987,0.00012837,0.00011006,0.000124749
5,26,16,0.00011,0.00013,0.00014,0.00014,0.00012,0.00012,0.000131988,0.00012693,0.0001137,0.000122189
5,26,17,0.0001,0.00012,0.00013,0.00014,0.00012,0.00012,0.000124988,0.00012445,0.00012036,0.000120629
5,26,18,0.0001,0.00012,0.00012,0.00014,0.00012,0.00012,0.000134238,0.0001366,0.00012958,0.000129299
5,26,19,0.0001,0.00012,0.00011,0.00014,0.00012,0.00012,0.000132288,0.00014014,0.0001393,0.000131903
5,26,20,0.0001,0.00011,0.00011,0.00013,0.00011,0.00012,0.000129188,0.00013467,0.0001422,0.000128079
5,26,21,0.0001,0.00011,0.00011,0.00013,0.00011,0.00011,0.000127838,0.00012721,0.00013654,0.000122931
5,26,22,0.0001,0.00011,0.00011,0.00013,0.00011,0.00011,0.000127838,0.0001146,0.00012418,0.000116477
5,26,23,0.0001,0.00011,0.00011,0.00013,0.00011,0.00011,0.000127138,0.0001045,0.00011156,0.00010986
5,27,0,0.00011,0.0001,0.00011,0.00013,0.00011,0.00012,0.000120189,9.79E-05,8.75E-05,0.000104195
5,27,1,0.00011,0.0001,0.00012,0.00013,0.00011,0.00011,0.00011099,9.42E-05,8.64E-05,0.000100315
5,27,2,0.00011,0.0001,0.00011,0.00013,0.00012,0.00011,9.93E-05,9.18E-05,8.61E-05,9.73E-05
5,27,3,0.00011,0.00011,0.00011,0.00013,0.00012,0.00012,8.88E-05,9.17E-05,8.95E-05,9.51E-05
5,27,4,0.00011,0.00011,0.00012,0.00013,0.00012,0.00012,8.06E-05,9.44E-05,9.00E-05,9.52E-05
5,27,5,0.00011,0.00011,0.00012,0.00013,0.00012,0.00012,7.07E-05,0.00010136,9.24E-05,9.79E-05
5,27,6,0.00011,0.00011,0.00012,0.00014,0.00012,0.00012,6.30E-05,0.00010319,9.86E-05,9.95E-05
5,27,7,0.00011,0.00011,0.00012,0.00013,0.00012,0.00012,5.55E-05,0.00011008,0.00010474,0.000104379
5,27,8,0.00011,0.00011,0.00012,0.00013,0.00012,0.00013,5.27E-05,0.00011812,0.00010848,0.000110791
5,27,9,0.00011,0.00011,0.0001,0.00013,0.00012,0.00013,4.91E-05,0.00012256,0.00011126,0.000114277
5,27,10,0.00011,0.00011,0.00012,0.00013,0.00011,0.00013,4.89E-05,0.0001267,0.00010978,0.000118328
5,27,11,0.00011,0.00011,0.00013,0.00013,0.00011,0.00012,5.32E-05,0.00012973,0.00010812,0.000123251
5,27,12,0.00011,0.00011,0.00013,0.00012,0.00011,0.00012,5.40E-05,0.00012592,0.00010855,0.00012347
5,27,13,0.00011,0.00013,0.00015,0.00013,0.00012,0.00012,5.11E-05,0.00012629,0.0001067,0.000124496
5,27,14,0.00012,0.00013,0.00015,0.00013,0.00012,0.00013,4.51E-05,0.00012792,0.0001063,0.000125225
5,27,15,0.00012,0.00013,0.00015,0.00013,0.00012,0.00012,3.89E-05,0.00012907,0.00010982,0.000124749
5,27,16,0.00011,0.00012,0.00014,0.00014,0.00012,0.00012,3.75E-05,0.00012659,0.0001121,0.000122189
5,27,17,0.0001,0.00011,0.00013,0.00014,0.00012,0.00012,3.85E-05,0.00012382,0.00012108,0.000120629
5,27,18,0.0001,0.0001,0.00009,0.00014,0.00011,0.00012,4.13E-05,0.00013497,0.00012996,0.000129299
5,27,19,0.0001,0.0001,0.00008,0.00014,0.00011,0.00012,4.18E-05,0.00013696,0.00013812,0.000131903
5,27,20,0.0001,0.0001,0.00011,0.00013,0.00011,0.00012,4.55E-05,0.00013226,0.0001408,0.000128079
5,27,21,0.0001,0.00009,0.0001,0.00013,0.00011,0.00012,4.55E-05,0.00012593,0.00013475,0.000122931
5,27,22,0.0001,0.00009,0.0001,0.00013,0.00011,0.00011,4.37E-05,0.0001173,0.00012442,0.000116477
5,27,23,0.00011,0.00009,0.0001,0.00013,0.00011,0.00011,4.24E-05,0.00010639,0.00011165,0.00010986
5,28,0,0.00011,0.00009,0.00012,0.00013,0.00011,0.00012,3.99E-05,9.96E-05,8.52E-05,0.000104195
5,28,1,0.00011,0.00009,0.00011,0.00013,0.00011,0.00011,3.88E-05,9.50E-05,8.39E-05,0.000100315
5,28,2,0.00011,0.00009,0.00012,0.00013,0.00011,0.00012,3.71E-05,9.28E-05,8.58E-05,9.73E-05
5,28,3,0.00012,0.0001,0.00012,0.00013,0.00011,0.00012,3.69E-05,9.18E-05,8.57E-05,9.51E-05
5,28,4,0.00012,0.0001,0.00012,0.00013,0.00012,0.00012,3.65E-05,9.31E-05,8.94E-05,9.52E-05
5,28,5,0.00011,0.0001,0.00012,0.00013,0.00012,0.00013,3.75E-05,9.45E-05,9.26E-05,9.79E-05
5,28,6,0.00011,0.0001,0.00012,0.00014,0.00012,0.00013,4.02E-05,9.64E-05,9.81E-05,9.95E-05
5,28,7,0.00011,0.0001,0.00012,0.00014,0.00012,0.00013,4.69E-05,0.00010465,0.00010383,0.000104379
5,28,8,0.00011,0.00009,0.00012,0.00014,0.00011,0.00013,5.65E-05,0.00011326,0.00010846,0.000110791
5,28,9,0.00011,0.0001,0.00011,0.00014,0.00012,0.00013,6.38E-05,0.00011874,0.00011076,0.000114277
5,28,10,0.00011,0.0001,0.00012,0.00013,0.00012,0.00013,7.29E-05,0.00012295,0.00010943,0.000118328
5,28,11,0.00012,0.0001,0.00012,0.00013,0.00011,0.00012,8.18E-05,0.00012487,0.00010724,0.000123251
5,28,12,0.00012,0.0001,0.00014,0.00012,0.00011,0.00012,8.58E-05,0.00012284,0.00010694,0.00012347
5,28,13,0.00012,0.00012,0.00015,0.00012,0.00012,0.00012,9.27E-05,0.00012033,0.00010674,0.000124496
5,28,14,0.00012,0.00012,0.00016,0.00013,0.00012,0.00013,9.66E-05,0.00011835,0.00010559,0.000125225
5,28,15,0.00012,0.00011,0.00015,0.00013,0.00012,0.00012,0.00010707,0.00011635,0.00010705,0.000124749
5,28,16,0.00011,0.0001,0.00014,0.00013,0.00011,0.00012,0.0001062,0.00011315,0.00011336,0.000122189
5,28,17,0.00011,0.0001,0.00013,0.00014,0.00012,0.00012,0.00010401,0.00011214,0.00011924,0.000120629
5,28,18,0.0001,0.00009,0.00014,0.00014,0.00011,0.00012,0.000119469,0.00012626,0.00012839,0.000129299
5,28,19,0.0001,0.00009,0.00013,0.00014,0.00011,0.00012,0.000120369,0.00013081,0.0001383,0.000131903
5,28,20,0.0001,0.00008,0.00013,0.00013,0.00011,0.00012,0.000124498,0.00012705,0.0001395,0.000128079
5,28,21,0.0001,0.00008,0.00011,0.00013,0.0001,0.00012,0.000125518,0.00011976,0.00013337,0.000122931
5,28,22,0.0001,0.00008,0.00011,0.00013,0.0001,0.00012,0.000128988,0.00011043,0.00012292,0.000116477
5,28,23,0.00011,0.00008,0.0001,0.00013,0.00011,0.00012,0.000130988,0.00010137,0.00011102,0.00010986
5,29,0,0.00011,0.00008,0.00011,0.00013,0.00011,0.00012,0.000129988,9.47E-05,8.54E-05,0.000104195
5,29,1,0.00011,0.00008,0.00011,0.00012,0.00011,0.00012,0.000127488,9.02E-05,8.55E-05,0.000100315
5,29,2,0.00011,0.00008,0.00011,0.00012,0.00011,0.00012,0.000123129,8.75E-05,8.47E-05,9.73E-05
5,29,3,0.00012,0.00009,0.00011,0.00013,0.00011,0.00012,0.000120799,8.56E-05,8.80E-05,9.51E-05
5,29,4,0.00012,0.00009,0.00011,0.00013,0.00011,0.00012,0.000119219,8.51E-05,8.76E-05,9.52E-05
5,29,5,0.00011,0.00009,0.00012,0.00013,0.00012,0.00013,0.000114679,8.39E-05,9.37E-05,9.79E-05
5,29,6,0.00011,0.00009,0.00012,0.00013,0.00011,0.00013,0.00011295,8.14E-05,9.89E-05,9.95E-05
5,29,7,0.00011,0.00009,0.00012,0.00013,0.00011,0.00012,0.000115999,8.58E-05,0.00010329,0.000104379
5,29,8,0.00011,0.00009,0.00012,0.00013,0.00011,0.00013,0.000118559,9.05E-05,0.0001072,0.000110791
5,29,9,0.00011,0.00009,0.00012,0.00013,0.00011,0.00013,0.000118859,9.49E-05,0.00010838,0.000114277
5,29,10,0.00011,0.0001,0.00012,0.00013,0.00011,0.00013,0.000120199,9.81E-05,0.00010926,0.000118328
5,29,11,0.00011,0.0001,0.00012,0.00013,0.00011,0.00012,0.000124578,0.00010075,0.00010677,0.000123251
5,29,12,0.00011,0.0001,0.00015,0.00013,0.00011,0.00011,0.000126878,0.00010181,0.00010691,0.00012347
5,29,13,0.00011,0.00012,0.00015,0.00012,0.00011,0.00012,0.000128468,0.00010058,0.00010557,0.000124496
5,29,14,0.00012,0.00012,0.00015,0.00013,0.00012,0.00013,0.000130238,9.83E-05,0.00010632,0.000125225
5,29,15,0.00012,0.00012,0.00015,0.00013,0.00012,0.00012,0.000135187,9.71E-05,0.00010766,0.000124749
5,29,16,0.00011,0.00012,0.00015,0.00013,0.00011,0.00012,0.000129988,9.67E-05,0.00011205,0.000122189
5,29,17,0.0001,0.00011,0.00013,0.00013,0.00011,0.00012,0.000123889,9.79E-05,0.00011916,0.000120629
5,29,18,0.0001,0.00011,0.00012,0.00013,0.00011,0.00012,0.000142637,0.0001116,0.00012809,0.000129299
5,29,19,0.0001,0.0001,0.00011,0.00013,0.0001,0.00012,0.000144987,0.00011734,0.00013656,0.000131903
5,29,20,0.0001,0.0001,0.00011,0.00013,0.0001,0.00011,0.000146986,0.00011435,0.00013966,0.000128079
5,29,21,0.0001,0.0001,0.0001,0.00013,0.0001,0.00011,0.000147686,0.00011012,0.000134,0.000122931
5,29,22,0.0001,0.0001,0.00011,0.00013,0.0001,0.00011,0.000150486,0.0001032,0.00012286,0.000116477
5,29,23,0.0001,0.0001,0.0001,0.00013,0.0001,0.00011,0.000150486,9.53E-05,0.00010876,0.00010986
5,30,0,0.00011,0.00009,0.00011,0.00013,0.0001,0.00011,0.000147986,9.04E-05,8.47E-05,0.000104195
5,30,1,0.00011,0.0001,0.00011,0.00012,0.0001,0.00011,0.000138487,8.70E-05,8.45E-05,0.000100315
5,30,2,0.00011,0.0001,0.00011,0.00012,0.00011,0.00011,0.000130488,8.50E-05,8.56E-05,9.73E-05
5,30,3,0.00011,0.0001,0.00011,0.00012,0.00011,0.00011,0.000125488,8.43E-05,8.60E-05,9.51E-05
5,30,4,0.00011,0.0001,0.00011,0.00012,0.00011,0.00012,0.000119789,8.41E-05,8.71E-05,9.52E-05
5,30,5,0.00011,0.0001,0.00011,0.00013,0.00011,0.00012,0.000114149,8.33E-05,9.16E-05,9.79E-05
5,30,6,0.00011,0.0001,0.00011,0.00013,0.00011,0.00012,0.00011252,8.24E-05,9.77E-05,9.95E-05
5,30,7,0.00011,0.0001,0.00011,0.00013,0.00011,0.00012,0.000113789,8.86E-05,0.00010284,0.000104379
5,30,8,0.00011,0.00011,0.00011,0.00013,0.00011,0.00012,0.000118689,9.59E-05,0.00010622,0.000110791
5,30,9,0.00011,0.00011,0.00012,0.00013,0.00011,0.00012,0.000122439,0.00010148,0.00010947,0.000114277
5,30,10,0.00011,0.00011,0.00012,0.00013,0.00011,0.00012,0.000125288,0.00010624,0.00010779,0.000118328
5,30,11,0.00011,0.0001,0.00012,0.00013,0.00011,0.00012,0.000129988,0.00010845,0.00010689,0.000123251
5,30,12,0.00011,0.0001,0.00013,0.00012,0.0001,0.00011,0.000132988,0.00010943,0.00010625,0.00012347
5,30,13,0.00011,0.00013,0.00016,0.00012,0.00011,0.00011,0.000133088,0.00010815,0.00010543,0.000124496
5,30,14,0.00012,0.00013,0.00016,0.00013,0.00012,0.00012,0.000135987,0.00010608,0.00010676,0.000125225
5,30,15,0.00012,0.00013,0.00016,0.00013,0.00011,0.00012,0.000134488,0.00010437,0.00010742,0.000124749
5,30,16,0.00011,0.00012,0.00015,0.00013,0.00011,0.00012,0.000128988,0.00010309,0.00011117,0.000122189
5,30,17,0.0001,0.00012,0.00014,0.00013,0.00011,0.00012,0.000125988,0.00010465,0.00011707,0.000120629
5,30,18,0.0001,0.00012,0.00013,0.00013,0.0001,0.00012,0.000143737,0.00011955,0.00012847,0.000129299
5,30,19,0.0001,0.00011,0.00012,0.00013,0.0001,0.00012,0.000146286,0.00012533,0.0001365,0.000131903
5,30,20,0.0001,0.00011,0.00011,0.00013,0.0001,0.00011,0.000145986,0.00012188,0.00013891,0.000128079
5,30,21,0.00009,0.00011,0.00011,0.00013,0.0001,0.00011,0.000145886,0.00011383,0.0001328,0.000122931
5,30,22,0.0001,0.00011,0.00011,0.00012,0.0001,0.00011,0.000148486,0.00010525,0.00012179,0.000116477
5,30,23,0.0001,0.00011,0.00011,0.00013,0.0001,0.00011,0.000150186,9.69E-05,0.0001075,0.00010986
5,31,0,0.0001,0.0001,0.00011,0.00013,0.0001,0.00011,0.000144987,9.16E-05,8.36E-05,0.000104195
5,31,1,0.0001,0.0001,0.00011,0.00012,0.0001,0.00011,0.000139487,8.83E-05,8.43E-05,0.000100315
5,31,2,0.00011,0.0001,0.00012,0.00012,0.0001,0.00011,0.000135687,8.61E-05,8.59E-05,9.73E-05
5,31,3,0.00011,0.0001,0.00012,0.00012,0.0001,0.00011,0.000129988,8.51E-05,8.55E-05,9.51E-05
5,31,4,0.00011,0.0001,0.00011,0.00012,0.0001,0.00011,0.000123989,8.87E-05,8.78E-05,9.52E-05
5,31,5,0.0001,0.0001,0.00011,0.00012,0.0001,0.00012,0.000115989,9.68E-05,9.23E-05,9.79E-05
5,31,6,0.0001,0.0001,0.00011,0.00013,0.0001,0.00012,0.00011299,9.86E-05,9.75E-05,9.95E-05
5,31,7,0.0001,0.0001,0.00011,0.00013,0.0001,0.00012,0.00011099,0.00010417,0.00010143,0.000104379
5,31,8,0.0001,0.00011,0.00012,0.00013,0.0001,0.00012,0.00011139,0.00011254,0.00010681,0.000110791
5,31,9,0.0001,0.00011,0.00012,0.00013,0.0001,0.00012,0.00011319,0.00011674,0.0001085,0.000114277
5,31,10,0.0001,0.00011,0.00012,0.00012,0.00009,0.00012,0.000113989,0.00012144,0.00010751,0.000118328
5,31,11,0.0001,0.00011,0.00012,0.00012,0.00009,0.00011,0.000116989,0.00012574,0.00010634,0.000123251
5,31,12,0.00011,0.00011,0.00013,0.00012,0.00009,0.0001,0.000123589,0.0001229,0.00010653,0.00012347
5,31,13,0.00011,0.00013,0.00015,0.00012,0.0001,0.00011,0.000120489,0.00012387,0.00010615,0.000124496
5,31,14,0.00011,0.00013,0.00015,0.00012,0.0001,0.00012,0.000120789,0.00012588,0.00010559,0.000125225
5,31,15,0.00011,0.00014,0.00015,0.00013,0.0001,0.00011,0.000120389,0.00012561,0.00010589,0.000124749
5,31,16,0.00011,0.00013,0.00014,0.00013,0.0001,0.00011,0.000116989,0.00012396,0.00011039,0.000122189
5,31,17,0.0001,0.00013,0.00013,0.00013,0.0001,0.00012,0.000114989,0.00012211,0.00011606,0.000120629
5,31,18,0.0001,0.00013,0.00013,0.00013,0.0001,0.00011,0.000136437,0.00013283,0.0001263,0.000129299
5,31,19,0.00009,0.00012,0.00012,0.00013,0.0001,0.00011,0.000140987,0.00013678,0.000136,0.000131903
5,31,20,0.00009,0.00012,0.00012,0.00013,0.00009,0.00011,0.000141987,0.00013268,0.00013838,0.000128079
5,31,21,0.00009,0.00012,0.00012,0.00012,0.00009,0.00011,0.000142487,0.00012329,0.00013216,0.000122931
5,31,22,0.0001,0.00012,0.00012,0.00012,0.00009,0.00011,0.000143487,0.00011157,0.0001224,0.000116477
5,31,23,0.0001,0.00011,0.00011,0.00012,0.00009,0.00011,0.000144987,0.00010116,0.00010738,0.00010986
1,6,0,0.0001,0.0001,0.00012,0.00012,0.00009,0.00011,7.06E-05,9.98E-05,8.53E-05,0.000104195
1,6,1,0.00011,0.0001,0.00011,0.00012,0.0001,0.00011,6.70E-05,9.54E-05,8.55E-05,0.000100315
1,6,2,0.00011,0.0001,0.00011,0.00012,0.00011,0.00011,6.37E-05,9.28E-05,8.57E-05,9.73E-05
1,6,3,0.00011,0.00011,0.00011,0.00012,0.00011,0.00011,6.27E-05,9.21E-05,8.74E-05,9.51E-05
1,6,4,0.00011,0.00011,0.00011,0.00013,0.00011,0.00012,6.15E-05,9.32E-05,8.89E-05,9.52E-05
1,6,5,0.0001,0.00012,0.00011,0.00013,0.00011,0.00012,6.52E-05,9.72E-05,9.37E-05,9.79E-05
1,6,6,0.0001,0.00012,0.00011,0.00013,0.00011,0.00012,6.80E-05,9.98E-05,9.88E-05,9.95E-05
1,6,7,0.0001,0.00012,0.00011,0.00013,0.00011,0.00012,7.71E-05,0.00010758,0.00010482,0.000104379
1,6,8,0.0001,0.00012,0.00011,0.00013,0.00011,0.00012,8.20E-05,0.00011564,0.00010838,0.000110791
1,6,9,0.0001,0.00012,0.00012,0.00013,0.00011,0.00013,8.19E-05,0.00012008,0.00010931,0.000114277
1,6,10,0.0001,0.00012,0.00012,0.00013,0.00011,0.00012,8.16E-05,0.00012571,0.00010932,0.000118328
1,6,11,0.0001,0.00011,0.00012,0.00013,0.00011,0.00012,8.71E-05,0.00012948,0.00010875,0.000123251
1,6,12,0.00011,0.00011,0.00013,0.00013,0.0001,0.00011,9.22E-05,0.00012807,0.00010793,0.00012347
1,6,13,0.00011,0.00013,0.00016,0.00013,0.00012,0.00011,8.76E-05,0.00012771,0.00010777,0.000124496
1,6,14,0.00011,0.00013,0.00015,0.00013,0.00012,0.00012,8.08E-05,0.00012907,0.00010733,0.000125225
1,6,15,0.00011,0.00013,0.00015,0.00013,0.00011,0.00012,7.63E-05,0.00012887,0.00010888,0.000124749
1,6,16,0.00011,0.00013,0.00014,0.00013,0.00011,0.00012,7.80E-05,0.00012678,0.00011429,0.000122189
1,6,17,0.0001,0.00013,0.00013,0.00014,0.00011,0.00012,8.83E-05,0.0001246,0.0001208,0.000120629
1,6,18,0.0001,0.00012,0.00012,0.00014,0.00011,0.00011,9.06E-05,0.00013513,0.00013093,0.000129299
1,6,19,0.00009,0.00012,0.00011,0.00013,0.0001,0.00011,8.85E-05,0.00013752,0.0001389,0.000131903
1,6,20,0.00009,0.00012,0.00011,0.00013,0.0001,0.00011,8.84E-05,0.00013376,0.00014079,0.000128079
1,6,21,0.00009,0.00012,0.00011,0.00013,0.0001,0.00011,8.33E-05,0.00012693,0.00013608,0.000122931
1,6,22,0.0001,0.00011,0.0001,0.00013,0.0001,0.00011,7.70E-05,0.00011581,0.00012477,0.000116477
1,6,23,0.0001,0.00011,0.0001,0.00013,0.0001,0.00011,7.19E-05,0.00010636,0.00010979,0.00010986
2,6,0,0.00011,0.0001,0.00011,0.00013,0.0001,0.00011,8.00E-05,0.00010294,8.60E-05,0.000104195
2,6,1,0.00011,0.0001,0.00011,0.00012,0.00011,0.00011,7.59E-05,9.90E-05,8.56E-05,0.000100315
2,6,2,0.00011,0.0001,0.00011,0.00013,0.00011,0.00011,7.32E-05,9.64E-05,8.62E-05,9.73E-05
2,6,3,0.00011,0.0001,0.00011,0.00013,0.00011,0.00011,7.12E-05,9.54E-05,8.68E-05,9.51E-05
2,6,4,0.00011,0.00011,0.0001,0.00013,0.00011,0.00012,6.99E-05,9.65E-05,9.03E-05,9.52E-05
2,6,5,0.00011,0.00012,0.0001,0.00013,0.00011,0.00012,7.30E-05,9.93E-05,9.42E-05,9.79E-05
2,6,6,0.00011,0.00012,0.0001,0.00014,0.00011,0.00012,8.20E-05,0.00010106,9.98E-05,9.95E-05
2,6,7,0.00011,0.00012,0.00011,0.00013,0.00011,0.00012,8.90E-05,0.00010713,0.00010423,0.000104379
2,6,8,0.00011,0.00012,0.0001,0.00013,0.00011,0.00012,9.55E-05,0.0001158,0.00010904,0.000110791
2,6,9,0.00011,0.00012,0.00011,0.00013,0.00011,0.00013,9.55E-05,0.00012143,0.00011152,0.000114277
2,6,10,0.00011,0.00012,0.00012,0.00013,0.00011,0.00012,9.65E-05,0.00012636,0.00010984,0.000118328
2,6,11,0.00011,0.00011,0.00012,0.00013,0.00011,0.00012,9.90E-05,0.00012882,0.00010967,0.000123251
2,6,12,0.00011,0.00011,0.00013,0.00013,0.0001,0.00011,0.00010449,0.00012699,0.00010887,0.00012347
2,6,13,0.00011,0.00013,0.00015,0.00013,0.00011,0.00011,9.80E-05,0.00012447,0.00010794,0.000124496
2,6,14,0.00012,0.00014,0.00016,0.00013,0.00012,0.00012,9.53E-05,0.00012205,0.00010777,0.000125225
2,6,15,0.00012,0.00014,0.00015,0.00013,0.00011,0.00012,9.44E-05,0.00012013,0.00010963,0.000124749
2,6,16,0.00011,0.00013,0.00014,0.00013,0.00011,0.00011,9.49E-05,0.00011804,0.0001136,0.000122189
2,6,17,0.0001,0.00013,0.00012,0.00013,0.00011,0.00011,0.00010264,0.00011722,0.00012072,0.000120629
2,6,18,0.0001,0.00013,0.00012,0.00013,0.00011,0.00011,0.00010771,0.00012998,0.0001318,0.000129299
2,6,19,0.0001,0.00012,0.00012,0.00013,0.00011,0.00011,0.00010308,0.00013622,0.00013952,0.000131903
2,6,20,0.0001,0.00012,0.00012,0.00013,0.0001,0.00011,0.000102311,0.00013305,0.00014182,0.000128079
2,6,21,0.0001,0.00012,0.00011,0.00013,0.0001,0.0001,9.72E-05,0.00012565,0.0001364,0.000122931
2,6,22,0.0001,0.00012,0.00011,0.00013,0.0001,0.00011,9.11E-05,0.00011598,0.00012545,0.000116477
2,6,23,0.0001,0.00011,0.00011,0.00013,0.00011,0.0001,8.82E-05,0.00010744,0.00011311,0.00010986
3,6,0,0.00011,0.0001,0.00011,0.00013,0.00011,0.00011,9.37E-05,9.76E-05,8.52E-05,0.000104195
3,6,1,0.00011,0.0001,0.00011,0.00013,0.00011,0.0001,9.02E-05,9.33E-05,8.66E-05,0.000100315
3,6,2,0.00011,0.0001,0.00011,0.00013,0.00011,0.0001,8.63E-05,9.00E-05,8.65E-05,9.73E-05
3,6,3,0.00011,0.00011,0.00011,0.00013,0.00011,0.00011,8.47E-05,8.81E-05,8.80E-05,9.51E-05
3,6,4,0.00011,0.00012,0.00012,0.00013,0.00011,0.00011,8.33E-05,8.76E-05,9.05E-05,9.52E-05
3,6,5,0.00011,0.00012,0.00011,0.00013,0.00011,0.00012,8.55E-05,8.79E-05,9.53E-05,9.79E-05
3,6,6,0.00011,0.00012,0.00011,0.00013,0.00011,0.00012,9.66E-05,8.49E-05,0.00010094,9.95E-05
3,6,7,0.00011,0.00012,0.0001,0.00013,0.00011,0.00012,0.000102341,8.86E-05,0.00010629,0.000104379
3,6,8,0.00011,0.00012,0.00011,0.00013,0.00011,0.00012,0.000102391,9.34E-05,0.00010936,0.000110791
3,6,9,0.00011,0.00012,0.0001,0.00013,0.00011,0.00012,0.00010369,9.74E-05,0.00011061,0.000114277
3,6,10,0.00011,0.00012,0.00011,0.00013,0.00011,0.00012,0.00010744,0.0001013,0.00011209,0.000118328
3,6,11,0.00011,0.00011,0.00012,0.00013,0.00011,0.00012,0.00011059,0.00010445,0.00011013,0.000123251
3,6,12,0.00011,0.00011,0.00014,0.00013,0.00011,0.00011,0.00011239,0.00010565,0.00010943,0.00012347
3,6,13,0.00011,0.00014,0.00016,0.00013,0.00012,0.00011,0.00010794,0.0001055,0.00010912,0.000124496
3,6,14,0.00012,0.00014,0.00015,0.00013,0.00012,0.00012,0.00010629,0.00010363,0.00010936,0.000125225
3,6,15,0.00012,0.00014,0.00014,0.00013,0.00011,0.00012,0.00010499,0.00010217,0.00011078,0.000124749
3,6,16,0.00011,0.00013,0.00014,0.00013,0.00011,0.00012,0.00010309,0.00010125,0.0001147,0.000122189
3,6,17,0.0001,0.00013,0.00012,0.00013,0.00011,0.00012,0.00010694,0.00010165,0.00012294,0.000120629
3,6,18,0.0001,0.00013,0.00012,0.00014,0.00011,0.00012,0.000116639,0.00011694,0.00013184,0.000129299
3,6,19,0.0001,0.00013,0.00012,0.00014,0.00011,0.00011,0.00011268,0.00012581,0.00013951,0.000131903
3,6,20,0.0001,0.00012,0.00012,0.00014,0.0001,0.00011,0.00011086,0.00012436,0.00014359,0.000128079
3,6,21,0.0001,0.00012,0.00011,0.00013,0.0001,0.00011,0.00010674,0.0001169,0.00013711,0.000122931
3,6,22,0.0001,0.00012,0.00011,0.00013,0.0001,0.00011,0.000102411,0.00010666,0.00012566,0.000116477
3,6,23,0.0001,0.00012,0.00011,0.00013,0.0001,0.00011,9.63E-05,9.83E-05,0.00011208,0.00010986
4,6,0,0.00011,0.00011,0.00011,0.00013,0.00011,0.00011,0.000140987,9.57E-05,8.58E-05,0.000104195
4,6,1,0.00011,0.00011,0.00011,0.00013,0.00011,0.00011,0.000140987,9.43E-05,8.68E-05,0.000100315
4,6,2,0.00011,0.00011,0.00011,0.00013,0.00011,0.00011,0.000141987,9.23E-05,8.79E-05,9.73E-05
4,6,3,0.00011,0.00011,0.00011,0.00013,0.00011,0.00011,0.000140987,9.18E-05,8.76E-05,9.51E-05
4,6,4,0.00011,0.00012,0.0001,0.00013,0.00011,0.00011,0.000138987,9.44E-05,9.12E-05,9.52E-05
4,6,5,0.00011,0.00012,0.0001,0.00013,0.00011,0.00012,0.000132988,0.0001035,9.46E-05,9.79E-05
4,6,6,0.00011,0.00012,0.0001,0.00014,0.00012,0.00012,0.000129988,0.00010525,9.98E-05,9.95E-05
4,6,7,0.00011,0.00012,0.0001,0.00014,0.00011,0.00012,0.000130988,0.00010862,0.00010454,0.000104379
4,6,8,0.00011,0.00012,0.00009,0.00014,0.00011,0.00012,0.000131988,0.00011766,0.00011034,0.000110791
4,6,9,0.00011,0.00012,0.0001,0.00013,0.00011,0.00012,0.000134488,0.000121,0.00011156,0.000114277
4,6,10,0.00011,0.00012,0.00009,0.00013,0.00011,0.00012,0.000136987,0.00012564,0.00011262,0.000118328
4,6,11,0.00011,0.00011,0.0001,0.00011,0.00011,0.00012,0.000139987,0.00012893,0.00011069,0.000123251
4,6,12,0.00012,0.00011,0.00012,0.0001,0.0001,0.00011,0.000141987,0.00012586,0.00011118,0.00012347
4,6,13,0.00012,0.00013,0.00015,0.00011,0.00011,0.00011,0.000143987,0.00012575,0.00010989,0.000124496
4,6,14,0.00012,0.00014,0.00014,0.00011,0.00012,0.00012,0.000146486,0.00012974,0.00010917,0.000125225
4,6,15,0.00012,0.00014,0.00014,0.00011,0.00012,0.00012,0.000144487,0.00012977,0.00011113,0.000124749
4,6,16,0.00011,0.00013,0.00014,0.00012,0.00011,0.00011,0.000143987,0.00012713,0.00011385,0.000122189
4,6,17,0.00011,0.00013,0.00014,0.00012,0.00011,0.00011,0.000145986,0.00012473,0.00012265,0.000120629
4,6,18,0.0001,0.00013,0.00012,0.00012,0.00011,0.00011,0.000154736,0.00013482,0.0001332,0.000129299
4,6,19,0.0001,0.00012,0.00011,0.00012,0.00011,0.00011,0.000153986,0.00013913,0.00013934,0.000131903
4,6,20,0.0001,0.00012,0.00011,0.00012,0.00011,0.00011,0.000156985,0.00013508,0.00014466,0.000128079
4,6,21,0.0001,0.00012,0.00011,0.00011,0.0001,0.00011,0.000156985,0.00012473,0.00013825,0.000122931
4,6,22,0.0001,0.00012,0.0001,0.00011,0.0001,0.0001,0.000155986,0.00011284,0.00012627,0.000116477
4,6,23,0.00011,0.00012,0.0001,0.00012,0.00011,0.00011,0.000153486,0.00010213,0.00011471,0.00010986
5,6,0,0.00011,0.00011,0.00011,0.00012,0.00011,0.00011,0.00010275,9.98E-05,8.73E-05,0.000104195
5,6,1,0.00011,0.00011,0.00011,0.00012,0.00011,0.00011,0.00010498,9.75E-05,8.76E-05,0.000100315
5,6,2,0.00011,0.00011,0.0001,0.00012,0.00012,0.0001,0.00010323,9.52E-05,8.84E-05,9.73E-05
5,6,3,0.00011,0.00011,0.00011,0.00012,0.00012,0.00011,0.0001027,9.44E-05,8.93E-05,9.51E-05
5,6,4,0.00011,0.00012,0.0001,0.00012,0.00012,0.00011,0.000100601,9.79E-05,9.09E-05,9.52E-05
5,6,5,0.00011,0.00012,0.0001,0.00013,0.00011,0.00011,9.61E-05,0.00010362,9.46E-05,9.79E-05
5,6,6,0.00011,0.00012,0.0001,0.00013,0.00011,0.00011,9.85E-05,0.00010434,0.00010067,9.95E-05
5,6,7,0.00011,0.00011,0.0001,0.00013,0.00011,0.00011,9.83E-05,0.00011089,0.00010622,0.000104379
5,6,8,0.00011,0.00011,0.0001,0.00013,0.00012,0.00011,0.00010376,0.00012073,0.00011063,0.000110791
5,6,9,0.00011,0.00011,0.0001,0.00013,0.00012,0.00011,0.00010641,0.00012514,0.00011262,0.000114277
5,6,10,0.00011,0.00011,0.0001,0.00013,0.00011,0.00011,0.00011069,0.00012952,0.00011277,0.000118328
5,6,11,0.00011,0.00011,0.00012,0.00013,0.00011,0.00011,0.00011236,0.00013183,0.00011166,0.000123251
5,6,12,0.00011,0.00011,0.00012,0.00013,0.00011,0.0001,0.00011099,0.00012832,0.00011056,0.00012347
5,6,13,0.00011,0.00013,0.00014,0.00013,0.00011,0.00011,0.000102511,0.00012837,0.00010958,0.000124496
5,6,14,0.00012,0.00013,0.00013,0.00013,0.00012,0.00011,0.00010288,0.00013008,0.00011027,0.000125225
5,6,15,0.00012,0.00013,0.00014,0.00013,0.00012,0.00011,9.33E-05,0.00013014,0.00011147,0.000124749
5,6,16,0.00011,0.00013,0.00015,0.00013,0.00011,0.00011,9.00E-05,0.0001283,0.00011537,0.000122189
5,6,17,0.0001,0.00012,0.00013,0.00013,0.00011,0.00011,8.88E-05,0.00012552,0.00012332,0.000120629
5,6,18,0.0001,0.00012,0.00012,0.00013,0.00011,0.00011,9.46E-05,0.00013429,0.00013357,0.000129299
5,6,19,0.0001,0.00012,0.00011,0.00013,0.0001,0.00011,9.03E-05,0.00013619,0.00014249,0.000131903
5,6,20,0.0001,0.00012,0.00011,0.00013,0.0001,0.00011,8.98E-05,0.00013171,0.00014405,0.000128079
5,6,21,0.0001,0.00011,0.00011,0.00013,0.0001,0.00011,8.65E-05,0.00012465,0.00013842,0.000122931
5,6,22,0.0001,0.00011,0.00011,0.00013,0.0001,0.0001,8.18E-05,0.00011349,0.0001273,0.000116477
5,6,23,0.0001,0.00011,0.00011,0.00013,0.0001,0.0001,7.82E-05,0.00010438,0.00011288,0.00010986
6,6,0,0.00011,0.0001,0.0001,0.00013,0.00011,0.00011,0.000140987,9.34E-05,8.71E-05,0.000104195
6,6,1,0.00011,0.0001,0.0001,0.00013,0.00011,0.00011,0.000129988,8.94E-05,8.76E-05,0.000100315
6,6,2,0.00011,0.0001,0.00011,0.00013,0.00011,0.00011,0.000129988,8.63E-05,8.82E-05,9.73E-05
6,6,3,0.00011,0.00011,0.00011,0.00013,0.00011,0.00011,0.000127538,8.46E-05,8.90E-05,9.51E-05
6,6,4,0.00011,0.00011,0.00011,0.00013,0.00011,0.00011,0.000123189,8.45E-05,9.01E-05,9.52E-05
6,6,5,0.00011,0.00011,0.00011,0.00013,0.00011,0.00011,0.000115789,8.32E-05,9.54E-05,9.79E-05
6,6,6,0.00011,0.00012,0.0001,0.00014,0.00011,0.00011,0.00011119,8.11E-05,0.00010155,9.95E-05
6,6,7,0.00011,0.00012,0.0001,0.00013,0.00011,0.00011,0.00011104,8.58E-05,0.00010817,0.000104379
6,6,8,0.00011,0.00012,0.0001,0.00013,0.00011,0.00011,0.000115989,9.23E-05,0.00011164,0.000110791
6,6,9,0.00011,0.00012,0.00011,0.00013,0.00011,0.00012,0.000123639,9.80E-05,0.00011313,0.000114277
6,6,10,0.00011,0.00012,0.0001,0.00013,0.00011,0.00011,0.000129288,0.0001032,0.00011345,0.000118328
6,6,11,0.00011,0.00012,0.00012,0.00013,0.00011,0.00011,0.000136287,0.00010713,0.00011232,0.000123251
6,6,12,0.00011,0.00011,0.00014,0.00013,0.0001,0.00011,0.000137987,0.00010852,0.00011109,0.00012347
6,6,13,0.00011,0.00014,0.00015,0.00012,0.00011,0.00011,0.000141187,0.00010746,0.00011003,0.000124496
6,6,14,0.00011,0.00014,0.00015,0.00013,0.00012,0.00011,0.000144487,0.00010498,0.00011033,0.000125225
6,6,15,0.00012,0.00014,0.00015,0.00013,0.00012,0.00011,0.000144987,0.00010372,0.00011087,0.000124749
6,6,16,0.00011,0.00013,0.00015,0.00013,0.00011,0.00011,0.000142237,0.00010249,0.00011552,0.000122189
6,6,17,0.0001,0.00013,0.00012,0.00014,0.00011,0.00011,0.000137487,0.00010302,0.00012505,0.000120629
6,6,18,0.0001,0.00013,0.00012,0.00014,0.00011,0.00011,0.000153511,0.00011649,0.00013371,0.000129299
6,6,19,0.0001,0.00012,0.00011,0.00014,0.00011,0.00011,0.000156985,0.000125,0.00014269,0.000131903
6,6,20,0.00009,0.00012,0.00011,0.00013,0.0001,0.0001,0.000156985,0.00012309,0.00014375,0.000128079
6,6,21,0.00009,0.00012,0.00011,0.00013,0.0001,0.0001,0.000157985,0.00011668,0.00014,0.000122931
6,6,22,0.00009,0.00012,0.00011,0.00013,0.0001,0.0001,0.000159785,0.00010857,0.0001284,0.000116477
6,6,23,0.0001,0.00012,0.00011,0.00013,0.0001,0.0001,0.000159485,9.86E-05,0.00011556,0.00010986
7,6,0,0.0001,0.00011,0.0001,0.00013,0.0001,0.0001,0.000126988,9.77E-05,8.82E-05,0.000104195
7,6,1,0.0001,0.00011,0.00012,0.00013,0.00011,0.0001,0.000124488,9.38E-05,8.82E-05,0.000100315
7,6,2,0.00011,0.00011,0.00012,0.00013,0.00011,0.0001,0.000120189,9.24E-05,8.82E-05,9.73E-05
7,6,3,0.00011,0.00011,0.00012,0.00013,0.00011,0.0001,0.000116599,9.16E-05,8.94E-05,9.51E-05
7,6,4,0.0001,0.00011,0.00011,0.00013,0.00011,0.0001,0.00011269,9.42E-05,9.14E-05,9.52E-05
7,6,5,0.0001,0.00011,0.0001,0.00013,0.0001,0.0001,0.000115254,0.00010104,9.78E-05,9.79E-05
7,6,6,0.0001,0.00011,0.0001,0.00013,0.0001,0.0001,0.00010977,0.00010347,0.00010296,9.95E-05
7,6,7,0.0001,0.00011,0.00011,0.00013,0.0001,0.0001,0.00011184,0.00011057,0.00010837,0.000104379
7,6,8,0.0001,0.00011,0.00012,0.00013,0.0001,0.0001,0.000117739,0.00011756,0.0001115,0.000110791
7,6,9,0.0001,0.00011,0.00012,0.00013,0.0001,0.0001,0.000120289,0.00012088,0.0001133,0.000114277
7,6,10,0.0001,0.00011,0.00012,0.00013,0.0001,0.0001,0.000121889,0.00012546,0.00011311,0.000118328
7,6,11,0.0001,0.00011,0.00013,0.00013,0.0001,0.0001,0.000127488,0.00012895,0.00011263,0.000123251
7,6,12,0.0001,0.00011,0.00013,0.00012,0.00009,0.0001,0.000125188,0.00012617,0.00011203,0.00012347
7,6,13,0.00011,0.00013,0.00014,0.00012,0.00011,0.0001,0.000128988,0.00012627,0.00011099,0.000124496
7,6,14,0.00011,0.00013,0.00016,0.00013,0.00011,0.00011,0.000131188,0.00012913,0.00010985,0.000125225
7,6,15,0.00011,0.00013,0.00016,0.00013,0.00011,0.00011,0.000129688,0.00012982,0.00011201,0.000124749
7,6,16,0.00011,0.00013,0.00016,0.00013,0.00011,0.0001,0.000125388,0.00012792,0.00011706,0.000122189
7,6,17,0.0001,0.00013,0.00013,0.00013,0.00011,0.00011,0.000120989,0.00012417,0.00012636,0.000120629
7,6,18,0.0001,0.00012,0.00012,0.00014,0.0001,0.0001,0.000140487,0.00013191,0.00013369,0.000129299
7,6,19,0.00009,0.00011,0.00012,0.00014,0.0001,0.0001,0.000146486,0.00013942,0.00014393,0.000131903
7,6,20,0.00009,0.00011,0.00012,0.00013,0.0001,0.0001,0.000146186,0.00013578,0.00014631,0.000128079
7,6,21,0.00009,0.00011,0.00012,0.00013,0.0001,0.0001,0.000146586,0.00012827,0.00014068,0.000122931
7,6,22,0.0001,0.00011,0.00011,0.00013,0.0001,0.0001,0.000144287,0.00011691,0.00012899,0.000116477
7,6,23,0.0001,0.00011,0.00011,0.00013,0.0001,0.0001,0.000145687,0.0001065,0.00011437,0.00010986
8,6,0,0.0001,0.0001,0.00011,0.00013,0.0001,0.0001,0.000118499,0.00010347,8.83E-05,0.000104195
8,6,1,0.00011,0.0001,0.00011,0.00013,0.00011,0.0001,0.000113739,9.98E-05,8.70E-05,0.000100315
8,6,2,0.00011,0.0001,0.00012,0.00013,0.00011,0.0001,0.00011054,9.70E-05,8.98E-05,9.73E-05
8,6,3,0.00011,0.0001,0.00012,0.00013,0.00011,0.0001,0.00010856,9.60E-05,9.06E-05,9.51E-05
8,6,4,0.00011,0.00011,0.00013,0.00013,0.00011,0.00011,0.00010517,9.65E-05,9.11E-05,9.52E-05
8,6,5,0.0001,0.00011,0.00012,0.00013,0.00011,0.00011,0.000100011,9.88E-05,9.55E-05,9.79E-05
8,6,6,0.0001,0.00011,0.00012,0.00013,0.00011,0.00011,9.99E-05,9.90E-05,0.0001014,9.95E-05
8,6,7,0.0001,0.00011,0.00012,0.00013,0.00011,0.00011,0.000100611,0.00010728,0.00010905,0.000104379
8,6,8,0.0001,0.00011,0.00012,0.00013,0.00011,0.00011,0.00010346,0.00011634,0.00011185,0.000110791
8,6,9,0.0001,0.00011,0.00012,0.00013,0.00011,0.00011,0.00010459,0.00012255,0.00011441,0.000114277
8,6,10,0.0001,0.00011,0.00013,0.00013,0.00011,0.00011,0.00010667,0.00012806,0.00011337,0.000118328
8,6,11,0.0001,0.00011,0.00013,0.00013,0.00011,0.0001,0.00011097,0.000131,0.00011202,0.000123251
8,6,12,0.00011,0.00012,0.00014,0.00013,0.0001,0.0001,0.000115019,0.00013003,0.00011171,0.00012347
8,6,13,0.00011,0.00013,0.00015,0.00013,0.00012,0.00011,0.000117049,0.00012695,0.00011051,0.000124496
8,6,14,0.00011,0.00014,0.00016,0.00014,0.00012,0.00011,0.000116739,0.00012458,0.00011077,0.000125225
8,6,15,0.00011,0.00014,0.00016,0.00014,0.00012,0.00011,0.000114159,0.00012284,0.00011308,0.000124749
8,6,16,0.00011,0.00014,0.00016,0.00014,0.00011,0.00011,0.00010917,0.00012051,0.00011625,0.000122189
8,6,17,0.0001,0.00013,0.00014,0.00014,0.00011,0.00011,0.000101701,0.00011867,0.0001246,0.000120629
8,6,18,0.0001,0.00013,0.00014,0.00013,0.00011,0.0001,0.000125358,0.00012958,0.00013504,0.000129299
8,6,19,0.00009,0.00012,0.00013,0.00013,0.0001,0.0001,0.000128778,0.00013663,0.00014446,0.000131903
8,6,20,0.00009,0.00012,0.00013,0.00013,0.0001,0.0001,0.000130628,0.00013255,0.00014581,0.000128079
8,6,21,0.00009,0.00012,0.00013,0.00013,0.0001,0.0001,0.000131768,0.00012569,0.00013943,0.000122931
8,6,22,0.0001,0.00012,0.00013,0.00013,0.0001,0.0001,0.000132488,0.00011616,0.00012861,0.000116477
8,6,23,0.0001,0.00012,0.00013,0.00013,0.0001,0.0001,0.000133488,0.00010851,0.00011351,0.00010986
9,6,0,0.00011,0.00011,0.00013,0.00013,0.00011,0.0001,0.000146486,9.83E-05,8.87E-05,0.000104195
9,6,1,0.00011,0.00011,0.00013,0.00013,0.00011,0.0001,0.000141987,9.48E-05,8.85E-05,0.000100315
9,6,2,0.00011,0.00011,0.00013,0.00013,0.00011,0.0001,0.000137987,9.26E-05,8.94E-05,9.73E-05
9,6,3,0.00011,0.00011,0.00012,0.00013,0.00011,0.0001,0.000128488,9.21E-05,9.05E-05,9.51E-05
9,6,4,0.00011,0.00012,0.00013,0.00013,0.00011,0.00011,0.000126488,9.56E-05,9.39E-05,9.52E-05
9,6,5,0.00011,0.00012,0.00012,0.00013,0.00011,0.0001,0.000116489,0.00010437,9.70E-05,9.79E-05
9,6,6,0.00011,0.00012,0.00012,0.00013,0.00011,0.00011,0.00011099,0.0001056,0.00010255,9.95E-05
9,6,7,0.00011,0.00012,0.00012,0.00012,0.00011,0.00011,0.00011049,0.0001119,0.00010838,0.000104379
9,6,8,0.00011,0.00011,0.00013,0.00012,0.00011,0.00011,0.00010849,0.00012057,0.00011306,0.000110791
9,6,9,0.00011,0.00012,0.00013,0.00012,0.00011,0.00011,0.00011079,0.00012562,0.00011597,0.000114277
9,6,10,0.00011,0.00012,0.00013,0.00012,0.00011,0.00011,0.000113989,0.00012991,0.00011331,0.000118328
9,6,11,0.00011,0.00012,0.00013,0.00012,0.00011,0.0001,0.000119489,0.00013388,0.00011298,0.000123251
9,6,12,0.00011,0.00012,0.00011,0.00012,0.0001,0.0001,0.000127688,0.00013127,0.00011157,0.00012347
9,6,13,0.00011,0.00014,0.00016,0.00012,0.00011,0.00011,0.000125988,0.00013198,0.00011113,0.000124496
9,6,14,0.00012,0.00014,0.00016,0.00013,0.00012,0.00011,0.000127988,0.00013427,0.00011123,0.000125225
9,6,15,0.00012,0.00014,0.00016,0.00013,0.00012,0.00011,0.000120989,0.0001343,0.00011399,0.000124749
9,6,16,0.00011,0.00014,0.00016,0.00013,0.00011,0.00011,0.000119589,0.00013208,0.00011667,0.000122189
9,6,17,0.0001,0.00013,0.00015,0.00013,0.00011,0.00011,0.000115389,0.00012947,0.00012712,0.000120629
9,6,18,0.0001,0.00013,0.00014,0.00013,0.00011,0.0001,0.000140737,0.00014075,0.00013504,0.000129299
9,6,19,0.0001,0.00013,0.00013,0.00013,0.0001,0.0001,0.000142487,0.00014346,0.00014411,0.000131903
9,6,20,0.0001,0.00012,0.00013,0.00013,0.0001,0.0001,0.000146486,0.00013858,0.00014604,0.000128079
9,6,21,0.0001,0.00012,0.00013,0.00012,0.0001,0.0001,0.000146486,0.00013032,0.0001419,0.000122931
9,6,22,0.0001,0.00012,0.00013,0.00012,0.00009,0.0001,0.000146986,0.00011776,0.0001297,0.000116477
9,6,23,0.0001,0.00012,0.00013,0.00012,0.00009,0.0001,0.000147486,0.0001075,0.00011527,0.00010986
10,6,0,0.00011,0.00011,0.00012,0.00012,0.00011,0.0001,0.000117239,9.95E-05,8.87E-05,0.000104195
10,6,1,0.00011,0.00011,0.00012,0.00012,0.00012,0.0001,0.000114019,9.54E-05,9.01E-05,0.000100315
10,6,2,0.00011,0.00011,0.00012,0.00012,0.00012,0.0001,0.00010935,9.32E-05,9.01E-05,9.73E-05
10,6,3,0.00011,0.00011,0.00013,0.00013,0.00011,0.0001,0.00010712,9.30E-05,9.04E-05,9.51E-05
10,6,4,0.00011,0.00012,0.00011,0.00013,0.00011,0.00011,0.00010404,9.74E-05,9.35E-05,9.52E-05
10,6,5,0.00011,0.00011,0.00011,0.00013,0.00011,0.00011,0.000102401,0.00010533,9.89E-05,9.79E-05
10,6,6,0.00011,0.00011,0.00011,0.00013,0.00011,0.00011,0.00010478,0.00010791,0.00010266,9.95E-05
10,6,7,0.00011,0.00011,0.00011,0.00013,0.00011,0.00011,0.00010629,0.00011508,0.00010999,0.000104379
10,6,8,0.00011,0.00011,0.00011,0.00014,0.00011,0.00011,0.00011024,0.00012269,0.00011386,0.000110791
10,6,9,0.00011,0.00011,0.00011,0.00014,0.00011,0.00011,0.000114189,0.00012681,0.00011468,0.000114277
10,6,10,0.00011,0.00011,0.00011,0.00013,0.00011,0.00011,0.000116789,0.00013222,0.00011325,0.000118328
10,6,11,0.00011,0.00011,0.00012,0.00013,0.00011,0.00011,0.000122789,0.00013453,0.00011369,0.000123251
10,6,12,0.00011,0.00011,0.00014,0.00013,0.0001,0.0001,0.000125988,0.00013135,0.00011449,0.00012347
10,6,13,0.00011,0.00013,0.00016,0.00013,0.00011,0.00011,0.000121639,0.00013217,0.00011161,0.000124496
10,6,14,0.00012,0.00014,0.00015,0.00014,0.00012,0.00011,0.000125388,0.00013392,0.00011263,0.000125225
10,6,15,0.00012,0.00014,0.00016,0.00014,0.00012,0.00011,0.000123689,0.00013273,0.00011486,0.000124749
10,6,16,0.00011,0.00013,0.00016,0.00014,0.00011,0.00011,0.000121089,0.00013067,0.00011744,0.000122189
10,6,17,0.0001,0.00013,0.00014,0.00014,0.00011,0.00011,0.000136987,0.00013227,0.00012632,0.000120629
10,6,18,0.0001,0.00012,0.00015,0.00014,0.0001,0.0001,0.000138787,0.00014399,0.00013642,0.000129299
10,6,19,0.0001,0.00012,0.00011,0.00014,0.0001,0.0001,0.000140287,0.00014322,0.0001446,0.000131903
10,6,20,0.0001,0.00012,0.00011,0.00014,0.0001,0.0001,0.000134338,0.00013759,0.00014745,0.000128079
10,6,21,0.0001,0.00011,0.00012,0.00013,0.0001,0.0001,0.000133288,0.00012889,0.00014095,0.000122931
10,6,22,0.0001,0.00011,0.00012,0.00013,0.0001,0.0001,0.000132788,0.00011614,0.00013048,0.000116477
10,6,23,0.0001,0.00011,0.00011,0.00013,0.0001,0.0001,0.000131088,0.00010496,0.00011523,0.00010986
11,6,0,0.00011,0.0001,0.00012,0.00012,0.00011,0.0001,0.00010418,9.45E-05,8.86E-05,0.000104195
11,6,1,0.00011,0.0001,0.00012,0.00012,0.00012,0.0001,9.40E-05,9.05E-05,8.89E-05,0.000100315
11,6,2,0.00011,0.00011,0.00013,0.00011,0.00011,0.0001,8.72E-05,8.82E-05,8.96E-05,9.73E-05
11,6,3,0.00011,0.00011,0.00014,0.00011,0.00011,0.00011,8.57E-05,8.66E-05,9.06E-05,9.51E-05
11,6,4,0.00011,0.00011,0.00012,0.00011,0.00011,0.00011,8.51E-05,8.65E-05,9.36E-05,9.52E-05
11,6,5,0.00011,0.00011,0.00011,0.00011,0.00011,0.00011,8.43E-05,8.51E-05,9.80E-05,9.79E-05
11,6,6,0.00011,0.00011,0.00012,0.00011,0.00011,0.00011,8.93E-05,8.41E-05,0.00010323,9.95E-05
11,6,7,0.00011,0.00011,0.00011,0.00011,0.00011,0.00011,9.29E-05,8.93E-05,0.00010935,0.000104379
11,6,8,0.00011,0.00011,0.00012,0.00011,0.00011,0.00011,9.49E-05,9.38E-05,0.00011314,0.000110791
11,6,9,0.00011,0.00011,0.00011,0.00012,0.0001,0.00011,9.71E-05,9.93E-05,0.00011531,0.000114277
11,6,10,0.00011,0.00011,0.00012,0.00012,0.0001,0.00011,0.000100761,0.00010316,0.00011587,0.000118328
11,6,11,0.00011,0.00011,0.00013,0.00011,0.00011,0.0001,0.00010718,0.00010591,0.00011372,0.000123251
11,6,12,0.00011,0.00011,0.00013,0.00011,0.0001,0.0001,0.00011123,0.00010658,0.00011243,0.00012347
11,6,13,0.00012,0.00013,0.00015,0.00011,0.00011,0.00011,0.00011079,0.00010502,0.0001125,0.000124496
11,6,14,0.00012,0.00013,0.00015,0.00012,0.00012,0.00011,0.00011077,0.00010219,0.00011253,0.000125225
11,6,15,0.00012,0.00013,0.00015,0.00012,0.00011,0.00011,0.00010812,0.0001005,0.00011353,0.000124749
11,6,16,0.00011,0.00013,0.00014,0.00012,0.00011,0.00011,0.00010922,9.97E-05,0.00011858,0.000122189
11,6,17,0.00011,0.00013,0.00013,0.00012,0.00011,0.00011,0.000125788,0.0001058,0.00012573,0.000120629
11,6,18,0.0001,0.00012,0.00013,0.00012,0.0001,0.0001,0.000121554,0.00012063,0.00013581,0.000129299
11,6,19,0.0001,0.00012,0.00012,0.00012,0.0001,0.0001,0.000118339,0.00012127,0.00014522,0.000131903
11,6,20,0.0001,0.00012,0.00012,0.00012,0.0001,0.0001,0.000116989,0.00011837,0.00014769,0.000128079
11,6,21,0.0001,0.00011,0.00012,0.00012,0.0001,0.0001,0.00011315,0.00011253,0.00014287,0.000122931
11,6,22,0.0001,0.00011,0.00012,0.00011,0.0001,0.0001,0.00011113,0.00010526,0.00013078,0.000116477
11,6,23,0.0001,0.00011,0.00011,0.00012,0.0001,0.0001,0.00010821,9.68E-05,0.00011666,0.00010986
12,6,0,0.00011,0.00011,0.00011,0.00012,0.00011,0.0001,8.25E-05,9.88E-05,8.93E-05,0.000104195
12,6,1,0.00011,0.00011,0.00012,0.00012,0.00011,0.0001,7.91E-05,9.45E-05,8.83E-05,0.000100315
12,6,2,0.00011,0.00011,0.00012,0.00012,0.00012,0.0001,7.42E-05,9.21E-05,8.94E-05,9.73E-05
12,6,3,0.00011,0.00011,0.00011,0.00012,0.00011,0.0001,7.16E-05,9.19E-05,9.14E-05,9.51E-05
12,6,4,0.00011,0.00011,0.00012,0.00012,0.00011,0.00011,7.19E-05,9.41E-05,9.40E-05,9.52E-05
12,6,5,0.00011,0.00011,0.00011,0.00013,0.00011,0.00011,7.22E-05,9.99E-05,9.82E-05,9.79E-05
12,6,6,0.00011,0.00011,0.00012,0.00013,0.00011,0.00011,7.47E-05,0.00010362,0.00010488,9.95E-05
12,6,7,0.00011,0.00011,0.00011,0.00012,0.00011,0.0001,8.07E-05,0.00011185,0.00011008,0.000104379
12,6,8,0.00011,0.0001,0.00013,0.00012,0.00011,0.0001,7.95E-05,0.00012024,0.00011495,0.000110791
12,6,9,0.00011,0.00011,0.00011,0.00012,0.0001,0.0001,7.84E-05,0.00012513,0.00011591,0.000114277
12,6,10,0.00011,0.00011,0.00011,0.00012,0.0001,0.0001,7.95E-05,0.00012912,0.00011492,0.000118328
12,6,11,0.00011,0.0001,0.00012,0.00012,0.0001,0.0001,8.68E-05,0.00013303,0.00011423,0.000123251
12,6,12,0.00011,0.00011,0.00013,0.00012,0.0001,0.0001,9.40E-05,0.00013156,0.00011344,0.00012347
12,6,13,0.00011,0.00013,0.00016,0.00012,0.00012,0.0001,7.69E-05,0.00013147,0.00011191,0.000124496
12,6,14,0.00012,0.00013,0.00016,0.00013,0.00012,0.00011,7.35E-05,0.00013346,0.00011151,0.000125225
12,6,15,0.00012,0.00013,0.00015,0.00013,0.00012,0.0001,7.21E-05,0.00013349,0.00011472,0.000124749
12,6,16,0.00011,0.00013,0.00015,0.00013,0.00011,0.0001,7.60E-05,0.00013115,0.00011954,0.000122189
12,6,17,0.0001,0.00012,0.00014,0.00013,0.00011,0.0001,8.93E-05,0.00013154,0.00012671,0.000120629
12,6,18,0.0001,0.00012,0.00013,0.00013,0.0001,0.00009,8.88E-05,0.00014549,0.00013652,0.000129299
12,6,19,0.0001,0.00011,0.00012,0.00012,0.0001,0.00009,8.85E-05,0.00014481,0.00014552,0.000131903
12,6,20,0.0001,0.00011,0.00012,0.00012,0.0001,0.00009,8.78E-05,0.00014011,0.00014865,0.000128079
12,6,21,0.0001,0.00011,0.00012,0.00011,0.0001,0.00009,8.41E-05,0.0001305,0.00014318,0.000122931
12,6,22,0.0001,0.00011,0.00012,0.00011,0.0001,0.00009,8.04E-05,0.00012016,0.00013064,0.000116477
12,6,23,0.0001,0.0001,0.00012,0.00011,0.0001,0.00009,7.74E-05,0.00010816,0.00011606,0.00010986
6,13,0,0.00011,0.0001,0.00012,0.00011,0.00011,0.00009,0.000159785,9.44E-05,8.94E-05,0.000104195
6,13,1,0.00011,0.0001,0.00012,0.00011,0.00011,0.00009,0.000153986,9.07E-05,9.03E-05,0.000100315
6,13,2,0.00011,0.0001,0.00012,0.00011,0.00012,0.00009,0.000150486,8.84E-05,9.02E-05,9.73E-05
6,13,3,0.00011,0.00011,0.00012,0.00011,0.00011,0.00009,0.000143787,8.77E-05,9.25E-05,9.51E-05
6,13,4,0.00011,0.00011,0.00011,0.00011,0.00011,0.0001,0.000141487,9.04E-05,9.37E-05,9.52E-05
6,13,5,0.00011,0.00011,0.00012,0.00011,0.00011,0.0001,0.000134488,9.70E-05,9.86E-05,9.79E-05
6,13,6,0.00011,0.00011,0.00011,0.00011,0.00011,0.0001,0.000129988,0.00010109,0.00010515,9.95E-05
6,13,7,0.00011,0.00011,0.0001,0.00011,0.00011,0.0001,0.000127488,0.00010924,0.0001115,0.000104379
6,13,8,0.00011,0.00011,0.00011,0.0001,0.00011,0.0001,0.000130488,0.00011948,0.00011432,0.000110791
6,13,9,0.00011,0.00011,0.00012,0.0001,0.00011,0.0001,0.000133488,0.00012456,0.00011603,0.000114277
6,13,10,0.00011,0.00011,0.00012,0.0001,0.00011,0.0001,0.000137987,0.00012929,0.00011575,0.000118328
6,13,11,0.00011,0.00011,0.00013,0.0001,0.0001,0.0001,0.000143987,0.00013304,0.00011515,0.000123251
6,13,12,0.00011,0.00011,0.00013,0.0001,0.0001,0.0001,0.000146886,0.00012913,0.00011462,0.00012347
6,13,13,0.00011,0.00013,0.00015,0.0001,0.00011,0.00011,0.000147486,0.00012876,0.00011242,0.000124496
6,13,14,0.00011,0.00013,0.00016,0.00011,0.00012,0.00011,0.000146986,0.00013008,0.00011374,0.000125225
6,13,15,0.00011,0.00013,0.00016,0.00011,0.00011,0.00011,0.000140687,0.00012831,0.00011473,0.000124749
6,13,16,0.00011,0.00013,0.00015,0.00011,0.00011,0.0001,0.000125508,0.00012209,0.00011985,0.000122189
6,13,17,0.0001,0.00012,0.00014,0.00011,0.00011,0.0001,0.000114089,0.00012,0.00012739,0.000120629
6,13,18,0.0001,0.00012,0.00013,0.00011,0.00011,0.0001,0.000133813,0.00013138,0.00013887,0.000129299
6,13,19,0.00009,0.00012,0.00013,0.0001,0.0001,0.00009,0.000137587,0.00013638,0.00014739,0.000131903
6,13,20,0.00009,0.00011,0.00013,0.0001,0.0001,0.00009,0.000140987,0.00013294,0.00014887,0.000128079
6,13,21,0.00009,0.00011,0.00013,0.0001,0.0001,0.00009,0.000143487,0.0001232,0.00014424,0.000122931
6,13,22,0.00009,0.00011,0.00012,0.0001,0.0001,0.00009,0.000143237,0.00011286,0.00013059,0.000116477
6,13,23,0.0001,0.00011,0.00012,0.0001,0.0001,0.00009,0.000142987,0.00010137,0.00011671,0.00010986
6,14,0,0.0001,0.0001,0.00011,0.0001,0.00011,0.00009,0.000140987,9.49E-05,9.02E-05,0.000104195
6,14,1,0.0001,0.00011,0.00011,0.0001,0.00011,0.00009,0.000139187,9.13E-05,9.05E-05,0.000100315
6,14,2,0.00011,0.00011,0.00012,0.0001,0.00011,0.00009,0.000133738,8.85E-05,9.06E-05,9.73E-05
6,14,3,0.00011,0.00011,0.0001,0.0001,0.00011,0.00009,0.000127688,8.83E-05,9.31E-05,9.51E-05
6,14,4,0.0001,0.00011,0.0001,0.0001,0.00011,0.0001,0.000123239,9.11E-05,9.46E-05,9.52E-05
6,14,5,0.0001,0.00011,0.0001,0.0001,0.00011,0.0001,0.000113489,9.88E-05,9.79E-05,9.79E-05
6,14,6,0.0001,0.00011,0.0001,0.0001,0.00011,0.00009,0.00011074,0.00010104,0.00010505,9.95E-05
6,14,7,0.0001,0.00011,0.00011,0.0001,0.00011,0.00009,0.00010799,0.00010844,0.00011005,0.000104379
6,14,8,0.0001,0.00011,0.00012,0.0001,0.00011,0.00009,0.00010681,0.00011769,0.00011362,0.000110791
6,14,9,0.0001,0.00011,0.00012,0.0001,0.00011,0.00009,0.00010831,0.0001221,0.00011586,0.000114277
6,14,10,0.0001,0.00011,0.00012,0.0001,0.0001,0.00009,0.00011181,0.00012666,0.00011572,0.000118328
6,14,11,0.0001,0.00011,0.00012,0.0001,0.0001,0.00009,0.000119279,0.00012989,0.00011547,0.000123251
6,14,12,0.0001,0.00011,0.00013,0.0001,0.0001,0.00009,0.000126278,0.00012719,0.00011515,0.00012347
6,14,13,0.00011,0.00013,0.00016,0.0001,0.00011,0.00009,0.000123389,0.0001271,0.00011318,0.000124496
6,14,14,0.00011,0.00013,0.00015,0.00011,0.00012,0.0001,0.000126698,0.00012752,0.0001134,0.000125225
6,14,15,0.00011,0.00014,0.00015,0.00011,0.00011,0.0001,0.000124728,0.00012727,0.00011562,0.000124749
6,14,16,0.00011,0.00013,0.00015,0.00011,0.00011,0.0001,0.000119159,0.00012555,0.00011924,0.000122189
6,14,17,0.0001,0.00013,0.00014,0.00011,0.00011,0.00009,0.000116189,0.00012319,0.00012805,0.000120629
6,14,18,0.0001,0.00013,0.00014,0.0001,0.00011,0.00009,0.000135262,0.00013291,0.00013734,0.000129299
6,14,19,0.00009,0.00012,0.00013,0.0001,0.0001,0.00009,0.000143187,0.00013698,0.00014659,0.000131903
6,14,20,0.00009,0.00012,0.00013,0.0001,0.0001,0.00009,0.000145087,0.00013244,0.00014884,0.000128079
6,14,21,0.00009,0.00012,0.00013,0.00009,0.0001,0.00009,0.000145886,0.00012354,0.00014275,0.000122931
6,14,22,0.0001,0.00012,0.00012,0.00009,0.0001,0.00009,0.000148186,0.0001118,0.00013116,0.000116477
6,14,23,0.0001,0.00011,0.00011,0.00009,0.00011,0.00009,0.000148986,9.90E-05,0.00011702,0.00010986
6,15,0,0.0001,0.00011,0.00012,0.0001,0.00011,0.00009,0.000145986,9.30E-05,9.17E-05,0.000104195
6,15,1,0.0001,0.00011,0.00011,0.0001,0.00012,0.00009,0.000140487,8.97E-05,8.97E-05,0.000100315
6,15,2,0.00011,0.00011,0.00012,0.0001,0.00012,0.00009,0.000136987,8.82E-05,9.12E-05,9.73E-05
6,15,3,0.00011,0.00012,0.00011,0.0001,0.00012,0.00009,0.000132488,8.79E-05,9.39E-05,9.51E-05
6,15,4,0.00011,0.00012,0.00012,0.0001,0.00012,0.0001,0.000126688,9.09E-05,9.49E-05,9.52E-05
6,15,5,0.0001,0.00012,0.00012,0.00011,0.00011,0.0001,0.000118789,9.67E-05,9.89E-05,9.79E-05
6,15,6,0.0001,0.00012,0.00012,0.00011,0.00011,0.0001,0.00011074,1.00E-04,0.00010563,9.95E-05
6,15,7,0.0001,0.00012,0.00011,0.0001,0.00012,0.0001,0.00010853,0.00010781,0.00011072,0.000104379
6,15,8,0.0001,0.00012,0.00012,0.00011,0.00011,0.0001,0.0001094,0.00011591,0.00011445,0.000110791
6,15,9,0.0001,0.00013,0.00012,0.00011,0.00011,0.0001,0.00011001,0.00012177,0.00011589,0.000114277
6,15,10,0.0001,0.00013,0.00012,0.00011,0.00011,0.0001,0.000113439,0.00012676,0.00011692,0.000118328
6,15,11,0.0001,0.00012,0.00013,0.00011,0.00011,0.0001,0.000117559,0.00013042,0.0001155,0.000123251
6,15,12,0.00011,0.00013,0.00014,0.0001,0.00011,0.0001,0.000120639,0.0001283,0.00011388,0.00012347
6,15,13,0.00011,0.00014,0.00016,0.0001,0.00012,0.0001,0.000123659,0.00012803,0.00011345,0.000124496
6,15,14,0.00011,0.00014,0.00016,0.00011,0.00013,0.00011,0.000122679,0.00012995,0.00011426,0.000125225
6,15,15,0.00011,0.00014,0.00016,0.00011,0.00012,0.00011,0.000117639,0.00013015,0.00011596,0.000124749
6,15,16,0.00011,0.00014,0.00015,0.0001,0.00012,0.0001,0.000114339,0.00012754,0.00012011,0.000122189
6,15,17,0.0001,0.00014,0.00014,0.0001,0.00012,0.0001,0.00011108,0.00012564,0.00012769,0.000120629
6,15,18,0.0001,0.00013,0.00014,0.0001,0.00011,0.0001,0.000128788,0.00013374,0.00013876,0.000129299
6,15,19,0.00009,0.00013,0.00013,0.0001,0.00011,0.00009,0.000133338,0.00013876,0.00014639,0.000131903
6,15,20,0.00009,0.00013,0.00013,0.0001,0.00011,0.00009,0.000137217,0.00013453,0.00014896,0.000128079
6,15,21,0.00009,0.00012,0.00012,0.00009,0.00011,0.00009,0.000137327,0.00012452,0.00014319,0.000122931
6,15,22,0.0001,0.00012,0.00012,0.00009,0.00011,0.00009,0.000137367,0.00011321,0.00013123,0.000116477
6,15,23,0.0001,0.00012,0.00012,0.00009,0.00011,0.00009,0.000137077,0.00010301,0.00011732,0.00010986
6,16,0,0.0001,0.00011,0.00012,0.0001,0.00012,0.00009,0.000135437,9.80E-05,9.14E-05,0.000104195
6,16,1,0.00011,0.00011,0.00011,0.0001,0.00012,0.00009,0.000129528,9.50E-05,9.05E-05,0.000100315
6,16,2,0.00011,0.00011,0.00012,0.0001,0.00012,0.00009,0.000123519,9.26E-05,9.01E-05,9.73E-05
6,16,3,0.00011,0.00012,0.00012,0.0001,0.00012,0.0001,0.000118659,9.19E-05,9.32E-05,9.51E-05
6,16,4,0.00011,0.00012,0.00012,0.00011,0.00012,0.0001,0.000114059,9.45E-05,9.52E-05,9.52E-05
6,16,5,0.00011,0.00012,0.00012,0.00011,0.00012,0.0001,0.00010453,9.81E-05,9.73E-05,9.79E-05
6,16,6,0.00011,0.00012,0.00012,0.00011,0.00012,0.0001,0.000100191,0.0001029,0.00010373,9.95E-05
6,16,7,0.00011,0.00012,0.00013,0.00011,0.00012,0.0001,9.96E-05,0.00010983,0.00011149,0.000104379
6,16,8,0.00011,0.00012,0.00012,0.00011,0.00012,0.0001,9.74E-05,0.00011855,0.00011502,0.000110791
6,16,9,0.00011,0.00012,0.00012,0.00011,0.00012,0.0001,9.75E-05,0.00012236,0.00011774,0.000114277
6,16,10,0.00011,0.00012,0.00013,0.00011,0.00011,0.0001,9.86E-05,0.00012766,0.00011743,0.000118328
6,16,11,0.00011,0.00012,0.00013,0.00011,0.00011,0.0001,0.00010336,0.00013167,0.00011585,0.000123251
6,16,12,0.00011,0.00012,0.00014,0.00011,0.00011,0.0001,0.00010925,0.00012883,0.00011474,0.00012347
6,16,13,0.00011,0.00014,0.00016,0.00012,0.00012,0.0001,0.000113859,0.00012908,0.00011397,0.000124496
6,16,14,0.00011,0.00014,0.00016,0.00012,0.00013,0.00011,0.000114599,0.00013217,0.00011439,0.000125225
6,16,15,0.00012,0.00014,0.00016,0.00012,0.00012,0.00011,0.00011042,0.00013252,0.00011516,0.000124749
6,16,16,0.00011,0.00014,0.00014,0.00011,0.00012,0.0001,0.0001038,0.00012969,0.00011936,0.000122189
6,16,17,0.0001,0.00013,0.00014,0.00011,0.00012,0.0001,0.000101911,0.00012635,0.00012758,0.000120629
6,16,18,0.0001,0.00013,0.00013,0.00011,0.00011,0.0001,0.000122559,0.00013361,0.00014024,0.000129299
6,16,19,0.0001,0.00013,0.00013,0.00011,0.00011,0.0001,0.000125228,0.00014056,0.00014611,0.000131903
6,16,20,0.0001,0.00012,0.00013,0.00011,0.00011,0.00009,0.000128708,0.00013633,0.00014973,0.000128079
6,16,21,0.0001,0.00012,0.00013,0.00011,0.00011,0.00009,0.000128368,0.00012979,0.00014299,0.000122931
6,16,22,0.0001,0.00012,0.00012,0.0001,0.00011,0.00009,0.000130308,0.00011964,0.00013226,0.000116477
6,16,23,0.0001,0.00012,0.00012,0.00011,0.00011,0.00009,0.000131028,0.00010851,0.00011847,0.00010986
6,17,0,0.00011,0.00011,0.00012,0.00011,0.00012,0.0001,0.000128798,0.00010172,9.07E-05,0.000104195
6,17,1,0.00011,0.00011,0.00011,0.00011,0.00012,0.0001,0.000123879,9.61E-05,9.11E-05,0.000100315
6,17,2,0.00011,0.00011,0.00012,0.00011,0.00012,0.0001,0.000120819,9.29E-05,9.17E-05,9.73E-05
6,17,3,0.00011,0.00011,0.00012,0.00011,0.00012,0.0001,0.000116629,9.19E-05,9.17E-05,9.51E-05
6,17,4,0.00011,0.00012,0.00012,0.00011,0.00012,0.0001,0.000115379,9.39E-05,9.42E-05,9.52E-05
6,17,5,0.00011,0.00011,0.00012,0.00011,0.00012,0.0001,0.00010929,0.00010012,9.91E-05,9.79E-05
6,17,6,0.00011,0.00011,0.00011,0.00012,0.00012,0.0001,0.00010543,0.00010375,0.00010623,9.95E-05
6,17,7,0.00011,0.00011,0.00011,0.00012,0.00012,0.0001,9.62E-05,0.00011248,0.00011159,0.000104379
6,17,8,0.00011,0.00011,0.00011,0.00012,0.00012,0.0001,9.23E-05,0.00012116,0.00011644,0.000110791
6,17,9,0.00011,0.00011,0.00012,0.00012,0.00012,0.0001,8.88E-05,0.00012596,0.0001173,0.000114277
6,17,10,0.00011,0.00011,0.00012,0.00012,0.00012,0.0001,8.92E-05,0.00013107,0.00011622,0.000118328
6,17,11,0.00011,0.00011,0.00012,0.00012,0.00012,0.0001,9.10E-05,0.0001344,0.00011472,0.000123251
6,17,12,0.00011,0.00011,0.00014,0.00012,0.00011,0.0001,9.46E-05,0.00013175,0.00011425,0.00012347
6,17,13,0.00011,0.00013,0.00016,0.00012,0.00012,0.0001,0.000100811,0.00013242,0.00011422,0.000124496
6,17,14,0.00012,0.00013,0.00016,0.00013,0.00013,0.00011,0.00010317,0.00013458,0.00011566,0.000125225
6,17,15,0.00012,0.00013,0.00016,0.00013,0.00013,0.00011,0.00010642,0.00013453,0.00011668,0.000124749
6,17,16,0.00011,0.00013,0.00016,0.00013,0.00012,0.00011,0.00010616,0.0001312,0.00012061,0.000122189
6,17,17,0.0001,0.00013,0.00014,0.00013,0.00012,0.0001,0.00010515,0.00012683,0.0001276,0.000120629
6,17,18,0.0001,0.00013,0.00014,0.00013,0.00011,0.0001,0.000122219,0.00013463,0.00013872,0.000129299
6,17,19,0.0001,0.00012,0.00013,0.00013,0.00011,0.0001,0.000126408,0.00013851,0.0001468,0.000131903
6,17,20,0.0001,0.00012,0.00012,0.00012,0.00011,0.0001,0.000129658,0.00013258,0.00015083,0.000128079
6,17,21,0.0001,0.00012,0.00012,0.00012,0.00011,0.0001,0.000129518,0.00012478,0.00014434,0.000122931
6,17,22,0.0001,0.00012,0.00012,0.00012,0.00011,0.00009,0.000130068,0.00011632,0.0001312,0.000116477
6,17,23,0.0001,0.00011,0.00012,0.00012,0.00011,0.0001,0.000130238,0.00010741,0.00011805,0.00010986
6,18,0,0.00011,0.00011,0.00012,0.00012,0.00012,0.0001,0.000127388,0.00010096,9.18E-05,0.000104195
6,18,1,0.00011,0.00011,0.00012,0.00012,0.00012,0.0001,0.000121989,9.65E-05,9.05E-05,0.000100315
6,18,2,0.00011,0.00011,0.00012,0.00012,0.00012,0.0001,0.000117889,9.40E-05,9.21E-05,9.73E-05
6,18,3,0.00011,0.00011,0.00012,0.00013,0.00012,0.0001,0.000115339,9.27E-05,9.34E-05,9.51E-05
6,18,4,0.00011,0.00011,0.00012,0.00013,0.00012,0.0001,0.000113489,9.37E-05,9.56E-05,9.52E-05
6,18,5,0.00011,0.00012,0.00013,0.00013,0.00012,0.0001,0.00010529,9.41E-05,9.93E-05,9.79E-05
6,18,6,0.00011,0.00012,0.00013,0.00013,0.00012,0.0001,0.000101091,9.58E-05,0.0001048,9.95E-05
6,18,7,0.00011,0.00011,0.00013,0.00013,0.00012,0.0001,9.69E-05,0.00010452,0.00011098,0.000104379
6,18,8,0.00011,0.00011,0.00013,0.00013,0.00012,0.0001,9.49E-05,0.00011409,0.00011453,0.000110791
6,18,9,0.00011,0.00011,0.00013,0.00013,0.00012,0.0001,9.07E-05,0.00011985,0.0001166,0.000114277
6,18,10,0.00011,0.00011,0.00013,0.00013,0.00012,0.0001,9.03E-05,0.00012443,0.00011773,0.000118328
6,18,11,0.00011,0.00011,0.00013,0.00013,0.00011,0.0001,9.24E-05,0.00012714,0.00011599,0.000123251
6,18,12,0.00011,0.00011,0.00014,0.00013,0.00011,0.0001,9.68E-05,0.00012552,0.00011569,0.00012347
6,18,13,0.00011,0.00013,0.00016,0.00013,0.00012,0.00011,0.000101711,0.00012257,0.00011449,0.000124496
6,18,14,0.00012,0.00013,0.00016,0.00013,0.00012,0.00011,0.000100841,0.00012015,0.0001133,0.000125225
6,18,15,0.00012,0.00013,0.00015,0.00013,0.00012,0.00011,1.00E-04,0.00011846,0.00011625,0.000124749
6,18,16,0.00011,0.00013,0.00015,0.00014,0.00012,0.00011,9.57E-05,0.0001159,0.00012068,0.000122189
6,18,17,0.0001,0.00013,0.00014,0.00014,0.00012,0.0001,9.09E-05,0.00011529,0.00012921,0.000120629
6,18,18,0.0001,0.00012,0.00013,0.00013,0.00011,0.0001,0.00010939,0.00012614,0.0001387,0.000129299
6,18,19,0.0001,0.00012,0.00013,0.00013,0.00011,0.0001,0.000113689,0.00013237,0.00014749,0.000131903
6,18,20,0.0001,0.00012,0.00012,0.00013,0.00011,0.0001,0.000116319,0.00012957,0.00015009,0.000128079
6,18,21,0.0001,0.00012,0.00012,0.00013,0.00011,0.0001,0.000117929,0.00012305,0.00014428,0.000122931
6,18,22,0.0001,0.00012,0.00012,0.00013,0.00011,0.0001,0.000118779,0.00011379,0.00013267,0.000116477
6,18,23,0.0001,0.00011,0.00012,0.00013,0.00011,0.0001,0.000118179,0.00010412,0.00011798,0.00010986
6,19,0,0.00011,0.00011,0.00012,0.00013,0.00012,0.0001,0.000115789,9.77E-05,9.21E-05,0.000104195
6,19,1,0.00011,0.00011,0.00012,0.00013,0.00012,0.0001,0.00010989,9.32E-05,9.17E-05,0.000100315
6,19,2,0.00011,0.00011,0.00012,0.00013,0.00012,0.0001,0.00010757,8.99E-05,9.17E-05,9.73E-05
6,19,3,0.00011,0.00012,0.00012,0.00013,0.00012,0.0001,0.00010537,8.70E-05,9.26E-05,9.51E-05
6,19,4,0.00011,0.00012,0.00013,0.00013,0.00012,0.0001,0.00010433,8.61E-05,9.48E-05,9.52E-05
6,19,5,0.00011,0.00012,0.00013,0.00013,0.00012,0.0001,9.49E-05,8.51E-05,0.00010081,9.79E-05
6,19,6,0.00011,0.00012,0.00012,0.00013,0.00012,0.0001,9.31E-05,8.15E-05,0.00010543,9.95E-05
6,19,7,0.00011,0.00012,0.00013,0.00013,0.00012,0.0001,9.07E-05,8.58E-05,0.00011217,0.000104379
6,19,8,0.00011,0.00012,0.00013,0.00013,0.00012,0.0001,8.85E-05,9.12E-05,0.00011515,0.000110791
6,19,9,0.00011,0.00012,0.00013,0.00013,0.00012,0.0001,8.63E-05,9.55E-05,0.00011861,0.000114277
6,19,10,0.00011,0.00012,0.00012,0.00013,0.00012,0.0001,8.63E-05,9.89E-05,0.00011684,0.000118328
6,19,11,0.00011,0.00012,0.00012,0.00013,0.00011,0.0001,8.77E-05,0.00010212,0.00011609,0.000123251
6,19,12,0.00011,0.00012,0.00013,0.00013,0.00011,0.0001,9.15E-05,0.00010297,0.00011596,0.00012347
6,19,13,0.00011,0.00014,0.00015,0.00013,0.00012,0.0001,9.08E-05,0.00010226,0.00011579,0.000124496
6,19,14,0.00012,0.00014,0.00015,0.00014,0.00013,0.00011,8.77E-05,0.00010034,0.00011496,0.000125225
6,19,15,0.00012,0.00014,0.00014,0.00014,0.00013,0.00011,8.44E-05,9.89E-05,0.00011643,0.000124749
6,19,16,0.00011,0.00013,0.00014,0.00014,0.00012,0.00011,8.13E-05,9.86E-05,0.00012162,0.000122189
6,19,17,0.0001,0.00013,0.00012,0.00014,0.00012,0.0001,8.06E-05,9.95E-05,0.00012941,0.000120629
6,19,18,0.0001,0.00013,0.00012,0.00014,0.00011,0.0001,9.76E-05,0.00011205,0.00013875,0.000129299
6,19,19,0.0001,0.00013,0.00011,0.00014,0.00011,0.0001,0.000101581,0.00011996,0.00014789,0.000131903
6,19,20,0.0001,0.00012,0.00011,0.00014,0.00011,0.0001,0.00010635,0.00011766,0.00015104,0.000128079
6,19,21,0.0001,0.00012,0.00011,0.00013,0.00011,0.00009,0.0001071,0.00011372,0.00014411,0.000122931
6,19,22,0.0001,0.00012,0.00011,0.00013,0.00011,0.00009,0.00010813,0.00010745,0.00013311,0.000116477
6,19,23,0.0001,0.00012,0.0001,0.00013,0.00011,0.0001,0.00010808,0.0001002,0.00011791,0.00010986
6,20,0,0.0001,0.00011,0.00011,0.00013,0.00012,0.0001,0.00010509,9.27E-05,9.20E-05,0.000104195
6,20,1,0.00011,0.00011,0.00011,0.00013,0.00012,0.0001,0.000101711,8.94E-05,9.17E-05,0.000100315
6,20,2,0.00011,0.00011,0.00011,0.00013,0.00012,0.0001,9.89E-05,8.80E-05,9.25E-05,9.73E-05
6,20,3,0.00011,0.00011,0.00011,0.00013,0.00012,0.0001,9.58E-05,8.79E-05,9.18E-05,9.51E-05
6,20,4,0.00011,0.00012,0.00012,0.00013,0.00012,0.00011,9.24E-05,9.05E-05,9.68E-05,9.52E-05
6,20,5,0.00011,0.00012,0.00012,0.00013,0.00012,0.00011,8.41E-05,9.53E-05,9.90E-05,9.79E-05
6,20,6,0.00011,0.00012,0.00012,0.00013,0.00012,0.00011,8.41E-05,9.89E-05,0.00010502,9.95E-05
6,20,7,0.00011,0.00012,0.00012,0.00013,0.00012,0.0001,8.40E-05,0.00010811,0.00011118,0.000104379
6,20,8,0.00011,0.00011,0.00013,0.00013,0.00012,0.00011,8.67E-05,0.00011681,0.00011507,0.000110791
6,20,9,0.00011,0.00011,0.00013,0.00014,0.00012,0.00011,8.92E-05,0.00012138,0.00011866,0.000114277
6,20,10,0.00011,0.00011,0.00013,0.00013,0.00011,0.00011,9.03E-05,0.00012589,0.00011733,0.000118328
6,20,11,0.00011,0.00011,0.00012,0.00013,0.00011,0.00011,9.35E-05,0.00013002,0.00011597,0.000123251
6,20,12,0.00011,0.00011,0.00012,0.00013,0.00011,0.0001,9.42E-05,0.00012774,0.00011456,0.00012347
6,20,13,0.00011,0.00013,0.00015,0.00013,0.00012,0.00011,9.41E-05,0.00012705,0.00011589,0.000124496
6,20,14,0.00011,0.00013,0.00015,0.00014,0.00013,0.00011,9.25E-05,0.00012906,0.00011445,0.000125225
6,20,15,0.00011,0.00014,0.00015,0.00014,0.00012,0.00011,8.99E-05,0.00012878,0.00011638,0.000124749
6,20,16,0.00011,0.00013,0.00014,0.00014,0.00012,0.00011,8.63E-05,0.000126,0.00012031,0.000122189
6,20,17,0.0001,0.00013,0.00014,0.00014,0.00012,0.00011,8.64E-05,0.00012171,0.00012883,0.000120629
6,20,18,0.0001,0.00012,0.00013,0.00014,0.00011,0.0001,0.000102346,0.00013043,0.00013987,0.000129299
6,20,19,0.00009,0.00012,0.00013,0.00014,0.00011,0.0001,0.000107,0.00013521,0.00014885,0.000131903
6,20,20,0.00009,0.00012,0.00013,0.00014,0.00011,0.0001,0.00010978,0.00013098,0.00015123,0.000128079
6,20,21,0.00009,0.00012,0.00012,0.00014,0.00011,0.0001,0.00011139,0.00012289,0.00014653,0.000122931
6,20,22,0.00009,0.00012,0.00011,0.00014,0.00011,0.00009,0.00011155,0.00011216,0.00013309,0.000116477
6,20,23,0.0001,0.00012,0.0001,0.00013,0.00011,0.0001,0.00011146,0.00010205,0.00011782,0.00010986
6,21,0,0.0001,0.00011,0.0001,0.00013,0.00011,0.0001,0.00010905,9.52E-05,9.21E-05,0.000104195
6,21,1,0.0001,0.00011,0.0001,0.00013,0.00012,0.0001,0.00010575,9.29E-05,9.16E-05,0.000100315
6,21,2,0.0001,0.00011,0.0001,0.00013,0.00012,0.0001,0.00010259,9.11E-05,9.27E-05,9.73E-05
6,21,3,0.0001,0.00011,0.00011,0.00013,0.00012,0.0001,0.000100291,9.06E-05,9.34E-05,9.51E-05
6,21,4,0.0001,0.00011,0.00011,0.00013,0.00012,0.0001,9.71E-05,9.22E-05,9.63E-05,9.52E-05
6,21,5,0.0001,0.00012,0.00011,0.00013,0.00012,0.0001,8.96E-05,9.59E-05,0.00010099,9.79E-05
6,21,6,0.0001,0.00012,0.00011,0.00013,0.00011,0.0001,9.11E-05,0.00010006,0.00010521,9.95E-05
6,21,7,0.0001,0.00011,0.0001,0.00014,0.00011,0.0001,9.10E-05,0.00010898,0.00011247,0.000104379
6,21,8,0.0001,0.00011,0.00012,0.00014,0.00011,0.0001,9.18E-05,0.00011659,0.00011484,0.000110791
6,21,9,0.0001,0.00012,0.00012,0.00014,0.00011,0.0001,9.31E-05,0.0001203,0.00011742,0.000114277
6,21,10,0.0001,0.00012,0.00013,0.00013,0.00011,0.0001,9.51E-05,0.0001241,0.00011737,0.000118328
6,21,11,0.0001,0.00011,0.00012,0.00013,0.0001,0.0001,0.000101981,0.00012815,0.00011637,0.000123251
6,21,12,0.0001,0.00011,0.00014,0.00013,0.0001,0.0001,0.00011149,0.00012633,0.00011505,0.00012347
6,21,13,0.00011,0.00013,0.00015,0.00013,0.00011,0.0001,0.00011058,0.00012615,0.0001152,0.000124496
6,21,14,0.00011,0.00013,0.00015,0.00014,0.00012,0.00011,0.00010875,0.00012917,0.00011429,0.000125225
6,21,15,0.00011,0.00014,0.00015,0.00014,0.00012,0.00011,0.00010542,0.00012887,0.00011728,0.000124749
6,21,16,0.00011,0.00013,0.00014,0.00014,0.00011,0.0001,0.000100801,0.00012729,0.00012048,0.000122189
6,21,17,0.0001,0.00013,0.00014,0.00014,0.00011,0.00011,9.75E-05,0.00012481,0.00012897,0.000120629
6,21,18,0.00009,0.00013,0.00013,0.00014,0.00011,0.0001,0.000116489,0.00013316,0.00013854,0.000129299
6,21,19,0.00009,0.00012,0.00011,0.00014,0.00011,0.0001,0.000122559,0.00013902,0.00014784,0.000131903
6,21,20,0.00009,0.00012,0.0001,0.00014,0.0001,0.0001,0.000128138,0.00013496,0.00015073,0.000128079
6,21,21,0.00009,0.00012,0.00011,0.00014,0.0001,0.00009,0.000128988,0.00012774,0.00014622,0.000122931
6,21,22,0.00009,0.00012,0.00011,0.00013,0.0001,0.00009,0.000130988,0.00011593,0.00013203,0.000116477
6,21,23,0.0001,0.00012,0.00011,0.00014,0.00011,0.00009,0.000130388,0.00010557,0.00011841,0.00010986
6,22,0,0.0001,0.00011,0.00011,0.00013,0.00011,0.0001,0.000129288,9.94E-05,9.17E-05,0.000104195
6,22,1,0.0001,0.00011,0.0001,0.00013,0.00012,0.0001,0.000125988,9.55E-05,9.21E-05,0.000100315
6,22,2,0.00011,0.00011,0.00011,0.00013,0.00012,0.0001,0.000123989,9.34E-05,9.27E-05,9.73E-05
6,22,3,0.00011,0.00011,0.00011,0.00013,0.00012,0.0001,0.000120089,9.27E-05,9.32E-05,9.51E-05
6,22,4,0.0001,0.00012,0.00011,0.00013,0.00012,0.00011,0.000116539,9.52E-05,9.52E-05,9.52E-05
6,22,5,0.0001,0.00011,0.00012,0.00013,0.00012,0.00011,0.00010619,9.92E-05,9.99E-05,9.79E-05
6,22,6,0.0001,0.00011,0.00012,0.00013,0.00012,0.00011,0.00010404,0.00010296,0.00010594,9.95E-05
6,22,7,0.0001,0.00011,0.00011,0.00014,0.00012,0.0001,0.000101141,0.0001124,0.00011249,0.000104379
6,22,8,0.0001,0.00011,0.00012,0.00014,0.00011,0.00011,0.000102421,0.00012129,0.00011553,0.000110791
6,22,9,0.0001,0.00011,0.00012,0.00014,0.00011,0.00011,0.00010265,0.00012598,0.00011893,0.000114277
6,22,10,0.0001,0.00011,0.00013,0.00013,0.00011,0.00011,0.00010435,0.00013158,0.0001174,0.000118328
6,22,11,0.0001,0.00011,0.00012,0.00013,0.00011,0.00011,0.00010824,0.0001349,0.00011707,0.000123251
6,22,12,0.00011,0.00011,0.00013,0.00013,0.00011,0.0001,0.00011204,0.00013191,0.00011457,0.00012347
6,22,13,0.00011,0.00013,0.00016,0.00013,0.00012,0.00011,0.000113759,0.00013133,0.00011477,0.000124496
6,22,14,0.00011,0.00013,0.00016,0.00014,0.00012,0.00011,0.000117509,0.00013296,0.00011467,0.000125225
6,22,15,0.00011,0.00013,0.00016,0.00014,0.00012,0.00011,0.000117209,0.0001328,0.00011892,0.000124749
6,22,16,0.00011,0.00013,0.00015,0.00014,0.00011,0.00011,0.000113959,0.00013011,0.00012142,0.000122189
6,22,17,0.0001,0.00013,0.00014,0.00014,0.00011,0.0001,0.00010808,0.00012566,0.00013145,0.000120629
6,22,18,0.0001,0.00012,0.00012,0.00014,0.00011,0.0001,0.000125638,0.00013322,0.00014119,0.000129299
6,22,19,0.00009,0.00012,0.00011,0.00014,0.0001,0.0001,0.000127368,0.00013653,0.000148,0.000131903
6,22,20,0.00009,0.00012,0.00011,0.00014,0.0001,0.00009,0.000134348,0.00013357,0.00015111,0.000128079
6,22,21,0.00009,0.00012,0.0001,0.00014,0.0001,0.00009,0.000135987,0.00012694,0.00014532,0.000122931
6,22,22,0.0001,0.00011,0.0001,0.00014,0.0001,0.00009,0.000139287,0.00011953,0.00013401,0.000116477
6,22,23,0.0001,0.00011,0.0001,0.00014,0.00011,0.00009,0.000139187,0.00011015,0.00011934,0.00010986
6,23,0,0.0001,0.00011,0.0001,0.00013,0.00011,0.0001,0.000136987,0.0001009,9.17E-05,0.000104195
6,23,1,0.00011,0.00011,0.0001,0.00013,0.00012,0.0001,0.000133488,9.55E-05,9.25E-05,0.000100315
6,23,2,0.00011,0.00011,0.0001,0.00013,0.00012,0.0001,0.000131988,9.38E-05,9.12E-05,9.73E-05
6,23,3,0.00011,0.00011,0.0001,0.00013,0.00012,0.0001,0.000127518,9.26E-05,9.39E-05,9.51E-05
6,23,4,0.00011,0.00011,0.0001,0.00014,0.00012,0.0001,0.000125798,9.51E-05,9.65E-05,9.52E-05
6,23,5,0.00011,0.00011,0.00011,0.00014,0.00012,0.0001,0.000114669,9.89E-05,0.00010005,9.79E-05
6,23,6,0.00011,0.00011,0.00011,0.00014,0.00011,0.0001,0.00011108,0.00010353,0.0001048,9.95E-05
6,23,7,0.00011,0.00011,0.00012,0.00014,0.00011,0.0001,0.000113919,0.00011266,0.00011289,0.000104379
6,23,8,0.00011,0.0001,0.00012,0.00014,0.00011,0.0001,0.000120179,0.00012085,0.00011669,0.000110791
6,23,9,0.00011,0.00011,0.00013,0.00014,0.00011,0.0001,0.000123019,0.00012533,0.00011842,0.000114277
6,23,10,0.00011,0.00011,0.00012,0.00014,0.00011,0.0001,0.000124398,0.00013013,0.00011883,0.000118328
6,23,11,0.00011,0.00012,0.00012,0.00013,0.00011,0.0001,0.000127178,0.00013365,0.00011712,0.000123251
6,23,12,0.00011,0.00012,0.00014,0.00013,0.00011,0.0001,0.000132338,0.0001316,0.00011584,0.00012347
6,23,13,0.00011,0.00013,0.00016,0.00013,0.00012,0.0001,0.000135407,0.00013163,0.00011551,0.000124496
6,23,14,0.00011,0.00014,0.00015,0.00014,0.00012,0.00011,0.000134088,0.00013397,0.00011517,0.000125225
6,23,15,0.00012,0.00013,0.00015,0.00014,0.00012,0.00011,0.000136387,0.00013292,0.00011745,0.000124749
6,23,16,0.00011,0.00013,0.00014,0.00014,0.00012,0.00011,0.000130758,0.00013071,0.00012067,0.000122189
6,23,17,0.0001,0.00013,0.00013,0.00014,0.00011,0.0001,0.000120139,0.00012657,0.00012919,0.000120629
6,23,18,0.0001,0.00012,0.00012,0.00014,0.00011,0.0001,0.000137517,0.00013388,0.00014079,0.000129299
6,23,19,0.0001,0.00012,0.00011,0.00014,0.00011,0.0001,0.000141987,0.00013955,0.00014839,0.000131903
6,23,20,0.00009,0.00011,0.00011,0.00014,0.0001,0.0001,0.000145087,0.00013568,0.00015129,0.000128079
6,23,21,0.0001,0.00011,0.00011,0.00013,0.0001,0.0001,0.000144487,0.00012858,0.00014558,0.000122931
6,23,22,0.0001,0.00011,0.00011,0.00013,0.0001,0.0001,0.000146486,0.00011826,0.00013355,0.000116477
6,23,23,0.0001,0.00011,0.0001,0.00013,0.00011,0.0001,0.000146986,0.00010858,0.00011829,0.00010986
6,24,0,0.0001,0.00011,0.00011,0.00013,0.00011,0.0001,0.000145487,0.00010129,9.11E-05,0.000104195
6,24,1,0.00011,0.00011,0.00011,0.00013,0.00012,0.0001,0.000143787,9.49E-05,9.22E-05,0.000100315
6,24,2,0.00011,0.00011,0.00011,0.00013,0.00012,0.0001,0.000140987,9.24E-05,9.21E-05,9.73E-05
6,24,3,0.00011,0.00011,0.00011,0.00013,0.00012,0.0001,0.000139487,9.19E-05,9.31E-05,9.51E-05
6,24,4,0.00011,0.00011,0.00012,0.00013,0.00012,0.0001,0.000135487,9.42E-05,9.61E-05,9.52E-05
6,24,5,0.00011,0.00011,0.00012,0.00013,0.00012,0.0001,0.000120229,9.77E-05,0.00010022,9.79E-05
6,24,6,0.00011,0.00011,0.00012,0.00014,0.00012,0.0001,0.000121339,0.00010188,0.00010639,9.95E-05
6,24,7,0.00011,0.00011,0.00012,0.00014,0.00012,0.0001,0.000122939,0.0001107,0.00011135,0.000104379
6,24,8,0.00011,0.00011,0.00012,0.00014,0.00012,0.0001,0.000127488,0.00011865,0.00011664,0.000110791
6,24,9,0.00011,0.00011,0.00012,0.00014,0.00011,0.0001,0.000130988,0.00012367,0.00011909,0.000114277
6,24,10,0.00011,0.00011,0.00013,0.00014,0.00012,0.0001,0.000131238,0.00012904,0.00011926,0.000118328
6,24,11,0.00011,0.00011,0.00013,0.00013,0.00011,0.0001,0.000134987,0.00013252,0.00011671,0.000123251
6,24,12,0.00011,0.00012,0.00015,0.00013,0.00011,0.0001,0.000134488,0.00012965,0.00011552,0.00012347
6,24,13,0.00011,0.00014,0.00016,0.00013,0.00012,0.00011,0.000139987,0.00012928,0.00011518,0.000124496
6,24,14,0.00012,0.00014,0.00016,0.00014,0.00013,0.00011,0.000140987,0.00013133,0.00011506,0.000125225
6,24,15,0.00012,0.00014,0.00016,0.00014,0.00012,0.00011,0.000141487,0.00013071,0.00011689,0.000124749
6,24,16,0.00011,0.00014,0.00015,0.00014,0.00012,0.00011,0.000137987,0.00012917,0.00012191,0.000122189
6,24,17,0.0001,0.00013,0.00014,0.00014,0.00012,0.0001,0.000132988,0.00012548,0.00012895,0.000120629
6,24,18,0.0001,0.00013,0.00013,0.00014,0.00011,0.0001,0.000147486,0.00013336,0.00014023,0.000129299
6,24,19,0.0001,0.00012,0.00012,0.00014,0.00011,0.00009,0.000149986,0.00013776,0.00014809,0.000131903
6,24,20,0.0001,0.00012,0.00011,0.00014,0.00011,0.00009,0.000151986,0.00013312,0.00015104,0.000128079
6,24,21,0.0001,0.00012,0.00011,0.00013,0.00011,0.00009,0.000151986,0.00012648,0.00014564,0.000122931
6,24,22,0.0001,0.00012,0.00011,0.00013,0.00011,0.00009,0.000154486,0.0001165,0.00013259,0.000116477
6,24,23,0.0001,0.00012,0.00011,0.00013,0.00011,0.00009,0.000153986,0.00010781,0.00011834,0.00010986
6,25,0,0.00011,0.00011,0.00011,0.00013,0.00011,0.0001,0.000151486,0.00010089,9.08E-05,0.000104195
6,25,1,0.00011,0.00011,0.00011,0.00013,0.00012,0.0001,0.000147986,9.66E-05,9.19E-05,0.000100315
6,25,2,0.00011,0.00011,0.00011,0.00013,0.00012,0.0001,0.000146986,9.43E-05,9.25E-05,9.73E-05
6,25,3,0.00011,0.00011,0.00011,0.00013,0.00012,0.0001,0.000145986,9.23E-05,9.30E-05,9.51E-05
6,25,4,0.00011,0.00012,0.00011,0.00013,0.00012,0.0001,0.000143987,9.38E-05,9.66E-05,9.52E-05
6,25,5,0.00011,0.00012,0.00012,0.00013,0.00012,0.0001,0.000138487,9.57E-05,0.00010034,9.79E-05
6,25,6,0.00011,0.00012,0.00011,0.00013,0.00012,0.0001,0.000136987,9.67E-05,0.00010653,9.95E-05
6,25,7,0.00011,0.00012,0.00013,0.00013,0.00012,0.0001,0.000138987,0.00010439,0.00011232,0.000104379
6,25,8,0.00011,0.00012,0.00012,0.00013,0.00012,0.0001,0.000140987,0.00011261,0.00011479,0.000110791
6,25,9,0.00011,0.00012,0.00012,0.00013,0.00012,0.0001,0.000142987,0.0001165,0.0001177,0.000114277
6,25,10,0.00011,0.00012,0.00013,0.00013,0.00012,0.0001,0.000144987,0.00012122,0.00011811,0.000118328
6,25,11,0.00011,0.00012,0.00013,0.00013,0.00012,0.0001,0.000146486,0.00012404,0.00011661,0.000123251
6,25,12,0.00011,0.00012,0.00014,0.00013,0.00011,0.0001,0.000145986,0.00012204,0.00011507,0.00012347
6,25,13,0.00011,0.00014,0.00016,0.00013,0.00012,0.0001,0.000148986,0.00011925,0.00011513,0.000124496
6,25,14,0.00012,0.00014,0.00016,0.00013,0.00013,0.00011,0.000150986,0.00011672,0.00011588,0.000125225
6,25,15,0.00012,0.00014,0.00016,0.00014,0.00013,0.0001,0.000149986,0.00011443,0.00011652,0.000124749
6,25,16,0.00011,0.00014,0.00015,0.00013,0.00012,0.0001,0.000146986,0.00011264,0.0001208,0.000122189
6,25,17,0.0001,0.00013,0.00013,0.00014,0.00012,0.0001,0.000140987,0.0001128,0.00012978,0.000120629
6,25,18,0.0001,0.00013,0.00013,0.00014,0.00011,0.00009,0.000153486,0.00012429,0.00014059,0.000129299
6,25,19,0.0001,0.00013,0.00012,0.00013,0.00011,0.00009,0.000154986,0.0001298,0.00014911,0.000131903
6,25,20,0.0001,0.00012,0.00011,0.00013,0.00011,0.00009,0.000155986,0.00012602,0.00015015,0.000128079
6,25,21,0.0001,0.00012,0.00011,0.00013,0.00011,0.00009,0.000156985,0.00011867,0.00014617,0.000122931
6,25,22,0.0001,0.00012,0.00011,0.00012,0.00011,0.00009,0.000155986,0.00010838,0.00013206,0.000116477
6,25,23,0.0001,0.00011,0.00011,0.00012,0.00011,0.00009,0.000154486,0.00010064,0.00011911,0.00010986
6,26,0,0.00011,0.00011,0.00011,0.00012,0.00011,0.0001,0.000151986,9.45E-05,9.23E-05,0.000104195
6,26,1,0.00011,0.00011,0.00011,0.00012,0.00012,0.0001,0.000149986,9.01E-05,9.13E-05,0.000100315
6,26,2,0.00011,0.00011,0.00011,0.00012,0.00012,0.0001,0.000148986,8.76E-05,9.08E-05,9.73E-05
6,26,3,0.00011,0.00011,0.00011,0.00013,0.00012,0.0001,0.000147986,8.59E-05,9.44E-05,9.51E-05
6,26,4,0.00011,0.00011,0.00012,0.00013,0.00012,0.0001,0.000146986,8.51E-05,9.57E-05,9.52E-05
6,26,5,0.00011,0.00011,0.00012,0.00013,0.00012,0.0001,0.000143987,8.28E-05,9.97E-05,9.79E-05
6,26,6,0.00011,0.00011,0.00012,0.00013,0.00012,0.0001,0.000141987,8.10E-05,0.00010602,9.95E-05
6,26,7,0.00011,0.00011,0.00012,0.00013,0.00012,0.0001,0.000138987,8.54E-05,0.00011212,0.000104379
6,26,8,0.00011,0.00011,0.00012,0.00013,0.00012,0.0001,0.000140987,9.02E-05,0.00011663,0.000110791
6,26,9,0.00011,0.00011,0.00012,0.00013,0.00011,0.0001,0.000141987,9.55E-05,0.00011842,0.000114277
6,26,10,0.00011,0.00012,0.00012,0.00013,0.00012,0.0001,0.000139487,9.95E-05,0.00011741,0.000118328
6,26,11,0.00011,0.00011,0.0001,0.00013,0.00012,0.0001,0.000139987,0.00010193,0.00011776,0.000123251
6,26,12,0.00011,0.00012,0.00012,0.00013,0.00011,0.0001,0.000141987,0.00010323,0.00011534,0.00012347
6,26,13,0.00011,0.00014,0.00014,0.00013,0.00012,0.0001,0.000142987,0.00010289,0.00011544,0.000124496
6,26,14,0.00012,0.00013,0.00015,0.00014,0.00013,0.00011,0.000142987,0.00010136,0.0001152,0.000125225
6,26,15,0.00012,0.00013,0.00016,0.00014,0.00012,0.00011,0.000142987,0.00010003,0.00011627,0.000124749
6,26,16,0.00011,0.00013,0.00015,0.00014,0.00012,0.00011,0.000139987,9.84E-05,0.0001213,0.000122189
6,26,17,0.0001,0.00013,0.00014,0.00014,0.00012,0.0001,0.000137987,9.88E-05,0.00012904,0.000120629
6,26,18,0.0001,0.00012,0.00012,0.00014,0.00011,0.0001,0.000151986,0.00011161,0.00014041,0.000129299
6,26,19,0.0001,0.00012,0.00012,0.00014,0.00011,0.0001,0.000152986,0.00012088,0.00014762,0.000131903
6,26,20,0.0001,0.00011,0.00012,0.00013,0.00011,0.00009,0.000153986,0.00012018,0.00015184,0.000128079
6,26,21,0.0001,0.00011,0.00011,0.00013,0.00011,0.00009,0.000153986,0.00011578,0.00014328,0.000122931
6,26,22,0.0001,0.00011,0.00011,0.00013,0.00011,0.00009,0.000154486,0.00010958,0.00013303,0.000116477
6,26,23,0.0001,0.00011,0.00011,0.00013,0.00011,0.00009,0.000153986,0.00010143,0.00011765,0.00010986
6,27,0,0.0001,0.0001,0.00011,0.00013,0.00011,0.0001,0.000150986,9.47E-05,9.17E-05,0.000104195
6,27,1,0.00011,0.00011,0.00011,0.00013,0.00012,0.0001,0.000148986,9.10E-05,9.19E-05,0.000100315
6,27,2,0.00011,0.00011,0.00011,0.00013,0.00012,0.0001,0.000147986,8.84E-05,9.30E-05,9.73E-05
6,27,3,0.00011,0.00011,0.00011,0.00013,0.00012,0.0001,0.000144987,8.77E-05,9.25E-05,9.51E-05
6,27,4,0.00011,0.00011,0.00012,0.00013,0.00012,0.0001,0.000142987,9.01E-05,9.68E-05,9.52E-05
6,27,5,0.00011,0.00011,0.00012,0.00013,0.00012,0.0001,0.000136987,9.42E-05,0.00010002,9.79E-05
6,27,6,0.00011,0.00011,0.00012,0.00013,0.00012,0.0001,0.000133988,9.83E-05,0.00010481,9.95E-05
6,27,7,0.00011,0.00011,0.00012,0.00013,0.00012,0.0001,0.000132988,0.00010835,0.00011203,0.000104379
6,27,8,0.00011,0.00011,0.00013,0.00013,0.00012,0.0001,0.000135487,0.0001186,0.00011497,0.000110791
6,27,9,0.00011,0.00011,0.00013,0.00012,0.00012,0.0001,0.000135987,0.00012462,0.00011755,0.000114277
6,27,10,0.00011,0.00011,0.00013,0.00012,0.00012,0.0001,0.000136987,0.00013054,0.00011615,0.000118328
6,27,11,0.00011,0.00011,0.00013,0.00012,0.00012,0.0001,0.000137987,0.00013446,0.00011643,0.000123251
6,27,12,0.00011,0.00011,0.00014,0.00011,0.00011,0.0001,0.000138487,0.0001319,0.00011538,0.00012347
6,27,13,0.00011,0.00013,0.00016,0.00012,0.00012,0.00011,0.000140487,0.00013243,0.00011545,0.000124496
6,27,14,0.00011,0.00013,0.00017,0.00013,0.00012,0.00011,0.000141487,0.00013483,0.00011439,0.000125225
6,27,15,0.00011,0.00013,0.00016,0.00013,0.00012,0.00011,0.000139987,0.00013387,0.00011687,0.000124749
6,27,16,0.00011,0.00013,0.00015,0.00013,0.00012,0.00011,0.000136987,0.00013144,0.00012141,0.000122189
6,27,17,0.0001,0.00012,0.00014,0.00013,0.00012,0.0001,0.000128988,0.00012642,0.00013037,0.000120629
6,27,18,0.0001,0.00012,0.00013,0.00013,0.00011,0.0001,0.000144737,0.00013353,0.00013995,0.000129299
6,27,19,0.00009,0.00011,0.00013,0.00012,0.00011,0.0001,0.000145986,0.00014012,0.00014942,0.000131903
6,27,20,0.00009,0.00011,0.00013,0.00011,0.00011,0.0001,0.000147986,0.00013679,0.00015136,0.000128079
6,27,21,0.00009,0.00011,0.00012,0.0001,0.00011,0.0001,0.000147586,0.00012994,0.00014541,0.000122931
6,27,22,0.00009,0.00011,0.00012,0.0001,0.00011,0.0001,0.000147486,0.00011916,0.00013301,0.000116477
6,27,23,0.0001,0.00011,0.00011,0.0001,0.00011,0.0001,0.000146986,0.00010875,0.00011913,0.00010986
6,28,0,0.0001,0.0001,0.00011,0.0001,0.00011,0.0001,0.000143987,0.00010148,9.24E-05,0.000104195
6,28,1,0.0001,0.0001,0.00012,0.00011,0.00012,0.0001,0.000142987,9.74E-05,9.22E-05,0.000100315
6,28,2,0.0001,0.0001,0.00012,0.00011,0.00012,0.0001,0.000141987,9.54E-05,9.25E-05,9.73E-05
6,28,3,0.0001,0.0001,0.00012,0.00011,0.00011,0.0001,0.000139487,9.45E-05,9.31E-05,9.51E-05
6,28,4,0.0001,0.0001,0.00012,0.00011,0.00012,0.0001,0.000136487,9.67E-05,9.54E-05,9.52E-05
6,28,5,0.0001,0.0001,0.00012,0.00012,0.00011,0.0001,0.000127488,0.00010001,0.00010093,9.79E-05
6,28,6,0.0001,0.0001,0.00012,0.00012,0.00011,0.0001,0.000120489,0.00010285,0.00010623,9.95E-05
6,28,7,0.0001,0.0001,0.00012,0.00012,0.00011,0.0001,0.000114789,0.00011225,0.00011133,0.000104379
6,28,8,0.0001,0.0001,0.00012,0.00012,0.00011,0.0001,0.00011179,0.00012122,0.00011666,0.000110791
6,28,9,0.0001,0.0001,0.00013,0.00012,0.00011,0.0001,0.00011249,0.00012594,0.00011909,0.000114277
6,28,10,0.0001,0.0001,0.00013,0.00012,0.00011,0.0001,0.000114989,0.0001315,0.00011812,0.000118328
6,28,11,0.0001,0.0001,0.00011,0.00012,0.00011,0.0001,0.000118989,0.00013533,0.00011649,0.000123251
6,28,12,0.0001,0.00011,0.00012,0.00012,0.0001,0.0001,0.000125988,0.00013275,0.00011532,0.00012347
6,28,13,0.00011,0.00013,0.00015,0.00012,0.00012,0.0001,0.000122889,0.00013294,0.00011559,0.000124496
6,28,14,0.00011,0.00013,0.00016,0.00013,0.00012,0.00011,0.000118989,0.0001352,0.00011537,0.000125225
6,28,15,0.00011,0.00013,0.00016,0.00013,0.00012,0.00011,0.000114639,0.00013458,0.00011646,0.000124749
6,28,16,0.0001,0.00013,0.00015,0.00013,0.00012,0.00011,0.00010989,0.00013251,0.00012077,0.000122189
6,28,17,0.0001,0.00012,0.00015,0.00013,0.00011,0.0001,0.00010679,0.00012853,0.00012972,0.000120629
6,28,18,0.00009,0.00011,0.0001,0.00013,0.00011,0.0001,0.000127888,0.00013529,0.00013976,0.000129299
6,28,19,0.00009,0.00011,0.0001,0.00013,0.00011,0.0001,0.000132988,0.00014234,0.00014914,0.000131903
6,28,20,0.00009,0.00011,0.00012,0.00013,0.00011,0.0001,0.000137187,0.0001388,0.00015009,0.000128079
6,28,21,0.00009,0.00011,0.00011,0.00013,0.0001,0.00009,0.000137237,0.00013198,0.00014548,0.000122931
6,28,22,0.00009,0.00011,0.00011,0.00012,0.0001,0.00009,0.000140987,0.00012116,0.00013331,0.000116477
6,28,23,0.0001,0.0001,0.00011,0.00012,0.00011,0.0001,0.000141987,0.00011053,0.00011888,0.00010986
6,29,0,0.0001,0.0001,0.00011,0.00012,0.00011,0.0001,0.000139987,0.00010296,9.14E-05,0.000104195
6,29,1,0.0001,0.0001,0.00011,0.00012,0.00012,0.0001,0.000138487,9.88E-05,9.18E-05,0.000100315
6,29,2,0.00011,0.0001,0.00011,0.00012,0.00012,0.0001,0.000134488,9.64E-05,9.20E-05,9.73E-05
6,29,3,0.00011,0.00011,0.00011,0.00013,0.00012,0.00011,0.000131988,9.58E-05,9.36E-05,9.51E-05
6,29,4,0.0001,0.00011,0.00012,0.00013,0.00012,0.00011,0.000129988,9.78E-05,9.59E-05,9.52E-05
6,29,5,0.0001,0.00011,0.00012,0.00013,0.00012,0.00011,0.000120989,0.00010155,0.00010156,9.79E-05
6,29,6,0.0001,0.00011,0.00013,0.00013,0.00012,0.00011,0.000119489,0.00010475,0.00010598,9.95E-05
6,29,7,0.0001,0.00011,0.00012,0.00013,0.00012,0.00011,0.000116259,0.00011338,0.00011211,0.000104379
6,29,8,0.0001,0.00011,0.00013,0.00014,0.00012,0.00011,0.000114789,0.00012226,0.00011661,0.000110791
6,29,9,0.0001,0.0001,0.00012,0.00013,0.00012,0.00011,0.00010999,0.00012668,0.00011737,0.000114277
6,29,10,0.0001,0.00011,0.0001,0.00013,0.00012,0.00011,0.00010849,0.00013161,0.00011843,0.000118328
6,29,11,0.0001,0.00012,0.00011,0.00013,0.00012,0.00011,0.00011279,0.00013553,0.00011648,0.000123251
6,29,12,0.0001,0.00011,0.00012,0.00013,0.00011,0.00011,0.000114739,0.00013359,0.00011545,0.00012347
6,29,13,0.00011,0.00013,0.00016,0.00013,0.00012,0.00011,0.000115289,0.00013421,0.00011524,0.000124496
6,29,14,0.00011,0.00014,0.00016,0.00014,0.00013,0.00011,0.000118689,0.00013587,0.00011541,0.000125225
6,29,15,0.00011,0.00013,0.00015,0.00014,0.00012,0.00011,0.000119489,0.0001354,0.0001178,0.000124749
6,29,16,0.00011,0.00013,0.00016,0.00014,0.00012,0.00011,0.000121489,0.00013276,0.00012135,0.000122189
6,29,17,0.0001,0.00013,0.00012,0.00014,0.00012,0.00011,0.000120789,0.00012839,0.00013021,0.000120629
6,29,18,0.0001,0.00012,0.00012,0.00014,0.00011,0.0001,0.000135937,0.00013596,0.00013957,0.000129299
6,29,19,0.00009,0.00012,0.00013,0.00014,0.00011,0.0001,0.000139987,0.00014178,0.00014949,0.000131903
6,29,20,0.00009,0.00012,0.00013,0.00014,0.00011,0.0001,0.000143487,0.00013883,0.00015049,0.000128079
6,29,21,0.00009,0.00011,0.00013,0.00013,0.00011,0.0001,0.000144487,0.0001319,0.00014478,0.000122931
6,29,22,0.0001,0.00011,0.00012,0.00013,0.00011,0.0001,0.000146486,0.00012099,0.00013317,0.000116477
6,29,23,0.0001,0.00011,0.00012,0.00013,0.00011,0.0001,0.000145986,0.0001108,0.00011975,0.00010986
6,30,0,0.0001,0.00011,0.00012,0.00014,0.00012,0.0001,0.000141487,0.00010355,9.20E-05,0.000104195
6,30,1,0.00011,0.00011,0.00012,0.00013,0.00012,0.0001,0.000137987,9.97E-05,9.20E-05,0.000100315
6,30,2,0.00011,0.00011,0.00012,0.00013,0.00012,0.0001,0.000136987,9.75E-05,9.28E-05,9.73E-05
6,30,3,0.00011,0.00011,0.00012,0.00013,0.00012,0.00011,0.000135487,9.67E-05,9.44E-05,9.51E-05
6,30,4,0.00011,0.00011,0.00012,0.00013,0.00012,0.00011,0.000132988,9.85E-05,9.45E-05,9.52E-05
6,30,5,0.00011,0.00012,0.00012,0.00014,0.00012,0.00011,0.000120989,0.00010216,0.00010066,9.79E-05
6,30,6,0.00011,0.00012,0.00012,0.00014,0.00012,0.00011,0.000117989,0.00010509,0.00010716,9.95E-05
6,30,7,0.00011,0.00012,0.00013,0.00014,0.00012,0.00011,0.000118989,0.00011399,0.00011117,0.000104379
6,30,8,0.00011,0.00012,0.00013,0.00014,0.00012,0.00011,0.000121989,0.00012324,0.0001176,0.000110791
6,30,9,0.00011,0.00012,0.00012,0.00014,0.00012,0.00011,0.000125988,0.00012775,0.00011839,0.000114277
6,30,10,0.00011,0.00012,0.00012,0.00014,0.00012,0.00011,0.000127388,0.00013252,0.00011839,0.000118328
6,30,11,0.00011,0.00012,0.00013,0.00014,0.00012,0.00011,0.000130988,0.00013564,0.00011681,0.000123251
6,30,12,0.00011,0.00012,0.00014,0.00013,0.00011,0.00011,0.000132488,0.0001327,0.00011493,0.00012347
6,30,13,0.00011,0.00014,0.00017,0.00013,0.00012,0.00011,0.000129488,0.00013298,0.00011494,0.000124496
6,30,14,0.00011,0.00014,0.00017,0.00014,0.00012,0.00011,0.000127988,0.00013511,0.00011585,0.000125225
6,30,15,0.00012,0.00014,0.00017,0.00014,0.00012,0.00011,0.000120289,0.00013383,0.00011712,0.000124749
6,30,16,0.00011,0.00014,0.00016,0.00014,0.00012,0.00011,0.000119489,0.00013063,0.00012082,0.000122189
6,30,17,0.0001,0.00013,0.00014,0.00014,0.00011,0.00011,0.000117089,0.00012741,0.00012945,0.000120629
6,30,18,0.0001,0.00013,0.00013,0.00014,0.00011,0.0001,0.000133938,0.00013512,0.0001397,0.000129299
6,30,19,0.0001,0.00012,0.00012,0.00014,0.00011,0.0001,0.000133888,0.0001403,0.00014875,0.000131903
6,30,20,0.00009,0.00012,0.00012,0.00014,0.00011,0.0001,0.000134918,0.00013534,0.00015168,0.000128079
6,30,21,0.0001,0.00012,0.00012,0.00013,0.00011,0.0001,0.000129238,0.00012907,0.00014415,0.000122931
6,30,22,0.0001,0.00012,0.00012,0.00013,0.00011,0.0001,0.000123919,0.00011834,0.00013435,0.000116477
6,30,23,0.0001,0.00012,0.00011,0.00013,0.00011,0.0001,0.000127238,0.00010702,0.00011763,0.00010986
1,7,0,0.0001,0.00011,0.00012,0.00013,0.00011,0.00011,6.58E-05,9.93E-05,8.43E-05,0.000104195
1,7,1,0.00011,0.00011,0.00012,0.00013,0.00012,0.0001,6.28E-05,9.50E-05,8.47E-05,0.000100315
1,7,2,0.00011,0.00011,0.00012,0.00013,0.00012,0.00011,6.00E-05,9.25E-05,8.42E-05,9.73E-05
1,7,3,0.00011,0.00012,0.00012,0.00013,0.00012,0.00011,5.76E-05,9.14E-05,8.48E-05,9.51E-05
1,7,4,0.00011,0.00012,0.00013,0.00014,0.00012,0.00011,5.74E-05,9.30E-05,8.71E-05,9.52E-05
1,7,5,0.00011,0.00012,0.00013,0.00014,0.00012,0.00011,5.81E-05,9.75E-05,9.11E-05,9.79E-05
1,7,6,0.00011,0.00012,0.00013,0.00014,0.00012,0.00011,5.64E-05,0.00010011,9.68E-05,9.95E-05
1,7,7,0.00011,0.00012,0.00013,0.00014,0.00012,0.00011,6.14E-05,0.00010722,0.00010275,0.000104379
1,7,8,0.00011,0.00012,0.00012,0.00014,0.00011,0.0001,6.13E-05,0.000116,0.00010524,0.000110791
1,7,9,0.00011,0.00012,0.00013,0.00014,0.00012,0.0001,5.88E-05,0.0001208,0.00010754,0.000114277
1,7,10,0.00011,0.00012,0.00013,0.00014,0.00012,0.0001,5.81E-05,0.00012608,0.00010669,0.000118328
1,7,11,0.00011,0.00012,0.00013,0.00013,0.00012,0.0001,5.98E-05,0.00013021,0.00010577,0.000123251
1,7,12,0.00011,0.00012,0.00014,0.00013,0.00011,0.0001,6.79E-05,0.00012809,0.0001061,0.00012347
1,7,13,0.00011,0.00014,0.00017,0.00013,0.00012,0.00011,6.50E-05,0.0001287,0.00010514,0.000124496
1,7,14,0.00012,0.00014,0.00016,0.00014,0.00012,0.00011,5.50E-05,0.00012976,0.0001056,0.000125225
1,7,15,0.00012,0.00014,0.00016,0.00014,0.00012,0.00011,5.19E-05,0.00012961,0.00010729,0.000124749
1,7,16,0.00011,0.00014,0.00015,0.00014,0.00012,0.0001,5.50E-05,0.00012724,0.00011022,0.000122189
1,7,17,0.0001,0.00013,0.00014,0.00014,0.00012,0.0001,7.17E-05,0.00012474,0.00011866,0.000120629
1,7,18,0.0001,0.00013,0.00013,0.00014,0.00011,0.0001,7.46E-05,0.00013635,0.00012765,0.000129299
1,7,19,0.0001,0.00012,0.00013,0.00014,0.00011,0.00009,7.46E-05,0.00013888,0.0001366,0.000131903
1,7,20,0.0001,0.00012,0.00013,0.00014,0.00011,0.00009,7.37E-05,0.00013484,0.00013817,0.000128079
1,7,21,0.0001,0.00012,0.00013,0.00014,0.00011,0.00009,7.01E-05,0.00012772,0.00013282,0.000122931
1,7,22,0.0001,0.00012,0.00012,0.00014,0.00011,0.00009,6.32E-05,0.00011788,0.0001223,0.000116477
1,7,23,0.0001,0.00012,0.00012,0.00014,0.00011,0.00009,5.92E-05,0.00010795,0.00010904,0.00010986
2,7,0,0.00011,0.00011,0.00012,0.00013,0.00011,0.0001,8.27E-05,0.00010081,8.41E-05,0.000104195
2,7,1,0.00011,0.00011,0.00012,0.00013,0.00012,0.0001,7.88E-05,9.59E-05,8.39E-05,0.000100315
2,7,2,0.00011,0.00011,0.00013,0.00013,0.00012,0.0001,7.54E-05,9.33E-05,8.39E-05,9.73E-05
2,7,3,0.00011,0.00011,0.00012,0.00013,0.00012,0.0001,7.32E-05,9.13E-05,8.50E-05,9.51E-05
2,7,4,0.00011,0.00012,0.00012,0.00014,0.00012,0.0001,7.29E-05,9.10E-05,8.85E-05,9.52E-05
2,7,5,0.00011,0.00012,0.00012,0.00014,0.00012,0.0001,7.65E-05,9.10E-05,9.34E-05,9.79E-05
2,7,6,0.00011,0.00012,0.00012,0.00014,0.00011,0.0001,8.59E-05,8.80E-05,9.74E-05,9.95E-05
2,7,7,0.00011,0.00012,0.00012,0.00014,0.00011,0.0001,9.38E-05,9.14E-05,0.00010302,0.000104379
2,7,8,0.00011,0.00011,0.00012,0.00014,0.00011,0.0001,9.80E-05,9.68E-05,0.00010683,0.000110791
2,7,9,0.00011,0.00012,0.00013,0.00014,0.00011,0.0001,9.80E-05,0.00010145,0.00010859,0.000114277
2,7,10,0.00011,0.00012,0.00013,0.00014,0.00011,0.0001,1.00E-04,0.00010575,0.0001079,0.000118328
2,7,11,0.00011,0.00012,0.00013,0.00014,0.00011,0.0001,0.00010399,0.00010882,0.0001068,0.000123251
2,7,12,0.00011,0.00012,0.00014,0.00013,0.00011,0.0001,0.00010449,0.00010991,0.00010495,0.00012347
2,7,13,0.00011,0.00013,0.00016,0.00014,0.00012,0.0001,9.90E-05,0.00010916,0.000106,0.000124496
2,7,14,0.00012,0.00014,0.00016,0.00014,0.00012,0.00011,9.83E-05,0.0001074,0.00010595,0.000125225
2,7,15,0.00012,0.00014,0.00016,0.00014,0.00012,0.00011,8.47E-05,0.00010599,0.00010767,0.000124749
2,7,16,0.00011,0.00014,0.00015,0.00015,0.00012,0.0001,8.80E-05,0.00010395,0.00011131,0.000122189
2,7,17,0.0001,0.00013,0.00015,0.00015,0.00012,0.0001,0.00010289,0.00010494,0.0001196,0.000120629
2,7,18,0.0001,0.00013,0.00014,0.00014,0.00011,0.0001,0.00010899,0.00011847,0.00012811,0.000129299
2,7,19,0.0001,0.00012,0.00013,0.00014,0.00011,0.0001,0.00010549,0.00012706,0.00013721,0.000131903
2,7,20,0.0001,0.00012,0.00012,0.00014,0.00011,0.00009,0.00010499,0.00012585,0.00013819,0.000128079
2,7,21,0.0001,0.00012,0.00012,0.00014,0.00011,0.00009,9.78E-05,0.00012035,0.00013384,0.000122931
2,7,22,0.0001,0.00012,0.00012,0.00014,0.00011,0.00009,9.13E-05,0.00011153,0.00012195,0.000116477
2,7,23,0.0001,0.00012,0.00011,0.00014,0.00011,0.00009,8.70E-05,0.00010286,0.00010855,0.00010986
3,7,0,0.00011,0.00011,0.00012,0.00014,0.00011,0.00009,9.23E-05,9.28E-05,8.41E-05,0.000104195
3,7,1,0.00011,0.00011,0.00012,0.00013,0.00012,0.0001,8.84E-05,8.95E-05,8.44E-05,0.000100315
3,7,2,0.00011,0.00011,0.00012,0.00013,0.00012,0.0001,8.56E-05,8.75E-05,8.56E-05,9.73E-05
3,7,3,0.00011,0.00012,0.00012,0.00013,0.00012,0.0001,8.27E-05,8.73E-05,8.61E-05,9.51E-05
3,7,4,0.00011,0.00012,0.00012,0.00013,0.00012,0.0001,8.25E-05,9.11E-05,8.75E-05,9.52E-05
3,7,5,0.00011,0.00012,0.00012,0.00013,0.00012,0.0001,8.45E-05,0.00010131,9.18E-05,9.79E-05
3,7,6,0.00011,0.00012,0.00012,0.00013,0.00012,0.0001,9.54E-05,0.00010447,9.65E-05,9.95E-05
3,7,7,0.00011,0.00012,0.00012,0.00013,0.00012,0.0001,0.000101491,0.00010952,0.00010302,0.000104379
3,7,8,0.00011,0.00012,0.00012,0.00014,0.00012,0.0001,0.00010574,0.00011844,0.00010661,0.000110791
3,7,9,0.00011,0.00012,0.00012,0.00013,0.00012,0.0001,0.00010644,0.00012341,0.00010893,0.000114277
3,7,10,0.00011,0.00012,0.00013,0.00013,0.00011,0.0001,0.00011144,0.00012845,0.0001088,0.000118328
3,7,11,0.00011,0.00012,0.00013,0.00013,0.00012,0.0001,0.00011139,0.00013202,0.00010794,0.000123251
3,7,12,0.00011,0.00012,0.00014,0.00013,0.00011,0.0001,0.00011324,0.0001288,0.00010544,0.00012347
3,7,13,0.00011,0.00014,0.00015,0.00013,0.00012,0.0001,0.00010859,0.00012989,0.00010643,0.000124496
3,7,14,0.00012,0.00014,0.00015,0.00014,0.00012,0.00011,0.00010909,0.00013297,0.00010546,0.000125225
3,7,15,0.00012,0.00014,0.00016,0.00014,0.00012,0.00011,0.00010669,0.00013354,0.0001077,0.000124749
3,7,16,0.00011,0.00014,0.00015,0.00014,0.00012,0.00011,0.00010429,0.00013157,0.00011154,0.000122189
3,7,17,0.0001,0.00013,0.00015,0.00014,0.00012,0.0001,0.00010629,0.00012823,0.00011999,0.000120629
3,7,18,0.0001,0.00013,0.00014,0.00014,0.00011,0.0001,0.000116739,0.00013818,0.00012954,0.000129299
3,7,19,0.0001,0.00012,0.00013,0.00014,0.00011,0.0001,0.000113389,0.00014304,0.00013784,0.000131903
3,7,20,0.0001,0.00012,0.00013,0.00014,0.00011,0.0001,0.00011069,0.00013825,0.00014028,0.000128079
3,7,21,0.0001,0.00012,0.00012,0.00013,0.00011,0.00009,0.00010674,0.00012904,0.00013477,0.000122931
3,7,22,0.0001,0.00012,0.00012,0.00013,0.00011,0.00009,0.000101421,0.00011627,0.00012441,0.000116477
3,7,23,0.0001,0.00012,0.00012,0.00013,0.00011,0.0001,9.83E-05,0.00010432,0.00010953,0.00010986
4,7,0,0.0001,0.00011,0.00012,0.00013,0.00011,0.0001,0.000149986,9.53E-05,8.50E-05,0.000104195
4,7,1,0.00011,0.00011,0.00012,0.00013,0.00012,0.0001,0.000148986,9.18E-05,8.53E-05,0.000100315
4,7,2,0.00011,0.00011,0.00012,0.00013,0.00012,0.0001,0.000147986,8.95E-05,8.72E-05,9.73E-05
4,7,3,0.00011,0.00011,0.00012,0.00013,0.00012,0.0001,0.000144987,8.92E-05,8.67E-05,9.51E-05
4,7,4,0.00011,0.00012,0.00012,0.00014,0.00012,0.0001,0.000141987,9.27E-05,8.83E-05,9.52E-05
4,7,5,0.00011,0.00012,0.00013,0.00013,0.00012,0.0001,0.000132988,0.0001017,9.19E-05,9.79E-05
4,7,6,0.00011,0.00012,0.00012,0.00013,0.00012,0.0001,0.000129988,0.00010228,9.85E-05,9.95E-05
4,7,7,0.00011,0.00012,0.00012,0.00013,0.00012,0.0001,0.000130988,0.00010854,0.00010362,0.000104379
4,7,8,0.00011,0.00012,0.00012,0.00014,0.00012,0.0001,0.000129988,0.00011837,0.00010682,0.000110791
4,7,9,0.00011,0.00011,0.00012,0.00014,0.00012,0.0001,0.000124988,0.00012254,0.00010797,0.000114277
4,7,10,0.00011,0.00011,0.00013,0.00013,0.00011,0.0001,0.000123489,0.00012763,0.00010989,0.000118328
4,7,11,0.00011,0.00011,0.00014,0.00013,0.00011,0.0001,0.000122989,0.00013023,0.00010825,0.000123251
4,7,12,0.00011,0.00011,0.00015,0.00013,0.00011,0.0001,0.000114989,0.00012702,0.00010732,0.00012347
4,7,13,0.00011,0.00013,0.00017,0.00013,0.00012,0.00011,0.000120989,0.00012854,0.00010757,0.000124496
4,7,14,0.00011,0.00014,0.00017,0.00014,0.00012,0.00011,0.000124988,0.00013118,0.0001076,0.000125225
4,7,15,0.00011,0.00014,0.00017,0.00014,0.00012,0.00011,0.000124988,0.00013088,0.00010783,0.000124749
4,7,16,0.00011,0.00013,0.00016,0.00014,0.00012,0.00011,0.000124488,0.0001278,0.00011346,0.000122189
4,7,17,0.0001,0.00013,0.00015,0.00014,0.00011,0.00011,0.000128488,0.0001235,0.00011965,0.000120629
4,7,18,0.0001,0.00013,0.00014,0.00014,0.00011,0.0001,0.000137187,0.00013513,0.00013009,0.000129299
4,7,19,0.00009,0.00012,0.00014,0.00014,0.00011,0.0001,0.000137187,0.00013989,0.00013763,0.000131903
4,7,20,0.00009,0.00012,0.00013,0.00014,0.00011,0.0001,0.000138487,0.00013581,0.00014037,0.000128079
4,7,21,0.00009,0.00012,0.00012,0.00014,0.00011,0.0001,0.000136987,0.00012842,0.00013471,0.000122931
4,7,22,0.00009,0.00012,0.00012,0.00013,0.00011,0.0001,0.000136487,0.00011677,0.00012321,0.000116477
4,7,23,0.0001,0.00012,0.00011,0.00013,0.00011,0.0001,0.000131988,0.00010389,0.00011046,0.00010986
5,7,0,0.0001,0.00011,0.00012,0.00014,0.00011,0.0001,7.79E-05,9.53E-05,8.45E-05,0.000104195
5,7,1,0.0001,0.00011,0.00011,0.00013,0.00011,0.0001,7.42E-05,9.20E-05,8.56E-05,0.000100315
5,7,2,0.0001,0.00011,0.00012,0.00013,0.00011,0.0001,7.28E-05,9.12E-05,8.53E-05,9.73E-05
5,7,3,0.0001,0.00011,0.00012,0.00013,0.00011,0.0001,7.29E-05,9.06E-05,8.68E-05,9.51E-05
5,7,4,0.0001,0.00011,0.00012,0.00013,0.00011,0.0001,7.34E-05,9.17E-05,8.87E-05,9.52E-05
5,7,5,0.0001,0.00011,0.00011,0.00013,0.00011,0.0001,7.51E-05,9.30E-05,9.39E-05,9.79E-05
5,7,6,0.0001,0.00011,0.00011,0.00013,0.00011,0.0001,8.09E-05,9.55E-05,9.78E-05,9.95E-05
5,7,7,0.0001,0.00011,0.00011,0.00013,0.00011,0.0001,8.62E-05,0.0001035,0.00010325,0.000104379
5,7,8,0.0001,0.00011,0.00011,0.00013,0.00011,0.0001,9.19E-05,0.00011169,0.00010829,0.000110791
5,7,9,0.0001,0.00011,0.00012,0.00013,0.00011,0.0001,0.000100211,0.00011717,0.00011001,0.000114277
5,7,10,0.0001,0.00011,0.00012,0.00013,0.00011,0.0001,0.00010679,0.00012114,0.00010929,0.000118328
5,7,11,0.0001,0.00011,0.00012,0.00013,0.00011,0.0001,0.000113549,0.00012338,0.00010779,0.000123251
5,7,12,0.0001,0.00011,0.00013,0.00013,0.0001,0.0001,0.000116589,0.00012229,0.00010811,0.00012347
5,7,13,0.0001,0.00013,0.00015,0.00013,0.00011,0.0001,0.000119839,0.00011911,0.00010755,0.000124496
5,7,14,0.00011,0.00013,0.00015,0.00014,0.00011,0.00011,0.000121529,0.00011656,0.00010735,0.000125225
5,7,15,0.00011,0.00013,0.00015,0.00014,0.00011,0.00011,0.000122709,0.00011515,0.00010978,0.000124749
5,7,16,0.0001,0.00014,0.00014,0.00014,0.0001,0.0001,0.000119649,0.0001131,0.00011246,0.000122189
5,7,17,0.0001,0.00013,0.00013,0.00014,0.0001,0.0001,0.000116739,0.00011271,0.00012156,0.000120629
5,7,18,0.00009,0.00013,0.00012,0.00014,0.0001,0.0001,0.000133583,0.00012617,0.00013027,0.000129299
5,7,19,0.00009,0.00013,0.00012,0.00014,0.0001,0.0001,0.000136077,0.00013034,0.00013807,0.000131903
5,7,20,0.00009,0.00012,0.00012,0.00013,0.0001,0.0001,0.000134358,0.00012614,0.00013965,0.000128079
5,7,21,0.00009,0.00012,0.00011,0.00013,0.0001,0.00009,0.000130608,0.00011829,0.00013628,0.000122931
5,7,22,0.00009,0.00012,0.00011,0.00013,0.0001,0.00009,0.000130208,0.0001065,0.00012372,0.000116477
5,7,23,0.0001,0.00012,0.00011,0.00013,0.0001,0.0001,0.000126778,9.79E-05,0.00011012,0.00010986
6,7,0,0.0001,0.00011,0.0001,0.00013,0.00011,0.0001,0.000156486,9.25E-05,8.60E-05,0.000104195
6,7,1,0.0001,0.00011,0.00011,0.00012,0.00011,0.0001,0.000151486,8.86E-05,8.54E-05,0.000100315
6,7,2,0.00011,0.00011,0.00011,0.00012,0.00012,0.0001,0.000146986,8.59E-05,8.70E-05,9.73E-05
6,7,3,0.00011,0.00011,0.00011,0.00012,0.00011,0.0001,0.000141487,8.55E-05,8.63E-05,9.51E-05
6,7,4,0.0001,0.00012,0.00011,0.00013,0.00011,0.00011,0.000137787,8.90E-05,9.00E-05,9.52E-05
6,7,5,0.0001,0.00012,0.00011,0.00013,0.00011,0.00011,0.000129988,9.76E-05,9.38E-05,9.79E-05
6,7,6,0.0001,0.00011,0.0001,0.00013,0.00011,0.0001,0.000126988,1.00E-04,9.88E-05,9.95E-05
6,7,7,0.0001,0.00012,0.0001,0.00013,0.00011,0.0001,0.000122489,0.00010605,0.00010349,0.000104379
6,7,8,0.0001,0.00012,0.0001,0.00013,0.00011,0.0001,0.000120989,0.00011442,0.00010787,0.000110791
6,7,9,0.0001,0.00012,0.0001,0.00013,0.00011,0.0001,0.000123989,0.00011901,0.00010985,0.000114277
6,7,10,0.0001,0.00013,0.00011,0.00013,0.00011,0.0001,0.000127988,0.00012369,0.00010885,0.000118328
6,7,11,0.0001,0.00012,0.00011,0.00013,0.00011,0.0001,0.000134488,0.0001265,0.00010921,0.000123251
6,7,12,0.0001,0.00012,0.00011,0.00012,0.00011,0.0001,0.000137987,0.00012259,0.0001088,0.00012347
6,7,13,0.00011,0.00014,0.00014,0.00013,0.00012,0.00011,0.000130988,0.00012309,0.0001082,0.000124496
6,7,14,0.00011,0.00014,0.00015,0.00013,0.00012,0.00011,0.000132988,0.00012506,0.00010849,0.000125225
6,7,15,0.00011,0.00014,0.00015,0.00014,0.00012,0.00011,0.000123489,0.00012588,0.0001095,0.000124749
6,7,16,0.00011,0.00014,0.00015,0.00013,0.00012,0.00011,0.00010768,0.00012518,0.00011394,0.000122189
6,7,17,0.0001,0.00014,0.00013,0.00014,0.00011,0.0001,0.00010489,0.00012328,0.00012101,0.000120629
6,7,18,0.0001,0.00013,0.00012,0.00013,0.00011,0.0001,0.000130323,0.00013256,0.00012972,0.000129299
6,7,19,0.00009,0.00013,0.00011,0.00013,0.00011,0.0001,0.000136447,0.00013711,0.00013876,0.000131903
6,7,20,0.00009,0.00012,0.00011,0.00013,0.0001,0.00009,0.000140917,0.00013222,0.00014045,0.000128079
6,7,21,0.00009,0.00012,0.00011,0.00013,0.0001,0.00009,0.000141987,0.00012519,0.00013504,0.000122931
6,7,22,0.0001,0.00012,0.00011,0.00012,0.0001,0.00009,0.000143287,0.0001159,0.00012481,0.000116477
6,7,23,0.0001,0.00012,0.00011,0.00013,0.00011,0.0001,0.000142237,0.0001081,0.0001107,0.00010986
7,7,0,0.0001,0.00011,0.00011,0.00012,0.00011,0.0001,0.000141187,9.96E-05,8.55E-05,0.000104195
7,7,1,0.00011,0.00011,0.00011,0.00012,0.00012,0.0001,0.000138387,9.56E-05,8.64E-05,0.000100315
7,7,2,0.00011,0.00012,0.00011,0.00012,0.00012,0.0001,0.000133488,9.31E-05,8.71E-05,9.73E-05
7,7,3,0.00011,0.00012,0.00011,0.00013,0.00012,0.0001,0.000128788,9.25E-05,8.67E-05,9.51E-05
7,7,4,0.00011,0.00012,0.0001,0.00013,0.00012,0.0001,0.000126288,9.45E-05,8.91E-05,9.52E-05
7,7,5,0.00011,0.00012,0.00011,0.00013,0.00012,0.0001,0.000123964,0.00010154,9.38E-05,9.79E-05
7,7,6,0.00011,0.00012,0.00011,0.00013,0.00012,0.0001,0.000121639,0.00010336,9.84E-05,9.95E-05
7,7,7,0.00011,0.00012,0.00011,0.00013,0.00012,0.0001,0.000122789,0.00011073,0.00010367,0.000104379
7,7,8,0.00011,0.00012,0.00011,0.00013,0.00011,0.0001,0.000125388,0.00011879,0.00010984,0.000110791
7,7,9,0.00011,0.00012,0.00012,0.00013,0.00011,0.0001,0.000128058,0.00012374,0.00011079,0.000114277
7,7,10,0.00011,0.00012,0.00012,0.00013,0.00011,0.0001,0.000131468,0.00012848,0.00011233,0.000118328
7,7,11,0.00011,0.00011,0.00012,0.00012,0.00011,0.0001,0.000135787,0.00013172,0.00010972,0.000123251
7,7,12,0.00011,0.00012,0.00013,0.00012,0.00011,0.0001,0.000138187,0.00012859,0.00010899,0.00012347
7,7,13,0.00011,0.00014,0.00015,0.00012,0.00012,0.0001,0.000138737,0.00012954,0.00010785,0.000124496
7,7,14,0.00011,0.00014,0.00015,0.00012,0.00012,0.00011,0.000130988,0.00013234,0.00010885,0.000125225
7,7,15,0.00011,0.00014,0.00015,0.00012,0.00012,0.00011,0.000136987,0.0001322,0.00011027,0.000124749
7,7,16,0.00011,0.00014,0.00014,0.00013,0.00012,0.0001,0.000134987,0.00012927,0.00011358,0.000122189
7,7,17,0.0001,0.00014,0.00013,0.00013,0.00011,0.0001,0.000129488,0.00012507,0.00012184,0.000120629
7,7,18,0.0001,0.00013,0.00012,0.00013,0.00011,0.00009,0.000145986,0.00013296,0.00013077,0.000129299
7,7,19,0.0001,0.00013,0.00012,0.00013,0.00011,0.00009,0.000152236,0.00014005,0.00013915,0.000131903
7,7,20,0.00009,0.00012,0.00011,0.00012,0.0001,0.00009,0.000153986,0.00013638,0.00014138,0.000128079
7,7,21,0.0001,0.00012,0.00011,0.00012,0.0001,0.00009,0.000152986,0.0001287,0.0001373,0.000122931
7,7,22,0.0001,0.00012,0.00011,0.00012,0.0001,0.00009,0.000152236,0.00011745,0.00012514,0.000116477
7,7,23,0.0001,0.00012,0.00011,0.00012,0.00011,0.00009,0.000151986,0.00010745,0.00011131,0.00010986
8,7,0,0.0001,0.00011,0.00012,0.00012,0.00011,0.0001,0.000128988,0.00010203,8.58E-05,0.000104195
8,7,1,0.00011,0.00011,0.00012,0.00012,0.00012,0.0001,0.000125488,9.70E-05,8.73E-05,0.000100315
8,7,2,0.00011,0.00011,0.00012,0.00012,0.00012,0.0001,0.000121989,9.45E-05,8.72E-05,9.73E-05
8,7,3,0.00011,0.00012,0.00012,0.00012,0.00012,0.0001,0.000119489,9.28E-05,8.73E-05,9.51E-05
8,7,4,0.00011,0.00012,0.00012,0.00012,0.00012,0.0001,0.000118989,9.22E-05,9.04E-05,9.52E-05
8,7,5,0.00011,0.00012,0.00012,0.00012,0.00012,0.0001,0.00011299,9.06E-05,9.44E-05,9.79E-05
8,7,6,0.00011,0.00012,0.00011,0.00012,0.00011,0.0001,0.00011269,8.76E-05,0.00010047,9.95E-05
8,7,7,0.00011,0.00012,0.00012,0.00012,0.00011,0.0001,0.00011319,9.27E-05,0.00010504,0.000104379
8,7,8,0.00011,0.00012,0.00012,0.00012,0.00011,0.0001,0.000115489,9.86E-05,0.00010881,0.000110791
8,7,9,0.00011,0.00012,0.00012,0.00012,0.00011,0.0001,0.000119189,0.00010333,0.00011105,0.000114277
8,7,10,0.00011,0.00012,0.00012,0.00012,0.00011,0.0001,0.000121989,0.00010772,0.00011113,0.000118328
8,7,11,0.00011,0.00012,0.00012,0.00012,0.00011,0.00009,0.000124488,0.00011123,0.00011109,0.000123251
8,7,12,0.00011,0.00012,0.00014,0.00012,0.00011,0.0001,0.000126988,0.000112,0.00010911,0.00012347
8,7,13,0.00011,0.00014,0.00015,0.00012,0.00012,0.0001,0.000127388,0.00011089,0.0001081,0.000124496
8,7,14,0.00011,0.00014,0.00015,0.00013,0.00012,0.0001,0.000128888,0.00010826,0.00010877,0.000125225
8,7,15,0.00012,0.00014,0.00015,0.00013,0.00012,0.0001,0.000125988,0.00010681,0.00011053,0.000124749
8,7,16,0.00011,0.00014,0.00014,0.00013,0.00011,0.0001,0.000119789,0.00010577,0.00011447,0.000122189
8,7,17,0.0001,0.00014,0.00013,0.00013,0.00011,0.0001,0.00011259,0.00010577,0.00012244,0.000120629
8,7,18,0.0001,0.00014,0.00013,0.00013,0.0001,0.00009,0.000134688,0.00011811,0.00013252,0.000129299
8,7,19,0.0001,0.00013,0.00012,0.00013,0.0001,0.00009,0.000137287,0.00012721,0.00014063,0.000131903
8,7,20,0.0001,0.00013,0.00012,0.00013,0.0001,0.00009,0.000137887,0.00012675,0.00014213,0.000128079
8,7,21,0.0001,0.00013,0.00012,0.00013,0.0001,0.00009,0.000137487,0.00012261,0.00013682,0.000122931
8,7,22,0.0001,0.00012,0.00011,0.00012,0.0001,0.00009,0.000138387,0.0001136,0.00012559,0.000116477
8,7,23,0.0001,0.00012,0.00012,0.00012,0.0001,0.00009,0.000137987,0.00010385,0.00011145,0.00010986
9,7,0,0.00011,0.00012,0.00012,0.00013,0.00011,0.00009,0.000144487,9.71E-05,8.58E-05,0.000104195
9,7,1,0.00011,0.00011,0.00012,0.00012,0.00011,0.0001,0.000140987,9.30E-05,8.65E-05,0.000100315
9,7,2,0.00011,0.00011,0.00012,0.00012,0.00012,0.0001,0.000138487,9.03E-05,8.73E-05,9.73E-05
9,7,3,0.00011,0.00012,0.00012,0.00013,0.00012,0.0001,0.000134987,8.92E-05,8.85E-05,9.51E-05
9,7,4,0.00011,0.00012,0.00012,0.00013,0.00011,0.0001,0.000131988,9.29E-05,9.06E-05,9.52E-05
9,7,5,0.00011,0.00012,0.00012,0.00013,0.00011,0.0001,0.000126988,0.00010349,9.47E-05,9.79E-05
9,7,6,0.00011,0.00012,0.00012,0.00013,0.00011,0.0001,0.000120989,0.00010571,9.96E-05,9.95E-05
9,7,7,0.00011,0.00012,0.00012,0.00013,0.00011,0.0001,0.000118689,0.00011017,0.00010502,0.000104379
9,7,8,0.00011,0.00012,0.00012,0.00013,0.00011,0.0001,0.000122289,0.00011797,0.00010979,0.000110791
9,7,9,0.00011,0.00012,0.00013,0.00014,0.00011,0.0001,0.000123989,0.00012304,0.00010987,0.000114277
9,7,10,0.00011,0.00012,0.00012,0.00013,0.00011,0.0001,0.000126488,0.00012813,0.00011017,0.000118328
9,7,11,0.00011,0.00012,0.00012,0.00013,0.00011,0.0001,0.000132488,0.00013078,0.00011067,0.000123251
9,7,12,0.00011,0.00012,0.00014,0.00013,0.00011,0.0001,0.000135987,0.0001259,0.00010846,0.00012347
9,7,13,0.00011,0.00014,0.00014,0.00013,0.00012,0.0001,0.000137987,0.00012621,0.00010817,0.000124496
9,7,14,0.00012,0.00014,0.00015,0.00014,0.00012,0.00011,0.000138487,0.00012865,0.00010763,0.000125225
9,7,15,0.00012,0.00014,0.00016,0.00014,0.00012,0.00011,0.000138287,0.0001283,0.00011033,0.000124749
9,7,16,0.00011,0.00014,0.00014,0.00014,0.00011,0.0001,0.000137487,0.00012711,0.00011383,0.000122189
9,7,17,0.0001,0.00013,0.00014,0.00013,0.00011,0.0001,0.000136987,0.0001251,0.00012328,0.000120629
9,7,18,0.0001,0.00013,0.00013,0.00013,0.0001,0.0001,0.000153986,0.00013674,0.00013233,0.000129299
9,7,19,0.0001,0.00012,0.00012,0.00013,0.0001,0.00009,0.000154986,0.0001401,0.00014083,0.000131903
9,7,20,0.0001,0.00012,0.00012,0.00013,0.0001,0.00009,0.000155986,0.00013566,0.00014344,0.000128079
9,7,21,0.0001,0.00012,0.00012,0.00013,0.0001,0.00009,0.000155486,0.00012552,0.00013691,0.000122931
9,7,22,0.0001,0.00012,0.00011,0.00013,0.0001,0.00009,0.000154986,0.0001114,0.00012655,0.000116477
9,7,23,0.0001,0.00012,0.0001,0.00013,0.0001,0.00009,0.000153986,0.00010039,0.00011242,0.00010986
10,7,0,0.00011,0.00011,0.00011,0.00013,0.00011,0.00009,0.000123989,9.96E-05,8.68E-05,0.000104195
10,7,1,0.00011,0.00011,0.00012,0.00012,0.00011,0.00009,0.000120489,9.64E-05,8.79E-05,0.000100315
10,7,2,0.00011,0.00011,0.00011,0.00012,0.00012,0.0001,0.000117989,9.39E-05,8.77E-05,9.73E-05
10,7,3,0.00011,0.00011,0.00012,0.00013,0.00012,0.0001,0.000114989,9.36E-05,8.90E-05,9.51E-05
10,7,4,0.00011,0.00012,0.00015,0.00013,0.00012,0.0001,0.00011269,9.74E-05,9.11E-05,9.52E-05
10,7,5,0.00011,0.00011,0.00011,0.00013,0.00011,0.0001,0.00010999,0.00010559,9.54E-05,9.79E-05
10,7,6,0.00011,0.00012,0.0001,0.00013,0.00011,0.0001,0.00011279,0.00010722,0.00010079,9.95E-05
10,7,7,0.00011,0.00012,0.00011,0.00013,0.00011,0.0001,0.00011279,0.0001141,0.00010689,0.000104379
10,7,8,0.00011,0.00011,0.00011,0.00014,0.00011,0.0001,0.000114189,0.0001194,0.00010989,0.000110791
10,7,9,0.00011,0.00012,0.00012,0.00013,0.00011,0.0001,0.000117489,0.00012365,0.00011244,0.000114277
10,7,10,0.00011,0.00012,0.00012,0.00013,0.00011,0.0001,0.000121189,0.00012798,0.00011149,0.000118328
10,7,11,0.00011,0.00012,0.00012,0.00013,0.00011,0.0001,0.000125988,0.00013062,0.00011099,0.000123251
10,7,12,0.00011,0.00012,0.00013,0.00013,0.00011,0.0001,0.000129188,0.00012768,0.00011081,0.00012347
10,7,13,0.00011,0.00014,0.00016,0.00013,0.00012,0.0001,0.000128988,0.00012821,0.00010948,0.000124496
10,7,14,0.00012,0.00014,0.00015,0.00014,0.00012,0.00011,0.000129288,0.00013153,0.00010904,0.000125225
10,7,15,0.00012,0.00014,0.00016,0.00014,0.00012,0.0001,0.000125988,0.00013179,0.00011074,0.000124749
10,7,16,0.00011,0.00014,0.00015,0.00014,0.00011,0.0001,0.000123489,0.00012922,0.00011587,0.000122189
10,7,17,0.0001,0.00013,0.00014,0.00014,0.00011,0.0001,0.000136487,0.00012969,0.00012335,0.000120629
10,7,18,0.0001,0.00013,0.00013,0.00014,0.0001,0.00009,0.000143587,0.00014072,0.0001324,0.000129299
10,7,19,0.0001,0.00013,0.00012,0.00014,0.0001,0.00009,0.000143387,0.00014034,0.00014082,0.000131903
10,7,20,0.0001,0.00012,0.00012,0.00014,0.0001,0.00009,0.000140587,0.00013548,0.00014347,0.000128079
10,7,21,0.0001,0.00012,0.00012,0.00013,0.0001,0.00009,0.000140887,0.00012646,0.0001388,0.000122931
10,7,22,0.0001,0.00012,0.00011,0.00013,0.0001,0.00009,0.000138487,0.00011598,0.00012702,0.000116477
10,7,23,0.0001,0.00012,0.00011,0.00013,0.0001,0.00009,0.000135787,0.00010482,0.00011284,0.00010986
11,7,0,0.0001,0.00011,0.0001,0.00013,0.00011,0.00009,0.00010331,9.14E-05,8.69E-05,0.000104195
11,7,1,0.00011,0.00011,0.00011,0.00013,0.00011,0.00009,9.93E-05,8.75E-05,8.76E-05,0.000100315
11,7,2,0.00011,0.00011,0.00012,0.00013,0.00011,0.0001,9.50E-05,8.58E-05,8.68E-05,9.73E-05
11,7,3,0.00011,0.00011,0.00012,0.00013,0.00011,0.0001,9.20E-05,8.45E-05,8.90E-05,9.51E-05
11,7,4,0.00011,0.00011,0.00012,0.00013,0.00011,0.0001,8.98E-05,8.49E-05,9.06E-05,9.52E-05
11,7,5,0.00011,0.00012,0.00012,0.00013,0.00011,0.0001,9.02E-05,8.42E-05,9.56E-05,9.79E-05
11,7,6,0.00011,0.00012,0.00012,0.00013,0.00011,0.0001,9.43E-05,8.28E-05,0.00010157,9.95E-05
11,7,7,0.00011,0.00012,0.00012,0.00013,0.00011,0.00009,9.80E-05,8.95E-05,0.00010757,0.000104379
11,7,8,0.00011,0.00012,0.00012,0.00014,0.00011,0.00009,9.92E-05,9.64E-05,0.0001108,0.000110791
11,7,9,0.00011,0.00012,0.00012,0.00014,0.00011,0.0001,0.00010687,0.00010164,0.00011312,0.000114277
11,7,10,0.00011,0.00012,0.00012,0.00013,0.00011,0.0001,0.00010687,0.00010576,0.00011098,0.000118328
11,7,11,0.00011,0.00012,0.00013,0.00013,0.00011,0.0001,0.00011094,0.00010906,0.00011031,0.000123251
11,7,12,0.00011,0.00012,0.00014,0.00013,0.00011,0.0001,0.000114189,0.00010955,0.00010968,0.00012347
11,7,13,0.00011,0.00014,0.00016,0.00013,0.00012,0.0001,0.00011274,0.00010811,0.00010866,0.000124496
11,7,14,0.00011,0.00014,0.00016,0.00014,0.00012,0.00011,0.00011246,0.00010473,0.00010988,0.000125225
11,7,15,0.00011,0.00014,0.00016,0.00014,0.00012,0.0001,0.00011077,0.0001028,0.00010896,0.000124749
11,7,16,0.00011,0.00014,0.00015,0.00014,0.00011,0.0001,0.00011186,0.00010278,0.00011535,0.000122189
11,7,17,0.0001,0.00013,0.00014,0.00014,0.00011,0.0001,0.000126288,0.0001098,0.00012203,0.000120629
11,7,18,0.0001,0.00013,0.00013,0.00014,0.00011,0.00009,0.000122679,0.00012414,0.0001331,0.000129299
11,7,19,0.00009,0.00012,0.00011,0.00014,0.00011,0.00009,0.000120249,0.00012512,0.00014264,0.000131903
11,7,20,0.00009,0.00012,0.00011,0.00014,0.0001,0.00009,0.000117839,0.0001219,0.00014416,0.000128079
11,7,21,0.00009,0.00012,0.00011,0.00014,0.0001,0.00009,0.00011227,0.00011373,0.00013859,0.000122931
11,7,22,0.00009,0.00012,0.00011,0.00013,0.00011,0.00009,0.0001112,0.00010404,0.00012674,0.000116477
11,7,23,0.0001,0.00012,0.00011,0.00013,0.00011,0.00009,0.00010804,9.63E-05,0.00011267,0.00010986
12,7,0,0.0001,0.00011,0.00011,0.00013,0.00011,0.00009,7.21E-05,0.00010086,8.65E-05,0.000104195
12,7,1,0.0001,0.00011,0.00011,0.00013,0.00011,0.00009,6.95E-05,9.67E-05,8.79E-05,0.000100315
12,7,2,0.0001,0.00011,0.00011,0.00013,0.00011,0.00009,6.70E-05,9.45E-05,8.81E-05,9.73E-05
12,7,3,0.0001,0.00011,0.00011,0.00013,0.00011,0.0001,6.46E-05,9.37E-05,8.92E-05,9.51E-05
12,7,4,0.0001,0.00011,0.00012,0.00013,0.00011,0.0001,6.40E-05,9.62E-05,9.08E-05,9.52E-05
12,7,5,0.0001,0.00011,0.00012,0.00013,0.00011,0.0001,6.81E-05,0.00010139,9.55E-05,9.79E-05
12,7,6,0.0001,0.00011,0.00012,0.00013,0.00011,0.00009,7.47E-05,0.00010523,0.00010156,9.95E-05
12,7,7,0.0001,0.00011,0.00012,0.00013,0.00011,0.00009,8.03E-05,0.00011471,0.000107,0.000104379
12,7,8,0.0001,0.00011,0.00012,0.00013,0.0001,0.00009,7.84E-05,0.00012341,0.00011161,0.000110791
12,7,9,0.0001,0.00011,0.00013,0.00013,0.0001,0.00009,7.59E-05,0.00012742,0.00011248,0.000114277
12,7,10,0.0001,0.00011,0.00013,0.00013,0.0001,0.00009,7.89E-05,0.00013214,0.00011332,0.000118328
12,7,11,0.0001,0.00011,0.00013,0.00013,0.0001,0.00009,8.46E-05,0.00013502,0.00011244,0.000123251
12,7,12,0.0001,0.00011,0.00013,0.00013,0.0001,0.00009,8.92E-05,0.00013229,0.00011033,0.00012347
12,7,13,0.0001,0.00013,0.00015,0.00013,0.00011,0.0001,8.45E-05,0.00013175,0.00010851,0.000124496
12,7,14,0.00011,0.00014,0.00016,0.00013,0.00012,0.0001,8.24E-05,0.00013295,0.00010984,0.000125225
12,7,15,0.00011,0.00014,0.00015,0.00014,0.00012,0.0001,8.29E-05,0.00013243,0.00011166,0.000124749
12,7,16,0.0001,0.00014,0.00015,0.00013,0.00011,0.0001,8.92E-05,0.0001297,0.00011631,0.000122189
12,7,17,0.0001,0.00013,0.00014,0.00014,0.00011,0.0001,0.000102351,0.00012864,0.00012127,0.000120629
12,7,18,0.00009,0.00013,0.00013,0.00013,0.00011,0.0001,9.97E-05,0.00014032,0.00013433,0.000129299
12,7,19,0.00009,0.00013,0.00012,0.00013,0.0001,0.00009,9.82E-05,0.00013585,0.00014101,0.000131903
12,7,20,0.00009,0.00013,0.00012,0.00013,0.0001,0.00009,9.56E-05,0.00012962,0.00014378,0.000128079
12,7,21,0.00009,0.00013,0.00012,0.00013,0.0001,0.00009,9.07E-05,0.00012171,0.00013848,0.000122931
12,7,22,0.00009,0.00012,0.00011,0.00013,0.0001,0.00009,8.65E-05,0.0001134,0.00012644,0.000116477
12,7,23,0.0001,0.00012,0.00011,0.00013,0.0001,0.00009,8.11E-05,0.00010568,0.00011389,0.00010986
7,13,0,0.0001,0.00011,0.00011,0.00013,0.00011,0.0001,0.000133188,9.78E-05,8.72E-05,0.000104195
7,13,1,0.0001,0.00011,0.00011,0.00013,0.00011,0.0001,0.000129188,9.47E-05,8.85E-05,0.000100315
7,13,2,0.00011,0.00011,0.00011,0.00012,0.00012,0.0001,0.000125788,9.16E-05,8.71E-05,9.73E-05
7,13,3,0.00011,0.00012,0.00011,0.00013,0.00012,0.0001,0.000123789,9.09E-05,8.86E-05,9.51E-05
7,13,4,0.0001,0.00012,0.00011,0.00013,0.00012,0.0001,0.000121789,9.51E-05,9.17E-05,9.52E-05
7,13,5,0.0001,0.00012,0.00011,0.00013,0.00011,0.0001,0.000115789,0.000102,9.59E-05,9.79E-05
7,13,6,0.0001,0.00012,0.00011,0.00014,0.00011,0.0001,0.000116189,0.00010381,0.00010087,9.95E-05
7,13,7,0.0001,0.00012,0.00012,0.00014,0.00011,0.0001,0.000116489,0.0001108,0.00010629,0.000104379
7,13,8,0.0001,0.00012,0.00012,0.00014,0.00011,0.0001,0.000121189,0.00011885,0.00011189,0.000110791
7,13,9,0.0001,0.00012,0.00012,0.00014,0.00011,0.00009,0.000123989,0.00012346,0.00011224,0.000114277
7,13,10,0.0001,0.00012,0.00012,0.00013,0.00011,0.0001,0.000126488,0.00012779,0.00011218,0.000118328
7,13,11,0.0001,0.00012,0.00012,0.00013,0.00011,0.0001,0.000130988,0.00013002,0.00011184,0.000123251
7,13,12,0.0001,0.00012,0.00013,0.00013,0.00011,0.0001,0.000135487,0.00012689,0.00011121,0.00012347
7,13,13,0.00011,0.00014,0.00016,0.00013,0.00012,0.0001,0.000134987,0.00012828,0.00011133,0.000124496
7,13,14,0.00011,0.00015,0.00015,0.00014,0.00012,0.00011,0.000137157,0.00013032,0.0001096,0.000125225
7,13,15,0.00011,0.00015,0.00015,0.00014,0.00012,0.0001,0.000136737,0.00012983,0.00011216,0.000124749
7,13,16,0.00011,0.00015,0.00015,0.00014,0.00012,0.0001,0.000134488,0.00012771,0.00011597,0.000122189
7,13,17,0.0001,0.00014,0.00014,0.00014,0.00011,0.0001,0.000129488,0.00012353,0.00012321,0.000120629
7,13,18,0.0001,0.00014,0.00013,0.00014,0.00011,0.0001,0.000144737,0.00013148,0.00013319,0.000129299
7,13,19,0.00009,0.00013,0.00011,0.00014,0.00011,0.00009,0.000150986,0.00013736,0.00014198,0.000131903
7,13,20,0.00009,0.00013,0.00011,0.00014,0.0001,0.00009,0.000153986,0.00013427,0.00014547,0.000128079
7,13,21,0.00009,0.00013,0.00011,0.00013,0.0001,0.00009,0.000153986,0.00012664,0.00013902,0.000122931
7,13,22,0.0001,0.00013,0.00011,0.00013,0.0001,0.00009,0.000154486,0.00011505,0.00012629,0.000116477
7,13,23,0.0001,0.00013,0.00011,0.00013,0.00011,0.00009,0.000153486,0.00010512,0.00011303,0.00010986
7,14,0,0.0001,0.00012,0.00011,0.00013,0.00011,0.0001,0.000147986,9.80E-05,8.91E-05,0.000104195
7,14,1,0.00011,0.00012,0.00011,0.00013,0.00012,0.0001,0.000145487,9.43E-05,8.85E-05,0.000100315
7,14,2,0.00011,0.00012,0.00011,0.00013,0.00012,0.0001,0.000141487,9.20E-05,8.96E-05,9.73E-05
7,14,3,0.00011,0.00013,0.00011,0.00013,0.00012,0.0001,0.000137987,9.12E-05,9.00E-05,9.51E-05
7,14,4,0.00011,0.00013,0.00011,0.00013,0.00012,0.00011,0.000136987,9.45E-05,9.23E-05,9.52E-05
7,14,5,0.00011,0.00012,0.00011,0.00013,0.00012,0.0001,0.000131988,0.00010138,9.74E-05,9.79E-05
7,14,6,0.00011,0.00012,0.00011,0.00013,0.00011,0.0001,0.000128488,0.00010348,0.00010127,9.95E-05
7,14,7,0.00011,0.00012,0.00012,0.00013,0.00011,0.0001,0.000126488,0.00011085,0.00010681,0.000104379
7,14,8,0.00011,0.00012,0.00012,0.00014,0.00011,0.0001,0.000128988,0.00011791,0.00011124,0.000110791
7,14,9,0.00011,0.00013,0.00012,0.00013,0.00011,0.0001,0.000132488,0.00012174,0.00011259,0.000114277
7,14,10,0.00011,0.00013,0.00012,0.00013,0.00011,0.0001,0.000135987,0.00012659,0.0001122,0.000118328
7,14,11,0.00011,0.00013,0.00013,0.00013,0.00011,0.0001,0.000140487,0.00013048,0.00011188,0.000123251
7,14,12,0.00011,0.00013,0.00014,0.00013,0.00011,0.0001,0.000141487,0.00012707,0.00010959,0.00012347
7,14,13,0.00011,0.00015,0.00016,0.00013,0.00012,0.0001,0.000141987,0.00012597,0.00011008,0.000124496
7,14,14,0.00011,0.00015,0.00016,0.00014,0.00012,0.0001,0.000144787,0.0001284,0.00011052,0.000125225
7,14,15,0.00011,0.00015,0.00016,0.00014,0.00012,0.0001,0.000144487,0.00012852,0.00011116,0.000124749
7,14,16,0.00011,0.00015,0.00015,0.00014,0.00011,0.0001,0.000140187,0.00012702,0.00011556,0.000122189
7,14,17,0.0001,0.00014,0.00014,0.00014,0.00011,0.0001,0.000134588,0.00012395,0.00012368,0.000120629
7,14,18,0.0001,0.00014,0.00013,0.00014,0.0001,0.00009,0.000150486,0.00013113,0.00013308,0.000129299
7,14,19,0.0001,0.00013,0.00012,0.00014,0.0001,0.00009,0.000155986,0.00013811,0.00014133,0.000131903
7,14,20,0.00009,0.00013,0.00011,0.00013,0.0001,0.00009,0.000156985,0.00013444,0.00014562,0.000128079
7,14,21,0.0001,0.00013,0.00011,0.00013,0.0001,0.00009,0.000156486,0.00012642,0.00013853,0.000122931
7,14,22,0.0001,0.00013,0.00011,0.00013,0.0001,0.00009,0.000154986,0.00011515,0.00012669,0.000116477
7,14,23,0.0001,0.00013,0.00011,0.00013,0.0001,0.00009,0.000153986,0.00010516,0.00011404,0.00010986
7,15,0,0.0001,0.00012,0.00011,0.00013,0.00011,0.0001,0.000151986,9.82E-05,8.79E-05,0.000104195
7,15,1,0.00011,0.00012,0.00011,0.00013,0.00012,0.0001,0.000149986,9.43E-05,8.81E-05,0.000100315
7,15,2,0.00011,0.00012,0.00011,0.00013,0.00011,0.0001,0.000146986,9.15E-05,8.91E-05,9.73E-05
7,15,3,0.00011,0.00012,0.00011,0.00013,0.00012,0.0001,0.000143987,9.05E-05,8.83E-05,9.51E-05
7,15,4,0.00011,0.00012,0.00012,0.00013,0.00011,0.0001,0.000140987,9.34E-05,9.21E-05,9.52E-05
7,15,5,0.00011,0.00012,0.00011,0.00013,0.00011,0.0001,0.000135487,0.00010043,9.56E-05,9.79E-05
7,15,6,0.00011,0.00012,0.00011,0.00014,0.00011,0.0001,0.000134488,0.00010291,0.00010216,9.95E-05
7,15,7,0.00011,0.00012,0.00012,0.00014,0.00011,0.0001,0.000132988,0.00010982,0.00010786,0.000104379
7,15,8,0.00011,0.00012,0.00012,0.00014,0.00011,0.0001,0.000134987,0.00011754,0.00011122,0.000110791
7,15,9,0.00011,0.00013,0.00012,0.00014,0.00011,0.0001,0.000137487,0.00012223,0.00011366,0.000114277
7,15,10,0.00011,0.00013,0.00012,0.00013,0.00011,0.00009,0.000137987,0.0001271,0.00011334,0.000118328
7,15,11,0.00011,0.00012,0.00012,0.00013,0.00011,0.0001,0.000141487,0.00013037,0.00011122,0.000123251
7,15,12,0.00011,0.00012,0.00013,0.00013,0.0001,0.0001,0.000143987,0.0001266,0.00011068,0.00012347
7,15,13,0.00011,0.00014,0.00016,0.00013,0.00012,0.0001,0.000144787,0.00012545,0.00011023,0.000124496
7,15,14,0.00012,0.00015,0.00014,0.00014,0.00012,0.0001,0.000145687,0.00012682,0.00010988,0.000125225
7,15,15,0.00012,0.00015,0.00015,0.00014,0.00012,0.0001,0.000144987,0.00012715,0.00011282,0.000124749
7,15,16,0.00011,0.00014,0.00015,0.00014,0.00011,0.0001,0.000142687,0.00012531,0.00011524,0.000122189
7,15,17,0.0001,0.00014,0.00014,0.00014,0.00011,0.0001,0.000136187,0.00012137,0.00012461,0.000120629
7,15,18,0.0001,0.00014,0.00013,0.00014,0.0001,0.00009,0.000151236,0.00012761,0.00013374,0.000129299
7,15,19,0.0001,0.00013,0.00012,0.00014,0.0001,0.00009,0.000157485,0.00013376,0.00014333,0.000131903
7,15,20,0.0001,0.00013,0.00012,0.00014,0.0001,0.00009,0.000156985,0.00012992,0.00014556,0.000128079
7,15,21,0.0001,0.00013,0.00012,0.00014,0.0001,0.00009,0.000155986,0.00012249,0.00014022,0.000122931
7,15,22,0.0001,0.00013,0.00011,0.00013,0.0001,0.00009,0.000156985,0.00011225,0.00012747,0.000116477
7,15,23,0.0001,0.00013,0.00011,0.00013,0.00011,0.00009,0.000154986,0.00010277,0.00011361,0.00010986
7,16,0,0.00011,0.00012,0.00011,0.00013,0.00011,0.00009,0.000152986,9.66E-05,8.88E-05,0.000104195
7,16,1,0.00011,0.00012,0.00011,0.00013,0.00012,0.00009,0.000150486,9.17E-05,8.84E-05,0.000100315
7,16,2,0.00011,0.00011,0.00011,0.00013,0.00012,0.00009,0.000147986,8.90E-05,8.95E-05,9.73E-05
7,16,3,0.00011,0.00012,0.00011,0.00014,0.00012,0.0001,0.000144987,8.81E-05,9.00E-05,9.51E-05
7,16,4,0.00011,0.00012,0.00011,0.00014,0.00012,0.0001,0.000143987,8.87E-05,9.16E-05,9.52E-05
7,16,5,0.00011,0.00012,0.00012,0.00014,0.00012,0.0001,0.000135987,9.04E-05,9.52E-05,9.79E-05
7,16,6,0.00011,0.00012,0.00011,0.00014,0.00012,0.00009,0.000132388,9.22E-05,0.00010235,9.95E-05
7,16,7,0.00011,0.00012,0.00011,0.00015,0.00011,0.00009,0.000132488,0.00010001,0.0001062,0.000104379
7,16,8,0.00011,0.00012,0.00012,0.00015,0.00011,0.00009,0.000133988,0.00010843,0.00011225,0.000110791
7,16,9,0.00011,0.00012,0.00012,0.00015,0.00011,0.00009,0.000136987,0.00011399,0.00011383,0.000114277
7,16,10,0.00011,0.00012,0.00013,0.00014,0.00011,0.00009,0.000137987,0.00011784,0.00011346,0.000118328
7,16,11,0.00011,0.00012,0.00013,0.00014,0.00011,0.00009,0.000141487,0.00011982,0.00011316,0.000123251
7,16,12,0.00011,0.00012,0.00014,0.00014,0.00011,0.0001,0.000141987,0.00011827,0.00011113,0.00012347
7,16,13,0.00011,0.00014,0.00016,0.00014,0.00011,0.0001,0.000143987,0.00011509,0.00011093,0.000124496
7,16,14,0.00012,0.00014,0.00016,0.00015,0.00012,0.0001,0.000144487,0.0001125,0.00011099,0.000125225
7,16,15,0.00012,0.00015,0.00016,0.00015,0.00012,0.0001,0.000145986,0.0001112,0.00011313,0.000124749
7,16,16,0.00011,0.00014,0.00015,0.00015,0.00011,0.0001,0.000144987,0.00010992,0.00011693,0.000122189
7,16,17,0.0001,0.00014,0.00014,0.00015,0.00011,0.00009,0.000137487,0.00010994,0.00012423,0.000120629
7,16,18,0.0001,0.00013,0.00011,0.00015,0.0001,0.00009,0.000152236,0.00012035,0.00013483,0.000129299
7,16,19,0.0001,0.00013,0.00012,0.00014,0.0001,0.00009,0.000157985,0.00012593,0.00014321,0.000131903
7,16,20,0.0001,0.00013,0.00012,0.00014,0.0001,0.00009,0.000159985,0.00012187,0.00014451,0.000128079
7,16,21,0.0001,0.00013,0.00012,0.00014,0.0001,0.00009,0.000160485,0.0001156,0.00014068,0.000122931
7,16,22,0.0001,0.00012,0.00011,0.00014,0.0001,0.00009,0.000159485,0.00010643,0.00012728,0.000116477
7,16,23,0.0001,0.00012,0.00012,0.00014,0.0001,0.00009,0.000156486,9.86E-05,0.0001149,0.00010986
7,17,0,0.00011,0.00011,0.00011,0.00014,0.00011,0.00009,0.000154986,9.21E-05,8.73E-05,0.000104195
7,17,1,0.00011,0.00011,0.00012,0.00013,0.00012,0.00009,0.000151986,8.84E-05,8.86E-05,0.000100315
7,17,2,0.00011,0.00011,0.00011,0.00013,0.00012,0.00009,0.000149486,8.53E-05,8.91E-05,9.73E-05
7,17,3,0.00011,0.00012,0.00012,0.00013,0.00012,0.0001,0.000147486,8.35E-05,9.05E-05,9.51E-05
7,17,4,0.00011,0.00012,0.00012,0.00014,0.00012,0.0001,0.000146486,8.25E-05,9.24E-05,9.52E-05
7,17,5,0.00011,0.00012,0.00011,0.00014,0.00011,0.0001,0.000136487,8.16E-05,9.67E-05,9.79E-05
7,17,6,0.00011,0.00012,0.00011,0.00014,0.00011,0.0001,0.000135487,7.90E-05,0.00010081,9.95E-05
7,17,7,0.00011,0.00012,0.00012,0.00015,0.00011,0.00009,0.000132488,8.45E-05,0.00010699,0.000104379
7,17,8,0.00011,0.00012,0.00012,0.00015,0.00011,0.00009,0.000130488,9.08E-05,0.00011215,0.000110791
7,17,9,0.00011,0.00012,0.00012,0.00015,0.00011,0.00009,0.000132988,9.57E-05,0.00011316,0.000114277
7,17,10,0.00011,0.00012,0.00013,0.00014,0.0001,0.00009,0.000132188,9.92E-05,0.00011372,0.000118328
7,17,11,0.00011,0.00012,0.00012,0.00014,0.0001,0.0001,0.000137487,0.00010144,0.00011217,0.000123251
7,17,12,0.00011,0.00012,0.00014,0.00014,0.0001,0.0001,0.000141487,0.00010237,0.00011097,0.00012347
7,17,13,0.00011,0.00013,0.00016,0.00014,0.00011,0.0001,0.000141987,0.00010155,0.00011039,0.000124496
7,17,14,0.00012,0.00013,0.00016,0.00015,0.00012,0.00011,0.000142487,9.93E-05,0.00011193,0.000125225
7,17,15,0.00012,0.00013,0.00016,0.00015,0.00011,0.00011,0.000139987,9.81E-05,0.00011243,0.000124749
7,17,16,0.00011,0.00013,0.00015,0.00015,0.00011,0.0001,0.000138987,9.69E-05,0.000117,0.000122189
7,17,17,0.0001,0.00013,0.00014,0.00015,0.0001,0.0001,0.000134987,9.74E-05,0.00012527,0.000120629
7,17,18,0.0001,0.00013,0.00011,0.00014,0.0001,0.0001,0.000150486,0.00011034,0.00013572,0.000129299
7,17,19,0.0001,0.00013,0.00012,0.00014,0.0001,0.00009,0.000154486,0.00011909,0.00014367,0.000131903
7,17,20,0.0001,0.00013,0.00012,0.00014,0.00009,0.00009,0.000157985,0.00011705,0.00014573,0.000128079
7,17,21,0.0001,0.00013,0.00011,0.00013,0.00009,0.00009,0.000158985,0.00011105,0.00013906,0.000122931
7,17,22,0.0001,0.00013,0.0001,0.00013,0.00009,0.00009,0.000158485,0.00010323,0.00012709,0.000116477
7,17,23,0.0001,0.00012,0.0001,0.00013,0.0001,0.00009,0.000157485,9.58E-05,0.00011495,0.00010986
7,18,0,0.0001,0.00012,0.0001,0.00013,0.0001,0.0001,0.000153486,8.95E-05,8.80E-05,0.000104195
7,18,1,0.00011,0.00012,0.00011,0.00013,0.00011,0.0001,0.000151986,8.62E-05,8.85E-05,0.000100315
7,18,2,0.00011,0.00012,0.00011,0.00013,0.00011,0.0001,0.000148986,8.43E-05,8.83E-05,9.73E-05
7,18,3,0.00011,0.00012,0.00011,0.00013,0.00011,0.0001,0.000146486,8.37E-05,8.97E-05,9.51E-05
7,18,4,0.00011,0.00012,0.00012,0.00013,0.00011,0.0001,0.000145986,8.71E-05,9.15E-05,9.52E-05
7,18,5,0.00011,0.00012,0.00012,0.00013,0.00011,0.0001,0.000139987,9.53E-05,9.84E-05,9.79E-05
7,18,6,0.00011,0.00012,0.00012,0.00013,0.00011,0.0001,0.000138487,9.83E-05,0.00010332,9.95E-05
7,18,7,0.00011,0.00012,0.00012,0.00013,0.00011,0.00009,0.000138687,0.00010478,0.0001065,0.000104379
7,18,8,0.00011,0.00012,0.00011,0.00013,0.00011,0.0001,0.000142487,0.00011294,0.00011193,0.000110791
7,18,9,0.00011,0.00012,0.00012,0.00013,0.0001,0.00009,0.000143487,0.00011768,0.00011248,0.000114277
7,18,10,0.00011,0.00012,0.00012,0.00013,0.0001,0.0001,0.000145986,0.00012342,0.00011415,0.000118328
7,18,11,0.00011,0.00012,0.00013,0.00013,0.0001,0.0001,0.000146986,0.00012721,0.00011234,0.000123251
7,18,12,0.00011,0.00012,0.00014,0.00013,0.0001,0.0001,0.000148986,0.00012359,0.00011196,0.00012347
7,18,13,0.00011,0.00014,0.00016,0.00013,0.00011,0.0001,0.000150986,0.00012393,0.00011187,0.000124496
7,18,14,0.00011,0.00014,0.00015,0.00014,0.00012,0.00011,0.000152986,0.00012592,0.00011053,0.000125225
7,18,15,0.00011,0.00014,0.00015,0.00014,0.00011,0.0001,0.000151986,0.00012582,0.00011308,0.000124749
7,18,16,0.00011,0.00014,0.00015,0.00014,0.00011,0.0001,0.000150986,0.00012408,0.00011702,0.000122189
7,18,17,0.0001,0.00013,0.00014,0.00013,0.00011,0.0001,0.000141987,0.00012078,0.00012601,0.000120629
7,18,18,0.0001,0.00013,0.00014,0.00013,0.0001,0.00009,0.000155486,0.0001293,0.00013577,0.000129299
7,18,19,0.00009,0.00013,0.00013,0.00013,0.0001,0.00009,0.000157985,0.000136,0.00014311,0.000131903
7,18,20,0.00009,0.00013,0.00013,0.00013,0.0001,0.00009,0.000158985,0.00013231,0.00014538,0.000128079
7,18,21,0.00009,0.00012,0.00012,0.00013,0.0001,0.00009,0.000157985,0.00012404,0.00014065,0.000122931
7,18,22,0.00009,0.00012,0.00012,0.00013,0.0001,0.00009,0.000155986,0.00011245,0.00012835,0.000116477
7,18,23,0.0001,0.00013,0.00012,0.00013,0.0001,0.00009,0.000154986,0.00010233,0.00011528,0.00010986
7,19,0,0.0001,0.00012,0.00012,0.00012,0.0001,0.00009,0.000152986,9.55E-05,8.87E-05,0.000104195
7,19,1,0.0001,0.00012,0.00012,0.00012,0.00011,0.00009,0.000150986,9.16E-05,8.91E-05,0.000100315
7,19,2,0.0001,0.00012,0.00012,0.00012,0.00011,0.00009,0.000148986,8.93E-05,9.01E-05,9.73E-05
7,19,3,0.0001,0.00012,0.00012,0.00013,0.00011,0.00009,0.000146986,8.88E-05,9.06E-05,9.51E-05
7,19,4,0.0001,0.00012,0.00011,0.00013,0.00011,0.00009,0.000144487,9.24E-05,9.28E-05,9.52E-05
7,19,5,0.0001,0.00012,0.00011,0.00013,0.00011,0.00009,0.000135987,0.00010011,9.62E-05,9.79E-05
7,19,6,0.0001,0.00012,0.00012,0.00013,0.00011,0.00009,0.000132988,0.00010183,0.0001032,9.95E-05
7,19,7,0.0001,0.00012,0.00012,0.00013,0.0001,0.00009,0.000129988,0.00010884,0.00010751,0.000104379
7,19,8,0.0001,0.00012,0.00012,0.00013,0.0001,0.00009,0.000125988,0.00011649,0.00011282,0.000110791
7,19,9,0.0001,0.00012,0.00012,0.00013,0.0001,0.00009,0.000126488,0.00012105,0.00011423,0.000114277
7,19,10,0.0001,0.00012,0.00013,0.00013,0.0001,0.00009,0.000123489,0.00012637,0.00011279,0.000118328
7,19,11,0.0001,0.00012,0.00013,0.00013,0.0001,0.00009,0.000126988,0.00013009,0.00011208,0.000123251
7,19,12,0.0001,0.00012,0.00014,0.00013,0.0001,0.00009,0.000131488,0.00012712,0.00011206,0.00012347
7,19,13,0.00011,0.00014,0.00016,0.00013,0.00011,0.0001,0.000127988,0.00012743,0.00011129,0.000124496
7,19,14,0.00011,0.00014,0.00016,0.00014,0.00011,0.0001,0.000129988,0.00013018,0.00011172,0.000125225
7,19,15,0.00011,0.00014,0.00015,0.00014,0.00011,0.0001,0.000128988,0.00012974,0.00011347,0.000124749
7,19,16,0.0001,0.00014,0.00015,0.00014,0.00011,0.0001,0.000120489,0.00012777,0.00011682,0.000122189
7,19,17,0.0001,0.00013,0.00014,0.00014,0.0001,0.0001,0.000114489,0.00012351,0.00012375,0.000120629
7,19,18,0.00009,0.00013,0.00011,0.00014,0.0001,0.00009,0.000133738,0.00013055,0.00013531,0.000129299
7,19,19,0.00009,0.00012,0.00012,0.00013,0.0001,0.00009,0.000140487,0.00013646,0.00014327,0.000131903
7,19,20,0.00009,0.00012,0.00012,0.00013,0.0001,0.00009,0.000144487,0.00013131,0.00014602,0.000128079
7,19,21,0.00009,0.00012,0.00012,0.00013,0.0001,0.00009,0.000145487,0.00012468,0.00013974,0.000122931
7,19,22,0.00009,0.00012,0.00011,0.00013,0.0001,0.00009,0.000146486,0.0001127,0.00012835,0.000116477
7,19,23,0.0001,0.00012,0.00011,0.00013,0.0001,0.00009,0.000146986,0.00010172,0.00011412,0.00010986
7,20,0,0.0001,0.00011,0.00011,0.00013,0.00011,0.00009,0.000144987,9.56E-05,8.87E-05,0.000104195
7,20,1,0.0001,0.00011,0.00011,0.00013,0.00011,0.0001,0.000140987,9.25E-05,9.00E-05,0.000100315
7,20,2,0.00011,0.00011,0.00011,0.00013,0.00012,0.0001,0.000137987,9.00E-05,8.96E-05,9.73E-05
7,20,3,0.00011,0.00012,0.00011,0.00013,0.00012,0.0001,0.000135487,8.89E-05,9.06E-05,9.51E-05
7,20,4,0.0001,0.00012,0.00012,0.00013,0.00012,0.0001,0.000132988,8.82E-05,9.36E-05,9.52E-05
7,20,5,0.0001,0.00012,0.00011,0.00013,0.00011,0.0001,0.000126988,8.83E-05,9.66E-05,9.79E-05
7,20,6,0.0001,0.00012,0.00012,0.00014,0.00011,0.0001,0.000124488,8.59E-05,0.00010271,9.95E-05
7,20,7,0.0001,0.00011,0.00012,0.00013,0.00011,0.00009,0.000120989,9.11E-05,0.00010865,0.000104379
7,20,8,0.0001,0.00012,0.00012,0.00013,0.00011,0.00009,0.000118389,9.83E-05,0.00011256,0.000110791
7,20,9,0.0001,0.00012,0.00012,0.00013,0.00011,0.0001,0.000118489,0.00010388,0.0001144,0.000114277
7,20,10,0.0001,0.00012,0.00013,0.00013,0.00011,0.0001,0.000115289,0.00010843,0.00011381,0.000118328
7,20,11,0.0001,0.00012,0.00013,0.00013,0.00011,0.0001,0.000121689,0.00011204,0.0001136,0.000123251
7,20,12,0.0001,0.00012,0.00014,0.00013,0.00011,0.0001,0.000124238,0.00011277,0.00011089,0.00012347
7,20,13,0.00011,0.00014,0.00016,0.00013,0.00012,0.0001,0.000125488,0.00011161,0.0001116,0.000124496
7,20,14,0.00011,0.00015,0.00016,0.00014,0.00012,0.00011,0.000125688,0.00010902,0.00011049,0.000125225
7,20,15,0.00011,0.00015,0.00015,0.00014,0.00011,0.0001,0.000123789,0.00010746,0.00011407,0.000124749
7,20,16,0.00011,0.00014,0.00014,0.00014,0.00011,0.0001,0.000117739,0.00010553,0.00011792,0.000122189
7,20,17,0.0001,0.00014,0.00013,0.00014,0.0001,0.0001,0.0001119,0.00010484,0.000126,0.000120629
7,20,18,0.0001,0.00013,0.00012,0.00014,0.0001,0.00009,0.000131488,0.00011688,0.00013561,0.000129299
7,20,19,0.00009,0.00013,0.00012,0.00013,0.00009,0.00009,0.000134488,0.0001276,0.00014446,0.000131903
7,20,20,0.00009,0.00012,0.00012,0.00013,0.00009,0.00009,0.000137987,0.00012528,0.00014592,0.000128079
7,20,21,0.00009,0.00012,0.00012,0.00013,0.00009,0.00009,0.000139487,0.00011907,0.00013958,0.000122931
7,20,22,0.0001,0.00012,0.00012,0.00013,0.0001,0.00009,0.000141187,0.00011016,0.00012951,0.000116477
7,20,23,0.0001,0.00012,0.00011,0.00013,0.0001,0.00009,0.000140687,0.00010002,0.00011511,0.00010986
7,21,0,0.0001,0.00011,0.00011,0.00013,0.0001,0.00009,0.000136487,9.31E-05,8.78E-05,0.000104195
7,21,1,0.00011,0.00011,0.00012,0.00013,0.00011,0.0001,0.000133988,9.01E-05,8.77E-05,0.000100315
7,21,2,0.00011,0.00011,0.00012,0.00012,0.00011,0.00009,0.000131488,8.75E-05,9.01E-05,9.73E-05
7,21,3,0.00011,0.00012,0.00012,0.00013,0.00011,0.0001,0.000129488,8.69E-05,9.01E-05,9.51E-05
7,21,4,0.00011,0.00012,0.00012,0.00013,0.00011,0.0001,0.000126988,9.07E-05,9.36E-05,9.52E-05
7,21,5,0.00011,0.00012,0.00012,0.00013,0.00011,0.0001,0.000117989,9.78E-05,9.68E-05,9.79E-05
7,21,6,0.00011,0.00012,0.00012,0.00014,0.00011,0.0001,0.000115579,0.00010181,0.00010323,9.95E-05
7,21,7,0.00011,0.00012,0.00012,0.00014,0.00011,0.0001,0.00011277,0.0001094,0.00010825,0.000104379
7,21,8,0.00011,0.00012,0.00013,0.00014,0.00011,0.0001,0.00011012,0.00011797,0.00011362,0.000110791
7,21,9,0.00011,0.00012,0.00013,0.00014,0.00011,0.0001,0.00010939,0.00012328,0.00011479,0.000114277
7,21,10,0.00011,0.00012,0.00013,0.00013,0.00011,0.0001,0.00010822,0.00012776,0.00011417,0.000118328
7,21,11,0.00011,0.00012,0.00013,0.00014,0.00011,0.0001,0.00011155,0.00012985,0.00011203,0.000123251
7,21,12,0.00011,0.00012,0.00014,0.00014,0.00011,0.0001,0.000115669,0.00012684,0.00011205,0.00012347
7,21,13,0.00011,0.00015,0.00016,0.00014,0.00011,0.0001,0.000118009,0.00012667,0.00011052,0.000124496
7,21,14,0.00011,0.00015,0.00015,0.00015,0.00012,0.00011,0.000117419,0.00012893,0.00011169,0.000125225
7,21,15,0.00011,0.00015,0.00015,0.00015,0.00011,0.0001,0.000114889,0.00012807,0.00011213,0.000124749
7,21,16,0.00011,0.00014,0.00015,0.00015,0.00011,0.0001,0.00010745,0.00012594,0.00011725,0.000122189
7,21,17,0.0001,0.00014,0.00013,0.00014,0.00011,0.0001,0.00010307,0.00012228,0.00012418,0.000120629
7,21,18,0.0001,0.00013,0.00013,0.00014,0.0001,0.00009,0.000121434,0.00013063,0.00013499,0.000129299
7,21,19,0.0001,0.00012,0.00012,0.00014,0.0001,0.00009,0.000129988,0.00013683,0.00014267,0.000131903
7,21,20,0.00009,0.00012,0.00012,0.00014,0.0001,0.00009,0.000134987,0.00013236,0.00014699,0.000128079
7,21,21,0.0001,0.00012,0.00012,0.00014,0.0001,0.00009,0.000135787,0.00012424,0.00014008,0.000122931
7,21,22,0.0001,0.00012,0.00012,0.00013,0.0001,0.00009,0.000136737,0.00011074,0.0001301,0.000116477
7,21,23,0.0001,0.00012,0.00012,0.00013,0.0001,0.00009,0.000137087,0.00010044,0.00011412,0.00010986
7,22,0,0.0001,0.00011,0.00012,0.00013,0.00011,0.0001,0.000133188,9.32E-05,8.87E-05,0.000104195
7,22,1,0.00011,0.00011,0.00012,0.00013,0.00012,0.0001,0.000129288,8.90E-05,8.87E-05,0.000100315
7,22,2,0.00011,0.00011,0.00012,0.00013,0.00012,0.0001,0.000126288,8.76E-05,8.89E-05,9.73E-05
7,22,3,0.00011,0.00012,0.00012,0.00013,0.00012,0.0001,0.000123589,8.69E-05,9.12E-05,9.51E-05
7,22,4,0.00011,0.00012,0.00012,0.00013,0.00011,0.0001,0.000121489,9.03E-05,9.33E-05,9.52E-05
7,22,5,0.00011,0.00012,0.00011,0.00013,0.00011,0.0001,0.000114179,9.83E-05,9.66E-05,9.79E-05
7,22,6,0.00011,0.00012,0.00012,0.00014,0.00011,0.0001,0.00010919,0.00010059,0.00010281,9.95E-05
7,22,7,0.00011,0.00012,0.00012,0.00014,0.00011,0.0001,0.0001063,0.00010763,0.0001083,0.000104379
7,22,8,0.00011,0.00012,0.00011,0.00014,0.00011,0.00009,0.00010607,0.00011483,0.00011327,0.000110791
7,22,9,0.00011,0.00012,0.00012,0.00014,0.00011,0.0001,0.00010488,0.00011968,0.00011505,0.000114277
7,22,10,0.00011,0.00012,0.00013,0.00013,0.00011,0.0001,0.00010592,0.00012568,0.00011358,0.000118328
7,22,11,0.00011,0.00012,0.00013,0.00013,0.00011,0.0001,0.00010664,0.00012926,0.00011423,0.000123251
7,22,12,0.00011,0.00012,0.00014,0.00014,0.0001,0.0001,0.00011101,0.00012648,0.00011168,0.00012347
7,22,13,0.00011,0.00014,0.00016,0.00014,0.00011,0.0001,0.00011093,0.00012777,0.00011028,0.000124496
7,22,14,0.00012,0.00015,0.00016,0.00015,0.00012,0.00011,0.0001092,0.00013045,0.00011158,0.000125225
7,22,15,0.00012,0.00014,0.00016,0.00015,0.00012,0.00011,0.00010817,0.00012985,0.00011316,0.000124749
7,22,16,0.00011,0.00014,0.00015,0.00015,0.00011,0.0001,0.00010402,0.00012756,0.00011845,0.000122189
7,22,17,0.0001,0.00014,0.00014,0.00015,0.00011,0.0001,9.76E-05,0.00012376,0.00012499,0.000120629
7,22,18,0.0001,0.00013,0.00013,0.00014,0.0001,0.00009,0.000119464,0.00013145,0.00013649,0.000129299
7,22,19,0.0001,0.00012,0.00012,0.00014,0.0001,0.00009,0.000125788,0.00013712,0.00014382,0.000131903
7,22,20,0.0001,0.00012,0.00011,0.00014,0.0001,0.00009,0.000128588,0.00013334,0.00014605,0.000128079
7,22,21,0.0001,0.00012,0.00011,0.00014,0.0001,0.00009,0.000129988,0.00012576,0.00014099,0.000122931
7,22,22,0.0001,0.00012,0.00011,0.00014,0.0001,0.00009,0.000132438,0.00011436,0.00012817,0.000116477
7,22,23,0.0001,0.00012,0.00011,0.00014,0.0001,0.00009,0.000131388,0.00010432,0.0001154,0.00010986
7,23,0,0.00011,0.00011,0.00011,0.00014,0.00011,0.0001,0.000128948,9.71E-05,8.91E-05,0.000104195
7,23,1,0.00011,0.00011,0.00011,0.00013,0.00012,0.0001,0.000123759,9.31E-05,8.91E-05,0.000100315
7,23,2,0.00011,0.00012,0.00011,0.00013,0.00012,0.0001,0.000119819,9.04E-05,8.91E-05,9.73E-05
7,23,3,0.00011,0.00012,0.00011,0.00014,0.00012,0.0001,0.000117869,8.92E-05,8.87E-05,9.51E-05
7,23,4,0.00011,0.00012,0.00012,0.00014,0.00012,0.0001,0.000114799,9.04E-05,9.34E-05,9.52E-05
7,23,5,0.00011,0.00012,0.00011,0.00014,0.00011,0.0001,0.00010684,9.18E-05,9.62E-05,9.79E-05
7,23,6,0.00011,0.00013,0.00012,0.00014,0.00011,0.0001,0.00010606,9.34E-05,0.00010307,9.95E-05
7,23,7,0.00011,0.00012,0.00012,0.00014,0.00011,0.00009,0.00010541,0.00010221,0.00010821,0.000104379
7,23,8,0.00011,0.00012,0.00012,0.00014,0.00011,0.00009,0.00010596,0.00011165,0.00011209,0.000110791
7,23,9,0.00011,0.00013,0.00012,0.00014,0.00011,0.00009,0.00010659,0.00011766,0.00011366,0.000114277
7,23,10,0.00011,0.00013,0.00012,0.00014,0.00011,0.00009,0.00010721,0.00012177,0.00011523,0.000118328
7,23,11,0.00011,0.00012,0.00012,0.00014,0.00011,0.00009,0.00011118,0.00012368,0.00011341,0.000123251
7,23,12,0.00011,0.00013,0.00013,0.00013,0.00011,0.0001,0.000115809,0.00012216,0.00011202,0.00012347
7,23,13,0.00011,0.00015,0.00015,0.00013,0.00011,0.0001,0.000116389,0.00011881,0.00011088,0.000124496
7,23,14,0.00012,0.00015,0.00015,0.00014,0.00012,0.00011,0.000118679,0.000115,0.00011238,0.000125225
7,23,15,0.00012,0.00014,0.00014,0.00014,0.00012,0.0001,0.000115119,0.00011422,0.00011193,0.000124749
7,23,16,0.00011,0.00014,0.00014,0.00014,0.00011,0.0001,0.00010799,0.00011188,0.00011818,0.000122189
7,23,17,0.0001,0.00014,0.00014,0.00014,0.00011,0.00009,0.00010495,0.00011199,0.00012626,0.000120629
7,23,18,0.0001,0.00013,0.00013,0.00014,0.0001,0.00009,0.000125313,0.00012442,0.000136,0.000129299
7,23,19,0.0001,0.00013,0.00012,0.00014,0.0001,0.00009,0.000132478,0.00013031,0.00014372,0.000131903
7,23,20,0.0001,0.00012,0.00012,0.00013,0.0001,0.00009,0.000136037,0.00012678,0.00014686,0.000128079
7,23,21,0.0001,0.00012,0.00011,0.00013,0.0001,0.00009,0.000137487,0.00011821,0.0001411,0.000122931
7,23,22,0.0001,0.00012,0.00011,0.00013,0.0001,0.00009,0.000138187,0.00010886,0.00012994,0.000116477
7,23,23,0.0001,0.00012,0.00011,0.00013,0.00011,0.00009,0.000137587,0.00010025,0.00011433,0.00010986
7,24,0,0.00011,0.00011,0.00011,0.00013,0.00011,0.00009,0.000135187,9.40E-05,9.02E-05,0.000104195
7,24,1,0.00011,0.00011,0.00011,0.00013,0.00011,0.00009,0.000129988,8.99E-05,8.95E-05,0.000100315
7,24,2,0.00011,0.00011,0.00011,0.00013,0.00012,0.00009,0.000127488,8.73E-05,8.92E-05,9.73E-05
7,24,3,0.00011,0.00012,0.00011,0.00013,0.00012,0.00009,0.000124089,8.53E-05,8.98E-05,9.51E-05
7,24,4,0.00011,0.00012,0.00012,0.00014,0.00012,0.0001,0.000120869,8.44E-05,9.32E-05,9.52E-05
7,24,5,0.00011,0.00012,0.00012,0.00014,0.00012,0.0001,0.000114949,8.37E-05,9.75E-05,9.79E-05
7,24,6,0.00011,0.00012,0.00012,0.00014,0.00012,0.00009,0.000114559,8.09E-05,0.00010415,9.95E-05
7,24,7,0.00011,0.00012,0.00012,0.00014,0.00012,0.00009,0.000114269,8.57E-05,0.00010931,0.000104379
7,24,8,0.00011,0.00011,0.00012,0.00014,0.00011,0.00009,0.000119029,9.17E-05,0.00011295,0.000110791
7,24,9,0.00011,0.00011,0.00012,0.00014,0.00011,0.00009,0.000122619,9.65E-05,0.00011427,0.000114277
7,24,10,0.00011,0.00012,0.00012,0.00014,0.00011,0.00009,0.000126988,0.00010017,0.00011412,0.000118328
7,24,11,0.00011,0.00012,0.00013,0.00014,0.00012,0.00009,0.000133788,0.00010339,0.00011231,0.000123251
7,24,12,0.00011,0.00012,0.00014,0.00014,0.00011,0.0001,0.000135687,0.00010381,0.00011263,0.00012347
7,24,13,0.00011,0.00014,0.00015,0.00014,0.00012,0.0001,0.000135687,0.000103,0.00011183,0.000124496
7,24,14,0.00012,0.00014,0.00014,0.00015,0.00012,0.00011,0.000138187,0.00010085,0.00011089,0.000125225
7,24,15,0.00012,0.00014,0.00014,0.00015,0.00012,0.0001,0.000135987,9.91E-05,0.00011392,0.000124749
7,24,16,0.00011,0.00014,0.00014,0.00015,0.00011,0.0001,0.000124528,9.82E-05,0.0001178,0.000122189
7,24,17,0.0001,0.00013,0.00013,0.00015,0.00011,0.00009,0.000118159,9.85E-05,0.00012732,0.000120629
7,24,18,0.0001,0.00013,0.00012,0.00014,0.00011,0.00009,0.000139737,0.00011047,0.00013657,0.000129299
7,24,19,0.0001,0.00012,0.00011,0.00014,0.00011,0.00009,0.000143487,0.00011874,0.00014418,0.000131903
7,24,20,0.0001,0.00012,0.00011,0.00014,0.0001,0.00009,0.000143987,0.000117,0.00014647,0.000128079
7,24,21,0.0001,0.00011,0.00011,0.00014,0.0001,0.00008,0.000147986,0.00011173,0.00014079,0.000122931
7,24,22,0.0001,0.00011,0.0001,0.00014,0.0001,0.00009,0.000149286,0.00010323,0.00012917,0.000116477
7,24,23,0.0001,0.00011,0.0001,0.00013,0.00011,0.00009,0.000149786,9.50E-05,0.00011454,0.00010986
7,25,0,0.0001,0.00011,0.0001,0.00013,0.00011,0.00009,0.000145487,8.92E-05,8.87E-05,0.000104195
7,25,1,0.00011,0.00011,0.0001,0.00013,0.00012,0.00009,0.000139987,8.64E-05,8.99E-05,0.000100315
7,25,2,0.00011,0.00011,0.00011,0.00013,0.00012,0.00009,0.000137487,8.49E-05,8.97E-05,9.73E-05
7,25,3,0.00011,0.00011,0.00011,0.00014,0.00012,0.0001,0.000132988,8.42E-05,9.01E-05,9.51E-05
7,25,4,0.00011,0.00011,0.00011,0.00014,0.00012,0.0001,0.000132488,8.76E-05,9.39E-05,9.52E-05
7,25,5,0.00011,0.00011,0.00011,0.00014,0.00012,0.00009,0.000125288,9.57E-05,9.73E-05,9.79E-05
7,25,6,0.00011,0.00011,0.00011,0.00014,0.00012,0.00009,0.000123989,9.85E-05,0.00010302,9.95E-05
7,25,7,0.00011,0.00011,0.00011,0.00014,0.00012,0.00009,0.000124488,0.00010493,0.00010896,0.000104379
7,25,8,0.00011,0.00011,0.00011,0.00014,0.00012,0.00009,0.000126488,0.0001132,0.00011348,0.000110791
7,25,9,0.00011,0.00011,0.00012,0.00014,0.00011,0.00009,0.000131288,0.00011695,0.00011496,0.000114277
7,25,10,0.00011,0.00012,0.00012,0.00014,0.00012,0.00009,4.36E-06,0.00012353,0.00011483,0.000118328
7,25,11,0.00011,0.00012,0.00013,0.00014,0.00012,0.00009,0.000137487,0.00012781,0.00011371,0.000123251
7,25,12,0.00011,0.00012,0.00014,0.00014,0.00011,0.0001,0.000142487,0.00012534,0.00011153,0.00012347
7,25,13,0.00011,0.00014,0.00015,0.00014,0.00012,0.0001,0.000144237,0.00012625,0.00011209,0.000124496
7,25,14,0.00011,0.00014,0.00015,0.00015,0.00012,0.0001,0.000145237,0.00012917,0.00011143,0.000125225
7,25,15,0.00011,0.00014,0.00015,0.00015,0.00012,0.0001,0.000142737,0.00012894,0.00011244,0.000124749
7,25,16,0.00011,0.00014,0.00015,0.00014,0.00012,0.0001,0.000136487,0.00012616,0.00011885,0.000122189
7,25,17,0.0001,0.00013,0.00014,0.00014,0.00012,0.00009,0.000128808,0.00012225,0.00012593,0.000120629
7,25,18,0.0001,0.00013,0.00013,0.00014,0.00011,0.00009,0.000147111,0.00013155,0.00013511,0.000129299
7,25,19,0.00009,0.00013,0.00012,0.00014,0.00011,0.00009,0.000151486,0.00013941,0.00014379,0.000131903
7,25,20,0.00009,0.00012,0.00012,0.00014,0.00011,0.00009,0.000153986,0.00013561,0.00014698,0.000128079
7,25,21,0.00009,0.00012,0.00011,0.00014,0.00011,0.00009,0.000153486,0.00012622,0.00014241,0.000122931
7,25,22,0.00009,0.00012,0.00011,0.00014,0.00011,0.00009,0.000154986,0.00011358,0.00012977,0.000116477
7,25,23,0.0001,0.00012,0.00011,0.00014,0.00011,0.00009,0.000154486,0.00010297,0.00011422,0.00010986
7,26,0,0.0001,0.00011,0.0001,0.00013,0.00011,0.00009,0.000151986,9.69E-05,8.98E-05,0.000104195
7,26,1,0.0001,0.00011,0.00011,0.00013,0.00012,0.00009,0.000148986,9.30E-05,8.78E-05,0.000100315
7,26,2,0.0001,0.00011,0.00011,0.00013,0.00012,0.00009,0.000144987,9.02E-05,8.94E-05,9.73E-05
7,26,3,0.0001,0.00012,0.00012,0.00013,0.00012,0.00009,0.000142687,8.99E-05,9.04E-05,9.51E-05
7,26,4,0.0001,0.00011,0.00011,0.00013,0.00012,0.00009,0.000141987,9.33E-05,9.31E-05,9.52E-05
7,26,5,0.0001,0.00012,0.00011,0.00013,0.00011,0.00009,0.000132988,0.0001011,9.66E-05,9.79E-05
7,26,6,0.0001,0.00012,0.00012,0.00014,0.00011,0.00009,0.000130988,0.00010305,0.00010382,9.95E-05
7,26,7,0.0001,0.00012,0.00011,0.00014,0.00011,0.00009,0.000125988,0.00011027,0.00010797,0.000104379
7,26,8,0.0001,0.00011,0.00012,0.00014,0.00011,0.00009,0.000125688,0.00011949,0.00011329,0.000110791
7,26,9,0.0001,0.00011,0.00012,0.00014,0.00011,0.00009,0.000124988,0.00012492,0.00011387,0.000114277
7,26,10,0.0001,0.00012,0.00012,0.00013,0.00011,0.00009,0.000125988,0.00013053,0.0001156,0.000118328
7,26,11,0.0001,0.00012,0.00012,0.00013,0.00011,0.00009,0.000130188,0.00013407,0.00011288,0.000123251
7,26,12,0.0001,0.00012,0.00014,0.00013,0.0001,0.00009,0.000135687,0.00013049,0.00011273,0.00012347
7,26,13,0.00011,0.00014,0.00015,0.00013,0.00011,0.00009,0.000129388,0.00013143,0.00011231,0.000124496
7,26,14,0.00011,0.00014,0.00015,0.00014,0.00012,0.0001,0.000133188,0.00013471,0.00011308,0.000125225
7,26,15,0.00011,0.00014,0.00015,0.00014,0.00012,0.0001,0.000127488,0.00013481,0.00011337,0.000124749
7,26,16,0.0001,0.00013,0.00014,0.00014,0.00011,0.00009,0.000124488,0.00013229,0.00011791,0.000122189
7,26,17,0.0001,0.00013,0.00013,0.00014,0.00011,0.00009,0.000115989,0.00012886,0.00012605,0.000120629
7,26,18,0.00009,0.00012,0.00013,0.00014,0.0001,0.00009,0.000138487,0.00013655,0.00013497,0.000129299
7,26,19,0.00009,0.00012,0.00011,0.00014,0.00011,0.00009,0.000144487,0.00014321,0.00014483,0.000131903
7,26,20,0.00009,0.00011,0.00011,0.00014,0.0001,0.00008,0.000146986,0.00013912,0.00014593,0.000128079
7,26,21,0.00009,0.00011,0.00011,0.00014,0.0001,0.00008,0.000148186,0.00013133,0.00014091,0.000122931
7,26,22,0.00009,0.00011,0.00011,0.00014,0.0001,0.00008,0.000151486,0.00011951,0.00012793,0.000116477
7,26,23,0.0001,0.00011,0.00011,0.00013,0.00011,0.00009,0.000150486,0.00010831,0.0001147,0.00010986
7,27,0,0.0001,0.00011,0.00011,0.00013,0.00011,0.00009,0.000144987,0.00010092,8.87E-05,0.000104195
7,27,1,0.0001,0.00011,0.00011,0.00013,0.00012,0.00009,0.000142987,9.73E-05,8.88E-05,0.000100315
7,27,2,0.00011,0.00011,0.00011,0.00013,0.00012,0.00009,0.000139787,9.49E-05,8.95E-05,9.73E-05
7,27,3,0.00011,0.00011,0.00011,0.00013,0.00012,0.0001,0.000136987,9.42E-05,9.09E-05,9.51E-05
7,27,4,0.0001,0.00012,0.00012,0.00013,0.00012,0.0001,0.000135987,9.74E-05,9.24E-05,9.52E-05
7,27,5,0.0001,0.00012,0.00011,0.00013,0.00012,0.00009,0.000130988,0.00010541,9.62E-05,9.79E-05
7,27,6,0.0001,0.00012,0.00011,0.00014,0.00012,0.00009,0.000127288,0.00010728,0.00010257,9.95E-05
7,27,7,0.0001,0.00012,0.00011,0.00014,0.00012,0.00009,0.000127488,0.0001135,0.00011021,0.000104379
7,27,8,0.0001,0.00012,0.00012,0.00014,0.00012,0.00009,0.000129488,0.00012136,0.00011263,0.000110791
7,27,9,0.0001,0.00012,0.00012,0.00014,0.00012,0.00009,0.000130788,0.00012572,0.00011519,0.000114277
7,27,10,0.0001,0.00012,0.00012,0.00014,0.00012,0.00009,0.000130988,0.00013101,0.00011516,0.000118328
7,27,11,0.0001,0.00012,0.00012,0.00014,0.00012,0.00009,0.000136787,0.00013418,0.00011337,0.000123251
7,27,12,0.0001,0.00012,0.00013,0.00013,0.00011,0.0001,0.000137487,0.00013133,0.00011233,0.00012347
7,27,13,0.00011,0.00014,0.00015,0.00014,0.00012,0.0001,0.000138487,0.00013222,0.00011093,0.000124496
7,27,14,0.00011,0.00014,0.00015,0.00014,0.00013,0.0001,0.000142237,0.00013463,0.00011178,0.000125225
7,27,15,0.00011,0.00014,0.00015,0.00014,0.00012,0.0001,0.000139987,0.00013365,0.00011255,0.000124749
7,27,16,0.00011,0.00013,0.00014,0.00014,0.00012,0.0001,0.000138487,0.00013019,0.00011645,0.000122189
7,27,17,0.0001,0.00013,0.00013,0.00014,0.00012,0.00009,0.000129988,0.00012624,0.00012522,0.000120629
7,27,18,0.0001,0.00012,0.00013,0.00014,0.00011,0.00009,0.000149986,0.00013395,0.00013521,0.000129299
7,27,19,0.00009,0.00011,0.00012,0.00014,0.00011,0.00009,0.000153986,0.00013861,0.00014562,0.000131903
7,27,20,0.00009,0.00011,0.00012,0.00014,0.00011,0.00009,0.000154986,0.00013374,0.00014642,0.000128079
7,27,21,0.00009,0.00011,0.00012,0.00014,0.00011,0.00009,0.000155486,0.00012637,0.00014085,0.000122931
7,27,22,0.0001,0.00011,0.00012,0.00014,0.00011,0.00009,0.000156985,0.00011481,0.00012899,0.000116477
7,27,23,0.0001,0.00011,0.00012,0.00013,0.00011,0.00009,0.000157985,0.00010361,0.00011473,0.00010986
7,28,0,0.0001,0.0001,0.00012,0.00013,0.00011,0.00009,0.000154486,9.66E-05,8.95E-05,0.000104195
7,28,1,0.00011,0.0001,0.00012,0.00013,0.00012,0.0001,0.000150986,9.31E-05,9.03E-05,0.000100315
7,28,2,0.00011,0.00011,0.00012,0.00013,0.00012,0.0001,0.000147486,9.10E-05,8.93E-05,9.73E-05
7,28,3,0.00011,0.00011,0.00012,0.00013,0.00012,0.0001,0.000145986,8.92E-05,9.06E-05,9.51E-05
7,28,4,0.00011,0.00011,0.00012,0.00013,0.00012,0.0001,0.000143987,9.23E-05,9.25E-05,9.52E-05
7,28,5,0.00011,0.00012,0.00011,0.00013,0.00012,0.0001,0.000136187,0.00010029,9.69E-05,9.79E-05
7,28,6,0.00011,0.00012,0.00012,0.00013,0.00012,0.00009,0.000134488,0.00010345,0.00010325,9.95E-05
7,28,7,0.00011,0.00011,0.00011,0.00014,0.00012,0.00009,0.000134987,0.00010964,0.00010846,0.000104379
7,28,8,0.00011,0.00011,0.00012,0.00014,0.00012,0.00009,0.000137487,0.0001176,0.00011147,0.000110791
7,28,9,0.00011,0.00012,0.00012,0.00014,0.00012,0.00009,0.000140987,0.00012249,0.00011626,0.000114277
7,28,10,0.00011,0.00012,0.00012,0.00014,0.00012,0.00009,0.000141487,0.00012805,0.00011437,0.000118328
7,28,11,0.00011,0.00012,0.00013,0.00014,0.00012,0.0001,0.000144987,0.00013168,0.00011293,0.000123251
7,28,12,0.00011,0.00012,0.00014,0.00013,0.00011,0.0001,0.000147986,0.0001291,0.00011298,0.00012347
7,28,13,0.00011,0.00014,0.00015,0.00014,0.00012,0.0001,0.000148486,0.00012982,0.00011226,0.000124496
7,28,14,0.00011,0.00014,0.00016,0.00014,0.00012,0.0001,0.000148986,0.00013246,0.00011153,0.000125225
7,28,15,0.00012,0.00014,0.00015,0.00015,0.00012,0.0001,0.000148986,0.00013275,0.00011244,0.000124749
7,28,16,0.00011,0.00013,0.00014,0.00015,0.00012,0.0001,0.000142987,0.00013083,0.00011642,0.000122189
7,28,17,0.0001,0.00013,0.00012,0.00014,0.00012,0.00009,0.000135987,0.00012693,0.00012582,0.000120629
7,28,18,0.0001,0.00012,0.00012,0.00014,0.00011,0.00009,0.000154236,0.00013471,0.00013506,0.000129299
7,28,19,0.0001,0.00012,0.00012,0.00014,0.00011,0.00009,0.000158485,0.00014159,0.00014296,0.000131903
7,28,20,0.00009,0.00012,0.00012,0.00014,0.00011,0.00009,0.000159485,0.0001366,0.00014718,0.000128079
7,28,21,0.0001,0.00012,0.00012,0.00014,0.00011,0.00008,0.000158985,0.00012907,0.00014118,0.000122931
7,28,22,0.0001,0.00012,0.0001,0.00014,0.00011,0.00008,0.000159735,0.00011778,0.00012774,0.000116477
7,28,23,0.0001,0.00012,0.0001,0.00014,0.00011,0.00009,0.000155986,0.00010663,0.00011558,0.00010986
7,29,0,0.0001,0.00011,0.0001,0.00013,0.00012,0.00009,0.000153986,9.90E-05,8.96E-05,0.000104195
7,29,1,0.00011,0.00011,0.0001,0.00013,0.00012,0.00009,0.000147986,9.60E-05,8.93E-05,0.000100315
7,29,2,0.00011,0.00011,0.0001,0.00013,0.00012,0.00009,0.000145487,9.40E-05,8.93E-05,9.73E-05
7,29,3,0.00011,0.00012,0.0001,0.00013,0.00012,0.0001,0.000142487,9.29E-05,9.04E-05,9.51E-05
7,29,4,0.00011,0.00012,0.0001,0.00013,0.00012,0.0001,0.000140987,9.60E-05,9.18E-05,9.52E-05
7,29,5,0.00011,0.00011,0.0001,0.00014,0.00012,0.0001,0.000137987,0.00010339,9.67E-05,9.79E-05
7,29,6,0.00011,0.00011,0.0001,0.00014,0.00011,0.00009,0.000134987,0.00010519,0.00010241,9.95E-05
7,29,7,0.00011,0.00012,0.0001,0.00014,0.00011,0.00009,0.000135987,0.00011161,0.00010819,0.000104379
7,29,8,0.00011,0.00011,0.00011,0.00014,0.00011,0.00009,0.000138487,0.00011967,0.00011326,0.000110791
7,29,9,0.00011,0.00012,0.00012,0.00014,0.00011,0.00009,0.000142487,0.00012443,0.00011484,0.000114277
7,29,10,0.00011,0.00012,0.00012,0.00014,0.00011,0.00009,0.000143487,0.00012935,0.00011418,0.000118328
7,29,11,0.00011,0.00012,0.00012,0.00014,0.00011,0.00009,0.000146486,0.00013297,0.00011331,0.000123251
7,29,12,0.00011,0.00012,0.00013,0.00014,0.00011,0.0001,0.000149386,0.00013001,0.00011291,0.00012347
7,29,13,0.00011,0.00014,0.00015,0.00014,0.00012,0.0001,0.000150986,0.00013003,0.00011222,0.000124496
7,29,14,0.00012,0.00014,0.00015,0.00014,0.00012,0.0001,0.000149986,0.00013292,0.00011102,0.000125225
7,29,15,0.00012,0.00014,0.00015,0.00014,0.00012,0.0001,0.000147986,0.00013271,0.00011441,0.000124749
7,29,16,0.00011,0.00013,0.00014,0.00014,0.00011,0.0001,0.000141987,0.00013026,0.00011722,0.000122189
7,29,17,0.0001,0.00013,0.00013,0.00014,0.00011,0.00009,0.000135987,0.00012596,0.00012475,0.000120629
7,29,18,0.0001,0.00012,0.00012,0.00014,0.0001,0.00009,0.000154986,0.00013424,0.00013421,0.000129299
7,29,19,0.0001,0.00012,0.00012,0.00014,0.0001,0.00008,0.000156985,0.00014007,0.00014365,0.000131903
7,29,20,0.0001,0.00011,0.00012,0.00013,0.0001,0.00008,0.000157485,0.00013619,0.00014558,0.000128079
7,29,21,0.0001,0.00011,0.00012,0.00013,0.0001,0.00008,0.000155986,0.00012841,0.00014047,0.000122931
7,29,22,0.0001,0.00011,0.00012,0.00013,0.0001,0.00008,0.000156985,0.00011842,0.0001297,0.000116477
7,29,23,0.0001,0.00011,0.00011,0.00013,0.00011,0.00009,0.000156985,0.00010919,0.00011546,0.00010986
7,30,0,0.00011,0.00011,0.00011,0.00013,0.00011,0.00009,0.000152486,0.00010121,8.88E-05,0.000104195
7,30,1,0.00011,0.00011,0.00012,0.00013,0.00012,0.00009,0.000148986,9.70E-05,8.95E-05,0.000100315
7,30,2,0.00011,0.00011,0.00012,0.00013,0.00012,0.00009,0.000146486,9.46E-05,8.88E-05,9.73E-05
7,30,3,0.00011,0.00011,0.00012,0.00013,0.00012,0.00009,0.000142987,9.34E-05,8.92E-05,9.51E-05
7,30,4,0.00011,0.00011,0.00012,0.00013,0.00012,0.00009,0.000139987,9.45E-05,9.34E-05,9.52E-05
7,30,5,0.00011,0.00011,0.00012,0.00014,0.00012,0.00009,0.000134488,9.61E-05,9.68E-05,9.79E-05
7,30,6,0.00011,0.00011,0.00012,0.00014,0.00012,0.00009,0.000133988,9.87E-05,0.00010286,9.95E-05
7,30,7,0.00011,0.00011,0.00012,0.00014,0.00012,0.00009,0.000132488,0.00010696,0.0001092,0.000104379
7,30,8,0.00011,0.00011,0.00012,0.00014,0.00012,0.00009,0.000134987,0.00011573,0.00011317,0.000110791
7,30,9,0.00011,0.00011,0.00012,0.00014,0.00012,0.00009,0.000138987,0.00012081,0.00011367,0.000114277
7,30,10,0.00011,0.00011,0.00011,0.00014,0.00011,0.00009,0.000140487,0.00012444,0.00011401,0.000118328
7,30,11,0.00011,0.00011,0.00011,0.00013,0.00011,0.00009,0.000143687,0.00012719,0.00011297,0.000123251
7,30,12,0.00011,0.00012,0.00013,0.00014,0.00011,0.0001,0.000144987,0.00012568,0.0001116,0.00012347
7,30,13,0.00011,0.00014,0.00015,0.00014,0.00012,0.0001,0.000144487,0.00012262,0.00011092,0.000124496
7,30,14,0.00012,0.00014,0.00015,0.00014,0.00012,0.0001,0.000144987,0.00011944,0.00011123,0.000125225
7,30,15,0.00012,0.00014,0.00015,0.00014,0.00012,0.0001,0.000143987,0.00011764,0.0001129,0.000124749
7,30,16,0.00011,0.00013,0.00014,0.00014,0.00011,0.0001,0.000140987,0.00011597,0.00011777,0.000122189
7,30,17,0.0001,0.00013,0.00013,0.00014,0.00011,0.00009,0.000134987,0.00011501,0.00012501,0.000120629
7,30,18,0.0001,0.00012,0.00013,0.00014,0.00011,0.00009,0.000153836,0.00012674,0.0001343,0.000129299
7,30,19,0.0001,0.00012,0.00011,0.00013,0.0001,0.00008,0.000155986,0.00013302,0.00014481,0.000131903
7,30,20,0.0001,0.00012,0.00012,0.00013,0.0001,0.00008,0.000157485,0.00012894,0.00014624,0.000128079
7,30,21,0.0001,0.00012,0.00011,0.00013,0.0001,0.00008,0.000155986,0.00012182,0.00014074,0.000122931
7,30,22,0.0001,0.00011,0.00011,0.00013,0.0001,0.00008,0.000157985,0.00011249,0.00012862,0.000116477
7,30,23,0.0001,0.00011,0.00011,0.00013,0.00011,0.00008,0.000157485,0.00010438,0.00011508,0.00010986
7,31,0,0.00011,0.00011,0.00011,0.00013,0.00011,0.00009,0.000152486,9.72E-05,9.00E-05,0.000104195
7,31,1,0.00011,0.00011,0.00012,0.00013,0.00012,0.00009,0.000148986,9.38E-05,8.92E-05,0.000100315
7,31,2,0.00011,0.00011,0.00012,0.00013,0.00012,0.00009,0.000145986,9.14E-05,8.91E-05,9.73E-05
7,31,3,0.00011,0.00011,0.00011,0.00013,0.00012,0.00009,0.000141987,8.92E-05,9.02E-05,9.51E-05
7,31,4,0.00011,0.00012,0.00011,0.00013,0.00012,0.00009,0.000139987,8.93E-05,9.27E-05,9.52E-05
7,31,5,0.00011,0.00012,0.00011,0.00013,0.00012,0.00009,0.000133488,8.92E-05,9.73E-05,9.79E-05
7,31,6,0.00011,0.00012,0.00011,0.00014,0.00012,0.00009,0.000133988,8.61E-05,0.00010224,9.95E-05
7,31,7,0.00011,0.00012,0.00012,0.00014,0.00011,0.00009,0.000133738,9.02E-05,0.00010797,0.000104379
7,31,8,0.00011,0.00012,0.00012,0.00014,0.00011,0.00009,0.000136987,9.54E-05,0.00011321,0.000110791
7,31,9,0.00011,0.00012,0.00013,0.00014,0.00011,0.00009,0.000139987,0.00010019,0.0001147,0.000114277
7,31,10,0.00011,0.00012,0.00013,0.00014,0.00011,0.00009,0.000141987,0.00010219,0.00011344,0.000118328
7,31,11,0.00011,0.00012,0.00012,0.00014,0.00011,0.00009,0.000143987,0.00010512,0.00011398,0.000123251
7,31,12,0.00011,0.00012,0.00013,0.00013,0.00011,0.00009,0.000145986,0.00010622,0.00011116,0.00012347
7,31,13,0.00011,0.00014,0.00016,0.00013,0.00012,0.0001,0.000144987,0.0001055,0.00011105,0.000124496
7,31,14,0.00012,0.00014,0.00015,0.00014,0.00012,0.0001,0.000147486,0.00010554,0.00011002,0.000125225
7,31,15,0.00012,0.00014,0.00015,0.00014,0.00012,0.0001,0.000144487,0.00010396,0.00011237,0.000124749
7,31,16,0.00011,0.00014,0.00015,0.00014,0.00012,0.00009,0.000139987,0.00010213,0.0001174,0.000122189
7,31,17,0.0001,0.00014,0.00014,0.00014,0.00012,0.00009,0.000137987,0.00010231,0.00012509,0.000120629
7,31,18,0.0001,0.00013,0.00012,0.00014,0.00011,0.00008,0.000150236,0.00011459,0.00013566,0.000129299
7,31,19,0.0001,0.00012,0.00011,0.00014,0.00011,0.00008,0.000151686,0.00012452,0.00014294,0.000131903
7,31,20,0.0001,0.00012,0.00012,0.00014,0.00011,0.00008,0.000152986,0.00012372,0.00014551,0.000128079
7,31,21,0.0001,0.00012,0.00012,0.00014,0.00011,0.00008,0.000153486,0.00011724,0.00014114,0.000122931
7,31,22,0.0001,0.00012,0.00012,0.00014,0.00011,0.00008,0.000154486,0.00010871,0.00012925,0.000116477
7,31,23,0.0001,0.00012,0.00012,0.00014,0.00011,0.00008,0.000153486,0.00010111,0.00011501,0.00010986
1,8,0,0.0001,0.00011,0.00012,0.00014,0.00011,0.00009,5.51E-05,0.00010061,8.37E-05,0.000104195
1,8,1,0.00011,0.00011,0.00012,0.00013,0.00012,0.00009,5.30E-05,9.67E-05,8.38E-05,0.000100315
1,8,2,0.00011,0.00011,0.00012,0.00013,0.00012,0.00009,5.07E-05,9.44E-05,8.64E-05,9.73E-05
1,8,3,0.00011,0.00011,0.00012,0.00013,0.00012,0.00009,5.00E-05,9.35E-05,8.64E-05,9.51E-05
1,8,4,0.00011,0.00012,0.00012,0.00013,0.00012,0.00009,5.00E-05,9.48E-05,8.79E-05,9.52E-05
1,8,5,0.00011,0.00012,0.00012,0.00013,0.00012,0.00009,5.48E-05,9.88E-05,9.23E-05,9.79E-05
1,8,6,0.00011,0.00012,0.00012,0.00014,0.00012,0.00009,6.21E-05,0.00010088,9.62E-05,9.95E-05
1,8,7,0.00011,0.00012,0.00012,0.00014,0.00012,0.00009,7.26E-05,0.00010932,0.00010386,0.000104379
1,8,8,0.00011,0.00012,0.00011,0.00014,0.00012,0.00009,8.29E-05,0.00011809,0.00010884,0.000110791
1,8,9,0.00011,0.00012,0.00011,0.00014,0.00012,0.00009,8.29E-05,0.00012298,0.00010846,0.000114277
1,8,10,0.00011,0.00012,0.00011,0.00014,0.00011,0.00009,8.28E-05,0.00012804,0.00010919,0.000118328
1,8,11,0.00011,0.00012,0.00011,0.00013,0.00012,0.00009,8.81E-05,0.00013206,0.00010783,0.000123251
1,8,12,0.00011,0.00012,0.00013,0.00013,0.00011,0.00009,9.19E-05,0.00013036,0.00010648,0.00012347
1,8,13,0.00011,0.00014,0.00013,0.00014,0.00012,0.0001,8.63E-05,0.00013014,0.00010825,0.000124496
1,8,14,0.00011,0.00014,0.00013,0.00014,0.00012,0.00011,8.30E-05,0.0001317,0.00010725,0.000125225
1,8,15,0.00011,0.00014,0.00015,0.00014,0.00012,0.0001,8.02E-05,0.00013146,0.00010928,0.000124749
1,8,16,0.00011,0.00014,0.00016,0.00014,0.00012,0.0001,8.09E-05,0.00012845,0.00011123,0.000122189
1,8,17,0.0001,0.00013,0.00014,0.00014,0.00012,0.0001,9.44E-05,0.00012659,0.00011956,0.000120629
1,8,18,0.0001,0.00013,0.00012,0.00014,0.00011,0.00009,9.53E-05,0.00013804,0.00012888,0.000129299
1,8,19,0.00009,0.00012,0.00011,0.00014,0.00011,0.00009,9.39E-05,0.00013893,0.00013655,0.000131903
1,8,20,0.00009,0.00012,0.00011,0.00014,0.00011,0.00009,9.20E-05,0.00013406,0.0001396,0.000128079
1,8,21,0.00009,0.00012,0.00011,0.00014,0.0001,0.00009,8.71E-05,0.00012711,0.00013328,0.000122931
1,8,22,0.00009,0.00012,0.00011,0.00014,0.00011,0.00009,8.04E-05,0.00011872,0.00012321,0.000116477
1,8,23,0.0001,0.00012,0.0001,0.00014,0.00011,0.00009,7.50E-05,0.00010927,0.00011084,0.00010986
2,8,0,0.0001,0.00011,0.00009,0.00013,0.00011,0.00009,8.12E-05,9.77E-05,8.48E-05,0.000104195
2,8,1,0.0001,0.00011,0.0001,0.00013,0.00011,0.00009,7.72E-05,9.46E-05,8.48E-05,0.000100315
2,8,2,0.0001,0.00011,0.0001,0.00013,0.00012,0.00009,7.44E-05,9.25E-05,8.45E-05,9.73E-05
2,8,3,0.0001,0.00011,0.00011,0.00013,0.00012,0.0001,7.42E-05,9.22E-05,8.61E-05,9.51E-05
2,8,4,0.0001,0.00011,0.00011,0.00013,0.00012,0.00009,7.30E-05,9.63E-05,8.87E-05,9.52E-05
2,8,5,0.0001,0.00011,0.00011,0.00014,0.00012,0.00009,7.62E-05,0.00010629,9.18E-05,9.79E-05
2,8,6,0.0001,0.00011,0.00011,0.00014,0.00012,0.00009,8.61E-05,0.00010854,9.69E-05,9.95E-05
2,8,7,0.0001,0.00011,0.00011,0.00014,0.00012,0.00009,9.59E-05,0.00011312,0.00010524,0.000104379
2,8,8,0.0001,0.00011,0.00011,0.00014,0.00011,0.00009,1.00E-04,0.00012079,0.0001077,0.000110791
2,8,9,0.0001,0.00011,0.00011,0.00014,0.00011,0.00009,9.85E-05,0.00012481,0.00010889,0.000114277
2,8,10,0.0001,0.00012,0.0001,0.00013,0.00011,0.00009,1.00E-04,0.00012937,0.0001094,0.000118328
2,8,11,0.0001,0.00011,0.0001,0.00013,0.00011,0.00009,0.00010399,0.00013319,0.00010789,0.000123251
2,8,12,0.0001,0.00012,0.00014,0.00013,0.00011,0.00009,0.00010489,0.00013016,0.00010722,0.00012347
2,8,13,0.00011,0.00014,0.00015,0.00013,0.00012,0.0001,9.95E-05,0.00013056,0.000107,0.000124496
2,8,14,0.00011,0.00014,0.00015,0.00014,0.00012,0.0001,9.92E-05,0.00013335,0.00010801,0.000125225
2,8,15,0.00011,0.00014,0.00015,0.00014,0.00012,0.0001,9.53E-05,0.00013276,0.00010773,0.000124749
2,8,16,0.00011,0.00014,0.00014,0.00014,0.00011,0.0001,9.44E-05,0.00013093,0.00011288,0.000122189
2,8,17,0.0001,0.00013,0.00015,0.00014,0.00011,0.00009,0.000102491,0.00012703,0.00011908,0.000120629
2,8,18,0.00009,0.00012,0.00011,0.00014,0.0001,0.00009,0.00010694,0.00013657,0.00013042,0.000129299
2,8,19,0.00009,0.00012,0.00011,0.00014,0.0001,0.00009,0.00010369,0.00014337,0.00013647,0.000131903
2,8,20,0.00009,0.00012,0.00011,0.00014,0.0001,0.00009,0.000101241,0.00013985,0.00014118,0.000128079
2,8,21,0.00009,0.00012,0.0001,0.00014,0.0001,0.00009,9.64E-05,0.00013097,0.00013513,0.000122931
2,8,22,0.0001,0.00012,0.0001,0.00014,0.0001,0.00009,8.94E-05,0.00012001,0.00012265,0.000116477
2,8,23,0.0001,0.00012,0.0001,0.00014,0.0001,0.00009,8.69E-05,0.00010928,0.00010843,0.00010986
3,8,0,0.0001,0.00011,0.0001,0.00013,0.00011,0.00009,9.22E-05,9.57E-05,8.42E-05,0.000104195
3,8,1,0.0001,0.00011,0.00009,0.00013,0.00011,0.0001,8.94E-05,9.26E-05,8.56E-05,0.000100315
3,8,2,0.00011,0.00011,0.00009,0.00013,0.00012,0.0001,8.63E-05,9.06E-05,8.60E-05,9.73E-05
3,8,3,0.00011,0.00011,0.00009,0.00014,0.00012,0.0001,8.34E-05,8.97E-05,8.60E-05,9.51E-05
3,8,4,0.0001,0.00012,0.00009,0.00014,0.00012,0.0001,8.25E-05,9.37E-05,8.95E-05,9.52E-05
3,8,5,0.0001,0.00012,0.00009,0.00014,0.00012,0.0001,8.31E-05,0.0001047,9.32E-05,9.79E-05
3,8,6,0.0001,0.00012,0.00009,0.00014,0.00012,0.0001,8.82E-05,0.00010515,9.81E-05,9.95E-05
3,8,7,0.0001,0.00012,0.00009,0.00014,0.00012,0.0001,9.14E-05,0.0001089,0.0001023,0.000104379
3,8,8,0.0001,0.00012,0.00009,0.00014,0.00011,0.0001,9.12E-05,0.00011669,0.00010676,0.000110791
3,8,9,0.0001,0.00012,0.00009,0.00014,0.00012,0.0001,9.05E-05,0.00012152,0.00011026,0.000114277
3,8,10,0.0001,0.00012,0.00009,0.00014,0.00011,0.0001,9.38E-05,0.00012729,0.00010937,0.000118328
3,8,11,0.0001,0.00012,0.0001,0.00014,0.00011,0.0001,9.80E-05,0.00013139,0.00010924,0.000123251
3,8,12,0.00011,0.00011,0.00012,0.00013,0.00011,0.0001,0.00010299,0.00012839,0.0001065,0.00012347
3,8,13,0.00011,0.00014,0.00014,0.00014,0.00012,0.0001,9.12E-05,0.0001289,0.00010724,0.000124496
3,8,14,0.00011,0.00014,0.00013,0.00014,0.00012,0.00011,8.98E-05,0.00013251,0.00010709,0.000125225
3,8,15,0.00011,0.00014,0.00013,0.00014,0.00012,0.00011,8.86E-05,0.00013311,0.0001086,0.000124749
3,8,16,0.00011,0.00013,0.00012,0.00014,0.00011,0.0001,8.46E-05,0.00013071,0.00011231,0.000122189
3,8,17,0.0001,0.00013,0.00011,0.00014,0.00011,0.0001,9.27E-05,0.00012641,0.00011946,0.000120629
3,8,18,0.0001,0.00012,0.00008,0.00014,0.0001,0.0001,0.000104065,0.00013587,0.00013054,0.000129299
3,8,19,0.00009,0.00012,0.00007,0.00014,0.0001,0.00009,0.00010389,0.00014015,0.00013811,0.000131903
3,8,20,0.00009,0.00012,0.00007,0.00014,0.0001,0.00009,0.000102471,0.0001359,0.00013967,0.000128079
3,8,21,0.00009,0.00012,0.00009,0.00014,0.0001,0.00009,9.98E-05,0.00012752,0.0001332,0.000122931
3,8,22,0.0001,0.00012,0.00009,0.00013,0.0001,0.00009,9.61E-05,0.00011496,0.00012376,0.000116477
3,8,23,0.0001,0.00012,0.00009,0.00013,0.00011,0.00009,9.15E-05,0.00010377,0.0001107,0.00010986
4,8,0,0.0001,0.00011,0.0001,0.00013,0.00011,0.0001,0.000127988,9.73E-05,8.50E-05,0.000104195
4,8,1,0.00011,0.00011,0.00011,0.00013,0.00012,0.0001,0.000125988,9.34E-05,8.50E-05,0.000100315
4,8,2,0.00011,0.00011,0.00011,0.00013,0.00012,0.0001,0.000124988,9.10E-05,8.37E-05,9.73E-05
4,8,3,0.00011,0.00011,0.00011,0.00013,0.00011,0.0001,0.000122989,9.07E-05,8.64E-05,9.51E-05
4,8,4,0.00011,0.00011,0.00011,0.00013,0.00012,0.0001,0.000117989,9.41E-05,8.87E-05,9.52E-05
4,8,5,0.00011,0.00011,0.0001,0.00013,0.00012,0.0001,0.00010899,0.0001028,9.12E-05,9.79E-05
4,8,6,0.00011,0.00011,0.00011,0.00013,0.00012,0.0001,0.00010949,0.00010303,9.82E-05,9.95E-05
4,8,7,0.00011,0.00011,0.0001,0.00013,0.00012,0.0001,0.00011249,0.00010916,0.0001039,0.000104379
4,8,8,0.00011,0.00011,0.00011,0.00013,0.00011,0.0001,0.000115989,0.00011876,0.00010804,0.000110791
4,8,9,0.00011,0.00012,0.00011,0.00013,0.00011,0.0001,0.000119489,0.00012276,0.00010949,0.000114277
4,8,10,0.00011,0.00012,0.00011,0.00012,0.00011,0.0001,0.000120989,0.00012931,0.00010995,0.000118328
4,8,11,0.00011,0.00012,0.00012,0.00012,0.00011,0.0001,0.000121989,0.00013289,0.00010785,0.000123251
4,8,12,0.00011,0.00012,0.00014,0.00012,0.00011,0.0001,0.000124488,0.0001287,0.0001074,0.00012347
4,8,13,0.00011,0.00014,0.00016,0.00013,0.00012,0.00011,0.000120989,0.00012907,0.00010683,0.000124496
4,8,14,0.00012,0.00014,0.00016,0.00013,0.00012,0.00011,0.000119189,0.0001319,0.00010593,0.000125225
4,8,15,0.00012,0.00014,0.00015,0.00013,0.00012,0.00011,0.000117639,0.00013135,0.00010834,0.000124749
4,8,16,0.00011,0.00014,0.00014,0.00013,0.00012,0.0001,0.000115689,0.00012814,0.00011245,0.000122189
4,8,17,0.0001,0.00013,0.00014,0.00013,0.00011,0.0001,0.000118489,0.00012393,0.00011895,0.000120629
4,8,18,0.0001,0.00012,0.00011,0.00013,0.00011,0.0001,0.000127638,0.00013288,0.00012946,0.000129299
4,8,19,0.0001,0.00012,0.00011,0.00013,0.0001,0.0001,0.000126588,0.00013626,0.00013804,0.000131903
4,8,20,0.0001,0.00012,0.0001,0.00012,0.0001,0.00009,0.000127988,0.00013177,0.00014018,0.000128079
4,8,21,0.0001,0.00012,0.00011,0.00012,0.0001,0.00009,0.000125988,0.00012462,0.00013458,0.000122931
4,8,22,0.0001,0.00012,0.00011,0.00012,0.0001,0.0001,0.000123489,0.00011413,0.00012172,0.000116477
4,8,23,0.0001,0.00011,0.00011,0.00012,0.00011,0.0001,0.000119239,0.00010517,0.00010837,0.00010986
5,8,0,0.00011,0.00011,0.00011,0.00012,0.00012,0.0001,0.000121819,9.14E-05,8.47E-05,0.000104195
5,8,1,0.00011,0.00011,0.00011,0.00012,0.00012,0.0001,0.00010881,8.67E-05,8.50E-05,0.000100315
5,8,2,0.00011,0.00011,0.00011,0.00012,0.00012,0.0001,9.76E-05,8.25E-05,8.51E-05,9.73E-05
5,8,3,0.00011,0.00011,0.0001,0.00013,0.00012,0.0001,8.59E-05,8.07E-05,8.79E-05,9.51E-05
5,8,4,0.00011,0.00012,0.00009,0.00013,0.00012,0.0001,7.68E-05,8.06E-05,8.83E-05,9.52E-05
5,8,5,0.00011,0.00012,0.00009,0.00013,0.00012,0.0001,6.87E-05,7.95E-05,9.21E-05,9.79E-05
5,8,6,0.00011,0.00012,0.00008,0.00013,0.00012,0.0001,7.32E-05,7.95E-05,9.81E-05,9.95E-05
5,8,7,0.00011,0.00012,0.0001,0.00013,0.00012,0.0001,8.15E-05,8.57E-05,0.00010466,0.000104379
5,8,8,0.00011,0.00011,0.0001,0.00013,0.00012,0.0001,8.79E-05,9.05E-05,0.00010779,0.000110791
5,8,9,0.00011,0.00012,0.00011,0.00013,0.00012,0.0001,9.50E-05,9.49E-05,0.00010967,0.000114277
5,8,10,0.00011,0.00012,0.0001,0.00013,0.00012,0.0001,9.89E-05,9.82E-05,0.00010926,0.000118328
5,8,11,0.00011,0.00012,0.00012,0.00012,0.00011,0.0001,0.00010662,0.00010065,0.00010725,0.000123251
5,8,12,0.00011,0.00012,0.00014,0.00012,0.00011,0.0001,0.00011144,0.00010055,0.0001064,0.00012347
5,8,13,0.00011,0.00014,0.00016,0.00013,0.00012,0.00011,0.00011108,9.84E-05,0.00010697,0.000124496
5,8,14,0.00012,0.00014,0.00016,0.00013,0.00012,0.00011,0.00011257,9.58E-05,0.00010555,0.000125225
5,8,15,0.00012,0.00014,0.00015,0.00013,0.00012,0.00011,0.00011155,9.48E-05,0.00010887,0.000124749
5,8,16,0.00011,0.00014,0.00014,0.00013,0.00012,0.0001,0.00010949,9.39E-05,0.00011262,0.000122189
5,8,17,0.0001,0.00013,0.00014,0.00013,0.00011,0.0001,0.00010743,9.45E-05,0.00011987,0.000120629
5,8,18,0.0001,0.00012,0.00011,0.00013,0.00011,0.0001,0.000126293,0.00010799,0.00012999,0.000129299
5,8,19,0.0001,0.00012,0.00011,0.00013,0.0001,0.0001,0.000126168,0.00011368,0.0001372,0.000131903
5,8,20,0.0001,0.00012,0.0001,0.00012,0.0001,0.00009,0.000122389,0.00011104,0.0001397,0.000128079
5,8,21,0.0001,0.00012,0.00011,0.00012,0.0001,0.00009,0.000119799,0.00010498,0.00013538,0.000122931
5,8,22,0.0001,0.00012,0.00011,0.00012,0.0001,0.0001,0.000119459,9.64E-05,0.00012311,0.000116477
5,8,23,0.0001,0.00011,0.00011,0.00012,0.00011,0.0001,0.000116939,8.85E-05,0.0001097,0.00010986
6,8,0,0.00011,0.00011,0.00011,0.00012,0.00012,0.0001,0.000138897,9.73E-05,8.54E-05,0.000104195
6,8,1,0.00011,0.00011,0.00011,0.00012,0.00012,0.0001,0.000128478,9.20E-05,8.43E-05,0.000100315
6,8,2,0.00011,0.00011,0.00011,0.00012,0.00012,0.0001,0.000125878,8.99E-05,8.55E-05,9.73E-05
6,8,3,0.00011,0.00011,0.0001,0.00013,0.00012,0.0001,0.000124408,8.90E-05,8.65E-05,9.51E-05
6,8,4,0.00011,0.00012,0.00009,0.00013,0.00012,0.0001,0.000122669,9.23E-05,8.97E-05,9.52E-05
6,8,5,0.00011,0.00012,0.00009,0.00013,0.00012,0.0001,0.000118499,9.87E-05,9.29E-05,9.79E-05
6,8,6,0.00011,0.00012,0.00008,0.00013,0.00012,0.0001,0.000116089,0.0001011,9.72E-05,9.95E-05
6,8,7,0.00011,0.00012,0.0001,0.00013,0.00012,0.0001,0.00011279,0.00010741,0.00010397,0.000104379
6,8,8,0.00011,0.00011,0.0001,0.00013,0.00012,0.0001,0.000114739,0.00011524,0.00010694,0.000110791
6,8,9,0.00011,0.00012,0.00011,0.00013,0.00012,0.0001,0.000118889,0.00011971,0.00010937,0.000114277
6,8,10,0.00011,0.00012,0.0001,0.00013,0.00012,0.0001,0.000125488,0.00012553,0.00010867,0.000118328
6,8,11,0.00011,0.00012,0.00012,0.00012,0.00011,0.0001,0.000128488,0.00012879,0.00010789,0.000123251
6,8,12,0.00011,0.00012,0.00014,0.00012,0.00011,0.0001,0.000130338,0.00012577,0.00010861,0.00012347
6,8,13,0.00011,0.00014,0.00015,0.00013,0.00013,0.0001,0.000133988,0.00012589,0.0001063,0.000124496
6,8,14,0.00012,0.00014,0.00014,0.00014,0.00013,0.00011,0.000140487,0.00012848,0.00010592,0.000125225
6,8,15,0.00012,0.00014,0.00014,0.00014,0.00013,0.00011,0.000140987,0.00012864,0.0001084,0.000124749
6,8,16,0.00011,0.00013,0.00014,0.00014,0.00012,0.0001,0.000139487,0.00012602,0.00011112,0.000122189
6,8,17,0.0001,0.00013,0.00013,0.00013,0.00012,0.0001,0.000137987,0.00012258,0.00012041,0.000120629
6,8,18,0.0001,0.00012,0.00008,0.00013,0.00012,0.0001,0.000154486,0.0001321,0.0001294,0.000129299
6,8,19,0.0001,0.00012,0.00007,0.00013,0.00011,0.00009,0.000160485,0.00013798,0.00013768,0.000131903
6,8,20,0.0001,0.00012,0.00007,0.00013,0.00011,0.00009,0.000163985,0.00013263,0.0001394,0.000128079
6,8,21,0.0001,0.00012,0.0001,0.00012,0.00011,0.00009,0.000162985,0.00012463,0.00013485,0.000122931
6,8,22,0.0001,0.00012,0.0001,0.00012,0.00011,0.00009,0.000162485,0.00011331,0.0001226,0.000116477
6,8,23,0.0001,0.00011,0.0001,0.00012,0.00012,0.00009,0.000160485,0.0001028,0.00010974,0.00010986
7,8,0,0.00011,0.00011,0.0001,0.00013,0.00012,0.0001,0.000149986,0.00010022,8.47E-05,0.000104195
7,8,1,0.00011,0.00011,0.0001,0.00012,0.00012,0.0001,0.000144487,9.58E-05,8.47E-05,0.000100315
7,8,2,0.00011,0.00011,0.0001,0.00012,0.00012,0.0001,0.000140487,9.34E-05,8.50E-05,9.73E-05
7,8,3,0.00011,0.00011,0.00011,0.00012,0.00012,0.0001,0.000137987,9.24E-05,8.60E-05,9.51E-05
7,8,4,0.00011,0.00011,0.00011,0.00013,0.00012,0.0001,0.000136987,9.56E-05,8.94E-05,9.52E-05
7,8,5,0.00011,0.00012,0.00011,0.00013,0.00012,0.0001,0.000128988,0.00010161,9.26E-05,9.79E-05
7,8,6,0.00011,0.00012,0.00011,0.00013,0.00012,0.0001,0.000128738,0.000104,9.73E-05,9.95E-05
7,8,7,0.00011,0.00011,0.00011,0.00013,0.00012,0.00009,0.000127488,0.0001122,0.00010234,0.000104379
7,8,8,0.00011,0.00011,0.00011,0.00013,0.00012,0.00009,0.000128488,0.0001214,0.00010813,0.000110791
7,8,9,0.00011,0.00011,0.00011,0.00013,0.00012,0.00009,0.000132738,0.00012672,0.00011042,0.000114277
7,8,10,0.00011,0.00011,0.00011,0.00013,0.00012,0.00009,0.000134188,0.00013174,0.00010874,0.000118328
7,8,11,0.00011,0.00011,0.00011,0.00013,0.00012,0.00009,0.000137487,0.00013423,0.0001082,0.000123251
7,8,12,0.00011,0.00011,0.00013,0.00013,0.00011,0.00009,0.000139187,0.00013125,0.00010627,0.00012347
7,8,13,0.00011,0.00013,0.00015,0.00013,0.00012,0.0001,0.000141487,0.00013185,0.00010727,0.000124496
7,8,14,0.00012,0.00014,0.00015,0.00014,0.00012,0.0001,0.000140987,0.00013408,0.00010662,0.000125225
7,8,15,0.00012,0.00014,0.00015,0.00014,0.00012,0.0001,0.000140987,0.00013417,0.00010822,0.000124749
7,8,16,0.00011,0.00013,0.00014,0.00014,0.00012,0.0001,0.000135487,0.00013155,0.00011284,0.000122189
7,8,17,0.0001,0.00013,0.00013,0.00013,0.00012,0.0001,0.000131188,0.00012671,0.00012064,0.000120629
7,8,18,0.0001,0.00012,0.00009,0.00013,0.00011,0.00009,0.000148236,0.00013407,0.00012909,0.000129299
7,8,19,0.0001,0.00012,0.00008,0.00012,0.00011,0.00009,0.000154486,0.00014036,0.00013737,0.000131903
7,8,20,0.0001,0.00012,0.00008,0.00012,0.00011,0.00009,0.000154986,0.00013696,0.0001401,0.000128079
7,8,21,0.0001,0.00012,0.00007,0.00012,0.00011,0.00009,0.000155486,0.00013007,0.00013482,0.000122931
7,8,22,0.0001,0.00012,0.00007,0.00012,0.00011,0.00009,0.000154986,0.00011991,0.00012191,0.000116477
7,8,23,0.0001,0.00012,0.00007,0.00012,0.00011,0.00009,0.000153986,0.00011067,0.00011002,0.00010986
8,8,0,0.00011,0.00011,0.00007,0.00012,0.00011,0.0001,0.000135487,9.82E-05,8.58E-05,0.000104195
8,8,1,0.00011,0.00011,0.00007,0.00012,0.00012,0.0001,0.000130988,9.50E-05,8.50E-05,0.000100315
8,8,2,0.00011,0.00011,0.00007,0.00012,0.00012,0.0001,0.000127488,9.28E-05,8.49E-05,9.73E-05
8,8,3,0.00011,0.00011,0.00011,0.00013,0.00012,0.0001,0.000125988,9.16E-05,8.58E-05,9.51E-05
8,8,4,0.00011,0.00011,0.00011,0.00013,0.00012,0.0001,0.000122489,9.48E-05,8.78E-05,9.52E-05
8,8,5,0.00011,0.00011,0.00011,0.00013,0.00012,0.0001,0.000115989,0.00010313,9.24E-05,9.79E-05
8,8,6,0.00011,0.00012,0.00011,0.00013,0.00012,0.0001,0.000114489,0.00010519,9.69E-05,9.95E-05
8,8,7,0.00011,0.00011,0.00011,0.00013,0.00012,0.00009,0.000115489,0.00011286,0.00010324,0.000104379
8,8,8,0.00011,0.00012,0.00012,0.00013,0.00011,0.00009,0.000116989,0.00012173,0.0001067,0.000110791
8,8,9,0.00011,0.00012,0.00012,0.00013,0.00012,0.00009,0.000120489,0.00012722,0.00010925,0.000114277
8,8,10,0.00011,0.00012,0.00012,0.00012,0.00011,0.0001,0.000120489,0.00013267,0.00010968,0.000118328
8,8,11,0.00011,0.00012,0.00011,0.00012,0.00011,0.00009,0.000127988,0.00013589,0.00010802,0.000123251
8,8,12,0.00011,0.00012,0.00013,0.00012,0.00011,0.0001,0.000127988,0.00013263,0.00010729,0.00012347
8,8,13,0.00011,0.00014,0.00014,0.00013,0.00012,0.0001,0.000128488,0.00013306,0.00010726,0.000124496
8,8,14,0.00011,0.00014,0.00014,0.00013,0.00012,0.00011,0.000129688,0.00013593,0.00010721,0.000125225
8,8,15,0.00012,0.00014,0.00014,0.00013,0.00012,0.00011,0.000128288,0.00013686,0.00010718,0.000124749
8,8,16,0.00011,0.00014,0.00014,0.00013,0.00012,0.0001,0.000120989,0.00013534,0.00011149,0.000122189
8,8,17,0.0001,0.00014,0.00013,0.00013,0.00011,0.0001,0.000114989,0.0001308,0.00011865,0.000120629
8,8,18,0.0001,0.00013,0.00012,0.00013,0.00011,0.00009,0.000134138,0.00013913,0.0001286,0.000129299
8,8,19,0.00009,0.00013,0.00011,0.00013,0.00011,0.00009,0.000135087,0.0001464,0.00013695,0.000131903
8,8,20,0.00009,0.00013,0.00011,0.00013,0.00011,0.00009,0.000139087,0.00014296,0.00013957,0.000128079
8,8,21,0.00009,0.00012,0.0001,0.00012,0.00011,0.00009,0.000136987,0.00013466,0.00013392,0.000122931
8,8,22,0.00009,0.00012,0.0001,0.00012,0.00011,0.00009,0.000137987,0.00012259,0.00012225,0.000116477
8,8,23,0.0001,0.00012,0.0001,0.00012,0.00011,0.00009,1.43E-06,0.00011171,0.00010953,0.00010986
9,8,0,0.0001,0.00011,0.0001,0.00012,0.00011,0.00009,0.000150486,9.57E-05,8.35E-05,0.000104195
9,8,1,0.0001,0.00011,0.0001,0.00012,0.00011,0.0001,0.000145986,9.06E-05,8.47E-05,0.000100315
9,8,2,0.00011,0.00011,0.0001,0.00012,0.00011,0.0001,0.000140487,8.85E-05,8.52E-05,9.73E-05
9,8,3,0.00011,0.00011,0.0001,0.00012,0.00011,0.0001,0.000138487,8.94E-05,8.56E-05,9.51E-05
9,8,4,0.0001,0.00011,0.0001,0.00012,0.00011,0.0001,0.000135487,9.33E-05,8.74E-05,9.52E-05
9,8,5,0.0001,0.00011,0.0001,0.00012,0.00011,0.0001,0.000130288,0.00010217,9.22E-05,9.79E-05
9,8,6,0.0001,0.00011,0.00011,0.00013,0.00011,0.00009,0.000130488,0.00010415,9.66E-05,9.95E-05
9,8,7,0.0001,0.00011,0.0001,0.00012,0.00011,0.00009,0.000129988,0.00011063,0.00010275,0.000104379
9,8,8,0.0001,0.00011,0.00011,0.00012,0.00011,0.00009,0.000130988,0.00011819,0.00010745,0.000110791
9,8,9,0.0001,0.00011,0.00011,0.00012,0.00011,0.00009,0.000136987,0.00012343,0.00010752,0.000114277
9,8,10,0.0001,0.00011,0.0001,0.00012,0.0001,0.00009,0.000138487,0.00012902,0.00010863,0.000118328
9,8,11,0.0001,0.00011,0.0001,0.00012,0.0001,0.00009,0.000144287,0.00013289,0.00010821,0.000123251
9,8,12,0.0001,0.00012,0.00013,0.00012,0.00011,0.00009,0.000144987,0.00012969,0.00010562,0.00012347
9,8,13,0.00011,0.00014,0.00015,0.00012,0.00011,0.0001,0.000143487,0.00013098,0.00010488,0.000124496
9,8,14,0.00011,0.00014,0.00014,0.00013,0.00011,0.0001,0.000144487,0.00013427,0.00010716,0.000125225
9,8,15,0.00011,0.00014,0.00013,0.00013,0.00011,0.0001,0.000143487,0.00013445,0.00010847,0.000124749
9,8,16,0.00011,0.00013,0.00013,0.00013,0.00011,0.0001,0.000141987,0.00013184,0.00011148,0.000122189
9,8,17,0.0001,0.00013,0.00012,0.00013,0.00011,0.0001,0.000140987,0.00012859,0.00011949,0.000120629
9,8,18,0.0001,0.00012,0.00007,0.00013,0.0001,0.0001,0.000156486,0.00014021,0.00012885,0.000129299
9,8,19,0.00009,0.00012,0.0001,0.00013,0.0001,0.00009,0.000158985,0.00014319,0.00013721,0.000131903
9,8,20,0.00009,0.00012,0.00009,0.00013,0.0001,0.00009,0.000157985,0.00013947,0.00014046,0.000128079
9,8,21,0.00009,0.00012,0.00009,0.00012,0.0001,0.00009,0.000156985,0.00013098,0.00013368,0.000122931
9,8,22,0.0001,0.00012,0.00009,0.00012,0.0001,0.00009,0.000156486,0.00011718,0.00012124,0.000116477
9,8,23,0.0001,0.00012,0.00009,0.00013,0.00011,0.00009,0.000155986,0.0001067,0.00010897,0.00010986
10,8,0,0.0001,0.00011,0.00009,0.00013,0.00011,0.0001,0.000131288,9.85E-05,8.43E-05,0.000104195
10,8,1,0.0001,0.00011,0.0001,0.00013,0.00011,0.0001,0.000128488,9.54E-05,8.49E-05,0.000100315
10,8,2,0.00011,0.00011,0.0001,0.00013,0.00011,0.0001,0.000124288,9.29E-05,8.50E-05,9.73E-05
10,8,3,0.00011,0.00011,0.0001,0.00013,0.00011,0.0001,0.000122489,9.20E-05,8.68E-05,9.51E-05
10,8,4,0.00011,0.00012,0.0001,0.00013,0.00011,0.0001,0.000118489,9.28E-05,8.80E-05,9.52E-05
10,8,5,0.0001,0.00012,0.0001,0.00013,0.00011,0.0001,0.000116489,9.46E-05,9.31E-05,9.79E-05
10,8,6,0.0001,0.00012,0.00011,0.00013,0.00011,0.0001,0.000115789,9.65E-05,9.70E-05,9.95E-05
10,8,7,0.0001,0.00012,0.0001,0.00013,0.00011,0.0001,0.000116489,0.00010504,0.00010412,0.000104379
10,8,8,0.0001,0.00012,0.00011,0.00013,0.00011,0.0001,0.000117189,0.00011341,0.0001072,0.000110791
10,8,9,0.0001,0.00012,0.00011,0.00014,0.00011,0.0001,0.000119989,0.00011958,0.00010919,0.000114277
10,8,10,0.0001,0.00012,0.00011,0.00013,0.00011,0.0001,0.000122589,0.00012407,0.00010873,0.000118328
10,8,11,0.0001,0.00012,0.0001,0.00013,0.00011,0.0001,0.000126688,0.0001267,0.00010894,0.000123251
10,8,12,0.00011,0.00012,0.00014,0.00013,0.00011,0.0001,0.000128988,0.00012544,0.00010639,0.00012347
10,8,13,0.00011,0.00014,0.00015,0.00013,0.00012,0.00011,0.000129988,0.00012186,0.00010578,0.000124496
10,8,14,0.00011,0.00014,0.00015,0.00014,0.00012,0.00011,0.000129238,0.00011954,0.00010625,0.000125225
10,8,15,0.00011,0.00014,0.00016,0.00014,0.00012,0.00011,0.000125988,0.00011787,0.00010646,0.000124749
10,8,16,0.00011,0.00014,0.00013,0.00014,0.00011,0.0001,0.000121989,0.00011638,0.00011158,0.000122189
10,8,17,0.0001,0.00013,0.00012,0.00014,0.00011,0.0001,0.000133288,0.00011937,0.00011922,0.000120629
10,8,18,0.0001,0.00013,0.0001,0.00013,0.00011,0.0001,0.000136937,0.00013315,0.00012878,0.000129299
10,8,19,0.00009,0.00012,0.0001,0.00013,0.00011,0.0001,0.000136587,0.00013263,0.00013706,0.000131903
10,8,20,0.00009,0.00012,0.00009,0.00013,0.0001,0.0001,0.000137487,0.00012757,0.00013967,0.000128079
10,8,21,0.00009,0.00012,0.00011,0.00013,0.0001,0.00009,0.000136287,0.00012002,0.00013311,0.000122931
10,8,22,0.0001,0.00012,0.00011,0.00013,0.0001,0.00009,0.000135287,0.00011133,0.00012303,0.000116477
10,8,23,0.0001,0.00012,0.00011,0.00013,0.00011,0.00009,0.000133488,0.0001029,0.00010945,0.00010986
11,8,0,0.00011,0.00011,0.00011,0.00013,0.00011,0.0001,0.00010341,9.14E-05,8.47E-05,0.000104195
11,8,1,0.00011,0.00011,0.00011,0.00013,0.00012,0.0001,9.76E-05,8.87E-05,8.45E-05,0.000100315
11,8,2,0.00011,0.00012,0.00011,0.00013,0.00012,0.0001,9.38E-05,8.63E-05,8.51E-05,9.73E-05
11,8,3,0.00011,0.00012,0.00011,0.00013,0.00011,0.0001,9.02E-05,8.68E-05,8.59E-05,9.51E-05
11,8,4,0.00011,0.00012,0.00011,0.00013,0.00011,0.0001,8.87E-05,9.11E-05,8.76E-05,9.52E-05
11,8,5,0.00011,0.00012,0.00012,0.00013,0.00011,0.0001,8.67E-05,9.97E-05,9.19E-05,9.79E-05
11,8,6,0.00011,0.00012,0.00012,0.00013,0.00012,0.0001,8.77E-05,0.00010281,9.79E-05,9.95E-05
11,8,7,0.00011,0.00012,0.00012,0.00013,0.00012,0.0001,8.87E-05,0.00010931,0.00010262,0.000104379
11,8,8,0.00011,0.00012,0.00013,0.00013,0.00011,0.0001,8.75E-05,0.00011715,0.00010695,0.000110791
11,8,9,0.00011,0.00012,0.00013,0.00013,0.00011,0.0001,8.64E-05,0.00012218,0.00010837,0.000114277
11,8,10,0.00011,0.00012,0.00009,0.00013,0.00011,0.0001,9.02E-05,0.00012703,0.00010806,0.000118328
11,8,11,0.00011,0.00012,0.0001,0.00013,0.00011,0.0001,9.60E-05,0.00013116,0.00010719,0.000123251
11,8,12,0.00011,0.00012,0.00014,0.00013,0.00011,0.0001,0.00010435,0.00012834,0.0001068,0.00012347
11,8,13,0.00011,0.00015,0.00015,0.00013,0.00012,0.00011,9.59E-05,0.00012886,0.00010721,0.000124496
11,8,14,0.00012,0.00015,0.00015,0.00014,0.00012,0.00011,9.45E-05,0.00013106,0.00010562,0.000125225
11,8,15,0.00012,0.00015,0.00015,0.00014,0.00012,0.00011,9.05E-05,0.00013204,0.00010692,0.000124749
11,8,16,0.00011,0.00014,0.00014,0.00014,0.00012,0.0001,8.96E-05,0.00012936,0.00011152,0.000122189
11,8,17,0.0001,0.00014,0.00014,0.00013,0.00011,0.0001,0.00010898,0.00012531,0.0001193,0.000120629
11,8,18,0.0001,0.00013,0.00011,0.00013,0.00011,0.0001,0.000107125,0.00014264,0.00012974,0.000129299
11,8,19,0.0001,0.00013,0.00012,0.00013,0.0001,0.00009,0.00010637,0.00014223,0.00013663,0.000131903
11,8,20,0.0001,0.00012,0.00012,0.00013,0.0001,0.00009,0.00010555,0.00013666,0.0001385,0.000128079
11,8,21,0.0001,0.00012,0.00012,0.00012,0.0001,0.00009,0.00010438,0.00012799,0.00013322,0.000122931
11,8,22,0.0001,0.00012,0.00011,0.00012,0.0001,0.00009,0.0001032,0.0001166,0.00012228,0.000116477
11,8,23,0.0001,0.00012,0.00011,0.00012,0.00011,0.00009,0.000101051,0.0001056,0.00010817,0.00010986
12,8,0,0.00011,0.00011,0.00012,0.00012,0.00011,0.0001,7.77E-05,9.87E-05,8.33E-05,0.000104195
12,8,1,0.00011,0.00011,0.00011,0.00012,0.00012,0.0001,7.38E-05,9.53E-05,8.40E-05,0.000100315
12,8,2,0.00011,0.00012,0.00011,0.00012,0.00012,0.0001,7.13E-05,9.23E-05,8.54E-05,9.73E-05
12,8,3,0.00011,0.00012,0.00011,0.00013,0.00012,0.0001,6.93E-05,9.06E-05,8.51E-05,9.51E-05
12,8,4,0.00011,0.00012,0.00012,0.00013,0.00012,0.00011,6.83E-05,9.05E-05,8.80E-05,9.52E-05
12,8,5,0.00011,0.00012,0.00012,0.00013,0.00012,0.00011,7.15E-05,9.13E-05,9.20E-05,9.79E-05
12,8,6,0.00011,0.00012,0.00014,0.00012,0.00012,0.0001,8.02E-05,8.83E-05,9.75E-05,9.95E-05
12,8,7,0.00011,0.00012,0.00014,0.00012,0.00012,0.0001,8.75E-05,9.33E-05,0.00010302,0.000104379
12,8,8,0.00011,0.00012,0.00014,0.00013,0.00011,0.0001,8.97E-05,9.97E-05,0.00010799,0.000110791
12,8,9,0.00011,0.00012,0.00012,0.00013,0.00012,0.0001,8.65E-05,0.00010484,0.00010792,0.000114277
12,8,10,0.00011,0.00013,0.00011,0.00013,0.00012,0.0001,8.82E-05,0.00011073,0.00010847,0.000118328
12,8,11,0.00011,0.00012,0.00011,0.00012,0.00011,0.0001,9.41E-05,0.00011402,0.00010632,0.000123251
12,8,12,0.00011,0.00013,0.00014,0.00012,0.00011,0.0001,9.81E-05,0.00011473,0.00010662,0.00012347
12,8,13,0.00011,0.00015,0.00015,0.00013,0.00012,0.00011,9.17E-05,0.00011221,0.00010481,0.000124496
12,8,14,0.00012,0.00015,0.00015,0.00013,0.00012,0.00011,8.87E-05,0.00011043,0.00010526,0.000125225
12,8,15,0.00012,0.00015,0.00015,0.00013,0.00012,0.00011,8.88E-05,0.00010936,0.00010682,0.000124749
12,8,16,0.00011,0.00014,0.00015,0.00013,0.00012,0.00011,9.21E-05,0.00010793,0.00011231,0.000122189
12,8,17,0.0001,0.00014,0.00015,0.00012,0.00011,0.0001,0.000102001,0.00011099,0.00011813,0.000120629
12,8,18,0.0001,0.00013,0.00012,0.00012,0.00011,0.0001,0.000100956,0.00012657,0.00012806,0.000129299
12,8,19,0.0001,0.00013,0.0001,0.00012,0.00011,0.0001,9.96E-05,0.00012796,0.00013591,0.000131903
12,8,20,0.0001,0.00013,0.0001,0.00012,0.0001,0.00009,9.69E-05,0.00012478,0.00013871,0.000128079
12,8,21,0.0001,0.00013,0.0001,0.00011,0.0001,0.00009,9.30E-05,0.00011815,0.00013366,0.000122931
12,8,22,0.0001,0.00013,0.0001,0.00011,0.0001,0.00009,8.63E-05,0.00010985,0.00012186,0.000116477
12,8,23,0.0001,0.00012,0.0001,0.00011,0.00011,0.0001,8.15E-05,0.00010239,0.00010903,0.00010986
8,13,0,0.00011,0.00012,0.0001,0.00011,0.00011,0.0001,0.000138987,0.00010505,8.44E-05,0.000104195
8,13,1,0.00011,0.00011,0.0001,0.00011,0.00012,0.0001,0.000134987,0.00010034,8.47E-05,0.000100315
8,13,2,0.00011,0.00012,0.0001,0.00011,0.00011,0.0001,0.000131988,9.74E-05,8.57E-05,9.73E-05
8,13,3,0.00011,0.00012,0.0001,0.00011,0.00011,0.00009,0.000129588,9.61E-05,8.63E-05,9.51E-05
8,13,4,0.00011,0.00012,0.00011,0.0001,0.00011,0.00009,0.000127238,9.74E-05,8.73E-05,9.52E-05
8,13,5,0.00011,0.00012,0.00009,0.0001,0.00011,0.00009,0.000122989,9.94E-05,9.21E-05,9.79E-05
8,13,6,0.00011,0.00011,0.00011,0.0001,0.00011,0.00009,0.000122189,0.00010083,9.75E-05,9.95E-05
8,13,7,0.00011,0.00011,0.0001,0.0001,0.00011,0.00009,0.000120689,0.00010868,0.0001023,0.000104379
8,13,8,0.00011,0.00011,0.0001,0.0001,0.0001,0.00009,0.000124588,0.00011707,0.00010675,0.000110791
8,13,9,0.00011,0.00011,0.0001,0.0001,0.0001,0.00009,0.000128988,0.0001229,0.00010787,0.000114277
8,13,10,0.00011,0.00011,0.00009,0.0001,0.0001,0.00009,0.000133488,0.0001274,0.00010934,0.000118328
8,13,11,0.00011,0.00011,0.00011,0.0001,0.0001,0.00009,0.000135487,0.0001301,0.00010783,0.000123251
8,13,12,0.00012,0.00011,0.00013,0.00011,0.0001,0.00009,0.000137987,0.0001287,0.00010601,0.00012347
8,13,13,0.00012,0.00013,0.00015,0.00011,0.00012,0.0001,0.000138487,0.00012594,0.00010511,0.000124496
8,13,14,0.00012,0.00013,0.00014,0.00011,0.00011,0.0001,0.000139987,0.00012351,0.00010506,0.000125225
8,13,15,0.00012,0.00013,0.00015,0.00011,0.00011,0.0001,0.000136987,0.00012183,0.00010717,0.000124749
8,13,16,0.00011,0.00013,0.00013,0.00011,0.00011,0.0001,0.000134987,0.00011958,0.00011112,0.000122189
8,13,17,0.00011,0.00012,0.00012,0.00011,0.0001,0.0001,0.000129988,0.00011854,0.00011944,0.000120629
8,13,18,0.0001,0.00012,0.00011,0.00011,0.0001,0.00009,0.000147986,0.00012963,0.00012936,0.000129299
8,13,19,0.0001,0.00012,0.0001,0.00011,0.0001,0.00009,0.000150486,0.00013646,0.00013669,0.000131903
8,13,20,0.0001,0.00012,0.0001,0.00011,0.00009,0.00009,0.000150986,0.0001335,0.00013784,0.000128079
8,13,21,0.0001,0.00012,0.00009,0.00011,0.00009,0.00009,0.000150486,0.0001266,0.00013325,0.000122931
8,13,22,0.0001,0.00012,0.00009,0.0001,0.00009,0.00009,0.000150986,0.000117,0.00012116,0.000116477
8,13,23,0.00011,0.00012,0.00009,0.00011,0.0001,0.00009,0.000149986,0.00010801,0.00010807,0.00010986
8,14,0,0.00011,0.00011,0.00009,0.00011,0.0001,0.00009,0.000144487,0.00010176,8.32E-05,0.000104195
8,14,1,0.00011,0.00011,0.0001,0.00011,0.00011,0.0001,0.000142487,9.73E-05,8.44E-05,0.000100315
8,14,2,0.00011,0.00011,0.0001,0.00011,0.00012,0.0001,0.000140487,9.44E-05,8.30E-05,9.73E-05
8,14,3,0.00011,0.00011,0.0001,0.00011,0.00012,0.0001,0.000136987,9.20E-05,8.48E-05,9.51E-05
8,14,4,0.00011,0.00012,0.0001,0.00011,0.00012,0.0001,0.000134987,9.14E-05,8.86E-05,9.52E-05
8,14,5,0.00011,0.00012,0.0001,0.00011,0.00011,0.0001,0.000128988,8.98E-05,9.19E-05,9.79E-05
8,14,6,0.00011,0.00012,0.0001,0.00011,0.00012,0.0001,0.000128988,8.65E-05,9.65E-05,9.95E-05
8,14,7,0.00011,0.00012,0.00011,0.00011,0.00011,0.0001,0.000128488,9.04E-05,0.00010308,0.000104379
8,14,8,0.00011,0.00011,0.00011,0.00011,0.00011,0.0001,0.000130488,9.63E-05,0.00010646,0.000110791
8,14,9,0.00011,0.00012,0.00011,0.00011,0.00011,0.0001,0.000134488,0.00010084,0.00010938,0.000114277
8,14,10,0.00011,0.00012,0.00012,0.00011,0.00011,0.0001,0.000136687,0.00010489,0.00010822,0.000118328
8,14,11,0.00011,0.00012,0.00012,0.00011,0.00011,0.0001,0.000140987,0.00010668,0.00010665,0.000123251
8,14,12,0.00011,0.00012,0.00014,0.00011,0.00011,0.0001,0.000141987,0.00010818,0.00010617,0.00012347
8,14,13,0.00011,0.00014,0.00015,0.00012,0.00012,0.00011,0.000142487,0.00010693,0.00010596,0.000124496
8,14,14,0.00012,0.00014,0.00015,0.00012,0.00012,0.00011,0.000144487,0.00010488,0.00010466,0.000125225
8,14,15,0.00012,0.00014,0.00015,0.00012,0.00012,0.00011,0.000141987,0.00010373,0.0001066,0.000124749
8,14,16,0.00011,0.00014,0.00014,0.00012,0.00011,0.0001,0.000140987,0.00010192,0.00011083,0.000122189
8,14,17,0.0001,0.00013,0.00012,0.00012,0.0001,0.0001,0.000136487,0.00010179,0.00011932,0.000120629
8,14,18,0.0001,0.00013,0.00011,0.00011,0.0001,0.0001,0.000153986,0.00011517,0.00012842,0.000129299
8,14,19,0.0001,0.00012,0.00011,0.00011,0.0001,0.0001,0.000151986,0.00012224,0.00013556,0.000131903
8,14,20,0.0001,0.00012,0.00011,0.00011,0.0001,0.0001,0.000154486,0.00012116,0.00013807,0.000128079
8,14,21,0.0001,0.00012,0.0001,0.00011,0.00009,0.00009,0.000153986,0.00011643,0.00013231,0.000122931
8,14,22,0.0001,0.00012,0.0001,0.0001,0.00009,0.00009,0.000153486,0.00010933,0.00012202,0.000116477
8,14,23,0.0001,0.00012,0.0001,0.0001,0.0001,0.0001,0.000151986,0.00010186,0.00010795,0.00010986
8,15,0,0.00011,0.00011,0.0001,0.00011,0.0001,0.0001,0.000148986,9.62E-05,8.36E-05,0.000104195
8,15,1,0.00011,0.00011,0.0001,0.00011,0.00011,0.0001,0.000147486,9.26E-05,8.49E-05,0.000100315
8,15,2,0.00011,0.00011,0.0001,0.00011,0.00011,0.0001,0.000145986,9.01E-05,8.46E-05,9.73E-05
8,15,3,0.00011,0.00011,0.0001,0.00011,0.00011,0.0001,0.000140487,8.86E-05,8.65E-05,9.51E-05
8,15,4,0.00011,0.00012,0.0001,0.00011,0.00011,0.00011,0.000137987,8.82E-05,8.82E-05,9.52E-05
8,15,5,0.00011,0.00012,0.0001,0.00011,0.00011,0.00011,0.000131488,8.75E-05,9.23E-05,9.79E-05
8,15,6,0.00011,0.00012,0.00011,0.00011,0.00011,0.0001,0.000129988,8.51E-05,9.79E-05,9.95E-05
8,15,7,0.00011,0.00012,0.00011,0.00011,0.00011,0.0001,0.000130988,9.02E-05,0.00010207,0.000104379
8,15,8,0.00011,0.00011,0.00011,0.00011,0.00011,0.0001,0.000133738,9.80E-05,0.00010587,0.000110791
8,15,9,0.00011,0.00012,0.00011,0.00011,0.00011,0.0001,0.000135487,0.00010364,0.00010722,0.000114277
8,15,10,0.00011,0.00011,0.00012,0.00011,0.00011,0.0001,0.000137987,0.00011013,0.00010807,0.000118328
8,15,11,0.00011,0.00011,0.00012,0.00011,0.00011,0.0001,0.000141987,0.00011445,0.0001062,0.000123251
8,15,12,0.00011,0.00012,0.00015,0.00011,0.00011,0.0001,0.000143987,0.00011503,0.00010649,0.00012347
8,15,13,0.00011,0.00014,0.00015,0.00011,0.00012,0.00011,0.000145986,0.00011389,0.00010425,0.000124496
8,15,14,0.00012,0.00014,0.00015,0.00012,0.00012,0.00011,0.000147986,0.00011121,0.00010567,0.000125225
8,15,15,0.00012,0.00014,0.00015,0.00012,0.00012,0.00011,0.000145986,0.00010941,0.00010613,0.000124749
8,15,16,0.00011,0.00013,0.00014,0.00012,0.00011,0.00011,0.000142187,0.00010782,0.00011034,0.000122189
8,15,17,0.0001,0.00013,0.00014,0.00012,0.00011,0.0001,0.000134488,0.000108,0.00011869,0.000120629
8,15,18,0.0001,0.00012,0.00011,0.00011,0.0001,0.0001,0.000151736,0.00012127,0.00012766,0.000129299
8,15,19,0.0001,0.00012,0.00011,0.00011,0.0001,0.0001,0.000152486,0.00013156,0.00013581,0.000131903
8,15,20,0.00009,0.00012,0.0001,0.00011,0.0001,0.00009,0.000155286,0.00012934,0.0001385,0.000128079
8,15,21,0.00009,0.00012,0.0001,0.00011,0.0001,0.00009,0.000154986,0.00012225,0.00013145,0.000122931
8,15,22,0.0001,0.00012,0.0001,0.00011,0.0001,0.00009,0.000153486,0.00011247,0.00012096,0.000116477
8,15,23,0.0001,0.00011,0.00009,0.00011,0.0001,0.0001,0.000151986,0.00010327,0.00010825,0.00010986
8,16,0,0.0001,0.00011,0.0001,0.00011,0.0001,0.0001,0.000147986,9.79E-05,8.35E-05,0.000104195
8,16,1,0.0001,0.00011,0.00011,0.00011,0.00011,0.0001,0.000143987,9.48E-05,8.38E-05,0.000100315
8,16,2,0.00011,0.00011,0.00011,0.00011,0.00011,0.0001,0.000140987,9.22E-05,8.35E-05,9.73E-05
8,16,3,0.00011,0.00011,0.00011,0.00011,0.00011,0.0001,0.000138987,9.16E-05,8.50E-05,9.51E-05
8,16,4,0.0001,0.00011,0.00011,0.00011,0.00011,0.0001,0.000135987,9.50E-05,8.66E-05,9.52E-05
8,16,5,0.0001,0.00011,0.00011,0.00011,0.00011,0.0001,0.000127188,0.00010338,9.19E-05,9.79E-05
8,16,6,0.0001,0.00011,0.00011,0.00011,0.00011,0.0001,0.000116189,0.00010515,9.69E-05,9.95E-05
8,16,7,0.0001,0.00011,0.00011,0.00011,0.00011,0.0001,0.000118089,0.00011196,0.00010325,0.000104379
8,16,8,0.0001,0.0001,0.00011,0.00011,0.0001,0.0001,0.000116589,0.00012179,0.00010625,0.000110791
8,16,9,0.0001,0.00011,0.00011,0.00011,0.0001,0.0001,0.000113599,0.00012787,0.00010699,0.000114277
8,16,10,0.0001,0.00011,0.0001,0.00011,0.0001,0.0001,0.000114459,0.00013395,0.00010814,0.000118328
8,16,11,0.0001,0.0001,0.0001,0.00011,0.0001,0.00009,0.000120739,0.00013717,0.00010592,0.000123251
8,16,12,0.00011,0.00012,0.00011,0.00011,0.0001,0.0001,0.000125488,0.00013314,0.00010496,0.00012347
8,16,13,0.00011,0.00014,0.00015,0.00011,0.00012,0.00011,0.000118989,0.00013265,0.00010429,0.000124496
8,16,14,0.00011,0.00013,0.00015,0.00012,0.00012,0.00011,0.000119079,0.00013711,0.00010499,0.000125225
8,16,15,0.00011,0.00013,0.00015,0.00012,0.00011,0.00011,0.000116199,0.00013737,0.00010554,0.000124749
8,16,16,0.00011,0.00013,0.00014,0.00012,0.00011,0.0001,0.00011314,0.00013537,0.00011035,0.000122189
8,16,17,0.0001,0.00013,0.00014,0.00012,0.0001,0.0001,0.00010786,0.00013031,0.00011816,0.000120629
8,16,18,0.0001,0.00012,0.00012,0.00011,0.00009,0.0001,0.000130738,0.00013992,0.00012788,0.000129299
8,16,19,0.00009,0.00012,0.00011,0.00011,0.0001,0.0001,0.000134488,0.00014682,0.00013519,0.000131903
8,16,20,0.00009,0.00012,0.00011,0.00011,0.00009,0.00009,0.000137237,0.00014339,0.00013829,0.000128079
8,16,21,0.00009,0.00011,0.00011,0.00011,0.00009,0.00009,0.000138187,0.00013439,0.00013201,0.000122931
8,16,22,0.0001,0.00011,0.0001,0.00011,0.00009,0.00009,0.000138987,0.00012198,0.00012177,0.000116477
8,16,23,0.0001,0.00011,0.0001,0.00011,0.0001,0.00009,0.000137987,0.00011106,0.00010737,0.00010986
8,17,0,0.0001,0.00011,0.0001,0.00011,0.0001,0.0001,0.000134488,0.00010241,8.25E-05,0.000104195
8,17,1,0.00011,0.00011,0.00011,0.00011,0.00011,0.0001,0.000129488,9.88E-05,8.26E-05,0.000100315
8,17,2,0.00011,0.00011,0.0001,0.00011,0.00011,0.0001,0.000125988,9.65E-05,8.48E-05,9.73E-05
8,17,3,0.00011,0.00011,0.0001,0.00011,0.00011,0.0001,0.000121989,9.59E-05,8.45E-05,9.51E-05
8,17,4,0.00011,0.00011,0.0001,0.00011,0.00011,0.0001,0.000119489,9.92E-05,8.69E-05,9.52E-05
8,17,5,0.0001,0.00011,0.0001,0.00011,0.00011,0.0001,0.00011299,0.00010731,9.10E-05,9.79E-05
8,17,6,0.0001,0.00011,0.00011,0.00011,0.00011,0.0001,0.000113989,0.00010929,9.58E-05,9.95E-05
8,17,7,0.0001,0.00011,0.00011,0.00011,0.00011,0.0001,0.000114189,0.00011511,0.00010105,0.000104379
8,17,8,0.0001,0.00011,0.00011,0.00011,0.00011,0.0001,0.000115389,0.0001235,0.00010596,0.000110791
8,17,9,0.0001,0.00011,0.00011,0.00012,0.0001,0.0001,0.000116489,0.00012861,0.00010765,0.000114277
8,17,10,0.0001,0.00011,0.00012,0.00011,0.00009,0.0001,0.000117489,0.00013366,0.00010564,0.000118328
8,17,11,0.0001,0.00011,0.00012,0.00011,0.0001,0.0001,0.000120989,0.00013648,0.00010697,0.000123251
8,17,12,0.00011,0.00012,0.00015,0.00012,0.00009,0.0001,0.000124488,0.00013317,0.00010444,0.00012347
8,17,13,0.00011,0.00013,0.00015,0.00012,0.0001,0.00011,0.000124089,0.00013413,0.00010602,0.000124496
8,17,14,0.00011,0.00013,0.00015,0.00012,0.00012,0.00011,0.000122289,0.00013688,0.00010381,0.000125225
8,17,15,0.00011,0.00014,0.00015,0.00012,0.00012,0.00011,0.000116289,0.00013724,0.00010637,0.000124749
8,17,16,0.00011,0.00013,0.00014,0.00012,0.00012,0.0001,0.000115489,0.00013434,0.00011145,0.000122189
8,17,17,0.0001,0.00012,0.00013,0.00012,0.00011,0.0001,0.000113489,0.00013074,0.00011834,0.000120629
8,17,18,0.0001,0.00012,0.00012,0.00012,0.00011,0.0001,0.000135987,0.00014076,0.00012789,0.000129299
8,17,19,0.00009,0.00011,0.00012,0.00012,0.00011,0.00009,0.000138987,0.00014538,0.00013421,0.000131903
8,17,20,0.00009,0.00011,0.00011,0.00012,0.0001,0.00009,0.000140587,0.00014279,0.00013728,0.000128079
8,17,21,0.00009,0.00011,0.00011,0.00011,0.0001,0.00009,0.000137787,0.00013043,0.00013242,0.000122931
8,17,22,0.0001,0.00011,0.00011,0.00011,0.0001,0.00009,0.000137487,0.00012094,0.0001208,0.000116477
8,17,23,0.0001,0.00011,0.00011,0.00011,0.00011,0.00009,0.000138987,0.00011059,0.00010786,0.00010986
8,18,0,0.00011,0.0001,0.00011,0.00011,0.00011,0.0001,0.000133988,0.00010169,8.33E-05,0.000104195
8,18,1,0.00011,0.00011,0.00011,0.00011,0.00012,0.0001,0.000127488,9.73E-05,8.41E-05,0.000100315
8,18,2,0.00011,0.00011,0.00011,0.00011,0.00012,0.0001,0.000124188,9.36E-05,8.27E-05,9.73E-05
8,18,3,0.00011,0.00011,0.00011,0.00011,0.00012,0.0001,0.000121689,9.31E-05,8.43E-05,9.51E-05
8,18,4,0.00011,0.00011,0.00011,0.00011,0.00012,0.0001,0.000116989,9.62E-05,8.81E-05,9.52E-05
8,18,5,0.00011,0.00011,0.00011,0.00011,0.00012,0.0001,0.00011269,0.00010635,9.08E-05,9.79E-05
8,18,6,0.00011,0.00011,0.00011,0.00011,0.00012,0.00009,0.00011299,0.00010759,9.59E-05,9.95E-05
8,18,7,0.00011,0.00011,0.00012,0.00012,0.00012,0.00009,0.000114989,0.00011398,0.00010265,0.000104379
8,18,8,0.00011,0.00011,0.00011,0.00011,0.00011,0.00009,0.000118989,0.00012183,0.00010681,0.000110791
8,18,9,0.00011,0.00011,0.00011,0.00011,0.00011,0.00009,0.000120489,0.00012858,0.0001085,0.000114277
8,18,10,0.00011,0.0001,0.0001,0.00011,0.00011,0.00009,0.000123489,0.0001334,0.00010621,0.000118328
8,18,11,0.00011,0.0001,0.00013,0.00011,0.00011,0.00009,0.000126288,0.00013621,0.00010639,0.000123251
8,18,12,0.00011,0.00011,0.00015,0.00011,0.00011,0.00009,0.000128488,0.00013295,0.00010329,0.00012347
8,18,13,0.00011,0.00013,0.00015,0.00011,0.00013,0.0001,0.000128888,0.00013381,0.00010427,0.000124496
8,18,14,0.00012,0.00013,0.00015,0.00012,0.00013,0.0001,0.000128988,0.00013563,0.00010418,0.000125225
8,18,15,0.00012,0.00013,0.00015,0.00012,0.00012,0.0001,0.000125188,0.00013604,0.00010541,0.000124749
8,18,16,0.00011,0.00012,0.00015,0.00012,0.00012,0.00009,0.000123489,0.00013434,0.00010961,0.000122189
8,18,17,0.0001,0.00011,0.00013,0.00012,0.00012,0.00009,0.000121089,0.00012996,0.00011739,0.000120629
8,18,18,0.0001,0.0001,0.00011,0.00012,0.00011,0.00009,0.000140337,0.00014019,0.00012692,0.000129299
8,18,19,0.0001,0.0001,0.00011,0.00012,0.00011,0.00009,0.000142487,0.00014442,0.00013483,0.000131903
8,18,20,0.0001,0.0001,0.00011,0.00011,0.0001,0.00009,0.000142287,0.00014061,0.00013677,0.000128079
8,18,21,0.0001,0.0001,0.00011,0.00011,0.0001,0.00009,0.000139987,0.00013225,0.00013191,0.000122931
8,18,22,0.0001,0.0001,0.00011,0.00011,0.0001,0.00009,0.000139987,0.00011921,0.00012071,0.000116477
8,18,23,0.0001,0.00009,0.00011,0.00011,0.00009,0.00009,0.000138487,0.00010806,0.0001073,0.00010986
8,19,0,0.00011,0.00009,0.00011,0.00011,0.00009,0.00009,0.000133488,0.00010111,8.36E-05,0.000104195
8,19,1,0.00011,0.00009,0.00012,0.00011,0.0001,0.0001,0.000128988,9.72E-05,8.24E-05,0.000100315
8,19,2,0.00011,0.00009,0.00012,0.00011,0.0001,0.0001,0.000125988,9.41E-05,8.32E-05,9.73E-05
8,19,3,0.00011,0.00009,0.00011,0.00011,0.0001,0.0001,0.000122489,9.34E-05,8.40E-05,9.51E-05
8,19,4,0.00011,0.0001,0.00012,0.00011,0.00012,0.0001,0.000118489,9.64E-05,8.79E-05,9.52E-05
8,19,5,0.00011,0.0001,0.00012,0.00012,0.00012,0.0001,0.000113989,0.00010474,9.05E-05,9.79E-05
8,19,6,0.00011,0.0001,0.00011,0.00012,0.00012,0.0001,0.00011249,0.00010691,9.51E-05,9.95E-05
8,19,7,0.00011,0.00009,0.0001,0.00012,0.00012,0.0001,0.00011169,0.00011339,0.00010171,0.000104379
8,19,8,0.00011,0.00009,0.00011,0.00012,0.00012,0.0001,0.000115189,0.00012233,0.00010477,0.000110791
8,19,9,0.00011,0.00009,0.00012,0.00012,0.00011,0.0001,0.000114489,0.0001282,0.0001062,0.000114277
8,19,10,0.00011,0.00009,0.00012,0.00012,0.00011,0.0001,0.000118389,0.00013357,0.00010721,0.000118328
8,19,11,0.00011,0.0001,0.00012,0.00012,0.00011,0.0001,0.000121989,0.00013651,0.00010526,0.000123251
8,19,12,0.00011,0.0001,0.00015,0.00012,0.00011,0.0001,0.000123089,0.00013441,0.00010393,0.00012347
8,19,13,0.00011,0.00013,0.00016,0.00012,0.00013,0.0001,0.000119089,0.00013512,0.00010407,0.000124496
8,19,14,0.00012,0.00013,0.00016,0.00012,0.00013,0.00011,0.000119989,0.00013806,0.00010447,0.000125225
8,19,15,0.00012,0.00013,0.00015,0.00012,0.00012,0.0001,0.000117089,0.00013789,0.00010448,0.000124749
8,19,16,0.00011,0.00012,0.00014,0.00012,0.00012,0.0001,0.000114289,0.00013513,0.00010956,0.000122189
8,19,17,0.0001,0.00011,0.00013,0.00012,0.00011,0.0001,0.00011299,0.00013061,0.00011616,0.000120629
8,19,18,0.0001,0.00011,0.00012,0.00012,0.00011,0.0001,0.000131338,0.00013878,0.00012665,0.000129299
8,19,19,0.0001,0.00011,0.00011,0.00012,0.00011,0.00009,0.000130988,0.00014381,0.0001341,0.000131903
8,19,20,0.0001,0.0001,0.00011,0.00011,0.00011,0.00009,0.000134488,0.00014009,0.00013668,0.000128079
8,19,21,0.0001,0.0001,0.00011,0.00011,0.0001,0.00009,0.000130288,0.00013197,0.00013164,0.000122931
8,19,22,0.0001,0.0001,0.00011,0.00011,0.0001,0.00009,0.000128188,0.00012172,0.00011978,0.000116477
8,19,23,0.0001,0.0001,0.00011,0.00011,0.00011,0.00009,0.000127488,0.00011079,0.00010622,0.00010986
8,20,0,0.00011,0.0001,0.00011,0.00011,0.00012,0.0001,0.000121789,0.00010496,8.28E-05,0.000104195
8,20,1,0.00011,0.0001,0.00011,0.00011,0.00012,0.0001,0.000117689,0.00010079,8.28E-05,0.000100315
8,20,2,0.00011,0.0001,0.00011,0.00011,0.00012,0.0001,0.000114489,9.79E-05,8.26E-05,9.73E-05
8,20,3,0.00011,0.0001,0.00011,0.00011,0.00012,0.0001,0.00011149,9.66E-05,8.41E-05,9.51E-05
8,20,4,0.00011,0.0001,0.00011,0.00011,0.00012,0.00011,0.00011049,9.52E-05,8.60E-05,9.52E-05
8,20,5,0.00011,0.00011,0.0001,0.00011,0.00012,0.0001,0.00010649,9.66E-05,9.09E-05,9.79E-05
8,20,6,0.00011,0.00011,0.00011,0.00012,0.00012,0.0001,0.00010709,9.84E-05,9.55E-05,9.95E-05
8,20,7,0.00011,0.00011,0.00011,0.00012,0.00012,0.0001,0.00010861,0.00010773,9.99E-05,0.000104379
8,20,8,0.00011,0.0001,0.00011,0.00012,0.00012,0.0001,0.00011249,0.00011646,0.00010417,0.000110791
8,20,9,0.00011,0.00011,0.00012,0.00012,0.00012,0.0001,0.000115839,0.00012375,0.00010589,0.000114277
8,20,10,0.00011,0.00011,0.00012,0.00012,0.00012,0.0001,0.000115409,0.00012985,0.00010585,0.000118328
8,20,11,0.00011,0.00011,0.00012,0.00012,0.00012,0.0001,0.000119189,0.00013227,0.00010597,0.000123251
8,20,12,0.00012,0.00011,0.00013,0.00012,0.00012,0.0001,0.000122989,0.0001305,0.00010332,0.00012347
8,20,13,0.00012,0.00013,0.00016,0.00012,0.00013,0.00011,0.000123189,0.00012742,0.00010328,0.000124496
8,20,14,0.00012,0.00013,0.00013,0.00013,0.00013,0.0001,0.000124488,0.00012543,0.00010408,0.000125225
8,20,15,0.00012,0.00013,0.00015,0.00013,0.00013,0.0001,0.000124188,0.00012285,0.00010581,0.000124749
8,20,16,0.00011,0.00013,0.00015,0.00013,0.00012,0.0001,0.000121189,0.00012078,0.00010729,0.000122189
8,20,17,0.00011,0.00012,0.00015,0.00013,0.00012,0.0001,0.000117289,0.00011975,0.00011619,0.000120629
8,20,18,0.0001,0.00012,0.00013,0.00012,0.00011,0.0001,0.000136987,0.00013138,0.00012583,0.000129299
8,20,19,0.0001,0.00011,0.00012,0.00012,0.00011,0.0001,0.000138137,0.00013685,0.00013303,0.000131903
8,20,20,0.0001,0.00011,0.00012,0.00012,0.00011,0.00009,0.000138887,0.00013312,0.00013538,0.000128079
8,20,21,0.0001,0.00011,0.00012,0.00012,0.00011,0.00009,0.000136087,0.00012577,0.00012931,0.000122931
8,20,22,0.0001,0.00011,0.00011,0.00012,0.00011,0.00009,0.000134788,0.00011682,0.00011841,0.000116477
8,20,23,0.00011,0.00011,0.00012,0.00012,0.00011,0.00009,0.000132188,0.00010838,0.00010719,0.00010986
8,21,0,0.00011,0.0001,0.00012,0.00012,0.00012,0.0001,0.000118989,9.99E-05,8.20E-05,0.000104195
8,21,1,0.00011,0.00011,0.00012,0.00011,0.00013,0.0001,0.000114189,9.43E-05,8.20E-05,0.000100315
8,21,2,0.00011,0.00011,0.00011,0.00011,0.00013,0.0001,0.000117689,9.07E-05,8.27E-05,9.73E-05
8,21,3,0.00011,0.00011,0.00012,0.00012,0.00013,0.0001,0.000115889,8.80E-05,8.38E-05,9.51E-05
8,21,4,0.00011,0.00011,0.00012,0.00012,0.00013,0.0001,0.00011321,8.69E-05,8.74E-05,9.52E-05
8,21,5,0.00011,0.00011,0.00011,0.00012,0.00013,0.0001,0.00010901,8.57E-05,8.91E-05,9.79E-05
8,21,6,0.00011,0.00011,0.00011,0.00012,0.00013,0.0001,0.00010785,8.22E-05,9.52E-05,9.95E-05
8,21,7,0.00011,0.00011,0.00011,0.00012,0.00012,0.0001,0.00010855,8.99E-05,9.92E-05,0.000104379
8,21,8,0.00011,0.00011,0.00011,0.00012,0.00012,0.0001,0.00010924,9.65E-05,0.00010375,0.000110791
8,21,9,0.00011,0.00011,0.00011,0.00012,0.00012,0.0001,0.00011312,0.0001016,0.00010656,0.000114277
8,21,10,0.00011,0.00012,0.00011,0.00012,0.00012,0.0001,0.000115889,0.00010594,0.00010595,0.000118328
8,21,11,0.00011,0.00011,0.00012,0.00012,0.00012,0.0001,0.000119689,0.00010888,0.00010469,0.000123251
8,21,12,0.00011,0.00011,0.00015,0.00012,0.00012,0.0001,0.000121539,0.00011053,0.00010486,0.00012347
8,21,13,0.00012,0.00013,0.00016,0.00013,0.00013,0.00011,0.000121389,0.00010937,0.00010322,0.000124496
8,21,14,0.00012,0.00013,0.00016,0.00013,0.00013,0.00011,0.000120489,0.0001077,0.00010255,0.000125225
8,21,15,0.00012,0.00013,0.00015,0.00013,0.00013,0.00011,0.000119739,0.00010589,0.00010582,0.000124749
8,21,16,0.00011,0.00013,0.00016,0.00013,0.00012,0.00011,0.000116939,0.00010492,0.00010804,0.000122189
8,21,17,0.0001,0.00013,0.00013,0.00013,0.00012,0.0001,0.000117529,0.00010487,0.00011563,0.000120629
8,21,18,0.0001,0.00012,0.00013,0.00013,0.00011,0.0001,0.000133618,0.00011877,0.00012649,0.000129299
8,21,19,0.0001,0.00012,0.00013,0.00013,0.00011,0.0001,0.000134488,0.0001271,0.00013198,0.000131903
8,21,20,0.0001,0.00011,0.00012,0.00013,0.00011,0.00009,0.000133988,0.00012552,0.0001352,0.000128079
8,21,21,0.0001,0.00011,0.00012,0.00012,0.00011,0.00009,0.000131988,0.00011959,0.00013099,0.000122931
8,21,22,0.0001,0.00012,0.00012,0.00012,0.00011,0.00009,0.000132488,0.00011131,0.00011884,0.000116477
8,21,23,0.0001,0.00012,0.00012,0.00012,0.00011,0.0001,0.000130188,0.00010228,0.00010533,0.00010986
8,22,0,0.00011,0.00011,0.00012,0.00013,0.00012,0.0001,0.000125688,9.53E-05,8.19E-05,0.000104195
8,22,1,0.00011,0.00011,0.00012,0.00013,0.00012,0.0001,0.000121689,9.11E-05,8.09E-05,0.000100315
8,22,2,0.00011,0.00011,0.00012,0.00012,0.00013,0.0001,0.000117489,8.88E-05,8.36E-05,9.73E-05
8,22,3,0.00011,0.00011,0.00012,0.00012,0.00012,0.0001,0.000113989,8.84E-05,8.41E-05,9.51E-05
8,22,4,0.00011,0.00011,0.00012,0.00012,0.00012,0.0001,0.00010949,9.18E-05,8.56E-05,9.52E-05
8,22,5,0.00011,0.00012,0.00012,0.00012,0.00013,0.0001,0.00010649,0.00010081,8.94E-05,9.79E-05
8,22,6,0.00011,0.00011,0.00014,0.00013,0.00013,0.0001,0.00010649,0.00010355,9.59E-05,9.95E-05
8,22,7,0.00011,0.00011,0.00011,0.00013,0.00012,0.0001,0.00010384,0.00011221,9.98E-05,0.000104379
8,22,8,0.00011,0.00011,0.00012,0.00013,0.00012,0.0001,0.00010939,0.00012113,0.00010383,0.000110791
8,22,9,0.00011,0.00012,0.00012,0.00013,0.00012,0.0001,0.000112,0.00012717,0.00010585,0.000114277
8,22,10,0.00011,0.00012,0.00012,0.00013,0.00012,0.0001,0.000115239,0.00013406,0.00010429,0.000118328
8,22,11,0.00011,0.00012,0.00012,0.00012,0.00012,0.0001,0.000117029,0.0001364,0.00010396,0.000123251
8,22,12,0.00011,0.00012,0.00015,0.00012,0.00012,0.0001,0.000118379,0.00013372,0.00010307,0.00012347
8,22,13,0.00011,0.00013,0.00014,0.00013,0.00013,0.00011,0.000115669,0.00013354,0.00010215,0.000124496
8,22,14,0.00012,0.00014,0.00016,0.00013,0.00013,0.00011,0.000117139,0.00013529,0.00010298,0.000125225
8,22,15,0.00012,0.00014,0.00016,0.00013,0.00013,0.00011,0.00011294,0.00013543,0.00010444,0.000124749
8,22,16,0.00011,0.00013,0.00016,0.00013,0.00012,0.00011,0.00011019,0.00013406,0.00010833,0.000122189
8,22,17,0.0001,0.00013,0.00015,0.00013,0.00012,0.0001,0.00011044,0.00012983,0.00011659,0.000120629
8,22,18,0.0001,0.00013,0.00014,0.00013,0.00012,0.0001,0.000128638,0.00014027,0.00012463,0.000129299
8,22,19,0.0001,0.00012,0.00012,0.00013,0.00012,0.0001,0.000128058,0.00014473,0.00013279,0.000131903
8,22,20,0.0001,0.00012,0.00012,0.00013,0.00011,0.0001,0.000127828,0.00014014,0.00013385,0.000128079
8,22,21,0.00009,0.00012,0.00012,0.00013,0.00011,0.0001,0.000124668,0.0001325,0.00012989,0.000122931
8,22,22,0.0001,0.00012,0.00012,0.00013,0.00011,0.0001,0.000124578,0.00011967,0.00011879,0.000116477
8,22,23,0.0001,0.00012,0.00011,0.00013,0.00012,0.0001,0.000123049,0.0001074,0.00010611,0.00010986
8,23,0,0.0001,0.00011,0.00012,0.00012,0.00012,0.0001,0.000116449,0.00010211,8.11E-05,0.000104195
8,23,1,0.00011,0.0001,0.00012,0.00012,0.00012,0.0001,0.000113519,9.88E-05,8.13E-05,0.000100315
8,23,2,0.00011,0.0001,0.00012,0.00012,0.00012,0.0001,0.00011182,9.64E-05,8.14E-05,9.73E-05
8,23,3,0.00011,0.0001,0.00012,0.00012,0.00012,0.0001,0.00010795,9.58E-05,8.27E-05,9.51E-05
8,23,4,0.00011,0.0001,0.00012,0.00012,0.00012,0.0001,0.00010405,9.91E-05,8.57E-05,9.52E-05
8,23,5,0.0001,0.0001,0.00012,0.00012,0.00012,0.0001,0.000100771,0.00010658,8.85E-05,9.79E-05
8,23,6,0.0001,0.0001,0.00011,0.00012,0.00012,0.0001,9.79E-05,0.00010878,9.42E-05,9.95E-05
8,23,7,0.0001,0.0001,0.00011,0.00012,0.00012,0.0001,9.74E-05,0.00011516,0.00010008,0.000104379
8,23,8,0.0001,0.0001,0.00012,0.00012,0.00012,0.0001,9.68E-05,0.00012368,0.00010404,0.000110791
8,23,9,0.0001,0.00011,0.00012,0.00012,0.00011,0.0001,9.74E-05,0.00012831,0.00010539,0.000114277
8,23,10,0.0001,0.00011,0.00012,0.00012,0.00012,0.0001,9.93E-05,0.00013433,0.00010507,0.000118328
8,23,11,0.0001,0.00011,0.00012,0.00012,0.00011,0.0001,0.00010405,0.00013735,0.00010425,0.000123251
8,23,12,0.00011,0.00011,0.00013,0.00012,0.00011,0.0001,0.0001112,0.00013428,0.00010383,0.00012347
8,23,13,0.00011,0.00013,0.00015,0.00013,0.00012,0.00011,0.00010873,0.00013618,0.00010174,0.000124496
8,23,14,0.00011,0.00013,0.00015,0.00014,0.00012,0.00011,0.00010897,0.00013871,0.00010301,0.000125225
8,23,15,0.00011,0.00013,0.00016,0.00013,0.00012,0.00011,0.00010713,0.00013905,0.00010411,0.000124749
8,23,16,0.00011,0.00013,0.00015,0.00014,0.00012,0.0001,0.000101161,0.00013667,0.00010744,0.000122189
8,23,17,0.0001,0.00012,0.00014,0.00013,0.00012,0.0001,9.92E-05,0.00013186,0.00011629,0.000120629
8,23,18,0.0001,0.00012,0.00013,0.00013,0.00011,0.0001,0.000121829,0.0001413,0.00012436,0.000129299
8,23,19,0.00009,0.00012,0.00013,0.00013,0.00011,0.0001,0.000124388,0.00014631,0.00013248,0.000131903
8,23,20,0.00009,0.00011,0.00011,0.00013,0.00011,0.0001,0.000125438,0.00014238,0.00013423,0.000128079
8,23,21,0.00009,0.00011,0.00011,0.00013,0.00011,0.0001,0.000125988,0.00013383,0.00012709,0.000122931
8,23,22,0.0001,0.00011,0.0001,0.00013,0.00011,0.0001,0.000127588,0.00012175,0.00011806,0.000116477
8,23,23,0.0001,0.00011,0.00011,0.00013,0.00012,0.0001,0.000126388,0.00011102,0.00010537,0.00010986
8,24,0,0.0001,0.00011,0.00011,0.00013,0.00012,0.0001,0.000120989,0.00010368,8.20E-05,0.000104195
8,24,1,0.00011,0.00011,0.00011,0.00013,0.00012,0.00011,0.000118989,0.00010019,8.05E-05,0.000100315
8,24,2,0.00011,0.00011,0.00011,0.00013,0.00013,0.0001,0.000115189,9.80E-05,8.39E-05,9.73E-05
8,24,3,0.00011,0.00011,0.00011,0.00013,0.00012,0.00011,0.000113689,9.68E-05,8.28E-05,9.51E-05
8,24,4,0.00011,0.00011,0.00011,0.00013,0.00012,0.00011,0.00010999,0.00010016,8.56E-05,9.52E-05
8,24,5,0.0001,0.00011,0.00011,0.00013,0.00012,0.00011,0.00010499,0.00010826,8.92E-05,9.79E-05
8,24,6,0.0001,0.00011,0.00011,0.00013,0.00012,0.00011,0.00010579,0.00010982,9.35E-05,9.95E-05
8,24,7,0.0001,0.00011,0.00011,0.00013,0.00012,0.00011,0.00010504,0.00011616,9.98E-05,0.000104379
8,24,8,0.0001,0.0001,0.00012,0.00012,0.00012,0.0001,0.00010814,0.0001235,0.00010365,0.000110791
8,24,9,0.0001,0.00011,0.00012,0.00012,0.00011,0.0001,0.00011034,0.00012858,0.00010563,0.000114277
8,24,10,0.0001,0.00011,0.00012,0.00012,0.00012,0.0001,0.000113579,0.00013397,0.00010381,0.000118328
8,24,11,0.0001,0.00011,0.00012,0.00012,0.00011,0.0001,0.000117589,0.00013742,0.0001025,0.000123251
8,24,12,0.00011,0.00012,0.00014,0.00013,0.00012,0.00011,0.000121939,0.00013426,0.00010248,0.00012347
8,24,13,0.00011,0.00013,0.00014,0.00014,0.00013,0.00011,0.000122339,0.00013554,0.0001022,0.000124496
8,24,14,0.00011,0.00013,0.00015,0.00014,0.00013,0.00011,0.000124788,0.00013845,0.00010136,0.000125225
8,24,15,0.00012,0.00013,0.00014,0.00014,0.00013,0.00011,0.000122589,0.00013805,0.00010302,0.000124749
8,24,16,0.00011,0.00013,0.00014,0.00014,0.00013,0.00011,0.000119389,0.00013575,0.00010717,0.000122189
8,24,17,0.0001,0.00012,0.00012,0.00014,0.00013,0.00011,0.000116489,0.00013205,0.0001147,0.000120629
8,24,18,0.0001,0.00012,0.00011,0.00014,0.00012,0.0001,0.000138987,0.00014092,0.00012368,0.000129299
8,24,19,0.0001,0.00012,0.00011,0.00014,0.00012,0.0001,0.000139487,0.00014568,0.00013108,0.000131903
8,24,20,0.00009,0.00011,0.0001,0.00014,0.00012,0.0001,0.000139687,0.00014222,0.00013386,0.000128079
8,24,21,0.0001,0.00011,0.00009,0.00013,0.00012,0.0001,0.000138387,0.00013425,0.00012762,0.000122931
8,24,22,0.0001,0.00011,0.00009,0.00013,0.00012,0.0001,0.000134888,0.00012248,0.00011756,0.000116477
8,24,23,0.0001,0.00011,0.00008,0.00013,0.00012,0.0001,0.000127788,0.00011161,0.00010454,0.00010986
8,25,0,0.00011,0.00011,0.00009,0.00014,0.00012,0.00011,0.000124388,0.00010416,8.15E-05,0.000104195
8,25,1,0.00011,0.0001,0.0001,0.00013,0.00012,0.00011,0.000124188,9.97E-05,7.98E-05,0.000100315
8,25,2,0.00011,0.0001,0.0001,0.00013,0.00012,0.00011,0.000120789,9.77E-05,8.11E-05,9.73E-05
8,25,3,0.00011,0.0001,0.0001,0.00013,0.00012,0.00011,0.000116789,9.68E-05,8.28E-05,9.51E-05
8,25,4,0.00011,0.0001,0.0001,0.00013,0.00012,0.00011,0.000114489,9.96E-05,8.42E-05,9.52E-05
8,25,5,0.00011,0.00011,0.0001,0.00013,0.00012,0.00011,0.00010959,0.00010832,8.79E-05,9.79E-05
8,25,6,0.00011,0.00011,0.00011,0.00013,0.00012,0.00011,0.0001082,0.00011001,9.20E-05,9.95E-05
8,25,7,0.00011,0.00011,0.0001,0.00013,0.00012,0.0001,0.00011074,0.0001159,9.90E-05,0.000104379
8,25,8,0.00011,0.0001,0.00012,0.00013,0.00012,0.00011,0.000114089,0.00012352,0.00010352,0.000110791
8,25,9,0.00011,0.0001,0.00012,0.00014,0.00012,0.00011,0.000115489,0.00012818,0.00010422,0.000114277
8,25,10,0.00011,0.00011,0.00011,0.00013,0.00013,0.00011,0.000116989,0.00013421,0.00010295,0.000118328
8,25,11,0.00011,0.00011,0.00011,0.00013,0.00012,0.00011,0.000119789,0.00013722,0.00010255,0.000123251
8,25,12,0.00011,0.00012,0.00014,0.00013,0.00012,0.00011,0.000123089,0.00013378,0.00010266,0.00012347
8,25,13,0.00011,0.00014,0.00015,0.00014,0.00013,0.00011,0.000122989,0.00013447,0.00010174,0.000124496
8,25,14,0.00012,0.00013,0.00015,0.00014,0.00013,0.00012,0.000122289,0.00013649,0.0001022,0.000125225
8,25,15,0.00012,0.00013,0.00015,0.00014,0.00013,0.00012,0.000118489,0.00013668,0.00010188,0.000124749
8,25,16,0.00011,0.00013,0.00014,0.00014,0.00013,0.00011,0.000114789,0.00013491,0.00010709,0.000122189
8,25,17,0.0001,0.00012,0.00013,0.00014,0.00013,0.00011,0.00011249,0.00013196,0.00011434,0.000120629
8,25,18,0.0001,0.00011,0.00011,0.00012,0.00012,0.00011,0.000132238,0.00014182,0.00012288,0.000129299
8,25,19,0.0001,0.00011,0.00012,0.00013,0.00012,0.0001,0.000130488,0.00014534,0.00013134,0.000131903
8,25,20,0.0001,0.00011,0.00011,0.00013,0.00012,0.0001,0.000130488,0.00014123,0.00013351,0.000128079
8,25,21,0.0001,0.00011,0.00011,0.00013,0.00012,0.0001,0.000130488,0.00013208,0.00012849,0.000122931
8,25,22,0.0001,0.0001,0.0001,0.00013,0.00011,0.0001,0.000128288,0.00011934,0.00011771,0.000116477
8,25,23,0.0001,0.00011,0.00009,0.00013,0.00012,0.0001,0.000127988,0.0001085,0.00010484,0.00010986
8,26,0,0.00011,0.0001,0.00009,0.00013,0.00012,0.00011,0.000122289,0.0001007,7.94E-05,0.000104195
8,26,1,0.00011,0.0001,0.0001,0.00012,0.00012,0.00011,0.000116689,9.72E-05,8.03E-05,0.000100315
8,26,2,0.00011,0.0001,0.0001,0.00013,0.00012,0.00011,0.00011309,9.52E-05,8.17E-05,9.73E-05
8,26,3,0.00011,0.0001,0.00011,0.00013,0.00012,0.00011,0.00011119,9.50E-05,8.22E-05,9.51E-05
8,26,4,0.00011,0.00011,0.00011,0.00013,0.00012,0.00011,0.00010899,9.82E-05,8.39E-05,9.52E-05
8,26,5,0.00011,0.00011,0.00011,0.00013,0.00012,0.00011,0.000102491,0.00010616,8.88E-05,9.79E-05
8,26,6,0.00011,0.00011,0.00012,0.00013,0.00012,0.00011,0.000100891,0.00010794,9.33E-05,9.95E-05
8,26,7,0.00011,0.0001,0.00012,0.00013,0.00012,0.00011,0.000101391,0.0001135,9.81E-05,0.000104379
8,26,8,0.00011,0.0001,0.00012,0.00013,0.00012,0.00011,0.00010319,0.00012082,0.00010327,0.000110791
8,26,9,0.00011,0.00011,0.00012,0.00013,0.00012,0.00011,0.00010469,0.00012384,0.00010362,0.000114277
8,26,10,0.00011,0.00011,0.00012,0.00013,0.00013,0.00011,0.00010734,0.00012696,0.0001044,0.000118328
8,26,11,0.00011,0.00011,0.00012,0.00013,0.00013,0.0001,0.00011089,0.00013093,0.00010207,0.000123251
8,26,12,0.00011,0.00012,0.00016,0.00013,0.00012,0.0001,0.000116489,0.0001273,0.00010232,0.00012347
8,26,13,0.00012,0.00013,0.00015,0.00014,0.00014,0.00011,0.000114339,0.00012766,0.00010032,0.000124496
8,26,14,0.00012,0.00013,0.00015,0.00014,0.00013,0.00011,0.000114989,0.00013024,0.00010145,0.000125225
8,26,15,0.00012,0.00013,0.00015,0.00014,0.00013,0.00011,0.000113389,0.00013071,0.00010316,0.000124749
8,26,16,0.00011,0.00013,0.00015,0.00014,0.00013,0.00011,0.00010989,0.00012908,0.00010767,0.000122189
8,26,17,0.00011,0.00012,0.00013,0.00014,0.00012,0.00011,0.00011149,0.00012566,0.00011451,0.000120629
8,26,18,0.0001,0.00012,0.00011,0.00014,0.00012,0.0001,0.000129738,0.00013529,0.0001218,0.000129299
8,26,19,0.0001,0.00011,0.00012,0.00014,0.00012,0.0001,0.000132238,0.00013879,0.00012925,0.000131903
8,26,20,0.0001,0.00011,0.00012,0.00013,0.00011,0.0001,0.000131738,0.00013458,0.00013248,0.000128079
8,26,21,0.0001,0.00011,0.00011,0.00013,0.00011,0.0001,0.000130488,0.00012619,0.00012682,0.000122931
8,26,22,0.0001,0.00011,0.00011,0.00013,0.00011,0.0001,0.000129988,0.00011476,0.00011644,0.000116477
8,26,23,0.00011,0.00011,0.0001,0.00013,0.00012,0.0001,0.000128988,0.00010553,0.00010419,0.00010986
8,27,0,0.00011,0.0001,0.0001,0.00013,0.00012,0.0001,0.000122289,9.66E-05,8.06E-05,0.000104195
8,27,1,0.00011,0.0001,0.0001,0.00012,0.00012,0.00011,0.000118689,9.54E-05,8.05E-05,0.000100315
8,27,2,0.00011,0.0001,0.00011,0.00012,0.00012,0.00011,0.000116489,9.34E-05,8.11E-05,9.73E-05
8,27,3,0.00012,0.00011,0.0001,0.00013,0.00012,0.00011,0.000114989,9.25E-05,8.20E-05,9.51E-05
8,27,4,0.00012,0.00011,0.00011,0.00013,0.00012,0.00011,0.00011249,9.44E-05,8.49E-05,9.52E-05
8,27,5,0.00011,0.00011,0.00011,0.00013,0.00012,0.00011,0.00010699,9.57E-05,8.62E-05,9.79E-05
8,27,6,0.00011,0.00011,0.00011,0.00013,0.00012,0.00011,0.00010679,9.82E-05,9.28E-05,9.95E-05
8,27,7,0.00011,0.00011,0.00011,0.00013,0.00012,0.00011,0.00010799,0.00010664,9.84E-05,0.000104379
8,27,8,0.00011,0.00011,0.00012,0.00013,0.00012,0.00011,0.00011179,0.00011535,0.00010188,0.000110791
8,27,9,0.00011,0.00011,0.00013,0.00013,0.00012,0.00011,0.00011249,0.00012113,0.00010294,0.000114277
8,27,10,0.00011,0.00011,0.00012,0.00013,0.00012,0.00011,0.000115839,0.00012547,0.00010283,0.000118328
8,27,11,0.00012,0.00011,0.00013,0.00013,0.00012,0.0001,0.000119689,0.000128,0.00010163,0.000123251
8,27,12,0.00012,0.00011,0.00016,0.00013,0.00012,0.0001,0.000123189,0.00012675,0.00010158,0.00012347
8,27,13,0.00012,0.00013,0.00015,0.00014,0.00013,0.00011,0.000123989,0.00012269,0.00010019,0.000124496
8,27,14,0.00012,0.00013,0.00015,0.00014,0.00013,0.00011,0.000126488,0.00012082,0.00010065,0.000125225
8,27,15,0.00012,0.00013,0.00015,0.00014,0.00012,0.00011,0.000125088,0.00011933,0.00010152,0.000124749
8,27,16,0.00011,0.00012,0.00015,0.00014,0.00012,0.00011,0.000123489,0.00011772,0.00010562,0.000122189
8,27,17,0.00011,0.00012,0.00014,0.00014,0.00012,0.00011,0.000117989,0.00011684,0.0001121,0.000120629
8,27,18,0.0001,0.00012,0.00011,0.00013,0.00011,0.0001,0.000140587,0.00012899,0.00012193,0.000129299
8,27,19,0.0001,0.00011,0.00011,0.00013,0.00011,0.0001,0.000138987,0.00013354,0.00012895,0.000131903
8,27,20,0.0001,0.00011,0.00011,0.00013,0.00011,0.0001,0.000140987,0.00012981,0.00013152,0.000128079
8,27,21,0.0001,0.00011,0.00011,0.00013,0.00011,0.0001,0.000137787,0.00012099,0.00012544,0.000122931
8,27,22,0.0001,0.00011,0.0001,0.00013,0.00011,0.0001,0.000137737,0.00011118,0.00011572,0.000116477
8,27,23,0.00011,0.00011,0.0001,0.00013,0.00012,0.0001,0.000137487,0.00010329,0.00010257,0.00010986
8,28,0,0.00011,0.0001,0.00011,0.00013,0.00012,0.00011,0.000132238,9.40E-05,7.93E-05,0.000104195
8,28,1,0.00011,0.0001,0.00012,0.00013,0.00012,0.00011,0.000125488,8.79E-05,8.00E-05,0.000100315
8,28,2,0.00011,0.00011,0.00012,0.00013,0.00012,0.00011,0.000124988,8.45E-05,8.12E-05,9.73E-05
8,28,3,0.00012,0.00011,0.00011,0.00013,0.00012,0.00011,0.000121739,8.30E-05,8.23E-05,9.51E-05
8,28,4,0.00012,0.00011,0.00011,0.00013,0.00012,0.00011,0.000120239,8.25E-05,8.34E-05,9.52E-05
8,28,5,0.00011,0.00012,0.00011,0.00013,0.00012,0.00012,0.000117489,8.17E-05,8.77E-05,9.79E-05
8,28,6,0.00011,0.00012,0.00011,0.00013,0.00012,0.00011,0.000116989,7.92E-05,9.34E-05,9.95E-05
8,28,7,0.00011,0.00011,0.00011,0.00013,0.00012,0.00011,0.000120189,8.38E-05,9.76E-05,0.000104379
8,28,8,0.00011,0.00011,0.00011,0.00013,0.00012,0.00011,0.000122489,8.84E-05,0.0001006,0.000110791
8,28,9,0.00011,0.00011,0.00012,0.00013,0.00012,0.00011,0.000123989,9.47E-05,0.00010304,0.000114277
8,28,10,0.00011,0.00011,0.00012,0.00013,0.00012,0.00011,0.000125988,9.74E-05,0.00010135,0.000118328
8,28,11,0.00011,0.00012,0.00013,0.00013,0.00012,0.00011,0.000130188,9.99E-05,0.00010124,0.000123251
8,28,12,0.00012,0.00012,0.00014,0.00013,0.00012,0.00011,0.000130588,0.00010172,0.00010001,0.00012347
8,28,13,0.00012,0.00014,0.00016,0.00013,0.00013,0.00012,0.000131988,0.00010156,0.00010054,0.000124496
8,28,14,0.00012,0.00014,0.00016,0.00014,0.00013,0.00012,0.000132988,0.00010014,9.98E-05,0.000125225
8,28,15,0.00012,0.00014,0.00015,0.00013,0.00013,0.00012,0.000130988,9.89E-05,0.00010031,0.000124749
8,28,16,0.00011,0.00013,0.00015,0.00013,0.00012,0.00011,0.000127188,9.74E-05,0.00010513,0.000122189
8,28,17,0.0001,0.00013,0.00013,0.00013,0.00012,0.00011,0.000123689,9.93E-05,0.00011159,0.000120629
8,28,18,0.0001,0.00013,0.00015,0.00013,0.00011,0.00011,0.000143387,0.00011633,0.00012168,0.000129299
8,28,19,0.0001,0.00012,0.00014,0.00013,0.00011,0.00011,0.000143687,0.00012291,0.00012867,0.000131903
8,28,20,0.0001,0.00012,0.00014,0.00013,0.00011,0.00011,0.000144687,0.00011975,0.00013019,0.000128079
8,28,21,0.0001,0.00012,0.00014,0.00013,0.00011,0.00011,0.000142987,0.00011227,0.00012587,0.000122931
8,28,22,0.0001,0.00012,0.00014,0.00013,0.00011,0.00011,0.000142487,0.00010393,0.00011482,0.000116477
8,28,23,0.0001,0.00012,0.00014,0.00013,0.00011,0.00011,0.000141487,9.59E-05,0.00010327,0.00010986
8,29,0,0.00011,0.00011,0.00011,0.00013,0.00012,0.00011,0.000134488,9.05E-05,8.00E-05,0.000104195
8,29,1,0.00011,0.00011,0.00011,0.00013,0.00012,0.00011,0.000132488,8.70E-05,7.85E-05,0.000100315
8,29,2,0.00011,0.00011,0.00012,0.00013,0.00012,0.00011,0.000129488,8.50E-05,7.98E-05,9.73E-05
8,29,3,0.00011,0.00011,0.00012,0.00012,0.00012,0.00012,0.000127488,8.57E-05,8.08E-05,9.51E-05
8,29,4,0.00011,0.00011,0.00012,0.00013,0.00012,0.00012,0.000125488,8.86E-05,8.34E-05,9.52E-05
8,29,5,0.00011,0.00011,0.00012,0.00013,0.00012,0.00012,0.000121489,9.79E-05,8.63E-05,9.79E-05
8,29,6,0.00011,0.00011,0.00012,0.00013,0.00012,0.00011,0.000118989,0.00010089,9.24E-05,9.95E-05
8,29,7,0.00011,0.00011,0.00012,0.00013,0.00012,0.00012,0.000119689,0.0001071,9.71E-05,0.000104379
8,29,8,0.00011,0.00011,0.00013,0.00013,0.00012,0.00012,0.000125488,0.00011781,0.00010045,0.000110791
8,29,9,0.00011,0.00011,0.00013,0.00013,0.00012,0.00012,0.000129988,0.00012683,0.00010296,0.000114277
8,29,10,0.00011,0.00011,0.00012,0.00013,0.00012,0.00012,0.000132488,0.00013301,0.00010079,0.000118328
8,29,11,0.00011,0.00011,0.00012,0.00013,0.00012,0.00011,0.000134488,0.00013617,0.00010143,0.000123251
8,29,12,0.00011,0.00012,0.00014,0.00013,0.00012,0.00011,0.000137987,0.00013274,9.97E-05,0.00012347
8,29,13,0.00011,0.00014,0.00016,0.00014,0.00013,0.00012,0.000138487,0.00013395,9.94E-05,0.000124496
8,29,14,0.00012,0.00013,0.00016,0.00014,0.00013,0.00012,0.000142987,0.00013663,9.96E-05,0.000125225
8,29,15,0.00012,0.00013,0.00016,0.00014,0.00012,0.00012,0.000139987,0.00013605,0.00010134,0.000124749
8,29,16,0.00011,0.00013,0.00015,0.00013,0.00012,0.00012,0.000136987,0.00013404,0.00010502,0.000122189
8,29,17,0.0001,0.00012,0.00014,0.00014,0.00012,0.00012,0.000131488,0.00013026,0.00011168,0.000120629
8,29,18,0.0001,0.00012,0.00012,0.00013,0.00011,0.00011,0.000150486,0.00014129,0.00012045,0.000129299
8,29,19,0.0001,0.00011,0.00011,0.00013,0.00011,0.00011,0.000149986,0.00014464,0.00012794,0.000131903
8,29,20,0.0001,0.00011,0.00011,0.00013,0.00011,0.00011,0.000149986,0.00014048,0.00013038,0.000128079
8,29,21,0.00009,0.00011,0.00011,0.00013,0.00011,0.00011,0.000149486,0.00013274,0.00012616,0.000122931
8,29,22,0.0001,0.00011,0.00011,0.00012,0.00011,0.00011,0.000149186,0.00012087,0.00011553,0.000116477
8,29,23,0.0001,0.0001,0.00011,0.00013,0.00011,0.00011,0.000147986,0.00011039,0.00010202,0.00010986
8,30,0,0.0001,0.0001,0.00011,0.00013,0.00011,0.00011,0.000141987,0.00010343,7.87E-05,0.000104195
8,30,1,0.00011,0.0001,0.00011,0.00012,0.00011,0.00011,0.000137987,9.96E-05,8.03E-05,0.000100315
8,30,2,0.00011,0.0001,0.00012,0.00013,0.00011,0.00011,0.000134987,9.72E-05,7.89E-05,9.73E-05
8,30,3,0.00011,0.0001,0.00011,0.00013,0.00011,0.00012,0.000129988,9.58E-05,8.01E-05,9.51E-05
8,30,4,0.00011,0.0001,0.00012,0.00012,0.00011,0.00012,0.000126988,9.96E-05,8.20E-05,9.52E-05
8,30,5,0.0001,0.0001,0.00011,0.00013,0.00011,0.00012,0.000121989,0.00010813,8.64E-05,9.79E-05
8,30,6,0.0001,0.0001,0.00012,0.00012,0.00011,0.00012,0.000117489,0.00010983,9.01E-05,9.95E-05
8,30,7,0.0001,0.0001,0.00011,0.00013,0.00012,0.00012,0.000117239,0.00011552,9.77E-05,0.000104379
8,30,8,0.0001,0.0001,0.00012,0.00013,0.00011,0.00011,0.000117489,0.00012345,9.99E-05,0.000110791
8,30,9,0.0001,0.0001,0.00012,0.00013,0.00011,0.00012,0.000118239,0.00012765,0.00010085,0.000114277
8,30,10,0.0001,0.00011,0.00012,0.00012,0.00011,0.00012,0.000118739,0.00013199,0.00010195,0.000118328
8,30,11,0.0001,0.00011,0.00012,0.00012,0.00011,0.00011,0.000124488,0.00013517,9.97E-05,0.000123251
8,30,12,0.00011,0.00012,0.00014,0.00012,0.00011,0.00011,0.000129988,0.00013109,9.92E-05,0.00012347
8,30,13,0.00011,0.00013,0.00015,0.00013,0.00012,0.00011,0.000124488,0.00013127,9.89E-05,0.000124496
8,30,14,0.00012,0.00013,0.00015,0.00013,0.00012,0.00012,0.000127688,0.00013408,9.96E-05,0.000125225
8,30,15,0.00012,0.00013,0.00015,0.00013,0.00011,0.00012,0.000124288,0.00013348,0.00010028,0.000124749
8,30,16,0.00011,0.00013,0.00014,0.00013,0.00011,0.00012,0.000118489,0.00012984,0.00010398,0.000122189
8,30,17,0.0001,0.00012,0.00013,0.00013,0.00011,0.00012,0.000113989,0.00012759,0.00011102,0.000120629
8,30,18,0.0001,0.00012,0.00013,0.00013,0.00011,0.00012,0.000138137,0.00013869,0.00012006,0.000129299
8,30,19,0.0001,0.00011,0.00011,0.00013,0.0001,0.00012,0.000140987,0.0001426,0.00012623,0.000131903
8,30,20,0.00009,0.00011,0.00011,0.00013,0.0001,0.00011,0.000141487,0.00013786,0.0001298,0.000128079
8,30,21,0.0001,0.00011,0.00011,0.00013,0.0001,0.00011,0.000143987,0.00012963,0.00012413,0.000122931
8,30,22,0.0001,0.00011,0.00011,0.00013,0.0001,0.00011,0.000146486,0.00011739,0.00011439,0.000116477
8,30,23,0.0001,0.00011,0.00011,0.00013,0.00011,0.00012,0.000147486,0.00010654,0.00010167,0.00010986
8,31,0,0.0001,0.0001,0.0001,0.00013,0.00011,0.00012,0.000142487,9.95E-05,7.96E-05,0.000104195
8,31,1,0.00011,0.0001,0.00011,0.00013,0.00012,0.00012,0.000139987,9.57E-05,7.89E-05,0.000100315
8,31,2,0.00011,0.0001,0.00011,0.00013,0.00012,0.00012,0.000135987,9.36E-05,7.89E-05,9.73E-05
8,31,3,0.00011,0.00011,0.00011,0.00013,0.00011,0.00012,0.000131988,9.31E-05,8.08E-05,9.51E-05
8,31,4,0.00011,0.00011,0.00011,0.00013,0.00011,0.00012,0.000131488,9.63E-05,8.13E-05,9.52E-05
8,31,5,0.00011,0.00011,0.00011,0.00013,0.00012,0.00013,0.000125988,0.0001047,8.66E-05,9.79E-05
8,31,6,0.0001,0.00011,0.00012,0.00013,0.00012,0.00013,0.000123489,0.00010685,9.00E-05,9.95E-05
8,31,7,0.0001,0.00011,0.00012,0.00013,0.00012,0.00012,0.000121989,0.00011262,9.62E-05,0.000104379
8,31,8,0.0001,0.0001,0.00011,0.00014,0.00012,0.00012,0.000124488,0.0001203,9.95E-05,0.000110791
8,31,9,0.0001,0.0001,0.00011,0.00014,0.00012,0.00013,0.000125488,0.00012472,0.0001009,0.000114277
8,31,10,0.0001,0.00011,0.00012,0.00013,0.00012,0.00012,0.000128988,0.00013006,0.00010153,0.000118328
8,31,11,0.00011,0.00011,0.00012,0.00013,0.00012,0.00012,0.000132488,0.00013347,0.00010036,0.000123251
8,31,12,0.00011,0.00012,0.00015,0.00013,0.00012,0.00012,0.000136487,0.00013013,9.92E-05,0.00012347
8,31,13,0.00011,0.00013,0.00015,0.00014,0.00013,0.00012,0.000136487,0.0001307,9.86E-05,0.000124496
8,31,14,0.00012,0.00014,0.00015,0.00014,0.00012,0.00012,0.000138287,0.00013329,9.76E-05,0.000125225
8,31,15,0.00012,0.00013,0.00015,0.00014,0.00012,0.00012,0.000137487,0.00013296,9.92E-05,0.000124749
8,31,16,0.00011,0.00013,0.00014,0.00014,0.00012,0.00012,0.000132488,0.00013007,0.00010314,0.000122189
8,31,17,0.0001,0.00012,0.00013,0.00014,0.00011,0.00012,0.000130488,0.00012619,0.00011112,0.000120629
8,31,18,0.0001,0.00011,0.00013,0.00013,0.00011,0.00012,0.000152236,0.00013813,0.00011883,0.000129299
8,31,19,0.0001,0.00011,0.00011,0.00013,0.00011,0.00012,0.000152486,0.00014121,0.00012671,0.000131903
8,31,20,0.0001,0.00011,0.00011,0.00013,0.00011,0.00012,0.000152486,0.00013732,0.00012839,0.000128079
8,31,21,0.0001,0.00011,0.00011,0.00013,0.00011,0.00012,0.000151986,0.00012917,0.00012359,0.000122931
8,31,22,0.0001,0.00011,0.00011,0.00013,0.00011,0.00012,0.000151486,0.00011706,0.0001131,0.000116477
8,31,23,0.0001,0.00011,0.0001,0.00013,0.00011,0.00012,0.000151486,0.0001053,0.00010084,0.00010986
1,9,0,0.00011,0.0001,0.00011,0.00013,0.00011,0.00012,7.08E-05,0.00010181,8.77E-05,0.000104195
1,9,1,0.00011,0.0001,0.00011,0.00013,0.00011,0.00012,6.78E-05,9.73E-05,8.82E-05,0.000100315
1,9,2,0.00011,0.0001,0.00011,0.00013,0.00011,0.00012,6.44E-05,9.48E-05,8.79E-05,9.73E-05
1,9,3,0.00011,0.0001,0.0001,0.00013,0.00011,0.00012,6.33E-05,9.30E-05,8.91E-05,9.51E-05
1,9,4,0.00011,0.0001,0.00011,0.00013,0.00012,0.00013,6.27E-05,9.41E-05,9.18E-05,9.52E-05
1,9,5,0.00011,0.00011,0.00011,0.00013,0.00012,0.00013,6.71E-05,9.68E-05,9.57E-05,9.79E-05
1,9,6,0.00011,0.0001,0.00011,0.00013,0.00012,0.00013,7.33E-05,9.63E-05,0.00010144,9.95E-05
1,9,7,0.00011,0.0001,0.00011,0.00013,0.00012,0.00012,8.22E-05,0.00010319,0.00010706,0.000104379
1,9,8,0.00011,0.0001,0.00011,0.00013,0.00012,0.00012,8.72E-05,0.00011149,0.00011084,0.000110791
1,9,9,0.00011,0.00011,0.00011,0.00013,0.00012,0.00012,8.85E-05,0.00011754,0.00011297,0.000114277
1,9,10,0.00011,0.0001,0.00012,0.00013,0.00012,0.00012,8.77E-05,0.00012213,0.00011463,0.000118328
1,9,11,0.00011,0.00011,0.00012,0.00013,0.00012,0.00012,9.19E-05,0.000125,0.00011202,0.000123251
1,9,12,0.00011,0.00012,0.00014,0.00013,0.00012,0.00012,9.32E-05,0.00012366,0.00011048,0.00012347
1,9,13,0.00012,0.00013,0.00014,0.00013,0.00013,0.00012,9.03E-05,0.00012129,0.00011111,0.000124496
1,9,14,0.00012,0.00013,0.00015,0.00014,0.00013,0.00012,8.50E-05,0.00011902,0.00011076,0.000125225
1,9,15,0.00012,0.00013,0.00015,0.00013,0.00013,0.00012,8.22E-05,0.00011801,0.00011148,0.000124749
1,9,16,0.00011,0.00013,0.00014,0.00013,0.00012,0.00012,8.53E-05,0.00011546,0.00011614,0.000122189
1,9,17,0.0001,0.00012,0.00013,0.00013,0.00012,0.00012,9.70E-05,0.00011553,0.0001237,0.000120629
1,9,18,0.0001,0.00012,0.00011,0.00013,0.00011,0.00012,9.75E-05,0.00013044,0.0001332,0.000129299
1,9,19,0.0001,0.00011,0.0001,0.00013,0.00011,0.00012,9.64E-05,0.00013302,0.0001427,0.000131903
1,9,20,0.0001,0.00011,0.00009,0.00013,0.00011,0.00012,9.43E-05,0.00012883,0.00014569,0.000128079
1,9,21,0.0001,0.00011,0.00009,0.00013,0.00011,0.00011,8.94E-05,0.00012178,0.00013923,0.000122931
1,9,22,0.0001,0.00011,0.00008,0.00013,0.00011,0.00011,8.29E-05,0.00011385,0.0001273,0.000116477
1,9,23,0.0001,0.00011,0.00008,0.00013,0.00011,0.00012,7.82E-05,0.00010596,0.00011413,0.00010986
2,9,0,0.00011,0.00011,0.0001,0.00013,0.00011,0.00012,8.08E-05,0.00010197,8.79E-05,0.000104195
2,9,1,0.00011,0.00011,0.0001,0.00013,0.00012,0.00012,7.63E-05,9.87E-05,8.89E-05,0.000100315
2,9,2,0.00011,0.00011,0.0001,0.00013,0.00012,0.00012,7.47E-05,9.68E-05,8.92E-05,9.73E-05
2,9,3,0.00011,0.00011,0.00009,0.00013,0.00011,0.00012,7.24E-05,9.60E-05,9.02E-05,9.51E-05
2,9,4,0.00011,0.00011,0.0001,0.00013,0.00012,0.00013,7.16E-05,9.98E-05,9.21E-05,9.52E-05
2,9,5,0.00011,0.00011,0.00009,0.00013,0.00012,0.00013,7.30E-05,0.00011025,9.55E-05,9.79E-05
2,9,6,0.00011,0.00011,0.00009,0.00013,0.00012,0.00013,7.73E-05,0.00011143,0.00010129,9.95E-05
2,9,7,0.00011,0.00011,0.0001,0.00013,0.00012,0.00012,8.29E-05,0.00011606,0.00010741,0.000104379
2,9,8,0.00011,0.00011,0.0001,0.00013,0.00012,0.00013,8.42E-05,0.00012337,0.00011228,0.000110791
2,9,9,0.00011,0.00011,0.0001,0.00014,0.00012,0.00012,8.39E-05,0.00012724,0.0001134,0.000114277
2,9,10,0.00011,0.00011,0.00011,0.00013,0.00012,0.00012,8.53E-05,0.00013218,0.00011357,0.000118328
2,9,11,0.00011,0.00011,0.00012,0.00013,0.00012,0.00012,9.11E-05,0.00013491,0.00011223,0.000123251
2,9,12,0.00012,0.00012,0.00015,0.00013,0.00012,0.00012,9.67E-05,0.00013248,0.00011219,0.00012347
2,9,13,0.00012,0.00014,0.00015,0.00013,0.00013,0.00012,8.04E-05,0.00013261,0.00011125,0.000124496
2,9,14,0.00012,0.00014,0.00014,0.00013,0.00013,0.00012,7.70E-05,0.0001356,0.00011088,0.000125225
2,9,15,0.00012,0.00014,0.00014,0.00013,0.00013,0.00012,7.50E-05,0.00013418,0.00011131,0.000124749
2,9,16,0.00011,0.00013,0.00013,0.00013,0.00012,0.00012,7.55E-05,0.00013228,0.00011688,0.000122189
2,9,17,0.00011,0.00013,0.00011,0.00013,0.00012,0.00012,8.56E-05,0.00012815,0.00012457,0.000120629
2,9,18,0.0001,0.00012,0.00011,0.00014,0.00011,0.00012,9.31E-05,0.00013863,0.00013414,0.000129299
2,9,19,0.0001,0.00012,0.00009,0.00014,0.00011,0.00012,9.23E-05,0.00014438,0.00014317,0.000131903
2,9,20,0.0001,0.00012,0.00009,0.00013,0.00011,0.00012,9.18E-05,0.00014063,0.00014586,0.000128079
2,9,21,0.0001,0.00012,0.00009,0.00013,0.00011,0.00012,8.82E-05,0.00013211,0.00014017,0.000122931
2,9,22,0.0001,0.00012,0.00009,0.00013,0.00011,0.00012,8.32E-05,0.00012078,0.00012837,0.000116477
2,9,23,0.00011,0.00012,0.00009,0.00013,0.00011,0.00012,7.83E-05,0.00010978,0.00011233,0.00010986
3,9,0,0.00011,0.00011,0.00009,0.00013,0.00012,0.00012,8.73E-05,9.61E-05,8.84E-05,0.000104195
3,9,1,0.00011,0.00011,0.0001,0.00013,0.00012,0.00012,8.45E-05,9.20E-05,8.87E-05,0.000100315
3,9,2,0.00012,0.00011,0.00011,0.00013,0.00012,0.00012,8.22E-05,8.96E-05,8.81E-05,9.73E-05
3,9,3,0.00012,0.00011,0.0001,0.00013,0.00012,0.00013,7.86E-05,8.94E-05,8.92E-05,9.51E-05
3,9,4,0.00012,0.00011,0.0001,0.00013,0.00012,0.00013,7.90E-05,9.21E-05,9.29E-05,9.52E-05
3,9,5,0.00012,0.00012,0.0001,0.00013,0.00012,0.00013,8.01E-05,0.00010278,9.58E-05,9.79E-05
3,9,6,0.00011,0.00012,0.0001,0.00013,0.00012,0.00013,8.93E-05,0.0001026,0.00010133,9.95E-05
3,9,7,0.00011,0.00012,0.0001,0.00013,0.00012,0.00012,9.42E-05,0.00010625,0.00010724,0.000104379
3,9,8,0.00011,0.00012,0.0001,0.00013,0.00012,0.00012,9.53E-05,0.00011348,0.00011249,0.000110791
3,9,9,0.00011,0.00012,0.00011,0.00013,0.00012,0.00013,9.36E-05,0.00011925,0.00011391,0.000114277
3,9,10,0.00012,0.00012,0.00012,0.00013,0.00012,0.00013,9.66E-05,0.00012507,0.00011316,0.000118328
3,9,11,0.00012,0.00012,0.00013,0.00013,0.00012,0.00012,1.00E-04,0.00012947,0.00011323,0.000123251
3,9,12,0.00012,0.00013,0.00015,0.00013,0.00012,0.00012,0.00010309,0.00012588,0.00011109,0.00012347
3,9,13,0.00012,0.00014,0.00015,0.00014,0.00013,0.00012,0.000101991,0.00012632,0.00011146,0.000124496
3,9,14,0.00012,0.00014,0.00015,0.00014,0.00013,0.00013,0.000100091,0.00012987,0.00011126,0.000125225
3,9,15,0.00012,0.00014,0.00015,0.00014,0.00013,0.00013,0.000100591,0.00013083,0.00011271,0.000124749
3,9,16,0.00011,0.00013,0.00014,0.00014,0.00012,0.00012,9.95E-05,0.00012921,0.00011736,0.000122189
3,9,17,0.00011,0.00013,0.00013,0.00013,0.00012,0.00012,0.00010439,0.00012571,0.00012479,0.000120629
3,9,18,0.0001,0.00013,0.00008,0.00014,0.00012,0.00012,0.000117614,0.0001342,0.00013596,0.000129299
3,9,19,0.0001,0.00012,0.0001,0.00013,0.00011,0.00012,0.000115989,0.00013909,0.00014269,0.000131903
3,9,20,0.0001,0.00012,0.0001,0.00013,0.00011,0.00012,0.00011269,0.00013433,0.00014582,0.000128079
3,9,21,0.0001,0.00012,0.0001,0.00013,0.00011,0.00012,0.00010689,0.00012565,0.00014028,0.000122931
3,9,22,0.0001,0.00012,0.0001,0.00013,0.00011,0.00012,0.00010284,0.00011286,0.00012789,0.000116477
3,9,23,0.00011,0.00012,0.0001,0.00013,0.00011,0.00012,9.82E-05,0.00010221,0.00011624,0.00010986
4,9,0,0.00011,0.00012,0.0001,0.00013,0.00012,0.00012,0.000114989,9.75E-05,8.88E-05,0.000104195
4,9,1,0.00011,0.00012,0.00011,0.00013,0.00012,0.00012,0.00011049,9.38E-05,8.78E-05,0.000100315
4,9,2,0.00012,0.00012,0.00011,0.00013,0.00012,0.00012,0.00011099,9.14E-05,9.05E-05,9.73E-05
4,9,3,0.00012,0.00012,0.0001,0.00013,0.00012,0.00012,0.00010899,8.99E-05,9.09E-05,9.51E-05
4,9,4,0.00012,0.00012,0.00011,0.00013,0.00012,0.00013,9.85E-05,9.06E-05,9.25E-05,9.52E-05
4,9,5,0.00012,0.00012,0.00011,0.00013,0.00012,0.00013,8.93E-05,9.32E-05,9.72E-05,9.79E-05
4,9,6,0.00011,0.00012,0.00011,0.00013,0.00012,0.00012,8.85E-05,9.41E-05,0.00010289,9.95E-05
4,9,7,0.00011,0.00012,0.00011,0.00013,0.00012,0.00012,8.97E-05,0.00010107,0.00010841,0.000104379
4,9,8,0.00011,0.00012,0.00011,0.00013,0.00012,0.00012,9.50E-05,0.00010975,0.00011322,0.000110791
4,9,9,0.00011,0.00012,0.00012,0.00013,0.00012,0.00013,9.95E-05,0.00011637,0.00011244,0.000114277
4,9,10,0.00011,0.00012,0.00011,0.00013,0.00012,0.00013,0.000102191,0.00011933,0.00011337,0.000118328
4,9,11,0.00012,0.00012,0.00012,0.00013,0.00012,0.00012,0.0001054,0.00012215,0.00011189,0.000123251
4,9,12,0.00012,0.00013,0.00015,0.00013,0.00012,0.00012,0.00011062,0.0001206,0.00011205,0.00012347
4,9,13,0.00012,0.00014,0.00014,0.00014,0.00013,0.00013,0.000113989,0.00011728,0.00011104,0.000124496
4,9,14,0.00012,0.00014,0.00014,0.00014,0.00013,0.00013,0.000114389,0.00011487,0.00011154,0.000125225
4,9,15,0.00012,0.00014,0.00014,0.00014,0.00013,0.00013,0.000114149,0.00011213,0.00011383,0.000124749
4,9,16,0.00011,0.00014,0.00013,0.00014,0.00012,0.00012,0.000113349,0.00011,0.00011687,0.000122189
4,9,17,0.00011,0.00013,0.00012,0.00014,0.00012,0.00012,0.000115709,0.00011068,0.00012505,0.000120629
4,9,18,0.0001,0.00013,0.00011,0.00014,0.00011,0.00012,0.000125038,0.000123,0.00013527,0.000129299
4,9,19,0.0001,0.00012,0.0001,0.00014,0.00011,0.00012,0.000125258,0.00012794,0.00014411,0.000131903
4,9,20,0.0001,0.00012,0.0001,0.00013,0.00011,0.00012,0.000127278,0.00012369,0.0001474,0.000128079
4,9,21,0.0001,0.00012,0.0001,0.00013,0.00011,0.00012,0.000126598,0.00011701,0.00014054,0.000122931
4,9,22,0.0001,0.00012,0.0001,0.00013,0.00011,0.00011,0.000123959,0.0001083,0.0001279,0.000116477
4,9,23,0.0001,0.00012,0.0001,0.00013,0.00011,0.00012,0.000120969,9.91E-05,0.00011401,0.00010986
5,9,0,0.00011,0.00011,0.0001,0.00013,0.00011,0.00012,0.00011193,8.22E-05,8.93E-05,0.000104195
5,9,1,0.00011,0.00012,0.00011,0.00013,0.00012,0.00012,0.00010863,7.86E-05,8.85E-05,0.000100315
5,9,2,0.00011,0.00011,0.0001,0.00013,0.00012,0.00012,0.00010537,7.72E-05,8.88E-05,9.73E-05
5,9,3,0.00011,0.00011,0.0001,0.00013,0.00012,0.00013,0.000101811,7.64E-05,9.03E-05,9.51E-05
5,9,4,0.00011,0.00011,0.00011,0.00013,0.00012,0.00013,9.97E-05,7.65E-05,9.34E-05,9.52E-05
5,9,5,0.00011,0.00012,0.0001,0.00013,0.00012,0.00013,9.60E-05,7.60E-05,9.65E-05,9.79E-05
5,9,6,0.00011,0.00012,0.0001,0.00013,0.00012,0.00013,9.99E-05,7.58E-05,0.00010259,9.95E-05
5,9,7,0.00011,0.00012,0.0001,0.00013,0.00012,0.00013,0.000101221,8.19E-05,0.00010804,0.000104379
5,9,8,0.00011,0.00012,0.00011,0.00013,0.00012,0.00013,0.00010764,9.00E-05,0.00011327,0.000110791
5,9,9,0.00011,0.00012,0.00011,0.00013,0.00011,0.00013,0.000114529,9.67E-05,0.00011411,0.000114277
5,9,10,0.00011,0.00011,0.00011,0.00013,0.00011,0.00013,0.000117099,0.00010237,0.00011304,0.000118328
5,9,11,0.00011,0.00011,0.00012,0.00013,0.00012,0.00012,0.000122399,0.00010572,0.0001126,0.000123251
5,9,12,0.00011,0.00013,0.00016,0.00012,0.00012,0.00012,0.000124908,0.000107,0.00011227,0.00012347
5,9,13,0.00012,0.00014,0.00016,0.00014,0.00013,0.00013,0.000126138,0.00010595,0.00011168,0.000124496
5,9,14,0.00012,0.00014,0.00015,0.00014,0.00012,0.00013,0.000125988,0.00010313,0.00011015,0.000125225
5,9,15,0.00012,0.00014,0.00016,0.00014,0.00012,0.00013,0.000122989,0.00010192,0.00011382,0.000124749
5,9,16,0.00011,0.00013,0.00015,0.00014,0.00012,0.00012,0.000117089,0.00010034,0.00011813,0.000122189
5,9,17,0.0001,0.00013,0.00015,0.00014,0.00011,0.00013,0.00011069,0.00010067,0.00012419,0.000120629
5,9,18,0.0001,0.00012,0.00015,0.00014,0.00011,0.00012,0.000123524,0.00011768,0.00013629,0.000129299
5,9,19,0.0001,0.00012,0.00013,0.00013,0.00011,0.00012,0.000123339,0.00012232,0.00014454,0.000131903
5,9,20,0.0001,0.00012,0.00013,0.00013,0.0001,0.00012,0.000121529,0.00011761,0.00014616,0.000128079
5,9,21,0.0001,0.00012,0.0001,0.00013,0.0001,0.00012,0.000120319,0.00010952,0.00014147,0.000122931
5,9,22,0.0001,0.00012,0.0001,0.00013,0.0001,0.00012,0.000118629,9.92E-05,0.00012961,0.000116477
5,9,23,0.0001,0.00011,0.0001,0.00013,0.0001,0.00012,0.000118749,8.82E-05,0.00011533,0.00010986
6,9,0,0.0001,0.00011,0.0001,0.00013,0.00011,0.00012,0.000156985,9.59E-05,8.82E-05,0.000104195
6,9,1,0.00011,0.0001,0.0001,0.00013,0.00011,0.00012,0.000150686,9.28E-05,8.93E-05,0.000100315
6,9,2,0.00011,0.0001,0.0001,0.00012,0.00011,0.00012,0.000147986,8.95E-05,8.97E-05,9.73E-05
6,9,3,0.00011,0.00011,0.00011,0.00013,0.00011,0.00013,0.000142987,8.91E-05,9.01E-05,9.51E-05
6,9,4,0.00011,0.00011,0.0001,0.00013,0.00011,0.00013,0.000139787,9.27E-05,9.14E-05,9.52E-05
6,9,5,0.0001,0.00011,0.0001,0.00013,0.00011,0.00013,0.000128988,0.0001001,9.64E-05,9.79E-05
6,9,6,0.0001,0.00011,0.0001,0.00013,0.00011,0.00013,0.000128288,0.00010235,0.00010318,9.95E-05
6,9,7,0.0001,0.0001,0.00011,0.00013,0.00011,0.00012,0.000128488,0.00010837,0.00010742,0.000104379
6,9,8,0.0001,0.0001,0.00011,0.00013,0.00011,0.00012,0.000129488,0.0001159,0.00011339,0.000110791
6,9,9,0.0001,0.0001,0.00011,0.00013,0.0001,0.00013,0.000134488,0.00012051,0.00011465,0.000114277
6,9,10,0.0001,0.0001,0.00011,0.00013,0.0001,0.00013,0.000134987,0.00012495,0.00011361,0.000118328
6,9,11,0.00011,0.00011,0.00011,0.00012,0.0001,0.00012,0.000138487,0.00012912,0.00011322,0.000123251
6,9,12,0.00011,0.00012,0.00015,0.00012,0.0001,0.00012,0.000140487,0.00012609,0.00011224,0.00012347
6,9,13,0.00011,0.00013,0.00015,0.00013,0.00012,0.00012,0.000142987,0.0001269,0.00011169,0.000124496
6,9,14,0.00012,0.00013,0.00014,0.00014,0.00012,0.00012,0.000145487,0.00012983,0.00011109,0.000125225
6,9,15,0.00012,0.00013,0.00014,0.00013,0.00011,0.00012,0.000143987,0.0001296,0.00011257,0.000124749
6,9,16,0.00011,0.00013,0.00014,0.00013,0.00011,0.00012,0.000138487,0.00012793,0.00011764,0.000122189
6,9,17,0.0001,0.00012,0.00012,0.00013,0.0001,0.00012,0.000134987,0.00012468,0.00012577,0.000120629
6,9,18,0.0001,0.00012,0.0001,0.00014,0.0001,0.00012,0.000153736,0.00013352,0.00013636,0.000129299
6,9,19,0.0001,0.00011,0.0001,0.00014,0.00009,0.00012,0.000157985,0.00013829,0.00014478,0.000131903
6,9,20,0.0001,0.00011,0.0001,0.00013,0.00009,0.00012,0.000158985,0.00013479,0.0001455,0.000128079
6,9,21,0.0001,0.00011,0.0001,0.00013,0.00009,0.00012,0.000157985,0.00012617,0.00014169,0.000122931
6,9,22,0.0001,0.00011,0.00009,0.00013,0.00009,0.00012,0.000157985,0.00011457,0.00013005,0.000116477
6,9,23,0.0001,0.00011,0.0001,0.00013,0.0001,0.00012,0.000156985,0.0001045,0.00011564,0.00010986
7,9,0,0.00011,0.0001,0.0001,0.00013,0.0001,0.00012,0.000148986,0.00010381,8.90E-05,0.000104195
7,9,1,0.00011,0.0001,0.0001,0.00013,0.00011,0.00012,0.000145187,9.96E-05,8.79E-05,0.000100315
7,9,2,0.00011,0.00011,0.0001,0.00013,0.00011,0.00012,0.000141487,9.64E-05,8.94E-05,9.73E-05
7,9,3,0.00011,0.00011,0.00009,0.00013,0.00011,0.00012,0.000138987,9.56E-05,9.13E-05,9.51E-05
7,9,4,0.00011,0.00011,0.0001,0.00013,0.00011,0.00012,0.000136487,9.64E-05,9.23E-05,9.52E-05
7,9,5,0.00011,0.00011,0.00009,0.00014,0.00011,0.00012,0.000131188,9.68E-05,9.70E-05,9.79E-05
7,9,6,0.0001,0.00011,0.0001,0.00014,0.00011,0.00012,0.000128988,9.77E-05,0.0001035,9.95E-05
7,9,7,0.0001,0.00011,0.0001,0.00013,0.00011,0.00012,0.000128888,0.00010615,0.00010875,0.000104379
7,9,8,0.0001,0.0001,0.0001,0.00013,0.0001,0.00012,0.000130188,0.00011505,0.00011243,0.000110791
7,9,9,0.0001,0.0001,0.0001,0.00013,0.0001,0.00012,0.000135987,0.00012097,0.00011412,0.000114277
7,9,10,0.0001,0.0001,0.0001,0.00013,0.0001,0.00012,0.000138987,0.00012501,0.00011435,0.000118328
7,9,11,0.00011,0.00011,0.00011,0.00013,0.0001,0.00012,0.000140987,0.00012777,0.00011327,0.000123251
7,9,12,0.00011,0.00013,0.00015,0.00013,0.00011,0.00012,0.000142987,0.00012643,0.00011251,0.00012347
7,9,13,0.00011,0.00014,0.00015,0.00014,0.00012,0.00013,0.000140987,0.00012347,0.00011189,0.000124496
7,9,14,0.00012,0.00014,0.00015,0.00014,0.00012,0.00013,0.000141987,0.00012132,0.00011254,0.000125225
7,9,15,0.00012,0.00013,0.00015,0.00014,0.00011,0.00013,0.000142987,0.00011951,0.0001139,0.000124749
7,9,16,0.00011,0.00013,0.00015,0.00014,0.00011,0.00013,0.000138987,0.00011621,0.00011873,0.000122189
7,9,17,0.0001,0.00013,0.00014,0.00014,0.0001,0.00012,0.000132788,0.00011542,0.00012638,0.000120629
7,9,18,0.0001,0.00012,0.00012,0.00014,0.0001,0.00012,0.000147736,0.00012532,0.00013528,0.000129299
7,9,19,0.0001,0.00012,0.00011,0.00014,0.0001,0.00012,0.000151986,0.00013348,0.00014497,0.000131903
7,9,20,0.0001,0.00012,0.00012,0.00014,0.00009,0.00012,0.000154486,0.00013027,0.00014726,0.000128079
7,9,21,0.0001,0.00012,0.00011,0.00014,0.00009,0.00012,0.000153486,0.00012317,0.00014138,0.000122931
7,9,22,0.0001,0.00011,0.00011,0.00013,0.00009,0.00012,0.000153986,0.00011325,0.00012956,0.000116477
7,9,23,0.0001,0.00011,0.0001,0.00014,0.0001,0.00012,0.000152986,0.00010596,0.00011516,0.00010986
8,9,0,0.00011,0.00011,0.00011,0.00014,0.0001,0.00012,0.000133988,0.00010449,8.81E-05,0.000104195
8,9,1,0.00011,0.0001,0.00011,0.00013,0.00011,0.00013,0.000132788,0.00010069,8.98E-05,0.000100315
8,9,2,0.00011,0.00011,0.00011,0.00013,0.00011,0.00013,0.000126988,9.83E-05,9.00E-05,9.73E-05
8,9,3,0.00011,0.00011,0.00011,0.00013,0.00011,0.00013,0.000124188,9.69E-05,9.03E-05,9.51E-05
8,9,4,0.00011,0.00011,0.00011,0.00013,0.00011,0.00013,0.000121289,0.00010053,9.43E-05,9.52E-05
8,9,5,0.00011,0.00011,0.00011,0.00014,0.00011,0.00013,0.000113489,0.00010866,9.75E-05,9.79E-05
8,9,6,0.00011,0.00011,0.00011,0.00014,0.00011,0.00013,0.00010849,0.0001104,0.00010281,9.95E-05
8,9,7,0.00011,0.00011,0.00011,0.00014,0.00011,0.00013,0.00010829,0.00011651,0.00010938,0.000104379
8,9,8,0.00011,0.00011,0.00011,0.00014,0.00011,0.00013,0.00010649,0.00012454,0.00011407,0.000110791
8,9,9,0.00011,0.00011,0.00012,0.00014,0.00011,0.00013,0.00010619,0.00012981,0.00011497,0.000114277
8,9,10,0.00011,0.00011,0.00011,0.00014,0.00011,0.00013,0.00010589,0.00013458,0.00011404,0.000118328
8,9,11,0.00011,0.00011,0.00012,0.00013,0.00011,0.00012,0.00011099,0.00013705,0.00011483,0.000123251
8,9,12,0.00011,0.00013,0.00015,0.00013,0.00011,0.00012,0.000117689,0.00013393,0.00011242,0.00012347
8,9,13,0.00012,0.00013,0.00015,0.00014,0.00013,0.00013,0.00011112,0.00013499,0.00011132,0.000124496
8,9,14,0.00012,0.00013,0.00016,0.00014,0.00012,0.00013,0.00011219,0.00013813,0.00011183,0.000125225
8,9,15,0.00012,0.00014,0.00016,0.00014,0.00012,0.00013,0.00011039,0.00013823,0.00011323,0.000124749
8,9,16,0.00011,0.00013,0.00015,0.00014,0.00012,0.00013,0.00010559,0.00013593,0.00011732,0.000122189
8,9,17,0.0001,0.00013,0.00014,0.00014,0.00011,0.00012,0.000101951,0.0001312,0.00012618,0.000120629
8,9,18,0.0001,0.00012,0.00015,0.00014,0.0001,0.00012,0.000126338,0.00013932,0.00013692,0.000129299
8,9,19,0.0001,0.00012,0.00014,0.00014,0.0001,0.00012,0.000130488,0.00014486,0.00014449,0.000131903
8,9,20,0.0001,0.00012,0.00014,0.00014,0.0001,0.00012,0.000133788,0.00014084,0.00014615,0.000128079
8,9,21,0.0001,0.00012,0.00014,0.00013,0.0001,0.00012,0.000132788,0.00013255,0.00014122,0.000122931
8,9,22,0.0001,0.00012,0.00014,0.00013,0.00009,0.00012,0.000133588,0.00011996,0.00012838,0.000116477
8,9,23,0.00011,0.00012,0.00014,0.00014,0.0001,0.00012,0.000132688,0.0001097,0.00011501,0.00010986
9,9,0,0.00011,0.00011,0.00011,0.00014,0.0001,0.00012,0.000151986,9.98E-05,8.98E-05,0.000104195
9,9,1,0.00011,0.00011,0.00012,0.00013,0.00011,0.00012,0.000148986,9.58E-05,9.09E-05,0.000100315
9,9,2,0.00011,0.00011,0.00012,0.00013,0.00011,0.00012,0.000147486,9.36E-05,9.06E-05,9.73E-05
9,9,3,0.00011,0.00011,0.00011,0.00013,0.00011,0.00012,0.000145986,9.40E-05,9.01E-05,9.51E-05
9,9,4,0.00011,0.00012,0.00011,0.00013,0.00011,0.00013,0.000143987,9.66E-05,9.29E-05,9.52E-05
9,9,5,0.00011,0.00012,0.00012,0.00014,0.00011,0.00013,0.000137987,0.00010355,9.83E-05,9.79E-05
9,9,6,0.00011,0.00011,0.00012,0.00014,0.00011,0.00013,0.000134987,0.00010488,0.00010439,9.95E-05
9,9,7,0.00011,0.00012,0.00012,0.00014,0.00011,0.00013,0.000132488,0.00011017,0.0001095,0.000104379
9,9,8,0.00011,0.00011,0.00012,0.00014,0.00011,0.00013,0.000133988,0.00012141,0.00011356,0.000110791
9,9,9,0.00011,0.00012,0.00012,0.00014,0.00011,0.00013,0.000134987,0.00012636,0.00011625,0.000114277
9,9,10,0.00011,0.00012,0.00011,0.00013,0.00011,0.00013,0.000137987,0.00013161,0.00011431,0.000118328
9,9,11,0.00012,0.00012,0.00011,0.00013,0.00011,0.00013,0.000141987,0.00013438,0.00011366,0.000123251
9,9,12,0.00012,0.00012,0.00014,0.00013,0.00011,0.00013,0.000144987,0.00013067,0.00011296,0.00012347
9,9,13,0.00012,0.00014,0.00015,0.00014,0.00012,0.00013,0.000146486,0.0001312,0.00011206,0.000124496
9,9,14,0.00012,0.00014,0.00015,0.00014,0.00012,0.00013,0.000147486,0.00013366,0.00011263,0.000125225
9,9,15,0.00012,0.00014,0.00016,0.00014,0.00012,0.00013,0.000146486,0.00013382,0.00011416,0.000124749
9,9,16,0.00011,0.00014,0.00016,0.00014,0.00012,0.00013,0.000144987,0.00013182,0.00011852,0.000122189
9,9,17,0.00011,0.00013,0.00016,0.00014,0.00011,0.00012,0.000141987,0.00012904,0.0001259,0.000120629
9,9,18,0.0001,0.00012,0.00015,0.00014,0.0001,0.00012,0.000155986,0.00014108,0.00013712,0.000129299
9,9,19,0.0001,0.00012,0.00014,0.00014,0.0001,0.00012,0.000158985,0.00014326,0.00014527,0.000131903
9,9,20,0.0001,0.00012,0.00014,0.00014,0.0001,0.00011,0.000160985,0.00013884,0.00014702,0.000128079
9,9,21,0.0001,0.00012,0.00013,0.00014,0.0001,0.00011,0.000158985,0.00012798,0.00014076,0.000122931
9,9,22,0.0001,0.00012,0.00013,0.00013,0.00009,0.00011,0.000157985,0.0001207,0.00013019,0.000116477
9,9,23,0.00011,0.00012,0.00013,0.00014,0.0001,0.00012,0.000156985,0.00011057,0.00011505,0.00010986
10,9,0,0.00011,0.00011,0.00014,0.00014,0.0001,0.00012,0.000129988,9.63E-05,9.08E-05,0.000104195
10,9,1,0.00011,0.00011,0.00012,0.00013,0.00011,0.00012,0.000124488,9.23E-05,8.88E-05,0.000100315
10,9,2,0.00012,0.00012,0.00011,0.00013,0.00011,0.00012,0.000121989,8.94E-05,9.03E-05,9.73E-05
10,9,3,0.00012,0.00012,0.00011,0.00013,0.00011,0.00013,0.000117989,8.78E-05,9.09E-05,9.51E-05
10,9,4,0.00012,0.00012,0.00011,0.00013,0.00011,0.00013,0.000116989,8.70E-05,9.38E-05,9.52E-05
10,9,5,0.00012,0.00012,0.00011,0.00014,0.00011,0.00013,0.00011199,8.55E-05,9.73E-05,9.79E-05
10,9,6,0.00012,0.00012,0.00011,0.00014,0.00011,0.00013,0.00011229,8.33E-05,0.00010332,9.95E-05
10,9,7,0.00012,0.00011,0.00011,0.00014,0.00011,0.00013,0.00011149,8.76E-05,0.00010937,0.000104379
10,9,8,0.00011,0.00011,0.00012,0.00014,0.00011,0.00013,0.000115989,9.31E-05,0.00011384,0.000110791
10,9,9,0.00012,0.00012,0.00012,0.00014,0.00011,0.00013,0.000119289,9.75E-05,0.00011511,0.000114277
10,9,10,0.00012,0.00012,0.00011,0.00014,0.00011,0.00012,0.000123989,0.00010074,0.00011554,0.000118328
10,9,11,0.00012,0.00012,0.00013,0.00013,0.00011,0.00013,0.000126788,0.00010387,0.00011316,0.000123251
10,9,12,0.00012,0.00013,0.00015,0.00013,0.00011,0.00013,0.000129488,0.000105,0.00011393,0.00012347
10,9,13,0.00012,0.00014,0.00016,0.00014,0.00012,0.00013,0.000125588,0.00010371,0.0001135,0.000124496
10,9,14,0.00013,0.00014,0.00016,0.00014,0.00012,0.00013,0.000123489,0.00010178,0.00011341,0.000125225
10,9,15,0.00012,0.00014,0.00016,0.00014,0.00012,0.00013,0.000117989,0.00010088,0.00011548,0.000124749
10,9,16,0.00012,0.00014,0.00015,0.00014,0.00011,0.00013,0.000116989,0.0001003,0.00011759,0.000122189
10,9,17,0.00011,0.00013,0.00014,0.00014,0.0001,0.00013,0.000127788,0.00010509,0.00012761,0.000120629
10,9,18,0.00011,0.00013,0.00012,0.00014,0.0001,0.00012,0.000133783,0.00012149,0.00013594,0.000129299
10,9,19,0.0001,0.00012,0.00012,0.00014,0.0001,0.00012,0.000131948,0.00012341,0.00014505,0.000131903
10,9,20,0.0001,0.00012,0.00012,0.00014,0.0001,0.00012,0.000131758,0.00012044,0.00014752,0.000128079
10,9,21,0.0001,0.00012,0.00012,0.00013,0.00009,0.00012,0.000131118,0.00011465,0.00014256,0.000122931
10,9,22,0.00011,0.00012,0.00012,0.00013,0.00009,0.00012,0.000129988,0.0001067,0.00012986,0.000116477
10,9,23,0.00011,0.00012,0.00012,0.00013,0.0001,0.00012,0.000126988,9.93E-05,0.00011685,0.00010986
11,9,0,0.00011,0.00011,0.00013,0.00013,0.0001,0.00012,9.63E-05,9.87E-05,8.93E-05,0.000104195
11,9,1,0.00011,0.00011,0.00012,0.00013,0.00011,0.00013,9.26E-05,9.54E-05,8.98E-05,0.000100315
11,9,2,0.00012,0.00011,0.00012,0.00013,0.00011,0.00013,8.84E-05,9.34E-05,9.07E-05,9.73E-05
11,9,3,0.00012,0.00011,0.00011,0.00013,0.00011,0.00013,8.50E-05,9.28E-05,9.04E-05,9.51E-05
11,9,4,0.00012,0.00012,0.00011,0.00013,0.00011,0.00013,8.41E-05,9.73E-05,9.49E-05,9.52E-05
11,9,5,0.00012,0.00012,0.00011,0.00014,0.00011,0.00013,8.39E-05,0.00010539,9.70E-05,9.79E-05
11,9,6,0.00012,0.00012,0.00011,0.00014,0.00012,0.00013,8.72E-05,0.00010802,0.00010445,9.95E-05
11,9,7,0.00011,0.00012,0.0001,0.00014,0.00011,0.00013,8.91E-05,0.00011468,0.00010955,0.000104379
11,9,8,0.00011,0.00011,0.00011,0.00014,0.00011,0.00013,8.99E-05,0.00012251,0.00011303,0.000110791
11,9,9,0.00011,0.00012,0.00011,0.00014,0.00011,0.00013,9.04E-05,0.00012711,0.00011591,0.000114277
11,9,10,0.00012,0.00012,0.0001,0.00013,0.00011,0.00012,9.56E-05,0.0001324,0.00011444,0.000118328
11,9,11,0.00012,0.00011,0.00011,0.00013,0.00011,0.00012,0.00010292,0.00013483,0.0001144,0.000123251
11,9,12,0.00012,0.00013,0.00015,0.00013,0.00011,0.00012,0.00010749,0.00013094,0.00011267,0.00012347
11,9,13,0.00012,0.00013,0.00015,0.00014,0.00012,0.00013,0.00010532,0.00013282,0.00011221,0.000124496
11,9,14,0.00012,0.00013,0.00016,0.00014,0.00012,0.00013,0.00010707,0.00013571,0.00011282,0.000125225
11,9,15,0.00012,0.00013,0.00016,0.00014,0.00012,0.00013,0.00010448,0.00013546,0.0001135,0.000124749
11,9,16,0.00011,0.00013,0.00017,0.00014,0.00011,0.00012,0.00010776,0.00013339,0.00011865,0.000122189
11,9,17,0.00011,0.00012,0.00016,0.00014,0.00011,0.00012,0.000123289,0.00013547,0.00012803,0.000120629
11,9,18,0.0001,0.00012,0.00013,0.00014,0.0001,0.00012,0.000121069,0.00014696,0.0001368,0.000129299
11,9,19,0.0001,0.00012,0.00012,0.00014,0.0001,0.00012,0.000117319,0.00014578,0.00014508,0.000131903
11,9,20,0.0001,0.00012,0.00012,0.00014,0.0001,0.00012,0.000114619,0.00014066,0.0001476,0.000128079
11,9,21,0.0001,0.00012,0.00012,0.00014,0.0001,0.00011,0.00011207,0.00013069,0.00014251,0.000122931
11,9,22,0.0001,0.00012,0.00012,0.00014,0.0001,0.00011,0.00011,0.00011876,0.00013006,0.000116477
11,9,23,0.00011,0.00013,0.00011,0.00014,0.0001,0.00012,0.00010661,0.00010791,0.00011701,0.00010986
12,9,0,0.00011,0.00012,0.00011,0.00014,0.0001,0.00012,7.81E-05,9.55E-05,8.91E-05,0.000104195
12,9,1,0.00011,0.00011,0.00011,0.00013,0.00011,0.00012,7.31E-05,9.21E-05,8.79E-05,0.000100315
12,9,2,0.00011,0.00011,0.00012,0.00013,0.00011,0.00012,6.98E-05,9.02E-05,8.94E-05,9.73E-05
12,9,3,0.00011,0.00012,0.00011,0.00013,0.00011,0.00012,6.84E-05,8.97E-05,9.13E-05,9.51E-05
12,9,4,0.00011,0.00012,0.00011,0.00013,0.00011,0.00013,6.81E-05,9.27E-05,9.37E-05,9.52E-05
12,9,5,0.00011,0.00012,0.00011,0.00014,0.00011,0.00013,7.06E-05,9.75E-05,9.84E-05,9.79E-05
12,9,6,0.00011,0.00011,0.00012,0.00014,0.00011,0.00013,7.63E-05,0.0001009,0.00010307,9.95E-05
12,9,7,0.00011,0.00011,0.0001,0.00014,0.00011,0.00012,8.62E-05,0.00011039,0.00010735,0.000104379
12,9,8,0.00011,0.00011,0.00011,0.00014,0.00011,0.00012,8.69E-05,0.00011869,0.00011412,0.000110791
12,9,9,0.00011,0.00011,0.00011,0.00014,0.00011,0.00013,8.63E-05,0.00012299,0.00011519,0.000114277
12,9,10,0.00011,0.00011,0.00011,0.00014,0.00011,0.00012,8.89E-05,0.00012867,0.00011495,0.000118328
12,9,11,0.00011,0.00011,0.00012,0.00013,0.00011,0.00012,9.38E-05,0.00013244,0.00011523,0.000123251
12,9,12,0.00011,0.00013,0.00014,0.00013,0.00011,0.00012,9.77E-05,0.00013004,0.00011156,0.00012347
12,9,13,0.00012,0.00014,0.00015,0.00014,0.00012,0.00013,9.25E-05,0.00012888,0.00011252,0.000124496
12,9,14,0.00012,0.00013,0.00015,0.00014,0.00012,0.00013,8.94E-05,0.0001303,0.00011251,0.000125225
12,9,15,0.00012,0.00014,0.00015,0.00014,0.00011,0.00013,8.86E-05,0.00013091,0.00011429,0.000124749
12,9,16,0.00011,0.00013,0.00014,0.00014,0.00011,0.00012,9.28E-05,0.00012864,0.00011898,0.000122189
12,9,17,0.0001,0.00013,0.00013,0.00015,0.00011,0.00012,0.00010266,0.00012991,0.00012694,0.000120629
12,9,18,0.0001,0.00012,0.00012,0.00015,0.0001,0.00012,0.000100516,0.00014214,0.00013698,0.000129299
12,9,19,0.0001,0.00012,0.00012,0.00015,0.0001,0.00012,9.91E-05,0.00014149,0.0001461,0.000131903
12,9,20,0.0001,0.00012,0.00012,0.00014,0.0001,0.00012,9.71E-05,0.00013593,0.00014644,0.000128079
12,9,21,0.0001,0.00012,0.00011,0.00014,0.0001,0.00012,9.19E-05,0.00012688,0.00014393,0.000122931
12,9,22,0.0001,0.00012,0.00011,0.00014,0.0001,0.00012,8.70E-05,0.00011613,0.00012958,0.000116477
12,9,23,0.0001,0.00011,0.00011,0.00014,0.0001,0.00012,8.25E-05,0.00010628,0.00011712,0.00010986
9,13,0,0.0001,0.00011,0.00011,0.00014,0.0001,0.00012,0.000146486,9.74E-05,9.04E-05,0.000104195
9,13,1,0.00011,0.0001,0.00011,0.00013,0.0001,0.00012,0.000143987,9.46E-05,8.85E-05,0.000100315
9,13,2,0.00011,0.0001,0.00011,0.00013,0.0001,0.00012,0.000142987,9.24E-05,9.02E-05,9.73E-05
9,13,3,0.00011,0.0001,0.00012,0.00013,0.00011,0.00012,0.000140987,9.18E-05,9.16E-05,9.51E-05
9,13,4,0.00011,0.00011,0.00012,0.00014,0.00011,0.00012,0.000137987,9.58E-05,9.42E-05,9.52E-05
9,13,5,0.00011,0.00011,0.00012,0.00014,0.00011,0.00012,0.000130988,0.00010456,9.74E-05,9.79E-05
9,13,6,0.0001,0.00011,0.00012,0.00014,0.00011,0.00012,0.000126488,0.00010615,0.00010574,9.95E-05
9,13,7,0.0001,0.00011,0.00011,0.00014,0.00011,0.00012,0.000124488,0.0001123,0.00011019,0.000104379
9,13,8,0.0001,0.00011,0.00012,0.00014,0.0001,0.00012,0.000121989,0.00011985,0.00011373,0.000110791
9,13,9,0.0001,0.00011,0.00012,0.00014,0.0001,0.00012,0.000121789,0.0001246,0.00011544,0.000114277
9,13,10,0.0001,0.00011,0.00012,0.00013,0.0001,0.00012,0.000121489,0.00012897,0.00011558,0.000118328
9,13,11,0.00011,0.00011,0.00012,0.00013,0.0001,0.00012,0.000125788,0.00013211,0.00011354,0.000123251
9,13,12,0.00011,0.00013,0.00015,0.00012,0.0001,0.00012,0.000129388,0.00012851,0.00011335,0.00012347
9,13,13,0.00011,0.00014,0.00015,0.00012,0.00011,0.00012,0.000121889,0.00012942,0.00011163,0.000124496
9,13,14,0.00012,0.00014,0.00015,0.00012,0.00011,0.00012,0.000122489,0.0001331,0.00011309,0.000125225
9,13,15,0.00012,0.00014,0.00015,0.00011,0.00011,0.00012,0.000116389,0.00013289,0.00011346,0.000124749
9,13,16,0.00011,0.00014,0.00015,0.00011,0.00011,0.00012,0.00010799,0.00013119,0.00011816,0.000122189
9,13,17,0.0001,0.00013,0.00014,0.00012,0.0001,0.00012,0.00010709,0.00012994,0.00012618,0.000120629
9,13,18,0.0001,0.00013,0.00011,0.00012,0.0001,0.00012,0.000123389,0.00014083,0.00013594,0.000129299
9,13,19,0.0001,0.00013,0.00011,0.00012,0.0001,0.00012,0.000121289,0.00014236,0.00014415,0.000131903
9,13,20,0.0001,0.00012,0.00011,0.00012,0.0001,0.00011,0.000123789,0.00013806,0.00014829,0.000128079
9,13,21,0.0001,0.00012,0.0001,0.00011,0.0001,0.00011,0.000122289,0.00012887,0.00014308,0.000122931
9,13,22,0.0001,0.00012,0.0001,0.00011,0.0001,0.00011,0.000120989,0.00011598,0.0001301,0.000116477
9,13,23,0.0001,0.00012,0.0001,0.00011,0.0001,0.00011,0.000116189,0.00010586,0.0001158,0.00010986
9,14,0,0.00011,0.00011,0.00009,0.00011,0.0001,0.00012,0.00010879,9.93E-05,9.07E-05,0.000104195
9,14,1,0.00011,0.00011,0.00011,0.00011,0.00011,0.00012,0.00010419,9.63E-05,8.99E-05,0.000100315
9,14,2,0.00011,0.00011,0.00011,0.00011,0.00011,0.00012,9.98E-05,9.42E-05,9.13E-05,9.73E-05
9,14,3,0.00011,0.00012,0.0001,0.00011,0.00011,0.00012,9.47E-05,9.36E-05,9.17E-05,9.51E-05
9,14,4,0.00011,0.00012,0.00011,0.00012,0.00011,0.00012,8.61E-05,9.71E-05,9.33E-05,9.52E-05
9,14,5,0.00011,0.00012,0.0001,0.00012,0.00011,0.00013,7.84E-05,0.0001055,9.66E-05,9.79E-05
9,14,6,0.0001,0.00012,0.00011,0.00012,0.00011,0.00012,7.92E-05,0.00010713,0.00010342,9.95E-05
9,14,7,0.0001,0.00012,0.00011,0.00012,0.00011,0.00012,8.51E-05,0.00011246,0.00010807,0.000104379
9,14,8,0.0001,0.00012,0.0001,0.00012,0.00011,0.00012,9.19E-05,0.00012012,0.00011349,0.000110791
9,14,9,0.0001,0.00012,0.00011,0.00013,0.00011,0.00012,9.57E-05,0.00012448,0.00011519,0.000114277
9,14,10,0.00011,0.00012,0.00012,0.00012,0.00011,0.00012,9.62E-05,0.00012878,0.00011588,0.000118328
9,14,11,0.00011,0.00012,0.00013,0.00012,0.00011,0.00012,0.000100781,0.00013285,0.00011378,0.000123251
9,14,12,0.00011,0.00014,0.00016,0.00012,0.00011,0.00012,0.00010542,0.0001297,0.0001129,0.00012347
9,14,13,0.00011,0.00014,0.00016,0.00013,0.00012,0.00013,0.00010319,0.00012968,0.000112,0.000124496
9,14,14,0.00012,0.00014,0.00016,0.00014,0.00012,0.00012,0.00010401,0.00013172,0.00011241,0.000125225
9,14,15,0.00012,0.00014,0.00016,0.00013,0.00012,0.00012,0.00010298,0.00013154,0.00011487,0.000124749
9,14,16,0.00011,0.00014,0.00015,0.00013,0.00011,0.00012,0.000101811,0.00012845,0.00011974,0.000122189
9,14,17,0.0001,0.00013,0.00014,0.00013,0.00011,0.00012,0.000101271,0.0001288,0.00012692,0.000120629
9,14,18,0.0001,0.00013,0.00013,0.00013,0.0001,0.00012,0.000114259,0.00013994,0.00013573,0.000129299
9,14,19,0.0001,0.00012,0.00012,0.00013,0.0001,0.00012,0.000114549,0.0001404,0.00014572,0.000131903
9,14,20,0.0001,0.00012,0.00012,0.00013,0.0001,0.00011,0.00011227,0.00013517,0.00014722,0.000128079
9,14,21,0.0001,0.00012,0.00012,0.00013,0.0001,0.00011,0.00010738,0.00012663,0.00014215,0.000122931
9,14,22,0.0001,0.00012,0.00012,0.00013,0.0001,0.00011,0.00010753,0.00011516,0.00013004,0.000116477
9,14,23,0.00011,0.00012,0.00012,0.00013,0.0001,0.00011,0.00010839,0.00010474,0.00011526,0.00010986
9,15,0,0.00011,0.00011,0.00011,0.00013,0.00011,0.00012,0.00010279,9.71E-05,9.01E-05,0.000104195
9,15,1,0.00011,0.0001,0.00011,0.00013,0.00011,0.00012,1.00E-04,9.44E-05,9.00E-05,0.000100315
9,15,2,0.00011,0.00011,0.00011,0.00013,0.00011,0.00011,9.53E-05,9.23E-05,9.10E-05,9.73E-05
9,15,3,0.00012,0.00011,0.00011,0.00013,0.00011,0.00012,9.09E-05,9.18E-05,9.15E-05,9.51E-05
9,15,4,0.00012,0.00011,0.00011,0.00013,0.00011,0.00012,8.97E-05,9.59E-05,9.53E-05,9.52E-05
9,15,5,0.00011,0.00011,0.00011,0.00013,0.00011,0.00012,8.73E-05,0.00010414,9.90E-05,9.79E-05
9,15,6,0.00011,0.00011,0.00011,0.00013,0.00011,0.00012,8.91E-05,0.00010629,0.00010372,9.95E-05
9,15,7,0.00011,0.00011,0.00011,0.00013,0.00011,0.00012,8.98E-05,0.00011216,0.0001097,0.000104379
9,15,8,0.00011,0.00011,0.00011,0.00013,0.00011,0.00012,9.33E-05,0.00011931,0.00011371,0.000110791
9,15,9,0.00011,0.00011,0.00011,0.00013,0.00011,0.00012,9.64E-05,0.00012392,0.00011704,0.000114277
9,15,10,0.00011,0.00011,0.00011,0.00013,0.00011,0.00012,9.84E-05,0.00012897,0.00011434,0.000118328
9,15,11,0.00011,0.00011,0.00012,0.00012,0.00011,0.00012,0.00010332,0.00013281,0.00011427,0.000123251
9,15,12,0.00012,0.00013,0.00016,0.00012,0.00011,0.00012,0.00010389,0.00012915,0.00011391,0.00012347
9,15,13,0.00012,0.00014,0.00016,0.00014,0.00012,0.00013,0.000102501,0.00012961,0.00011316,0.000124496
9,15,14,0.00012,0.00013,0.00015,0.00014,0.00012,0.00013,0.00010295,0.00013184,0.0001129,0.000125225
9,15,15,0.00012,0.00013,0.00015,0.00014,0.00012,0.00012,0.00010387,0.00013222,0.00011408,0.000124749
9,15,16,0.00011,0.00013,0.00015,0.00013,0.00011,0.00012,0.00010297,0.00012941,0.00011945,0.000122189
9,15,17,0.00011,0.00012,0.00013,0.00014,0.00011,0.00012,0.00010763,0.00012747,0.00012712,0.000120629
9,15,18,0.0001,0.00012,0.00012,0.00014,0.0001,0.00011,0.000118539,0.00014046,0.00013539,0.000129299
9,15,19,0.0001,0.00012,0.00012,0.00014,0.0001,0.00011,0.000119469,0.00014194,0.00014364,0.000131903
9,15,20,0.0001,0.00011,0.00011,0.00013,0.0001,0.00011,0.000116779,0.00013677,0.0001476,0.000128079
9,15,21,0.0001,0.00011,0.00011,0.00013,0.0001,0.00011,0.00011029,0.00012833,0.0001413,0.000122931
9,15,22,0.0001,0.00011,0.00011,0.00013,0.0001,0.00011,0.0001109,0.00011591,0.00013,0.000116477
9,15,23,0.00011,0.00011,0.00011,0.00013,0.0001,0.00011,0.00011013,0.00010487,0.00011624,0.00010986
9,16,0,0.00011,0.00011,0.00011,0.00013,0.0001,0.00011,0.00010673,9.78E-05,9.00E-05,0.000104195
9,16,1,0.00011,0.00011,0.00011,0.00013,0.00011,0.00011,0.00010332,9.46E-05,8.90E-05,0.000100315
9,16,2,0.00011,0.00011,0.00011,0.00013,0.00011,0.00011,0.000100641,9.23E-05,9.03E-05,9.73E-05
9,16,3,0.00012,0.00011,0.00011,0.00013,0.00011,0.00011,9.81E-05,9.22E-05,9.14E-05,9.51E-05
9,16,4,0.00012,0.00012,0.00012,0.00013,0.00011,0.00012,9.63E-05,9.56E-05,9.43E-05,9.52E-05
9,16,5,0.00012,0.00012,0.00012,0.00013,0.00012,0.00012,9.21E-05,0.00010278,9.81E-05,9.79E-05
9,16,6,0.00011,0.00012,0.00012,0.00014,0.00012,0.00012,9.29E-05,0.00010493,0.00010334,9.95E-05
9,16,7,0.00011,0.00011,0.00012,0.00013,0.00011,0.00012,9.45E-05,0.00011168,0.00010966,0.000104379
9,16,8,0.00011,0.00011,0.00012,0.00014,0.00011,0.00012,9.73E-05,0.00012055,0.00011384,0.000110791
9,16,9,0.00011,0.00011,0.00013,0.00013,0.00011,0.00012,9.95E-05,0.00012589,0.00011597,0.000114277
9,16,10,0.00011,0.00011,0.00013,0.00013,0.00011,0.00011,0.00010346,0.00013056,0.00011501,0.000118328
9,16,11,0.00012,0.00012,0.00012,0.00013,0.00011,0.00011,0.00010995,0.00013381,0.00011438,0.000123251
9,16,12,0.00012,0.00013,0.00015,0.00013,0.00011,0.00011,0.00011251,0.00012963,0.00011231,0.00012347
9,16,13,0.00012,0.00014,0.00016,0.00014,0.00011,0.00012,0.000114369,0.0001306,0.00011205,0.000124496
9,16,14,0.00013,0.00014,0.00016,0.00014,0.00011,0.00012,0.000115199,0.00013417,0.00011225,0.000125225
9,16,15,0.00012,0.00013,0.00017,0.00014,0.00011,0.00012,0.000114369,0.00013459,0.00011437,0.000124749
9,16,16,0.00011,0.00013,0.00016,0.00014,0.00011,0.00012,0.00011162,0.00013337,0.00011798,0.000122189
9,16,17,0.00011,0.00013,0.00016,0.00014,0.00011,0.00011,0.000116809,0.00013021,0.00012715,0.000120629
9,16,18,0.0001,0.00012,0.00013,0.00014,0.00011,0.00011,0.000133413,0.00014151,0.00013679,0.000129299
9,16,19,0.0001,0.00012,0.00012,0.00014,0.0001,0.00011,0.000134788,0.00014342,0.0001461,0.000131903
9,16,20,0.0001,0.00011,0.00012,0.00014,0.0001,0.00011,0.000133738,0.00013859,0.00014843,0.000128079
9,16,21,0.0001,0.00011,0.00012,0.00014,0.0001,0.00011,0.000134688,0.00013067,0.00014282,0.000122931
9,16,22,0.00011,0.00011,0.00012,0.00013,0.0001,0.00011,0.000130838,0.00012022,0.00013005,0.000116477
9,16,23,0.00011,0.00011,0.00012,0.00013,0.0001,0.00011,0.000129988,0.00011122,0.00011592,0.00010986
9,17,0,0.00011,0.00011,0.00012,0.00013,0.00011,0.00011,0.000126488,0.00010331,8.97E-05,0.000104195
9,17,1,0.00011,0.00011,0.00012,0.00013,0.00011,0.00011,0.000122989,9.95E-05,8.97E-05,0.000100315
9,17,2,0.00012,0.00011,0.00013,0.00013,0.00012,0.00012,0.000119289,9.63E-05,9.11E-05,9.73E-05
9,17,3,0.00012,0.00011,0.00011,0.00013,0.00011,0.00012,0.000115889,9.51E-05,9.19E-05,9.51E-05
9,17,4,0.00012,0.00011,0.00011,0.00013,0.00011,0.00012,0.000113789,9.62E-05,9.44E-05,9.52E-05
9,17,5,0.00012,0.00012,0.00011,0.00014,0.00011,0.00012,0.00010999,9.72E-05,9.83E-05,9.79E-05
9,17,6,0.00012,0.00012,0.00011,0.00014,0.00011,0.00012,0.00011259,9.90E-05,0.00010255,9.95E-05
9,17,7,0.00012,0.00011,0.00012,0.00013,0.00011,0.00012,0.000114989,0.00010827,0.00010884,0.000104379
9,17,8,0.00012,0.00011,0.00012,0.00014,0.00011,0.00012,0.000118789,0.00011687,0.0001147,0.000110791
9,17,9,0.00012,0.00011,0.00011,0.00013,0.00011,0.00012,0.000123989,0.00012337,0.00011541,0.000114277
9,17,10,0.00012,0.00011,0.00012,0.00013,0.00011,0.00012,0.000129288,0.00012851,0.00011538,0.000118328
9,17,11,0.00012,0.00011,0.00012,0.00013,0.00011,0.00012,0.000133688,0.00013031,0.00011431,0.000123251
9,17,12,0.00012,0.00014,0.00013,0.00013,0.00011,0.00012,0.000135287,0.00012819,0.00011336,0.00012347
9,17,13,0.00012,0.00014,0.00014,0.00014,0.00013,0.00012,0.000136287,0.00012534,0.00011222,0.000124496
9,17,14,0.00013,0.00014,0.00015,0.00014,0.00012,0.00012,0.000137987,0.00012258,0.00011247,0.000125225
9,17,15,0.00013,0.00013,0.00016,0.00014,0.00012,0.00012,0.000135987,0.00012087,0.00011364,0.000124749
9,17,16,0.00012,0.00013,0.00015,0.00014,0.00012,0.00012,0.000132988,0.00011858,0.00011835,0.000122189
9,17,17,0.00011,0.00013,0.00013,0.00014,0.00011,0.00012,0.000131988,0.00011923,0.00012652,0.000120629
9,17,18,0.00011,0.00012,0.00014,0.00014,0.00011,0.00011,0.000150986,0.00013365,0.0001372,0.000129299
9,17,19,0.0001,0.00012,0.00012,0.00014,0.00011,0.00011,0.000148986,0.00013575,0.00014554,0.000131903
9,17,20,0.0001,0.00012,0.00011,0.00014,0.0001,0.00011,0.000148986,0.00013157,0.00014795,0.000128079
9,17,21,0.0001,0.00012,0.0001,0.00013,0.0001,0.00011,0.000148486,0.00012434,0.00014254,0.000122931
9,17,22,0.00011,0.00012,0.0001,0.00013,0.0001,0.00011,0.000149686,0.00011529,0.00013049,0.000116477
9,17,23,0.00011,0.00012,0.00011,0.00013,0.00011,0.00011,0.000148986,0.0001068,0.00011693,0.00010986
9,18,0,0.00011,0.00011,0.00011,0.00013,0.00011,0.00011,0.000144987,0.00010048,8.95E-05,0.000104195
9,18,1,0.00012,0.00011,0.00011,0.00013,0.00012,0.00011,0.000141487,9.64E-05,8.94E-05,0.000100315
9,18,2,0.00012,0.00011,0.00011,0.00013,0.00012,0.00011,0.000136987,9.38E-05,9.16E-05,9.73E-05
9,18,3,0.00012,0.00012,0.0001,0.00013,0.00012,0.00012,0.000131488,9.17E-05,9.10E-05,9.51E-05
9,18,4,0.00012,0.00012,0.00011,0.00013,0.00012,0.00012,0.000130988,9.08E-05,9.28E-05,9.52E-05
9,18,5,0.00012,0.00011,0.00011,0.00013,0.00012,0.00012,0.000126988,8.89E-05,9.74E-05,9.79E-05
9,18,6,0.00012,0.00012,0.00011,0.00013,0.00012,0.00012,0.000125988,8.60E-05,0.00010349,9.95E-05
9,18,7,0.00012,0.00012,0.00011,0.00013,0.00011,0.00011,0.000126488,9.03E-05,0.00010825,0.000104379
9,18,8,0.00012,0.00011,0.00011,0.00013,0.00011,0.00011,0.000127488,9.60E-05,0.0001136,0.000110791
9,18,9,0.00012,0.00012,0.00012,0.00013,0.00011,0.00011,0.000131188,0.00010079,0.00011586,0.000114277
9,18,10,0.00012,0.00012,0.00012,0.00013,0.00011,0.00011,0.000134987,0.00010516,0.00011661,0.000118328
9,18,11,0.00012,0.00012,0.00013,0.00012,0.00011,0.00011,0.000138987,0.0001082,0.00011342,0.000123251
9,18,12,0.00012,0.00014,0.00015,0.00012,0.00012,0.00011,0.000141287,0.00010919,0.00011202,0.00012347
9,18,13,0.00012,0.00014,0.00016,0.00014,0.00012,0.00012,0.000141687,0.00010796,0.00011356,0.000124496
9,18,14,0.00013,0.00014,0.00016,0.00014,0.00012,0.00012,0.000144787,0.00010556,0.00011214,0.000125225
9,18,15,0.00012,0.00014,0.00016,0.00014,0.00012,0.00011,0.000142487,0.00010373,0.00011471,0.000124749
9,18,16,0.00011,0.00013,0.00016,0.00013,0.00012,0.00011,0.000137187,0.00010206,0.00011871,0.000122189
9,18,17,0.00011,0.00013,0.00016,0.00013,0.00011,0.00011,0.000138687,0.00010487,0.00012734,0.000120629
9,18,18,0.0001,0.00012,0.00013,0.00014,0.00011,0.00011,0.000155736,0.00012441,0.00013632,0.000129299
9,18,19,0.0001,0.00012,0.00011,0.00013,0.00011,0.0001,0.000155986,0.00012921,0.00014618,0.000131903
9,18,20,0.0001,0.00012,0.00011,0.00013,0.0001,0.0001,0.000157185,0.00012624,0.00014803,0.000128079
9,18,21,0.0001,0.00012,0.00012,0.00013,0.0001,0.0001,0.000156286,0.00012041,0.00014246,0.000122931
9,18,22,0.0001,0.00012,0.00011,0.00013,0.0001,0.0001,0.000155986,0.0001114,0.0001279,0.000116477
9,18,23,0.00011,0.00012,0.00011,0.00013,0.0001,0.0001,0.000155486,0.00010257,0.00011652,0.00010986
9,19,0,0.00011,0.00011,0.00012,0.00013,0.00011,0.0001,0.000149986,9.62E-05,9.03E-05,0.000104195
9,19,1,0.00011,0.00011,0.00011,0.00012,0.00012,0.00011,0.000147786,9.32E-05,8.90E-05,0.000100315
9,19,2,0.00011,0.00011,0.00012,0.00012,0.00012,0.00011,0.000144187,9.00E-05,8.90E-05,9.73E-05
9,19,3,0.00012,0.00011,0.00012,0.00012,0.00012,0.00011,0.000138387,8.93E-05,9.15E-05,9.51E-05
9,19,4,0.00012,0.00011,0.00012,0.00012,0.00011,0.00011,0.000134488,9.24E-05,9.32E-05,9.52E-05
9,19,5,0.00011,0.00011,0.00011,0.00012,0.00011,0.00011,0.000130338,0.0001018,9.84E-05,9.79E-05
9,19,6,0.00011,0.00012,0.00012,0.00013,0.00011,0.00011,0.000132688,0.00010459,0.00010376,9.95E-05
9,19,7,0.00011,0.00012,0.00012,0.00012,0.00011,0.00011,0.000132688,0.00011124,0.00011027,0.000104379
9,19,8,0.00011,0.00012,0.00012,0.00012,0.00011,0.00011,0.000132988,0.0001197,0.00011411,0.000110791
9,19,9,0.00011,0.00012,0.00012,0.00012,0.00011,0.00011,0.000134788,0.00012523,0.00011533,0.000114277
9,19,10,0.00011,0.00012,0.00013,0.00012,0.00011,0.00011,0.000138687,0.0001306,0.00011509,0.000118328
9,19,11,0.00011,0.00012,0.00014,0.00012,0.00011,0.00011,0.000144987,0.00013405,0.00011498,0.000123251
9,19,12,0.00012,0.00014,0.00015,0.00012,0.00011,0.00011,0.000146986,0.00013079,0.00011318,0.00012347
9,19,13,0.00012,0.00014,0.00016,0.00013,0.00012,0.00012,0.000149486,0.00013142,0.00011281,0.000124496
9,19,14,0.00012,0.00014,0.00016,0.00013,0.00012,0.00012,0.000150986,0.00013393,0.00011284,0.000125225
9,19,15,0.00012,0.00014,0.00016,0.00013,0.00012,0.00011,0.000150486,0.0001339,0.00011345,0.000124749
9,19,16,0.00011,0.00014,0.00015,0.00012,0.00012,0.00011,0.000146986,0.00013228,0.00011897,0.000122189
9,19,17,0.0001,0.00013,0.00014,0.00012,0.00011,0.00011,0.000149486,0.00013135,0.00012749,0.000120629
9,19,18,0.0001,0.00013,0.00013,0.00012,0.00011,0.0001,0.000161735,0.00014252,0.00013798,0.000129299
9,19,19,0.0001,0.00012,0.00012,0.00012,0.00011,0.0001,0.000162735,0.00014441,0.00014526,0.000131903
9,19,20,0.0001,0.00012,0.00012,0.00012,0.0001,0.0001,0.000162985,0.00013982,0.00014719,0.000128079
9,19,21,0.0001,0.00012,0.00012,0.00012,0.0001,0.0001,0.000162985,0.0001301,0.00014074,0.000122931
9,19,22,0.0001,0.00012,0.00012,0.00012,0.0001,0.0001,0.000162485,0.00011748,0.00012924,0.000116477
9,19,23,0.0001,0.00012,0.00012,0.00012,0.0001,0.0001,0.000161985,0.00010774,0.0001167,0.00010986
9,20,0,0.00011,0.00011,0.00012,0.00012,0.00011,0.0001,0.000156486,0.00010038,8.84E-05,0.000104195
9,20,1,0.00011,0.00011,0.00012,0.00012,0.00011,0.0001,0.000153486,9.74E-05,8.87E-05,0.000100315
9,20,2,0.00011,0.00011,0.00013,0.00012,0.00011,0.0001,0.000150986,9.57E-05,8.97E-05,9.73E-05
9,20,3,0.00011,0.00011,0.00012,0.00012,0.00011,0.0001,0.000148486,9.51E-05,9.16E-05,9.51E-05
9,20,4,0.00011,0.00011,0.00012,0.00012,0.00011,0.0001,0.000145986,9.92E-05,9.30E-05,9.52E-05
9,20,5,0.00011,0.00011,0.00013,0.00012,0.00011,0.0001,0.000138987,0.00010674,9.72E-05,9.79E-05
9,20,6,0.0001,0.00011,0.00012,0.00012,0.00011,0.0001,0.000133488,0.00010947,0.00010375,9.95E-05
9,20,7,0.0001,0.00011,0.00013,0.00012,0.00011,0.0001,0.000131488,0.00011552,0.00010805,0.000104379
9,20,8,0.0001,0.00011,0.00013,0.00012,0.00011,0.0001,0.000127188,0.00012292,0.000114,0.000110791
9,20,9,0.0001,0.00011,0.00013,0.00012,0.00011,0.0001,0.000130988,0.00012773,0.00011628,0.000114277
9,20,10,0.0001,0.00011,0.00013,0.00011,0.00011,0.0001,0.000133988,0.00013366,0.00011634,0.000118328
9,20,11,0.00011,0.00011,0.00014,0.00011,0.00011,0.0001,0.000137487,0.00013688,0.0001142,0.000123251
9,20,12,0.00011,0.00013,0.00016,0.00011,0.00011,0.0001,0.000141487,0.00013342,0.00011332,0.00012347
9,20,13,0.00011,0.00014,0.00016,0.00013,0.00012,0.00011,0.000139487,0.00013421,0.00011183,0.000124496
9,20,14,0.00012,0.00014,0.00016,0.00012,0.00012,0.00011,0.000143487,0.00013685,0.00011227,0.000125225
9,20,15,0.00012,0.00014,0.00016,0.00012,0.00012,0.0001,0.000140487,0.00013683,0.00011457,0.000124749
9,20,16,0.00011,0.00013,0.00016,0.00012,0.00012,0.0001,0.000134488,0.00013383,0.0001197,0.000122189
9,20,17,0.0001,0.00013,0.00015,0.00012,0.00011,0.0001,0.000133988,0.00013159,0.00012569,0.000120629
9,20,18,0.0001,0.00013,0.00014,0.00012,0.00011,0.0001,0.000149486,0.00014407,0.00013516,0.000129299
9,20,19,0.0001,0.00013,0.00013,0.00012,0.0001,0.00009,0.000148986,0.00014611,0.00014444,0.000131903
9,20,20,0.0001,0.00012,0.00013,0.00012,0.0001,0.00009,0.000149186,0.00014165,0.00014722,0.000128079
9,20,21,0.0001,0.00012,0.00013,0.00012,0.0001,0.00009,0.000148286,0.00013219,0.0001422,0.000122931
9,20,22,0.0001,0.00012,0.00012,0.00011,0.0001,0.00009,0.000146986,0.00012007,0.00013032,0.000116477
9,20,23,0.0001,0.00012,0.00013,0.00012,0.00011,0.00009,0.000145487,0.0001089,0.00011505,0.00010986
9,21,0,0.00011,0.00011,0.00013,0.00012,0.00011,0.0001,0.000142487,0.00010061,8.97E-05,0.000104195
9,21,1,0.00011,0.00012,0.00013,0.00012,0.00012,0.0001,0.000140687,9.65E-05,8.94E-05,0.000100315
9,21,2,0.00011,0.00012,0.00012,0.00012,0.00012,0.0001,0.000137987,9.42E-05,8.99E-05,9.73E-05
9,21,3,0.00011,0.00012,0.00012,0.00012,0.00012,0.0001,0.000136487,9.35E-05,9.12E-05,9.51E-05
9,21,4,0.00011,0.00012,0.00012,0.00012,0.00012,0.0001,0.000132288,9.71E-05,9.38E-05,9.52E-05
9,21,5,0.00011,0.00012,0.00012,0.00012,0.00012,0.0001,0.000124788,0.00010519,9.76E-05,9.79E-05
9,21,6,0.00011,0.00012,0.00012,0.00012,0.00012,0.0001,0.000121189,0.00010716,0.00010337,9.95E-05
9,21,7,0.0001,0.00012,0.00012,0.00012,0.00012,0.0001,0.000117289,0.00011266,0.00010872,0.000104379
9,21,8,0.0001,0.00012,0.00013,0.00012,0.00012,0.0001,0.000119789,0.00012001,0.00011434,0.000110791
9,21,9,0.0001,0.00013,0.00014,0.00012,0.0001,0.0001,0.000118489,0.00012387,0.00011693,0.000114277
9,21,10,0.00011,0.00012,0.00014,0.00012,0.00011,0.0001,0.000115989,0.00012819,0.00011563,0.000118328
9,21,11,0.00011,0.00012,0.00014,0.00012,0.0001,0.0001,0.000124688,0.00013098,0.00011353,0.000123251
9,21,12,0.00011,0.00014,0.00015,0.00012,0.00008,0.00011,0.000129088,0.00012858,0.00011189,0.00012347
9,21,13,0.00012,0.00014,0.00015,0.00013,0.00011,0.00011,0.000129488,0.00012937,0.00011299,0.000124496
9,21,14,0.00012,0.00014,0.00016,0.00014,0.00011,0.00011,0.000129988,0.0001325,0.00011287,0.000125225
9,21,15,0.00012,0.00014,0.00016,0.00013,0.00011,0.00011,0.000117989,0.00013307,0.00011354,0.000124749
9,21,16,0.00011,0.00014,0.00015,0.00013,0.00011,0.00011,0.00011229,0.00013127,0.00011872,0.000122189
9,21,17,0.0001,0.00014,0.00014,0.00013,0.0001,0.0001,0.00010974,0.00013044,0.00012642,0.000120629
9,21,18,0.0001,0.00013,0.00013,0.00013,0.0001,0.0001,0.000121964,0.0001433,0.00013748,0.000129299
9,21,19,0.0001,0.00013,0.00013,0.00013,0.0001,0.00009,0.000125938,0.00014411,0.0001438,0.000131903
9,21,20,0.0001,0.00013,0.00013,0.00013,0.00009,0.00009,0.000128788,0.00013985,0.00014584,0.000128079
9,21,21,0.0001,0.00013,0.00012,0.00013,0.00009,0.00009,0.000131388,0.00013052,0.000142,0.000122931
9,21,22,0.0001,0.00013,0.00012,0.00012,0.00009,0.00009,0.000133838,0.00011914,0.00012816,0.000116477
9,21,23,0.00011,0.00013,0.00012,0.00013,0.0001,0.00009,0.000134987,0.00010803,0.00011519,0.00010986
9,22,0,0.00011,0.00012,0.00012,0.00013,0.0001,0.0001,0.000132988,0.00010051,8.87E-05,0.000104195
9,22,1,0.00011,0.00012,0.00012,0.00012,0.00011,0.0001,0.000129988,9.64E-05,8.93E-05,0.000100315
9,22,2,0.00011,0.00012,0.00012,0.00012,0.00011,0.0001,0.000126788,9.41E-05,8.99E-05,9.73E-05
9,22,3,0.00012,0.00013,0.00012,0.00013,0.00011,0.00011,0.000124488,9.40E-05,9.04E-05,9.51E-05
9,22,4,0.00012,0.00013,0.00012,0.00013,0.00011,0.0001,0.000119489,9.78E-05,9.46E-05,9.52E-05
9,22,5,0.00012,0.00013,0.00012,0.00013,0.00011,0.0001,0.000116889,0.00010633,9.62E-05,9.79E-05
9,22,6,0.00011,0.00012,0.00012,0.00013,0.00011,0.0001,0.000116289,0.00010766,0.00010322,9.95E-05
9,22,7,0.00011,0.00013,0.00012,0.00013,0.00011,0.0001,0.000117389,0.00011487,0.00010976,0.000104379
9,22,8,0.00011,0.00012,0.00012,0.00012,0.0001,0.0001,0.000121089,0.00012221,0.00011351,0.000110791
9,22,9,0.00011,0.00013,0.00013,0.00012,0.00011,0.0001,0.000125988,0.00012625,0.00011438,0.000114277
9,22,10,0.00011,0.00012,0.00013,0.00012,0.00011,0.0001,0.000132388,0.00013086,0.00011577,0.000118328
9,22,11,0.00012,0.00012,0.00014,0.00012,0.00011,0.0001,0.000137487,0.00013229,0.00011331,0.000123251
9,22,12,0.00012,0.00014,0.00016,0.00012,0.0001,0.00011,0.000138987,0.00012852,0.00011168,0.00012347
9,22,13,0.00012,0.00015,0.00016,0.00013,0.00012,0.00011,0.000141487,0.00012898,0.00011218,0.000124496
9,22,14,0.00013,0.00015,0.00016,0.00013,0.00011,0.00011,0.000143487,0.00013103,0.00011223,0.000125225
9,22,15,0.00012,0.00014,0.00017,0.00013,0.00011,0.00011,0.000143487,0.00013153,0.00011331,0.000124749
9,22,16,0.00011,0.00014,0.00016,0.00013,0.00011,0.0001,0.000142487,0.00013037,0.00011857,0.000122189
9,22,17,0.00011,0.00013,0.00013,0.00013,0.0001,0.0001,0.000146486,0.00012883,0.00012568,0.000120629
9,22,18,0.0001,0.00013,0.00015,0.00013,0.0001,0.0001,0.000157235,0.00014135,0.00013659,0.000129299
9,22,19,0.0001,0.00013,0.00013,0.00013,0.0001,0.0001,0.000159985,0.00014219,0.0001438,0.000131903
9,22,20,0.0001,0.00013,0.00009,0.00013,0.0001,0.00009,0.000160985,0.00013776,0.00014575,0.000128079
9,22,21,0.0001,0.00012,0.0001,0.00012,0.0001,0.00009,0.000160485,0.00012848,0.00014085,0.000122931
9,22,22,0.0001,0.00012,0.0001,0.00012,0.0001,0.00009,0.000158485,0.00011704,0.00012879,0.000116477
9,22,23,0.00011,0.00012,0.0001,0.00012,0.0001,0.00009,0.000155486,0.00010602,0.00011501,0.00010986
9,23,0,0.00011,0.00012,0.0001,0.00012,0.0001,0.0001,0.000151986,9.93E-05,8.84E-05,0.000104195
9,23,1,0.00011,0.00012,0.0001,0.00012,0.00011,0.0001,0.000148986,9.49E-05,8.88E-05,0.000100315
9,23,2,0.00012,0.00012,0.0001,0.00012,0.00011,0.0001,0.000146986,9.27E-05,9.04E-05,9.73E-05
9,23,3,0.00012,0.00012,0.0001,0.00012,0.0001,0.0001,0.000145487,9.24E-05,9.32E-05,9.51E-05
9,23,4,0.00012,0.00012,0.0001,0.00012,0.00011,0.0001,0.000144487,9.63E-05,9.35E-05,9.52E-05
9,23,5,0.00012,0.00012,0.0001,0.00012,0.00011,0.0001,0.000139987,0.00010396,9.65E-05,9.79E-05
9,23,6,0.00012,0.00012,0.0001,0.00013,0.00011,0.0001,0.000136987,0.00010584,0.00010311,9.95E-05
9,23,7,0.00011,0.00011,0.00011,0.00012,0.0001,0.0001,0.000137487,0.0001127,0.00010847,0.000104379
9,23,8,0.00011,0.00012,0.0001,0.00013,0.0001,0.0001,0.000138487,0.00012108,0.00011263,0.000110791
9,23,9,0.00011,0.00012,0.0001,0.00013,0.00011,0.0001,0.000140987,0.00012576,0.00011462,0.000114277
9,23,10,0.00012,0.00012,0.00011,0.00013,0.00011,0.0001,0.000143987,0.00013204,0.00011364,0.000118328
9,23,11,0.00012,0.00012,0.00013,0.00013,0.00011,0.0001,0.000146686,0.00013592,0.00011375,0.000123251
9,23,12,0.00012,0.00014,0.00015,0.00012,0.00011,0.0001,0.000146686,0.00013246,0.00011173,0.00012347
9,23,13,0.00012,0.00014,0.00016,0.00013,0.00012,0.00011,0.000146186,0.00013333,0.00011208,0.000124496
9,23,14,0.00013,0.00014,0.00016,0.00013,0.00012,0.00011,0.000146986,0.00013583,0.00011182,0.000125225
9,23,15,0.00012,0.00014,0.00015,0.00013,0.00011,0.00011,0.000145487,0.00013598,0.00011343,0.000124749
9,23,16,0.00012,0.00014,0.00014,0.00013,0.00011,0.0001,0.000142987,0.00013369,0.00011728,0.000122189
9,23,17,0.00011,0.00014,0.00012,0.00013,0.00012,0.0001,0.000146986,0.00013121,0.00012441,0.000120629
9,23,18,0.00011,0.00013,0.00014,0.00012,0.00011,0.0001,0.000159235,0.00014497,0.00013555,0.000129299
9,23,19,0.0001,0.00012,0.00014,0.00012,0.00011,0.0001,0.000159985,0.00014625,0.00014275,0.000131903
9,23,20,0.0001,0.00012,0.00013,0.00012,0.00011,0.00009,0.000160985,0.00014112,0.00014722,0.000128079
9,23,21,0.0001,0.00012,0.00013,0.00012,0.00011,0.00009,0.000160485,0.00013061,0.00014097,0.000122931
9,23,22,0.00011,0.00012,0.0001,0.00012,0.00011,0.00009,0.000156985,0.00011919,0.00012866,0.000116477
9,23,23,0.00011,0.00012,0.0001,0.00012,0.00012,0.0001,0.000144987,0.00010912,0.00011459,0.00010986
9,24,0,0.00011,0.00011,0.0001,0.00012,0.00012,0.0001,0.000136987,0.00010198,8.89E-05,0.000104195
9,24,1,0.00012,0.00011,0.0001,0.00012,0.00012,0.0001,0.000130988,9.84E-05,8.93E-05,0.000100315
9,24,2,0.00012,0.00012,0.0001,0.00012,0.00012,0.0001,0.000126888,9.64E-05,8.98E-05,9.73E-05
9,24,3,0.00012,0.00012,0.00011,0.00012,0.00012,0.0001,0.000124988,9.57E-05,9.13E-05,9.51E-05
9,24,4,0.00012,0.00012,0.0001,0.00012,0.00012,0.0001,0.000124638,9.67E-05,9.38E-05,9.52E-05
9,24,5,0.00012,0.00012,0.00009,0.00013,0.00012,0.0001,0.000121789,9.89E-05,9.75E-05,9.79E-05
9,24,6,0.00012,0.00012,0.0001,0.00013,0.00012,0.0001,0.000119119,0.00010069,0.00010251,9.95E-05
9,24,7,0.00012,0.00012,0.0001,0.00013,0.00012,0.0001,0.000119719,0.00010895,0.00010828,0.000104379
9,24,8,0.00012,0.00012,0.0001,0.00013,0.00012,0.0001,0.000125488,0.00011722,0.00011221,0.000110791
9,24,9,0.00012,0.00012,0.00011,0.00013,0.00012,0.0001,0.000128988,0.00012251,0.00011535,0.000114277
9,24,10,0.00012,0.00012,0.00011,0.00013,0.00012,0.0001,0.000132388,0.00012742,0.00011453,0.000118328
9,24,11,0.00012,0.00012,0.00013,0.00012,0.00012,0.0001,0.000136987,0.00012992,0.00011287,0.000123251
9,24,12,0.00012,0.00014,0.00016,0.00012,0.00012,0.00011,0.000137987,0.0001279,0.0001118,0.00012347
9,24,13,0.00012,0.00014,0.00016,0.00014,0.00013,0.00012,0.000140987,0.00012496,0.00011153,0.000124496
9,24,14,0.00013,0.00015,0.00015,0.00014,0.00013,0.00011,0.000142487,0.00012134,0.00011313,0.000125225
9,24,15,0.00013,0.00015,0.00015,0.00013,0.00013,0.00011,0.000140487,0.00011921,0.00011454,0.000124749
9,24,16,0.00012,0.00014,0.00015,0.00013,0.00013,0.00011,0.000136987,0.0001175,0.00011815,0.000122189
9,24,17,0.00011,0.00014,0.00013,0.00013,0.00012,0.0001,0.000141487,0.00011954,0.00012568,0.000120629
9,24,18,0.00011,0.00013,0.00012,0.00013,0.00012,0.0001,0.000148736,0.00013767,0.00013545,0.000129299
9,24,19,0.00011,0.00012,0.00011,0.00013,0.00012,0.0001,0.000149986,0.00013876,0.00014461,0.000131903
9,24,20,0.0001,0.00012,0.0001,0.00013,0.00011,0.00009,0.000150486,0.00013297,0.00014585,0.000128079
9,24,21,0.00011,0.00012,0.0001,0.00012,0.00011,0.00009,0.000149486,0.0001231,0.0001402,0.000122931
9,24,22,0.00011,0.00012,0.0001,0.00012,0.00011,0.00009,0.000149886,0.00011425,0.00012865,0.000116477
9,24,23,0.00011,0.00012,0.0001,0.00013,0.00012,0.0001,0.000148986,0.00010545,0.00011479,0.00010986
9,25,0,0.00011,0.00012,0.0001,0.00012,0.00012,0.0001,0.000143987,9.96E-05,8.94E-05,0.000104195
9,25,1,0.00012,0.00012,0.0001,0.00012,0.00012,0.0001,0.000139987,9.55E-05,8.89E-05,0.000100315
9,25,2,0.00012,0.00012,0.0001,0.00012,0.00012,0.0001,0.000136987,9.29E-05,8.82E-05,9.73E-05
9,25,3,0.00012,0.00012,0.0001,0.00012,0.00012,0.0001,0.000132988,9.13E-05,9.08E-05,9.51E-05
9,25,4,0.00012,0.00012,0.00011,0.00012,0.00012,0.0001,0.000127988,9.03E-05,9.29E-05,9.52E-05
9,25,5,0.00012,0.00012,0.00011,0.00013,0.00012,0.0001,0.000120689,8.88E-05,9.65E-05,9.79E-05
9,25,6,0.00012,0.00012,0.00011,0.00013,0.00012,0.0001,0.000118689,8.61E-05,0.00010368,9.95E-05
9,25,7,0.00012,0.00012,0.0001,0.00013,0.00012,0.0001,0.000116989,9.14E-05,0.0001082,0.000104379
9,25,8,0.00012,0.00011,0.00011,0.00013,0.00012,0.0001,0.000117989,9.59E-05,0.00011255,0.000110791
9,25,9,0.00012,0.00011,0.00011,0.00013,0.00012,0.0001,0.000119489,0.00010065,0.00011376,0.000114277
9,25,10,0.00012,0.00011,0.00011,0.00012,0.00012,0.0001,0.000121339,0.00010476,0.00011258,0.000118328
9,25,11,0.00012,0.00011,0.00013,0.00012,0.00012,0.0001,0.000120489,0.00010808,0.00011196,0.000123251
9,25,12,0.00012,0.00013,0.00016,0.00012,0.00012,0.0001,0.000120989,0.00010867,0.00011125,0.00012347
9,25,13,0.00012,0.00013,0.00015,0.00013,0.00014,0.00012,0.000117079,0.0001084,0.00011151,0.000124496
9,25,14,0.00013,0.00013,0.00015,0.00013,0.00013,0.00011,0.000117609,0.00010634,0.00011068,0.000125225
9,25,15,0.00012,0.00013,0.00015,0.00013,0.00013,0.00011,0.000115389,0.000104,0.000114,0.000124749
9,25,16,0.00012,0.00013,0.00015,0.00013,0.00013,0.00011,0.000116389,0.00010358,0.00011683,0.000122189
9,25,17,0.00011,0.00013,0.00014,0.00013,0.00012,0.0001,0.000123339,0.00010613,0.00012614,0.000120629
9,25,18,0.00011,0.00012,0.00013,0.00013,0.00012,0.0001,0.000132123,0.00012444,0.00013641,0.000129299
9,25,19,0.0001,0.00012,0.00012,0.00013,0.00012,0.0001,0.000132198,0.00012889,0.00014415,0.000131903
9,25,20,0.0001,0.00012,0.00012,0.00013,0.00011,0.00009,0.000129188,0.00012572,0.00014601,0.000128079
9,25,21,0.0001,0.00012,0.00011,0.00013,0.00011,0.00009,0.000127778,0.00011855,0.00014009,0.000122931
9,25,22,0.0001,0.00012,0.00011,0.00013,0.00011,0.00009,0.000126698,0.00010986,0.00012686,0.000116477
9,25,23,0.00011,0.00012,0.00011,0.00013,0.00012,0.0001,0.000125288,0.00010197,0.00011511,0.00010986
9,26,0,0.00011,0.00011,0.00011,0.00012,0.00012,0.0001,0.000119089,9.62E-05,8.81E-05,0.000104195
9,26,1,0.00011,0.00011,0.00011,0.00012,0.00012,0.0001,0.000114489,9.30E-05,8.94E-05,0.000100315
9,26,2,0.00012,0.00011,0.00011,0.00012,0.00013,0.0001,0.00011094,9.14E-05,8.95E-05,9.73E-05
9,26,3,0.00012,0.00011,0.0001,0.00012,0.00013,0.0001,0.00010919,9.08E-05,8.98E-05,9.51E-05
9,26,4,0.00012,0.00012,0.0001,0.00012,0.00012,0.0001,0.00010724,9.46E-05,9.32E-05,9.52E-05
9,26,5,0.00012,0.00012,0.0001,0.00013,0.00012,0.0001,0.00010419,0.00010228,9.55E-05,9.79E-05
9,26,6,0.00011,0.00012,0.0001,0.00013,0.00012,0.0001,0.00010481,0.00010452,0.00010395,9.95E-05
9,26,7,0.00011,0.00012,0.00011,0.00013,0.00012,0.0001,0.00010635,0.00011209,0.00010837,0.000104379
9,26,8,0.00011,0.00011,0.0001,0.00013,0.00012,0.0001,0.00010927,0.00012109,0.00011197,0.000110791
9,26,9,0.00011,0.00012,0.00011,0.00013,0.00012,0.0001,0.00011169,0.00012827,0.00011373,0.000114277
9,26,10,0.00011,0.00011,0.0001,0.00012,0.00012,0.0001,0.000113989,0.00013557,0.00011351,0.000118328
9,26,11,0.00012,0.00012,0.00012,0.00012,0.00012,0.0001,0.000116189,0.00013923,0.00011204,0.000123251
9,26,12,0.00012,0.00013,0.00013,0.00012,0.00012,0.0001,0.000119489,0.00013399,0.0001114,0.00012347
9,26,13,0.00012,0.00013,0.00011,0.00013,0.00013,0.00012,0.000115289,0.00013401,0.00011091,0.000124496
9,26,14,0.00012,0.00013,0.00012,0.00013,0.00013,0.00011,0.000116599,0.00013617,0.00011129,0.000125225
9,26,15,0.00012,0.00013,0.00011,0.00013,0.00013,0.00011,0.00011109,0.00013532,0.00011399,0.000124749
9,26,16,0.00011,0.00013,0.00011,0.00013,0.00013,0.00011,0.00011133,0.00013299,0.0001157,0.000122189
9,26,17,0.00011,0.00012,0.00011,0.00013,0.00012,0.0001,0.000119129,0.00013258,0.00012539,0.000120629
9,26,18,0.0001,0.00012,0.00009,0.00013,0.00012,0.0001,0.000124683,0.00014447,0.00013507,0.000129299
9,26,19,0.0001,0.00012,0.00009,0.00013,0.00011,0.0001,0.000124618,0.00014476,0.00014236,0.000131903
9,26,20,0.0001,0.00011,0.00008,0.00012,0.00011,0.0001,0.000122539,0.0001405,0.00014503,0.000128079
9,26,21,0.0001,0.00011,0.00008,0.00012,0.00011,0.00009,0.000120589,0.00013095,0.00013998,0.000122931
9,26,22,0.0001,0.00011,0.00008,0.00012,0.00011,0.00009,0.000119039,0.00011952,0.00012789,0.000116477
9,26,23,0.0001,0.00011,0.00008,0.00012,0.00011,0.0001,0.000116489,0.00010803,0.00011409,0.00010986
9,27,0,0.00011,0.0001,0.00008,0.00012,0.00011,0.0001,0.00011274,0.00010003,8.89E-05,0.000104195
9,27,1,0.00011,0.0001,0.00008,0.00012,0.00012,0.0001,0.00010929,9.67E-05,8.86E-05,0.000100315
9,27,2,0.00011,0.0001,0.00009,0.00012,0.00012,0.0001,0.00010644,9.50E-05,8.96E-05,9.73E-05
9,27,3,0.00011,0.00011,0.00009,0.00012,0.00012,0.0001,0.00010409,9.39E-05,9.01E-05,9.51E-05
9,27,4,0.00011,0.00011,0.00008,0.00012,0.00012,0.0001,0.000102381,9.78E-05,9.17E-05,9.52E-05
9,27,5,0.00011,0.00011,0.00008,0.00012,0.00012,0.0001,9.92E-05,0.00010637,9.55E-05,9.79E-05
9,27,6,0.00011,0.00011,0.00008,0.00012,0.00012,0.0001,9.75E-05,0.00010825,0.00010158,9.95E-05
9,27,7,0.0001,0.0001,0.00008,0.00012,0.00012,0.0001,9.82E-05,0.00011545,0.00010751,0.000104379
9,27,8,0.0001,0.0001,0.00009,0.00012,0.00012,0.0001,9.77E-05,0.000124,0.00011201,0.000110791
9,27,9,0.0001,0.00011,0.00009,0.00012,0.00011,0.0001,0.000100201,0.00012821,0.00011382,0.000114277
9,27,10,0.00011,0.0001,0.00009,0.00011,0.00011,0.0001,0.00010381,0.00013318,0.00011474,0.000118328
9,27,11,0.00011,0.00011,0.00013,0.00011,0.00011,0.0001,0.00010954,0.00013661,0.00011229,0.000123251
9,27,12,0.00011,0.00013,0.00014,0.00011,0.00011,0.0001,0.000115989,0.00013342,0.00011072,0.00012347
9,27,13,0.00012,0.00013,0.00013,0.00013,0.00012,0.00011,0.00010726,0.00013408,0.00011127,0.000124496
9,27,14,0.00012,0.00013,0.00015,0.00013,0.00012,0.00011,0.00010586,0.00013731,0.0001108,0.000125225
9,27,15,0.00012,0.00013,0.00015,0.00012,0.00012,0.00011,9.99E-05,0.00013745,0.00011145,0.000124749
9,27,16,0.00011,0.00013,0.00014,0.00012,0.00012,0.0001,9.80E-05,0.00013487,0.00011564,0.000122189
9,27,17,0.0001,0.00012,0.00012,0.00012,0.00012,0.0001,0.0001114,0.00013236,0.0001236,0.000120629
9,27,18,0.0001,0.00012,0.0001,0.00012,0.00011,0.0001,0.000122214,0.00014558,0.00013602,0.000129299
9,27,19,0.0001,0.00011,0.0001,0.00012,0.00011,0.0001,0.000122759,0.00014637,0.00014277,0.000131903
9,27,20,0.0001,0.00011,0.00009,0.00012,0.00011,0.0001,0.000123709,0.00014252,0.00014542,0.000128079
9,27,21,0.0001,0.00011,0.00009,0.00012,0.00011,0.0001,0.000124588,0.00013382,0.00013952,0.000122931
9,27,22,0.0001,0.00011,0.00009,0.00012,0.00011,0.0001,0.000124438,0.00012133,0.0001269,0.000116477
9,27,23,0.0001,0.00011,0.00009,0.00012,0.00011,0.0001,0.000123039,0.00011032,0.00011332,0.00010986
9,28,0,0.00011,0.0001,0.0001,0.00012,0.00012,0.0001,0.000117739,0.00010314,8.86E-05,0.000104195
9,28,1,0.00011,0.0001,0.0001,0.00012,0.00012,0.0001,0.00011289,9.97E-05,8.84E-05,0.000100315
9,28,2,0.00011,0.00011,0.00011,0.00012,0.00012,0.0001,0.00011049,9.73E-05,8.83E-05,9.73E-05
9,28,3,0.00011,0.00011,0.0001,0.00012,0.00012,0.00011,0.00010734,9.65E-05,9.02E-05,9.51E-05
9,28,4,0.00011,0.00011,0.0001,0.00012,0.00013,0.00011,0.00010664,0.0001001,9.21E-05,9.52E-05
9,28,5,0.00011,0.00011,0.00009,0.00012,0.00013,0.00011,0.00010459,0.0001077,9.60E-05,9.79E-05
9,28,6,0.00011,0.00011,0.00009,0.00012,0.00013,0.00011,0.00010659,0.00010895,0.00010166,9.95E-05
9,28,7,0.00011,0.00011,0.0001,0.00012,0.00013,0.00011,0.00010711,0.00011561,0.00010798,0.000104379
9,28,8,0.0001,0.0001,0.0001,0.00012,0.00012,0.00011,0.00010869,0.00012343,0.00011188,0.000110791
9,28,9,0.00011,0.0001,0.0001,0.00012,0.00012,0.00011,0.00011269,0.00012823,0.00011461,0.000114277
9,28,10,0.00011,0.00011,0.00011,0.00012,0.00012,0.00011,0.000116489,0.00013447,0.00011306,0.000118328
9,28,11,0.00011,0.00011,0.00013,0.00012,0.00012,0.00011,0.000123589,0.00013793,0.00011203,0.000123251
9,28,12,0.00011,0.00013,0.00016,0.00012,0.00012,0.00011,0.000125138,0.00013461,0.00011071,0.00012347
9,28,13,0.00012,0.00013,0.00015,0.00013,0.00013,0.00012,0.000126388,0.00013613,0.00011026,0.000124496
9,28,14,0.00012,0.00014,0.00016,0.00013,0.00013,0.00011,0.000128788,0.00013831,0.00011004,0.000125225
9,28,15,0.00012,0.00013,0.00015,0.00013,0.00013,0.00011,0.000127888,0.0001375,0.00011196,0.000124749
9,28,16,0.00011,0.00013,0.00014,0.00013,0.00013,0.00011,0.000124188,0.00013603,0.00011626,0.000122189
9,28,17,0.00011,0.00012,0.00012,0.00013,0.00012,0.00011,0.000133988,0.00013402,0.00012431,0.000120629
9,28,18,0.0001,0.00012,0.00011,0.00012,0.00012,0.0001,0.000144987,0.00014655,0.00013427,0.000129299
9,28,19,0.0001,0.00011,0.0001,0.00012,0.00012,0.0001,0.000146986,0.00014703,0.00014084,0.000131903
9,28,20,0.0001,0.00011,0.0001,0.00012,0.00011,0.0001,0.000142987,0.00014318,0.00014465,0.000128079
9,28,21,0.0001,0.00011,0.0001,0.00012,0.00011,0.0001,0.000142587,0.00013401,0.00013915,0.000122931
9,28,22,0.0001,0.00011,0.00009,0.00012,0.00011,0.0001,0.000140987,0.00012156,0.0001273,0.000116477
9,28,23,0.00011,0.00011,0.0001,0.00012,0.00012,0.0001,0.000140487,0.00011062,0.00011314,0.00010986
9,29,0,0.00011,0.0001,0.0001,0.00012,0.00012,0.0001,0.000135587,0.00010425,8.78E-05,0.000104195
9,29,1,0.00011,0.00011,0.00011,0.00012,0.00013,0.0001,0.000131488,0.00010036,8.73E-05,0.000100315
9,29,2,0.00012,0.00011,0.0001,0.00012,0.00013,0.0001,0.000126488,9.78E-05,8.86E-05,9.73E-05
9,29,3,0.00012,0.00011,0.0001,0.00012,0.00012,0.0001,0.000123989,9.67E-05,8.97E-05,9.51E-05
9,29,4,0.00012,0.00011,0.0001,0.00012,0.00013,0.00011,0.000122489,0.00010041,9.26E-05,9.52E-05
9,29,5,0.00012,0.00011,0.00009,0.00012,0.00013,0.00011,0.000119189,0.00010846,9.56E-05,9.79E-05
9,29,6,0.00012,0.00011,0.00009,0.00012,0.00012,0.00011,0.000118489,0.00011019,0.00010191,9.95E-05
9,29,7,0.00011,0.00011,0.0001,0.00012,0.00012,0.0001,0.000119789,0.00011682,0.00010735,0.000104379
9,29,8,0.00011,0.0001,0.0001,0.00012,0.00012,0.00011,0.000120589,0.00012474,0.00011144,0.000110791
9,29,9,0.00011,0.00011,0.00011,0.00012,0.00012,0.00011,0.000120889,0.00012902,0.00011272,0.000114277
9,29,10,0.00012,0.00011,0.00011,0.00012,0.00012,0.00011,0.000124538,0.00013519,0.00011374,0.000118328
9,29,11,0.00012,0.00012,0.00013,0.00012,0.00012,0.00011,0.000128588,0.0001384,0.00011056,0.000123251
9,29,12,0.00012,0.00013,0.00015,0.00012,0.00012,0.00011,0.000133188,0.0001344,0.00010986,0.00012347
9,29,13,0.00012,0.00014,0.00015,0.00013,0.00013,0.00012,0.000134987,0.00013558,0.00011045,0.000124496
9,29,14,0.00013,0.00014,0.00016,0.00013,0.00013,0.00011,0.000135487,0.0001381,0.00010929,0.000125225
9,29,15,0.00012,0.00013,0.00016,0.00013,0.00013,0.00011,0.000133488,0.0001378,0.00011155,0.000124749
9,29,16,0.00011,0.00012,0.00015,0.00012,0.00012,0.00011,0.000130488,0.00013544,0.0001144,0.000122189
9,29,17,0.00011,0.00012,0.00013,0.00012,0.00012,0.00011,0.000143987,0.00013449,0.00012329,0.000120629
9,29,18,0.0001,0.00012,0.00014,0.00012,0.00011,0.0001,0.000150986,0.00014664,0.00013387,0.000129299
9,29,19,0.0001,0.00011,0.00012,0.00012,0.00011,0.0001,0.000151986,0.00014544,0.00014158,0.000131903
9,29,20,0.0001,0.00011,0.00012,0.00012,0.00011,0.0001,0.000150486,0.00014099,0.00014366,0.000128079
9,29,21,0.0001,0.00011,0.00011,0.00012,0.00011,0.0001,0.000150186,0.00013287,0.00013813,0.000122931
9,29,22,0.0001,0.00011,0.00011,0.00012,0.00011,0.0001,0.000151486,0.00012103,0.00012603,0.000116477
9,29,23,0.00011,0.00011,0.00012,0.00012,0.00011,0.0001,0.000148486,0.00011004,0.000113,0.00010986
9,30,0,0.00011,0.00011,0.00012,0.00012,0.00011,0.0001,0.000142987,0.00010334,8.83E-05,0.000104195
9,30,1,0.00011,0.0001,0.00012,0.00012,0.00012,0.0001,0.000140987,9.93E-05,8.71E-05,0.000100315
9,30,2,0.00012,0.0001,0.00012,0.00012,0.00012,0.0001,0.000138987,9.64E-05,8.81E-05,9.73E-05
9,30,3,0.00012,0.0001,0.00012,0.00011,0.00012,0.0001,0.000134987,9.60E-05,8.80E-05,9.51E-05
9,30,4,0.00012,0.00011,0.00012,0.00011,0.00012,0.00011,0.000131988,9.94E-05,9.09E-05,9.52E-05
9,30,5,0.00012,0.0001,0.00012,0.00011,0.00012,0.00011,0.000127988,0.00010682,9.51E-05,9.79E-05
9,30,6,0.00012,0.0001,0.00012,0.00011,0.00012,0.00011,0.000127988,0.00010919,0.00010089,9.95E-05
9,30,7,0.00012,0.0001,0.00012,0.00011,0.00012,0.0001,0.000124988,0.0001162,0.00010539,0.000104379
9,30,8,0.00012,0.0001,0.00013,0.00011,0.00012,0.0001,0.000127488,0.00012355,0.00011118,0.000110791
9,30,9,0.00012,0.0001,0.00014,0.00011,0.00011,0.0001,0.000130988,0.00012798,0.00011241,0.000114277
9,30,10,0.00012,0.0001,0.00013,0.00011,0.00011,0.0001,0.000133988,0.00013263,0.00011184,0.000118328
9,30,11,0.00012,0.00011,0.00015,0.00011,0.00011,0.0001,0.000136487,0.00013649,0.00011032,0.000123251
9,30,12,0.00012,0.00013,0.00016,0.00011,0.00011,0.00011,0.000138487,0.00013321,0.00010887,0.00012347
9,30,13,0.00012,0.00014,0.00017,0.00012,0.00012,0.00011,0.000139487,0.00013396,0.00010966,0.000124496
9,30,14,0.00013,0.00013,0.00017,0.00013,0.00012,0.00011,0.000140487,0.00013569,0.00010958,0.000125225
9,30,15,0.00013,0.00013,0.00016,0.00012,0.00012,0.00011,0.000139987,0.00013501,0.00011032,0.000124749
9,30,16,0.00012,0.00013,0.00015,0.00012,0.00012,0.00011,0.000135487,0.00013262,0.00011519,0.000122189
9,30,17,0.00011,0.00012,0.00013,0.00012,0.00011,0.0001,0.000143987,0.00013044,0.00012179,0.000120629
9,30,18,0.00011,0.00012,0.00012,0.00012,0.00011,0.0001,0.000153486,0.00014202,0.00013348,0.000129299
9,30,19,0.0001,0.00012,0.00012,0.00012,0.00011,0.0001,0.000154186,0.00014086,0.00014155,0.000131903
9,30,20,0.0001,0.00012,0.00012,0.00012,0.00011,0.0001,0.000151886,0.00013611,0.00014411,0.000128079
9,30,21,0.0001,0.00012,0.00011,0.00011,0.00011,0.0001,0.000150786,0.0001275,0.000139,0.000122931
9,30,22,0.00011,0.00012,0.00012,0.00011,0.00011,0.0001,0.000149986,0.00011751,0.00012652,0.000116477
9,30,23,0.00011,0.00012,0.00012,0.00011,0.00011,0.0001,0.000144987,0.00010791,0.00011354,0.00010986
1,10,0,0.00011,0.00011,0.00012,0.00011,0.00011,0.0001,7.37E-05,9.93E-05,8.80E-05,0.000104195
1,10,1,0.00012,0.00012,0.00013,0.00011,0.00012,0.0001,6.97E-05,9.50E-05,8.78E-05,0.000100315
1,10,2,0.00012,0.00011,0.00013,0.00011,0.00012,0.0001,6.66E-05,9.23E-05,8.75E-05,9.73E-05
1,10,3,0.00012,0.00011,0.00013,0.00011,0.00012,0.00011,6.54E-05,9.02E-05,8.84E-05,9.51E-05
1,10,4,0.00012,0.00011,0.00013,0.00012,0.00012,0.00011,6.49E-05,8.87E-05,9.09E-05,9.52E-05
1,10,5,0.00012,0.00011,0.00013,0.00012,0.00012,0.00011,6.72E-05,8.84E-05,9.32E-05,9.79E-05
1,10,6,0.00012,0.00011,0.00013,0.00012,0.00012,0.00011,7.29E-05,8.49E-05,9.95E-05,9.95E-05
1,10,7,0.00012,0.00011,0.00012,0.00012,0.00012,0.00011,8.42E-05,8.70E-05,0.00010468,0.000104379
1,10,8,0.00012,0.00011,0.00013,0.00012,0.00012,0.00011,8.78E-05,9.22E-05,0.00011012,0.000110791
1,10,9,0.00012,0.00011,0.00013,0.00012,0.00012,0.00011,8.68E-05,9.85E-05,0.00011006,0.000114277
1,10,10,0.00012,0.00011,0.00013,0.00011,0.00012,0.00011,8.85E-05,0.00010195,0.00010968,0.000118328
1,10,11,0.00012,0.00012,0.00015,0.00011,0.00012,0.00011,9.28E-05,0.0001041,0.00010882,0.000123251
1,10,12,0.00012,0.00014,0.00016,0.00012,0.00012,0.00011,9.52E-05,0.00010585,0.00010849,0.00012347
1,10,13,0.00013,0.00014,0.00017,0.00013,0.00013,0.00012,9.01E-05,0.00010467,0.00010763,0.000124496
1,10,14,0.00013,0.00014,0.00017,0.00013,0.00013,0.00011,8.73E-05,0.00010256,0.00010802,0.000125225
1,10,15,0.00013,0.00014,0.00016,0.00012,0.00012,0.00011,8.49E-05,0.00010084,0.00010893,0.000124749
1,10,16,0.00012,0.00013,0.00014,0.00012,0.00012,0.00011,8.67E-05,9.93E-05,0.000113,0.000122189
1,10,17,0.00011,0.00012,0.00013,0.00012,0.00012,0.0001,0.000100761,0.00010073,0.00012032,0.000120629
1,10,18,0.00011,0.00012,0.00012,0.00012,0.00011,0.0001,0.000100281,0.00011638,0.00012993,0.000129299
1,10,19,0.00011,0.00012,0.00012,0.00012,0.00011,0.0001,9.51E-05,0.00012107,0.00013776,0.000131903
1,10,20,0.00011,0.00012,0.00012,0.00011,0.00011,0.0001,9.62E-05,0.00011854,0.00014092,0.000128079
1,10,21,0.00011,0.00012,0.00011,0.00011,0.00011,0.00009,9.09E-05,0.00011378,0.00013259,0.000122931
1,10,22,0.00011,0.00012,0.00011,0.00011,0.00011,0.00009,8.59E-05,0.0001064,0.00012381,0.000116477
1,10,23,0.00011,0.00012,0.00012,0.00011,0.00011,0.0001,8.06E-05,9.97E-05,0.0001107,0.00010986
2,10,0,0.00011,0.00011,0.00012,0.00011,0.00012,0.0001,7.47E-05,0.00010241,8.78E-05,0.000104195
2,10,1,0.00012,0.00011,0.00013,0.00011,0.00012,0.0001,6.99E-05,9.85E-05,8.65E-05,0.000100315
2,10,2,0.00012,0.00011,0.00012,0.00011,0.00012,0.0001,6.85E-05,9.63E-05,8.76E-05,9.73E-05
2,10,3,0.00012,0.00011,0.00012,0.00011,0.00012,0.00011,6.70E-05,9.55E-05,8.95E-05,9.51E-05
2,10,4,0.00012,0.00011,0.00011,0.00011,0.00012,0.00011,6.60E-05,9.98E-05,9.20E-05,9.52E-05
2,10,5,0.00012,0.00011,0.00011,0.00011,0.00012,0.00011,7.03E-05,0.00011073,9.47E-05,9.79E-05
2,10,6,0.00012,0.00011,0.00011,0.00011,0.00012,0.0001,7.91E-05,0.00011095,0.00010032,9.95E-05
2,10,7,0.00012,0.00011,0.00011,0.00011,0.00012,0.0001,8.68E-05,0.00011538,0.00010457,0.000104379
2,10,8,0.00012,0.00011,0.00012,0.00011,0.00012,0.0001,9.10E-05,0.00012261,0.00010887,0.000110791
2,10,9,0.00012,0.00011,0.00013,0.00011,0.00011,0.0001,8.95E-05,0.00012702,0.00011028,0.000114277
2,10,10,0.00012,0.00011,0.00013,0.00011,0.00012,0.0001,9.16E-05,0.00013152,0.00010915,0.000118328
2,10,11,0.00012,0.00012,0.00015,0.00011,0.00012,0.0001,9.45E-05,0.00013465,0.00010901,0.000123251
2,10,12,0.00012,0.00014,0.00015,0.00011,0.00011,0.00011,9.94E-05,0.00013077,0.00010852,0.00012347
2,10,13,0.00012,0.00014,0.00016,0.00012,0.00012,0.00012,9.62E-05,0.00013255,0.00010738,0.000124496
2,10,14,0.00013,0.00014,0.00017,0.00012,0.00012,0.00011,9.04E-05,0.00013543,0.00010842,0.000125225
2,10,15,0.00013,0.00014,0.00016,0.00012,0.00012,0.00011,8.83E-05,0.00013615,0.00011112,0.000124749
2,10,16,0.00012,0.00013,0.00015,0.00012,0.00011,0.00011,8.86E-05,0.00013279,0.00011309,0.000122189
2,10,17,0.00011,0.00013,0.00013,0.00011,0.00011,0.00011,9.80E-05,0.00012981,0.00012067,0.000120629
2,10,18,0.00011,0.00012,0.00011,0.00011,0.00011,0.0001,0.000105615,0.00013837,0.00012961,0.000129299
2,10,19,0.0001,0.00012,0.00011,0.00011,0.00011,0.0001,0.00010289,0.00014367,0.00013782,0.000131903
2,10,20,0.0001,0.00012,0.0001,0.00011,0.00011,0.0001,0.000101541,0.00014005,0.00014024,0.000128079
2,10,21,0.0001,0.00012,0.0001,0.00011,0.00011,0.0001,9.60E-05,0.0001318,0.00013438,0.000122931
2,10,22,0.00011,0.00011,0.0001,0.00011,0.00011,0.0001,9.00E-05,0.00011895,0.0001242,0.000116477
2,10,23,0.00011,0.00012,0.0001,0.00011,0.00011,0.0001,8.64E-05,0.00010856,0.00011049,0.00010986
3,10,0,0.00011,0.00011,0.00011,0.00011,0.00011,0.0001,9.29E-05,9.49E-05,8.72E-05,0.000104195
3,10,1,0.00011,0.00011,0.00012,0.00011,0.00012,0.00011,8.95E-05,9.13E-05,8.72E-05,0.000100315
3,10,2,0.00012,0.00011,0.00012,0.00011,0.00012,0.00011,8.52E-05,8.94E-05,8.77E-05,9.73E-05
3,10,3,0.00012,0.00011,0.00012,0.00011,0.00012,0.00011,8.44E-05,8.93E-05,8.97E-05,9.51E-05
3,10,4,0.00012,0.00011,0.00012,0.00011,0.00012,0.00011,8.33E-05,9.30E-05,9.11E-05,9.52E-05
3,10,5,0.00012,0.00011,0.00011,0.00012,0.00012,0.00011,8.65E-05,0.00010277,9.49E-05,9.79E-05
3,10,6,0.00012,0.00011,0.00011,0.00011,0.00012,0.00011,9.51E-05,0.00010313,9.99E-05,9.95E-05
3,10,7,0.00011,0.00011,0.00011,0.00011,0.00012,0.00011,0.000101091,0.00010736,0.00010513,0.000104379
3,10,8,0.00011,0.00011,0.00011,0.00011,0.00012,0.0001,0.00010399,0.00011572,0.00011003,0.000110791
3,10,9,0.00011,0.00011,0.00012,0.00011,0.00012,0.00011,0.00010549,0.00012089,0.00011082,0.000114277
3,10,10,0.00012,0.00011,0.00013,0.00011,0.00012,0.00011,0.00010824,0.0001267,0.00011046,0.000118328
3,10,11,0.00012,0.00011,0.00015,0.00011,0.00012,0.00011,0.00011299,0.00013117,0.00010922,0.000123251
3,10,12,0.00012,0.00013,0.00017,0.00011,0.00011,0.00011,0.00011329,0.00012727,0.00010848,0.00012347
3,10,13,0.00012,0.00013,0.00016,0.00013,0.00012,0.00012,0.00011069,0.00012601,0.00010868,0.000124496
3,10,14,0.00013,0.00013,0.00016,0.00013,0.00012,0.00012,0.00010789,0.00012974,0.00010839,0.000125225
3,10,15,0.00012,0.00013,0.00016,0.00012,0.00012,0.00011,0.00010579,0.00013074,0.00010961,0.000124749
3,10,16,0.00011,0.00012,0.00014,0.00012,0.00012,0.00011,0.00010429,0.00012918,0.00011313,0.000122189
3,10,17,0.00011,0.00012,0.00012,0.00012,0.00011,0.00011,0.00010824,0.00012587,0.00012178,0.000120629
3,10,18,0.0001,0.00011,0.00011,0.00011,0.00011,0.00011,0.000120114,0.00013359,0.00012936,0.000129299
3,10,19,0.0001,0.00011,0.0001,0.00011,0.00011,0.0001,0.000116879,0.00013757,0.0001373,0.000131903
3,10,20,0.0001,0.0001,0.0001,0.00011,0.00011,0.0001,0.000114839,0.00013249,0.00014072,0.000128079
3,10,21,0.0001,0.00011,0.00009,0.00011,0.00011,0.0001,0.00010819,0.00012369,0.00013467,0.000122931
3,10,22,0.0001,0.00011,0.00009,0.00011,0.0001,0.0001,0.00010409,0.0001117,0.00012411,0.000116477
3,10,23,0.0001,0.00011,0.00009,0.00011,0.00011,0.0001,9.94E-05,0.00010169,0.00011183,0.00010986
4,10,0,0.00011,0.0001,0.00009,0.00011,0.0001,0.00011,0.000117019,9.26E-05,8.85E-05,0.000104195
4,10,1,0.00011,0.0001,0.0001,0.00011,0.00011,0.00011,0.000113679,9.05E-05,8.83E-05,0.000100315
4,10,2,0.00011,0.0001,0.0001,0.00011,0.00012,0.00011,0.00011174,8.83E-05,8.66E-05,9.73E-05
4,10,3,0.00011,0.0001,0.0001,0.00011,0.00011,0.00011,0.00010974,8.62E-05,8.79E-05,9.51E-05
4,10,4,0.00011,0.0001,0.0001,0.00011,0.00011,0.00011,9.84E-05,8.56E-05,9.12E-05,9.52E-05
4,10,5,0.00011,0.0001,0.0001,0.00011,0.00011,0.00011,9.17E-05,8.49E-05,9.51E-05,9.79E-05
4,10,6,0.00011,0.0001,0.00011,0.00011,0.00011,0.0001,8.84E-05,8.16E-05,9.98E-05,9.95E-05
4,10,7,0.0001,0.0001,0.0001,0.00011,0.00011,0.0001,9.00E-05,8.51E-05,0.00010604,0.000104379
4,10,8,0.0001,0.0001,0.0001,0.00011,0.0001,0.0001,9.17E-05,8.95E-05,0.00011119,0.000110791
4,10,9,0.00011,0.0001,0.0001,0.00011,0.0001,0.0001,9.54E-05,9.30E-05,0.00011053,0.000114277
4,10,10,0.00011,0.0001,0.00011,0.00011,0.0001,0.0001,9.82E-05,9.64E-05,0.0001112,0.000118328
4,10,11,0.00011,0.00011,0.00013,0.00011,0.0001,0.0001,0.000100481,9.89E-05,0.00010958,0.000123251
4,10,12,0.00011,0.00013,0.00016,0.00011,0.0001,0.00011,0.00010496,0.00010049,0.00010808,0.00012347
4,10,13,0.00012,0.00013,0.00016,0.00012,0.00012,0.00012,0.00011042,9.92E-05,0.00010917,0.000124496
4,10,14,0.00012,0.00013,0.00015,0.00012,0.00012,0.00012,0.00010931,9.65E-05,0.0001092,0.000125225
4,10,15,0.00012,0.00013,0.00015,0.00012,0.00012,0.00011,0.00010677,9.48E-05,0.0001101,0.000124749
4,10,16,0.00011,0.00013,0.00013,0.00012,0.00011,0.00011,0.00010592,9.37E-05,0.00011354,0.000122189
4,10,17,0.00011,0.00012,0.00011,0.00012,0.00011,0.00011,0.00011022,9.75E-05,0.00012139,0.000120629
4,10,18,0.0001,0.00012,0.0001,0.00011,0.00011,0.00011,0.000118479,0.0001145,0.00013067,0.000129299
4,10,19,0.0001,0.00012,0.00009,0.00011,0.00011,0.0001,0.000119449,0.00012005,0.00013807,0.000131903
4,10,20,0.0001,0.00011,0.00009,0.00011,0.00011,0.0001,0.000117699,0.00011878,0.00014005,0.000128079
4,10,21,0.0001,0.00011,0.00009,0.00011,0.00011,0.0001,0.000116729,0.00011329,0.00013599,0.000122931
4,10,22,0.0001,0.00011,0.00009,0.00011,0.00011,0.0001,0.000115509,0.00010376,0.00012552,0.000116477
4,10,23,0.00011,0.00011,0.00009,0.00011,0.00011,0.0001,0.000114289,9.64E-05,0.000112,0.00010986
5,10,0,0.00011,0.00011,0.0001,0.00012,0.00011,0.00011,0.000114859,8.18E-05,8.74E-05,0.000104195
5,10,1,0.00011,0.00011,0.0001,0.00012,0.00012,0.00011,0.00010942,7.90E-05,8.87E-05,0.000100315
5,10,2,0.00011,0.00011,0.0001,0.00011,0.00012,0.00011,0.00010626,7.85E-05,8.80E-05,9.73E-05
5,10,3,0.00011,0.00011,0.0001,0.00012,0.00012,0.00012,0.000100911,7.91E-05,8.88E-05,9.51E-05
5,10,4,0.00011,0.00011,0.0001,0.00012,0.00012,0.00012,9.76E-05,8.31E-05,9.11E-05,9.52E-05
5,10,5,0.00011,0.00011,0.00009,0.00012,0.00011,0.00012,9.41E-05,9.25E-05,9.47E-05,9.79E-05
5,10,6,0.00011,0.00011,0.0001,0.00012,0.00011,0.00011,9.31E-05,9.49E-05,9.99E-05,9.95E-05
5,10,7,0.00011,0.00011,0.0001,0.00012,0.00011,0.00011,9.08E-05,0.00010045,0.00010554,0.000104379
5,10,8,0.00011,0.00011,0.00011,0.00012,0.00011,0.00011,9.22E-05,0.00010951,0.00010888,0.000110791
5,10,9,0.00011,0.00011,0.00011,0.00012,0.00011,0.00011,9.59E-05,0.00011401,0.00011122,0.000114277
5,10,10,0.00011,0.00011,0.00012,0.00011,0.00011,0.00011,9.91E-05,0.00011788,0.0001107,0.000118328
5,10,11,0.00011,0.00012,0.00014,0.00011,0.00011,0.00011,0.00010724,0.00012289,0.00010948,0.000123251
5,10,12,0.00011,0.00014,0.00016,0.00012,0.00011,0.00012,0.000113689,0.00012038,0.00010929,0.00012347
5,10,13,0.00012,0.00014,0.00016,0.00012,0.00012,0.00012,0.00011129,0.00011974,0.00011005,0.000124496
5,10,14,0.00012,0.00014,0.00016,0.00012,0.00012,0.00012,0.00011332,0.0001223,0.00010966,0.000125225
5,10,15,0.00012,0.00014,0.00016,0.00012,0.00012,0.00012,0.00011118,0.00012319,0.00011014,0.000124749
5,10,16,0.00011,0.00013,0.00014,0.00012,0.00012,0.00011,0.00010745,0.00012133,0.00011426,0.000122189
5,10,17,0.00011,0.00012,0.00012,0.00012,0.00011,0.00011,0.000102371,0.00011906,0.00012042,0.000120629
5,10,18,0.0001,0.00012,0.00009,0.00012,0.00011,0.00011,0.000122964,0.00013094,0.00013063,0.000129299
5,10,19,0.0001,0.00011,0.0001,0.00012,0.00011,0.0001,0.000126078,0.00013476,0.00013855,0.000131903
5,10,20,0.0001,0.00011,0.00008,0.00012,0.00011,0.0001,0.000127858,0.00013031,0.00014129,0.000128079
5,10,21,0.0001,0.00011,0.00008,0.00012,0.00011,0.0001,0.000126318,0.00012225,0.00013557,0.000122931
5,10,22,0.00011,0.00011,0.00008,0.00011,0.0001,0.0001,0.000127708,0.00010693,0.00012489,0.000116477
5,10,23,0.00011,0.00011,0.00009,0.00011,0.00011,0.0001,0.000126178,9.58E-05,0.0001128,0.00010986
6,10,0,0.00011,0.00011,0.0001,0.00012,0.00011,0.00011,0.000153486,9.73E-05,8.84E-05,0.000104195
6,10,1,0.00011,0.00011,0.0001,0.00012,0.00011,0.00011,0.000148986,9.39E-05,8.88E-05,0.000100315
6,10,2,0.00012,0.00011,0.0001,0.00012,0.00012,0.00011,0.000142987,9.13E-05,8.75E-05,9.73E-05
6,10,3,0.00012,0.00011,0.0001,0.00012,0.00011,0.00012,0.000137487,9.04E-05,8.98E-05,9.51E-05
6,10,4,0.00012,0.00011,0.0001,0.00012,0.00012,0.00012,0.000130988,9.44E-05,9.12E-05,9.52E-05
6,10,5,0.00012,0.00011,0.0001,0.00012,0.00012,0.00012,0.000119989,0.0001002,9.64E-05,9.79E-05
6,10,6,0.00012,0.00012,0.0001,0.00012,0.00011,0.00011,0.000113859,0.00010343,0.00010081,9.95E-05
6,10,7,0.00012,0.00011,0.00009,0.00012,0.00011,0.00011,0.00010962,0.00011151,0.00010596,0.000104379
6,10,8,0.00012,0.00011,0.00011,0.00012,0.00011,0.00011,0.000115799,0.00011888,0.00011062,0.000110791
6,10,9,0.00012,0.00011,0.00011,0.00012,0.00011,0.00011,0.000123099,0.00012221,0.00011102,0.000114277
6,10,10,0.00012,0.00012,0.00012,0.00012,0.00011,0.00011,0.000126188,0.00012685,0.00011065,0.000118328
6,10,11,0.00012,0.00012,0.00014,0.00012,0.00011,0.00011,0.000132488,0.00012934,0.000111,0.000123251
6,10,12,0.00012,0.00014,0.00017,0.00012,0.00011,0.00011,0.000132488,0.00012651,0.00010926,0.00012347
6,10,13,0.00012,0.00014,0.00016,0.00013,0.00012,0.00012,0.000133098,0.00012673,0.00010861,0.000124496
6,10,14,0.00013,0.00014,0.00017,0.00013,0.00012,0.00012,0.000136937,0.00012972,0.00010897,0.000125225
6,10,15,0.00013,0.00014,0.00017,0.00013,0.00012,0.00011,0.000138637,0.00012986,0.00011,0.000124749
6,10,16,0.00012,0.00013,0.00015,0.00013,0.00012,0.00011,0.000135087,0.00012776,0.00011386,0.000122189
6,10,17,0.00011,0.00012,0.00013,0.00012,0.00011,0.00011,0.000131418,0.00012419,0.00012157,0.000120629
6,10,18,0.00011,0.00012,0.00012,0.00012,0.00011,0.00011,0.000147866,0.00013168,0.0001304,0.000129299
6,10,19,0.0001,0.00012,0.00011,0.00013,0.00011,0.0001,0.000150486,0.00013823,0.00013836,0.000131903
6,10,20,0.0001,0.00011,0.0001,0.00012,0.0001,0.0001,0.000154486,0.00013209,0.00014041,0.000128079
6,10,21,0.0001,0.00011,0.0001,0.00012,0.0001,0.0001,0.000150786,0.00012436,0.00013585,0.000122931
6,10,22,0.00011,0.00011,0.0001,0.00012,0.0001,0.0001,0.000152986,0.00011599,0.00012403,0.000116477
6,10,23,0.00011,0.00012,0.00011,0.00012,0.0001,0.0001,0.000152486,0.00010541,0.00011176,0.00010986
7,10,0,0.00011,0.00011,0.0001,0.00012,0.00011,0.00011,0.000148986,0.00010014,8.85E-05,0.000104195
7,10,1,0.00012,0.00011,0.00012,0.00012,0.00012,0.00011,0.000145986,9.47E-05,8.84E-05,0.000100315
7,10,2,0.00012,0.00011,0.00012,0.00012,0.00012,0.00011,0.000144487,9.23E-05,8.84E-05,9.73E-05
7,10,3,0.00012,0.00011,0.00011,0.00012,0.00011,0.00011,0.000142487,9.05E-05,9.03E-05,9.51E-05
7,10,4,0.00012,0.00011,0.00012,0.00012,0.00011,0.00011,0.000139987,8.92E-05,9.18E-05,9.52E-05
7,10,5,0.00012,0.00011,0.00011,0.00012,0.00011,0.00011,0.000131988,8.76E-05,9.53E-05,9.79E-05
7,10,6,0.00012,0.00011,0.00011,0.00012,0.00011,0.00011,0.000131488,8.43E-05,0.00010131,9.95E-05
7,10,7,0.00012,0.00011,0.00011,0.00012,0.00011,0.00011,0.000131688,8.90E-05,0.00010712,0.000104379
7,10,8,0.00012,0.0001,0.00011,0.00012,0.00011,0.00011,0.000132488,9.48E-05,0.00010978,0.000110791
7,10,9,0.00012,0.00011,0.00012,0.00012,0.00011,0.00011,0.000120989,9.97E-05,0.00011155,0.000114277
7,10,10,0.00012,0.00011,0.00012,0.00012,0.0001,0.00011,0.000137187,0.00010276,0.00011061,0.000118328
7,10,11,0.00012,0.00011,0.00014,0.00012,0.0001,0.00011,0.000137987,0.00010516,0.00011112,0.000123251
7,10,12,0.00012,0.00013,0.00017,0.00012,0.00011,0.00011,0.000140987,0.00010604,0.00010983,0.00012347
7,10,13,0.00013,0.00014,0.00017,0.00013,0.00012,0.00012,0.000138987,0.00010582,0.00010863,0.000124496
7,10,14,0.00013,0.00014,0.00017,0.00013,0.00012,0.00012,0.000141987,0.00010452,0.00010872,0.000125225
7,10,15,0.00013,0.00014,0.00017,0.00013,0.00012,0.00011,0.000142987,0.0001032,0.0001086,0.000124749
7,10,16,0.00012,0.00013,0.00015,0.00013,0.00012,0.00011,0.000139987,0.00010204,0.0001144,0.000122189
7,10,17,0.00011,0.00012,0.00013,0.00013,0.00011,0.00011,0.000135987,0.00010054,0.00012098,0.000120629
7,10,18,0.00011,0.00012,0.00012,0.00013,0.00011,0.0001,0.000149486,0.00011299,0.00013029,0.000129299
7,10,19,0.00011,0.00011,0.00011,0.00013,0.0001,0.0001,0.000150986,0.00012274,0.00013898,0.000131903
7,10,20,0.00011,0.00011,0.00011,0.00012,0.0001,0.0001,0.000154986,0.00012186,0.0001405,0.000128079
7,10,21,0.00011,0.00011,0.00011,0.00012,0.00009,0.0001,0.000155986,0.000117,0.00013529,0.000122931
7,10,22,0.00011,0.00011,0.00011,0.00012,0.0001,0.0001,0.000154986,0.00010902,0.00012524,0.000116477
7,10,23,0.00011,0.00011,0.00011,0.00012,0.0001,0.0001,0.000154486,0.00010031,0.00011253,0.00010986
8,10,0,0.00011,0.00011,0.00012,0.00013,0.00011,0.00011,0.000129988,0.00010119,8.73E-05,0.000104195
8,10,1,0.00012,0.00011,0.00012,0.00012,0.00011,0.00011,0.000125988,9.77E-05,8.89E-05,0.000100315
8,10,2,0.00012,0.00011,0.00012,0.00012,0.00011,0.00011,0.000123589,9.58E-05,8.85E-05,9.73E-05
8,10,3,0.00012,0.00011,0.00012,0.00012,0.00011,0.00011,0.000117489,9.53E-05,9.05E-05,9.51E-05
8,10,4,0.00012,0.00012,0.00011,0.00012,0.00011,0.00011,0.000118589,9.88E-05,9.17E-05,9.52E-05
8,10,5,0.00012,0.00012,0.00012,0.00012,0.00012,0.00011,0.00011179,0.00010687,9.54E-05,9.79E-05
8,10,6,0.00012,0.00011,0.00012,0.00012,0.00012,0.00011,0.00011199,0.00010851,0.0001005,9.95E-05
8,10,7,0.00012,0.00011,0.00012,0.00012,0.00012,0.00011,0.00011099,0.00011476,0.00010628,0.000104379
8,10,8,0.00012,0.00011,0.00013,0.00012,0.00012,0.00011,0.000114989,0.00012225,0.00010939,0.000110791
8,10,9,0.00012,0.00012,0.00013,0.00012,0.00011,0.00011,0.000116239,0.00012686,0.00011315,0.000114277
8,10,10,0.00012,0.00012,0.00013,0.00012,0.00011,0.00011,0.000119989,0.00013191,0.00011028,0.000118328
8,10,11,0.00012,0.00012,0.00014,0.00012,0.00011,0.00011,0.000122689,0.0001349,0.00010987,0.000123251
8,10,12,0.00012,0.00014,0.00018,0.00012,0.00011,0.00011,0.000125738,0.00013145,0.0001095,0.00012347
8,10,13,0.00013,0.00015,0.00018,0.00013,0.00013,0.00012,0.000126988,0.00013212,0.00010824,0.000124496
8,10,14,0.00013,0.00015,0.00018,0.00013,0.00013,0.00012,0.000127688,0.0001355,0.00010867,0.000125225
8,10,15,0.00013,0.00015,0.00017,0.00013,0.00012,0.00011,0.000125188,0.00013534,0.00011148,0.000124749
8,10,16,0.00012,0.00014,0.00016,0.00013,0.00012,0.00011,0.000120989,0.00013307,0.00011351,0.000122189
8,10,17,0.00011,0.00013,0.00014,0.00013,0.00011,0.00011,0.000116989,0.00013036,0.00012275,0.000120629
8,10,18,0.00011,0.00013,0.00012,0.00012,0.00011,0.00011,0.000136637,0.00013944,0.00013104,0.000129299
8,10,19,0.00011,0.00012,0.00012,0.00012,0.00011,0.0001,0.000140487,0.00014477,0.00013911,0.000131903
8,10,20,0.00011,0.00012,0.00011,0.00012,0.0001,0.0001,0.000141287,0.00014026,0.0001427,0.000128079
8,10,21,0.00011,0.00012,0.00011,0.00012,0.0001,0.0001,0.000140287,0.00013329,0.00013635,0.000122931
8,10,22,0.00011,0.00012,0.00011,0.00012,0.0001,0.0001,0.000140387,0.00012056,0.00012541,0.000116477
8,10,23,0.00011,0.00012,0.00011,0.00012,0.00011,0.0001,0.000139587,0.00011022,0.00011211,0.00010986
9,10,0,0.00012,0.00012,0.00012,0.00012,0.00012,0.00011,0.000152986,0.00010338,8.85E-05,0.000104195
9,10,1,0.00012,0.00011,0.00012,0.00011,0.00012,0.00011,0.000149986,9.97E-05,8.85E-05,0.000100315
9,10,2,0.00012,0.00011,0.00012,0.00011,0.00012,0.00011,0.000146986,9.68E-05,8.89E-05,9.73E-05
9,10,3,0.00012,0.00011,0.00012,0.00011,0.00012,0.00011,0.000144987,9.59E-05,9.10E-05,9.51E-05
9,10,4,0.00012,0.00011,0.00012,0.00011,0.00012,0.00011,0.000142987,9.67E-05,9.13E-05,9.52E-05
9,10,5,0.00012,0.00011,0.00012,0.0001,0.00012,0.00011,0.000138987,9.83E-05,9.59E-05,9.79E-05
9,10,6,0.00012,0.00011,0.00012,0.0001,0.00012,0.00011,0.000137987,0.00010052,0.00010046,9.95E-05
9,10,7,0.00012,0.00011,0.00012,0.0001,0.00012,0.00011,0.000137987,0.00010924,0.00010711,0.000104379
9,10,8,0.00012,0.00011,0.00013,0.0001,0.00012,0.00011,0.000139987,0.00011825,0.00011045,0.000110791
9,10,9,0.00012,0.00011,0.00013,0.0001,0.00012,0.00011,0.000142987,0.0001246,0.00011184,0.000114277
9,10,10,0.00012,0.00011,0.00013,0.0001,0.00012,0.00011,0.000145487,0.00012876,0.00011071,0.000118328
9,10,11,0.00012,0.00011,0.00015,0.0001,0.00012,0.00011,0.000146986,0.00013088,0.00010996,0.000123251
9,10,12,0.00012,0.00013,0.00018,0.00011,0.00012,0.00011,0.000146486,0.0001273,0.00010962,0.00012347
9,10,13,0.00013,0.00013,0.00018,0.00012,0.00013,0.00012,0.000147486,0.00012269,0.00010813,0.000124496
9,10,14,0.00013,0.00014,0.00018,0.00012,0.00013,0.00012,0.000147736,0.00011929,0.00010719,0.000125225
9,10,15,0.00013,0.00013,0.00017,0.00011,0.00012,0.00011,0.000146986,0.00011786,0.00010951,0.000124749
9,10,16,0.00012,0.00013,0.00016,0.00011,0.00012,0.00011,0.000145986,0.00011601,0.00011444,0.000122189
9,10,17,0.00011,0.00013,0.00014,0.00011,0.00012,0.00011,0.000141987,0.00011677,0.00012228,0.000120629
9,10,18,0.00011,0.00012,0.00013,0.00011,0.00011,0.0001,0.000155986,0.00013074,0.00012996,0.000129299
9,10,19,0.00011,0.00012,0.00013,0.00011,0.00011,0.0001,0.000158485,0.0001321,0.00013955,0.000131903
9,10,20,0.0001,0.00011,0.00013,0.0001,0.00011,0.0001,0.000158985,0.00012771,0.0001413,0.000128079
9,10,21,0.0001,0.00011,0.00013,0.0001,0.0001,0.0001,0.000157185,0.00012059,0.00013582,0.000122931
9,10,22,0.00011,0.00011,0.00013,0.0001,0.00011,0.0001,0.000156486,0.00011063,0.00012401,0.000116477
9,10,23,0.00011,0.00011,0.00013,0.0001,0.00011,0.0001,0.000154686,0.00010185,0.00011216,0.00010986
10,10,0,0.00011,0.0001,0.00013,0.00011,0.00011,0.0001,0.000120289,9.39E-05,8.67E-05,0.000104195
10,10,1,0.00012,0.0001,0.00013,0.0001,0.00012,0.00011,0.000116289,9.06E-05,8.89E-05,0.000100315
10,10,2,0.00012,0.0001,0.00013,0.0001,0.00012,0.0001,0.00011269,8.82E-05,8.94E-05,9.73E-05
10,10,3,0.00012,0.0001,0.00013,0.0001,0.00012,0.00011,0.00011119,8.79E-05,9.03E-05,9.51E-05
10,10,4,0.00012,0.0001,0.00013,0.00011,0.00012,0.00011,0.00010949,9.08E-05,9.24E-05,9.52E-05
10,10,5,0.00012,0.0001,0.00013,0.00011,0.00012,0.00011,0.00010489,9.56E-05,9.63E-05,9.79E-05
10,10,6,0.00012,0.0001,0.00013,0.00011,0.00012,0.00011,0.00010499,9.99E-05,0.00010089,9.95E-05
10,10,7,0.00012,0.0001,0.00013,0.00011,0.00012,0.00011,0.00010699,0.00010959,0.00010616,0.000104379
10,10,8,0.00012,0.0001,0.00013,0.00011,0.00012,0.00011,0.00010919,0.00011923,0.00011111,0.000110791
10,10,9,0.00012,0.0001,0.00013,0.00011,0.00012,0.00011,0.00011059,0.00012439,0.00011105,0.000114277
10,10,10,0.00012,0.00009,0.00012,0.0001,0.00011,0.00011,0.000114829,0.00012946,0.00011175,0.000118328
10,10,11,0.00012,0.00009,0.00015,0.0001,0.00011,0.0001,0.000117839,0.00013319,0.00011018,0.000123251
10,10,12,0.00012,0.00011,0.00017,0.00011,0.00011,0.00011,0.000123589,0.00013064,0.00011025,0.00012347
10,10,13,0.00012,0.00011,0.00017,0.00012,0.00012,0.00012,0.000124588,0.00013029,0.00010735,0.000124496
10,10,14,0.00013,0.00011,0.00017,0.00012,0.00012,0.00012,0.000126588,0.00013261,0.00010909,0.000125225
10,10,15,0.00012,0.00011,0.00016,0.00012,0.00012,0.00011,0.000122289,0.00013293,0.00010936,0.000124749
10,10,16,0.00011,0.00011,0.00015,0.00012,0.00011,0.00011,0.000117989,0.00013056,0.00011382,0.000122189
10,10,17,0.00011,0.0001,0.00014,0.00012,0.00011,0.00011,0.000133488,0.00013075,0.00012177,0.000120629
10,10,18,0.0001,0.0001,0.00012,0.00011,0.00011,0.0001,0.000137487,0.00014257,0.00013115,0.000129299
10,10,19,0.0001,0.00009,0.00012,0.00011,0.0001,0.0001,0.000135987,0.00014184,0.00013971,0.000131903
10,10,20,0.0001,0.00009,0.00011,0.00011,0.0001,0.0001,0.000135387,0.0001371,0.00014196,0.000128079
10,10,21,0.0001,0.00009,0.00011,0.0001,0.0001,0.0001,0.000133448,0.00012785,0.00013582,0.000122931
10,10,22,0.0001,0.00009,0.0001,0.0001,0.0001,0.0001,0.000132268,0.00011638,0.00012509,0.000116477
10,10,23,0.00011,0.00008,0.00011,0.0001,0.00011,0.0001,0.000131988,0.00010625,0.00011249,0.00010986
11,10,0,0.00011,0.00008,0.00011,0.00011,0.00011,0.0001,0.000100961,0.00010097,8.82E-05,0.000104195
11,10,1,0.00011,0.00007,0.00011,0.0001,0.00011,0.0001,9.73E-05,9.75E-05,8.79E-05,0.000100315
11,10,2,0.00011,0.00007,0.00011,0.0001,0.00012,0.0001,9.30E-05,9.58E-05,8.86E-05,9.73E-05
11,10,3,0.00011,0.00011,0.00011,0.0001,0.00011,0.0001,8.97E-05,9.46E-05,9.07E-05,9.51E-05
11,10,4,0.00011,0.00011,0.00011,0.0001,0.00011,0.0001,8.76E-05,9.93E-05,9.20E-05,9.52E-05
11,10,5,0.00011,0.0001,0.00011,0.0001,0.00011,0.0001,8.86E-05,0.00010759,9.59E-05,9.79E-05
11,10,6,0.00011,0.0001,0.0001,0.0001,0.00011,0.00009,9.37E-05,0.00011002,0.00010221,9.95E-05
11,10,7,0.00011,0.00011,0.0001,0.0001,0.00011,0.00009,9.74E-05,0.00011604,0.00010668,0.000104379
11,10,8,0.00011,0.0001,0.0001,0.0001,0.00011,0.00009,9.91E-05,0.00012521,0.00010957,0.000110791
11,10,9,0.00011,0.00009,0.0001,0.0001,0.00011,0.00009,0.000101301,0.00012886,0.0001115,0.000114277
11,10,10,0.00011,0.0001,0.00011,0.0001,0.0001,0.00009,0.00010555,0.00013294,0.00011293,0.000118328
11,10,11,0.00011,0.00011,0.00013,0.0001,0.0001,0.00009,0.00011125,0.00013662,0.00011045,0.000123251
11,10,12,0.00011,0.00009,0.00016,0.0001,0.00011,0.00009,0.00010974,0.00013418,0.00010934,0.00012347
11,10,13,0.00012,0.00009,0.00016,0.00011,0.00011,0.00011,0.00011149,0.00013469,0.00010808,0.000124496
11,10,14,0.00013,0.00009,0.00015,0.00011,0.00011,0.0001,0.00011099,0.00013683,0.00010935,0.000125225
11,10,15,0.00012,0.00009,0.00014,0.00011,0.00011,0.0001,0.00010859,0.00013622,0.00011085,0.000124749
11,10,16,0.00011,0.00008,0.00013,0.00011,0.00011,0.0001,0.00011099,0.00013553,0.00011522,0.000122189
11,10,17,0.00011,0.00007,0.00013,0.00011,0.00011,0.0001,0.000124488,0.00013817,0.00012189,0.000120629
11,10,18,0.0001,0.0001,0.00011,0.0001,0.0001,0.00009,0.000122714,0.00014767,0.00013102,0.000129299
11,10,19,0.0001,0.00011,0.00011,0.0001,0.0001,0.00009,0.000120719,0.00014521,0.00014066,0.000131903
11,10,20,0.0001,0.0001,0.0001,0.0001,0.0001,0.00009,0.000117889,0.00013986,0.00014152,0.000128079
11,10,21,0.0001,0.0001,0.0001,0.00009,0.0001,0.00009,0.000115229,0.00012975,0.00013613,0.000122931
11,10,22,0.0001,0.0001,0.0001,0.00009,0.0001,0.00009,0.00011086,0.00011838,0.00012541,0.000116477
11,10,23,0.00011,0.00011,0.0001,0.0001,0.0001,0.00009,0.00010819,0.00010756,0.00011209,0.00010986
12,10,0,0.00011,0.0001,0.0001,0.0001,0.00011,0.0001,7.79E-05,9.87E-05,8.87E-05,0.000104195
12,10,1,0.00011,0.0001,0.0001,0.0001,0.00011,0.0001,7.52E-05,9.45E-05,8.92E-05,0.000100315
12,10,2,0.00011,0.00011,0.0001,0.0001,0.00012,0.0001,7.14E-05,9.16E-05,8.86E-05,9.73E-05
12,10,3,0.00011,0.00011,0.0001,0.0001,0.00012,0.0001,7.00E-05,9.08E-05,9.00E-05,9.51E-05
12,10,4,0.00011,0.0001,0.0001,0.0001,0.00012,0.00011,6.95E-05,9.23E-05,9.15E-05,9.52E-05
12,10,5,0.00011,0.0001,0.0001,0.0001,0.00012,0.00011,7.38E-05,9.43E-05,9.71E-05,9.79E-05
12,10,6,0.00011,0.0001,0.0001,0.00011,0.00012,0.00011,7.99E-05,9.61E-05,0.0001011,9.95E-05
12,10,7,0.00011,0.0001,0.0001,0.00011,0.00012,0.00011,8.79E-05,0.00010459,0.00010773,0.000104379
12,10,8,0.00011,0.00011,0.0001,0.00011,0.00012,0.00011,9.01E-05,0.00011345,0.0001102,0.000110791
12,10,9,0.00011,0.0001,0.0001,0.0001,0.00012,0.00011,8.80E-05,0.00011913,0.00011214,0.000114277
12,10,10,0.00011,0.00011,0.0001,0.0001,0.00012,0.00011,8.98E-05,0.00012437,0.00011191,0.000118328
12,10,11,0.00011,0.00008,0.00013,0.0001,0.00012,0.00011,9.55E-05,0.00012673,0.00011144,0.000123251
12,10,12,0.00011,0.00009,0.00016,0.00011,0.00012,0.00011,9.73E-05,0.00012493,0.00010924,0.00012347
12,10,13,0.00012,0.0001,0.00015,0.00012,0.00012,0.00012,9.24E-05,0.000121,0.00010882,0.000124496
12,10,14,0.00013,0.0001,0.00016,0.00012,0.00012,0.00011,9.03E-05,0.00011919,0.0001103,0.000125225
12,10,15,0.00012,0.0001,0.00015,0.00012,0.00012,0.00011,8.84E-05,0.00011824,0.00011139,0.000124749
12,10,16,0.00011,0.00009,0.00014,0.00011,0.00012,0.00011,9.28E-05,0.00011674,0.00011455,0.000122189
12,10,17,0.00011,0.00009,0.00013,0.00011,0.00012,0.00011,0.00010405,0.00011964,0.00012199,0.000120629
12,10,18,0.0001,0.00009,0.00011,0.00011,0.00011,0.0001,0.000102086,0.00013475,0.00013083,0.000129299
12,10,19,0.0001,0.00009,0.00011,0.00011,0.00011,0.0001,0.000100271,0.00013511,0.00013978,0.000131903
12,10,20,0.0001,0.00008,0.0001,0.0001,0.00011,0.0001,9.87E-05,0.00013088,0.0001417,0.000128079
12,10,21,0.0001,0.00008,0.0001,0.0001,0.00011,0.0001,9.35E-05,0.00012349,0.00013557,0.000122931
12,10,22,0.00011,0.00008,0.0001,0.0001,0.00011,0.0001,8.71E-05,0.00011316,0.00012532,0.000116477
12,10,23,0.00011,0.00008,0.0001,0.0001,0.00011,0.0001,8.25E-05,0.0001037,0.00011175,0.00010986
10,13,0,0.00011,0.00008,0.0001,0.00011,0.00011,0.0001,0.000128488,9.73E-05,8.71E-05,0.000104195
10,13,1,0.00012,0.00008,0.0001,0.0001,0.00011,0.00011,0.000126688,9.43E-05,8.89E-05,0.000100315
10,13,2,0.00012,0.00008,0.00011,0.0001,0.00012,0.00011,0.000122389,9.22E-05,8.84E-05,9.73E-05
10,13,3,0.00012,0.00008,0.0001,0.0001,0.00012,0.00011,0.000119989,9.12E-05,9.06E-05,9.51E-05
10,13,4,0.00012,0.00009,0.00011,0.0001,0.00012,0.00011,0.000116689,9.37E-05,9.29E-05,9.52E-05
10,13,5,0.00012,0.00009,0.00011,0.0001,0.00012,0.00011,0.00011149,9.86E-05,9.66E-05,9.79E-05
10,13,6,0.00012,0.00009,0.00011,0.0001,0.00012,0.00011,0.00010949,0.00010362,0.00010129,9.95E-05
10,13,7,0.00012,0.00009,0.00011,0.0001,0.00011,0.00011,0.00010999,0.00011311,0.00010757,0.000104379
10,13,8,0.00012,0.00009,0.00011,0.0001,0.00011,0.00011,0.00011099,0.00012144,0.00011103,0.000110791
10,13,9,0.00012,0.00009,0.00012,0.0001,0.00012,0.00011,0.00011189,0.00012547,0.00011286,0.000114277
10,13,10,0.00012,0.00009,0.00012,0.0001,0.00012,0.00011,0.000115469,0.00013065,0.00011118,0.000118328
10,13,11,0.00012,0.00009,0.00016,0.0001,0.00012,0.00011,0.000119969,0.00013435,0.00011046,0.000123251
10,13,12,0.00012,0.00012,0.00017,0.00011,0.00012,0.00011,0.000123149,0.00013209,0.00011073,0.00012347
10,13,13,0.00013,0.00012,0.00017,0.00011,0.00013,0.00013,0.000123289,0.00013111,0.00010982,0.000124496
10,13,14,0.00013,0.00012,0.00017,0.00012,0.00012,0.00012,0.000123489,0.00013273,0.00010929,0.000125225
10,13,15,0.00013,0.00012,0.00016,0.00011,0.00012,0.00012,0.000120119,0.00013335,0.00011054,0.000124749
10,13,16,0.00012,0.00011,0.00015,0.00011,0.00012,0.00011,0.000116739,0.0001321,0.0001154,0.000122189
10,13,17,0.00011,0.00011,0.00014,0.00011,0.00011,0.00011,0.000133588,0.00013218,0.00012125,0.000120629
10,13,18,0.00011,0.0001,0.00013,0.00011,0.00011,0.00011,0.000137087,0.00014254,0.00013081,0.000129299
10,13,19,0.0001,0.0001,0.00012,0.00011,0.00011,0.00011,0.000137287,0.00014167,0.0001385,0.000131903
10,13,20,0.0001,0.0001,0.00011,0.0001,0.00011,0.00011,0.000137087,0.00013651,0.00014131,0.000128079
10,13,21,0.0001,0.0001,0.00011,0.0001,0.00011,0.0001,0.000135127,0.00012796,0.00013718,0.000122931
10,13,22,0.00011,0.00009,0.00011,0.0001,0.00011,0.0001,0.000135087,0.00011704,0.00012603,0.000116477
10,13,23,0.00011,0.00009,0.00012,0.0001,0.00011,0.00011,0.000131388,0.00010545,0.00011282,0.00010986
10,14,0,0.00011,0.00009,0.00012,0.00011,0.00011,0.00011,0.000128488,9.90E-05,8.81E-05,0.000104195
10,14,1,0.00012,0.00009,0.00012,0.00011,0.00011,0.00011,0.000123989,9.52E-05,8.88E-05,0.000100315
10,14,2,0.00012,0.00009,0.00012,0.00011,0.00012,0.00011,0.000120489,9.34E-05,8.85E-05,9.73E-05
10,14,3,0.00012,0.00009,0.00012,0.00011,0.00012,0.00011,0.000115989,9.19E-05,8.99E-05,9.51E-05
10,14,4,0.00012,0.00009,0.00012,0.00011,0.00012,0.00012,0.00011299,9.49E-05,9.16E-05,9.52E-05
10,14,5,0.00012,0.00009,0.00012,0.00011,0.00012,0.00012,0.00011099,9.89E-05,9.51E-05,9.79E-05
10,14,6,0.00012,0.00009,0.00012,0.00011,0.00012,0.00011,0.00011049,0.00010252,0.00010109,9.95E-05
10,14,7,0.00012,0.0001,0.00012,0.00011,0.00012,0.00011,0.00011199,0.00011183,0.00010624,0.000104379
10,14,8,0.00012,0.0001,0.00012,0.00011,0.00012,0.00011,0.000115789,0.00012017,0.00011076,0.000110791
10,14,9,0.00012,0.0001,0.00012,0.00011,0.00011,0.00011,0.000118389,0.00012475,0.00011194,0.000114277
10,14,10,0.00012,0.0001,0.00012,0.00011,0.00012,0.00011,0.000123089,0.00013017,0.00011099,0.000118328
10,14,11,0.00012,0.0001,0.00015,0.00011,0.00012,0.00011,0.000126188,0.00013353,0.00011025,0.000123251
10,14,12,0.00012,0.00012,0.00016,0.00011,0.00012,0.00012,0.000129488,0.00013052,0.0001101,0.00012347
10,14,13,0.00013,0.00013,0.00017,0.00012,0.00012,0.00013,0.000129688,0.00012994,0.00010993,0.000124496
10,14,14,0.00013,0.00013,0.00017,0.00012,0.00012,0.00012,0.000130188,0.00013239,0.00011055,0.000125225
10,14,15,0.00013,0.00013,0.00017,0.00012,0.00012,0.00012,0.000128988,0.00013226,0.00011038,0.000124749
10,14,16,0.00012,0.00012,0.00016,0.00012,0.00012,0.00011,0.000122989,0.00012893,0.00011443,0.000122189
10,14,17,0.00011,0.00012,0.00013,0.00012,0.00011,0.00011,0.000137787,0.00012978,0.00012333,0.000120629
10,14,18,0.00011,0.00011,0.00013,0.00011,0.00011,0.00011,0.000142587,0.0001408,0.00013139,0.000129299
10,14,19,0.00011,0.00011,0.00012,0.00011,0.00011,0.00011,0.000142187,0.00013999,0.00013914,0.000131903
10,14,20,0.00011,0.0001,0.00012,0.00011,0.0001,0.0001,0.000138987,0.00013476,0.00014079,0.000128079
10,14,21,0.00011,0.0001,0.00012,0.00011,0.0001,0.0001,0.000137387,0.00012725,0.00013652,0.000122931
10,14,22,0.00011,0.0001,0.00011,0.00011,0.0001,0.0001,0.000136987,0.00011742,0.00012572,0.000116477
10,14,23,0.00011,0.0001,0.00012,0.00011,0.0001,0.0001,0.000134987,0.00010799,0.00011184,0.00010986
10,15,0,0.00012,0.0001,0.00012,0.00011,0.00011,0.00011,0.000130788,0.00010243,8.88E-05,0.000104195
10,15,1,0.00012,0.0001,0.00012,0.00011,0.00011,0.00011,0.000126688,9.90E-05,8.80E-05,0.000100315
10,15,2,0.00012,0.0001,0.00012,0.00011,0.00011,0.00011,0.000122689,9.62E-05,8.96E-05,9.73E-05
10,15,3,0.00012,0.0001,0.00013,0.00011,0.00011,0.00011,0.000119689,9.50E-05,8.98E-05,9.51E-05
10,15,4,0.00012,0.0001,0.00013,0.00011,0.00011,0.00012,0.000115189,9.65E-05,9.24E-05,9.52E-05
10,15,5,0.00012,0.0001,0.00013,0.00011,0.00011,0.00012,0.00011199,9.72E-05,9.59E-05,9.79E-05
10,15,6,0.00012,0.00011,0.00013,0.00011,0.00011,0.00011,0.00011179,9.88E-05,0.00010142,9.95E-05
10,15,7,0.00012,0.0001,0.00013,0.00011,0.00012,0.00011,0.000113489,0.00010738,0.0001071,0.000104379
10,15,8,0.00012,0.0001,0.00013,0.00011,0.00012,0.00011,0.000116489,0.00011619,0.00011013,0.000110791
10,15,9,0.00012,0.0001,0.00013,0.00011,0.00012,0.00011,0.000117289,0.00012146,0.00011243,0.000114277
10,15,10,0.00012,0.0001,0.00013,0.00011,0.00012,0.00012,0.000120489,0.00012672,0.00011219,0.000118328
10,15,11,0.00012,0.00011,0.00015,0.00011,0.00012,0.00011,0.000125488,0.00012882,0.00010978,0.000123251
10,15,12,0.00012,0.00013,0.00016,0.00011,0.00012,0.00012,0.000127788,0.00012684,0.00010914,0.00012347
10,15,13,0.00013,0.00014,0.00016,0.00011,0.00013,0.00013,0.000128288,0.0001239,0.00010953,0.000124496
10,15,14,0.00013,0.00013,0.00017,0.00011,0.00013,0.00012,0.000128788,0.00012113,0.00011039,0.000125225
10,15,15,0.00013,0.00014,0.00016,0.00012,0.00013,0.00012,0.000127988,0.00011899,0.00011039,0.000124749
10,15,16,0.00012,0.00013,0.00015,0.00012,0.00012,0.00012,0.000124988,0.00011609,0.00011568,0.000122189
10,15,17,0.00011,0.00012,0.00014,0.00012,0.00012,0.00012,0.000139987,0.00012029,0.000121,0.000120629
10,15,18,0.00011,0.00011,0.00012,0.00011,0.00012,0.00011,0.000141187,0.00013547,0.0001319,0.000129299
10,15,19,0.00011,0.00011,0.00012,0.00011,0.00011,0.00011,0.000142687,0.00013571,0.0001397,0.000131903
10,15,20,0.00011,0.00011,0.00012,0.00011,0.00011,0.0001,0.000139687,0.00012935,0.00014129,0.000128079
10,15,21,0.00011,0.00011,0.00011,0.00011,0.00011,0.0001,0.000138487,0.00012106,0.00013539,0.000122931
10,15,22,0.00011,0.0001,0.00011,0.0001,0.00011,0.0001,0.000135487,0.00011236,0.00012395,0.000116477
10,15,23,0.00011,0.00011,0.00012,0.00011,0.00011,0.0001,0.000133988,0.00010439,0.00011246,0.00010986
10,16,0,0.00012,0.0001,0.00012,0.00011,0.00012,0.00011,0.000129988,9.80E-05,8.81E-05,0.000104195
10,16,1,0.00012,0.0001,0.00012,0.00011,0.00012,0.00011,0.000126988,9.36E-05,8.87E-05,0.000100315
10,16,2,0.00012,0.0001,0.00012,0.00011,0.00012,0.00011,0.000123989,9.00E-05,8.86E-05,9.73E-05
10,16,3,0.00012,0.0001,0.00012,0.00011,0.00012,0.00011,0.000119689,8.77E-05,9.00E-05,9.51E-05
10,16,4,0.00012,0.00011,0.00012,0.00011,0.00012,0.00011,0.000117289,8.66E-05,9.25E-05,9.52E-05
10,16,5,0.00012,0.00011,0.00012,0.00011,0.00012,0.00012,0.000113989,8.54E-05,9.62E-05,9.79E-05
10,16,6,0.00012,0.00011,0.00012,0.00011,0.00012,0.00011,0.000113689,8.37E-05,0.00010089,9.95E-05
10,16,7,0.00012,0.00011,0.00012,0.00011,0.00012,0.00011,0.000113989,8.87E-05,0.0001062,0.000104379
10,16,8,0.00012,0.00011,0.00013,0.00011,0.00012,0.00011,0.000116489,9.40E-05,0.0001107,0.000110791
10,16,9,0.00012,0.00011,0.00013,0.00011,0.00012,0.00011,0.000119989,9.79E-05,0.00011187,0.000114277
10,16,10,0.00012,0.00011,0.00013,0.00011,0.00012,0.00011,0.000123489,0.00010108,0.0001115,0.000118328
10,16,11,0.00012,0.00011,0.00015,0.00011,0.00012,0.00011,0.000124988,0.00010343,0.00011022,0.000123251
10,16,12,0.00012,0.00013,0.00016,0.00012,0.00012,0.00012,0.000128488,0.00010457,0.00010943,0.00012347
10,16,13,0.00013,0.00014,0.00016,0.00013,0.00013,0.00013,0.000129488,0.00010344,0.00010934,0.000124496
10,16,14,0.00013,0.00014,0.00016,0.00012,0.00013,0.00012,0.000130988,0.00010142,0.00011016,0.000125225
10,16,15,0.00013,0.00013,0.00016,0.00012,0.00012,0.00012,0.000128488,0.00010014,0.00011017,0.000124749
10,16,16,0.00012,0.00013,0.00015,0.00012,0.00012,0.00011,0.000125988,9.93E-05,0.0001148,0.000122189
10,16,17,0.00011,0.00012,0.00013,0.00011,0.00012,0.00011,0.000138987,0.0001031,0.00012133,0.000120629
10,16,18,0.00011,0.00012,0.00012,0.00011,0.00011,0.00011,0.000142587,0.00011888,0.00013225,0.000129299
10,16,19,0.00011,0.00012,0.00012,0.00011,0.00011,0.00011,0.000142487,0.00012069,0.00013864,0.000131903
10,16,20,0.00011,0.00012,0.00011,0.00011,0.00011,0.0001,0.000139987,0.00011718,0.0001411,0.000128079
10,16,21,0.00011,0.00011,0.00011,0.00011,0.00011,0.0001,0.000137987,0.00011137,0.00013617,0.000122931
10,16,22,0.00011,0.00011,0.0001,0.0001,0.00011,0.0001,0.000136987,0.00010427,0.00012487,0.000116477
10,16,23,0.00011,0.00012,0.00011,0.00011,0.00011,0.00011,0.000134987,9.77E-05,0.00011155,0.00010986
10,17,0,0.00011,0.00011,0.00011,0.00011,0.00012,0.00011,0.000130688,9.16E-05,8.73E-05,0.000104195
10,17,1,0.00012,0.00011,0.00011,0.00011,0.00012,0.00011,0.000128588,8.78E-05,8.93E-05,0.000100315
10,17,2,0.00012,0.0001,0.00011,0.00011,0.00012,0.00011,0.000123889,8.58E-05,8.76E-05,9.73E-05
10,17,3,0.00012,0.00011,0.00012,0.00011,0.00012,0.00011,0.000122189,8.43E-05,8.97E-05,9.51E-05
10,17,4,0.00012,0.00011,0.00012,0.00011,0.00012,0.00012,0.000117589,8.47E-05,9.31E-05,9.52E-05
10,17,5,0.00012,0.00011,0.00012,0.00011,0.00012,0.00012,0.000115789,8.42E-05,9.53E-05,9.79E-05
10,17,6,0.00012,0.00011,0.00012,0.00011,0.00012,0.00012,0.000115289,8.26E-05,0.00010142,9.95E-05
10,17,7,0.00012,0.00011,0.00012,0.00011,0.00012,0.00011,0.000116489,8.89E-05,0.00010564,0.000104379
10,17,8,0.00012,0.00011,0.00013,0.00011,0.00012,0.00012,0.000115889,9.59E-05,0.00010914,0.000110791
10,17,9,0.00012,0.00011,0.00012,0.00011,0.00012,0.00012,0.000116989,0.00010123,0.00011177,0.000114277
10,17,10,0.00012,0.00011,0.00012,0.00011,0.00012,0.00012,0.000118589,0.00010607,0.00011178,0.000118328
10,17,11,0.00012,0.00011,0.00015,0.00011,0.00012,0.00012,0.000117189,0.00010997,0.00011005,0.000123251
10,17,12,0.00012,0.00013,0.00017,0.00012,0.00012,0.00012,0.000117589,0.00011176,0.0001087,0.00012347
10,17,13,0.00013,0.00014,0.00017,0.00012,0.00013,0.00013,0.000117589,0.00011089,0.000109,0.000124496
10,17,14,0.00013,0.00014,0.00016,0.00012,0.00013,0.00012,0.000115489,0.00010784,0.0001087,0.000125225
10,17,15,0.00013,0.00013,0.00016,0.00012,0.00013,0.00012,9.23E-05,0.00010634,0.00011197,0.000124749
10,17,16,0.00012,0.00013,0.00015,0.00012,0.00012,0.00012,8.91E-05,0.00010514,0.00011505,0.000122189
10,17,17,0.00011,0.00012,0.00014,0.00011,0.00012,0.00012,0.0001053,0.00011046,0.00012267,0.000120629
10,17,18,0.00011,0.00012,0.00013,0.00011,0.00011,0.00011,0.000135237,0.00012583,0.00013111,0.000129299
10,17,19,0.0001,0.00012,0.00012,0.00011,0.00011,0.00011,0.000138187,0.00012778,0.00013909,0.000131903
10,17,20,0.0001,0.00011,0.00012,0.00011,0.00011,0.00011,0.000133538,0.00012429,0.00014289,0.000128079
10,17,21,0.0001,0.00011,0.00011,0.00011,0.00011,0.00011,0.000132188,0.00011719,0.00013498,0.000122931
10,17,22,0.0001,0.00011,0.00011,0.00011,0.00011,0.00011,0.000129588,0.00010816,0.00012493,0.000116477
10,17,23,0.00011,0.00011,0.00011,0.00011,0.00011,0.00011,0.000127488,0.00010001,0.00011326,0.00010986
10,18,0,0.00011,0.0001,0.00011,0.00011,0.00011,0.00011,0.000123889,9.43E-05,8.85E-05,0.000104195
10,18,1,0.00011,0.0001,0.00011,0.00011,0.00012,0.00011,0.000120789,9.14E-05,8.82E-05,0.000100315
10,18,2,0.00011,0.0001,0.00011,0.00011,0.00012,0.00011,0.000117189,8.97E-05,8.87E-05,9.73E-05
10,18,3,0.00011,0.0001,0.00011,0.00011,0.00012,0.00011,0.00011229,8.97E-05,8.94E-05,9.51E-05
10,18,4,0.00011,0.0001,0.00011,0.00011,0.00012,0.00011,0.00011114,9.34E-05,9.32E-05,9.52E-05
10,18,5,0.00011,0.00011,0.00011,0.00011,0.00012,0.00012,0.00010609,0.00010188,9.52E-05,9.79E-05
10,18,6,0.00011,0.00011,0.00011,0.00011,0.00012,0.00012,0.00010569,0.00010392,0.00010073,9.95E-05
10,18,7,0.00011,0.00011,0.00011,0.00011,0.00011,0.00011,0.000102321,0.00011062,0.00010636,0.000104379
10,18,8,0.00011,0.0001,0.00011,0.00011,0.00011,0.00011,0.00010324,0.00011866,0.00010926,0.000110791
10,18,9,0.00011,0.00011,0.00011,0.00011,0.00011,0.00011,0.000101601,0.00012256,0.00011199,0.000114277
10,18,10,0.00011,0.0001,0.00011,0.0001,0.00011,0.00012,0.00010522,0.00012709,0.00011187,0.000118328
10,18,11,0.00011,0.00011,0.00013,0.0001,0.00011,0.00011,0.00010994,0.00012971,0.00010957,0.000123251
10,18,12,0.00011,0.00013,0.00015,0.00011,0.00011,0.00012,0.000116029,0.00012666,0.0001089,0.00012347
10,18,13,0.00012,0.00013,0.00016,0.00012,0.00012,0.00012,0.0001079,0.00012643,0.00010905,0.000124496
10,18,14,0.00013,0.00013,0.00016,0.00012,0.00012,0.00012,0.00010524,0.00012826,0.00010928,0.000125225
10,18,15,0.00012,0.00013,0.00015,0.00011,0.00012,0.00012,9.89E-05,0.00012853,0.00011023,0.000124749
10,18,16,0.00011,0.00012,0.00014,0.00011,0.00011,0.00011,9.84E-05,0.00012754,0.00011459,0.000122189
10,18,17,0.00011,0.00012,0.00012,0.00011,0.00011,0.00011,0.000114359,0.00012868,0.00012152,0.000120629
10,18,18,0.0001,0.00011,0.00013,0.0001,0.0001,0.00011,0.000116564,0.00014167,0.00013087,0.000129299
10,18,19,0.0001,0.00011,0.0001,0.0001,0.0001,0.00011,0.000116419,0.00014038,0.00013972,0.000131903
10,18,20,0.0001,0.00011,0.0001,0.0001,0.0001,0.00011,0.000118129,0.00013553,0.00014182,0.000128079
10,18,21,0.0001,0.0001,0.0001,0.0001,0.0001,0.00011,0.000117699,0.00012668,0.000136,0.000122931
10,18,22,0.0001,0.0001,0.00009,0.0001,0.0001,0.0001,0.000118569,0.00011443,0.00012432,0.000116477
10,18,23,0.00011,0.00011,0.0001,0.0001,0.00011,0.00011,0.000118289,0.00010444,0.00011239,0.00010986
10,19,0,0.00011,0.0001,0.00011,0.00011,0.00011,0.00011,0.00011299,9.76E-05,8.78E-05,0.000104195
10,19,1,0.00011,0.0001,0.00011,0.00011,0.00012,0.00011,0.00011019,9.42E-05,8.78E-05,0.000100315
10,19,2,0.00012,0.0001,0.00011,0.00011,0.00012,0.00012,0.00010734,9.23E-05,8.91E-05,9.73E-05
10,19,3,0.00012,0.0001,0.00011,0.00011,0.00012,0.00012,0.0001037,9.17E-05,8.97E-05,9.51E-05
10,19,4,0.00011,0.00011,0.0001,0.00011,0.00012,0.00012,0.000100911,9.58E-05,9.12E-05,9.52E-05
10,19,5,0.00011,0.00011,0.0001,0.00011,0.00012,0.00012,9.96E-05,0.0001043,9.55E-05,9.79E-05
10,19,6,0.00011,0.00011,0.00011,0.00011,0.00012,0.00012,0.000101531,0.00010728,0.00010108,9.95E-05
10,19,7,0.00011,0.00011,0.00011,0.00011,0.00012,0.00012,0.00010454,0.00011442,0.00010648,0.000104379
10,19,8,0.00011,0.0001,0.00011,0.00011,0.00012,0.00012,0.00010777,0.00012169,0.00010991,0.000110791
10,19,9,0.00011,0.00011,0.00011,0.00011,0.00012,0.00012,0.0001102,0.00012617,0.00011125,0.000114277
10,19,10,0.00011,0.00011,0.00012,0.0001,0.00012,0.00012,0.000113679,0.00013155,0.00011016,0.000118328
10,19,11,0.00011,0.00011,0.00014,0.00011,0.00012,0.00012,0.000118489,0.00013459,0.00011008,0.000123251
10,19,12,0.00012,0.00013,0.00016,0.00011,0.00012,0.00012,0.000122289,0.00013218,0.00010842,0.00012347
10,19,13,0.00012,0.00013,0.00016,0.00012,0.00012,0.00013,0.000120139,0.00013246,0.00010803,0.000124496
10,19,14,0.00013,0.00013,0.00016,0.00012,0.00012,0.00012,0.000119789,0.00013543,0.00010898,0.000125225
10,19,15,0.00012,0.00013,0.00015,0.00011,0.00012,0.00012,0.000115309,0.0001356,0.00011037,0.000124749
10,19,16,0.00012,0.00012,0.00015,0.00011,0.00012,0.00012,0.000115449,0.00013273,0.00011524,0.000122189
10,19,17,0.00011,0.00012,0.00012,0.00011,0.00011,0.00012,0.000129558,0.00013259,0.00012117,0.000120629
10,19,18,0.00011,0.00011,0.00011,0.00011,0.00011,0.00011,0.000134613,0.00014412,0.00013044,0.000129299
10,19,19,0.0001,0.00011,0.0001,0.0001,0.00011,0.00011,0.000132548,0.00014262,0.00013942,0.000131903
10,19,20,0.0001,0.00011,0.0001,0.0001,0.0001,0.00011,0.000130148,0.00013843,0.00014085,0.000128079
10,19,21,0.0001,0.00011,0.0001,0.0001,0.0001,0.00011,0.000125908,0.00013003,0.00013516,0.000122931
10,19,22,0.00011,0.00011,0.0001,0.0001,0.0001,0.00011,0.000124089,0.00011755,0.00012454,0.000116477
10,19,23,0.00011,0.00011,0.0001,0.00011,0.00011,0.00011,0.000124079,0.00010697,0.0001117,0.00010986
10,20,0,0.00011,0.00011,0.00011,0.00011,0.00011,0.00011,0.000117639,0.00010004,8.77E-05,0.000104195
10,20,1,0.00012,0.00011,0.00012,0.00011,0.00012,0.00012,0.00011309,9.71E-05,8.81E-05,0.000100315
10,20,2,0.00012,0.00011,0.00012,0.00011,0.00012,0.00012,0.00010979,9.48E-05,8.92E-05,9.73E-05
10,20,3,0.00012,0.00011,0.00012,0.00011,0.00012,0.00012,0.00010684,9.44E-05,8.99E-05,9.51E-05
10,20,4,0.00012,0.00011,0.00011,0.00011,0.00012,0.00012,0.00010375,9.74E-05,9.17E-05,9.52E-05
10,20,5,0.00012,0.00011,0.00012,0.00011,0.00012,0.00012,0.000101461,0.00010562,9.51E-05,9.79E-05
10,20,6,0.00012,0.00011,0.00011,0.00011,0.00012,0.00012,0.00010581,0.00010846,0.0001009,9.95E-05
10,20,7,0.00012,0.00011,0.00012,0.00011,0.00011,0.00012,0.0001044,0.00011458,0.00010652,0.000104379
10,20,8,0.00012,0.0001,0.00011,0.00011,0.00011,0.00012,0.00010907,0.0001219,0.00011038,0.000110791
10,20,9,0.00012,0.00011,0.00011,0.00011,0.00011,0.00012,0.000113759,0.00012514,0.00011132,0.000114277
10,20,10,0.00012,0.00011,0.00012,0.0001,0.00011,0.00012,0.000116989,0.00013123,0.0001107,0.000118328
10,20,11,0.00012,0.00012,0.00013,0.00011,0.00011,0.00012,0.000122689,0.00013419,0.00010971,0.000123251
10,20,12,0.00012,0.00014,0.00014,0.00011,0.00011,0.00012,0.000124089,0.00013103,0.00010997,0.00012347
10,20,13,0.00013,0.00014,0.00014,0.00012,0.00012,0.00013,0.000124188,0.00013228,0.00010855,0.000124496
10,20,14,0.00013,0.00013,0.00015,0.00012,0.00012,0.00012,0.000124788,0.00013763,0.0001083,0.000125225
10,20,15,0.00013,0.00013,0.00016,0.00011,0.00012,0.00012,0.000122789,0.00013958,0.0001096,0.000124749
10,20,16,0.00012,0.00012,0.00013,0.00011,0.00011,0.00012,0.000120189,0.00013594,0.0001138,0.000122189
10,20,17,0.00011,0.00011,0.00013,0.00011,0.0001,0.00011,0.000132288,0.00013416,0.00012148,0.000120629
10,20,18,0.00011,0.00011,0.00011,0.0001,0.0001,0.00011,0.000136287,0.00014622,0.00012973,0.000129299
10,20,19,0.00011,0.0001,0.00011,0.0001,0.0001,0.00011,0.000134288,0.0001456,0.00013909,0.000131903
10,20,20,0.00011,0.0001,0.0001,0.0001,0.00009,0.00011,0.000131488,0.00013994,0.00014108,0.000128079
10,20,21,0.00011,0.0001,0.0001,0.0001,0.00009,0.00011,0.000127878,0.00013151,0.00013594,0.000122931
10,20,22,0.00011,0.0001,0.0001,0.0001,0.00009,0.00011,0.000126148,0.00012044,0.00012429,0.000116477
10,20,23,0.00011,0.0001,0.0001,0.0001,0.0001,0.00011,0.000124608,0.00010951,0.00011097,0.00010986
10,21,0,0.00011,0.0001,0.00011,0.00011,0.0001,0.00011,0.000119389,0.00010177,8.80E-05,0.000104195
10,21,1,0.00012,0.0001,0.00012,0.00011,0.00011,0.00011,0.000114189,9.84E-05,8.71E-05,0.000100315
10,21,2,0.00012,0.0001,0.00011,0.00011,0.00011,0.00012,0.00011029,9.60E-05,8.71E-05,9.73E-05
10,21,3,0.00012,0.00011,0.00011,0.00011,0.00011,0.00012,0.0001068,9.56E-05,9.01E-05,9.51E-05
10,21,4,0.00012,0.00011,0.00011,0.00011,0.00011,0.00012,0.00010437,9.89E-05,9.17E-05,9.52E-05
10,21,5,0.00012,0.00011,0.00011,0.00011,0.00011,0.00012,0.000102451,0.00010691,9.56E-05,9.79E-05
10,21,6,0.00012,0.00011,0.00011,0.00011,0.00011,0.00012,0.00010483,0.00010857,9.98E-05,9.95E-05
10,21,7,0.00012,0.00011,0.00011,0.00011,0.00011,0.00012,0.00010512,0.00011545,0.00010528,0.000104379
10,21,8,0.00012,0.00011,0.00011,0.00011,0.00011,0.00012,0.00010776,0.0001233,0.00010811,0.000110791
10,21,9,0.00012,0.00011,0.00012,0.00011,0.00011,0.00012,0.00011183,0.00012782,0.00011109,0.000114277
10,21,10,0.00012,0.00011,0.00011,0.00011,0.00011,0.00012,0.000116559,0.00013283,0.00011082,0.000118328
10,21,11,0.00012,0.00012,0.00014,0.00011,0.00011,0.00013,0.000121989,0.00013593,0.00010913,0.000123251
10,21,12,0.00012,0.00014,0.00017,0.00011,0.00011,0.00012,0.000123029,0.00013271,0.00010854,0.00012347
10,21,13,0.00013,0.00014,0.00016,0.00012,0.00012,0.00013,0.000123749,0.00013283,0.00010898,0.000124496
10,21,14,0.00013,0.00014,0.00016,0.00012,0.00012,0.00012,0.000125388,0.00013552,0.00010826,0.000125225
10,21,15,0.00013,0.00013,0.00016,0.00011,0.00012,0.00012,0.000121109,0.00013539,0.00010999,0.000124749
10,21,16,0.00012,0.00012,0.00014,0.00011,0.00011,0.00012,0.000118759,0.00013334,0.00011346,0.000122189
10,21,17,0.00011,0.00012,0.00013,0.00011,0.0001,0.00012,0.000136987,0.00013308,0.00012092,0.000120629
10,21,18,0.00011,0.00011,0.00011,0.00011,0.0001,0.00011,0.000138287,0.00014399,0.00012987,0.000129299
10,21,19,0.00011,0.00011,0.00011,0.0001,0.00009,0.00011,0.000136687,0.00014364,0.00013815,0.000131903
10,21,20,0.00011,0.0001,0.0001,0.0001,0.00009,0.00011,0.000133888,0.00013887,0.00014049,0.000128079
10,21,21,0.00011,0.00011,0.0001,0.0001,0.00009,0.00011,0.000130788,0.00013073,0.0001354,0.000122931
10,21,22,0.00011,0.00011,0.0001,0.0001,0.00009,0.00011,0.000128518,0.00012094,0.00012506,0.000116477
10,21,23,0.00011,0.00011,0.00011,0.0001,0.0001,0.00011,0.000125478,0.00011054,0.00011155,0.00010986
10,22,0,0.00012,0.00011,0.00012,0.00011,0.0001,0.00011,0.000121089,0.00010358,8.77E-05,0.000104195
10,22,1,0.00012,0.00011,0.00012,0.00011,0.00011,0.00012,0.000115789,0.00010041,8.73E-05,0.000100315
10,22,2,0.00012,0.00011,0.00012,0.00011,0.00012,0.00012,0.000113589,9.77E-05,8.67E-05,9.73E-05
10,22,3,0.00012,0.00011,0.00011,0.00011,0.00011,0.00012,0.00011014,9.65E-05,8.93E-05,9.51E-05
10,22,4,0.00012,0.00011,0.00011,0.00011,0.00011,0.00012,0.00010754,9.76E-05,9.17E-05,9.52E-05
10,22,5,0.00012,0.00011,0.00011,0.00011,0.00011,0.00013,0.00010535,9.85E-05,9.46E-05,9.79E-05
10,22,6,0.00012,0.00011,0.00011,0.00011,0.00011,0.00012,0.00010823,0.00010046,0.00010015,9.95E-05
10,22,7,0.00012,0.00011,0.00011,0.00011,0.00011,0.00012,0.00010904,0.00011012,0.00010567,0.000104379
10,22,8,0.00012,0.0001,0.00011,0.00011,0.00011,0.00012,0.00011159,0.00011837,0.00010926,0.000110791
10,22,9,0.00012,0.00011,0.00012,0.00011,0.00011,0.00012,0.000115289,0.00012407,0.00011086,0.000114277
10,22,10,0.00012,0.00011,0.00012,0.00011,0.0001,0.00012,0.000119989,0.00012843,0.00011124,0.000118328
10,22,11,0.00012,0.00012,0.00016,0.00011,0.0001,0.00012,0.000126188,0.00013091,0.00011026,0.000123251
10,22,12,0.00013,0.00014,0.00017,0.00011,0.00011,0.00012,0.000130188,0.00012813,0.00010874,0.00012347
10,22,13,0.00013,0.00014,0.00016,0.00012,0.00012,0.00013,0.000129988,0.00012428,0.00010714,0.000124496
10,22,14,0.00014,0.00014,0.00016,0.00012,0.00012,0.00012,0.000130488,0.00012183,0.00010919,0.000125225
10,22,15,0.00013,0.00013,0.00016,0.00011,0.00011,0.00012,0.000129398,0.00012085,0.00010951,0.000124749
10,22,16,0.00012,0.00012,0.00015,0.00011,0.00011,0.00012,0.000123489,0.00011832,0.000113,0.000122189
10,22,17,0.00011,0.00012,0.00013,0.00011,0.0001,0.00012,0.000139987,0.00012326,0.00012165,0.000120629
10,22,18,0.00011,0.00011,0.00012,0.0001,0.0001,0.00011,0.000141872,0.00013704,0.00013057,0.000129299
10,22,19,0.00011,0.00011,0.00011,0.0001,0.00009,0.00011,0.000141487,0.00013626,0.00013788,0.000131903
10,22,20,0.00011,0.00011,0.00011,0.0001,0.00009,0.00011,0.000138987,0.00013217,0.00013954,0.000128079
10,22,21,0.00011,0.00011,0.00011,0.0001,0.00009,0.00011,0.000137387,0.00012362,0.00013565,0.000122931
10,22,22,0.00011,0.00011,0.00011,0.0001,0.00009,0.00011,0.000137687,0.00011462,0.00012398,0.000116477
10,22,23,0.00011,0.00011,0.00011,0.0001,0.00009,0.00011,0.000134987,0.0001062,0.00011123,0.00010986
10,23,0,0.00012,0.00011,0.00012,0.00011,0.0001,0.00011,0.000130988,9.95E-05,8.77E-05,0.000104195
10,23,1,0.00012,0.00011,0.00013,0.00011,0.00011,0.00012,0.000127488,9.56E-05,8.66E-05,0.000100315
10,23,2,0.00012,0.00011,0.00012,0.00011,0.00012,0.00012,0.000122489,9.31E-05,8.79E-05,9.73E-05
10,23,3,0.00012,0.00011,0.00011,0.00011,0.00011,0.00012,0.000118989,8.97E-05,8.97E-05,9.51E-05
10,23,4,0.00012,0.00011,0.00011,0.00011,0.00011,0.00012,0.000116989,8.91E-05,9.10E-05,9.52E-05
10,23,5,0.00012,0.00011,0.00011,0.00011,0.00011,0.00012,0.000114989,8.67E-05,9.45E-05,9.79E-05
10,23,6,0.00012,0.00011,0.00011,0.00011,0.00011,0.00012,0.000114989,8.38E-05,0.00010063,9.95E-05
10,23,7,0.00012,0.00011,0.00011,0.00011,0.00011,0.00012,0.00011219,8.84E-05,0.0001055,0.000104379
10,23,8,0.00012,0.0001,0.00012,0.00011,0.0001,0.00012,0.000116839,9.39E-05,0.0001092,0.000110791
10,23,9,0.00012,0.0001,0.00012,0.00011,0.0001,0.00012,0.000119689,9.84E-05,0.00011087,0.000114277
10,23,10,0.00012,0.0001,0.00013,0.00011,0.0001,0.00012,0.000123189,0.00010242,0.00011018,0.000118328
10,23,11,0.00012,0.00011,0.00016,0.00011,0.0001,0.00012,0.000125488,0.00010561,0.00010892,0.000123251
10,23,12,0.00012,0.00013,0.00015,0.00012,0.00011,0.00012,0.000127288,0.00010608,0.00010875,0.00012347
10,23,13,0.00013,0.00013,0.00016,0.00012,0.00012,0.00013,0.000121189,0.0001064,0.0001079,0.000124496
10,23,14,0.00013,0.00013,0.00017,0.00012,0.00012,0.00012,0.000118819,0.00010449,0.00010849,0.000125225
10,23,15,0.00013,0.00013,0.00016,0.00011,0.00011,0.00012,0.000114239,0.00010176,0.00010926,0.000124749
10,23,16,0.00012,0.00012,0.00014,0.00011,0.00011,0.00012,0.000116909,0.00010156,0.00011399,0.000122189
10,23,17,0.00011,0.00011,0.00012,0.00011,0.0001,0.00012,0.000134288,0.00010737,0.00012047,0.000120629
10,23,18,0.00011,0.00011,0.0001,0.0001,0.00009,0.00012,0.000130663,0.00012386,0.00012973,0.000129299
10,23,19,0.00011,0.0001,0.0001,0.0001,0.00009,0.00011,0.000128388,0.00012642,0.00013731,0.000131903
10,23,20,0.00011,0.0001,0.0001,0.0001,0.00009,0.00011,0.000124868,0.00012419,0.00013901,0.000128079
10,23,21,0.00011,0.0001,0.00009,0.0001,0.00009,0.00011,0.000123159,0.00011744,0.00013505,0.000122931
10,23,22,0.00011,0.0001,0.00009,0.0001,0.00009,0.00011,0.000120379,0.00010847,0.00012435,0.000116477
10,23,23,0.00011,0.0001,0.0001,0.0001,0.00009,0.00011,0.000120139,9.97E-05,0.00011108,0.00010986
10,24,0,0.00011,0.0001,0.00011,0.00011,0.0001,0.00011,0.000114689,9.52E-05,8.68E-05,0.000104195
10,24,1,0.00012,0.0001,0.00011,0.00011,0.00011,0.00012,0.00011149,9.09E-05,8.73E-05,0.000100315
10,24,2,0.00012,0.0001,0.00011,0.00011,0.00011,0.00012,0.00010669,8.93E-05,8.70E-05,9.73E-05
10,24,3,0.00012,0.0001,0.00011,0.00011,0.00011,0.00012,0.00010329,8.87E-05,8.88E-05,9.51E-05
10,24,4,0.00012,0.0001,0.0001,0.00011,0.00011,0.00012,9.96E-05,9.24E-05,8.92E-05,9.52E-05
10,24,5,0.00012,0.0001,0.0001,0.00011,0.0001,0.00012,9.87E-05,0.00010078,9.54E-05,9.79E-05
10,24,6,0.00012,0.0001,0.0001,0.00011,0.0001,0.00012,0.000101691,0.00010344,1.00E-04,9.95E-05
10,24,7,0.00012,0.0001,0.00011,0.00011,0.0001,0.00012,0.000101991,0.00011033,0.00010559,0.000104379
10,24,8,0.00012,0.0001,0.00011,0.00011,0.0001,0.00012,0.000102041,0.00011853,0.00011059,0.000110791
10,24,9,0.00012,0.0001,0.00011,0.00011,0.0001,0.00012,0.00010357,0.00012414,0.00011026,0.000114277
10,24,10,0.00012,0.0001,0.00012,0.00011,0.0001,0.00012,0.00010636,0.00012981,0.00010989,0.000118328
10,24,11,0.00012,0.00011,0.00015,0.00011,0.0001,0.00012,0.00010942,0.00013343,0.00010994,0.000123251
10,24,12,0.00012,0.00013,0.00015,0.00011,0.00011,0.00013,0.00011113,0.0001309,0.00010792,0.00012347
10,24,13,0.00013,0.00013,0.00015,0.00012,0.00012,0.00013,0.00010463,0.00013136,0.00010736,0.000124496
10,24,14,0.00013,0.00013,0.00016,0.00012,0.00012,0.00013,9.71E-05,0.00013369,0.00010715,0.000125225
10,24,15,0.00013,0.00012,0.00015,0.00011,0.00011,0.00012,9.38E-05,0.00013318,0.00010867,0.000124749
10,24,16,0.00012,0.00012,0.00013,0.00011,0.00011,0.00012,9.94E-05,0.00012982,0.00011349,0.000122189
10,24,17,0.00011,0.00011,0.00011,0.00011,0.0001,0.00012,0.00011242,0.00013109,0.00012001,0.000120629
10,24,18,0.00011,0.0001,0.0001,0.0001,0.0001,0.00012,0.000109985,0.00014302,0.00012979,0.000129299
10,24,19,0.0001,0.0001,0.0001,0.0001,0.0001,0.00012,0.00011008,0.00014218,0.00013762,0.000131903
10,24,20,0.0001,0.0001,0.0001,0.0001,0.00009,0.00011,0.00010781,0.00013711,0.00013921,0.000128079
10,24,21,0.0001,0.0001,0.00009,0.0001,0.00009,0.00011,0.00010657,0.00012742,0.00013307,0.000122931
10,24,22,0.0001,0.0001,0.00009,0.0001,0.00009,0.00011,0.00010347,0.00011485,0.00012402,0.000116477
10,24,23,0.00011,0.0001,0.0001,0.0001,0.00009,0.00011,0.000102021,0.00010311,0.00011065,0.00010986
10,25,0,0.00011,0.0001,0.00011,0.00011,0.0001,0.00011,9.73E-05,9.74E-05,8.70E-05,0.000104195
10,25,1,0.00011,0.0001,0.00011,0.00011,0.0001,0.00012,9.57E-05,9.40E-05,8.67E-05,0.000100315
10,25,2,0.00011,0.0001,0.00011,0.00011,0.0001,0.00012,9.11E-05,9.22E-05,8.84E-05,9.73E-05
10,25,3,0.00012,0.0001,0.00012,0.00011,0.0001,0.00012,8.80E-05,9.18E-05,8.81E-05,9.51E-05
10,25,4,0.00011,0.0001,0.00011,0.00011,0.0001,0.00012,8.78E-05,9.65E-05,9.12E-05,9.52E-05
10,25,5,0.00011,0.0001,0.00011,0.0001,0.0001,0.00012,8.57E-05,0.00010429,9.37E-05,9.79E-05
10,25,6,0.00011,0.0001,0.00011,0.0001,0.0001,0.00012,8.72E-05,0.00010606,9.85E-05,9.95E-05
10,25,7,0.00011,0.0001,0.00011,0.0001,0.0001,0.00012,8.84E-05,0.00011206,0.00010488,0.000104379
10,25,8,0.00011,0.0001,0.00011,0.0001,0.0001,0.00012,8.89E-05,0.00011938,0.00010845,0.000110791
10,25,9,0.00011,0.00009,0.00011,0.0001,0.0001,0.00012,8.88E-05,0.00012361,0.00010953,0.000114277
10,25,10,0.00011,0.0001,0.00011,0.0001,0.0001,0.00012,9.21E-05,0.00012707,0.00011027,0.000118328
10,25,11,0.00011,0.00011,0.00015,0.0001,0.0001,0.00012,9.99E-05,0.00013,0.00010899,0.000123251
10,25,12,0.00012,0.00013,0.00015,0.00011,0.00011,0.00012,0.00010685,0.00012777,0.00010898,0.00012347
10,25,13,0.00012,0.00013,0.00016,0.00011,0.00012,0.00013,9.89E-05,0.00012919,0.0001066,0.000124496
10,25,14,0.00013,0.00013,0.00016,0.00011,0.00011,0.00012,9.71E-05,0.00013098,0.00010736,0.000125225
10,25,15,0.00012,0.00013,0.00015,0.00011,0.00011,0.00012,9.45E-05,0.00013087,0.0001086,0.000124749
10,25,16,0.00012,0.00012,0.00013,0.00011,0.00011,0.00012,9.34E-05,0.00012955,0.00011448,0.000122189
10,25,17,0.00011,0.00011,0.00011,0.0001,0.0001,0.00012,0.00011081,0.00013136,0.00011962,0.000120629
10,25,18,0.00011,0.0001,0.0001,0.0001,0.0001,0.00012,0.00011175,0.0001422,0.00012987,0.000129299
10,25,19,0.0001,0.0001,0.00009,0.0001,0.00009,0.00011,0.00011133,0.00014082,0.00013629,0.000131903
10,25,20,0.0001,0.0001,0.00009,0.0001,0.00009,0.00011,0.00011328,0.00013653,0.00013923,0.000128079
10,25,21,0.0001,0.0001,0.00009,0.0001,0.00009,0.00011,0.00011291,0.00012712,0.00013386,0.000122931
10,25,22,0.00011,0.0001,0.00009,0.0001,0.00009,0.00011,0.00011074,0.00011477,0.00012272,0.000116477
10,25,23,0.00011,0.0001,0.00009,0.0001,0.00009,0.00011,0.00011097,0.00010352,0.00010889,0.00010986
10,26,0,0.00011,0.0001,0.0001,0.00011,0.0001,0.00012,0.00010635,9.63E-05,8.65E-05,0.000104195
10,26,1,0.00011,0.0001,0.00011,0.00011,0.00011,0.00012,0.000102301,9.32E-05,8.64E-05,0.000100315
10,26,2,0.00012,0.0001,0.0001,0.00011,0.00012,0.00012,0.000100091,9.14E-05,8.75E-05,9.73E-05
10,26,3,0.00012,0.0001,0.0001,0.00011,0.00011,0.00013,9.63E-05,9.09E-05,8.86E-05,9.51E-05
10,26,4,0.00012,0.0001,0.0001,0.00011,0.00011,0.00013,9.43E-05,9.44E-05,9.06E-05,9.52E-05
10,26,5,0.00011,0.0001,0.0001,0.0001,0.00011,0.00013,9.12E-05,0.00010346,9.32E-05,9.79E-05
10,26,6,0.00011,0.0001,0.0001,0.0001,0.00011,0.00013,9.67E-05,0.00010491,9.90E-05,9.95E-05
10,26,7,0.00011,0.0001,0.0001,0.0001,0.00011,0.00013,9.79E-05,0.00011082,0.00010429,0.000104379
10,26,8,0.00011,0.0001,0.0001,0.0001,0.00011,0.00013,9.95E-05,0.00011738,0.00010879,0.000110791
10,26,9,0.00011,0.0001,0.0001,0.0001,0.00011,0.00013,0.000101451,0.00012059,0.00011021,0.000114277
10,26,10,0.00011,0.0001,0.00011,0.0001,0.00011,0.00013,0.00010667,0.00012587,0.00010941,0.000118328
10,26,11,0.00011,0.00011,0.00015,0.0001,0.00011,0.00013,0.00011198,0.00012952,0.00010877,0.000123251
10,26,12,0.00012,0.00014,0.00014,0.00011,0.00012,0.00013,0.000117179,0.00012647,0.00010745,0.00012347
10,26,13,0.00013,0.00014,0.00015,0.00011,0.00013,0.00013,0.000116219,0.00012683,0.00010714,0.000124496
10,26,14,0.00013,0.00013,0.00015,0.00011,0.00013,0.00013,0.000116369,0.00012926,0.00010883,0.000125225
10,26,15,0.00013,0.00013,0.00014,0.00011,0.00012,0.00013,0.000113469,0.00013067,0.0001095,0.000124749
10,26,16,0.00012,0.00012,0.00012,0.0001,0.00011,0.00012,0.000114229,0.00012851,0.00011166,0.000122189
10,26,17,0.00011,0.00011,0.0001,0.0001,0.00011,0.00012,0.000132488,0.00013035,0.00011904,0.000120629
10,26,18,0.00011,0.00011,0.00009,0.0001,0.0001,0.00012,0.000134388,0.00014226,0.00012892,0.000129299
10,26,19,0.0001,0.0001,0.00009,0.0001,0.0001,0.00012,0.000133288,0.00014181,0.0001353,0.000131903
10,26,20,0.0001,0.0001,0.00008,0.0001,0.0001,0.00011,0.000130488,0.00013664,0.00013868,0.000128079
10,26,21,0.0001,0.0001,0.00008,0.0001,0.0001,0.00011,0.000128488,0.00012715,0.00013395,0.000122931
10,26,22,0.00011,0.0001,0.00008,0.0001,0.0001,0.00011,0.000125488,0.00011351,0.00012292,0.000116477
10,26,23,0.00011,0.0001,0.00009,0.0001,0.0001,0.00012,0.000121789,0.00010295,0.00011,0.00010986
10,27,0,0.00011,0.0001,0.0001,0.00011,0.00011,0.00012,0.000117889,9.67E-05,8.68E-05,0.000104195
10,27,1,0.00012,0.00011,0.00011,0.00011,0.00012,0.00012,0.00011299,9.37E-05,8.71E-05,0.000100315
10,27,2,0.00012,0.0001,0.0001,0.00011,0.00012,0.00012,0.00010969,9.14E-05,8.71E-05,9.73E-05
10,27,3,0.00012,0.0001,0.0001,0.00011,0.00011,0.00013,0.00010697,9.10E-05,8.75E-05,9.51E-05
10,27,4,0.00012,0.00011,0.0001,0.00011,0.00011,0.00013,0.00010522,9.50E-05,9.15E-05,9.52E-05
10,27,5,0.00012,0.00011,0.0001,0.00011,0.00011,0.00013,0.00010401,0.00010294,9.40E-05,9.79E-05
10,27,6,0.00012,0.00011,0.0001,0.00011,0.00011,0.00013,0.00010594,0.00010544,9.83E-05,9.95E-05
10,27,7,0.00012,0.00011,0.0001,0.00011,0.00011,0.00012,0.00010909,0.00011228,0.00010366,0.000104379
10,27,8,0.00012,0.0001,0.0001,0.00011,0.00011,0.00013,0.00010989,0.00011896,0.0001084,0.000110791
10,27,9,0.00012,0.0001,0.00011,0.00011,0.00011,0.00013,0.00011249,0.00012328,0.00010925,0.000114277
10,27,10,0.00012,0.00011,0.00012,0.0001,0.00011,0.00013,0.000118489,0.00012825,0.00010869,0.000118328
10,27,11,0.00012,0.00012,0.00015,0.00011,0.00011,0.00013,0.000122489,0.00013254,0.00010718,0.000123251
10,27,12,0.00012,0.00014,0.00015,0.00011,0.00011,0.00013,0.000123989,0.00012946,0.000107,0.00012347
10,27,13,0.00013,0.00014,0.00015,0.00012,0.00012,0.00013,0.000124988,0.00012988,0.00010768,0.000124496
10,27,14,0.00013,0.00014,0.00016,0.00012,0.00012,0.00013,0.000125488,0.00013195,0.00010773,0.000125225
10,27,15,0.00013,0.00013,0.00015,0.00011,0.00012,0.00012,0.000124488,0.00013177,0.0001083,0.000124749
10,27,16,0.00012,0.00012,0.00013,0.00011,0.00011,0.00012,0.000122989,0.00012979,0.00011252,0.000122189
10,27,17,0.00011,0.00011,0.00011,0.0001,0.00011,0.00012,0.000137987,0.0001309,0.00011939,0.000120629
10,27,18,0.00011,0.00011,0.0001,0.0001,0.00011,0.00012,0.000138337,0.00014355,0.00012825,0.000129299
10,27,19,0.00011,0.00011,0.0001,0.0001,0.00011,0.00012,0.000137187,0.00014125,0.00013635,0.000131903
10,27,20,0.00011,0.0001,0.0001,0.0001,0.00011,0.00011,0.000135487,0.0001373,0.00013914,0.000128079
10,27,21,0.00011,0.0001,0.00009,0.00009,0.0001,0.00011,0.000132488,0.00012873,0.0001332,0.000122931
10,27,22,0.00011,0.0001,0.00009,0.0001,0.00011,0.00011,0.000130188,0.00011663,0.00012262,0.000116477
10,27,23,0.00011,0.00011,0.0001,0.0001,0.00011,0.00012,0.000127988,0.00010467,0.00010968,0.00010986
10,28,0,0.00012,0.00011,0.00011,0.00011,0.00011,0.00012,0.000123989,9.81E-05,8.70E-05,0.000104195
10,28,1,0.00012,0.00011,0.00012,0.00011,0.00012,0.00012,0.000118989,9.46E-05,8.61E-05,0.000100315
10,28,2,0.00012,0.00011,0.0001,0.00011,0.00012,0.00012,0.000114489,9.22E-05,8.65E-05,9.73E-05
10,28,3,0.00012,0.00011,0.0001,0.0001,0.00012,0.00013,0.00011219,9.17E-05,8.75E-05,9.51E-05
10,28,4,0.00012,0.00011,0.0001,0.00011,0.00012,0.00013,0.00010949,9.56E-05,9.01E-05,9.52E-05
10,28,5,0.00012,0.00011,0.0001,0.00011,0.00012,0.00013,0.00010699,0.00010391,9.34E-05,9.79E-05
10,28,6,0.00012,0.00011,0.0001,0.00011,0.00012,0.00013,0.00010949,0.00010658,9.92E-05,9.95E-05
10,28,7,0.00012,0.00011,0.0001,0.0001,0.00012,0.00013,0.00010899,0.00011337,0.00010384,0.000104379
10,28,8,0.00012,0.0001,0.0001,0.00011,0.00012,0.00013,0.00011179,0.00012107,0.00010733,0.000110791
10,28,9,0.00012,0.0001,0.00011,0.0001,0.00012,0.00013,0.000115239,0.00012506,0.00010902,0.000114277
10,28,10,0.00012,0.00011,0.00012,0.0001,0.00011,0.00013,0.000118989,0.00012971,0.00010953,0.000118328
10,28,11,0.00012,0.00012,0.00015,0.00011,0.00011,0.00013,0.000122989,0.00013276,0.00010713,0.000123251
10,28,12,0.00012,0.00014,0.00014,0.00011,0.00012,0.00013,0.000126488,0.00012991,0.00010681,0.00012347
10,28,13,0.00013,0.00014,0.00015,0.00012,0.00013,0.00013,0.000126988,0.00013052,0.00010563,0.000124496
10,28,14,0.00013,0.00014,0.00016,0.00012,0.00012,0.00013,0.000126488,0.00013272,0.00010603,0.000125225
10,28,15,0.00013,0.00013,0.00015,0.00011,0.00012,0.00012,0.000125488,0.00013116,0.00010891,0.000124749
10,28,16,0.00012,0.00012,0.00013,0.00011,0.00011,0.00012,0.000124988,0.00012886,0.00011198,0.000122189
10,28,17,0.00011,0.00011,0.00011,0.0001,0.00011,0.00012,0.000139487,0.00013171,0.00011753,0.000120629
10,28,18,0.00011,0.0001,0.00011,0.0001,0.00011,0.00012,0.000139837,0.00014012,0.00012884,0.000129299
10,28,19,0.00011,0.0001,0.0001,0.0001,0.0001,0.00011,0.000139487,0.00013854,0.0001357,0.000131903
10,28,20,0.00011,0.0001,0.0001,0.0001,0.0001,0.00011,0.000137487,0.0001342,0.00013807,0.000128079
10,28,21,0.00011,0.0001,0.0001,0.00009,0.0001,0.00011,0.000135287,0.00012454,0.00013304,0.000122931
10,28,22,0.00011,0.0001,0.0001,0.00009,0.0001,0.00011,0.000131488,0.00011478,0.00012171,0.000116477
10,28,23,0.00011,0.00011,0.0001,0.0001,0.00011,0.00011,0.000127488,0.0001057,0.00010882,0.00010986
10,29,0,0.00012,0.00011,0.00011,0.0001,0.00012,0.00012,0.000123789,9.91E-05,8.67E-05,0.000104195
10,29,1,0.00012,0.0001,0.00011,0.0001,0.00012,0.00013,0.000120589,9.51E-05,8.59E-05,0.000100315
10,29,2,0.00012,0.00011,0.00011,0.0001,0.00012,0.00013,0.000115089,9.24E-05,8.60E-05,9.73E-05
10,29,3,0.00012,0.00011,0.00011,0.0001,0.00012,0.00013,0.00011124,9.17E-05,8.81E-05,9.51E-05
10,29,4,0.00012,0.00011,0.0001,0.0001,0.00012,0.00013,0.00010769,9.32E-05,8.95E-05,9.52E-05
10,29,5,0.00012,0.00011,0.0001,0.0001,0.00012,0.00013,0.00010625,9.51E-05,9.37E-05,9.79E-05
10,29,6,0.00012,0.00011,0.0001,0.0001,0.00012,0.00013,0.00010859,9.72E-05,9.81E-05,9.95E-05
10,29,7,0.00012,0.0001,0.0001,0.0001,0.00012,0.00013,0.00010919,0.00010531,0.00010324,0.000104379
10,29,8,0.00012,0.0001,0.0001,0.0001,0.00012,0.00013,0.00011189,0.00011316,0.00010838,0.000110791
10,29,9,0.00012,0.0001,0.00011,0.0001,0.00012,0.00013,0.000113489,0.00011823,0.00010883,0.000114277
10,29,10,0.00012,0.0001,0.00012,0.0001,0.00012,0.00013,0.000119989,0.00012271,0.00010806,0.000118328
10,29,11,0.00012,0.00012,0.00015,0.0001,0.00012,0.00013,0.000123989,0.0001243,0.00010785,0.000123251
10,29,12,0.00013,0.00014,0.00016,0.00011,0.00012,0.00013,0.000125988,0.00012228,0.00010721,0.00012347
10,29,13,0.00013,0.00014,0.00016,0.00012,0.00013,0.00014,0.000126288,0.00011804,0.00010753,0.000124496
10,29,14,0.00014,0.00013,0.00015,0.00011,0.00013,0.00013,0.000126688,0.00011557,0.00010567,0.000125225
10,29,15,0.00013,0.00013,0.00015,0.00011,0.00012,0.00012,0.000124138,0.00011393,0.00010734,0.000124749
10,29,16,0.00012,0.00012,0.00013,0.00011,0.00012,0.00012,0.000123489,0.00011235,0.00011081,0.000122189
10,29,17,0.00012,0.00011,0.00011,0.0001,0.00011,0.00012,0.000136987,0.0001186,0.00011929,0.000120629
10,29,18,0.00011,0.00011,0.0001,0.0001,0.00011,0.00012,0.000139487,0.00013098,0.0001287,0.000129299
10,29,19,0.00011,0.0001,0.0001,0.0001,0.0001,0.00011,0.000138987,0.00012971,0.00013498,0.000131903
10,29,20,0.00011,0.0001,0.0001,0.0001,0.0001,0.00011,0.000137687,0.0001244,0.0001369,0.000128079
10,29,21,0.00011,0.0001,0.0001,0.0001,0.0001,0.00011,0.000136187,0.00011582,0.00013259,0.000122931
10,29,22,0.00011,0.0001,0.0001,0.0001,0.0001,0.00011,0.000134987,0.00010703,0.00011986,0.000116477
10,29,23,0.00012,0.0001,0.0001,0.0001,0.00011,0.00011,0.000132988,9.86E-05,0.00010927,0.00010986
10,30,0,0.00012,0.0001,0.00011,0.00011,0.00011,0.00012,0.000128988,9.28E-05,8.63E-05,0.000104195
10,30,1,0.00012,0.0001,0.00011,0.00011,0.00012,0.00012,0.000123489,8.91E-05,8.58E-05,0.000100315
10,30,2,0.00012,0.0001,0.00011,0.00011,0.00012,0.00013,0.000120989,8.67E-05,8.69E-05,9.73E-05
10,30,3,0.00012,0.00011,0.0001,0.00011,0.00012,0.00013,0.000116489,8.51E-05,8.68E-05,9.51E-05
10,30,4,0.00012,0.00011,0.0001,0.00011,0.00012,0.00013,0.000113989,8.46E-05,8.93E-05,9.52E-05
10,30,5,0.00012,0.00011,0.0001,0.00011,0.00012,0.00013,0.00011199,8.31E-05,9.26E-05,9.79E-05
10,30,6,0.00012,0.00011,0.0001,0.00011,0.00012,0.00013,0.00011249,8.22E-05,9.76E-05,9.95E-05
10,30,7,0.00012,0.0001,0.0001,0.00011,0.00011,0.00013,0.00011299,8.77E-05,0.00010341,0.000104379
10,30,8,0.00012,0.0001,0.0001,0.00011,0.00011,0.00013,0.000113489,9.30E-05,0.00010757,0.000110791
10,30,9,0.00012,0.0001,0.0001,0.00011,0.00011,0.00013,0.000117489,9.74E-05,0.00010866,0.000114277
10,30,10,0.00012,0.0001,0.00012,0.00011,0.00011,0.00013,0.000120989,0.00010172,0.00010855,0.000118328
10,30,11,0.00012,0.00011,0.00015,0.00011,0.00011,0.00012,0.000123989,0.00010511,0.00010669,0.000123251
10,30,12,0.00013,0.00014,0.00016,0.00012,0.00012,0.00013,0.000125988,0.00010595,0.00010524,0.00012347
10,30,13,0.00013,0.00014,0.00016,0.00013,0.00013,0.00013,0.000126288,0.00010557,0.00010611,0.000124496
10,30,14,0.00014,0.00014,0.00016,0.00012,0.00012,0.00012,0.000126688,0.00010377,0.00010547,0.000125225
10,30,15,0.00013,0.00014,0.00015,0.00012,0.00012,0.00012,0.000124138,0.00010214,0.00010709,0.000124749
10,30,16,0.00012,0.00012,0.00013,0.00011,0.00011,0.00012,0.000123489,0.0001011,0.00011103,0.000122189
10,30,17,0.00011,0.00012,0.00012,0.00011,0.00011,0.00012,0.000135987,0.00010659,0.00011874,0.000120629
10,30,18,0.00011,0.00011,0.0001,0.00011,0.0001,0.00011,0.000139487,0.00012276,0.00012685,0.000129299
10,30,19,0.00011,0.0001,0.0001,0.0001,0.0001,0.00011,0.000138987,0.00012395,0.00013409,0.000131903
10,30,20,0.00011,0.0001,0.0001,0.0001,0.0001,0.00011,0.000137687,0.00012316,0.00013643,0.000128079
10,30,21,0.00011,0.0001,0.0001,0.0001,0.0001,0.00011,0.000137147,0.00011753,0.00013198,0.000122931
10,30,22,0.00011,0.0001,0.0001,0.0001,0.0001,0.00011,0.000135487,0.00010866,0.00012049,0.000116477
10,30,23,0.00011,0.00011,0.0001,0.0001,0.00011,0.00011,0.000133988,9.96E-05,0.00010879,0.00010986
10,31,0,0.00012,0.0001,0.00011,0.00011,0.00011,0.00012,0.000129988,9.36E-05,8.59E-05,0.000104195
10,31,1,0.00012,0.0001,0.00012,0.00011,0.00011,0.00012,0.000124488,9.04E-05,8.51E-05,0.000100315
10,31,2,0.00012,0.0001,0.00011,0.00011,0.00012,0.00012,0.000121989,8.78E-05,8.56E-05,9.73E-05
10,31,3,0.00012,0.0001,0.00011,0.00011,0.00011,0.00012,0.000117489,8.76E-05,8.73E-05,9.51E-05
10,31,4,0.00012,0.0001,0.00011,0.00011,0.00011,0.00012,0.000114989,9.15E-05,8.83E-05,9.52E-05
10,31,5,0.00012,0.0001,0.0001,0.00011,0.00011,0.00012,0.00011299,9.93E-05,9.21E-05,9.79E-05
10,31,6,0.00012,0.0001,0.0001,0.00011,0.00011,0.00012,0.000113489,0.00010352,9.75E-05,9.95E-05
10,31,7,0.00012,0.0001,0.00011,0.00011,0.00011,0.00012,0.000113989,0.00011084,0.00010192,0.000104379
10,31,8,0.00012,0.0001,0.00011,0.00011,0.0001,0.00012,0.000114989,0.00012024,0.00010758,0.000110791
10,31,9,0.00012,0.0001,0.00011,0.0001,0.0001,0.00012,0.000118989,0.00012528,0.00010786,0.000114277
10,31,10,0.00012,0.0001,0.00011,0.0001,0.0001,0.00012,0.000121989,0.00012919,0.00010766,0.000118328
10,31,11,0.00012,0.00011,0.00014,0.0001,0.0001,0.00012,0.000124988,0.00013336,0.00010773,0.000123251
10,31,12,0.00012,0.00014,0.00016,0.00012,0.00011,0.00012,0.000125988,0.00012876,0.00010573,0.00012347
10,31,13,0.00013,0.00014,0.00016,0.00012,0.00011,0.00013,0.000127288,0.00012961,0.00010616,0.000124496
10,31,14,0.00013,0.00014,0.00016,0.00012,0.00011,0.00012,0.000127188,0.00013048,0.00010565,0.000125225
10,31,15,0.00013,0.00013,0.00015,0.00012,0.00011,0.00012,0.000124488,0.00012965,0.00010554,0.000124749
10,31,16,0.00012,0.00013,0.00014,0.00011,0.00011,0.00011,0.000123989,0.0001285,0.00011104,0.000122189
10,31,17,0.00011,0.00012,0.00013,0.00011,0.0001,0.00011,0.000134987,0.00012978,0.00011718,0.000120629
10,31,18,0.00011,0.00011,0.00011,0.00011,0.0001,0.00011,0.000138237,0.00013487,0.00012749,0.000129299
10,31,19,0.00011,0.0001,0.0001,0.0001,0.00009,0.00011,0.000138987,0.00013279,0.00013422,0.000131903
10,31,20,0.00011,0.0001,0.0001,0.0001,0.00009,0.0001,0.000139987,0.000129,0.00013674,0.000128079
10,31,21,0.0001,0.0001,0.00009,0.0001,0.00009,0.0001,0.000137987,0.00012215,0.00013089,0.000122931
10,31,22,0.00011,0.0001,0.00009,0.0001,0.00009,0.0001,0.000135987,0.00011334,0.00012079,0.000116477
10,31,23,0.00011,0.00011,0.0001,0.0001,0.0001,0.00011,0.000133988,0.00010291,0.00010852,0.00010986
1,11,0,0.00011,0.0001,0.0001,0.00011,0.0001,0.00011,7.62E-05,9.40E-05,8.97E-05,0.000104195
1,11,1,0.00011,0.0001,0.00011,0.00011,0.00011,0.00011,7.20E-05,9.01E-05,8.86E-05,0.000100315
1,11,2,0.00012,0.0001,0.00011,0.00011,0.00011,0.00011,6.89E-05,8.75E-05,8.91E-05,9.73E-05
1,11,3,0.00012,0.0001,0.0001,0.0001,0.00011,0.00011,6.72E-05,8.64E-05,8.93E-05,9.51E-05
1,11,4,0.00011,0.0001,0.0001,0.0001,0.00011,0.00011,6.73E-05,8.59E-05,9.25E-05,9.52E-05
1,11,5,0.00011,0.0001,0.00009,0.0001,0.00011,0.00011,7.09E-05,8.79E-05,9.76E-05,9.79E-05
1,11,6,0.00011,0.0001,0.0001,0.0001,0.00011,0.00011,7.39E-05,8.64E-05,0.00010066,9.95E-05
1,11,7,0.00011,0.0001,0.00009,0.0001,0.0001,0.00011,8.56E-05,8.99E-05,0.00010681,0.000104379
1,11,8,0.00011,0.00009,0.00009,0.0001,0.0001,0.00011,8.98E-05,9.58E-05,0.00011068,0.000110791
1,11,9,0.00011,0.0001,0.0001,0.00009,0.0001,0.00011,9.11E-05,9.99E-05,0.00011178,0.000114277
1,11,10,0.00011,0.0001,0.00011,0.00009,0.0001,0.00011,9.19E-05,0.00010494,0.00011178,0.000118328
1,11,11,0.00011,0.00011,0.00016,0.0001,0.0001,0.00011,9.53E-05,0.00010881,0.00011073,0.000123251
1,11,12,0.00012,0.00013,0.00017,0.00012,0.0001,0.00011,9.83E-05,0.00010987,0.00011034,0.00012347
1,11,13,0.00013,0.00014,0.00017,0.00012,0.00011,0.00011,9.35E-05,0.00010833,0.00011162,0.000124496
1,11,14,0.00013,0.00014,0.00016,0.00012,0.00011,0.00011,8.99E-05,0.00010614,0.00011264,0.000125225
1,11,15,0.00013,0.00013,0.00015,0.00011,0.00011,0.00011,8.70E-05,0.00010438,0.0001151,0.000124749
1,11,16,0.00012,0.00013,0.00013,0.00011,0.0001,0.0001,8.94E-05,0.00010299,0.00012131,0.000122189
1,11,17,0.00011,0.00012,0.00012,0.00011,0.0001,0.0001,0.000100161,0.00010414,0.00012686,0.000120629
1,11,18,0.00011,0.00011,0.0001,0.0001,0.00009,0.0001,0.000101586,0.00012148,0.00013425,0.000129299
1,11,19,0.0001,0.00011,0.0001,0.0001,0.00009,0.0001,9.95E-05,0.00012712,0.00013894,0.000131903
1,11,20,0.0001,0.0001,0.00009,0.0001,0.00009,0.0001,9.72E-05,0.00012321,0.00014049,0.000128079
1,11,21,0.0001,0.0001,0.00009,0.00009,0.00009,0.0001,9.31E-05,0.0001175,0.00013636,0.000122931
1,11,22,0.00011,0.0001,0.00009,0.00009,0.00009,0.0001,8.69E-05,0.00010939,0.00012788,0.000116477
1,11,23,0.00011,0.0001,0.00009,0.0001,0.00009,0.0001,8.30E-05,0.00010083,0.00011759,0.00010986
2,11,0,0.00011,0.0001,0.0001,0.00011,0.0001,0.00011,8.12E-05,0.00010107,8.89E-05,0.000104195
2,11,1,0.00012,0.0001,0.00011,0.0001,0.00011,0.00011,7.65E-05,9.78E-05,9.04E-05,0.000100315
2,11,2,0.00012,0.0001,0.00011,0.0001,0.00011,0.00011,7.37E-05,9.57E-05,8.97E-05,9.73E-05
2,11,3,0.00012,0.0001,0.0001,0.0001,0.00011,0.0001,7.20E-05,9.44E-05,9.14E-05,9.51E-05
2,11,4,0.00012,0.0001,0.0001,0.0001,0.00011,0.0001,7.14E-05,9.94E-05,9.35E-05,9.52E-05
2,11,5,0.00011,0.00011,0.0001,0.0001,0.00011,0.0001,7.47E-05,0.00010988,9.64E-05,9.79E-05
2,11,6,0.00011,0.00011,0.0001,0.0001,0.00011,0.0001,8.47E-05,0.00011205,0.00010224,9.95E-05
2,11,7,0.00011,0.0001,0.0001,0.0001,0.00011,0.0001,9.40E-05,0.00011648,0.00010702,0.000104379
2,11,8,0.00011,0.0001,0.0001,0.00009,0.00011,0.0001,9.70E-05,0.00012382,0.00011122,0.000110791
2,11,9,0.00011,0.0001,0.0001,0.00009,0.00011,0.0001,9.55E-05,0.00012798,0.00011206,0.000114277
2,11,10,0.00011,0.0001,0.00012,0.00009,0.00011,0.0001,9.77E-05,0.0001326,0.00011315,0.000118328
2,11,11,0.00011,0.00012,0.00016,0.00009,0.00011,0.0001,0.000101491,0.00013642,0.0001118,0.000123251
2,11,12,0.00012,0.00014,0.00017,0.00011,0.00011,0.00011,0.00010439,0.00013297,0.00011089,0.00012347
2,11,13,0.00013,0.00014,0.00017,0.00011,0.00012,0.00011,9.94E-05,0.00013394,0.00011121,0.000124496
2,11,14,0.00013,0.00014,0.00017,0.00011,0.00012,0.00011,9.70E-05,0.00013717,0.00011309,0.000125225
2,11,15,0.00013,0.00013,0.00016,0.00011,0.00012,0.0001,9.29E-05,0.0001379,0.00011598,0.000124749
2,11,16,0.00012,0.00013,0.00014,0.0001,0.00011,0.0001,9.31E-05,0.00013469,0.00012028,0.000122189
2,11,17,0.00011,0.00012,0.00013,0.0001,0.0001,0.0001,0.000101091,0.00013062,0.00012683,0.000120629
2,11,18,0.00011,0.00011,0.00011,0.0001,0.0001,0.0001,0.000105915,0.00013896,0.00013417,0.000129299
2,11,19,0.00011,0.00011,0.0001,0.0001,0.0001,0.0001,0.00010359,0.0001448,0.00013959,0.000131903
2,11,20,0.0001,0.00011,0.0001,0.00009,0.00009,0.0001,0.000102091,0.00014114,0.00014099,0.000128079
2,11,21,0.00011,0.0001,0.00009,0.00009,0.00009,0.0001,9.65E-05,0.00013304,0.00013725,0.000122931
2,11,22,0.00011,0.0001,0.00009,0.00009,0.00009,0.0001,9.03E-05,0.0001211,0.00012974,0.000116477
2,11,23,0.00011,0.00011,0.0001,0.0001,0.0001,0.0001,8.75E-05,0.00010991,0.00011756,0.00010986
3,11,0,0.00012,0.0001,0.00011,0.0001,0.00011,0.0001,9.42E-05,9.59E-05,8.95E-05,0.000104195
3,11,1,0.00012,0.0001,0.00012,0.0001,0.00012,0.00011,8.96E-05,9.17E-05,9.10E-05,0.000100315
3,11,2,0.00012,0.00011,0.00011,0.0001,0.00012,0.00011,8.72E-05,8.97E-05,9.10E-05,9.73E-05
3,11,3,0.00012,0.0001,0.00011,0.00011,0.00012,0.00011,8.43E-05,8.92E-05,9.16E-05,9.51E-05
3,11,4,0.00012,0.0001,0.0001,0.0001,0.00012,0.00011,8.42E-05,9.23E-05,9.48E-05,9.52E-05
3,11,5,0.00012,0.0001,0.0001,0.0001,0.00012,0.00011,8.61E-05,0.00010135,9.62E-05,9.79E-05
3,11,6,0.00012,0.0001,0.0001,0.0001,0.00012,0.00011,9.62E-05,0.00010259,0.00010287,9.95E-05
3,11,7,0.00012,0.0001,0.0001,0.0001,0.00012,0.00011,0.000102491,0.00010762,0.00010734,0.000104379
3,11,8,0.00012,0.00009,0.0001,0.0001,0.00011,0.00011,0.00010429,0.0001151,0.00011174,0.000110791
3,11,9,0.00012,0.00009,0.0001,0.0001,0.00011,0.00011,0.00010769,0.00011949,0.00011327,0.000114277
3,11,10,0.00012,0.00009,0.0001,0.0001,0.00011,0.00011,0.00010979,0.00012432,0.00011347,0.000118328
3,11,11,0.00012,0.00009,0.0001,0.0001,0.00011,0.00011,0.00011299,0.00012885,0.00011199,0.000123251
3,11,12,0.00012,0.00009,0.0001,0.0001,0.00011,0.00011,0.000115989,0.00012524,0.00011088,0.00012347
3,11,13,0.00013,0.00014,0.00016,0.00011,0.00013,0.00011,0.000113489,0.0001257,0.00011177,0.000124496
3,11,14,0.00013,0.00013,0.00016,0.00011,0.00012,0.00011,0.00011229,0.00012932,0.00011445,0.000125225
3,11,15,0.00013,0.00013,0.00016,0.0001,0.00012,0.00011,0.00011019,0.00012935,0.00011716,0.000124749
3,11,16,0.00012,0.00012,0.00014,0.0001,0.00011,0.00011,0.00010819,0.0001264,0.00012103,0.000122189
3,11,17,0.00011,0.00011,0.00012,0.0001,0.00011,0.00011,0.00011199,0.00012212,0.00012652,0.000120629
3,11,18,0.00011,0.00011,0.00011,0.0001,0.0001,0.00011,0.000123489,0.00013085,0.00013539,0.000129299
3,11,19,0.00011,0.0001,0.00011,0.0001,0.0001,0.0001,0.000121689,0.0001367,0.0001404,0.000131903
3,11,20,0.00011,0.0001,0.0001,0.0001,0.0001,0.0001,0.000116989,0.000132,0.00014161,0.000128079
3,11,21,0.00011,0.0001,0.0001,0.0001,0.0001,0.0001,0.000114389,0.0001235,0.00013736,0.000122931
3,11,22,0.00011,0.0001,0.0001,0.0001,0.0001,0.0001,0.00010999,0.00011254,0.00012936,0.000116477
3,11,23,0.00011,0.0001,0.00011,0.0001,0.0001,0.0001,0.00010499,0.00010415,0.00011827,0.00010986
4,11,0,0.00012,0.0001,0.00012,0.00011,0.00011,0.00011,0.00011048,9.03E-05,9.07E-05,0.000104195
4,11,1,0.00012,0.0001,0.00013,0.00011,0.00012,0.00011,0.00010604,8.63E-05,9.06E-05,0.000100315
4,11,2,0.00012,0.0001,0.00012,0.00011,0.00012,0.00011,0.000100971,8.43E-05,8.99E-05,9.73E-05
4,11,3,0.00012,0.0001,0.00011,0.00011,0.00012,0.00012,9.63E-05,8.43E-05,9.32E-05,9.51E-05
4,11,4,0.00012,0.0001,0.0001,0.00011,0.00012,0.00012,9.50E-05,8.78E-05,9.47E-05,9.52E-05
4,11,5,0.00012,0.00011,0.0001,0.00011,0.00012,0.00012,9.25E-05,9.84E-05,9.81E-05,9.79E-05
4,11,6,0.00012,0.0001,0.0001,0.00011,0.00012,0.00012,9.52E-05,0.00010074,0.00010361,9.95E-05
4,11,7,0.00012,0.0001,0.0001,0.00011,0.00012,0.00012,9.13E-05,0.00010753,0.00010803,0.000104379
4,11,8,0.00012,0.0001,0.0001,0.0001,0.00012,0.00012,8.47E-05,0.00011801,0.00011127,0.000110791
4,11,9,0.00012,0.0001,0.00011,0.0001,0.00012,0.00012,8.44E-05,0.00012245,0.00011276,0.000114277
4,11,10,0.00012,0.0001,0.00012,0.0001,0.00011,0.00012,8.62E-05,0.00012815,0.0001135,0.000118328
4,11,11,0.00012,0.00011,0.00016,0.0001,0.00011,0.00012,8.89E-05,0.00013157,0.00011151,0.000123251
4,11,12,0.00013,0.00014,0.00017,0.00011,0.00012,0.00012,9.18E-05,0.0001282,0.00011291,0.00012347
4,11,13,0.00013,0.00014,0.00017,0.00012,0.00013,0.00012,9.37E-05,0.00012904,0.00011219,0.000124496
4,11,14,0.00014,0.00014,0.00017,0.00011,0.00013,0.00012,9.35E-05,0.00013129,0.00011398,0.000125225
4,11,15,0.00013,0.00013,0.00016,0.0001,0.00012,0.00012,9.03E-05,0.00013101,0.00011665,0.000124749
4,11,16,0.00012,0.00013,0.00014,0.0001,0.00011,0.00011,8.77E-05,0.00012928,0.00012253,0.000122189
4,11,17,0.00011,0.00012,0.00012,0.0001,0.00011,0.00012,8.72E-05,0.00012605,0.00012914,0.000120629
4,11,18,0.00011,0.00011,0.00011,0.00009,0.0001,0.00011,0.000105635,0.00013557,0.00013593,0.000129299
4,11,19,0.00011,0.0001,0.00011,0.00009,0.0001,0.00011,0.00010706,0.00013864,0.00014161,0.000131903
4,11,20,0.00011,0.0001,0.0001,0.00009,0.0001,0.00011,0.00010928,0.00013512,0.00014237,0.000128079
4,11,21,0.00011,0.0001,0.0001,0.00009,0.0001,0.00011,0.00010951,0.00012657,0.00013832,0.000122931
4,11,22,0.00011,0.0001,0.0001,0.00009,0.0001,0.00011,0.00010757,0.0001148,0.00013035,0.000116477
4,11,23,0.00012,0.00011,0.00011,0.00009,0.00011,0.00011,0.00010526,0.00010515,0.00011938,0.00010986
5,11,0,0.00012,0.00011,0.00012,0.0001,0.00012,0.00011,0.000122719,9.19E-05,9.05E-05,0.000104195
5,11,1,0.00012,0.00011,0.00013,0.0001,0.00013,0.00012,0.000117499,9.02E-05,9.15E-05,0.000100315
5,11,2,0.00012,0.0001,0.00012,0.00011,0.00013,0.00012,0.00011295,8.83E-05,9.15E-05,9.73E-05
5,11,3,0.00013,0.00011,0.00011,0.00011,0.00012,0.00012,0.00010734,8.81E-05,9.22E-05,9.51E-05
5,11,4,0.00013,0.00011,0.00011,0.00011,0.00012,0.00012,0.000102121,9.19E-05,9.28E-05,9.52E-05
5,11,5,0.00012,0.00011,0.00011,0.00011,0.00012,0.00013,9.63E-05,9.93E-05,9.83E-05,9.79E-05
5,11,6,0.00012,0.00011,0.00009,0.0001,0.00012,0.00013,9.20E-05,0.00010089,0.00010377,9.95E-05
5,11,7,0.00012,0.00011,0.00011,0.0001,0.00012,0.00013,8.80E-05,0.00010718,0.00010869,0.000104379
5,11,8,0.00012,0.0001,0.00011,0.0001,0.00012,0.00012,8.80E-05,0.00011426,0.00011258,0.000110791
5,11,9,0.00012,0.0001,0.00011,0.0001,0.00012,0.00013,9.23E-05,0.00011847,0.00011467,0.000114277
5,11,10,0.00012,0.00011,0.00012,0.0001,0.00012,0.00013,0.000100481,0.0001253,0.00011335,0.000118328
5,11,11,0.00013,0.00012,0.00016,0.0001,0.00012,0.00012,0.00010558,0.00012793,0.00011287,0.000123251
5,11,12,0.00013,0.00014,0.00017,0.00011,0.00012,0.00012,0.00011223,0.0001234,0.00011295,0.00012347
5,11,13,0.00014,0.00014,0.00016,0.00011,0.00012,0.00013,0.00011007,0.00012574,0.00011273,0.000124496
5,11,14,0.00014,0.00014,0.00016,0.00011,0.00012,0.00012,0.000113799,0.00012889,0.00011516,0.000125225
5,11,15,0.00013,0.00013,0.00015,0.0001,0.00012,0.00012,0.00011086,0.00012951,0.00011682,0.000124749
5,11,16,0.00012,0.00013,0.00014,0.0001,0.00012,0.00012,0.00011264,0.0001265,0.00012277,0.000122189
5,11,17,0.00012,0.00012,0.00012,0.0001,0.00011,0.00011,0.00010956,0.00012182,0.00012919,0.000120629
5,11,18,0.00011,0.00011,0.00011,0.00009,0.00011,0.00011,0.000131323,0.00013508,0.00013604,0.000129299
5,11,19,0.00011,0.0001,0.00011,0.00009,0.00011,0.00011,0.000130388,0.00014039,0.00014116,0.000131903
5,11,20,0.00011,0.0001,0.00011,0.00009,0.0001,0.00011,0.000128758,0.00013586,0.0001428,0.000128079
5,11,21,0.00011,0.0001,0.00011,0.00009,0.0001,0.00011,0.000127638,0.00012689,0.00013936,0.000122931
5,11,22,0.00011,0.0001,0.0001,0.00009,0.0001,0.00011,0.000124418,0.00011261,0.00013001,0.000116477
5,11,23,0.00012,0.00011,0.00011,0.00009,0.00011,0.00011,0.000123679,0.00010372,0.00011964,0.00010986
6,11,0,0.00012,0.00011,0.00013,0.0001,0.00012,0.00012,0.000149386,9.80E-05,9.07E-05,0.000104195
6,11,1,0.00012,0.00011,0.00012,0.0001,0.00013,0.00012,0.000145487,9.42E-05,9.06E-05,0.000100315
6,11,2,0.00012,0.0001,0.00012,0.0001,0.00013,0.00012,0.000142487,9.14E-05,9.07E-05,9.73E-05
6,11,3,0.00013,0.00011,0.00012,0.0001,0.00012,0.00013,0.000138287,9.02E-05,9.27E-05,9.51E-05
6,11,4,0.00013,0.00011,0.00011,0.00011,0.00012,0.00013,0.000135187,9.08E-05,9.46E-05,9.52E-05
6,11,5,0.00012,0.00011,0.00011,0.0001,0.00012,0.00013,0.000127488,9.18E-05,9.81E-05,9.79E-05
6,11,6,0.00012,0.00011,0.00011,0.0001,0.00012,0.00013,0.000128288,9.46E-05,0.00010462,9.95E-05
6,11,7,0.00012,0.0001,0.00011,0.0001,0.00012,0.00013,0.000128988,0.00010314,0.00010902,0.000104379
6,11,8,0.00012,0.0001,0.00011,0.0001,0.00012,0.00013,0.000133488,0.00011341,0.00011345,0.000110791
6,11,9,0.00012,0.0001,0.00011,0.0001,0.00012,0.00013,0.000125988,0.00011922,0.00011461,0.000114277
6,11,10,0.00012,0.0001,0.00013,0.0001,0.00012,0.00013,0.000139987,0.00012351,0.00011442,0.000118328
6,11,11,0.00012,0.00011,0.00016,0.0001,0.00012,0.00013,0.000145487,0.00012596,0.00011319,0.000123251
6,11,12,0.00013,0.00014,0.00016,0.00011,0.00012,0.00013,0.000147986,0.00012453,0.00011282,0.00012347
6,11,13,0.00013,0.00014,0.00017,0.00011,0.00013,0.00013,0.000150486,0.00012223,0.0001137,0.000124496
6,11,14,0.00014,0.00014,0.00017,0.00011,0.00013,0.00012,0.000151486,0.00012045,0.00011546,0.000125225
6,11,15,0.00013,0.00013,0.00016,0.0001,0.00012,0.00012,0.000150686,0.00011948,0.00011755,0.000124749
6,11,16,0.00012,0.00012,0.00014,0.0001,0.00012,0.00012,0.000146486,0.0001176,0.00012301,0.000122189
6,11,17,0.00011,0.00011,0.00013,0.0001,0.00011,0.00012,0.000142687,0.00011652,0.00012902,0.000120629
6,11,18,0.00011,0.00011,0.00011,0.00009,0.00011,0.00011,0.000159735,0.00012678,0.00013598,0.000129299
6,11,19,0.00011,0.0001,0.00011,0.00009,0.00011,0.00011,0.000164985,0.00013283,0.00014149,0.000131903
6,11,20,0.00011,0.0001,0.00011,0.00009,0.0001,0.00011,0.000166985,0.00012842,0.00014422,0.000128079
6,11,21,0.00011,0.0001,0.00011,0.00009,0.0001,0.00011,0.000165985,0.00012185,0.000139,0.000122931
6,11,22,0.00011,0.0001,0.00011,0.00009,0.0001,0.00011,0.000165985,0.00011345,0.00012957,0.000116477
6,11,23,0.00011,0.00011,0.00011,0.00009,0.00011,0.00011,0.000164985,0.000104,0.00011953,0.00010986
7,11,0,0.00012,0.0001,0.00011,0.0001,0.00012,0.00012,0.000149986,9.43E-05,9.08E-05,0.000104195
7,11,1,0.00012,0.0001,0.00013,0.0001,0.00012,0.00012,0.000148986,9.07E-05,9.21E-05,0.000100315
7,11,2,0.00012,0.0001,0.00012,0.0001,0.00013,0.00012,0.000144987,8.90E-05,9.29E-05,9.73E-05
7,11,3,0.00012,0.0001,0.00011,0.0001,0.00012,0.00013,0.000142987,8.84E-05,9.40E-05,9.51E-05
7,11,4,0.00012,0.0001,0.00011,0.0001,0.00012,0.00013,0.000140987,9.19E-05,9.62E-05,9.52E-05
7,11,5,0.00012,0.0001,0.00011,0.00011,0.00012,0.00013,0.000137987,9.88E-05,9.93E-05,9.79E-05
7,11,6,0.00012,0.0001,0.0001,0.00011,0.00012,0.00013,0.000135987,0.00010167,0.00010452,9.95E-05
7,11,7,0.00012,0.0001,0.00011,0.00011,0.00012,0.00013,0.000134987,0.00010914,0.00010941,0.000104379
7,11,8,0.00012,0.0001,0.0001,0.0001,0.00012,0.00013,0.000137987,0.00011731,0.00011322,0.000110791
7,11,9,0.00012,0.0001,0.00011,0.0001,0.00012,0.00013,0.000138987,0.00012442,0.00011431,0.000114277
7,11,10,0.00012,0.0001,0.00011,0.0001,0.00012,0.00013,0.000142987,0.00013014,0.00011482,0.000118328
7,11,11,0.00012,0.00012,0.00014,0.0001,0.00011,0.00013,0.000147486,0.00013316,0.00011327,0.000123251
7,11,12,0.00012,0.00014,0.00016,0.00011,0.00012,0.00013,0.000147486,0.00013053,0.00011347,0.00012347
7,11,13,0.00013,0.00014,0.00016,0.00011,0.00013,0.00013,0.000147486,0.00013054,0.00011285,0.000124496
7,11,14,0.00013,0.00014,0.00016,0.00011,0.00012,0.00012,0.000146986,0.00013232,0.00011477,0.000125225
7,11,15,0.00013,0.00013,0.00014,0.0001,0.00012,0.00012,0.000142987,0.00013187,0.00011722,0.000124749
7,11,16,0.00012,0.00012,0.00013,0.0001,0.00011,0.00011,0.000134488,0.00012936,0.00012225,0.000122189
7,11,17,0.00011,0.00011,0.00011,0.0001,0.00011,0.00012,0.000128488,0.00012589,0.00012916,0.000120629
7,11,18,0.00011,0.0001,0.00011,0.00009,0.00011,0.00011,0.000139737,0.00013271,0.00013732,0.000129299
7,11,19,0.00011,0.0001,0.00012,0.00009,0.0001,0.00011,0.000141687,0.00013865,0.00014238,0.000131903
7,11,20,0.00011,0.0001,0.00012,0.00009,0.0001,0.00011,0.000143487,0.00013432,0.00014356,0.000128079
7,11,21,0.0001,0.0001,0.00012,0.00009,0.0001,0.00011,0.000139987,0.0001258,0.00014088,0.000122931
7,11,22,0.00011,0.0001,0.00012,0.00009,0.0001,0.00011,0.000141987,0.00011357,0.00013102,0.000116477
7,11,23,0.00011,0.0001,0.00012,0.00009,0.00011,0.00011,0.000140487,0.00010342,0.00011944,0.00010986
8,11,0,0.00011,0.0001,0.00013,0.0001,0.00011,0.00011,0.000137287,0.00010235,9.22E-05,0.000104195
8,11,1,0.00012,0.0001,0.00012,0.0001,0.00012,0.00012,0.000133688,9.91E-05,9.19E-05,0.000100315
8,11,2,0.00012,0.0001,0.00012,0.0001,0.00012,0.00012,0.000130788,9.70E-05,9.20E-05,9.73E-05
8,11,3,0.00012,0.0001,0.00012,0.00011,0.00012,0.00013,0.000127388,9.62E-05,9.36E-05,9.51E-05
8,11,4,0.00012,0.0001,0.00012,0.00011,0.00012,0.00013,0.000124089,9.83E-05,9.53E-05,9.52E-05
8,11,5,0.00011,0.0001,0.00011,0.00011,0.00012,0.00013,0.000119289,0.00010807,9.86E-05,9.79E-05
8,11,6,0.00011,0.0001,0.0001,0.00011,0.00012,0.00013,0.000117989,0.00010978,0.00010467,9.95E-05
8,11,7,0.00011,0.0001,0.00011,0.00011,0.00012,0.00013,0.000118489,0.00011646,0.00010906,0.000104379
8,11,8,0.00011,0.0001,0.0001,0.0001,0.00012,0.00013,0.000120989,0.0001239,0.00011332,0.000110791
8,11,9,0.00011,0.0001,0.00011,0.0001,0.00012,0.00013,0.000124188,0.0001288,0.00011545,0.000114277
8,11,10,0.00011,0.0001,0.00011,0.0001,0.00012,0.00013,0.000125388,0.00013287,0.00011441,0.000118328
8,11,11,0.00011,0.00012,0.00014,0.0001,0.00011,0.00013,0.000129288,0.00013592,0.000114,0.000123251
8,11,12,0.00012,0.00014,0.00016,0.00011,0.00012,0.00013,0.000129988,0.00013261,0.00011376,0.00012347
8,11,13,0.00013,0.00014,0.00016,0.00011,0.00013,0.00013,0.000127488,0.0001329,0.00011398,0.000124496
8,11,14,0.00013,0.00014,0.00016,0.00011,0.00012,0.00012,0.000128988,0.00013656,0.00011566,0.000125225
8,11,15,0.00013,0.00013,0.00014,0.0001,0.00012,0.00012,0.000126788,0.0001363,0.00011816,0.000124749
8,11,16,0.00012,0.00012,0.00013,0.0001,0.00011,0.00011,0.000122289,0.00013243,0.00012345,0.000122189
8,11,17,0.00011,0.00011,0.00011,0.0001,0.00011,0.00012,0.000120239,0.00012609,0.00013001,0.000120629
8,11,18,0.00011,0.0001,0.0001,0.00009,0.0001,0.00011,0.000139862,0.00013773,0.00013917,0.000129299
8,11,19,0.00011,0.0001,0.0001,0.00009,0.0001,0.00011,0.000144737,0.00014381,0.00014387,0.000131903
8,11,20,0.0001,0.0001,0.0001,0.00009,0.0001,0.00011,0.000144987,0.00014011,0.00014526,0.000128079
8,11,21,0.00011,0.00009,0.0001,0.00009,0.0001,0.00011,0.000143987,0.00013179,0.00013939,0.000122931
8,11,22,0.00011,0.00009,0.0001,0.00009,0.0001,0.00011,0.000143487,0.00011979,0.00013146,0.000116477
8,11,23,0.00011,0.0001,0.0001,0.0001,0.00011,0.00011,0.000142487,0.00010759,0.00012144,0.00010986
9,11,0,0.00011,0.0001,0.00012,0.00011,0.00011,0.00012,0.000152486,9.54E-05,9.19E-05,0.000104195
9,11,1,0.00012,0.0001,0.00012,0.00011,0.00012,0.00012,0.000150486,9.09E-05,9.22E-05,0.000100315
9,11,2,0.00012,0.0001,0.00012,0.00011,0.00012,0.00013,0.000148486,8.86E-05,9.40E-05,9.73E-05
9,11,3,0.00012,0.0001,0.00011,0.00011,0.00012,0.00013,0.000145986,8.76E-05,9.39E-05,9.51E-05
9,11,4,0.00012,0.0001,0.0001,0.00011,0.00012,0.00013,0.000144987,8.61E-05,9.55E-05,9.52E-05
9,11,5,0.00011,0.0001,0.0001,0.00011,0.00012,0.00014,0.000140987,8.58E-05,9.88E-05,9.79E-05
9,11,6,0.00011,0.0001,0.0001,0.00011,0.00012,0.00013,0.000136967,8.27E-05,0.00010506,9.95E-05
9,11,7,0.00011,0.0001,0.0001,0.00011,0.00012,0.00013,0.000136227,8.93E-05,0.00010964,0.000104379
9,11,8,0.00011,0.00009,0.0001,0.0001,0.00011,0.00013,0.000138487,9.56E-05,0.0001141,0.000110791
9,11,9,0.00011,0.0001,0.0001,0.0001,0.00012,0.00013,0.000138697,0.00010055,0.00011526,0.000114277
9,11,10,0.00011,0.0001,0.00011,0.0001,0.00012,0.00013,0.000142367,0.00010526,0.00011559,0.000118328
9,11,11,0.00012,0.00011,0.00014,0.0001,0.00012,0.00013,0.000145766,0.00010846,0.00011439,0.000123251
9,11,12,0.00012,0.00013,0.00015,0.00011,0.00012,0.00013,0.000145986,0.00010937,0.00011493,0.00012347
9,11,13,0.00013,0.00013,0.00015,0.00012,0.00013,0.00013,0.000144987,0.00010805,0.00011508,0.000124496
9,11,14,0.00013,0.00013,0.00016,0.00011,0.00012,0.00012,0.000145986,0.00010607,0.0001153,0.000125225
9,11,15,0.00013,0.00013,0.00014,0.00011,0.00012,0.00012,0.000145986,0.00010467,0.00011927,0.000124749
9,11,16,0.00012,0.00011,0.00013,0.0001,0.00012,0.00012,0.000142987,0.00010361,0.00012387,0.000122189
9,11,17,0.00011,0.00011,0.00011,0.0001,0.00011,0.00012,0.000140987,0.00010509,0.00013122,0.000120629
9,11,18,0.00011,0.0001,0.0001,0.0001,0.00011,0.00012,0.000155736,0.00012132,0.00013738,0.000129299
9,11,19,0.00011,0.00009,0.0001,0.0001,0.00011,0.00012,0.000157485,0.00012603,0.00014323,0.000131903
9,11,20,0.00011,0.00009,0.0001,0.00009,0.0001,0.00011,0.000158985,0.0001233,0.00014419,0.000128079
9,11,21,0.00011,0.00009,0.0001,0.00009,0.0001,0.00011,0.000157485,0.00011752,0.00014034,0.000122931
9,11,22,0.00011,0.00009,0.0001,0.00009,0.0001,0.00011,0.000156186,0.00010928,0.00013192,0.000116477
9,11,23,0.00011,0.0001,0.00011,0.0001,0.00011,0.00012,0.000154486,0.0001011,0.00012118,0.00010986
10,11,0,0.00012,0.0001,0.00012,0.00011,0.00012,0.00012,0.000127788,9.92E-05,9.21E-05,0.000104195
10,11,1,0.00012,0.0001,0.00012,0.00011,0.00012,0.00013,0.000124488,9.53E-05,9.23E-05,0.000100315
10,11,2,0.00012,0.0001,0.00011,0.00011,0.00012,0.00013,0.000119789,9.28E-05,9.23E-05,9.73E-05
10,11,3,0.00012,0.0001,0.0001,0.00011,0.00012,0.00013,0.000116489,9.24E-05,9.34E-05,9.51E-05
10,11,4,0.00012,0.0001,0.0001,0.00011,0.00012,0.00014,0.000113989,9.58E-05,9.60E-05,9.52E-05
10,11,5,0.00012,0.0001,0.0001,0.00011,0.00012,0.00014,0.00010969,0.00010039,9.99E-05,9.79E-05
10,11,6,0.00012,0.0001,0.0001,0.00011,0.00012,0.00014,0.00010669,0.00010493,0.00010556,9.95E-05
10,11,7,0.00012,0.0001,0.0001,0.00011,0.00012,0.00013,0.00010669,0.00011387,0.00011077,0.000104379
10,11,8,0.00012,0.00009,0.0001,0.00011,0.00012,0.00013,0.00010582,0.00012259,0.00011456,0.000110791
10,11,9,0.00012,0.0001,0.0001,0.0001,0.00012,0.00013,0.00010603,0.00012775,0.00011694,0.000114277
10,11,10,0.00012,0.0001,0.00012,0.0001,0.00011,0.00013,0.00010862,0.00013149,0.00011669,0.000118328
10,11,11,0.00012,0.00011,0.00014,0.0001,0.00012,0.00013,0.00011252,0.00013458,0.0001149,0.000123251
10,11,12,0.00013,0.00013,0.00015,0.00011,0.00012,0.00013,0.000120349,0.00013307,0.00011453,0.00012347
10,11,13,0.00013,0.00013,0.00015,0.00012,0.00013,0.00013,0.000114689,0.00013306,0.00011527,0.000124496
10,11,14,0.00014,0.00013,0.00015,0.00011,0.00013,0.00012,0.000116739,0.00013473,0.00011622,0.000125225
10,11,15,0.00013,0.00013,0.00014,0.0001,0.00012,0.00012,0.00011107,0.00013341,0.000119,0.000124749
10,11,16,0.00012,0.00012,0.00013,0.0001,0.00012,0.00012,0.00010531,0.00013223,0.00012502,0.000122189
10,11,17,0.00011,0.00011,0.00012,0.0001,0.00011,0.00012,0.000119879,0.00013152,0.00013176,0.000120629
10,11,18,0.00011,0.0001,0.00011,0.0001,0.00011,0.00012,0.000124943,0.00014349,0.00013953,0.000129299
10,11,19,0.00011,0.0001,0.0001,0.0001,0.00011,0.00011,0.000125358,0.00014231,0.0001435,0.000131903
10,11,20,0.00011,0.0001,0.0001,0.0001,0.00011,0.00011,0.000126338,0.00013696,0.00014415,0.000128079
10,11,21,0.00011,0.0001,0.0001,0.0001,0.0001,0.00011,0.000126338,0.0001277,0.00014083,0.000122931
10,11,22,0.00011,0.0001,0.0001,0.0001,0.0001,0.00011,0.000127968,0.00011612,0.00013116,0.000116477
10,11,23,0.00011,0.0001,0.00011,0.0001,0.00011,0.00012,0.000128088,0.00010542,0.00012164,0.00010986
11,11,0,0.00012,0.0001,0.00012,0.00011,0.00012,0.00012,0.000102451,0.00010098,9.22E-05,0.000104195
11,11,1,0.00012,0.0001,0.00012,0.00011,0.00012,0.00012,9.88E-05,9.75E-05,9.19E-05,0.000100315
11,11,2,0.00012,0.00011,0.00012,0.00011,0.00012,0.00013,9.49E-05,9.50E-05,9.33E-05,9.73E-05
11,11,3,0.00012,0.00011,0.00011,0.00011,0.00012,0.00013,9.13E-05,9.48E-05,9.43E-05,9.51E-05
11,11,4,0.00012,0.00011,0.00011,0.00011,0.00012,0.00014,8.89E-05,9.85E-05,9.57E-05,9.52E-05
11,11,5,0.00012,0.00011,0.00011,0.00011,0.00012,0.00014,8.91E-05,0.00010631,0.00010079,9.79E-05
11,11,6,0.00012,0.00011,0.00011,0.0001,0.00012,0.00013,9.38E-05,0.00010871,0.00010491,9.95E-05
11,11,7,0.00012,0.0001,0.00011,0.0001,0.00012,0.00013,9.66E-05,0.00011473,0.00011021,0.000104379
11,11,8,0.00012,0.0001,0.00011,0.0001,0.00011,0.00013,9.83E-05,0.00012234,0.00011449,0.000110791
11,11,9,0.00012,0.0001,0.00011,0.0001,0.00012,0.00013,0.000101551,0.00012585,0.00011748,0.000114277
11,11,10,0.00012,0.0001,0.00012,0.0001,0.00012,0.00013,0.00010759,0.00012948,0.00011567,0.000118328
11,11,11,0.00012,0.00011,0.00015,0.0001,0.00012,0.00013,0.00011299,0.00013247,0.00011408,0.000123251
11,11,12,0.00013,0.00013,0.00015,0.00012,0.00012,0.00013,0.000113489,0.00012935,0.00011531,0.00012347
11,11,13,0.00013,0.00014,0.00016,0.00012,0.00013,0.00013,0.00011149,0.00012798,0.00011536,0.000124496
11,11,14,0.00014,0.00013,0.00017,0.00011,0.00012,0.00012,0.00011139,0.00012928,0.00011757,0.000125225
11,11,15,0.00013,0.00013,0.00015,0.00011,0.00012,0.00012,0.00010999,0.00012945,0.00012026,0.000124749
11,11,16,0.00012,0.00012,0.00013,0.0001,0.00012,0.00012,0.00011299,0.00012844,0.00012368,0.000122189
11,11,17,0.00012,0.00011,0.00012,0.0001,0.00011,0.00012,0.000125488,0.00013261,0.00013042,0.000120629
11,11,18,0.00011,0.0001,0.00011,0.0001,0.00011,0.00012,0.000123139,0.0001415,0.00013917,0.000129299
11,11,19,0.00011,0.0001,0.00011,0.0001,0.00011,0.00011,0.000123589,0.00014025,0.00014422,0.000131903
11,11,20,0.00011,0.0001,0.0001,0.0001,0.00011,0.00011,0.000119919,0.00013463,0.00014573,0.000128079
11,11,21,0.00011,0.0001,0.0001,0.0001,0.0001,0.00011,0.000117079,0.00012607,0.00014192,0.000122931
11,11,22,0.00011,0.0001,0.0001,0.0001,0.00011,0.00011,0.00011291,0.00011556,0.00013297,0.000116477
11,11,23,0.00012,0.0001,0.00011,0.0001,0.00011,0.00011,0.000108825,0.00010607,0.00012255,0.00010986
12,11,0,0.00012,0.0001,0.00012,0.00011,0.00012,0.00012,7.91E-05,9.68E-05,9.20E-05,0.000104195
12,11,1,0.00012,0.0001,0.00012,0.00012,0.00012,0.00013,7.48E-05,9.21E-05,9.40E-05,0.000100315
12,11,2,0.00013,0.0001,0.00012,0.00011,0.00012,0.00013,7.22E-05,8.93E-05,9.43E-05,9.73E-05
12,11,3,0.00013,0.0001,0.00011,0.00011,0.00012,0.00013,6.96E-05,8.78E-05,9.41E-05,9.51E-05
12,11,4,0.00013,0.0001,0.00011,0.00011,0.00012,0.00014,6.77E-05,8.70E-05,9.67E-05,9.52E-05
12,11,5,0.00013,0.0001,0.00011,0.00011,0.00012,0.00014,7.29E-05,8.68E-05,0.00010038,9.79E-05
12,11,6,0.00012,0.0001,0.00011,0.00011,0.00012,0.00013,7.93E-05,8.48E-05,0.00010506,9.95E-05
12,11,7,0.00012,0.0001,0.00011,0.0001,0.00012,0.00013,8.66E-05,8.99E-05,0.00011116,0.000104379
12,11,8,0.00012,0.0001,0.00011,0.0001,0.00012,0.00013,8.78E-05,9.56E-05,0.00011584,0.000110791
12,11,9,0.00012,0.0001,0.00011,0.0001,0.00012,0.00013,8.62E-05,0.00010062,0.00011599,0.000114277
12,11,10,0.00013,0.0001,0.00012,0.0001,0.00012,0.00014,8.84E-05,0.00010502,0.00011659,0.000118328
12,11,11,0.00013,0.00011,0.00016,0.0001,0.00012,0.00013,9.15E-05,0.00010802,0.00011481,0.000123251
12,11,12,0.00013,0.00013,0.00015,0.00011,0.00012,0.00013,9.60E-05,0.00010853,0.00011528,0.00012347
12,11,13,0.00014,0.00013,0.00015,0.00011,0.00012,0.00013,8.98E-05,0.00010773,0.00011492,0.000124496
12,11,14,0.00014,0.00013,0.00016,0.00011,0.00012,0.00012,8.68E-05,0.00010597,0.00011664,0.000125225
12,11,15,0.00013,0.00013,0.00015,0.0001,0.00012,0.00012,8.67E-05,0.00010438,0.00011947,0.000124749
12,11,16,0.00012,0.00011,0.00013,0.0001,0.00011,0.00012,9.02E-05,0.00010311,0.00012398,0.000122189
12,11,17,0.00012,0.00011,0.00012,0.0001,0.00011,0.00012,0.000101611,0.00010685,0.0001329,0.000120629
12,11,18,0.00011,0.0001,0.00011,0.0001,0.00011,0.00012,0.000100086,0.00012409,0.00013917,0.000129299
12,11,19,0.00011,0.0001,0.00011,0.0001,0.00011,0.00012,9.83E-05,0.00012608,0.00014437,0.000131903
12,11,20,0.00011,0.0001,0.00011,0.0001,0.00011,0.00011,9.47E-05,0.00012448,0.00014523,0.000128079
12,11,21,0.00011,0.0001,0.0001,0.0001,0.0001,0.00011,9.10E-05,0.00011878,0.00014147,0.000122931
12,11,22,0.00011,0.0001,0.0001,0.0001,0.0001,0.00011,8.63E-05,0.00011075,0.00013409,0.000116477
12,11,23,0.00012,0.0001,0.00011,0.0001,0.00011,0.00012,8.23E-05,0.00010259,0.00012213,0.00010986
11,13,0,0.00012,0.0001,0.00012,0.00011,0.00011,0.00012,0.000102281,9.68E-05,9.30E-05,0.000104195
11,13,1,0.00012,0.0001,0.00012,0.00011,0.00012,0.00013,9.66E-05,9.27E-05,9.32E-05,0.000100315
11,13,2,0.00013,0.0001,0.00012,0.00011,0.00012,0.00013,9.38E-05,8.96E-05,9.38E-05,9.73E-05
11,13,3,0.00013,0.0001,0.00012,0.00011,0.00012,0.00013,9.12E-05,8.81E-05,9.44E-05,9.51E-05
11,13,4,0.00013,0.0001,0.0001,0.00011,0.00012,0.00014,8.84E-05,8.76E-05,9.64E-05,9.52E-05
11,13,5,0.00013,0.0001,0.00011,0.00011,0.00012,0.00014,8.87E-05,8.60E-05,0.00010097,9.79E-05
11,13,6,0.00012,0.0001,0.0001,0.00011,0.00012,0.00013,9.52E-05,8.38E-05,0.00010577,9.95E-05
11,13,7,0.00012,0.0001,0.0001,0.00011,0.00012,0.00013,9.76E-05,8.94E-05,0.00011229,0.000104379
11,13,8,0.00012,0.00009,0.00011,0.0001,0.00012,0.00013,9.87E-05,9.59E-05,0.00011524,0.000110791
11,13,9,0.00012,0.00009,0.00011,0.0001,0.00012,0.00013,0.000100151,0.00010064,0.00011627,0.000114277
11,13,10,0.00012,0.00009,0.00011,0.0001,0.00012,0.00013,0.000105,0.00010471,0.00011577,0.000118328
11,13,11,0.00013,0.0001,0.00014,0.0001,0.00012,0.00013,0.00011036,0.00010699,0.00011606,0.000123251
11,13,12,0.00013,0.00013,0.00014,0.00011,0.00012,0.00013,0.00011181,0.00010776,0.00011523,0.00012347
11,13,13,0.00014,0.00013,0.00015,0.00011,0.00013,0.00013,0.00011021,0.00010662,0.00011493,0.000124496
11,13,14,0.00014,0.00013,0.00015,0.00011,0.00012,0.00012,0.00010998,0.00010484,0.00011694,0.000125225
11,13,15,0.00013,0.00012,0.00015,0.0001,0.00012,0.00012,0.00010887,0.00010317,0.00012044,0.000124749
11,13,16,0.00012,0.00012,0.00012,0.0001,0.00011,0.00011,0.00010924,0.00010202,0.00012571,0.000122189
11,13,17,0.00012,0.00011,0.00011,0.0001,0.00011,0.00011,0.000124129,0.00010699,0.00013155,0.000120629
11,13,18,0.00011,0.00011,0.0001,0.0001,0.0001,0.00011,0.000119114,0.00012099,0.00014,0.000129299
11,13,19,0.00011,0.0001,0.00011,0.0001,0.0001,0.00011,0.000116689,0.00012227,0.00014592,0.000131903
11,13,20,0.00011,0.0001,0.00011,0.0001,0.0001,0.00011,0.000114209,0.00012016,0.00014727,0.000128079
11,13,21,0.00011,0.0001,0.0001,0.0001,0.0001,0.00011,0.00011049,0.00011391,0.00014144,0.000122931
11,13,22,0.00011,0.0001,0.0001,0.0001,0.0001,0.00011,0.00010646,0.00010597,0.00013287,0.000116477
11,13,23,0.00011,0.00011,0.00011,0.0001,0.00011,0.00011,0.00010495,9.76E-05,0.000122,0.00010986
11,14,0,0.00012,0.00011,0.00012,0.00011,0.00011,0.00012,9.91E-05,9.22E-05,9.28E-05,0.000104195
11,14,1,0.00012,0.0001,0.00012,0.00011,0.00012,0.00012,9.51E-05,8.86E-05,9.32E-05,0.000100315
11,14,2,0.00012,0.0001,0.00011,0.00011,0.00012,0.00013,9.12E-05,8.65E-05,9.36E-05,9.73E-05
11,14,3,0.00012,0.00011,0.00011,0.00011,0.00012,0.00013,8.75E-05,8.53E-05,9.44E-05,9.51E-05
11,14,4,0.00012,0.00011,0.00011,0.00011,0.00012,0.00013,8.78E-05,8.57E-05,9.66E-05,9.52E-05
11,14,5,0.00012,0.00011,0.0001,0.00011,0.00012,0.00013,8.89E-05,8.61E-05,0.00010156,9.79E-05
11,14,6,0.00012,0.00011,0.00011,0.00011,0.00011,0.00013,9.28E-05,8.44E-05,0.00010703,9.95E-05
11,14,7,0.00012,0.0001,0.00011,0.00011,0.00011,0.00013,9.62E-05,9.01E-05,0.00011109,0.000104379
11,14,8,0.00012,0.00009,0.00011,0.0001,0.00011,0.00013,9.74E-05,9.67E-05,0.00011484,0.000110791
11,14,9,0.00012,0.00009,0.00011,0.0001,0.00011,0.00013,0.000100241,0.00010253,0.00011693,0.000114277
11,14,10,0.00012,0.0001,0.00012,0.0001,0.00011,0.00013,0.00010339,0.00010757,0.00011639,0.000118328
11,14,11,0.00012,0.00011,0.00014,0.0001,0.00011,0.00013,0.00010904,0.00011153,0.00011715,0.000123251
11,14,12,0.00013,0.00013,0.00016,0.00012,0.00012,0.00013,0.00011179,0.00011209,0.00011521,0.00012347
11,14,13,0.00013,0.00013,0.00017,0.00012,0.00012,0.00013,0.00010967,0.00011087,0.000116,0.000124496
11,14,14,0.00014,0.00013,0.00016,0.00011,0.00012,0.00012,0.00010869,0.00010849,0.00011648,0.000125225
11,14,15,0.00013,0.00013,0.00015,0.00011,0.00011,0.00011,0.00010699,0.00010657,0.00012008,0.000124749
11,14,16,0.00012,0.00012,0.00014,0.0001,0.00011,0.00011,0.00010797,0.00010588,0.00012542,0.000122189
11,14,17,0.00011,0.00011,0.00012,0.0001,0.0001,0.00011,0.000122499,0.00011276,0.00013266,0.000120629
11,14,18,0.00011,0.0001,0.00011,0.0001,0.0001,0.00011,0.000116179,0.00012579,0.00014045,0.000129299
11,14,19,0.00011,0.0001,0.0001,0.0001,0.0001,0.00011,0.000114479,0.00012762,0.0001452,0.000131903
11,14,20,0.00011,0.0001,0.0001,0.0001,0.00009,0.00011,0.00011059,0.0001238,0.00014688,0.000128079
11,14,21,0.00011,0.0001,0.0001,0.00009,0.00009,0.00011,0.00010734,0.00011542,0.00014161,0.000122931
11,14,22,0.00011,0.0001,0.0001,0.00009,0.00009,0.00011,0.00010378,0.00010568,0.00013444,0.000116477
11,14,23,0.00011,0.00011,0.00011,0.0001,0.0001,0.00011,0.000100981,9.86E-05,0.00012196,0.00010986
11,15,0,0.00011,0.0001,0.00011,0.00011,0.0001,0.00011,9.63E-05,9.31E-05,9.40E-05,0.000104195
11,15,1,0.00012,0.0001,0.00012,0.00011,0.00011,0.00012,9.21E-05,8.97E-05,9.53E-05,0.000100315
11,15,2,0.00012,0.0001,0.00012,0.00011,0.00011,0.00012,8.95E-05,8.80E-05,9.40E-05,9.73E-05
11,15,3,0.00012,0.0001,0.00012,0.00011,0.00011,0.00013,8.68E-05,8.78E-05,9.55E-05,9.51E-05
11,15,4,0.00012,0.0001,0.00011,0.00011,0.00011,0.00013,8.40E-05,9.18E-05,9.68E-05,9.52E-05
11,15,5,0.00011,0.0001,0.00011,0.00011,0.00011,0.00013,8.35E-05,0.00010048,0.00010082,9.79E-05
11,15,6,0.00011,0.0001,0.00011,0.00011,0.00011,0.00013,8.37E-05,0.00010351,0.00010591,9.95E-05
11,15,7,0.00011,0.0001,0.00011,0.00011,0.0001,0.00012,8.62E-05,0.00010877,0.00011229,0.000104379
11,15,8,0.00011,0.00009,0.0001,0.0001,0.0001,0.00012,8.41E-05,0.000116,0.00011565,0.000110791
11,15,9,0.00011,0.00009,0.00011,0.0001,0.0001,0.00013,8.33E-05,0.00012062,0.00011803,0.000114277
11,15,10,0.00011,0.00009,0.00011,0.0001,0.0001,0.00013,8.63E-05,0.00012546,0.00011741,0.000118328
11,15,11,0.00011,0.00011,0.00014,0.0001,0.0001,0.00012,9.31E-05,0.00012877,0.0001162,0.000123251
11,15,12,0.00012,0.00013,0.00016,0.00011,0.00011,0.00012,9.91E-05,0.00012634,0.00011502,0.00012347
11,15,13,0.00013,0.00013,0.00016,0.00011,0.00011,0.00012,9.12E-05,0.00012683,0.000117,0.000124496
11,15,14,0.00013,0.00013,0.00016,0.00011,0.00011,0.00012,8.81E-05,0.00012909,0.00011713,0.000125225
11,15,15,0.00013,0.00012,0.00014,0.0001,0.00011,0.00011,8.56E-05,0.00012981,0.00012116,0.000124749
11,15,16,0.00012,0.00011,0.00013,0.0001,0.0001,0.00011,8.78E-05,0.00012915,0.00012564,0.000122189
11,15,17,0.00011,0.00011,0.00011,0.0001,0.0001,0.00011,0.00010276,0.00013159,0.00013272,0.000120629
11,15,18,0.00011,0.0001,0.0001,0.0001,0.00009,0.00011,9.96E-05,0.00014241,0.00014083,0.000129299
11,15,19,0.00011,0.0001,0.0001,0.00009,0.00009,0.00011,9.85E-05,0.00014088,0.00014631,0.000131903
11,15,20,0.00011,0.0001,0.00009,0.00009,0.00009,0.00011,9.89E-05,0.00013508,0.00014662,0.000128079
11,15,21,0.00011,0.0001,0.0001,0.00009,0.00009,0.00011,9.67E-05,0.00012579,0.00014243,0.000122931
11,15,22,0.00011,0.0001,0.0001,0.00009,0.00009,0.00011,9.39E-05,0.00011317,0.00013415,0.000116477
11,15,23,0.00011,0.0001,0.0001,0.0001,0.0001,0.00011,9.12E-05,0.00010232,0.00012284,0.00010986
11,16,0,0.00011,0.0001,0.00011,0.00011,0.00011,0.00012,8.72E-05,9.61E-05,9.41E-05,0.000104195
11,16,1,0.00012,0.0001,0.00012,0.00011,0.00012,0.00013,8.35E-05,9.29E-05,9.32E-05,0.000100315
11,16,2,0.00012,0.0001,0.00012,0.00011,0.00012,0.00012,8.09E-05,9.10E-05,9.53E-05,9.73E-05
11,16,3,0.00012,0.0001,0.00011,0.00011,0.00012,0.00013,7.93E-05,9.05E-05,9.54E-05,9.51E-05
11,16,4,0.00012,0.00011,0.00011,0.00011,0.00012,0.00014,7.63E-05,9.42E-05,9.76E-05,9.52E-05
11,16,5,0.00012,0.00011,0.0001,0.00011,0.00011,0.00014,7.80E-05,0.00010204,0.00010227,9.79E-05
11,16,6,0.00011,0.0001,0.00011,0.00011,0.00011,0.00014,8.39E-05,0.00010541,0.00010625,9.95E-05
11,16,7,0.00011,0.0001,0.00011,0.00011,0.00011,0.00013,8.60E-05,0.00011213,0.0001142,0.000104379
11,16,8,0.00011,0.00009,0.00011,0.00011,0.00011,0.00013,8.55E-05,0.00011979,0.00011702,0.000110791
11,16,9,0.00011,0.0001,0.00011,0.0001,0.00011,0.00013,8.29E-05,0.00012469,0.0001165,0.000114277
11,16,10,0.00011,0.0001,0.00011,0.00011,0.00011,0.00014,8.74E-05,0.00012931,0.00011767,0.000118328
11,16,11,0.00012,0.00012,0.00015,0.0001,0.00011,0.00013,9.43E-05,0.00013222,0.00011598,0.000123251
11,16,12,0.00012,0.00013,0.00014,0.00011,0.00012,0.00013,9.66E-05,0.00012895,0.00011624,0.00012347
11,16,13,0.00013,0.00013,0.00016,0.00012,0.00012,0.00013,9.58E-05,0.00012835,0.00011574,0.000124496
11,16,14,0.00013,0.00013,0.00015,0.00011,0.00012,0.00012,9.19E-05,0.00013154,0.000117,0.000125225
11,16,15,0.00013,0.00013,0.00014,0.00011,0.00011,0.00012,9.26E-05,0.00013137,0.00012056,0.000124749
11,16,16,0.00012,0.00012,0.00013,0.0001,0.00011,0.00012,9.89E-05,0.00013032,0.00012553,0.000122189
11,16,17,0.00011,0.00011,0.00011,0.0001,0.00011,0.00012,0.00011245,0.00013271,0.00013294,0.000120629
11,16,18,0.00011,0.0001,0.0001,0.0001,0.0001,0.00012,0.000108715,0.00014355,0.00014022,0.000129299
11,16,19,0.00011,0.0001,0.0001,0.0001,0.0001,0.00011,0.00010637,0.00014194,0.00014681,0.000131903
11,16,20,0.00011,0.0001,0.0001,0.0001,0.0001,0.00011,0.0001041,0.0001363,0.00014654,0.000128079
11,16,21,0.00011,0.0001,0.00009,0.0001,0.00009,0.00011,0.000100671,0.00012741,0.00014197,0.000122931
11,16,22,0.00011,0.0001,0.0001,0.0001,0.0001,0.00011,9.65E-05,0.00011598,0.00013401,0.000116477
11,16,23,0.00011,0.00011,0.0001,0.0001,0.0001,0.00012,9.36E-05,0.0001052,0.00012315,0.00010986
11,17,0,0.00012,0.00011,0.00011,0.00011,0.00011,0.00012,8.75E-05,9.81E-05,9.28E-05,0.000104195
11,17,1,0.00012,0.00011,0.00012,0.00012,0.00012,0.00013,8.49E-05,9.47E-05,9.47E-05,0.000100315
11,17,2,0.00012,0.00011,0.00012,0.00012,0.00012,0.00013,8.20E-05,9.23E-05,9.47E-05,9.73E-05
11,17,3,0.00012,0.00011,0.00011,0.00012,0.00011,0.00014,7.93E-05,9.20E-05,9.47E-05,9.51E-05
11,17,4,0.00012,0.00011,0.00011,0.00011,0.00011,0.00014,7.79E-05,9.56E-05,9.81E-05,9.52E-05
11,17,5,0.00012,0.00011,0.0001,0.00011,0.00011,0.00014,7.94E-05,0.00010319,0.0001008,9.79E-05
11,17,6,0.00012,0.00011,0.00011,0.00011,0.00011,0.00014,8.40E-05,0.00010642,0.00010665,9.95E-05
11,17,7,0.00012,0.0001,0.0001,0.00011,0.00011,0.00013,9.10E-05,0.00011313,0.00011186,0.000104379
11,17,8,0.00012,0.0001,0.00011,0.00011,0.00011,0.00013,9.10E-05,0.00012089,0.00011583,0.000110791
11,17,9,0.00012,0.0001,0.00011,0.00011,0.00011,0.00013,9.00E-05,0.00012537,0.00011781,0.000114277
11,17,10,0.00012,0.0001,0.00012,0.00011,0.00011,0.00014,9.31E-05,0.00012931,0.00011642,0.000118328
11,17,11,0.00012,0.00012,0.00015,0.00011,0.00011,0.00013,9.86E-05,0.00013212,0.00011708,0.000123251
11,17,12,0.00013,0.00014,0.00015,0.00012,0.00012,0.00013,0.000101721,0.0001302,0.00011569,0.00012347
11,17,13,0.00013,0.00014,0.00015,0.00012,0.00012,0.00013,9.78E-05,0.00012857,0.00011666,0.000124496
11,17,14,0.00014,0.00013,0.00015,0.00011,0.00012,0.00012,9.64E-05,0.00013135,0.00011848,0.000125225
11,17,15,0.00013,0.00013,0.00015,0.00011,0.00012,0.00012,9.50E-05,0.00013162,0.0001199,0.000124749
11,17,16,0.00012,0.00012,0.00013,0.00011,0.00011,0.00011,9.73E-05,0.00012987,0.00012546,0.000122189
11,17,17,0.00011,0.00011,0.00011,0.0001,0.00011,0.00012,0.00011185,0.00013327,0.000133,0.000120629
11,17,18,0.00011,0.00011,0.0001,0.0001,0.0001,0.00012,0.00010648,0.00014452,0.00014009,0.000129299
11,17,19,0.00011,0.0001,0.0001,0.0001,0.0001,0.00011,0.00010461,0.00014281,0.00014606,0.000131903
11,17,20,0.00011,0.0001,0.0001,0.0001,0.0001,0.00011,0.000101251,0.00013812,0.0001474,0.000128079
11,17,21,0.00011,0.0001,0.0001,0.0001,0.0001,0.00011,9.73E-05,0.00012886,0.00014353,0.000122931
11,17,22,0.00011,0.0001,0.0001,0.0001,0.0001,0.00011,9.28E-05,0.00011703,0.000134,0.000116477
11,17,23,0.00011,0.0001,0.00011,0.0001,0.00011,0.00011,8.96E-05,0.00010544,0.00012235,0.00010986
11,18,0,0.00012,0.00011,0.00012,0.00011,0.00011,0.00012,8.49E-05,9.83E-05,9.32E-05,0.000104195
11,18,1,0.00012,0.00011,0.00013,0.00012,0.00012,0.00013,8.03E-05,9.50E-05,9.46E-05,0.000100315
11,18,2,0.00012,0.00011,0.00012,0.00011,0.00012,0.00013,7.87E-05,9.26E-05,9.49E-05,9.73E-05
11,18,3,0.00012,0.00011,0.00011,0.00011,0.00012,0.00013,7.54E-05,9.20E-05,9.60E-05,9.51E-05
11,18,4,0.00013,0.00011,0.00011,0.00011,0.00011,0.00014,7.42E-05,9.55E-05,9.73E-05,9.52E-05
11,18,5,0.00012,0.00011,0.00011,0.00011,0.00012,0.00014,7.72E-05,0.00010322,0.00010198,9.79E-05
11,18,6,0.00012,0.00011,0.00011,0.00011,0.00012,0.00014,8.38E-05,0.00010641,0.00010765,9.95E-05
11,18,7,0.00012,0.0001,0.00011,0.00011,0.00012,0.00013,8.60E-05,0.00011351,0.00011275,0.000104379
11,18,8,0.00012,0.0001,0.00011,0.00011,0.00011,0.00013,8.73E-05,0.00012076,0.00011684,0.000110791
11,18,9,0.00012,0.0001,0.00011,0.00011,0.00011,0.00013,8.73E-05,0.0001237,0.00011699,0.000114277
11,18,10,0.00012,0.00011,0.00013,0.00011,0.00011,0.00013,9.21E-05,0.0001276,0.00011789,0.000118328
11,18,11,0.00013,0.00012,0.00015,0.00011,0.00011,0.00013,9.70E-05,0.00013032,0.00011709,0.000123251
11,18,12,0.00013,0.00014,0.00015,0.00011,0.00012,0.00013,0.000100441,0.00012981,0.00011662,0.00012347
11,18,13,0.00014,0.00014,0.00017,0.00012,0.00012,0.00013,9.65E-05,0.00013125,0.00011744,0.000124496
11,18,14,0.00014,0.00014,0.00016,0.00011,0.00012,0.00012,9.59E-05,0.00013365,0.00011835,0.000125225
11,18,15,0.00013,0.00013,0.00015,0.00011,0.00012,0.00012,9.38E-05,0.00013362,0.0001219,0.000124749
11,18,16,0.00012,0.00012,0.00013,0.0001,0.00011,0.00012,9.65E-05,0.00013189,0.00012602,0.000122189
11,18,17,0.00012,0.00011,0.00012,0.0001,0.00011,0.00012,0.00010933,0.00013432,0.00013361,0.000120629
11,18,18,0.00011,0.0001,0.00011,0.0001,0.00011,0.00012,0.000106095,0.00014376,0.00013913,0.000129299
11,18,19,0.00011,0.0001,0.00011,0.0001,0.00011,0.00012,0.00010432,0.00014147,0.00014594,0.000131903
11,18,20,0.00011,0.0001,0.0001,0.0001,0.00011,0.00011,0.000101241,0.00013593,0.00014843,0.000128079
11,18,21,0.00011,0.0001,0.0001,0.0001,0.0001,0.00011,9.69E-05,0.0001276,0.00014259,0.000122931
11,18,22,0.00011,0.0001,0.0001,0.0001,0.0001,0.00011,9.23E-05,0.0001176,0.00013504,0.000116477
11,18,23,0.00012,0.00011,0.00011,0.0001,0.00011,0.00011,8.92E-05,0.00010794,0.00012256,0.00010986
11,19,0,0.00012,0.00011,0.00012,0.00011,0.00011,0.00012,8.43E-05,0.00010065,9.43E-05,0.000104195
11,19,1,0.00012,0.00011,0.00012,0.00012,0.00012,0.00013,8.09E-05,9.68E-05,9.42E-05,0.000100315
11,19,2,0.00013,0.00011,0.00012,0.00012,0.00012,0.00013,7.87E-05,9.41E-05,9.39E-05,9.73E-05
11,19,3,0.00013,0.00011,0.00011,0.00012,0.00011,0.00014,7.66E-05,9.31E-05,9.52E-05,9.51E-05
11,19,4,0.00013,0.00011,0.00012,0.00012,0.00011,0.00014,7.56E-05,9.41E-05,9.83E-05,9.52E-05
11,19,5,0.00013,0.00011,0.0001,0.00012,0.00012,0.00014,7.68E-05,9.66E-05,0.00010215,9.79E-05
11,19,6,0.00013,0.00011,0.0001,0.00011,0.00011,0.00014,8.60E-05,9.89E-05,0.00010687,9.95E-05
11,19,7,0.00013,0.0001,0.0001,0.00011,0.00011,0.00013,8.83E-05,0.00010711,0.00011339,0.000104379
11,19,8,0.00012,0.0001,0.00011,0.00011,0.00011,0.00013,8.99E-05,0.00011545,0.00011679,0.000110791
11,19,9,0.00013,0.0001,0.00011,0.00011,0.00011,0.00013,8.98E-05,0.00012071,0.00011729,0.000114277
11,19,10,0.00013,0.0001,0.00012,0.00011,0.00011,0.00014,9.20E-05,0.00012456,0.00011853,0.000118328
11,19,11,0.00013,0.00012,0.00015,0.00011,0.00011,0.00013,9.60E-05,0.00012679,0.00011693,0.000123251
11,19,12,0.00013,0.00013,0.00015,0.00012,0.00012,0.00013,0.000100161,0.00012491,0.00011601,0.00012347
11,19,13,0.00014,0.00013,0.00016,0.00012,0.00012,0.00013,9.86E-05,0.00012041,0.00011683,0.000124496
11,19,14,0.00014,0.00013,0.00016,0.00011,0.00012,0.00012,9.58E-05,0.00011845,0.00011769,0.000125225
11,19,15,0.00014,0.00012,0.00014,0.00011,0.00011,0.00012,9.56E-05,0.0001177,0.00012005,0.000124749
11,19,16,0.00013,0.00012,0.00013,0.0001,0.00011,0.00012,9.63E-05,0.00011648,0.00012596,0.000122189
11,19,17,0.00012,0.00011,0.00011,0.0001,0.00011,0.00012,0.00011272,0.00012154,0.00013268,0.000120629
11,19,18,0.00012,0.0001,0.00011,0.0001,0.0001,0.00011,0.000106055,0.00013361,0.00014008,0.000129299
11,19,19,0.00011,0.0001,0.00009,0.0001,0.0001,0.00011,0.0001032,0.00013227,0.00014579,0.000131903
11,19,20,0.00011,0.0001,0.00008,0.0001,0.0001,0.00011,0.000102031,0.00012796,0.00014726,0.000128079
11,19,21,0.00011,0.0001,0.00008,0.0001,0.0001,0.00011,9.79E-05,0.00012008,0.00014394,0.000122931
11,19,22,0.00011,0.00009,0.00008,0.0001,0.0001,0.00011,9.26E-05,0.00011017,0.00013418,0.000116477
11,19,23,0.00012,0.0001,0.00009,0.0001,0.00011,0.00011,8.95E-05,0.00010162,0.00012285,0.00010986
11,20,0,0.00012,0.0001,0.0001,0.00012,0.00011,0.00012,8.62E-05,9.47E-05,9.32E-05,0.000104195
11,20,1,0.00012,0.0001,0.00012,0.00012,0.00012,0.00013,8.27E-05,9.03E-05,9.40E-05,0.000100315
11,20,2,0.00013,0.0001,0.00012,0.00012,0.00012,0.00013,7.94E-05,8.73E-05,9.54E-05,9.73E-05
11,20,3,0.00013,0.0001,0.00011,0.00012,0.00012,0.00013,7.72E-05,8.49E-05,9.61E-05,9.51E-05
11,20,4,0.00013,0.0001,0.00011,0.00012,0.00012,0.00014,7.66E-05,8.53E-05,9.81E-05,9.52E-05
11,20,5,0.00013,0.0001,0.00011,0.00012,0.00011,0.00014,7.76E-05,8.45E-05,0.00010147,9.79E-05
11,20,6,0.00013,0.0001,0.00011,0.00012,0.00011,0.00014,8.43E-05,8.26E-05,0.0001059,9.95E-05
11,20,7,0.00012,0.0001,0.00012,0.00011,0.00011,0.00013,9.02E-05,8.68E-05,0.00011238,0.000104379
11,20,8,0.00012,0.00009,0.00011,0.00011,0.00011,0.00013,9.04E-05,9.22E-05,0.00011644,0.000110791
11,20,9,0.00012,0.0001,0.00011,0.00011,0.00011,0.00014,8.92E-05,9.58E-05,0.00011845,0.000114277
11,20,10,0.00013,0.0001,0.00012,0.00011,0.00011,0.00014,9.31E-05,9.96E-05,0.00011828,0.000118328
11,20,11,0.00013,0.00012,0.00014,0.00011,0.00011,0.00013,9.69E-05,0.00010285,0.00011647,0.000123251
11,20,12,0.00013,0.00013,0.00015,0.00012,0.0001,0.00013,0.000101381,0.00010416,0.00011753,0.00012347
11,20,13,0.00014,0.00013,0.00015,0.00012,0.0001,0.00013,9.73E-05,0.00010303,0.00011693,0.000124496
11,20,14,0.00014,0.00013,0.00015,0.00011,0.00012,0.00012,9.68E-05,0.00010103,0.00011965,0.000125225
11,20,15,0.00013,0.00012,0.00014,0.00011,0.00012,0.00012,9.52E-05,9.97E-05,0.00012097,0.000124749
11,20,16,0.00012,0.00012,0.00013,0.0001,0.00011,0.00011,9.91E-05,9.89E-05,0.000126,0.000122189
11,20,17,0.00012,0.00011,0.00012,0.0001,0.00011,0.00012,0.00011086,0.00010349,0.0001333,0.000120629
11,20,18,0.00011,0.0001,0.0001,0.0001,0.0001,0.00012,0.00010708,0.00011956,0.00014118,0.000129299
11,20,19,0.00011,0.0001,0.0001,0.0001,0.0001,0.00012,0.00010576,0.00012168,0.00014664,0.000131903
11,20,20,0.00011,0.0001,0.0001,0.0001,0.0001,0.00011,0.000101201,0.00011961,0.00014801,0.000128079
11,20,21,0.00011,0.0001,0.0001,0.0001,0.0001,0.00011,9.82E-05,0.0001127,0.00014292,0.000122931
11,20,22,0.00011,0.00009,0.0001,0.0001,0.0001,0.00011,9.27E-05,0.00010469,0.00013441,0.000116477
11,20,23,0.00012,0.0001,0.00011,0.0001,0.00011,0.00012,8.94E-05,9.62E-05,0.00012291,0.00010986
11,21,0,0.00012,0.0001,0.00012,0.00012,0.00012,0.00012,8.59E-05,9.10E-05,9.36E-05,0.000104195
11,21,1,0.00012,0.0001,0.00012,0.00012,0.00012,0.00013,8.26E-05,8.76E-05,9.33E-05,0.000100315
11,21,2,0.00012,0.00011,0.00012,0.00012,0.00012,0.00013,7.92E-05,8.64E-05,9.41E-05,9.73E-05
11,21,3,0.00012,0.00011,0.00011,0.00012,0.00012,0.00014,7.64E-05,8.63E-05,9.50E-05,9.51E-05
11,21,4,0.00012,0.00011,0.00011,0.00011,0.00011,0.00014,7.50E-05,8.97E-05,9.85E-05,9.52E-05
11,21,5,0.00012,0.00011,0.0001,0.00012,0.00011,0.00014,7.73E-05,9.65E-05,0.00010233,9.79E-05
11,21,6,0.00012,0.00011,0.00011,0.00011,0.00011,0.00014,8.47E-05,0.00010042,0.00010709,9.95E-05
11,21,7,0.00012,0.0001,0.00011,0.00011,0.00011,0.00014,8.98E-05,0.00010866,0.00011303,0.000104379
11,21,8,0.00012,0.0001,0.00011,0.00011,0.00011,0.00013,8.93E-05,0.00011829,0.0001163,0.000110791
11,21,9,0.00012,0.0001,0.00011,0.00011,0.00011,0.00014,8.97E-05,0.00012406,0.00011833,0.000114277
11,21,10,0.00012,0.0001,0.00012,0.00011,0.00011,0.00014,9.34E-05,0.00012953,0.00011725,0.000118328
11,21,11,0.00012,0.00012,0.00014,0.00011,0.00011,0.00014,9.87E-05,0.00013334,0.00011574,0.000123251
11,21,12,0.00013,0.00014,0.00015,0.00012,0.00012,0.00014,0.000100941,0.00013082,0.00011668,0.00012347
11,21,13,0.00013,0.00014,0.00015,0.00012,0.00012,0.00014,9.74E-05,0.00013216,0.000117,0.000124496
11,21,14,0.00014,0.00013,0.00015,0.00012,0.00012,0.00012,9.55E-05,0.00013377,0.00011822,0.000125225
11,21,15,0.00013,0.00013,0.00014,0.00011,0.00011,0.00012,9.23E-05,0.00013282,0.00012176,0.000124749
11,21,16,0.00012,0.00012,0.00013,0.00011,0.00011,0.00012,9.79E-05,0.00013202,0.00012642,0.000122189
11,21,17,0.00011,0.00011,0.00011,0.0001,0.00011,0.00012,0.00011165,0.00013082,0.00013306,0.000120629
11,21,18,0.00011,0.0001,0.0001,0.0001,0.0001,0.00012,0.00010504,0.0001436,0.00014224,0.000129299
11,21,19,0.00011,0.0001,0.0001,0.0001,0.0001,0.00012,9.92E-05,0.00014269,0.00014568,0.000131903
11,21,20,0.00011,0.0001,0.0001,0.0001,0.0001,0.00012,0.000101771,0.00013702,0.00014717,0.000128079
11,21,21,0.00011,0.00009,0.0001,0.0001,0.0001,0.00011,9.71E-05,0.00012769,0.00014231,0.000122931
11,21,22,0.00011,0.0001,0.0001,0.0001,0.0001,0.00011,9.27E-05,0.00011555,0.00013385,0.000116477
11,21,23,0.00011,0.0001,0.0001,0.00011,0.0001,0.00012,9.15E-05,0.00010432,0.00012385,0.00010986
11,22,0,0.00011,0.0001,0.00011,0.00011,0.00011,0.00012,8.44E-05,9.68E-05,9.44E-05,0.000104195
11,22,1,0.00012,0.0001,0.00012,0.00012,0.00011,0.00013,8.12E-05,9.30E-05,9.42E-05,0.000100315
11,22,2,0.00012,0.0001,0.00011,0.00012,0.00011,0.00013,7.84E-05,9.08E-05,9.50E-05,9.73E-05
11,22,3,0.00012,0.0001,0.00011,0.00012,0.00011,0.00013,7.57E-05,9.05E-05,9.63E-05,9.51E-05
11,22,4,0.00012,0.0001,0.0001,0.00011,0.00011,0.00014,7.32E-05,9.40E-05,9.82E-05,9.52E-05
11,22,5,0.00012,0.0001,0.0001,0.00011,0.00011,0.00014,7.26E-05,0.0001007,0.00010237,9.79E-05
11,22,6,0.00011,0.0001,0.0001,0.00011,0.00011,0.00014,7.56E-05,0.00010467,0.00010714,9.95E-05
11,22,7,0.00011,0.0001,0.0001,0.00011,0.0001,0.00013,8.01E-05,0.00011221,0.00011372,0.000104379
11,22,8,0.00011,0.00009,0.0001,0.0001,0.0001,0.00013,7.62E-05,0.00012025,0.00011714,0.000110791
11,22,9,0.00011,0.00009,0.0001,0.0001,0.0001,0.00013,7.66E-05,0.00012518,0.00011834,0.000114277
11,22,10,0.00011,0.0001,0.00011,0.0001,0.0001,0.00013,7.87E-05,0.00012975,0.00011773,0.000118328
11,22,11,0.00012,0.00011,0.00014,0.0001,0.0001,0.00013,8.53E-05,0.00013335,0.00011671,0.000123251
11,22,12,0.00012,0.00013,0.00015,0.00011,0.00011,0.00013,9.13E-05,0.00013097,0.00011712,0.00012347
11,22,13,0.00013,0.00013,0.00015,0.00011,0.00011,0.00013,8.05E-05,0.00013053,0.00011855,0.000124496
11,22,14,0.00013,0.00013,0.00015,0.00011,0.00011,0.00012,7.58E-05,0.0001344,0.00011822,0.000125225
11,22,15,0.00013,0.00013,0.00014,0.0001,0.00011,0.00012,7.39E-05,0.00013458,0.00012224,0.000124749
11,22,16,0.00012,0.00012,0.00012,0.0001,0.00011,0.00012,7.84E-05,0.00013272,0.00012675,0.000122189
11,22,17,0.00011,0.00011,0.00011,0.0001,0.0001,0.00012,9.18E-05,0.00013313,0.00013344,0.000120629
11,22,18,0.00011,0.0001,0.0001,0.0001,0.0001,0.00012,9.02E-05,0.00014589,0.00014042,0.000129299
11,22,19,0.00011,0.0001,0.0001,0.0001,0.0001,0.00012,8.94E-05,0.00014423,0.00014676,0.000131903
11,22,20,0.00011,0.0001,0.00009,0.0001,0.0001,0.00011,9.01E-05,0.00013929,0.0001478,0.000128079
11,22,21,0.00011,0.0001,0.00009,0.0001,0.0001,0.00011,8.68E-05,0.00012987,0.00014302,0.000122931
11,22,22,0.00011,0.0001,0.00009,0.0001,0.0001,0.00011,8.45E-05,0.00011837,0.00013384,0.000116477
11,22,23,0.00011,0.0001,0.0001,0.0001,0.0001,0.00012,8.29E-05,0.00010777,0.00012414,0.00010986
11,23,0,0.00012,0.00011,0.00011,0.00011,0.00011,0.00012,8.00E-05,9.99E-05,9.36E-05,0.000104195
11,23,1,0.00012,0.00011,0.00012,0.00012,0.00012,0.00013,7.47E-05,9.60E-05,9.52E-05,0.000100315
11,23,2,0.00012,0.0001,0.00011,0.00012,0.00012,0.00013,7.23E-05,9.40E-05,9.50E-05,9.73E-05
11,23,3,0.00012,0.0001,0.00011,0.00012,0.00011,0.00014,7.02E-05,9.35E-05,9.43E-05,9.51E-05
11,23,4,0.00012,0.00011,0.0001,0.00011,0.00011,0.00014,6.91E-05,9.66E-05,9.83E-05,9.52E-05
11,23,5,0.00012,0.00011,0.0001,0.00011,0.00011,0.00014,7.16E-05,0.00010205,0.00010156,9.79E-05
11,23,6,0.00011,0.00011,0.0001,0.00011,0.00011,0.00014,7.77E-05,0.00010587,0.00010712,9.95E-05
11,23,7,0.00011,0.0001,0.0001,0.00011,0.00011,0.00014,8.32E-05,0.00011417,0.00011235,0.000104379
11,23,8,0.00011,0.0001,0.0001,0.00011,0.00011,0.00014,8.32E-05,0.00012022,0.00011528,0.000110791
11,23,9,0.00011,0.0001,0.0001,0.0001,0.00011,0.00014,8.14E-05,0.00012564,0.00011785,0.000114277
11,23,10,0.00011,0.0001,0.00011,0.0001,0.00011,0.00014,8.54E-05,0.00013019,0.00011781,0.000118328
11,23,11,0.00012,0.00012,0.00015,0.0001,0.00011,0.00014,8.99E-05,0.00013365,0.00011638,0.000123251
11,23,12,0.00012,0.00013,0.00015,0.00012,0.00012,0.00014,9.44E-05,0.0001314,0.00011575,0.00012347
11,23,13,0.00013,0.00013,0.00016,0.00012,0.00012,0.00013,9.09E-05,0.00013134,0.00011666,0.000124496
11,23,14,0.00013,0.00013,0.00016,0.00011,0.00012,0.00012,8.93E-05,0.00013392,0.00011867,0.000125225
11,23,15,0.00013,0.00013,0.00015,0.0001,0.00012,0.00012,8.73E-05,0.00013385,0.00012064,0.000124749
11,23,16,0.00012,0.00012,0.00013,0.0001,0.00011,0.00012,9.35E-05,0.00013108,0.00012593,0.000122189
11,23,17,0.00011,0.00011,0.00011,0.0001,0.00011,0.00012,0.00010352,0.00013291,0.00013282,0.000120629
11,23,18,0.00011,0.0001,0.0001,0.0001,0.0001,0.00012,0.000103935,0.00014484,0.00014113,0.000129299
11,23,19,0.00011,0.0001,0.0001,0.0001,0.0001,0.00012,0.000101471,0.00014389,0.00014726,0.000131903
11,23,20,0.00011,0.0001,0.0001,0.0001,0.0001,0.00012,9.95E-05,0.00013858,0.0001483,0.000128079
11,23,21,0.00011,0.0001,0.0001,0.0001,0.0001,0.00011,9.52E-05,0.00013013,0.00014385,0.000122931
11,23,22,0.00011,0.0001,0.00009,0.0001,0.0001,0.00012,9.01E-05,0.00011915,0.00013607,0.000116477
11,23,23,0.00012,0.00011,0.0001,0.0001,0.00011,0.00012,8.77E-05,0.00010835,0.00012339,0.00010986
11,24,0,0.00012,0.0001,0.00011,0.00012,0.00011,0.00012,8.37E-05,0.00010138,9.29E-05,0.000104195
11,24,1,0.00012,0.00011,0.00012,0.00012,0.00012,0.00013,7.89E-05,9.78E-05,9.44E-05,0.000100315
11,24,2,0.00012,0.0001,0.00012,0.00012,0.00012,0.00014,7.70E-05,9.53E-05,9.45E-05,9.73E-05
11,24,3,0.00012,0.00011,0.00011,0.00011,0.00012,0.00014,7.45E-05,9.46E-05,9.59E-05,9.51E-05
11,24,4,0.00013,0.00011,0.00011,0.00011,0.00012,0.00014,7.31E-05,9.77E-05,9.93E-05,9.52E-05
11,24,5,0.00012,0.00011,0.00011,0.00011,0.00012,0.00014,7.55E-05,0.00010415,0.00010242,9.79E-05
11,24,6,0.00012,0.00011,0.00011,0.00011,0.00012,0.00014,8.18E-05,0.00010807,0.00010531,9.95E-05
11,24,7,0.00012,0.0001,0.00011,0.00011,0.00012,0.00014,8.78E-05,0.00011582,0.00011188,0.000104379
11,24,8,0.00012,0.0001,0.00011,0.00011,0.00011,0.00014,8.88E-05,0.00012355,0.00011598,0.000110791
11,24,9,0.00012,0.0001,0.00011,0.0001,0.00011,0.00014,8.75E-05,0.00012814,0.00011788,0.000114277
11,24,10,0.00012,0.0001,0.00012,0.0001,0.00011,0.00014,9.02E-05,0.00013203,0.00011751,0.000118328
11,24,11,0.00012,0.00012,0.00015,0.0001,0.00011,0.00014,9.36E-05,0.0001354,0.0001163,0.000123251
11,24,12,0.00013,0.00013,0.00015,0.00012,0.00012,0.00013,9.72E-05,0.00013158,0.00011598,0.00012347
11,24,13,0.00014,0.00014,0.00016,0.00012,0.00013,0.00013,9.40E-05,0.00013109,0.0001168,0.000124496
11,24,14,0.00014,0.00013,0.00016,0.00011,0.00012,0.00013,9.00E-05,0.00013453,0.0001181,0.000125225
11,24,15,0.00013,0.00013,0.00015,0.00011,0.00012,0.00012,9.01E-05,0.00013542,0.00012073,0.000124749
11,24,16,0.00012,0.00012,0.00013,0.00011,0.00011,0.00012,9.61E-05,0.00013367,0.00012611,0.000122189
11,24,17,0.00012,0.00011,0.00011,0.0001,0.00011,0.00012,0.00010623,0.00013468,0.00013305,0.000120629
11,24,18,0.00011,0.0001,0.0001,0.0001,0.0001,0.00012,0.000102011,0.00014608,0.00014093,0.000129299
11,24,19,0.00011,0.0001,0.0001,0.0001,0.0001,0.00012,0.000100191,0.00014443,0.00014578,0.000131903
11,24,20,0.00011,0.0001,0.0001,0.0001,0.0001,0.00012,9.76E-05,0.00013974,0.00014829,0.000128079
11,24,21,0.00011,0.0001,0.0001,0.0001,0.0001,0.00012,9.44E-05,0.00013127,0.00014304,0.000122931
11,24,22,0.00011,0.0001,0.0001,0.0001,0.0001,0.00012,9.00E-05,0.00012009,0.00013563,0.000116477
11,24,23,0.00012,0.0001,0.0001,0.00011,0.00011,0.00012,8.67E-05,0.000109,0.00012411,0.00010986
11,25,0,0.00012,0.00011,0.00011,0.00012,0.00012,0.00012,8.19E-05,0.00010151,9.38E-05,0.000104195
11,25,1,0.00012,0.00011,0.00012,0.00012,0.00012,0.00013,7.74E-05,9.72E-05,9.57E-05,0.000100315
11,25,2,0.00012,0.00011,0.00012,0.00012,0.00012,0.00013,7.48E-05,9.47E-05,9.48E-05,9.73E-05
11,25,3,0.00013,0.00011,0.00011,0.00012,0.00012,0.00014,7.27E-05,9.42E-05,9.56E-05,9.51E-05
11,25,4,0.00013,0.00011,0.00011,0.00012,0.00012,0.00014,7.12E-05,9.70E-05,9.77E-05,9.52E-05
11,25,5,0.00013,0.00011,0.00011,0.00012,0.00012,0.00014,7.45E-05,0.00010338,0.00010235,9.79E-05
11,25,6,0.00012,0.00011,0.00011,0.00011,0.00012,0.00014,8.17E-05,0.0001074,0.00010746,9.95E-05
11,25,7,0.00012,0.0001,0.00011,0.00011,0.00012,0.00014,8.68E-05,0.00011518,0.00011191,0.000104379
11,25,8,0.00012,0.0001,0.00011,0.00011,0.00011,0.00014,8.51E-05,0.00012294,0.00011679,0.000110791
11,25,9,0.00012,0.0001,0.00011,0.00011,0.00011,0.00014,8.43E-05,0.00012736,0.00011766,0.000114277
11,25,10,0.00012,0.00011,0.00012,0.00011,0.00012,0.00014,8.77E-05,0.00013129,0.000117,0.000118328
11,25,11,0.00013,0.00012,0.00015,0.00011,0.00011,0.00014,9.40E-05,0.00013382,0.00011743,0.000123251
11,25,12,0.00013,0.00013,0.00016,0.00012,0.00012,0.00014,9.36E-05,0.00013123,0.00011704,0.00012347
11,25,13,0.00014,0.00014,0.00016,0.00012,0.00012,0.00013,9.24E-05,0.00013056,0.00011684,0.000124496
11,25,14,0.00014,0.00013,0.00016,0.00011,0.00012,0.00012,8.89E-05,0.00013249,0.00011897,0.000125225
11,25,15,0.00013,0.00013,0.00015,0.00011,0.00012,0.00012,8.86E-05,0.00013248,0.00012135,0.000124749
11,25,16,0.00012,0.00012,0.00013,0.00011,0.00012,0.00012,9.40E-05,0.00013148,0.00012629,0.000122189
11,25,17,0.00012,0.00011,0.00011,0.0001,0.00011,0.00012,0.00010544,0.00013456,0.00013339,0.000120629
11,25,18,0.00011,0.0001,0.0001,0.0001,0.00011,0.00012,0.000102021,0.00014337,0.00014093,0.000129299
11,25,19,0.00011,0.0001,0.0001,0.0001,0.00011,0.00012,0.000101381,0.00014084,0.00014542,0.000131903
11,25,20,0.00011,0.0001,0.0001,0.0001,0.00011,0.00012,9.77E-05,0.00013601,0.00014684,0.000128079
11,25,21,0.00011,0.0001,0.00009,0.0001,0.0001,0.00012,9.48E-05,0.00012798,0.00014455,0.000122931
11,25,22,0.00011,0.0001,0.0001,0.0001,0.00011,0.00012,9.01E-05,0.00011839,0.00013382,0.000116477
11,25,23,0.00012,0.00011,0.0001,0.00011,0.00011,0.00012,8.53E-05,0.00010836,0.00012484,0.00010986
11,26,0,0.00012,0.00011,0.00012,0.00011,0.00012,0.00012,8.02E-05,0.00010146,9.43E-05,0.000104195
11,26,1,0.00012,0.00011,0.00013,0.00012,0.00012,0.00013,7.76E-05,9.74E-05,9.36E-05,0.000100315
11,26,2,0.00013,0.00011,0.00012,0.00012,0.00012,0.00013,7.47E-05,9.43E-05,9.52E-05,9.73E-05
11,26,3,0.00013,0.00011,0.00012,0.00012,0.00012,0.00014,7.26E-05,9.32E-05,9.64E-05,9.51E-05
11,26,4,0.00013,0.00011,0.00011,0.00011,0.00012,0.00014,7.15E-05,9.46E-05,9.74E-05,9.52E-05
11,26,5,0.00013,0.00011,0.00011,0.00011,0.00012,0.00014,7.52E-05,9.77E-05,0.00010203,9.79E-05
11,26,6,0.00013,0.00011,0.00011,0.00011,0.00012,0.00013,8.21E-05,9.96E-05,0.00010781,9.95E-05
11,26,7,0.00013,0.0001,0.00011,0.00011,0.00011,0.00013,8.91E-05,0.00010726,0.00011303,0.000104379
11,26,8,0.00013,0.0001,0.00011,0.00011,0.00011,0.00013,8.82E-05,0.00011553,0.00011653,0.000110791
11,26,9,0.00013,0.0001,0.00011,0.00011,0.00011,0.00014,8.66E-05,0.0001203,0.0001184,0.000114277
11,26,10,0.00013,0.0001,0.00013,0.00011,0.00011,0.00014,9.01E-05,0.00012437,0.00011737,0.000118328
11,26,11,0.00013,0.00012,0.00015,0.00011,0.00011,0.00014,9.46E-05,0.0001267,0.0001177,0.000123251
11,26,12,0.00013,0.00013,0.00015,0.00012,0.00012,0.00013,9.52E-05,0.00012526,0.00011645,0.00012347
11,26,13,0.00014,0.00014,0.00016,0.00012,0.00012,0.00013,9.26E-05,0.00012275,0.00011685,0.000124496
11,26,14,0.00014,0.00013,0.00016,0.00011,0.00012,0.00012,9.14E-05,0.00012052,0.00011902,0.000125225
11,26,15,0.00014,0.00013,0.00015,0.00011,0.00012,0.00012,9.15E-05,0.00011891,0.00012124,0.000124749
11,26,16,0.00013,0.00012,0.00013,0.0001,0.00011,0.00012,9.47E-05,0.00011662,0.00012563,0.000122189
11,26,17,0.00012,0.00011,0.00012,0.0001,0.00011,0.00012,0.00010675,0.00012147,0.00013364,0.000120629
11,26,18,0.00012,0.0001,0.00011,0.0001,0.0001,0.00012,0.00010286,0.00013428,0.00014019,0.000129299
11,26,19,0.00011,0.0001,0.00011,0.0001,0.0001,0.00011,0.000100091,0.00013335,0.0001472,0.000131903
11,26,20,0.00011,0.0001,0.0001,0.0001,0.0001,0.00011,9.89E-05,0.00012871,0.00014726,0.000128079
11,26,21,0.00011,0.0001,0.0001,0.0001,0.0001,0.00011,9.49E-05,0.00012138,0.00014413,0.000122931
11,26,22,0.00012,0.0001,0.0001,0.0001,0.0001,0.00011,8.96E-05,0.0001114,0.00013489,0.000116477
11,26,23,0.00012,0.0001,0.00011,0.00011,0.00011,0.00012,8.62E-05,0.00010241,0.00012328,0.00010986
11,27,0,0.00012,0.00011,0.00012,0.00012,0.00011,0.00012,8.08E-05,9.59E-05,9.31E-05,0.000104195
11,27,1,0.00013,0.0001,0.00013,0.00012,0.00012,0.00013,7.70E-05,9.15E-05,9.45E-05,0.000100315
11,27,2,0.00013,0.00011,0.00012,0.00012,0.00012,0.00013,7.38E-05,8.82E-05,9.34E-05,9.73E-05
11,27,3,0.00013,0.00011,0.00011,0.00012,0.00012,0.00014,7.23E-05,8.62E-05,9.53E-05,9.51E-05
11,27,4,0.00013,0.00011,0.00011,0.00012,0.00011,0.00014,7.13E-05,8.56E-05,9.83E-05,9.52E-05
11,27,5,0.00013,0.00011,0.00011,0.00012,0.00012,0.00014,7.44E-05,8.54E-05,0.00010254,9.79E-05
11,27,6,0.00013,0.00011,0.00011,0.00011,0.00012,0.00014,8.18E-05,8.33E-05,0.00010675,9.95E-05
11,27,7,0.00013,0.0001,0.00011,0.00011,0.00012,0.00013,8.77E-05,8.83E-05,0.00011264,0.000104379
11,27,8,0.00013,0.0001,0.0001,0.00011,0.00011,0.00013,8.85E-05,9.44E-05,0.00011593,0.000110791
11,27,9,0.00013,0.0001,0.00011,0.00011,0.00011,0.00014,8.90E-05,9.91E-05,0.00011724,0.000114277
11,27,10,0.00013,0.0001,0.00012,0.00011,0.00011,0.00014,9.12E-05,0.00010293,0.00011775,0.000118328
11,27,11,0.00013,0.00011,0.00015,0.00011,0.00011,0.00014,9.65E-05,0.00010576,0.0001158,0.000123251
11,27,12,0.00013,0.00013,0.00016,0.00012,0.00012,0.00013,9.80E-05,0.00010652,0.00011588,0.00012347
11,27,13,0.00014,0.00013,0.00016,0.00012,0.00012,0.00013,9.19E-05,0.00010548,0.00011738,0.000124496
11,27,14,0.00014,0.00013,0.00016,0.00011,0.00012,0.00012,9.13E-05,0.0001034,0.00011939,0.000125225
11,27,15,0.00013,0.00013,0.00015,0.00011,0.00011,0.00012,9.13E-05,0.0001025,0.00012095,0.000124749
11,27,16,0.00012,0.00012,0.00014,0.0001,0.00011,0.00012,9.41E-05,0.00010252,0.00012579,0.000122189
11,27,17,0.00012,0.0001,0.00012,0.0001,0.00011,0.00012,0.00010665,0.00010783,0.00013467,0.000120629
11,27,18,0.00011,0.0001,0.00011,0.0001,0.0001,0.00012,0.000103475,0.00012202,0.00014114,0.000129299
11,27,19,0.00011,0.0001,0.00011,0.0001,0.0001,0.00011,0.000100491,0.00012386,0.0001458,0.000131903
11,27,20,0.00011,0.0001,0.0001,0.0001,0.0001,0.00011,9.89E-05,0.00012179,0.00014819,0.000128079
11,27,21,0.00011,0.0001,0.0001,0.0001,0.0001,0.00011,9.47E-05,0.00011537,0.00014251,0.000122931
11,27,22,0.00011,0.0001,0.0001,0.0001,0.0001,0.00011,9.01E-05,0.00010684,0.0001343,0.000116477
11,27,23,0.00012,0.0001,0.00011,0.00011,0.00011,0.00012,8.69E-05,9.84E-05,0.0001233,0.00010986
11,28,0,0.00012,0.00011,0.00012,0.00012,0.00011,0.00012,8.12E-05,9.23E-05,9.49E-05,0.000104195
11,28,1,0.00012,0.0001,0.00013,0.00012,0.00012,0.00013,7.79E-05,8.87E-05,9.47E-05,0.000100315
11,28,2,0.00012,0.00011,0.00012,0.00012,0.00012,0.00013,7.45E-05,8.66E-05,9.42E-05,9.73E-05
11,28,3,0.00013,0.00011,0.00011,0.00012,0.00012,0.00014,7.24E-05,8.67E-05,9.70E-05,9.51E-05
11,28,4,0.00013,0.00011,0.00011,0.00012,0.00011,0.00014,7.23E-05,8.98E-05,9.78E-05,9.52E-05
11,28,5,0.00012,0.00011,0.00011,0.00012,0.00012,0.00014,7.48E-05,9.57E-05,0.00010203,9.79E-05
11,28,6,0.00012,0.00011,0.00011,0.00011,0.00012,0.00014,8.20E-05,0.00010018,0.00010734,9.95E-05
11,28,7,0.00012,0.0001,0.00011,0.00011,0.00012,0.00013,8.88E-05,0.00010951,0.00011221,0.000104379
11,28,8,0.00012,0.0001,0.0001,0.00011,0.00011,0.00013,8.82E-05,0.00011864,0.00011503,0.000110791
11,28,9,0.00012,0.0001,0.00011,0.00011,0.00011,0.00014,8.71E-05,0.0001244,0.00011735,0.000114277
11,28,10,0.00012,0.0001,0.00012,0.00011,0.00011,0.00014,9.09E-05,0.00012946,0.00011761,0.000118328
11,28,11,0.00012,0.00011,0.00015,0.00011,0.00011,0.00014,9.67E-05,0.00013299,0.00011745,0.000123251
11,28,12,0.00013,0.00013,0.00016,0.00012,0.00012,0.00013,9.99E-05,0.00012987,0.00011561,0.00012347
11,28,13,0.00013,0.00013,0.00016,0.00012,0.00012,0.00013,9.58E-05,0.00012988,0.00011795,0.000124496
11,28,14,0.00014,0.00013,0.00016,0.00011,0.00012,0.00012,9.41E-05,0.00013223,0.00011837,0.000125225
11,28,15,0.00013,0.00013,0.00015,0.00011,0.00011,0.00012,9.19E-05,0.00013264,0.00012152,0.000124749
11,28,16,0.00012,0.00012,0.00014,0.0001,0.00011,0.00012,9.63E-05,0.00013061,0.00012653,0.000122189
11,28,17,0.00011,0.0001,0.00012,0.0001,0.00011,0.00012,0.00010799,0.00013107,0.00013312,0.000120629
11,28,18,0.00011,0.0001,0.00011,0.0001,0.00011,0.00012,0.00010447,0.000142,0.00014036,0.000129299
11,28,19,0.00011,0.0001,0.00011,0.0001,0.0001,0.00012,0.000102111,0.00014132,0.0001459,0.000131903
11,28,20,0.00011,0.0001,0.0001,0.0001,0.0001,0.00011,0.000100301,0.0001366,0.00014706,0.000128079
11,28,21,0.00011,0.0001,0.0001,0.00009,0.0001,0.00011,9.50E-05,0.00012795,0.00014307,0.000122931
11,28,22,0.00011,0.0001,0.0001,0.00009,0.0001,0.00011,9.22E-05,0.00011594,0.00013391,0.000116477
11,28,23,0.00011,0.00011,0.00011,0.0001,0.00011,0.00012,8.89E-05,0.00010503,0.0001246,0.00010986
11,29,0,0.00012,0.0001,0.00011,0.00011,0.00011,0.00012,8.38E-05,9.77E-05,9.30E-05,0.000104195
11,29,1,0.00012,0.0001,0.00012,0.00011,0.00011,0.00013,7.99E-05,9.40E-05,9.36E-05,0.000100315
11,29,2,0.00012,0.0001,0.00012,0.00011,0.00011,0.00013,7.58E-05,9.19E-05,9.53E-05,9.73E-05
11,29,3,0.00012,0.0001,0.00011,0.00011,0.00011,0.00013,7.44E-05,9.07E-05,9.55E-05,9.51E-05
11,29,4,0.00012,0.0001,0.00011,0.00011,0.00011,0.00014,7.30E-05,9.37E-05,9.73E-05,9.52E-05
11,29,5,0.00012,0.00011,0.00011,0.00011,0.00011,0.00014,7.32E-05,9.91E-05,0.00010154,9.79E-05
11,29,6,0.00011,0.0001,0.00011,0.00011,0.00011,0.00014,7.60E-05,0.00010371,0.00010751,9.95E-05
11,29,7,0.00011,0.0001,0.00011,0.00011,0.00011,0.00013,8.09E-05,0.00011219,0.00011165,0.000104379
11,29,8,0.00011,0.00009,0.0001,0.0001,0.00011,0.00013,7.96E-05,0.00011925,0.00011532,0.000110791
11,29,9,0.00011,0.00009,0.0001,0.0001,0.00011,0.00013,7.77E-05,0.00012346,0.00011744,0.000114277
11,29,10,0.00011,0.0001,0.00011,0.0001,0.00011,0.00013,8.20E-05,0.00012725,0.00011648,0.000118328
11,29,11,0.00012,0.00011,0.00015,0.0001,0.00011,0.00013,8.94E-05,0.00013046,0.00011605,0.000123251
11,29,12,0.00012,0.00013,0.00015,0.00011,0.00011,0.00013,9.36E-05,0.00012734,0.00011678,0.00012347
11,29,13,0.00013,0.00013,0.00015,0.00011,0.00012,0.00013,8.17E-05,0.00012727,0.00011604,0.000124496
11,29,14,0.00013,0.00013,0.00015,0.00011,0.00011,0.00012,7.77E-05,0.00013036,0.00011762,0.000125225
11,29,15,0.00013,0.00012,0.00015,0.0001,0.00011,0.00012,7.64E-05,0.0001299,0.00012093,0.000124749
11,29,16,0.00012,0.00011,0.00013,0.0001,0.00011,0.00012,8.10E-05,0.00012812,0.00012466,0.000122189
11,29,17,0.00011,0.00011,0.00011,0.0001,0.0001,0.00012,9.33E-05,0.00013049,0.00013249,0.000120629
11,29,18,0.00011,0.0001,0.0001,0.00009,0.0001,0.00012,9.35E-05,0.00014295,0.00014089,0.000129299
11,29,19,0.00011,0.0001,0.0001,0.00009,0.0001,0.00012,9.34E-05,0.00014159,0.00014632,0.000131903
11,29,20,0.00011,0.0001,0.0001,0.00009,0.0001,0.00012,9.28E-05,0.00013618,0.00014646,0.000128079
11,29,21,0.00011,0.0001,0.0001,0.00009,0.0001,0.00012,8.99E-05,0.00012722,0.0001437,0.000122931
11,29,22,0.00011,0.0001,0.0001,0.00009,0.0001,0.00012,8.71E-05,0.0001154,0.00013399,0.000116477
11,29,23,0.00011,0.0001,0.0001,0.0001,0.0001,0.00012,8.27E-05,0.00010408,0.00012378,0.00010986
11,30,0,0.00012,0.0001,0.00011,0.00011,0.00011,0.00012,7.99E-05,9.62E-05,9.25E-05,0.000104195
11,30,1,0.00012,0.00011,0.00012,0.00011,0.00012,0.00013,7.52E-05,9.31E-05,9.39E-05,0.000100315
11,30,2,0.00012,0.0001,0.00012,0.00011,0.00012,0.00013,7.33E-05,9.17E-05,9.55E-05,9.73E-05
11,30,3,0.00012,0.00011,0.00012,0.00011,0.00011,0.00014,7.06E-05,9.15E-05,9.61E-05,9.51E-05
11,30,4,0.00012,0.00011,0.00011,0.00011,0.00011,0.00014,7.12E-05,9.43E-05,9.83E-05,9.52E-05
11,30,5,0.00012,0.00011,0.0001,0.00011,0.00012,0.00014,7.37E-05,0.00010051,0.00010224,9.79E-05
11,30,6,0.00012,0.0001,0.0001,0.00011,0.00012,0.00014,7.98E-05,0.00010489,0.00010587,9.95E-05
11,30,7,0.00011,0.0001,0.0001,0.00011,0.00012,0.00014,8.54E-05,0.00011356,0.00011199,0.000104379
11,30,8,0.00011,0.0001,0.0001,0.00011,0.00011,0.00014,8.35E-05,0.00012127,0.00011571,0.000110791
11,30,9,0.00011,0.0001,0.00011,0.00011,0.00011,0.00014,8.33E-05,0.00012581,0.00011747,0.000114277
11,30,10,0.00012,0.0001,0.00012,0.00011,0.00011,0.00014,8.76E-05,0.00013043,0.00011734,0.000118328
11,30,11,0.00012,0.00011,0.00015,0.00011,0.00011,0.00014,9.42E-05,0.00013272,0.00011553,0.000123251
11,30,12,0.00012,0.00013,0.00015,0.00012,0.00012,0.00013,9.74E-05,0.0001311,0.00011618,0.00012347
11,30,13,0.00013,0.00013,0.00016,0.00012,0.00013,0.00013,9.34E-05,0.00013078,0.00011654,0.000124496
11,30,14,0.00014,0.00013,0.00016,0.00011,0.00012,0.00013,9.08E-05,0.00013249,0.0001179,0.000125225
11,30,15,0.00013,0.00013,0.00015,0.0001,0.00012,0.00012,9.00E-05,0.00013243,0.00012097,0.000124749
11,30,16,0.00012,0.00012,0.00013,0.0001,0.00011,0.00012,9.50E-05,0.000131,0.00012514,0.000122189
11,30,17,0.00011,0.00011,0.00012,0.0001,0.00011,0.00012,0.00010811,0.00013244,0.00013286,0.000120629
11,30,18,0.00011,0.0001,0.00011,0.0001,0.0001,0.00012,0.000101806,0.00014379,0.00014038,0.000129299
11,30,19,0.00011,0.0001,0.0001,0.0001,0.0001,0.00012,9.94E-05,0.00014247,0.00014567,0.000131903
11,30,20,0.00011,0.0001,0.0001,0.0001,0.0001,0.00012,9.87E-05,0.00013774,0.00014701,0.000128079
11,30,21,0.00011,0.0001,0.0001,0.00009,0.0001,0.00012,9.56E-05,0.00012888,0.00014251,0.000122931
11,30,22,0.00011,0.0001,0.0001,0.00009,0.0001,0.00012,8.97E-05,0.00011765,0.00013318,0.000116477
11,30,23,0.00012,0.0001,0.00011,0.0001,0.0001,0.00012,8.65E-05,0.00010746,0.00012264,0.00010986
1,12,0,0.00012,0.00011,0.00012,0.00011,0.00011,0.00012,7.64E-05,9.43E-05,9.35E-05,0.000104195
1,12,1,0.00012,0.00011,0.00013,0.00012,0.00012,0.00013,7.27E-05,9.08E-05,9.43E-05,0.000100315
1,12,2,0.00012,0.0001,0.00013,0.00012,0.00012,0.00013,6.99E-05,8.88E-05,9.33E-05,9.73E-05
1,12,3,0.00013,0.00011,0.00011,0.00012,0.00012,0.00013,6.77E-05,8.85E-05,9.56E-05,9.51E-05
1,12,4,0.00013,0.00011,0.00011,0.00011,0.00012,0.00014,6.66E-05,9.03E-05,9.69E-05,9.52E-05
1,12,5,0.00013,0.00011,0.0001,0.00011,0.00012,0.00014,6.95E-05,9.54E-05,0.00010188,9.79E-05
1,12,6,0.00012,0.00011,0.0001,0.00011,0.00012,0.00014,6.96E-05,9.85E-05,0.0001078,9.95E-05
1,12,7,0.00012,0.0001,0.0001,0.00011,0.00012,0.00013,7.56E-05,0.00010697,0.00011376,0.000104379
1,12,8,0.00012,0.0001,0.0001,0.00011,0.00011,0.00013,7.94E-05,0.00011594,0.00011893,0.000110791
1,12,9,0.00012,0.0001,0.0001,0.00011,0.00012,0.00014,8.12E-05,0.000122,0.00011972,0.000114277
1,12,10,0.00012,0.00011,0.00011,0.00011,0.00012,0.00014,8.29E-05,0.0001271,0.00012124,0.000118328
1,12,11,0.00013,0.00012,0.00013,0.0001,0.00012,0.00014,8.85E-05,0.00013168,0.00011901,0.000123251
1,12,12,0.00013,0.00014,0.00014,0.00012,0.00012,0.00013,9.59E-05,0.00013029,0.00011828,0.00012347
1,12,13,0.00014,0.00014,0.00015,0.00012,0.00013,0.00013,8.11E-05,0.00013008,0.00011963,0.000124496
1,12,14,0.00014,0.00013,0.00016,0.00011,0.00012,0.00013,7.54E-05,0.00013247,0.00011734,0.000125225
1,12,15,0.00013,0.00013,0.00015,0.0001,0.00012,0.00012,7.16E-05,0.00013247,0.0001205,0.000124749
1,12,16,0.00012,0.00012,0.00013,0.0001,0.00011,0.00012,7.54E-05,0.00012963,0.00012404,0.000122189
1,12,17,0.00012,0.00011,0.00011,0.0001,0.00011,0.00012,8.90E-05,0.00012751,0.00013314,0.000120629
1,12,18,0.00011,0.0001,0.0001,0.0001,0.0001,0.00012,9.06E-05,0.00013833,0.00014358,0.000129299
1,12,19,0.00011,0.0001,0.0001,0.0001,0.0001,0.00012,9.08E-05,0.00014068,0.00015274,0.000131903
1,12,20,0.00011,0.0001,0.0001,0.0001,0.0001,0.00012,8.89E-05,0.00013619,0.00015501,0.000128079
1,12,21,0.00011,0.0001,0.0001,0.0001,0.0001,0.00012,8.50E-05,0.0001284,0.00014825,0.000122931
1,12,22,0.00011,0.0001,0.0001,0.0001,0.0001,0.00012,7.86E-05,0.00011759,0.00013681,0.000116477
1,12,23,0.00012,0.00011,0.0001,0.00011,0.00011,0.00012,7.40E-05,0.00010797,0.00012268,0.00010986
2,12,0,0.00012,0.00011,0.00012,0.00012,0.00012,0.00012,8.17E-05,0.00010225,9.44E-05,0.000104195
2,12,1,0.00012,0.00011,0.00013,0.00012,0.00012,0.00013,7.75E-05,9.81E-05,9.47E-05,0.000100315
2,12,2,0.00013,0.00011,0.00012,0.00012,0.00012,0.00013,7.44E-05,9.62E-05,9.36E-05,9.73E-05
2,12,3,0.00013,0.00011,0.00012,0.00012,0.00012,0.00014,7.21E-05,9.56E-05,9.67E-05,9.51E-05
2,12,4,0.00013,0.00011,0.00011,0.00012,0.00012,0.00014,7.11E-05,9.85E-05,9.87E-05,9.52E-05
2,12,5,0.00013,0.00011,0.00011,0.00012,0.00012,0.00014,7.43E-05,0.00010904,0.00010282,9.79E-05
2,12,6,0.00012,0.00011,0.00011,0.00011,0.00012,0.00014,8.33E-05,0.0001105,0.00010943,9.95E-05
2,12,7,0.00012,0.0001,0.00011,0.00011,0.00012,0.00014,9.35E-05,0.00011558,0.00011487,0.000104379
2,12,8,0.00012,0.0001,0.00011,0.00011,0.00011,0.00013,9.76E-05,0.00012417,0.0001187,0.000110791
2,12,9,0.00012,0.0001,0.00011,0.00011,0.00012,0.00014,9.65E-05,0.00012906,0.00012192,0.000114277
2,12,10,0.00013,0.0001,0.00012,0.0001,0.00012,0.00014,9.83E-05,0.00013394,0.00012172,0.000118328
2,12,11,0.00013,0.00012,0.00015,0.00011,0.00012,0.00014,0.000101491,0.00013738,0.00012014,0.000123251
2,12,12,0.00013,0.00013,0.00015,0.00011,0.00012,0.00014,0.00010299,0.0001338,0.00011834,0.00012347
2,12,13,0.00014,0.00013,0.00015,0.00012,0.00013,0.00013,9.87E-05,0.00013459,0.00011848,0.000124496
2,12,14,0.00014,0.00013,0.00015,0.00011,0.00012,0.00013,9.60E-05,0.00013767,0.00011824,0.000125225
2,12,15,0.00013,0.00013,0.00015,0.0001,0.00012,0.00012,9.20E-05,0.00013821,0.00012078,0.000124749
2,12,16,0.00012,0.00012,0.00014,0.0001,0.00011,0.00012,9.20E-05,0.00013541,0.00012392,0.000122189
2,12,17,0.00012,0.00011,0.00012,0.0001,0.00011,0.00012,9.93E-05,0.00013115,0.00013364,0.000120629
2,12,18,0.00011,0.0001,0.00011,0.0001,0.0001,0.00012,0.00010829,0.00013861,0.00014384,0.000129299
2,12,19,0.00011,0.0001,0.00011,0.0001,0.0001,0.00012,0.00010519,0.0001438,0.00015295,0.000131903
2,12,20,0.00011,0.0001,0.0001,0.0001,0.0001,0.00012,0.00010259,0.00013943,0.00015522,0.000128079
2,12,21,0.00011,0.0001,0.0001,0.0001,0.0001,0.00012,9.75E-05,0.00013219,0.00014922,0.000122931
2,12,22,0.00012,0.0001,0.0001,0.0001,0.0001,0.00012,9.07E-05,0.00012252,0.00013692,0.000116477
2,12,23,0.00012,0.00011,0.00011,0.00011,0.00011,0.00012,8.76E-05,0.00011122,0.00012365,0.00010986
3,12,0,0.00012,0.00011,0.00012,0.00012,0.00012,0.00012,9.88E-05,9.71E-05,9.38E-05,0.000104195
3,12,1,0.00013,0.00011,0.00013,0.00012,0.00012,0.00013,9.62E-05,9.30E-05,9.43E-05,0.000100315
3,12,2,0.00013,0.00011,0.00013,0.00013,0.00012,0.00013,0.000100491,8.97E-05,9.56E-05,9.73E-05
3,12,3,0.00013,0.00011,0.00012,0.00012,0.00012,0.00014,0.00010394,8.93E-05,9.48E-05,9.51E-05
3,12,4,0.00013,0.00011,0.00012,0.00012,0.00012,0.00014,9.38E-05,9.04E-05,9.98E-05,9.52E-05
3,12,5,0.00013,0.00011,0.00011,0.00012,0.00012,0.00014,8.57E-05,9.33E-05,0.00010369,9.79E-05
3,12,6,0.00013,0.00011,0.00011,0.00012,0.00012,0.00014,8.67E-05,9.43E-05,0.00010909,9.95E-05
3,12,7,0.00013,0.0001,0.00011,0.00012,0.00012,0.00013,9.31E-05,0.00010102,0.00011539,0.000104379
3,12,8,0.00013,0.0001,0.00011,0.00012,0.00012,0.00013,0.000100491,0.00010954,0.00011957,0.000110791
3,12,9,0.00013,0.0001,0.00011,0.00011,0.00012,0.00014,0.00010599,0.0001158,0.00012242,0.000114277
3,12,10,0.00013,0.0001,0.00012,0.00011,0.00012,0.00014,0.00010974,0.00012079,0.00012335,0.000118328
3,12,11,0.00013,0.00012,0.00015,0.00011,0.00012,0.00013,0.000114139,0.00012374,0.00012086,0.000123251
3,12,12,0.00013,0.00013,0.00015,0.00012,0.00012,0.00013,0.000117239,0.00012205,0.00011935,0.00012347
3,12,13,0.00014,0.00013,0.00015,0.00012,0.00013,0.00013,0.000119489,0.00011866,0.00011912,0.000124496
3,12,14,0.00014,0.00013,0.00016,0.00011,0.00012,0.00013,0.000118989,0.00011621,0.00011884,0.000125225
3,12,15,0.00014,0.00012,0.00015,0.00011,0.00012,0.00012,0.000118989,0.00011456,0.00012155,0.000124749
3,12,16,0.00013,0.00012,0.00013,0.0001,0.00011,0.00012,0.000116989,0.00011182,0.00012532,0.000122189
3,12,17,0.00012,0.00011,0.00011,0.0001,0.00011,0.00012,0.000119589,0.00011106,0.00013415,0.000120629
3,12,18,0.00012,0.0001,0.0001,0.0001,0.0001,0.00012,0.000121489,0.00012326,0.00014425,0.000129299
3,12,19,0.00011,0.0001,0.0001,0.0001,0.0001,0.00012,0.000121289,0.00012868,0.00015465,0.000131903
3,12,20,0.00011,0.0001,0.0001,0.0001,0.0001,0.00012,0.000121489,0.00012438,0.0001557,0.000128079
3,12,21,0.00011,0.0001,0.0001,0.0001,0.0001,0.00011,0.000119189,0.00011727,0.0001524,0.000122931
3,12,22,0.00012,0.0001,0.0001,0.0001,0.0001,0.00011,0.00011179,0.00010708,0.00013872,0.000116477
3,12,23,0.00012,0.00011,0.0001,0.00011,0.00011,0.00012,0.00010924,9.91E-05,0.00012307,0.00010986
4,12,0,0.00012,0.00011,0.00011,0.00012,0.00012,0.00012,0.000101651,9.43E-05,9.35E-05,0.000104195
4,12,1,0.00013,0.00011,0.00012,0.00013,0.00013,0.00013,9.77E-05,9.00E-05,9.48E-05,0.000100315
4,12,2,0.00013,0.00011,0.00012,0.00012,0.00013,0.00013,9.48E-05,8.71E-05,9.69E-05,9.73E-05
4,12,3,0.00013,0.00011,0.00011,0.00012,0.00012,0.00014,9.22E-05,8.67E-05,9.60E-05,9.51E-05
4,12,4,0.00013,0.00011,0.0001,0.00012,0.00012,0.00014,9.01E-05,9.05E-05,9.93E-05,9.52E-05
4,12,5,0.00013,0.00011,0.0001,0.00012,0.00012,0.00014,8.66E-05,0.00010133,0.0001058,9.79E-05
4,12,6,0.00013,0.0001,0.00011,0.00012,0.00012,0.00014,8.77E-05,0.00010209,0.00010888,9.95E-05
4,12,7,0.00013,0.0001,0.00011,0.00011,0.00012,0.00014,8.92E-05,0.00010827,0.00011593,0.000104379
4,12,8,0.00013,0.0001,0.00011,0.00011,0.00011,0.00013,8.98E-05,0.00011751,0.00012037,0.000110791
4,12,9,0.00013,0.0001,0.00011,0.00011,0.00012,0.00014,9.15E-05,0.00012092,0.00012449,0.000114277
4,12,10,0.00013,0.0001,0.00012,0.00011,0.00012,0.00014,9.28E-05,0.00012548,0.00012317,0.000118328
4,12,11,0.00013,0.00012,0.00015,0.00011,0.00012,0.00014,9.63E-05,0.00012781,0.00011919,0.000123251
4,12,12,0.00013,0.00014,0.00015,0.00012,0.00012,0.00013,0.00010744,0.0001247,0.00012079,0.00012347
4,12,13,0.00014,0.00013,0.00015,0.00012,0.00013,0.00013,0.0001046,0.00012554,0.0001201,0.000124496
4,12,14,0.00014,0.00013,0.00015,0.00011,0.00012,0.00013,0.00010415,0.00012789,0.00011844,0.000125225
4,12,15,0.00013,0.00013,0.00014,0.00011,0.00012,0.00012,9.94E-05,0.00012735,0.00012187,0.000124749
4,12,16,0.00012,0.00012,0.00013,0.0001,0.00011,0.00012,9.71E-05,0.0001254,0.00012623,0.000122189
4,12,17,0.00012,0.00011,0.00011,0.0001,0.00011,0.00012,9.49E-05,0.00012259,0.00013495,0.000120629
4,12,18,0.00011,0.0001,0.00011,0.0001,0.0001,0.00012,0.000115589,0.00013213,0.00014501,0.000129299
4,12,19,0.00011,0.0001,0.0001,0.0001,0.0001,0.00012,0.000115669,0.00013518,0.00015623,0.000131903
4,12,20,0.00011,0.0001,0.0001,0.0001,0.0001,0.00012,0.000117609,0.00013088,0.00015698,0.000128079
4,12,21,0.00011,0.0001,0.0001,0.0001,0.0001,0.00011,0.000119859,0.00012286,0.00015237,0.000122931
4,12,22,0.00011,0.0001,0.0001,0.0001,0.0001,0.00011,0.000117939,0.00011209,0.00013915,0.000116477
4,12,23,0.00012,0.0001,0.0001,0.00011,0.00011,0.00012,0.000116479,0.00010059,0.00012404,0.00010986
5,12,0,0.00012,0.0001,0.00011,0.00012,0.00012,0.00012,0.000119139,9.72E-05,9.60E-05,0.000104195
5,12,1,0.00012,0.00011,0.00012,0.00012,0.00012,0.00013,0.000114229,9.38E-05,9.47E-05,0.000100315
5,12,2,0.00013,0.00011,0.00012,0.00012,0.00012,0.00013,0.00011087,9.20E-05,9.63E-05,9.73E-05
5,12,3,0.00013,0.00011,0.00011,0.00012,0.00012,0.00013,0.00010645,9.15E-05,9.77E-05,9.51E-05
5,12,4,0.00013,0.00011,0.0001,0.00012,0.00012,0.00014,0.00010384,9.55E-05,9.94E-05,9.52E-05
5,12,5,0.00013,0.00011,0.0001,0.00012,0.00012,0.00014,0.000101951,0.00010302,0.00010435,9.79E-05
5,12,6,0.00012,0.00011,0.0001,0.00012,0.00012,0.00013,0.00010367,0.00010508,0.00011158,9.95E-05
5,12,7,0.00012,0.0001,0.0001,0.00011,0.00012,0.00013,0.00010543,0.00011093,0.00011654,0.000104379
5,12,8,0.00012,0.0001,0.0001,0.00011,0.00011,0.00013,0.00011291,0.00011903,0.0001214,0.000110791
5,12,9,0.00012,0.0001,0.0001,0.00011,0.00011,0.00013,0.000114989,0.00012381,0.00012318,0.000114277
5,12,10,0.00012,0.0001,0.00011,0.00011,0.00012,0.00013,0.000120989,0.0001295,0.00012267,0.000118328
5,12,11,0.00012,0.00012,0.00015,0.00011,0.00011,0.00013,0.000124988,0.00013266,0.00012322,0.000123251
5,12,12,0.00013,0.00013,0.00016,0.00012,0.00012,0.00013,0.000127298,0.00012976,0.00012207,0.00012347
5,12,13,0.00014,0.00013,0.00016,0.00012,0.00013,0.00013,0.000127288,0.00013025,0.00012078,0.000124496
5,12,14,0.00014,0.00013,0.00016,0.00011,0.00012,0.00012,0.000125688,0.00013344,0.00012068,0.000125225
5,12,15,0.00013,0.00013,0.00015,0.0001,0.00012,0.00012,0.000121039,0.00013379,0.00012284,0.000124749
5,12,16,0.00012,0.00012,0.00014,0.0001,0.00011,0.00012,0.000117239,0.00012919,0.00012608,0.000122189
5,12,17,0.00012,0.00011,0.00011,0.0001,0.00011,0.00012,0.000118239,0.00012608,0.00013549,0.000120629
5,12,18,0.00011,0.0001,0.00011,0.0001,0.00011,0.00011,0.000139017,0.00013787,0.00014645,0.000129299
5,12,19,0.00011,0.0001,0.0001,0.0001,0.0001,0.00011,0.000139737,0.00014274,0.00015601,0.000131903
5,12,20,0.00011,0.0001,0.0001,0.0001,0.0001,0.00011,0.000138387,0.0001378,0.00015732,0.000128079
5,12,21,0.00011,0.0001,0.0001,0.0001,0.0001,0.00011,0.000134987,0.00012765,0.00015112,0.000122931
5,12,22,0.00011,0.0001,0.0001,0.0001,0.0001,0.00011,0.000133888,0.00011643,0.00013942,0.000116477
5,12,23,0.00011,0.0001,0.0001,0.0001,0.00011,0.00011,0.000131588,0.00010375,0.00012371,0.00010986
6,12,0,0.00012,0.0001,0.00011,0.00011,0.00011,0.00011,0.000160985,9.81E-05,9.52E-05,0.000104195
6,12,1,0.00012,0.0001,0.00012,0.00011,0.00012,0.00012,0.000158485,9.38E-05,9.62E-05,0.000100315
6,12,2,0.00012,0.0001,0.00012,0.00012,0.00012,0.00012,0.000151986,8.97E-05,9.86E-05,9.73E-05
6,12,3,0.00012,0.0001,0.0001,0.00012,0.00012,0.00013,0.000148986,8.76E-05,9.66E-05,9.51E-05
6,12,4,0.00012,0.0001,0.0001,0.00012,0.00012,0.00013,0.000145986,8.69E-05,1.00E-04,9.52E-05
6,12,5,0.00012,0.0001,0.0001,0.00012,0.00012,0.00014,0.000137987,8.42E-05,0.00010608,9.79E-05
6,12,6,0.00011,0.0001,0.0001,0.00012,0.00012,0.00014,0.000136487,8.40E-05,0.00011132,9.95E-05
6,12,7,0.00011,0.0001,0.0001,0.00011,0.00012,0.00013,0.000132488,8.74E-05,0.00011807,0.000104379
6,12,8,0.00011,0.00009,0.0001,0.00011,0.00011,0.00013,0.000136787,9.40E-05,0.00012119,0.000110791
6,12,9,0.00011,0.0001,0.0001,0.00011,0.00011,0.00013,0.000139187,9.97E-05,0.00012456,0.000114277
6,12,10,0.00011,0.0001,0.00011,0.00011,0.00011,0.00013,0.000140187,0.0001039,0.0001242,0.000118328
6,12,11,0.00012,0.00011,0.00015,0.0001,0.00011,0.00013,0.000144987,0.00010664,0.00012241,0.000123251
6,12,12,0.00012,0.00013,0.00015,0.00012,0.00012,0.00012,0.000148986,0.00010767,0.00012188,0.00012347
6,12,13,0.00013,0.00013,0.00016,0.00012,0.00012,0.00013,0.000148986,0.00010744,0.00012104,0.000124496
6,12,14,0.00013,0.00013,0.00015,0.00011,0.00012,0.00012,0.000153986,0.0001052,0.00012119,0.000125225
6,12,15,0.00013,0.00012,0.00015,0.0001,0.00011,0.00012,0.000151986,0.00010369,0.00012313,0.000124749
6,12,16,0.00012,0.00011,0.00013,0.0001,0.00011,0.00012,0.000149486,0.00010258,0.00012922,0.000122189
6,12,17,0.00011,0.0001,0.00011,0.0001,0.00011,0.00011,0.000142487,0.00010351,0.00013689,0.000120629
6,12,18,0.00011,0.0001,0.0001,0.00009,0.0001,0.00011,0.000158485,0.00011653,0.00014804,0.000129299
6,12,19,0.00011,0.0001,0.0001,0.0001,0.0001,0.00011,0.000160985,0.00012445,0.0001545,0.000131903
6,12,20,0.00011,0.0001,0.00009,0.0001,0.0001,0.00011,0.000164485,0.00012342,0.00015871,0.000128079
6,12,21,0.00011,0.00009,0.00009,0.00009,0.0001,0.00011,0.000166485,0.00011858,0.0001514,0.000122931
6,12,22,0.00011,0.0001,0.00009,0.00009,0.0001,0.00011,0.000165985,0.00010853,0.0001396,0.000116477
6,12,23,0.00011,0.0001,0.0001,0.0001,0.0001,0.00011,0.000162985,0.00010071,0.0001252,0.00010986
7,12,0,0.00012,0.0001,0.00011,0.00011,0.00012,0.00012,0.000138487,9.73E-05,9.56E-05,0.000104195
7,12,1,0.00012,0.00011,0.00012,0.00012,0.00012,0.00012,0.000134488,9.37E-05,9.66E-05,0.000100315
7,12,2,0.00012,0.0001,0.00012,0.00012,0.00013,0.00013,0.000131488,9.12E-05,9.75E-05,9.73E-05
7,12,3,0.00012,0.00011,0.00011,0.00012,0.00012,0.00013,0.000129488,9.05E-05,9.82E-05,9.51E-05
7,12,4,0.00012,0.00011,0.0001,0.00012,0.00012,0.00013,0.000126988,9.38E-05,0.00010069,9.52E-05
7,12,5,0.00012,0.00011,0.0001,0.00012,0.00012,0.00013,0.000114989,0.00010123,0.00010521,9.79E-05
7,12,6,0.00012,0.00011,0.0001,0.00011,0.00012,0.00013,0.00011079,0.00010341,0.00011215,9.95E-05
7,12,7,0.00011,0.0001,0.0001,0.00012,0.00012,0.00013,0.00010823,0.00011026,0.00011774,0.000104379
7,12,8,0.00011,0.0001,0.0001,0.00011,0.00011,0.00013,0.00010774,0.00011782,0.00012311,0.000110791
7,12,9,0.00011,0.0001,0.0001,0.00011,0.00011,0.00013,0.000108615,0.00012291,0.00012332,0.000114277
7,12,10,0.00012,0.00011,0.00012,0.00011,0.00011,0.00012,0.00010949,0.00012788,0.00012498,0.000118328
7,12,11,0.00012,0.00012,0.00014,0.00011,0.00012,0.00013,0.000113989,0.00013118,0.00012302,0.000123251
7,12,12,0.00012,0.00013,0.00016,0.00012,0.00012,0.00013,0.000118989,0.00012812,0.00012273,0.00012347
7,12,13,0.00013,0.00013,0.00016,0.00012,0.00013,0.00013,0.000116989,0.00012852,0.00012287,0.000124496
7,12,14,0.00014,0.00013,0.00016,0.00011,0.00012,0.00012,0.000116489,0.00013036,0.00012167,0.000125225
7,12,15,0.00013,0.00013,0.00015,0.00011,0.00012,0.00012,0.000113489,0.00013001,0.00012288,0.000124749
7,12,16,0.00012,0.00012,0.00014,0.00011,0.00012,0.00012,0.00011039,0.00012809,0.00012696,0.000122189
7,12,17,0.00011,0.00011,0.00012,0.0001,0.00011,0.00012,0.00010817,0.00012477,0.00013682,0.000120629
7,12,18,0.00011,0.0001,0.00011,0.0001,0.00011,0.00011,0.000126348,0.00013201,0.00014787,0.000129299
7,12,19,0.00011,0.0001,0.0001,0.0001,0.00011,0.00011,0.000133538,0.00013875,0.00015664,0.000131903
7,12,20,0.00011,0.0001,0.0001,0.0001,0.0001,0.00011,0.000135857,0.00013474,0.00015938,0.000128079
7,12,21,0.00011,0.0001,0.0001,0.0001,0.0001,0.00011,0.000136257,0.0001271,0.00015459,0.000122931
7,12,22,0.00011,0.0001,0.0001,0.0001,0.0001,0.00011,0.000138987,0.0001152,0.00014032,0.000116477
7,12,23,0.00012,0.0001,0.0001,0.00011,0.00011,0.00011,0.000137987,0.00010478,0.00012563,0.00010986
8,12,0,0.00012,0.00011,0.00012,0.00012,0.00012,0.00012,0.000138687,0.0001018,9.59E-05,0.000104195
8,12,1,0.00012,0.00011,0.00013,0.00012,0.00013,0.00012,0.000137487,9.81E-05,9.76E-05,0.000100315
8,12,2,0.00013,0.00011,0.00013,0.00012,0.00013,0.00013,0.000134188,9.59E-05,9.68E-05,9.73E-05
8,12,3,0.00013,0.00011,0.00011,0.00012,0.00012,0.00013,0.000131488,9.47E-05,9.88E-05,9.51E-05
8,12,4,0.00013,0.00011,0.00011,0.00012,0.00012,0.00013,0.000127488,9.82E-05,0.00010128,9.52E-05
8,12,5,0.00013,0.00011,0.00011,0.00012,0.00012,0.00013,0.000121489,0.00010684,0.00010615,9.79E-05
8,12,6,0.00012,0.00011,0.00011,0.00012,0.00012,0.00013,0.000119989,0.00010866,0.00011238,9.95E-05
8,12,7,0.00012,0.00011,0.00011,0.00012,0.00012,0.00012,0.000120989,0.00011476,0.00011738,0.000104379
8,12,8,0.00012,0.0001,0.00011,0.00012,0.00012,0.00012,0.000123289,0.00012252,0.00012337,0.000110791
8,12,9,0.00012,0.0001,0.00011,0.00012,0.00012,0.00012,0.000127488,0.00012686,0.00012697,0.000114277
8,12,10,0.00012,0.00011,0.00012,0.00011,0.00012,0.00012,0.000129988,0.00013267,0.00012498,0.000118328
8,12,11,0.00013,0.00012,0.00015,0.00011,0.00012,0.00012,0.000132088,0.00013576,0.0001237,0.000123251
8,12,12,0.00013,0.00013,0.00015,0.00012,0.00012,0.00012,0.000134987,0.00013267,0.00012344,0.00012347
8,12,13,0.00014,0.00013,0.00016,0.00012,0.00013,0.00012,0.000133688,0.00013316,0.00012146,0.000124496
8,12,14,0.00014,0.00014,0.00016,0.00011,0.00013,0.00012,0.000134987,0.0001363,0.00012227,0.000125225
8,12,15,0.00013,0.00013,0.00015,0.00011,0.00012,0.00012,0.000130988,0.00013645,0.00012362,0.000124749
8,12,16,0.00012,0.00012,0.00014,0.00011,0.00012,0.00011,0.000122489,0.00013365,0.00012751,0.000122189
8,12,17,0.00012,0.00011,0.00012,0.0001,0.00011,0.00012,0.000121189,0.00012941,0.0001378,0.000120629
8,12,18,0.00011,0.0001,0.00011,0.0001,0.00011,0.00011,0.000143137,0.00013745,0.00014783,0.000129299
8,12,19,0.00011,0.0001,0.00011,0.0001,0.00011,0.00011,0.000145487,0.00014264,0.00015876,0.000131903
8,12,20,0.00011,0.0001,0.0001,0.0001,0.00011,0.00011,0.000143987,0.00013866,0.0001597,0.000128079
8,12,21,0.00011,0.0001,0.0001,0.0001,0.00011,0.00011,0.000143487,0.00013065,0.00015424,0.000122931
8,12,22,0.00011,0.0001,0.0001,0.0001,0.00011,0.00011,0.000143487,0.00012079,0.00014068,0.000116477
8,12,23,0.00012,0.00011,0.00011,0.0001,0.00011,0.00011,0.000143237,0.00011198,0.0001264,0.00010986
9,12,0,0.00012,0.00011,0.00012,0.00012,0.00012,0.00011,0.000149686,9.47E-05,9.71E-05,0.000104195
9,12,1,0.00012,0.00011,0.00013,0.00012,0.00012,0.00012,0.000147486,9.17E-05,9.97E-05,0.000100315
9,12,2,0.00013,0.00011,0.00013,0.00012,0.00013,0.00012,0.000145487,8.97E-05,9.88E-05,9.73E-05
9,12,3,0.00013,0.00011,0.00012,0.00012,0.00013,0.00013,0.000140987,8.90E-05,9.94E-05,9.51E-05
9,12,4,0.00013,0.00011,0.00011,0.00012,0.00012,0.00013,0.000138987,9.27E-05,0.00010224,9.52E-05
9,12,5,0.00013,0.00011,0.00011,0.00012,0.00012,0.00014,0.000135987,0.00010072,0.0001056,9.79E-05
9,12,6,0.00013,0.00011,0.00011,0.00012,0.00012,0.00014,0.000134987,0.00010314,0.00011184,9.95E-05
9,12,7,0.00012,0.00011,0.00011,0.00012,0.00012,0.00014,0.000135487,0.00010981,0.00011931,0.000104379
9,12,8,0.00012,0.0001,0.00011,0.00011,0.00012,0.00013,0.000137487,0.0001178,0.00012503,0.000110791
9,12,9,0.00013,0.0001,0.00011,0.00011,0.00012,0.00014,0.000138987,0.00012298,0.00012626,0.000114277
9,12,10,0.00013,0.00011,0.00012,0.00011,0.00012,0.00014,0.000141487,0.00012803,0.00012518,0.000118328
9,12,11,0.00013,0.00012,0.00015,0.00011,0.00012,0.00014,0.000144987,0.00013051,0.00012458,0.000123251
9,12,12,0.00013,0.00013,0.00015,0.00012,0.00013,0.00013,0.000145487,0.00012658,0.00012393,0.00012347
9,12,13,0.00014,0.00013,0.00016,0.00012,0.00013,0.00013,0.000144987,0.00012685,0.00012357,0.000124496
9,12,14,0.00014,0.00013,0.00015,0.00012,0.00013,0.00013,0.000145487,0.00012887,0.00012189,0.000125225
9,12,15,0.00014,0.00013,0.00015,0.00011,0.00012,0.00012,0.000143487,0.0001298,0.00012559,0.000124749
9,12,16,0.00013,0.00012,0.00013,0.0001,0.00012,0.00012,0.000140487,0.00012884,0.00012939,0.000122189
9,12,17,0.00012,0.00011,0.00011,0.0001,0.00011,0.00012,0.000139987,0.0001276,0.00013793,0.000120629
9,12,18,0.00012,0.0001,0.0001,0.0001,0.00011,0.00012,0.000149986,0.00013886,0.00014853,0.000129299
9,12,19,0.00011,0.0001,0.0001,0.0001,0.00011,0.00011,0.000150986,0.00014009,0.00015866,0.000131903
9,12,20,0.00011,0.0001,0.0001,0.0001,0.00011,0.00011,0.000152986,0.0001368,0.00016116,0.000128079
9,12,21,0.00011,0.0001,0.00009,0.0001,0.00011,0.00011,0.000152486,0.00012718,0.00015596,0.000122931
9,12,22,0.00012,0.0001,0.00009,0.0001,0.00011,0.00011,0.000151986,0.00011486,0.00014219,0.000116477
9,12,23,0.00012,0.0001,0.0001,0.00011,0.00011,0.00011,0.000150986,0.00010406,0.00012561,0.00010986
10,12,0,0.00012,0.0001,0.00011,0.00012,0.00012,0.00012,0.000123489,9.92E-05,9.94E-05,0.000104195
10,12,1,0.00013,0.00011,0.00012,0.00012,0.00012,0.00013,0.000120489,9.58E-05,9.78E-05,0.000100315
10,12,2,0.00013,0.00011,0.00012,0.00012,0.00012,0.00013,0.000116789,9.36E-05,9.90E-05,9.73E-05
10,12,3,0.00013,0.00011,0.00012,0.00012,0.00012,0.00014,0.000113489,9.29E-05,0.00010041,9.51E-05
10,12,4,0.00013,0.00011,0.00011,0.00012,0.00012,0.00014,0.00011049,9.55E-05,0.00010398,9.52E-05
10,12,5,0.00013,0.00011,0.00011,0.00012,0.00012,0.00014,0.00010649,0.00010076,0.00010648,9.79E-05
10,12,6,0.00013,0.00011,0.00011,0.00012,0.00012,0.00014,0.000100741,0.00010496,0.00011243,9.95E-05
10,12,7,0.00013,0.00011,0.00011,0.00011,0.00012,0.00014,0.000101511,0.00011329,0.00012176,0.000104379
10,12,8,0.00013,0.0001,0.00011,0.00011,0.00012,0.00013,0.00010513,0.00012088,0.00012615,0.000110791
10,12,9,0.00013,0.0001,0.00012,0.00011,0.00012,0.00013,0.00010923,0.00012435,0.00012723,0.000114277
10,12,10,0.00013,0.00011,0.00012,0.00011,0.00012,0.00014,0.000115149,0.00012802,0.00012498,0.000118328
10,12,11,0.00013,0.00011,0.00014,0.00011,0.00012,0.00013,0.000120239,0.00013098,0.0001264,0.000123251
10,12,12,0.00013,0.00013,0.00015,0.00012,0.00013,0.00013,0.000124988,0.00012605,0.00012374,0.00012347
10,12,13,0.00014,0.00013,0.00015,0.00012,0.00013,0.00013,0.000125788,0.00012542,0.00012322,0.000124496
10,12,14,0.00014,0.00013,0.00015,0.00012,0.00012,0.00013,0.000126108,0.00012902,0.00012289,0.000125225
10,12,15,0.00014,0.00013,0.00014,0.00011,0.00012,0.00012,0.000122319,0.00012911,0.00012394,0.000124749
10,12,16,0.00013,0.00012,0.00013,0.00011,0.00012,0.00012,0.000117889,0.00012782,0.00012956,0.000122189
10,12,17,0.00012,0.00011,0.00011,0.00011,0.00011,0.00012,0.000133388,0.00012945,0.000138,0.000120629
10,12,18,0.00012,0.00011,0.00009,0.00011,0.00011,0.00011,0.000138467,0.00014067,0.00015026,0.000129299
10,12,19,0.00011,0.0001,0.0001,0.00011,0.00011,0.00011,0.000137887,0.00014038,0.00016104,0.000131903
10,12,20,0.00011,0.0001,0.0001,0.0001,0.00011,0.00011,0.000134588,0.00013459,0.00016122,0.000128079
10,12,21,0.00011,0.0001,0.00009,0.0001,0.0001,0.00011,0.000135287,0.00012567,0.00015518,0.000122931
10,12,22,0.00012,0.0001,0.00009,0.0001,0.0001,0.00011,0.000134997,0.00011445,0.00014292,0.000116477
10,12,23,0.00012,0.0001,0.0001,0.00011,0.00011,0.00011,0.000134987,0.00010389,0.00012673,0.00010986
11,12,0,0.00012,0.00011,0.00011,0.00012,0.00011,0.00012,0.00010474,9.94E-05,9.90E-05,0.000104195
11,12,1,0.00013,0.00011,0.00012,0.00012,0.00012,0.00013,0.000100811,9.54E-05,9.77E-05,0.000100315
11,12,2,0.00013,0.00011,0.00012,0.00012,0.00012,0.00013,9.56E-05,9.36E-05,9.92E-05,9.73E-05
11,12,3,0.00013,0.00011,0.00011,0.00012,0.00012,0.00014,9.36E-05,9.29E-05,0.00010016,9.51E-05
11,12,4,0.00013,0.00011,0.0001,0.00012,0.00012,0.00014,9.20E-05,9.25E-05,0.00010188,9.52E-05
11,12,5,0.00013,0.00011,0.0001,0.00012,0.00012,0.00014,9.24E-05,9.45E-05,0.0001069,9.79E-05
11,12,6,0.00013,0.00011,0.0001,0.00012,0.00012,0.00014,9.82E-05,9.74E-05,0.00011506,9.95E-05
11,12,7,0.00013,0.0001,0.00011,0.00012,0.00012,0.00013,0.000100101,0.00010602,0.00012013,0.000104379
11,12,8,0.00013,0.0001,0.0001,0.00012,0.00012,0.00013,0.000101511,0.00011414,0.00012557,0.000110791
11,12,9,0.00013,0.0001,0.00011,0.00011,0.00012,0.00013,0.0001027,0.00011936,0.00012701,0.000114277
11,12,10,0.00013,0.0001,0.00012,0.00011,0.00012,0.00014,0.00010693,0.00012377,0.00012542,0.000118328
11,12,11,0.00013,0.00012,0.00015,0.00011,0.00012,0.00013,0.00011199,0.00012602,0.00012584,0.000123251
11,12,12,0.00013,0.00013,0.00016,0.00012,0.00013,0.00013,0.000114989,0.00012487,0.00012523,0.00012347
11,12,13,0.00014,0.00013,0.00016,0.00012,0.00013,0.00013,0.00011299,0.00012158,0.00012326,0.000124496
11,12,14,0.00014,0.00013,0.00015,0.00011,0.00013,0.00013,0.000113489,0.00011949,0.00012474,0.000125225
11,12,15,0.00014,0.00013,0.00015,0.00011,0.00012,0.00012,0.00011149,0.000118,0.00012561,0.000124749
11,12,16,0.00013,0.00012,0.00013,0.0001,0.00012,0.00012,0.000114989,0.00011667,0.00013037,0.000122189
11,12,17,0.00012,0.00011,0.00011,0.0001,0.00011,0.00012,0.000126488,0.00012194,0.00013952,0.000120629
11,12,18,0.00011,0.0001,0.0001,0.0001,0.00011,0.00012,0.000123209,0.0001332,0.00015088,0.000129299
11,12,19,0.00011,0.0001,0.0001,0.0001,0.00011,0.00011,0.000118749,0.00013199,0.00015847,0.000131903
11,12,20,0.00011,0.0001,0.0001,0.0001,0.00011,0.00011,0.000115169,0.00012903,0.00016191,0.000128079
11,12,21,0.00011,0.0001,0.00009,0.0001,0.00011,0.00011,0.00011309,0.00012163,0.00015712,0.000122931
11,12,22,0.00011,0.0001,0.00009,0.0001,0.00011,0.00011,0.0001088,0.00011153,0.00014382,0.000116477
11,12,23,0.00012,0.0001,0.0001,0.0001,0.00011,0.00012,0.000107425,0.00010366,0.00012877,0.00010986
12,12,0,0.00012,0.00011,0.00011,0.00011,0.00012,0.00012,7.71E-05,9.58E-05,9.83E-05,0.000104195
12,12,1,0.00012,0.00011,0.00011,0.00012,0.00013,0.00013,7.46E-05,9.21E-05,9.84E-05,0.000100315
12,12,2,0.00013,0.00011,0.00011,0.00012,0.00013,0.00013,6.98E-05,9.01E-05,9.90E-05,9.73E-05
12,12,3,0.00013,0.00011,0.00011,0.00012,0.00012,0.00014,6.83E-05,9.00E-05,0.00010196,9.51E-05
12,12,4,0.00013,0.00011,0.0001,0.00012,0.00012,0.00014,6.73E-05,9.27E-05,0.00010312,9.52E-05
12,12,5,0.00013,0.00011,0.0001,0.00012,0.00012,0.00014,7.17E-05,9.76E-05,0.00010964,9.79E-05
12,12,6,0.00012,0.00011,0.0001,0.00012,0.00012,0.00014,7.74E-05,0.00010154,0.00011545,9.95E-05
12,12,7,0.00012,0.0001,0.0001,0.00012,0.00012,0.00014,8.45E-05,0.00011106,0.00011946,0.000104379
12,12,8,0.00012,0.0001,0.0001,0.00011,0.00012,0.00014,8.76E-05,0.00012009,0.00012422,0.000110791
12,12,9,0.00012,0.0001,0.00011,0.00011,0.00012,0.00014,8.74E-05,0.00012632,0.00012747,0.000114277
12,12,10,0.00012,0.0001,0.00011,0.00011,0.00012,0.00014,8.82E-05,0.00013136,0.00012722,0.000118328
12,12,11,0.00013,0.00012,0.00014,0.00011,0.00012,0.00014,9.21E-05,0.0001344,0.00012426,0.000123251
12,12,12,0.00013,0.00013,0.00015,0.00012,0.00012,0.00013,9.64E-05,0.00013237,0.00012521,0.00012347
12,12,13,0.00014,0.00013,0.00016,0.00012,0.00013,0.00013,9.26E-05,0.00013231,0.00012461,0.000124496
12,12,14,0.00014,0.00013,0.00016,0.00011,0.00012,0.00013,8.78E-05,0.0001338,0.00012351,0.000125225
12,12,15,0.00013,0.00013,0.00014,0.00011,0.00012,0.00012,8.60E-05,0.00013304,0.0001273,0.000124749
12,12,16,0.00012,0.00012,0.00013,0.00011,0.00012,0.00012,9.07E-05,0.0001306,0.00013182,0.000122189
12,12,17,0.00012,0.00011,0.00011,0.0001,0.00012,0.00012,0.00010353,0.00013105,0.00013921,0.000120629
12,12,18,0.00011,0.0001,0.0001,0.0001,0.00011,0.00012,0.000100501,0.00014502,0.00015207,0.000129299
12,12,19,0.00011,0.0001,0.0001,0.0001,0.00011,0.00011,9.93E-05,0.0001443,0.00016074,0.000131903
12,12,20,0.00011,0.0001,0.00009,0.0001,0.00011,0.00011,9.72E-05,0.00014004,0.00016227,0.000128079
12,12,21,0.00011,0.0001,0.00009,0.0001,0.00011,0.00011,9.24E-05,0.00013193,0.00015638,0.000122931
12,12,22,0.00011,0.0001,0.00009,0.0001,0.00011,0.00011,8.78E-05,0.0001203,0.00014471,0.000116477
12,12,23,0.00011,0.0001,0.0001,0.0001,0.00011,0.00012,8.36E-05,0.00010874,0.00012923,0.00010986
12,13,0,0.00012,0.00011,0.00011,0.00011,0.00011,0.00012,7.68E-05,0.00010111,9.96E-05,0.000104195
12,13,1,0.00012,0.00011,0.00011,0.00011,0.00012,0.00013,7.36E-05,9.68E-05,9.94E-05,0.000100315
12,13,2,0.00012,0.00011,0.00011,0.00012,0.00012,0.00013,6.93E-05,9.43E-05,1.00E-04,9.73E-05
12,13,3,0.00012,0.00011,0.00011,0.00012,0.00012,0.00014,6.83E-05,9.39E-05,0.00010132,9.51E-05
12,13,4,0.00012,0.00011,0.0001,0.00012,0.00012,0.00014,6.59E-05,9.67E-05,0.00010342,9.52E-05
12,13,5,0.00012,0.0001,0.0001,0.00011,0.00012,0.00014,6.93E-05,0.00010103,0.00010866,9.79E-05
12,13,6,0.00012,0.0001,0.0001,0.00012,0.00012,0.00014,7.03E-05,0.00010449,0.00011484,9.95E-05
12,13,7,0.00011,0.0001,0.00011,0.00012,0.00011,0.00014,7.73E-05,0.00011283,0.00012066,0.000104379
12,13,8,0.00011,0.00009,0.0001,0.00011,0.00011,0.00013,8.02E-05,0.0001216,0.00012484,0.000110791
12,13,9,0.00011,0.00009,0.0001,0.00011,0.00011,0.00013,7.93E-05,0.00012694,0.00012692,0.000114277
12,13,10,0.00012,0.00009,0.00011,0.00011,0.00011,0.00013,8.08E-05,0.00013141,0.00012626,0.000118328
12,13,11,0.00012,0.0001,0.00014,0.00011,0.00011,0.00013,8.61E-05,0.00013453,0.00012639,0.000123251
12,13,12,0.00012,0.00012,0.00015,0.00012,0.00012,0.00013,9.40E-05,0.00013172,0.00012576,0.00012347
12,13,13,0.00013,0.00013,0.00016,0.00012,0.00012,0.00013,7.96E-05,0.00013151,0.00012496,0.000124496
12,13,14,0.00014,0.00013,0.00015,0.00011,0.00012,0.00012,7.38E-05,0.00013352,0.0001261,0.000125225
12,13,15,0.00013,0.00012,0.00014,0.0001,0.00011,0.00012,7.30E-05,0.00013411,0.00012515,0.000124749
12,13,16,0.00012,0.00011,0.00013,0.0001,0.00011,0.00012,7.65E-05,0.00013254,0.00013105,0.000122189
12,13,17,0.00011,0.0001,0.00011,0.0001,0.00011,0.00012,8.93E-05,0.00013217,0.0001416,0.000120629
12,13,18,0.00011,0.0001,0.0001,0.0001,0.0001,0.00012,8.87E-05,0.00014528,0.00015019,0.000129299
12,13,19,0.00011,0.00009,0.0001,0.0001,0.0001,0.00011,8.88E-05,0.00014389,0.00016124,0.000131903
12,13,20,0.00011,0.00009,0.00009,0.0001,0.0001,0.00011,8.75E-05,0.0001395,0.00016336,0.000128079
12,13,21,0.00011,0.00009,0.00009,0.00009,0.0001,0.00011,8.40E-05,0.00013054,0.00015582,0.000122931
12,13,22,0.00011,0.00009,0.00009,0.00009,0.0001,0.00011,8.14E-05,0.00011929,0.00014383,0.000116477
12,13,23,0.00011,0.0001,0.0001,0.0001,0.00011,0.00011,7.67E-05,0.00010793,0.0001305,0.00010986
12,14,0,0.00012,0.0001,0.0001,0.00011,0.00012,0.00012,7.32E-05,0.00010029,9.93E-05,0.000104195
12,14,1,0.00012,0.0001,0.00012,0.00011,0.00012,0.00013,6.86E-05,9.58E-05,9.99E-05,0.000100315
12,14,2,0.00012,0.00011,0.00011,0.00011,0.00012,0.00013,6.56E-05,9.40E-05,0.00010019,9.73E-05
12,14,3,0.00012,0.00011,0.00011,0.00011,0.00012,0.00014,6.32E-05,9.38E-05,0.00010233,9.51E-05
12,14,4,0.00012,0.00011,0.0001,0.00011,0.00012,0.00014,6.26E-05,9.67E-05,0.0001032,9.52E-05
12,14,5,0.00012,0.00011,0.00009,0.00011,0.00012,0.00014,6.72E-05,0.00010348,0.00010791,9.79E-05
12,14,6,0.00012,0.00011,0.00009,0.00011,0.00012,0.00014,7.39E-05,0.0001075,0.00011588,9.95E-05
12,14,7,0.00011,0.0001,0.0001,0.00011,0.00012,0.00014,8.28E-05,0.00011589,0.00012177,0.000104379
12,14,8,0.00011,0.0001,0.0001,0.00011,0.00011,0.00014,8.37E-05,0.00012388,0.00012593,0.000110791
12,14,9,0.00011,0.0001,0.0001,0.00011,0.00011,0.00014,8.24E-05,0.00012767,0.00012894,0.000114277
12,14,10,0.00012,0.0001,0.00011,0.00011,0.00011,0.00014,8.36E-05,0.00013277,0.00012736,0.000118328
12,14,11,0.00012,0.00011,0.00014,0.00011,0.00012,0.00014,8.98E-05,0.00013653,0.00012716,0.000123251
12,14,12,0.00012,0.00013,0.00015,0.00012,0.00012,0.00013,9.38E-05,0.00013411,0.0001258,0.00012347
12,14,13,0.00013,0.00013,0.00016,0.00012,0.00013,0.00013,9.00E-05,0.00013428,0.00012405,0.000124496
12,14,14,0.00014,0.00013,0.00015,0.00011,0.00012,0.00013,8.59E-05,0.00013668,0.0001256,0.000125225
12,14,15,0.00013,0.00013,0.00015,0.00011,0.00012,0.00012,8.37E-05,0.00013657,0.00012611,0.000124749
12,14,16,0.00012,0.00012,0.00013,0.00011,0.00012,0.00012,8.97E-05,0.00013433,0.00013327,0.000122189
12,14,17,0.00011,0.00011,0.00011,0.0001,0.00011,0.00012,0.000101221,0.00013427,0.00014092,0.000120629
12,14,18,0.00011,0.00011,0.0001,0.0001,0.00011,0.00012,9.99E-05,0.00014631,0.00015245,0.000129299
12,14,19,0.00011,0.0001,0.0001,0.0001,0.00011,0.00011,9.87E-05,0.00014643,0.00016079,0.000131903
12,14,20,0.00011,0.0001,0.0001,0.0001,0.00011,0.00011,9.60E-05,0.00014162,0.00016492,0.000128079
12,14,21,0.00011,0.0001,0.00009,0.0001,0.00011,0.00011,9.14E-05,0.00013294,0.00015813,0.000122931
12,14,22,0.00011,0.0001,0.00009,0.0001,0.00011,0.00011,8.65E-05,0.00012259,0.00014368,0.000116477
12,14,23,0.00012,0.00011,0.0001,0.0001,0.00011,0.00012,8.28E-05,0.00011077,0.00012942,0.00010986
12,15,0,0.00012,0.00011,0.00011,0.00011,0.00012,0.00012,7.64E-05,0.00010309,9.96E-05,0.000104195
12,15,1,0.00012,0.00011,0.00012,0.00011,0.00012,0.00013,7.29E-05,9.87E-05,0.0001006,0.000100315
12,15,2,0.00013,0.00011,0.00012,0.00011,0.00012,0.00013,6.93E-05,9.61E-05,0.00010183,9.73E-05
12,15,3,0.00013,0.00011,0.00011,0.00011,0.00012,0.00014,6.71E-05,9.54E-05,0.00010189,9.51E-05
12,15,4,0.00013,0.00011,0.0001,0.00011,0.00012,0.00014,6.62E-05,9.82E-05,0.00010566,9.52E-05
12,15,5,0.00013,0.00011,0.0001,0.00012,0.00012,0.00014,7.05E-05,0.0001026,0.00010834,9.79E-05
12,15,6,0.00013,0.00011,0.0001,0.00011,0.00012,0.00014,7.75E-05,0.00010721,0.00011612,9.95E-05
12,15,7,0.00012,0.00011,0.0001,0.00011,0.00012,0.00013,8.46E-05,0.00011562,0.00012169,0.000104379
12,15,8,0.00012,0.0001,0.0001,0.00012,0.00012,0.00013,8.63E-05,0.00012382,0.00012857,0.000110791
12,15,9,0.00012,0.0001,0.00011,0.00012,0.00012,0.00014,8.65E-05,0.00012811,0.00012886,0.000114277
12,15,10,0.00013,0.00011,0.00012,0.00012,0.00012,0.00014,8.84E-05,0.000133,0.00012752,0.000118328
12,15,11,0.00013,0.00012,0.00014,0.00012,0.00012,0.00014,9.45E-05,0.00013677,0.00012775,0.000123251
12,15,12,0.00013,0.00013,0.00015,0.00012,0.00012,0.00013,9.83E-05,0.00013422,0.00012631,0.00012347
12,15,13,0.00014,0.00013,0.00015,0.00012,0.00013,0.00013,9.29E-05,0.00013426,0.00012588,0.000124496
12,15,14,0.00014,0.00013,0.00015,0.00012,0.00012,0.00013,8.90E-05,0.00013614,0.00012662,0.000125225
12,15,15,0.00013,0.00013,0.00015,0.00011,0.00012,0.00012,8.57E-05,0.00013583,0.00012731,0.000124749
12,15,16,0.00012,0.00012,0.00013,0.00011,0.00012,0.00012,8.84E-05,0.00013342,0.00013198,0.000122189
12,15,17,0.00012,0.00011,0.00011,0.0001,0.00011,0.00012,0.0001029,0.00013359,0.00014182,0.000120629
12,15,18,0.00011,0.0001,0.0001,0.0001,0.00011,0.00011,0.000100026,0.00014656,0.00015115,0.000129299
12,15,19,0.00011,0.0001,0.0001,0.0001,0.00011,0.00011,9.80E-05,0.00014609,0.00016332,0.000131903
12,15,20,0.00011,0.0001,0.0001,0.0001,0.00011,0.00011,9.64E-05,0.00014134,0.00016465,0.000128079
12,15,21,0.00011,0.0001,0.0001,0.0001,0.00011,0.00011,9.25E-05,0.00013347,0.00015853,0.000122931
12,15,22,0.00011,0.0001,0.0001,0.0001,0.00011,0.00011,8.75E-05,0.00012241,0.0001443,0.000116477
12,15,23,0.00012,0.0001,0.0001,0.0001,0.00011,0.00011,8.22E-05,0.00011081,0.00012916,0.00010986
12,16,0,0.00012,0.0001,0.0001,0.0001,0.00011,0.00011,7.83E-05,0.00010288,0.00010058,0.000104195
12,16,1,0.00012,0.00011,0.00011,0.00011,0.00013,0.00012,7.41E-05,9.88E-05,0.00010084,0.000100315
12,16,2,0.00013,0.00011,0.00011,0.00011,0.00012,0.00013,7.21E-05,9.59E-05,0.00010006,9.73E-05
12,16,3,0.00013,0.00011,0.00011,0.00011,0.00012,0.00013,6.68E-05,9.51E-05,0.0001037,9.51E-05
12,16,4,0.00013,0.00011,0.0001,0.00012,0.00012,0.00014,6.57E-05,9.74E-05,0.00010357,9.52E-05
12,16,5,0.00013,0.00011,0.0001,0.00011,0.00012,0.00014,6.62E-05,0.00010248,0.00010969,9.79E-05
12,16,6,0.00013,0.00011,0.00009,0.00011,0.00012,0.00014,6.94E-05,0.00010548,0.00011679,9.95E-05
12,16,7,0.00013,0.0001,0.0001,0.00011,0.00012,0.00013,7.35E-05,0.00011431,0.00012309,0.000104379
12,16,8,0.00013,0.0001,0.0001,0.00011,0.00012,0.00013,7.35E-05,0.0001232,0.00012694,0.000110791
12,16,9,0.00013,0.0001,0.00011,0.00011,0.00012,0.00014,7.29E-05,0.00012827,0.00012871,0.000114277
12,16,10,0.00013,0.0001,0.00012,0.00012,0.00012,0.00014,7.54E-05,0.00013249,0.00012922,0.000118328
12,16,11,0.00013,0.00012,0.00013,0.00012,0.00012,0.00013,8.05E-05,0.000136,0.00012706,0.000123251
12,16,12,0.00013,0.00013,0.00015,0.00013,0.00012,0.00013,8.57E-05,0.00013343,0.00012578,0.00012347
12,16,13,0.00014,0.00014,0.00016,0.00013,0.00013,0.00013,8.08E-05,0.00013299,0.00012544,0.000124496
12,16,14,0.00014,0.00013,0.00015,0.00012,0.00012,0.00012,7.36E-05,0.00013444,0.00012548,0.000125225
12,16,15,0.00014,0.00013,0.00015,0.00011,0.00012,0.00012,6.96E-05,0.00013411,0.00012717,0.000124749
12,16,16,0.00013,0.00012,0.00014,0.00011,0.00012,0.00012,7.30E-05,0.00013153,0.00013235,0.000122189
12,16,17,0.00012,0.00011,0.00011,0.00011,0.00011,0.00012,8.65E-05,0.00013111,0.00014198,0.000120629
12,16,18,0.00012,0.00011,0.0001,0.00011,0.00011,0.00012,8.57E-05,0.00014364,0.00015379,0.000129299
12,16,19,0.00011,0.0001,0.0001,0.0001,0.00011,0.00011,8.56E-05,0.00014186,0.00016326,0.000131903
12,16,20,0.00011,0.0001,0.0001,0.0001,0.00011,0.00011,8.43E-05,0.00013694,0.00016634,0.000128079
12,16,21,0.00011,0.0001,0.0001,0.0001,0.00011,0.00011,8.20E-05,0.0001297,0.00015809,0.000122931
12,16,22,0.00012,0.0001,0.0001,0.0001,0.00011,0.00011,7.81E-05,0.00011994,0.00014411,0.000116477
12,16,23,0.00012,0.0001,0.00011,0.0001,0.00011,0.00011,7.48E-05,0.00011016,0.00013023,0.00010986
12,17,0,0.00012,0.0001,0.00011,0.00011,0.00012,0.00012,6.83E-05,0.00010261,0.00010093,0.000104195
12,17,1,0.00013,0.00011,0.00012,0.00012,0.00012,0.00013,6.53E-05,9.77E-05,9.94E-05,0.000100315
12,17,2,0.00013,0.00011,0.00011,0.00012,0.00013,0.00013,6.26E-05,9.42E-05,0.000101,9.73E-05
12,17,3,0.00013,0.00011,0.00011,0.00012,0.00012,0.00014,6.12E-05,9.31E-05,0.00010214,9.51E-05
12,17,4,0.00013,0.00011,0.00011,0.00012,0.00012,0.00014,6.02E-05,9.48E-05,0.00010412,9.52E-05
12,17,5,0.00013,0.00011,0.0001,0.00012,0.00012,0.00014,6.40E-05,9.71E-05,0.00011051,9.79E-05
12,17,6,0.00013,0.00011,0.00011,0.00012,0.00012,0.00014,7.32E-05,9.77E-05,0.00011585,9.95E-05
12,17,7,0.00013,0.0001,0.00011,0.00012,0.00012,0.00013,8.34E-05,0.00010525,0.00012322,0.000104379
12,17,8,0.00013,0.0001,0.00011,0.00012,0.00012,0.00013,8.72E-05,0.00011336,0.0001293,0.000110791
12,17,9,0.00013,0.0001,0.00011,0.00011,0.00012,0.00013,8.64E-05,0.00011892,0.00012914,0.000114277
12,17,10,0.00013,0.0001,0.00011,0.00011,0.00012,0.00014,8.92E-05,0.00012327,0.00012912,0.000118328
12,17,11,0.00013,0.00011,0.00013,0.00011,0.00012,0.00013,9.39E-05,0.00012516,0.00012791,0.000123251
12,17,12,0.00013,0.00013,0.00011,0.00012,0.00012,0.00013,9.76E-05,0.00012357,0.00012737,0.00012347
12,17,13,0.00014,0.00013,0.00014,0.00013,0.00013,0.00013,9.16E-05,0.00012108,0.00012713,0.000124496
12,17,14,0.00014,0.00013,0.00015,0.00012,0.00012,0.00012,8.97E-05,0.00011897,0.00012631,0.000125225
12,17,15,0.00014,0.00013,0.00013,0.00011,0.00012,0.00012,8.76E-05,0.00011748,0.00012956,0.000124749
12,17,16,0.00013,0.00012,0.00012,0.00011,0.00012,0.00012,9.05E-05,0.0001157,0.00013276,0.000122189
12,17,17,0.00012,0.00011,0.0001,0.0001,0.00012,0.00012,0.000102041,0.00011747,0.00014124,0.000120629
12,17,18,0.00012,0.0001,0.00009,0.0001,0.00011,0.00011,0.000101831,0.00013383,0.00015292,0.000129299
12,17,19,0.00012,0.0001,0.00009,0.0001,0.00011,0.00011,9.95E-05,0.00013328,0.00016336,0.000131903
12,17,20,0.00011,0.0001,0.00009,0.0001,0.00011,0.00011,9.65E-05,0.00013003,0.00016544,0.000128079
12,17,21,0.00012,0.0001,0.00009,0.0001,0.00011,0.00011,9.31E-05,0.00012444,0.00015981,0.000122931
12,17,22,0.00012,0.0001,0.00009,0.0001,0.00011,0.00011,8.78E-05,0.00011502,0.00014438,0.000116477
12,17,23,0.00012,0.0001,0.00009,0.0001,0.00012,0.00011,8.36E-05,0.00010677,0.00012997,0.00010986
12,18,0,0.00012,0.0001,0.00011,0.00012,0.00012,0.00012,7.78E-05,9.93E-05,0.00010103,0.000104195
12,18,1,0.00013,0.00011,0.00011,0.00012,0.00013,0.00013,7.46E-05,9.43E-05,0.00010022,0.000100315
12,18,2,0.00013,0.00011,0.00011,0.00012,0.00013,0.00013,7.20E-05,9.13E-05,0.00010188,9.73E-05
12,18,3,0.00013,0.0001,0.0001,0.00012,0.00012,0.00014,7.04E-05,9.00E-05,0.00010265,9.51E-05
12,18,4,0.00013,0.00011,0.0001,0.00012,0.00012,0.00014,6.97E-05,8.94E-05,0.00010634,9.52E-05
12,18,5,0.00013,0.00011,0.00011,0.00012,0.00012,0.00014,7.41E-05,8.90E-05,0.00011025,9.79E-05
12,18,6,0.00013,0.00011,0.00011,0.00012,0.00012,0.00014,8.01E-05,8.61E-05,0.00011739,9.95E-05
12,18,7,0.00013,0.0001,0.00011,0.00012,0.00012,0.00014,8.78E-05,9.11E-05,0.00012303,0.000104379
12,18,8,0.00013,0.0001,0.00011,0.00011,0.00012,0.00013,9.01E-05,9.74E-05,0.0001285,0.000110791
12,18,9,0.00013,0.0001,0.00011,0.00011,0.00012,0.00014,8.78E-05,0.000102,0.00013034,0.000114277
12,18,10,0.00013,0.0001,0.0001,0.00011,0.00012,0.00014,8.92E-05,0.00010566,0.00012912,0.000118328
12,18,11,0.00013,0.00011,0.00013,0.00012,0.00012,0.00014,9.48E-05,0.00010802,0.00012766,0.000123251
12,18,12,0.00013,0.00013,0.00014,0.00012,0.00012,0.00013,9.81E-05,0.00010917,0.00012839,0.00012347
12,18,13,0.00014,0.00013,0.00015,0.00013,0.00013,0.00013,9.31E-05,0.00010884,0.00012528,0.000124496
12,18,14,0.00014,0.00013,0.00014,0.00012,0.00012,0.00013,8.90E-05,0.00010694,0.00012703,0.000125225
12,18,15,0.00014,0.00013,0.00014,0.00011,0.00012,0.00012,8.79E-05,0.0001055,0.00012971,0.000124749
12,18,16,0.00013,0.00012,0.00013,0.00011,0.00012,0.00012,9.24E-05,0.00010384,0.00013488,0.000122189
12,18,17,0.00012,0.00011,0.00011,0.0001,0.00012,0.00012,0.00010421,0.00010592,0.00014274,0.000120629
12,18,18,0.00012,0.00011,0.0001,0.0001,0.00011,0.00011,0.000103325,0.00012311,0.00015344,0.000129299
12,18,19,0.00011,0.0001,0.00008,0.0001,0.00011,0.00011,0.000101101,0.00012595,0.00016355,0.000131903
12,18,20,0.00011,0.0001,0.00008,0.0001,0.00011,0.00011,9.81E-05,0.00012415,0.00016456,0.000128079
12,18,21,0.00011,0.0001,0.00008,0.0001,0.00011,0.00011,9.52E-05,0.0001197,0.00015964,0.000122931
12,18,22,0.00011,0.0001,0.00008,0.00009,0.00011,0.00011,8.86E-05,0.00011177,0.00014773,0.000116477
12,18,23,0.00012,0.00011,0.00009,0.0001,0.00011,0.00011,8.50E-05,0.00010338,0.00013029,0.00010986
12,19,0,0.00012,0.00011,0.0001,0.00011,0.00012,0.00012,7.98E-05,9.72E-05,0.00010087,0.000104195
12,19,1,0.00012,0.00011,0.0001,0.00012,0.00013,0.00013,7.60E-05,9.27E-05,0.00010169,0.000100315
12,19,2,0.00013,0.00011,0.00011,0.00011,0.00013,0.00013,7.33E-05,9.09E-05,0.00010158,9.73E-05
12,19,3,0.00013,0.00011,0.0001,0.00011,0.00013,0.00014,7.14E-05,9.03E-05,0.0001045,9.51E-05
12,19,4,0.00013,0.00011,0.0001,0.00012,0.00012,0.00014,7.03E-05,9.29E-05,0.00010504,9.52E-05
12,19,5,0.00013,0.00011,0.00009,0.00011,0.00013,0.00014,7.50E-05,9.70E-05,0.00010838,9.79E-05
12,19,6,0.00012,0.00011,0.00009,0.00011,0.00012,0.00014,7.97E-05,0.00010026,0.00011607,9.95E-05
12,19,7,0.00012,0.0001,0.0001,0.00011,0.00012,0.00013,8.79E-05,0.00010951,0.00012311,0.000104379
12,19,8,0.00012,0.0001,0.0001,0.00011,0.00012,0.00013,9.07E-05,0.00011981,0.00012787,0.000110791
12,19,9,0.00012,0.0001,0.00009,0.00011,0.00012,0.00013,8.88E-05,0.00012527,0.00013011,0.000114277
12,19,10,0.00012,0.00011,0.0001,0.00011,0.00012,0.00014,9.14E-05,0.00013053,0.00013043,0.000118328
12,19,11,0.00013,0.00012,0.00013,0.00011,0.00012,0.00014,9.78E-05,0.00013347,0.00012775,0.000123251
12,19,12,0.00013,0.00013,0.00014,0.00012,0.00012,0.00013,9.81E-05,0.00013177,0.00012801,0.00012347
12,19,13,0.00014,0.00013,0.00015,0.00012,0.00013,0.00013,9.41E-05,0.00013199,0.00012699,0.000124496
12,19,14,0.00014,0.00013,0.00014,0.00011,0.00012,0.00012,9.24E-05,0.00013353,0.00012609,0.000125225
12,19,15,0.00013,0.00013,0.00014,0.00011,0.00012,0.00012,9.04E-05,0.00013309,0.00012815,0.000124749
12,19,16,0.00012,0.00012,0.00012,0.0001,0.00011,0.00011,9.36E-05,0.00013043,0.00013375,0.000122189
12,19,17,0.00012,0.00011,0.0001,0.0001,0.00011,0.00012,0.00010512,0.00012848,0.00014248,0.000120629
12,19,18,0.00011,0.0001,0.00009,0.00009,0.00011,0.00011,0.000102186,0.00014235,0.000154,0.000129299
12,19,19,0.00011,0.0001,0.00009,0.00009,0.00011,0.00011,9.98E-05,0.00014136,0.00016214,0.000131903
12,19,20,0.00011,0.0001,0.00009,0.00009,0.00011,0.00011,9.83E-05,0.00013781,0.00016777,0.000128079
12,19,21,0.00011,0.0001,0.00009,0.00009,0.00011,0.00011,9.29E-05,0.00013131,0.00016106,0.000122931
12,19,22,0.00011,0.0001,0.00009,0.00009,0.00011,0.00011,8.98E-05,0.00012016,0.00014782,0.000116477
12,19,23,0.00011,0.0001,0.0001,0.00009,0.00011,0.00011,8.50E-05,0.00010851,0.00012932,0.00010986
12,20,0,0.00012,0.00011,0.00011,0.0001,0.00011,0.00012,8.04E-05,0.00010091,0.00010071,0.000104195
12,20,1,0.00012,0.00011,0.00011,0.00011,0.00012,0.00012,7.68E-05,9.70E-05,0.0001013,0.000100315
12,20,2,0.00012,0.00011,0.00011,0.00011,0.00012,0.00013,7.30E-05,9.46E-05,0.00010163,9.73E-05
12,20,3,0.00012,0.00011,0.00011,0.00011,0.00012,0.00013,7.15E-05,9.39E-05,0.00010327,9.51E-05
12,20,4,0.00012,0.0001,0.0001,0.00011,0.00012,0.00013,6.99E-05,9.64E-05,0.00010497,9.52E-05
12,20,5,0.00012,0.0001,0.00009,0.00011,0.00012,0.00013,7.20E-05,0.00010015,0.00011004,9.79E-05
12,20,6,0.00012,0.0001,0.0001,0.00011,0.00012,0.00013,7.33E-05,0.00010325,0.00011729,9.95E-05
12,20,7,0.00011,0.0001,0.00009,0.00011,0.00011,0.00012,7.98E-05,0.00011198,0.00012345,0.000104379
12,20,8,0.00011,0.00009,0.00009,0.00011,0.00012,0.00012,7.97E-05,0.0001203,0.00012774,0.000110791
12,20,9,0.00011,0.0001,0.00009,0.00011,0.00012,0.00012,7.82E-05,0.00012506,0.00012781,0.000114277
12,20,10,0.00012,0.0001,0.0001,0.00011,0.00012,0.00012,8.08E-05,0.00012821,0.00012968,0.000118328
12,20,11,0.00012,0.00011,0.00013,0.00011,0.00012,0.00012,8.79E-05,0.00013191,0.0001273,0.000123251
12,20,12,0.00012,0.00013,0.00015,0.00011,0.00012,0.00012,9.23E-05,0.00012923,0.00012725,0.00012347
12,20,13,0.00013,0.00013,0.00015,0.00012,0.00012,0.00012,7.87E-05,0.00012883,0.00012654,0.000124496
12,20,14,0.00014,0.00013,0.00014,0.00011,0.00012,0.00012,7.39E-05,0.00013047,0.00012723,0.000125225
12,20,15,0.00013,0.00012,0.00014,0.00011,0.00012,0.00011,7.18E-05,0.00013086,0.00012989,0.000124749
12,20,16,0.00012,0.00012,0.00013,0.0001,0.00011,0.00011,7.70E-05,0.00012852,0.00013395,0.000122189
12,20,17,0.00011,0.00011,0.00011,0.0001,0.00011,0.00011,9.07E-05,0.00012848,0.00014258,0.000120629
12,20,18,0.00011,0.0001,0.0001,0.0001,0.00011,0.00011,9.09E-05,0.00014079,0.00015653,0.000129299
12,20,19,0.00011,0.0001,0.0001,0.00009,0.00011,0.00011,9.05E-05,0.0001402,0.00016373,0.000131903
12,20,20,0.00011,0.0001,0.00009,0.00009,0.00011,0.00011,8.96E-05,0.00013675,0.00016516,0.000128079
12,20,21,0.00011,0.0001,0.00009,0.00009,0.0001,0.00011,8.67E-05,0.00013036,0.00016006,0.000122931
12,20,22,0.00011,0.0001,0.00009,0.00009,0.00011,0.00011,8.23E-05,0.00011987,0.00014561,0.000116477
12,20,23,0.00011,0.0001,0.00009,0.00009,0.00011,0.00011,7.88E-05,0.00010805,0.00013249,0.00010986
12,21,0,0.00012,0.00011,0.0001,0.0001,0.00012,0.00011,7.47E-05,9.98E-05,0.00010143,0.000104195
12,21,1,0.00012,0.00011,0.00012,0.00011,0.00013,0.00012,7.13E-05,9.53E-05,0.00010066,0.000100315
12,21,2,0.00012,0.00011,0.00011,0.00011,0.00013,0.00013,6.82E-05,9.28E-05,0.0001016,9.73E-05
12,21,3,0.00012,0.00011,0.0001,0.00011,0.00013,0.00013,6.60E-05,9.24E-05,0.00010377,9.51E-05
12,21,4,0.00012,0.00011,0.0001,0.00011,0.00013,0.00014,6.51E-05,9.47E-05,0.00010564,9.52E-05
12,21,5,0.00012,0.00011,0.0001,0.00011,0.00013,0.00014,6.88E-05,9.89E-05,0.0001104,9.79E-05
12,21,6,0.00012,0.00011,0.0001,0.00011,0.00013,0.00014,7.39E-05,0.00010177,0.00011771,9.95E-05
12,21,7,0.00012,0.00011,0.0001,0.00011,0.00013,0.00013,8.14E-05,0.00011004,0.00012386,0.000104379
12,21,8,0.00011,0.0001,0.0001,0.00011,0.00012,0.00013,8.18E-05,0.00011777,0.00012811,0.000110791
12,21,9,0.00012,0.0001,0.0001,0.00011,0.00012,0.00014,8.22E-05,0.00012315,0.00013138,0.000114277
12,21,10,0.00012,0.00011,0.00011,0.00011,0.00012,0.00014,8.39E-05,0.00012734,0.00012963,0.000118328
12,21,11,0.00012,0.00012,0.00014,0.00011,0.00013,0.00013,8.79E-05,0.00012986,0.00013003,0.000123251
12,21,12,0.00012,0.00013,0.00015,0.00012,0.00013,0.00013,9.13E-05,0.00012796,0.00012722,0.00012347
12,21,13,0.00013,0.00013,0.00015,0.00012,0.00013,0.00013,8.66E-05,0.00012736,0.00012726,0.000124496
12,21,14,0.00014,0.00013,0.00015,0.00011,0.00013,0.00012,8.60E-05,0.0001285,0.00012845,0.000125225
12,21,15,0.00013,0.00013,0.00014,0.00011,0.00012,0.00012,8.59E-05,0.00012831,0.00012871,0.000124749
12,21,16,0.00012,0.00012,0.00014,0.00011,0.00012,0.00012,9.08E-05,0.00012659,0.00013388,0.000122189
12,21,17,0.00012,0.00011,0.00011,0.0001,0.00012,0.00012,0.000102281,0.00012719,0.00014433,0.000120629
12,21,18,0.00011,0.00011,0.0001,0.0001,0.00011,0.00011,0.000102216,0.00013918,0.00015324,0.000129299
12,21,19,0.00011,0.00011,0.0001,0.0001,0.00011,0.00011,9.91E-05,0.000137,0.00016492,0.000131903
12,21,20,0.00011,0.0001,0.00009,0.0001,0.00011,0.00011,9.76E-05,0.00013333,0.00016783,0.000128079
12,21,21,0.00011,0.0001,0.00009,0.0001,0.00011,0.00011,9.76E-05,0.00012683,0.00015992,0.000122931
12,21,22,0.00011,0.0001,0.00009,0.00009,0.00011,0.00011,8.80E-05,0.00011601,0.00014851,0.000116477
12,21,23,0.00012,0.00011,0.0001,0.0001,0.00011,0.00011,8.42E-05,0.00010529,0.0001328,0.00010986
12,22,0,0.00012,0.00011,0.00011,0.00011,0.00012,0.00012,7.84E-05,9.80E-05,0.00010123,0.000104195
12,22,1,0.00012,0.00011,0.00012,0.00012,0.00013,0.00013,7.53E-05,9.44E-05,9.94E-05,0.000100315
12,22,2,0.00013,0.00012,0.00013,0.00011,0.00013,0.00013,7.34E-05,9.20E-05,0.00010174,9.73E-05
12,22,3,0.00013,0.00012,0.00011,0.00011,0.00013,0.00014,6.98E-05,9.11E-05,0.00010216,9.51E-05
12,22,4,0.00013,0.00012,0.0001,0.00011,0.00013,0.00014,6.91E-05,9.36E-05,0.00010579,9.52E-05
12,22,5,0.00013,0.00011,0.0001,0.00011,0.00013,0.00014,7.33E-05,9.85E-05,0.00011202,9.79E-05
12,22,6,0.00013,0.00011,0.0001,0.00011,0.00013,0.00014,7.78E-05,0.00010089,0.00011679,9.95E-05
12,22,7,0.00012,0.00011,0.0001,0.00011,0.00013,0.00014,8.70E-05,0.00010912,0.00012436,0.000104379
12,22,8,0.00012,0.0001,0.00009,0.00011,0.00012,0.00014,9.13E-05,0.00011768,0.00012725,0.000110791
12,22,9,0.00012,0.0001,0.00011,0.00011,0.00013,0.00014,9.07E-05,0.00012217,0.00012988,0.000114277
12,22,10,0.00013,0.0001,0.00011,0.00011,0.00012,0.00014,9.22E-05,0.00012649,0.00013053,0.000118328
12,22,11,0.00013,0.00012,0.00014,0.00011,0.00012,0.00014,9.69E-05,0.00012987,0.00012896,0.000123251
12,22,12,0.00013,0.00014,0.00015,0.00012,0.00013,0.00014,0.000100721,0.00012787,0.00012822,0.00012347
12,22,13,0.00014,0.00014,0.00015,0.00012,0.00013,0.00013,9.56E-05,0.0001273,0.00012764,0.000124496
12,22,14,0.00014,0.00013,0.00015,0.00011,0.00012,0.00013,9.01E-05,0.00012831,0.00012827,0.000125225
12,22,15,0.00013,0.00013,0.00014,0.00011,0.00012,0.00012,8.93E-05,0.00012841,0.00013074,0.000124749
12,22,16,0.00012,0.00012,0.00013,0.00011,0.00012,0.00012,9.26E-05,0.00012537,0.00013385,0.000122189
12,22,17,0.00012,0.00011,0.00012,0.00011,0.00012,0.00012,0.00010613,0.00012447,0.00014362,0.000120629
12,22,18,0.00011,0.00011,0.00011,0.0001,0.00011,0.00011,0.000102391,0.00013791,0.00015588,0.000129299
12,22,19,0.00011,0.0001,0.0001,0.0001,0.00011,0.00011,0.000101681,0.00013843,0.00016335,0.000131903
12,22,20,0.00011,0.0001,0.00011,0.0001,0.00011,0.00011,0.000100541,0.00013412,0.00016769,0.000128079
12,22,21,0.00011,0.0001,0.0001,0.0001,0.00011,0.00011,9.33E-05,0.00012862,0.00016131,0.000122931
12,22,22,0.00011,0.0001,0.0001,0.0001,0.00011,0.00011,8.88E-05,0.00011878,0.00014728,0.000116477
12,22,23,0.00012,0.0001,0.0001,0.0001,0.00011,0.00011,8.34E-05,0.00010838,0.000131,0.00010986
12,23,0,0.00012,0.00011,0.00011,0.00011,0.00012,0.00012,7.91E-05,9.95E-05,0.00010221,0.000104195
12,23,1,0.00012,0.00011,0.00012,0.00012,0.00012,0.00012,7.66E-05,9.43E-05,0.00010205,0.000100315
12,23,2,0.00013,0.00011,0.00012,0.00012,0.00013,0.00013,6.94E-05,9.18E-05,0.00010095,9.73E-05
12,23,3,0.00013,0.00011,0.00011,0.00012,0.00012,0.00014,7.13E-05,9.09E-05,0.00010267,9.51E-05
12,23,4,0.00013,0.00011,0.0001,0.00012,0.00013,0.00014,6.99E-05,9.35E-05,0.00010454,9.52E-05
12,23,5,0.00013,0.00011,0.0001,0.00012,0.00013,0.00014,7.40E-05,9.77E-05,0.00011114,9.79E-05
12,23,6,0.00013,0.00011,0.0001,0.00012,0.00013,0.00014,7.88E-05,9.97E-05,0.00011666,9.95E-05
12,23,7,0.00013,0.00011,0.0001,0.00012,0.00012,0.00014,8.31E-05,0.00010774,0.00012393,0.000104379
12,23,8,0.00013,0.0001,0.0001,0.00012,0.00012,0.00013,8.93E-05,0.0001165,0.00012682,0.000110791
12,23,9,0.00013,0.0001,0.00011,0.00011,0.00012,0.00013,8.90E-05,0.00012096,0.00013173,0.000114277
12,23,10,0.00013,0.0001,0.00012,0.00011,0.00012,0.00014,9.05E-05,0.00012556,0.00013109,0.000118328
12,23,11,0.00013,0.00011,0.00015,0.00011,0.00012,0.00013,9.41E-05,0.00012872,0.00012941,0.000123251
12,23,12,0.00013,0.00013,0.00016,0.00012,0.00012,0.00013,9.97E-05,0.00012632,0.0001278,0.00012347
12,23,13,0.00014,0.00013,0.00016,0.00012,0.00013,0.00013,9.45E-05,0.00012498,0.00012697,0.000124496
12,23,14,0.00014,0.00013,0.00016,0.00012,0.00012,0.00013,8.88E-05,0.00012542,0.00012901,0.000125225
12,23,15,0.00014,0.00013,0.00015,0.00011,0.00012,0.00012,8.82E-05,0.00012415,0.00012863,0.000124749
12,23,16,0.00013,0.00012,0.00013,0.00011,0.00011,0.00012,9.10E-05,0.00012113,0.0001358,0.000122189
12,23,17,0.00012,0.00011,0.00011,0.00011,0.00011,0.00012,0.00010453,0.00012044,0.00014287,0.000120629
12,23,18,0.00012,0.0001,0.0001,0.00011,0.00011,0.00012,0.000102705,0.00013456,0.00015439,0.000129299
12,23,19,0.00011,0.0001,0.0001,0.00011,0.00011,0.00011,0.000102271,0.00013556,0.0001645,0.000131903
12,23,20,0.00011,0.0001,0.0001,0.0001,0.00011,0.00011,9.82E-05,0.00013195,0.00016946,0.000128079
12,23,21,0.00011,0.0001,0.00009,0.0001,0.00011,0.00011,9.34E-05,0.00012594,0.00015961,0.000122931
12,23,22,0.00012,0.0001,0.00009,0.0001,0.00011,0.00011,8.85E-05,0.00011691,0.00014631,0.000116477
12,23,23,0.00012,0.0001,0.0001,0.0001,0.00012,0.00012,8.43E-05,0.00010641,0.00013277,0.00010986
12,24,0,0.00012,0.0001,0.00011,0.00011,0.00012,0.00012,8.02E-05,0.00010046,0.00010074,0.000104195
12,24,1,0.00013,0.0001,0.00012,0.00012,0.00013,0.00013,7.53E-05,9.48E-05,0.00010234,0.000100315
12,24,2,0.00013,0.00011,0.00012,0.00012,0.00013,0.00014,7.31E-05,9.10E-05,0.00010204,9.73E-05
12,24,3,0.00013,0.00011,0.0001,0.00012,0.00013,0.00014,7.06E-05,8.87E-05,0.00010363,9.51E-05
12,24,4,0.00013,0.00011,0.0001,0.00012,0.00013,0.00014,7.01E-05,8.89E-05,0.00010661,9.52E-05
12,24,5,0.00013,0.00011,0.0001,0.00012,0.00013,0.00014,7.38E-05,9.08E-05,0.00011135,9.79E-05
12,24,6,0.00013,0.00011,0.0001,0.00012,0.00013,0.00014,7.91E-05,8.99E-05,0.00011754,9.95E-05
12,24,7,0.00013,0.00011,0.00011,0.00011,0.00013,0.00014,8.56E-05,9.53E-05,0.00012397,0.000104379
12,24,8,0.00013,0.0001,0.00011,0.00011,0.00012,0.00014,8.82E-05,0.00010215,0.00012951,0.000110791
12,24,9,0.00013,0.0001,0.00011,0.00011,0.00012,0.00014,8.86E-05,0.00010728,0.00013063,0.000114277
12,24,10,0.00013,0.00011,0.00012,0.00011,0.00012,0.00014,9.08E-05,0.00011022,0.0001315,0.000118328
12,24,11,0.00013,0.00011,0.00015,0.00011,0.00012,0.00014,9.56E-05,0.00011093,0.00012837,0.000123251
12,24,12,0.00013,0.00013,0.00016,0.00012,0.00012,0.00013,9.91E-05,0.0001098,0.00012912,0.00012347
12,24,13,0.00014,0.00013,0.00016,0.00012,0.00013,0.00014,9.46E-05,0.00010779,0.00012809,0.000124496
12,24,14,0.00014,0.00013,0.00015,0.00012,0.00013,0.00013,8.96E-05,0.00010553,0.00013018,0.000125225
12,24,15,0.00014,0.00012,0.00015,0.00011,0.00012,0.00012,8.82E-05,0.00010413,0.00012913,0.000124749
12,24,16,0.00013,0.00012,0.00014,0.00011,0.00012,0.00012,9.21E-05,0.00010301,0.00013583,0.000122189
12,24,17,0.00012,0.00011,0.00012,0.00011,0.00011,0.00012,0.00010481,0.00010567,0.00014405,0.000120629
12,24,18,0.00012,0.00011,0.00011,0.00011,0.00011,0.00012,0.000103885,0.00012269,0.00015408,0.000129299
12,24,19,0.00012,0.0001,0.00011,0.0001,0.00011,0.00011,0.000100721,0.00012445,0.00016542,0.000131903
12,24,20,0.00011,0.0001,0.0001,0.0001,0.00011,0.00011,9.93E-05,0.00011857,0.00016837,0.000128079
12,24,21,0.00012,0.0001,0.0001,0.0001,0.00011,0.00011,9.32E-05,0.00011081,0.000161,0.000122931
12,24,22,0.00012,0.0001,0.0001,0.0001,0.00011,0.00011,8.89E-05,0.00010414,0.00014632,0.000116477
12,24,23,0.00012,0.0001,0.00011,0.00011,0.00012,0.00012,8.45E-05,9.83E-05,0.00013363,0.00010986
12,25,0,0.00012,0.0001,0.00012,0.00011,0.00012,0.00012,7.91E-05,9.39E-05,0.00010127,0.000104195
12,25,1,0.00013,0.0001,0.00013,0.00012,0.00013,0.00013,7.49E-05,9.09E-05,0.00010099,0.000100315
12,25,2,0.00013,0.00011,0.00012,0.00012,0.00013,0.00013,7.23E-05,8.78E-05,0.00010057,9.73E-05
12,25,3,0.00013,0.00011,0.00012,0.00012,0.00013,0.00013,7.04E-05,8.49E-05,0.00010274,9.51E-05
12,25,4,0.00013,0.00011,0.00011,0.00012,0.00013,0.00014,6.91E-05,8.30E-05,0.00010754,9.52E-05
12,25,5,0.00013,0.00011,0.00011,0.00012,0.00013,0.00014,7.15E-05,8.15E-05,0.00011107,9.79E-05
12,25,6,0.00013,0.00011,0.00011,0.00012,0.00013,0.00014,7.69E-05,7.61E-05,0.00011689,9.95E-05
12,25,7,0.00013,0.0001,0.00011,0.00012,0.00013,0.00014,8.55E-05,7.76E-05,0.00012475,0.000104379
12,25,8,0.00013,0.0001,0.00011,0.00012,0.00012,0.00014,8.96E-05,8.15E-05,0.00012877,0.000110791
12,25,9,0.00013,0.0001,0.00011,0.00012,0.00012,0.00014,8.86E-05,8.63E-05,0.00013081,0.000114277
12,25,10,0.00013,0.0001,0.00013,0.00011,0.00012,0.00014,9.15E-05,9.00E-05,0.00013197,0.000118328
12,25,11,0.00013,0.00011,0.00013,0.00012,0.00012,0.00014,9.71E-05,9.27E-05,0.00012723,0.000123251
12,25,12,0.00013,0.00013,0.00015,0.00012,0.00012,0.00013,0.000100261,9.41E-05,0.00012885,0.00012347
12,25,13,0.00014,0.00013,0.00015,0.00012,0.00013,0.00013,9.46E-05,9.44E-05,0.00012826,0.000124496
12,25,14,0.00014,0.00013,0.00015,0.00012,0.00012,0.00013,9.16E-05,9.31E-05,0.00012867,0.000125225
12,25,15,0.00014,0.00012,0.00015,0.00011,0.00012,0.00012,8.88E-05,9.16E-05,0.0001302,0.000124749
12,25,16,0.00013,0.00012,0.00013,0.00011,0.00012,0.00012,9.09E-05,9.09E-05,0.00013401,0.000122189
12,25,17,0.00012,0.00011,0.00011,0.00011,0.00011,0.00012,0.0001034,9.35E-05,0.00014439,0.000120629
12,25,18,0.00012,0.00011,0.00011,0.0001,0.00011,0.00011,0.000101336,0.0001095,0.00015662,0.000129299
12,25,19,0.00011,0.0001,0.0001,0.0001,0.00011,0.00011,0.000100321,0.00011297,0.00016557,0.000131903
12,25,20,0.00011,0.0001,0.0001,0.0001,0.00011,0.00011,9.76E-05,0.00011136,0.00016751,0.000128079
12,25,21,0.00011,0.00011,0.00009,0.0001,0.00011,0.00011,9.28E-05,0.00010652,0.00016083,0.000122931
12,25,22,0.00012,0.00011,0.00009,0.0001,0.00011,0.00011,8.94E-05,9.98E-05,0.00014899,0.000116477
12,25,23,0.00012,0.00011,0.0001,0.0001,0.00012,0.00011,8.39E-05,9.32E-05,0.00013139,0.00010986
12,26,0,0.00012,0.00011,0.00011,0.00011,0.00012,0.00012,7.94E-05,8.78E-05,0.00010232,0.000104195
12,26,1,0.00012,0.00011,0.00012,0.00012,0.00013,0.00013,7.55E-05,8.50E-05,0.000101,0.000100315
12,26,2,0.00013,0.00011,0.00011,0.00013,0.00013,0.00013,7.27E-05,8.32E-05,0.0001041,9.73E-05
12,26,3,0.00013,0.00012,0.00011,0.00013,0.00013,0.00014,7.07E-05,8.27E-05,0.00010392,9.51E-05
12,26,4,0.00013,0.00011,0.00011,0.00012,0.00013,0.00014,6.95E-05,8.46E-05,0.00010703,9.52E-05
12,26,5,0.00013,0.00011,0.00011,0.00012,0.00013,0.00014,7.40E-05,8.84E-05,0.00011212,9.79E-05
12,26,6,0.00013,0.00011,0.00011,0.00012,0.00013,0.00014,8.01E-05,9.19E-05,0.00011641,9.95E-05
12,26,7,0.00012,0.00011,0.00011,0.00012,0.00012,0.00014,8.80E-05,0.0001004,0.00012444,0.000104379
12,26,8,0.00012,0.00011,0.00011,0.00012,0.00012,0.00014,9.15E-05,0.00011007,0.00012929,0.000110791
12,26,9,0.00012,0.00011,0.00011,0.00011,0.00012,0.00014,9.10E-05,0.00011602,0.00013199,0.000114277
12,26,10,0.00013,0.00011,0.00012,0.00011,0.00012,0.00014,9.15E-05,0.00012125,0.00013111,0.000118328
12,26,11,0.00013,0.00012,0.00013,0.00012,0.00012,0.00013,9.86E-05,0.00012496,0.00012948,0.000123251
12,26,12,0.00013,0.00013,0.00014,0.00012,0.00012,0.00013,0.000100951,0.00012457,0.0001286,0.00012347
12,26,13,0.00014,0.00014,0.00015,0.00012,0.00013,0.00013,9.47E-05,0.00012369,0.00012915,0.000124496
12,26,14,0.00014,0.00013,0.00015,0.00012,0.00013,0.00013,9.11E-05,0.00012422,0.00012723,0.000125225
12,26,15,0.00013,0.00013,0.00015,0.00012,0.00012,0.00012,8.90E-05,0.00012336,0.00013068,0.000124749
12,26,16,0.00012,0.00012,0.00014,0.00011,0.00012,0.00012,9.19E-05,0.00012165,0.00013515,0.000122189
12,26,17,0.00012,0.00011,0.00011,0.00011,0.00011,0.00011,0.00010423,0.00012065,0.00014437,0.000120629
12,26,18,0.00011,0.00011,0.0001,0.00011,0.00011,0.00011,0.000102536,0.00013397,0.00015643,0.000129299
12,26,19,0.00011,0.0001,0.0001,0.0001,0.00011,0.00011,0.000100701,0.00013583,0.000165,0.000131903
12,26,20,0.00011,0.0001,0.0001,0.0001,0.00011,0.00011,9.88E-05,0.00013154,0.00016639,0.000128079
12,26,21,0.00011,0.0001,0.0001,0.0001,0.00011,0.00011,9.53E-05,0.00012369,0.00016204,0.000122931
12,26,22,0.00011,0.0001,0.0001,0.0001,0.00011,0.00011,9.01E-05,0.00011331,0.000148,0.000116477
12,26,23,0.00011,0.00011,0.0001,0.00011,0.00012,0.00011,8.54E-05,0.00010282,0.00013023,0.00010986
12,27,0,0.00012,0.00011,0.00011,0.00011,0.00012,0.00012,8.02E-05,9.59E-05,0.00010247,0.000104195
12,27,1,0.00012,0.00011,0.00013,0.00012,0.00012,0.00013,7.60E-05,9.20E-05,0.00010236,0.000100315
12,27,2,0.00012,0.00011,0.00013,0.00012,0.00013,0.00013,7.43E-05,8.95E-05,0.00010285,9.73E-05
12,27,3,0.00012,0.00011,0.00013,0.00012,0.00013,0.00014,7.18E-05,8.88E-05,0.00010326,9.51E-05
12,27,4,0.00012,0.00011,0.00011,0.00012,0.00012,0.00014,6.98E-05,9.07E-05,0.00010558,9.52E-05
12,27,5,0.00012,0.00011,0.00011,0.00012,0.00013,0.00014,7.26E-05,9.45E-05,0.00011099,9.79E-05
12,27,6,0.00012,0.00011,0.00011,0.00012,0.00012,0.00014,7.33E-05,9.65E-05,0.00011772,9.95E-05
12,27,7,0.00011,0.00011,0.00011,0.00012,0.00012,0.00014,8.28E-05,0.00010474,0.00012426,0.000104379
12,27,8,0.00011,0.0001,0.00011,0.00012,0.00012,0.00014,8.14E-05,0.00011332,0.00012915,0.000110791
12,27,9,0.00011,0.0001,0.00011,0.00011,0.00012,0.00014,7.79E-05,0.00011837,0.00013174,0.000114277
12,27,10,0.00012,0.0001,0.00012,0.00011,0.00012,0.00014,8.02E-05,0.00012251,0.00013097,0.000118328
12,27,11,0.00012,0.00011,0.00014,0.00011,0.00012,0.00013,8.94E-05,0.0001261,0.00012972,0.000123251
12,27,12,0.00012,0.00013,0.00016,0.00012,0.00012,0.00013,9.29E-05,0.00012527,0.00012803,0.00012347
12,27,13,0.00013,0.00013,0.00016,0.00012,0.00012,0.00013,7.90E-05,0.00012437,0.00012826,0.000124496
12,27,14,0.00014,0.00013,0.00016,0.00011,0.00012,0.00012,7.29E-05,0.00012553,0.00012808,0.000125225
12,27,15,0.00013,0.00013,0.00015,0.00011,0.00012,0.00012,7.13E-05,0.00012443,0.00013096,0.000124749
12,27,16,0.00012,0.00012,0.00013,0.00011,0.00011,0.00012,7.62E-05,0.00012295,0.00013408,0.000122189
12,27,17,0.00011,0.00011,0.00011,0.00011,0.00011,0.00012,9.03E-05,0.00012295,0.00014467,0.000120629
12,27,18,0.00011,0.00011,0.0001,0.00011,0.00011,0.00011,9.06E-05,0.0001352,0.00015576,0.000129299
12,27,19,0.00011,0.00011,0.0001,0.0001,0.00011,0.00011,9.01E-05,0.00013633,0.00016571,0.000131903
12,27,20,0.00011,0.0001,0.0001,0.0001,0.00011,0.00011,8.93E-05,0.00013158,0.00016742,0.000128079
12,27,21,0.00011,0.0001,0.0001,0.0001,0.00011,0.00011,8.58E-05,0.00012379,0.00016066,0.000122931
12,27,22,0.00011,0.0001,0.0001,0.0001,0.00011,0.00011,8.25E-05,0.00011345,0.00014731,0.000116477
12,27,23,0.00011,0.0001,0.0001,0.00011,0.00011,0.00011,7.97E-05,0.00010368,0.00013134,0.00010986
12,28,0,0.00012,0.00011,0.00011,0.00011,0.00012,0.00012,7.33E-05,9.74E-05,0.0001009,0.000104195
12,28,1,0.00012,0.00011,0.00012,0.00012,0.00013,0.00013,7.12E-05,9.26E-05,0.00010202,0.000100315
12,28,2,0.00012,0.00011,0.00012,0.00012,0.00013,0.00013,6.76E-05,8.95E-05,0.00010211,9.73E-05
12,28,3,0.00012,0.00011,0.00011,0.00013,0.00013,0.00014,6.55E-05,8.89E-05,0.00010393,9.51E-05
12,28,4,0.00012,0.00012,0.0001,0.00012,0.00013,0.00014,6.52E-05,9.04E-05,0.00010683,9.52E-05
12,28,5,0.00012,0.00012,0.00009,0.00012,0.00013,0.00014,6.88E-05,9.45E-05,0.00011326,9.79E-05
12,28,6,0.00012,0.00012,0.00009,0.00012,0.00013,0.00014,7.38E-05,9.67E-05,0.00011861,9.95E-05
12,28,7,0.00012,0.00011,0.0001,0.00012,0.00013,0.00014,7.89E-05,0.00010572,0.00012434,0.000104379
12,28,8,0.00011,0.0001,0.0001,0.00012,0.00012,0.00013,7.97E-05,0.00011379,0.00012995,0.000110791
12,28,9,0.00012,0.0001,0.00011,0.00012,0.00013,0.00014,7.83E-05,0.00011973,0.00013145,0.000114277
12,28,10,0.00012,0.00011,0.00011,0.00011,0.00013,0.00014,8.19E-05,0.00012437,0.00013176,0.000118328
12,28,11,0.00012,0.00012,0.00013,0.00012,0.00013,0.00014,8.68E-05,0.00012789,0.00012872,0.000123251
12,28,12,0.00012,0.00014,0.00015,0.00012,0.00013,0.00013,9.17E-05,0.00012619,0.00013073,0.00012347
12,28,13,0.00013,0.00014,0.00015,0.00012,0.00013,0.00013,8.80E-05,0.00012541,0.00012835,0.000124496
12,28,14,0.00014,0.00014,0.00015,0.00011,0.00013,0.00012,8.49E-05,0.00012632,0.00012873,0.000125225
12,28,15,0.00013,0.00013,0.00014,0.00011,0.00012,0.00012,8.65E-05,0.00012616,0.00013086,0.000124749
12,28,16,0.00012,0.00012,0.00013,0.00011,0.00012,0.00011,9.03E-05,0.0001235,0.00013471,0.000122189
12,28,17,0.00012,0.00012,0.00011,0.0001,0.00011,0.00011,0.000102191,0.00012172,0.00014513,0.000120629
12,28,18,0.00011,0.00011,0.0001,0.0001,0.00011,0.00011,0.000103075,0.00013461,0.00015487,0.000129299
12,28,19,0.00011,0.00011,0.0001,0.00009,0.00011,0.00011,0.000100711,0.00013713,0.00016647,0.000131903
12,28,20,0.00011,0.0001,0.0001,0.00009,0.00011,0.00011,9.91E-05,0.00013318,0.00016818,0.000128079
12,28,21,0.00011,0.0001,0.0001,0.00009,0.00011,0.0001,9.30E-05,0.00012587,0.00016125,0.000122931
12,28,22,0.00011,0.00011,0.0001,0.00009,0.00011,0.0001,8.95E-05,0.00011555,0.00014848,0.000116477
12,28,23,0.00012,0.00011,0.0001,0.00009,0.00012,0.00011,8.41E-05,0.00010457,0.00013102,0.00010986
12,29,0,0.00012,0.00011,0.00011,0.0001,0.00012,0.00011,7.93E-05,9.74E-05,0.0001004,0.000104195
12,29,1,0.00012,0.00011,0.00012,0.00011,0.00013,0.00012,7.49E-05,9.33E-05,0.00010259,0.000100315
12,29,2,0.00013,0.00012,0.00011,0.00011,0.00014,0.00013,7.26E-05,9.11E-05,0.00010471,9.73E-05
12,29,3,0.00013,0.00012,0.0001,0.00012,0.00013,0.00013,7.03E-05,9.01E-05,0.00010493,9.51E-05
12,29,4,0.00013,0.00012,0.00011,0.00012,0.00013,0.00014,7.01E-05,9.17E-05,0.00010622,9.52E-05
12,29,5,0.00013,0.00012,0.00011,0.00012,0.00013,0.00014,7.34E-05,9.51E-05,0.0001111,9.79E-05
12,29,6,0.00013,0.00012,0.0001,0.00012,0.00013,0.00014,7.78E-05,9.72E-05,0.00011756,9.95E-05
12,29,7,0.00013,0.00011,0.00011,0.00011,0.00013,0.00013,8.89E-05,0.00010605,0.00012526,0.000104379
12,29,8,0.00012,0.00011,0.00011,0.00011,0.00013,0.00013,9.18E-05,0.00011306,0.00012925,0.000110791
12,29,9,0.00013,0.00011,0.00009,0.00011,0.00013,0.00013,9.15E-05,0.00011877,0.00013191,0.000114277
12,29,10,0.00013,0.00011,0.0001,0.00011,0.00013,0.00013,9.26E-05,0.00012362,0.0001313,0.000118328
12,29,11,0.00013,0.00012,0.00013,0.00011,0.00013,0.00013,9.90E-05,0.00012694,0.00012911,0.000123251
12,29,12,0.00013,0.00014,0.00014,0.00012,0.00013,0.00013,0.000101531,0.00012564,0.00012819,0.00012347
12,29,13,0.00014,0.00014,0.00015,0.00012,0.00013,0.00013,9.63E-05,0.00012484,0.00012815,0.000124496
12,29,14,0.00014,0.00014,0.00015,0.00011,0.00013,0.00012,9.36E-05,0.00012548,0.00012747,0.000125225
12,29,15,0.00013,0.00014,0.00014,0.00011,0.00012,0.00012,9.08E-05,0.0001247,0.00013097,0.000124749
12,29,16,0.00012,0.00012,0.00013,0.0001,0.00012,0.00011,9.39E-05,0.0001221,0.00013504,0.000122189
12,29,17,0.00012,0.00012,0.00012,0.0001,0.00012,0.00011,0.00010423,0.00012029,0.00014449,0.000120629
12,29,18,0.00011,0.00011,0.00011,0.0001,0.00011,0.00011,0.000103925,0.0001349,0.00015589,0.000129299
12,29,19,0.00011,0.0001,0.0001,0.0001,0.00011,0.00011,0.000101741,0.00013618,0.00016607,0.000131903
12,29,20,0.00011,0.0001,0.00011,0.0001,0.00011,0.00011,1.00E-04,0.00013213,0.00016792,0.000128079
12,29,21,0.00011,0.0001,0.0001,0.0001,0.00011,0.00011,9.66E-05,0.00012485,0.00016098,0.000122931
12,29,22,0.00011,0.0001,0.0001,0.0001,0.00011,0.00011,9.00E-05,0.00011531,0.00014802,0.000116477
12,29,23,0.00012,0.0001,0.0001,0.0001,0.00011,0.00011,8.67E-05,0.0001056,0.00013189,0.00010986
12,30,0,0.00012,0.00011,0.00011,0.00011,0.00012,0.00012,8.01E-05,9.80E-05,0.00010126,0.000104195
12,30,1,0.00012,0.00011,0.00012,0.00012,0.00012,0.00012,7.66E-05,9.33E-05,0.00010293,0.000100315
12,30,2,0.00013,0.00011,0.00012,0.00012,0.00013,0.00013,7.37E-05,9.11E-05,0.00010278,9.73E-05
12,30,3,0.00013,0.00011,0.00011,0.00012,0.00012,0.00014,7.18E-05,9.01E-05,0.00010306,9.51E-05
12,30,4,0.00013,0.00011,0.0001,0.00012,0.00013,0.00014,7.11E-05,9.13E-05,0.00010574,9.52E-05
12,30,5,0.00013,0.00011,0.0001,0.00012,0.00013,0.00014,7.58E-05,9.46E-05,0.00011091,9.79E-05
12,30,6,0.00013,0.00011,0.0001,0.00012,0.00013,0.00014,8.06E-05,9.55E-05,0.00011754,9.95E-05
12,30,7,0.00013,0.00011,0.0001,0.00012,0.00012,0.00014,8.92E-05,0.00010252,0.00012502,0.000104379
12,30,8,0.00013,0.0001,0.0001,0.00012,0.00012,0.00013,9.39E-05,0.00011073,0.00012943,0.000110791
12,30,9,0.00013,0.0001,0.00011,0.00011,0.00012,0.00013,9.14E-05,0.000116,0.00013109,0.000114277
12,30,10,0.00013,0.0001,0.00012,0.00011,0.00012,0.00014,9.34E-05,0.00011989,0.00013054,0.000118328
12,30,11,0.00013,0.00011,0.00015,0.00011,0.00012,0.00013,9.93E-05,0.00012313,0.00012929,0.000123251
12,30,12,0.00013,0.00013,0.00016,0.00012,0.00012,0.00013,0.000100931,0.00012139,0.00012941,0.00012347
12,30,13,0.00014,0.00013,0.00016,0.00012,0.00013,0.00013,9.81E-05,0.00011939,0.00012808,0.000124496
12,30,14,0.00014,0.00013,0.00016,0.00012,0.00012,0.00013,9.37E-05,0.00011867,0.00012835,0.000125225
12,30,15,0.00014,0.00013,0.00015,0.00011,0.00012,0.00012,9.15E-05,0.00011693,0.00013,0.000124749
12,30,16,0.00013,0.00012,0.00013,0.00011,0.00011,0.00012,9.38E-05,0.00011475,0.00013506,0.000122189
12,30,17,0.00012,0.00011,0.00011,0.00011,0.00011,0.00012,0.00010612,0.00011516,0.00014354,0.000120629
12,30,18,0.00012,0.0001,0.0001,0.00011,0.00011,0.00012,0.000104735,0.00012873,0.00015566,0.000129299
12,30,19,0.00011,0.0001,0.0001,0.00011,0.00011,0.00011,0.00010282,0.00012983,0.00016564,0.000131903
12,30,20,0.00011,0.0001,0.0001,0.0001,0.00011,0.00011,0.000100001,0.00012546,0.00016779,0.000128079
12,30,21,0.00011,0.0001,0.00009,0.0001,0.00011,0.00011,9.65E-05,0.00012032,0.00016274,0.000122931
12,30,22,0.00012,0.0001,0.00009,0.0001,0.00011,0.00011,8.98E-05,0.0001108,0.00014811,0.000116477
12,30,23,0.00012,0.0001,0.0001,0.0001,0.00012,0.00012,8.55E-05,0.00010213,0.00013095,0.00010986
12,31,0,0.00012,0.0001,0.00011,0.00011,0.00012,0.00012,7.98E-05,9.80E-05,0.00010133,0.000104195
12,31,1,0.00013,0.0001,0.00012,0.00012,0.00013,0.00013,7.62E-05,9.33E-05,0.00010271,0.000100315
12,31,2,0.00013,0.00011,0.00012,0.00012,0.00013,0.00014,7.36E-05,9.11E-05,0.00010236,9.73E-05
12,31,3,0.00013,0.00011,0.0001,0.00012,0.00013,0.00014,7.15E-05,9.01E-05,0.00010408,9.51E-05
12,31,4,0.00013,0.00011,0.0001,0.00012,0.00013,0.00014,7.10E-05,9.13E-05,0.00010723,9.52E-05
12,31,5,0.00013,0.00011,0.0001,0.00012,0.00013,0.00014,7.48E-05,9.46E-05,0.00011072,9.79E-05
12,31,6,0.00013,0.00011,0.0001,0.00012,0.00013,0.00014,7.91E-05,9.55E-05,0.00011839,9.95E-05
12,31,7,0.00013,0.00011,0.00011,0.00011,0.00013,0.00014,8.76E-05,0.00010252,0.00012676,0.000104379
12,31,8,0.00013,0.0001,0.00011,0.00011,0.00012,0.00014,9.38E-05,0.00011073,0.00012811,0.000110791
12,31,9,0.00013,0.0001,0.00011,0.00011,0.00012,0.00014,9.17E-05,0.000116,0.0001317,0.000114277
12,31,10,0.00013,0.00011,0.00012,0.00011,0.00012,0.00014,9.40E-05,0.00011989,0.00013147,0.000118328
12,31,11,0.00013,0.00011,0.00015,0.00011,0.00012,0.00014,9.91E-05,0.00012313,0.00012933,0.000123251
12,31,12,0.00013,0.00013,0.00016,0.00012,0.00012,0.00013,0.000101611,0.00012139,0.00012935,0.00012347
12,31,13,0.00014,0.00013,0.00016,0.00012,0.00013,0.00014,9.67E-05,0.00011939,0.00012895,0.000124496
12,31,14,0.00014,0.00013,0.00015,0.00012,0.00013,0.00013,9.29E-05,0.00011867,0.00012729,0.000125225
12,31,15,0.00014,0.00012,0.00015,0.00011,0.00012,0.00012,9.02E-05,0.00011693,0.00013055,0.000124749
12,31,16,0.00013,0.00012,0.00014,0.00011,0.00012,0.00012,9.29E-05,0.00011475,0.00013513,0.000122189
12,31,17,0.00012,0.00011,0.00012,0.00011,0.00011,0.00012,0.00010379,0.00011516,0.00014365,0.000120629
12,31,18,0.00012,0.00009,0.0001,0.0001,0.00011,0.00011,0.0001029,0.00012873,0.00015584,0.000129299
12,31,19,0.00011,0.00009,0.0001,0.0001,0.00011,0.00011,0.000102271,0.00012983,0.00016498,0.000131903
12,31,20,0.00011,0.00009,0.00009,0.0001,0.0001,0.00011,9.96E-05,0.00012546,0.00016885,0.000128079
12,31,21,0.00011,0.00009,0.00009,0.0001,0.0001,0.0001,9.57E-05,0.00012032,0.00016,0.000122931
12,31,22,0.00012,0.00009,0.00009,0.00009,0.0001,0.0001,9.12E-05,0.0001108,0.00014763,0.000116477
12,31,23,0.00012,0.00009,0.0001,0.0001,0.00011,0.00011,8.48E-05,0.00010213,0.0001335,0.00010986